nohup: 忽略输入
/mnt/data/user_liangzhiyu/envs/fedcsl/lib/python3.8/site-packages/scipy/__init__.py:146: UserWarning: A NumPy version >=1.16.5 and <1.23.0 is required for this version of SciPy (detected version 1.23.5
  warnings.warn(f"A NumPy version >={np_minversion} and <{np_maxversion}"
[0.09514033 0.10277917 0.11127909 0.12035814 0.12964186 0.13872091
 0.14722083 0.15485967]
/data/user_lixiongfei/CSL-main/dataset_utils.py:133: FutureWarning: You are using `torch.load` with `weights_only=False` (the current default value), which uses the default pickle module implicitly. It is possible to construct malicious pickle data which will execute arbitrary code during unpickling (See https://github.com/pytorch/pytorch/blob/main/SECURITY.md#untrusted-models for more details). In a future release, the default value for `weights_only` will be flipped to `True`. This limits the functions that could be executed during unpickling. Arbitrary objects will no longer be allowed to be loaded via this mode unless they are explicitly allowlisted by the user via `torch.serialization.add_safe_globals`. We recommend you start setting `weights_only=True` for any use case where you don't have full control of the loaded file. Please open an issue on GitHub for any issues related to this experimental feature.
  X = torch.load("./HAR/train.pt")
/data/user_lixiongfei/CSL-main/dataset_utils.py:136: FutureWarning: You are using `torch.load` with `weights_only=False` (the current default value), which uses the default pickle module implicitly. It is possible to construct malicious pickle data which will execute arbitrary code during unpickling (See https://github.com/pytorch/pytorch/blob/main/SECURITY.md#untrusted-models for more details). In a future release, the default value for `weights_only` will be flipped to `True`. This limits the functions that could be executed during unpickling. Arbitrary objects will no longer be allowed to be loaded via this mode unless they are explicitly allowlisted by the user via `torch.serialization.add_safe_globals`. We recommend you start setting `weights_only=True` for any use case where you don't have full control of the loaded file. Please open an issue on GitHub for any issues related to this experimental feature.
  X2= torch.load("./HAR/test.pt")
[5 1 1 ... 0 4 0]
[  0   3   4   5   6   7   9  10  11  12  13  14  15  17  18  20  21  22
  23  24  25  27  28  29  30  31  33  34  35  36  37  38  39  45  47  48
  49  50  53  54  55  56  57  61  67  68  70  71  76  77  78  79  81  84
  87  92  93  94  98 101 103 104 105 108 109 111 114 115 116 119 121 122
 124 126 127 128 129 130 136 142 144 145 146 147 149 151 155 156 157 158
 159 160 161 162 164 165 167 168 169 171 174 176 177 180 184 185 186 187
 190 191 192 196 198 199 201 202 203 204 205 207 209 211 212 214 215 216
 217 219 220 222 223 225 228 229 230 231 234 235 238 240 242 243 246 253
 261 266 267 269 270 271 272 277 287 289 294 305 313 318 323 324 327 329]
[5, 4, 4, 0, 3, 4, 2, 3, 2, 3, 5, 3, 5, 5, 0, 2, 0, 4, 2, 5, 2, 5, 4, 3, 4, 3, 5, 4, 5, 0, 4, 3, 5, 5, 4, 4, 5, 3, 3, 5, 5, 4, 5, 4, 3, 3, 5, 4, 4, 4, 4, 5, 4, 5, 4, 5, 3, 3, 4, 5, 3, 5, 3, 4, 3, 3, 3, 3, 3, 4, 4, 4, 4, 5, 5, 5, 3, 3, 4, 4, 3, 5, 4, 3, 3, 4, 4, 5, 4, 4, 4, 4, 4, 4, 3, 3, 4, 5, 5, 5, 5, 3, 5, 5, 4, 4, 4, 4, 4, 4, 5, 3, 5, 5, 5, 4, 3, 5, 4, 5, 4, 3, 4, 3, 4, 3, 5, 3, 3, 3, 4, 5, 3, 5, 4, 5, 4, 4, 5, 3, 3, 4, 3, 3, 3, 3, 3, 3, 3, 3, 3, 3, 3, 3, 3, 3, 3, 3, 3, 3, 3, 3]
[1, 1, 1, 1, 1, 2, 1, 0, 1, 0, 2, 2, 1, 1, 0, 0, 0, 2, 0, 0, 0, 0, 0, 0, 2, 0, 1, 2, 1, 0, 0, 0, 0, 0, 0, 1, 0, 0, 1, 1, 1, 1, 0, 0, 1, 0, 0, 1, 0, 0, 0, 0, 0, 0, 0, 0, 5, 4, 5, 4, 5, 5, 4, 4, 5, 4, 5, 4, 5, 5, 5, 5, 4, 4, 4, 4, 4, 3, 3, 3, 3, 3, 3, 3, 3, 3, 3, 3, 3, 3, 3, 3, 3, 3, 3, 3, 3, 3, 3, 3, 3, 3, 3, 3, 3, 3, 3, 3, 3, 3, 3, 3, 3, 3, 3, 3, 3, 3, 3, 3, 3, 3, 3, 3, 3, 3, 3, 3, 3, 3, 3, 3, 3, 3, 3, 3, 3, 3, 3, 3]
[2, 2, 2, 2, 2, 2, 2, 2, 2, 1, 2, 1, 1, 1, 2, 1, 1, 2, 2, 2, 1, 2, 1, 1, 1, 1, 1, 2, 2, 1, 1, 1, 0, 2, 2, 0, 0, 2, 0, 2, 2, 0, 2, 2, 2, 2, 2, 2, 5, 2, 2, 2, 2, 5, 5, 2, 2, 5, 4, 2, 4, 4, 5, 4, 2, 5, 4, 4, 5, 2, 5, 4, 4, 2, 5, 5, 4, 4, 4, 4, 2, 5, 4, 2, 5, 4, 5, 5, 2, 4, 5, 5, 5, 5, 4, 5, 4, 4, 5, 5, 5, 5, 5, 5, 5, 5, 5, 4, 5, 4, 4, 5, 5, 4, 5, 4, 5, 4, 4, 5, 4, 4, 4, 4, 5, 5, 5, 5, 4, 4, 5, 5, 4, 4, 4, 4, 4, 4, 4, 4, 4, 4, 4, 4, 4, 4, 4, 4, 4, 4, 4, 4, 4, 4, 4, 4, 4, 4, 4, 4, 4, 4, 4, 4, 4, 4, 4, 4, 4, 4, 4, 3, 3, 3, 3, 3, 3, 3, 3, 3, 3, 3, 3, 3, 3, 3, 3, 3, 3, 3, 3, 3, 3, 3, 3, 3, 3, 3, 3, 3, 3, 3, 3, 3, 3, 3, 3, 3, 3, 3, 3, 3, 3, 3, 3, 3, 3, 3, 3, 3, 3, 3, 3, 3, 3, 3, 3, 3, 3, 3, 3, 3, 3, 3, 3, 3, 3, 3, 3, 3, 3, 3, 3, 3, 3, 3, 3, 3, 3, 3, 3, 3, 3, 3, 3, 3, 3, 3, 3, 3, 3]
FedCSL_Epilepsy.py:202: FutureWarning: You are using `torch.load` with `weights_only=False` (the current default value), which uses the default pickle module implicitly. It is possible to construct malicious pickle data which will execute arbitrary code during unpickling (See https://github.com/pytorch/pytorch/blob/main/SECURITY.md#untrusted-models for more details). In a future release, the default value for `weights_only` will be flipped to `True`. This limits the functions that could be executed during unpickling. Arbitrary objects will no longer be allowed to be loaded via this mode unless they are explicitly allowlisted by the user via `torch.serialization.add_safe_globals`. We recommend you start setting `weights_only=True` for any use case where you don't have full control of the loaded file. Please open an issue on GitHub for any issues related to this experimental feature.
  val_data = torch.load("./HAR/val.pt")
(5881, 9, 128)
(58, 9, 128)
1% 样本数量: 58
各类别出现次数:
 [11  7  5  4 19 12]
shapelet initialized! 

All 30 clinet initialized! 

clinet %d score: %f (0, 1.791759469228055)
clinet %d score: %f (1, 1.9459101490553132)
clinet %d score: %f (2, 1.9459101490553132)
clinet %d score: %f (3, 1.9459101490553132)
clinet %d score: %f (4, 1.791759469228055)
clinet %d score: %f (5, 1.9459101490553132)
clinet %d score: %f (6, 1.9459101490553132)
clinet %d score: %f (7, 1.9459101490553132)
clinet %d score: %f (8, 1.9459101490553132)
clinet %d score: %f (9, 1.9459101490553132)
clinet %d score: %f (10, 1.9459101490553132)
clinet %d score: %f (11, 1.9459101490553132)
clinet %d score: %f (12, 1.9459101490553132)
clinet %d score: %f (13, 1.9459101490553132)
clinet %d score: %f (14, 1.9459101490553132)
clinet %d score: %f (15, 1.9459101490553132)
clinet %d score: %f (16, 1.9459101490553132)
clinet %d score: %f (17, 1.9459101490553132)
clinet %d score: %f (18, 1.9459101490553132)
clinet %d score: %f (19, 1.9459101490553132)
clinet %d score: %f (20, 1.9459101490553132)
clinet %d score: %f (21, 1.9459101490553132)
clinet %d score: %f (22, 1.9459101490553132)
clinet %d score: %f (23, 1.791759469228055)
clinet %d score: %f (24, 1.9459101490553132)
clinet %d score: %f (25, 1.9459101490553132)
clinet %d score: %f (26, 1.9459101490553132)
clinet %d score: %f (27, 1.9459101490553132)
clinet %d score: %f (28, 1.791759469228055)
clinet %d score: %f (29, 1.9459101490553132)
客户端选择已启用，采样比例: 0.7, 选择方法: OMP自适应采样
最低选择概率: 0.01, EMA平滑系数: 0.8
第一轮：全选所有客户端（OMP自适应采样模式）
稀疏向量: [0.03756246 0.0352293  0.0482652  0.         0.         0.04518815
 0.05859449 0.04804267 0.         0.         0.04265759 0.03817348
 0.04613755 0.03537938 0.04449427 0.03427839 0.05154119 0.03401372
 0.04712284 0.06690375 0.04168082 0.05099825 0.06302677 0.05719717
 0.         0.         0.         0.04428846 0.         0.        ]
更新后概率: [0.03652549 0.03465877 0.04508854 0.00970874 0.00970874 0.04262666
 0.05335281 0.0449105  0.00970874 0.00970874 0.04060201 0.03701435
 0.04338625 0.03477885 0.0420715  0.03389797 0.0477096  0.03368621
 0.04417457 0.06000089 0.03982051 0.04727521 0.056899   0.05223484
 0.00970874 0.00970874 0.00970874 0.04190683 0.00970874 0.00970874]
Classification: 1.0 0.9229725144214456 0
本轮采样概率阵: [0.03652549 0.03465877 0.04508854 0.00970874 0.00970874 0.04262666
 0.05335281 0.0449105  0.00970874 0.00970874 0.04060201 0.03701435
 0.04338625 0.03477885 0.0420715  0.03389797 0.0477096  0.03368621
 0.04417457 0.06000089 0.03982051 0.04727521 0.056899   0.05223484
 0.00970874 0.00970874 0.00970874 0.04190683 0.00970874 0.00970874]
客户端选择掩码: [1.0, 1.0, 1.0, 1.0, 0.0, 0.0, 1.0, 1.0, 0.0, 0.0, 1.0, 1.0, 1.0, 1.0, 1.0, 1.0, 1.0, 0.0, 1.0, 1.0, 0.0, 1.0, 1.0, 1.0, 1.0, 0.0, 0.0, 1.0, 0.0, 1.0]
稀疏向量: [ 0.2282292   0.          0.          0.         -0.21880819  0.
 -0.37966168  0.          0.53496517 -0.33693041  0.12928189  0.18426709
  0.          0.07986694  0.          0.49499551  0.2264939  -0.49697297
  0.3599501   0.10137706  0.65709111 -0.12521174  0.02914596 -0.07955808
  0.          0.94987724 -0.57520393  0.         -0.57617452 -0.18879644]
更新后概率: [0.06339062 0.00973274 0.00973274 0.00973274 0.00973274 0.04148743
 0.10400902 0.00973274 0.00973274 0.00973274 0.03978398 0.05264483
 0.00973274 0.02646486 0.00973274 0.12866308 0.06513974 0.03278592
 0.0973616  0.0366788  0.03875628 0.04007925 0.01826299 0.02978659
 0.00973274 0.00973274 0.00973274 0.00973274 0.00973274 0.04844659]
Classification: 1.0 0.9250084832032576 1
本轮采样概率阵: [0.06339062 0.00973274 0.00973274 0.00973274 0.00973274 0.04148743
 0.10400902 0.00973274 0.00973274 0.00973274 0.03978398 0.05264483
 0.00973274 0.02646486 0.00973274 0.12866308 0.06513974 0.03278592
 0.0973616  0.0366788  0.03875628 0.04007925 0.01826299 0.02978659
 0.00973274 0.00973274 0.00973274 0.00973274 0.00973274 0.04844659]
客户端选择掩码: [1.0, 0.0, 1.0, 1.0, 1.0, 1.0, 1.0, 0.0, 1.0, 1.0, 1.0, 1.0, 0.0, 1.0, 0.0, 1.0, 1.0, 1.0, 1.0, 1.0, 1.0, 0.0, 1.0, 0.0, 0.0, 0.0, 1.0, 1.0, 0.0, 1.0]
稀疏向量: [ 0.16010307  0.         -0.09134126  0.02858309 -0.15079496  0.
  0.          0.          0.02072832  0.31730515  0.12177565  0.13822702
  0.          0.13936342 -0.11847678  0.          0.15136074  0.22253962
 -0.05852534  0.          0.26869356  0.21982573 -0.01090476  0.
 -0.21326496  0.11675294  0.25603694 -0.10954653 -0.41207009  0.        ]
更新后概率: [0.06115224 0.00988889 0.02966052 0.01060412 0.04771352 0.00988889
 0.02057068 0.00988889 0.00988889 0.09827401 0.04484533 0.05238435
 0.00988889 0.0475516  0.00988889 0.0254467  0.05884359 0.07405805
 0.03702707 0.00988889 0.08925341 0.03963393 0.00988889 0.02945563
 0.00988889 0.00988889 0.07967004 0.03518851 0.00988889 0.00988889]
Classification: 1.0 0.9300984051577876 2
本轮采样概率阵: [0.06115224 0.00988889 0.02966052 0.01060412 0.04771352 0.00988889
 0.02057068 0.00988889 0.00988889 0.09827401 0.04484533 0.05238435
 0.00988889 0.0475516  0.00988889 0.0254467  0.05884359 0.07405805
 0.03702707 0.00988889 0.08925341 0.03963393 0.00988889 0.02945563
 0.00988889 0.00988889 0.07967004 0.03518851 0.00988889 0.00988889]
客户端选择掩码: [1.0, 0.0, 1.0, 0.0, 1.0, 0.0, 1.0, 1.0, 0.0, 1.0, 1.0, 1.0, 0.0, 1.0, 0.0, 1.0, 1.0, 1.0, 1.0, 1.0, 1.0, 1.0, 0.0, 1.0, 0.0, 1.0, 1.0, 1.0, 0.0, 1.0]
稀疏向量: [ 0.30232942  0.4243177   0.          0.         -0.10250625  0.
  0.          0.25619179  0.          0.41847838 -0.12953607 -0.37561509
  0.27883924 -0.10626571  0.         -0.47559561  0.52460377 -0.57995112
  0.         -0.17228458  0.6284106   0.         -0.2235602   0.36423026
 -0.56492983  0.13125119  0.32552408 -0.52697072  0.          0.6004005 ]
更新后概率: [0.0480564  0.00984726 0.00984726 0.01044216 0.02160725 0.00984726
 0.00984726 0.03246452 0.00984726 0.06920274 0.0242621  0.05505922
 0.00984726 0.02202318 0.00984726 0.06166341 0.07407851 0.08366777
 0.00984726 0.02246969 0.0924328  0.00984726 0.00984726 0.04918738
 0.00984726 0.0175819  0.05446628 0.06970169 0.00984726 0.07346583]
Classification: 1.0 0.9300984051577876 3
本轮采样概率阵: [0.0480564  0.00984726 0.00984726 0.01044216 0.02160725 0.00984726
 0.00984726 0.03246452 0.00984726 0.06920274 0.0242621  0.05505922
 0.00984726 0.02202318 0.00984726 0.06166341 0.07407851 0.08366777
 0.00984726 0.02246969 0.0924328  0.00984726 0.00984726 0.04918738
 0.00984726 0.0175819  0.05446628 0.06970169 0.00984726 0.07346583]
客户端选择掩码: [1.0, 0.0, 1.0, 0.0, 1.0, 1.0, 0.0, 1.0, 1.0, 1.0, 1.0, 1.0, 0.0, 1.0, 0.0, 1.0, 1.0, 1.0, 0.0, 0.0, 1.0, 1.0, 0.0, 1.0, 1.0, 0.0, 1.0, 1.0, 1.0, 1.0]
稀疏向量: [-0.41104047  0.          0.          0.         -0.01299748  0.
 -1.00615688 -0.68189658  0.85715348  0.         -0.11391227  0.
  0.32674067  0.39256473  0.          0.48634347  0.57135932  0.
 -0.11448083  0.81519595  1.39627747  0.90652516 -1.1262527   0.89425192
 -0.98782982 -0.54462901  0.38317092 -1.28663165  0.25804787  0.        ]
更新后概率: [0.03913562 0.00978765 0.00978765 0.01022042 0.00978765 0.00978765
 0.00978765 0.05567309 0.06392112 0.01354665 0.01298807 0.01077801
 0.00978765 0.03270329 0.00978765 0.04724551 0.05582456 0.01637822
 0.00978765 0.02199255 0.11907955 0.06749192 0.00978765 0.07430521
 0.07337227 0.01720855 0.03837472 0.10669975 0.0205909  0.01438116]
Classification: 1.0 0.9321343739395996 4
本轮采样概率阵: [0.03913562 0.00978765 0.00978765 0.01022042 0.00978765 0.00978765
 0.00978765 0.05567309 0.06392112 0.01354665 0.01298807 0.01077801
 0.00978765 0.03270329 0.00978765 0.04724551 0.05582456 0.01637822
 0.00978765 0.02199255 0.11907955 0.06749192 0.00978765 0.07430521
 0.07337227 0.01720855 0.03837472 0.10669975 0.0205909  0.01438116]
客户端选择掩码: [1.0, 1.0, 1.0, 0.0, 1.0, 0.0, 0.0, 1.0, 1.0, 0.0, 1.0, 0.0, 0.0, 1.0, 0.0, 1.0, 1.0, 0.0, 1.0, 1.0, 1.0, 1.0, 0.0, 1.0, 1.0, 1.0, 1.0, 1.0, 1.0, 1.0]
稀疏向量: [ 0.49129348  0.          0.          0.         -0.0868898   0.
 -1.30711219 -1.26542573  1.45457696 -0.51376881  0.          0.
  0.17514829  0.35360955  0.83195312 -0.88496125 -1.04421342 -0.86044206
  0.49315959  2.13497728  0.          0.32196128 -0.89674084  0.04414366
  0.          0.          0.44789485  1.2080762   1.09258303 -1.18686312]
更新后概率: [0.03491369 0.00966979 0.00966979 0.00988293 0.00966979 0.00966979
 0.00966979 0.08119958 0.09332272 0.01309932 0.00966979 0.01042211
 0.00966979 0.02600632 0.00966979 0.05839335 0.06891636 0.0158374
 0.02934178 0.12308448 0.02302949 0.03097278 0.00966979 0.01682732
 0.01418989 0.00966979 0.032351   0.08787589 0.06479453 0.06884115]
Classification: 1.0 0.9324737020699015 5
本轮采样概率阵: [0.03491369 0.00966979 0.00966979 0.00988293 0.00966979 0.00966979
 0.00966979 0.08119958 0.09332272 0.01309932 0.00966979 0.01042211
 0.00966979 0.02600632 0.00966979 0.05839335 0.06891636 0.0158374
 0.02934178 0.12308448 0.02302949 0.03097278 0.00966979 0.01682732
 0.01418989 0.00966979 0.032351   0.08787589 0.06479453 0.06884115]
客户端选择掩码: [1.0, 0.0, 0.0, 0.0, 1.0, 0.0, 0.0, 1.0, 1.0, 1.0, 0.0, 0.0, 1.0, 1.0, 1.0, 1.0, 1.0, 1.0, 1.0, 1.0, 1.0, 1.0, 0.0, 0.0, 1.0, 1.0, 1.0, 1.0, 1.0, 1.0]
稀疏向量: [ 0.445008   -0.80257421  0.          0.21879026 -0.15903909 -0.19604093
 -0.90746479 -0.23465704  0.42404415  0.56335057  0.38605103  0.1312854
 -0.25045985 -1.24267226  0.          0.          0.          1.16454874
  0.          1.19821509  0.45813933  0.          0.00398037  0.
  0.         -0.72143856  0.24617179  0.         -0.79719264  1.06701194]
更新后概率: [0.04183031 0.00975359 0.00975359 0.00975359 0.01440179 0.00975359
 0.00975359 0.03430594 0.05157453 0.04688784 0.00975359 0.0101653
 0.02159609 0.10286443 0.00975359 0.0113909  0.01344364 0.09473288
 0.00975359 0.11830311 0.0405454  0.00975359 0.00975359 0.01641268
 0.00975359 0.05865947 0.02568311 0.01714211 0.07537417 0.09739682]
Classification: 1.0 0.9338310145911096 6
本轮采样概率阵: [0.04183031 0.00975359 0.00975359 0.00975359 0.01440179 0.00975359
 0.00975359 0.03430594 0.05157453 0.04688784 0.00975359 0.0101653
 0.02159609 0.10286443 0.00975359 0.0113909  0.01344364 0.09473288
 0.00975359 0.11830311 0.0405454  0.00975359 0.00975359 0.01641268
 0.00975359 0.05865947 0.02568311 0.01714211 0.07537417 0.09739682]
客户端选择掩码: [1.0, 0.0, 1.0, 1.0, 1.0, 0.0, 1.0, 1.0, 1.0, 1.0, 0.0, 1.0, 0.0, 1.0, 0.0, 1.0, 0.0, 1.0, 1.0, 1.0, 1.0, 0.0, 1.0, 1.0, 0.0, 1.0, 1.0, 0.0, 1.0, 1.0]
稀疏向量: [-0.68477117  0.          0.         -1.46776276 -1.03211173  0.
  1.93879595  3.63892618 -1.63703697  0.          0.26598918  0.
  1.02258095  0.51364513  0.          0.          0.         -4.41515456
  0.82440604 -2.0181347  -3.38194778  2.64736825 -0.63006819 -2.28863946
  0.          4.15847271  1.25323593  1.31755857  2.64277465 -1.66718668]
更新后概率: [0.02204414 0.00974812 0.00974812 0.03167134 0.02374151 0.00974812
 0.04122502 0.08049452 0.04325813 0.00974812 0.00974812 0.00974812
 0.02105212 0.03047265 0.00974812 0.00974812 0.01310502 0.10801928
 0.01862252 0.06399727 0.07649885 0.00974812 0.01468088 0.04961896
 0.00974812 0.0957802  0.03042587 0.01671033 0.06829694 0.05280326]
Classification: 1.0 0.9307770614183916 7
本轮采样概率阵: [0.02204414 0.00974812 0.00974812 0.03167134 0.02374151 0.00974812
 0.04122502 0.08049452 0.04325813 0.00974812 0.00974812 0.00974812
 0.02105212 0.03047265 0.00974812 0.00974812 0.01310502 0.10801928
 0.01862252 0.06399727 0.07649885 0.00974812 0.01468088 0.04961896
 0.00974812 0.0957802  0.03042587 0.01671033 0.06829694 0.05280326]
客户端选择掩码: [1.0, 1.0, 0.0, 1.0, 1.0, 1.0, 1.0, 1.0, 1.0, 0.0, 0.0, 0.0, 1.0, 1.0, 0.0, 1.0, 1.0, 1.0, 1.0, 1.0, 1.0, 0.0, 0.0, 1.0, 0.0, 1.0, 0.0, 1.0, 1.0, 1.0]
稀疏向量: [-1.14403028  0.         -0.37985726  1.43153245  1.15584979  0.
  0.         -1.76386462 -0.89322442 -0.62390707 -1.98507676  0.
  0.18042018  0.88685972 -0.37455915  1.65319351  3.01096183 -0.83646106
  0.         -1.575462    1.90863793 -1.85736915 -0.73462209  3.43163018
 -2.40509371  0.          0.          0.          1.9168819   0.        ]
更新后概率: [0.04033877 0.00968474 0.00968474 0.05126786 0.04104018 0.00968474
 0.00968474 0.07120241 0.03654041 0.00968474 0.00968474 0.00968474
 0.00976597 0.03386327 0.00968474 0.05400997 0.09746784 0.04729468
 0.00968474 0.06206703 0.07499287 0.00968474 0.01421805 0.11780321
 0.00968474 0.01855212 0.02946666 0.00968474 0.07366412 0.01022772]
Classification: 1.0 0.9300984051577876 8
本轮采样概率阵: [0.04033877 0.00968474 0.00968474 0.05126786 0.04104018 0.00968474
 0.00968474 0.07120241 0.03654041 0.00968474 0.00968474 0.00968474
 0.00976597 0.03386327 0.00968474 0.05400997 0.09746784 0.04729468
 0.00968474 0.06206703 0.07499287 0.00968474 0.01421805 0.11780321
 0.00968474 0.01855212 0.02946666 0.00968474 0.07366412 0.01022772]
客户端选择掩码: [1.0, 0.0, 1.0, 1.0, 1.0, 0.0, 0.0, 1.0, 1.0, 1.0, 0.0, 0.0, 0.0, 1.0, 1.0, 1.0, 1.0, 1.0, 1.0, 1.0, 1.0, 1.0, 0.0, 1.0, 0.0, 1.0, 1.0, 1.0, 1.0, 0.0]
稀疏向量: [-1.50275592  0.          0.         -1.02464871  0.44913193  0.82129842
  0.          0.          1.52142384  0.         -1.35666927 -1.42552631
 -0.01523836  2.20591296 -1.21938345  1.28488564 -1.04691215  0.
  1.44699067 -0.6051875  -0.9678931   0.          0.5569796   1.33142849
  1.00343603  4.83318624  0.          0.         -1.72665701 -3.56575612]
更新后概率: [0.05738258 0.0096244  0.0096244  0.0437002  0.02272914 0.0096244
 0.0096244  0.01370561 0.05726782 0.0096244  0.0096244  0.0096244
 0.0096244  0.0793529  0.04212568 0.0528205  0.05332824 0.0096244
 0.0496408  0.03192918 0.04639303 0.0096244  0.01368402 0.06663669
 0.0096244  0.16315274 0.0096244  0.0096244  0.07119006 0.00984357]
Classification: 1.0 0.9300984051577876 9
本轮采样概率阵: [0.05738258 0.0096244  0.0096244  0.0437002  0.02272914 0.0096244
 0.0096244  0.01370561 0.05726782 0.0096244  0.0096244  0.0096244
 0.0096244  0.0793529  0.04212568 0.0528205  0.05332824 0.0096244
 0.0496408  0.03192918 0.04639303 0.0096244  0.01368402 0.06663669
 0.0096244  0.16315274 0.0096244  0.0096244  0.07119006 0.00984357]
客户端选择掩码: [1.0, 0.0, 0.0, 1.0, 1.0, 0.0, 1.0, 0.0, 1.0, 1.0, 1.0, 1.0, 0.0, 1.0, 1.0, 1.0, 0.0, 0.0, 1.0, 1.0, 1.0, 1.0, 1.0, 1.0, 1.0, 1.0, 0.0, 1.0, 1.0, 0.0]
稀疏向量: [ 0.40029976  0.         -1.44987895  0.         -1.56362695 -0.98015324
  0.          0.          2.27119641 -3.36614306  1.07955935  0.
  0.61798579  0.79000401  0.          2.54194695  4.57990672 -1.67693947
  0.          0.          3.89676561  1.168441   -3.99460735 -0.75133243
  6.95603882 -0.56102822 -4.86368445  0.          1.61293939 -5.69780284]
更新后概率: [0.01977381 0.00967908 0.00967908 0.00967908 0.03824898 0.00967908
 0.00967908 0.01326577 0.06025233 0.07473259 0.02523316 0.00967908
 0.00967908 0.03246308 0.00967908 0.06525256 0.05161682 0.00967908
 0.00967908 0.00967908 0.09333712 0.02715725 0.08912331 0.02916431
 0.15244583 0.04372837 0.00967908 0.00967908 0.04869762 0.00967908]
Classification: 1.0 0.9290804207668816 10
本轮采样概率阵: [0.01977381 0.00967908 0.00967908 0.00967908 0.03824898 0.00967908
 0.00967908 0.01326577 0.06025233 0.07473259 0.02523316 0.00967908
 0.00967908 0.03246308 0.00967908 0.06525256 0.05161682 0.00967908
 0.00967908 0.00967908 0.09333712 0.02715725 0.08912331 0.02916431
 0.15244583 0.04372837 0.00967908 0.00967908 0.04869762 0.00967908]
客户端选择掩码: [1.0, 0.0, 1.0, 0.0, 1.0, 0.0, 1.0, 0.0, 1.0, 1.0, 1.0, 1.0, 0.0, 1.0, 0.0, 1.0, 1.0, 0.0, 1.0, 1.0, 1.0, 0.0, 1.0, 1.0, 1.0, 1.0, 1.0, 1.0, 1.0, 0.0]
稀疏向量: [ 0.48715781  0.          0.          4.35083344  2.94401832  0.99279824
 -1.46759991 -2.99391678 -1.40885488  3.22150088 -1.24277874  0.
  0.69549542 -2.31323267  0.         -3.77345664  0.          5.71157845
  0.          2.88821788 -6.38926952 -2.63460932  0.92290676  2.65518259
 -2.17797141 -5.14797945  0.          0.          0.          5.70042631]
更新后概率: [0.0127905  0.00958931 0.00958931 0.00958931 0.06171376 0.00958931
 0.02896394 0.01272096 0.03757813 0.07383611 0.02779439 0.00958931
 0.00958931 0.04895304 0.00958931 0.08221299 0.00989939 0.00958931
 0.00958931 0.05520377 0.13591517 0.02604193 0.03413937 0.05463644
 0.0694657  0.10347337 0.00958931 0.00958931 0.00958931 0.00958931]
Classification: 1.0 0.9314557176789956 11
本轮采样概率阵: [0.0127905  0.00958931 0.00958931 0.00958931 0.06171376 0.00958931
 0.02896394 0.01272096 0.03757813 0.07383611 0.02779439 0.00958931
 0.00958931 0.04895304 0.00958931 0.08221299 0.00989939 0.00958931
 0.00958931 0.05520377 0.13591517 0.02604193 0.03413937 0.05463644
 0.0694657  0.10347337 0.00958931 0.00958931 0.00958931 0.00958931]
客户端选择掩码: [1.0, 1.0, 1.0, 0.0, 1.0, 1.0, 0.0, 0.0, 1.0, 1.0, 1.0, 1.0, 0.0, 1.0, 0.0, 1.0, 0.0, 1.0, 1.0, 1.0, 1.0, 1.0, 1.0, 1.0, 1.0, 1.0, 1.0, 0.0, 0.0, 0.0]
稀疏向量: [ 0.41037199 -5.88250903  0.          3.14189933  2.42299367  0.83041221
 -3.77052316 -2.65634953  0.         -1.27888972 -1.98767878  4.110292
 -1.4182894  -2.04409464  0.          0.          3.55801263  0.
 -2.49232573  0.          0.89033005 -1.6073859   0.54761571  4.67693699
  0.         -7.35022081  3.22871597  0.          7.67858369  0.        ]
更新后概率: [0.00979145 0.10512162 0.00979145 0.00979145 0.05461124 0.01645241
 0.02835989 0.01245566 0.00979145 0.03690501 0.04032864 0.07401749
 0.00979145 0.04546227 0.00979145 0.01609968 0.00979145 0.00979145
 0.04562061 0.0108105  0.04224228 0.03331095 0.01629667 0.09278419
 0.0136034  0.14926661 0.05854497 0.00979145 0.00979145 0.00979145]
Classification: 0.9989797653460296 0.9314557176789956 12
本轮采样概率阵: [0.00979145 0.10512162 0.00979145 0.00979145 0.05461124 0.01645241
 0.02835989 0.01245566 0.00979145 0.03690501 0.04032864 0.07401749
 0.00979145 0.04546227 0.00979145 0.01609968 0.00979145 0.00979145
 0.04562061 0.0108105  0.04224228 0.03331095 0.01629667 0.09278419
 0.0136034  0.14926661 0.05854497 0.00979145 0.00979145 0.00979145]
客户端选择掩码: [0.0, 1.0, 0.0, 0.0, 1.0, 1.0, 0.0, 1.0, 0.0, 1.0, 1.0, 1.0, 1.0, 1.0, 0.0, 1.0, 1.0, 1.0, 1.0, 1.0, 1.0, 1.0, 1.0, 1.0, 1.0, 1.0, 1.0, 0.0, 0.0, 0.0]
稀疏向量: [-1.73933693  0.          0.         -2.56072069  0.6035505   3.44136607
 -5.1622859   2.14310001  2.77177771  0.         -3.51564277  0.
 -0.58816107 -0.80702445  3.20162237  0.          0.          0.
  3.865551    9.36993634  0.         -1.27794062 -2.44466511 -5.98390558
 -7.79212872  7.50059203  2.11992389  0.         -3.46907412  1.29025818]
更新后概率: [0.00972098 0.02043771 0.00972098 0.00972098 0.01876643 0.04966279
 0.0275686  0.03135701 0.00972098 0.00972098 0.05530766 0.01439046
 0.0098448  0.01973492 0.00972098 0.00972098 0.00972098 0.00972098
 0.06106086 0.12861138 0.00972098 0.02373061 0.03617541 0.09883168
 0.10785137 0.13029074 0.04000477 0.00972098 0.00972098 0.00972098]
Classification: 0.9988097262370346 0.9328130302002036 13
本轮采样概率阵: [0.00972098 0.02043771 0.00972098 0.00972098 0.01876643 0.04966279
 0.0275686  0.03135701 0.00972098 0.00972098 0.05530766 0.01439046
 0.0098448  0.01973492 0.00972098 0.00972098 0.00972098 0.00972098
 0.06106086 0.12861138 0.00972098 0.02373061 0.03617541 0.09883168
 0.10785137 0.13029074 0.04000477 0.00972098 0.00972098 0.00972098]
客户端选择掩码: [0.0, 1.0, 0.0, 1.0, 0.0, 1.0, 1.0, 1.0, 0.0, 0.0, 1.0, 0.0, 1.0, 1.0, 1.0, 1.0, 0.0, 0.0, 1.0, 1.0, 1.0, 0.0, 1.0, 1.0, 1.0, 1.0, 1.0, 1.0, 1.0, 1.0]
稀疏向量: [ -1.37935555   4.86507885   0.           0.           0.28174075
   3.60485084  -1.25480817   0.           0.           0.45212827
   0.46855602   0.82583556  -2.05532341  -4.2832405    0.
   0.           0.           5.37665602   6.23490215   9.84251905
   0.          -3.96986226  -1.63031939 -11.66631709  -3.22798913
   0.33146797  -7.72303088   4.50106112   0.           1.40867001]
更新后概率: [0.00956314 0.05610079 0.00956314 0.00956314 0.0179466  0.04817093
 0.01873424 0.00956314 0.00956314 0.00956314 0.01560489 0.01376179
 0.02393213 0.0497245  0.00956314 0.00956314 0.00956314 0.00956314
 0.07856574 0.13018759 0.00956314 0.02269392 0.02440882 0.14405726
 0.05525732 0.02847571 0.0905029  0.05014595 0.00956314 0.01697126]
Classification: 0.9993198435640197 0.9351883271123176 14
本轮采样概率阵: [0.00956314 0.05610079 0.00956314 0.00956314 0.0179466  0.04817093
 0.01873424 0.00956314 0.00956314 0.00956314 0.01560489 0.01376179
 0.02393213 0.0497245  0.00956314 0.00956314 0.00956314 0.00956314
 0.07856574 0.13018759 0.00956314 0.02269392 0.02440882 0.14405726
 0.05525732 0.02847571 0.0905029  0.05014595 0.00956314 0.01697126]
客户端选择掩码: [1.0, 1.0, 0.0, 1.0, 1.0, 1.0, 1.0, 1.0, 0.0, 0.0, 1.0, 1.0, 1.0, 1.0, 1.0, 0.0, 0.0, 0.0, 1.0, 1.0, 0.0, 1.0, 1.0, 1.0, 1.0, 1.0, 1.0, 1.0, 0.0, 0.0]
稀疏向量: [  2.09103869  11.60067422   0.           0.           3.84866949
  -0.65825899   6.91988097   4.27764191  -3.44902575   0.
   2.39667901  -6.7171052    2.87490694   0.           0.
   1.70581532   5.66471118   0.           0.          -1.89081623
   0.          -8.66343997   0.84431254 -11.32656486 -12.02741528
   1.41401979 -10.74725513  10.65480257   0.           2.17312065]
更新后概率: [0.01690418 0.0943786  0.00980657 0.00980657 0.03118075 0.01417882
 0.05340841 0.03261957 0.00980657 0.00980657 0.02028584 0.05097578
 0.02535615 0.00980657 0.00980657 0.00980657 0.00980657 0.00980657
 0.0154092  0.0391234  0.00980657 0.0667162  0.01085551 0.10965956
 0.09728021 0.01574771 0.0949923  0.08641257 0.00980657 0.01664298]
Classification: 0.9991498044550247 0.9365456396335257 15
本轮采样概率阵: [0.01690418 0.0943786  0.00980657 0.00980657 0.03118075 0.01417882
 0.05340841 0.03261957 0.00980657 0.00980657 0.02028584 0.05097578
 0.02535615 0.00980657 0.00980657 0.00980657 0.00980657 0.00980657
 0.0154092  0.0391234  0.00980657 0.0667162  0.01085551 0.10965956
 0.09728021 0.01574771 0.0949923  0.08641257 0.00980657 0.01664298]
客户端选择掩码: [1.0, 1.0, 1.0, 1.0, 1.0, 1.0, 1.0, 1.0, 0.0, 0.0, 0.0, 1.0, 0.0, 1.0, 1.0, 0.0, 0.0, 1.0, 1.0, 1.0, 0.0, 1.0, 0.0, 1.0, 1.0, 1.0, 1.0, 1.0, 0.0, 1.0]
稀疏向量: [  4.15942402  -8.05570917  -3.74568637   0.           1.70812979
   0.           5.52271823   0.          -8.98385986   0.
  -2.99377447  -8.20620266  -4.02487182   0.           0.
   0.          -8.15483056   1.26425115   0.          -9.59842736
   0.          -4.7550167    9.62007547  15.71505181  11.89015204
  12.84392634  14.13613396 -10.01265244 -10.4686242    3.10024765]
更新后概率: [0.02784323 0.06574386 0.02403517 0.00958705 0.01608181 0.00958705
 0.04290615 0.00958705 0.00958705 0.00958705 0.01944813 0.05831189
 0.02430906 0.00958705 0.00958705 0.00958705 0.00958705 0.00958705
 0.00958705 0.06427399 0.00958705 0.04091703 0.01040723 0.11397704
 0.08898004 0.07898827 0.1018258  0.0757913  0.00958705 0.02152837]
Classification: 0.9993198435640197 0.9362063115032236 16
本轮采样概率阵: [0.02784323 0.06574386 0.02403517 0.00958705 0.01608181 0.00958705
 0.04290615 0.00958705 0.00958705 0.00958705 0.01944813 0.05831189
 0.02430906 0.00958705 0.00958705 0.00958705 0.00958705 0.00958705
 0.00958705 0.06427399 0.00958705 0.04091703 0.01040723 0.11397704
 0.08898004 0.07898827 0.1018258  0.0757913  0.00958705 0.02152837]
客户端选择掩码: [1.0, 1.0, 1.0, 0.0, 1.0, 0.0, 1.0, 0.0, 0.0, 0.0, 1.0, 1.0, 0.0, 1.0, 0.0, 1.0, 1.0, 0.0, 0.0, 1.0, 1.0, 1.0, 1.0, 1.0, 1.0, 1.0, 1.0, 1.0, 1.0, 1.0]
稀疏向量: [ -5.42031514  -2.16261605   0.          -7.37892668   1.99713318
  -8.93699921   4.01713115   9.20513848  -6.03765055   0.
   1.24141716   0.           1.71779834   2.51001036   0.
   0.           6.51708981   0.          -3.69253097 -10.01251932
  -8.85025095   4.13264644  -0.85663039   5.06434103   0.
   0.           9.43189424   0.           5.82451337   2.69674455]
更新后概率: [0.05968971 0.03456397 0.00983691 0.00983691 0.02313845 0.00983691
 0.04861906 0.00983691 0.00983691 0.00983691 0.01624236 0.01147218
 0.02391261 0.02699028 0.00983691 0.00983691 0.06706753 0.00983691
 0.00983691 0.11278647 0.0904029  0.04938306 0.01061518 0.07307521
 0.01750578 0.01554001 0.11436716 0.01491105 0.06014065 0.03120724]
Classification: 0.9991498044550247 0.9355276552426196 17
本轮采样概率阵: [0.05968971 0.03456397 0.00983691 0.00983691 0.02313845 0.00983691
 0.04861906 0.00983691 0.00983691 0.00983691 0.01624236 0.01147218
 0.02391261 0.02699028 0.00983691 0.00983691 0.06706753 0.00983691
 0.00983691 0.11278647 0.0904029  0.04938306 0.01061518 0.07307521
 0.01750578 0.01554001 0.11436716 0.01491105 0.06014065 0.03120724]
客户端选择掩码: [1.0, 1.0, 1.0, 0.0, 1.0, 0.0, 1.0, 0.0, 1.0, 0.0, 1.0, 1.0, 1.0, 1.0, 0.0, 1.0, 1.0, 0.0, 1.0, 1.0, 1.0, 1.0, 0.0, 1.0, 1.0, 0.0, 1.0, 0.0, 1.0, 1.0]
稀疏向量: [ -2.56422577  -6.5099428   -6.05757714   0.           0.29455961
   0.           0.           0.           2.64955601   7.30006531
   2.32706536  -9.93067026   9.69827438  -2.7337764    0.
  12.82728735   0.           3.37594274  -2.36160419   7.89269776
 -12.7069979    0.           5.89892925  -1.87112106   3.8701712
  15.28992872 -12.17734897 -13.47759846   0.           0.        ]
更新后概率: [0.03081739 0.05503592 0.04678331 0.00991758 0.00991758 0.00991758
 0.00991758 0.00991758 0.02156054 0.00991758 0.02044431 0.07577243
 0.07652005 0.02558625 0.00991758 0.09688595 0.01330295 0.00991758
 0.0194294  0.08078524 0.11197607 0.00991758 0.01052769 0.02834275
 0.03211544 0.01541193 0.11280949 0.01478815 0.01192899 0.00991758]
Classification: 0.9994898826730148 0.9358669833729216 18
本轮采样概率阵: [0.03081739 0.05503592 0.04678331 0.00991758 0.00991758 0.00991758
 0.00991758 0.00991758 0.02156054 0.00991758 0.02044431 0.07577243
 0.07652005 0.02558625 0.00991758 0.09688595 0.01330295 0.00991758
 0.0194294  0.08078524 0.11197607 0.00991758 0.01052769 0.02834275
 0.03211544 0.01541193 0.11280949 0.01478815 0.01192899 0.00991758]
客户端选择掩码: [1.0, 1.0, 0.0, 0.0, 1.0, 0.0, 0.0, 1.0, 1.0, 1.0, 1.0, 1.0, 1.0, 1.0, 0.0, 1.0, 1.0, 1.0, 0.0, 1.0, 1.0, 1.0, 1.0, 1.0, 1.0, 0.0, 1.0, 1.0, 0.0, 0.0]
/mnt/data/user_liangzhiyu/envs/fedcsl/lib/python3.8/site-packages/sklearn/utils/validation.py:63: RuntimeWarning:  Orthogonal matching pursuit ended prematurely due to linear
dependence in the dictionary. The requested precision might not have been met.

  return f(*args, **kwargs)
稀疏向量: [  22.31924066    0.            0.           33.66349867   12.39490935
    0.            0.            0.           45.36237651    0.
    0.            0.            0.            9.13454365    0.
    0.           46.88584986    0.            6.31564275   46.32319079
   39.76940739  -48.06099647  -41.24839954  -55.41993148    0.
  -53.26589647 -103.28504553   59.39027721    0.          -19.09651309]
更新后概率: [0.03390171 0.01064576 0.04524718 0.00967165 0.01743511 0.00967165
 0.00967165 0.00967165 0.06095796 0.00967165 0.00967165 0.01465689
 0.0148015  0.01638442 0.00967165 0.01874094 0.06126785 0.00967165
 0.01879144 0.07361678 0.07144569 0.06208413 0.05367371 0.07486054
 0.00967165 0.01490588 0.15111972 0.07720896 0.0115373  0.00967165]
Classification: 0.9991498044550247 0.9365456396335257 19
本轮采样概率阵: [0.03390171 0.01064576 0.04524718 0.00967165 0.01743511 0.00967165
 0.00967165 0.00967165 0.06095796 0.00967165 0.00967165 0.01465689
 0.0148015  0.01638442 0.00967165 0.01874094 0.06126785 0.00967165
 0.01879144 0.07361678 0.07144569 0.06208413 0.05367371 0.07486054
 0.00967165 0.01490588 0.15111972 0.07720896 0.0115373  0.00967165]
客户端选择掩码: [1.0, 1.0, 1.0, 1.0, 0.0, 1.0, 1.0, 0.0, 1.0, 0.0, 1.0, 0.0, 1.0, 0.0, 0.0, 1.0, 1.0, 0.0, 1.0, 1.0, 1.0, 1.0, 1.0, 1.0, 0.0, 1.0, 1.0, 1.0, 0.0, 1.0]
/mnt/data/user_liangzhiyu/envs/fedcsl/lib/python3.8/site-packages/sklearn/utils/validation.py:63: RuntimeWarning:  Orthogonal matching pursuit ended prematurely due to linear
dependence in the dictionary. The requested precision might not have been met.

  return f(*args, **kwargs)
稀疏向量: [ 3.29633572e+01  0.00000000e+00  2.39861138e+01  0.00000000e+00
 -6.38260050e+00 -9.54151207e+01  0.00000000e+00  0.00000000e+00
  0.00000000e+00 -3.29359657e-02  3.79280268e+01  0.00000000e+00
  2.39273386e+01  7.80920702e+01  6.56546524e+01  0.00000000e+00
  9.78735330e+00  0.00000000e+00 -1.31247856e+02 -8.48480112e+01
  0.00000000e+00  3.75389716e+01  0.00000000e+00  8.14744552e+01
  0.00000000e+00 -1.07361599e+02  2.04780026e+01  2.91118246e+01
  0.00000000e+00 -1.45575622e+01]
更新后概率: [0.03775782 0.0096909  0.03146329 0.0096909  0.01689619 0.09214802
 0.0096909  0.0096909  0.01181475 0.0096909  0.03775874 0.01420385
 0.02550676 0.01587798 0.0096909  0.0096909  0.02113476 0.0096909
 0.12781742 0.09454406 0.01384746 0.04754913 0.01040293 0.09159336
 0.0096909  0.10446523 0.04866423 0.04250756 0.01118069 0.01564764]
Classification: 0.9993198435640197 0.9362063115032236 20
本轮采样概率阵: [0.03775782 0.0096909  0.03146329 0.0096909  0.01689619 0.09214802
 0.0096909  0.0096909  0.01181475 0.0096909  0.03775874 0.01420385
 0.02550676 0.01587798 0.0096909  0.0096909  0.02113476 0.0096909
 0.12781742 0.09454406 0.01384746 0.04754913 0.01040293 0.09159336
 0.0096909  0.10446523 0.04866423 0.04250756 0.01118069 0.01564764]
客户端选择掩码: [1.0, 1.0, 1.0, 1.0, 1.0, 1.0, 0.0, 1.0, 0.0, 1.0, 0.0, 0.0, 0.0, 1.0, 0.0, 0.0, 1.0, 1.0, 1.0, 1.0, 1.0, 1.0, 1.0, 1.0, 0.0, 1.0, 1.0, 1.0, 0.0, 1.0]
稀疏向量: [-24.0166742  -45.0215647    0.          -5.92743595  10.09509071
   0.          18.68697769   0.         -28.10057208   0.
   0.           0.          -7.27485162   6.85286371   0.
  31.26826334  -6.77605358  19.01222204  -0.29187125 -26.83624465
 -36.2184569    4.27134796  12.56326449  17.83365733  24.75661082
   0.          16.96315349   0.          34.38083299 -15.16902681]
更新后概率: [0.07263972 0.1242218  0.00977932 0.01800062 0.03073365 0.0180229
 0.00977932 0.00977932 0.01155403 0.00977932 0.03692548 0.0138904
 0.02494388 0.02172517 0.00977932 0.00977932 0.02254463 0.0535528
 0.02579238 0.09140728 0.10111618 0.02090548 0.03616984 0.06636957
 0.00977932 0.02043198 0.05560801 0.00977932 0.01093395 0.04427566]
Classification: 0.9991498044550247 0.9372242958941296 21
本轮采样概率阵: [0.07263972 0.1242218  0.00977932 0.01800062 0.03073365 0.0180229
 0.00977932 0.00977932 0.01155403 0.00977932 0.03692548 0.0138904
 0.02494388 0.02172517 0.00977932 0.00977932 0.02254463 0.0535528
 0.02579238 0.09140728 0.10111618 0.02090548 0.03616984 0.06636957
 0.00977932 0.02043198 0.05560801 0.00977932 0.01093395 0.04427566]
客户端选择掩码: [1.0, 1.0, 1.0, 1.0, 0.0, 1.0, 1.0, 0.0, 0.0, 0.0, 1.0, 1.0, 0.0, 1.0, 1.0, 1.0, 1.0, 1.0, 1.0, 1.0, 1.0, 0.0, 1.0, 1.0, 0.0, 1.0, 0.0, 0.0, 1.0, 1.0]
稀疏向量: [  2.1136649    2.55233173  -7.34206169   9.11131658   1.67489326
   0.           0.           0.          11.49386036  14.64521614
  -2.90793451  -0.83969856   4.16465417   5.02603068  -4.64811554
   5.94185432   0.         -12.67702254   3.31617579  12.59078257
   0.           0.           1.12653033 -10.82741024 -18.16521148
   0.          -9.89422301   0.          -5.49701678   0.        ]
更新后概率: [0.02964602 0.04289598 0.05582588 0.0704187  0.02987478 0.00972054
 0.00972054 0.00972054 0.01123114 0.00972054 0.0285364  0.00972054
 0.02424681 0.04113791 0.03603986 0.04554189 0.00972054 0.1035192
 0.02937038 0.11024512 0.01965808 0.02032126 0.01530575 0.09242621
 0.00972054 0.00972054 0.054054   0.00972054 0.0424992  0.00972054]
Classification: 0.9994898826730148 0.9365456396335257 22
本轮采样概率阵: [0.02964602 0.04289598 0.05582588 0.0704187  0.02987478 0.00972054
 0.00972054 0.00972054 0.01123114 0.00972054 0.0285364  0.00972054
 0.02424681 0.04113791 0.03603986 0.04554189 0.00972054 0.1035192
 0.02937038 0.11024512 0.01965808 0.02032126 0.01530575 0.09242621
 0.00972054 0.00972054 0.054054   0.00972054 0.0424992  0.00972054]
客户端选择掩码: [1.0, 1.0, 1.0, 1.0, 1.0, 0.0, 0.0, 1.0, 1.0, 0.0, 0.0, 1.0, 1.0, 1.0, 1.0, 1.0, 1.0, 1.0, 1.0, 1.0, 1.0, 0.0, 0.0, 1.0, 0.0, 0.0, 1.0, 0.0, 1.0, 1.0]
/mnt/data/user_liangzhiyu/envs/fedcsl/lib/python3.8/site-packages/sklearn/utils/validation.py:63: RuntimeWarning:  Orthogonal matching pursuit ended prematurely due to linear
dependence in the dictionary. The requested precision might not have been met.

  return f(*args, **kwargs)
稀疏向量: [ 2.38893039e+01  0.00000000e+00  2.60260530e+01  5.62449162e+00
 -5.68112156e+00  0.00000000e+00 -7.17790711e+01  0.00000000e+00
  1.59063486e+01 -7.72835596e+00  2.65620980e+01  7.34733819e+01
 -1.98019519e+01 -7.88408404e+01  0.00000000e+00 -3.56253875e+01
  0.00000000e+00 -2.52762639e+01  2.52724880e+01  8.28309356e+01
  0.00000000e+00 -2.32472792e+01  8.27983925e-02 -4.53223983e+01
  0.00000000e+00  0.00000000e+00  0.00000000e+00  0.00000000e+00
  0.00000000e+00  3.46192383e+01]
更新后概率: [0.03845503 0.00971279 0.04646509 0.02137721 0.01357882 0.00971279
 0.00971279 0.00971279 0.02395195 0.00971279 0.02771681 0.10244768
 0.03181204 0.11589687 0.00971279 0.0576055  0.00971279 0.05470359
 0.04029458 0.1347824  0.00971279 0.01973762 0.01486616 0.07998488
 0.00971279 0.00971279 0.01050031 0.00971279 0.00971279 0.04926992]
Classification: 0.999829960891005 0.9368849677638276 23
本轮采样概率阵: [0.03845503 0.00971279 0.04646509 0.02137721 0.01357882 0.00971279
 0.00971279 0.00971279 0.02395195 0.00971279 0.02771681 0.10244768
 0.03181204 0.11589687 0.00971279 0.0576055  0.00971279 0.05470359
 0.04029458 0.1347824  0.00971279 0.01973762 0.01486616 0.07998488
 0.00971279 0.00971279 0.01050031 0.00971279 0.00971279 0.04926992]
客户端选择掩码: [1.0, 1.0, 1.0, 1.0, 1.0, 0.0, 0.0, 1.0, 1.0, 1.0, 0.0, 1.0, 1.0, 1.0, 1.0, 1.0, 1.0, 1.0, 0.0, 1.0, 1.0, 0.0, 1.0, 1.0, 1.0, 0.0, 0.0, 0.0, 0.0, 1.0]
稀疏向量: [-10.64669033   0.         -13.82806538 -14.65493784  -6.68329238
   0.          15.41506034   0.          -3.76860286 -23.11667716
  -2.07066788  -4.97465254  -1.87116681   3.91645971   0.
   0.          -0.74458381   0.           7.16160187 -41.72955079
   0.          25.5188068   -4.30585339  29.52939549  18.64215267
   0.          27.10637022   0.          11.68822223  -9.62672241]
更新后概率: [0.04459653 0.00962445 0.05725255 0.05531211 0.02596195 0.00962445
 0.00962445 0.00962445 0.01777615 0.08262804 0.02667591 0.03709907
 0.01266041 0.03599108 0.00962445 0.01108842 0.00962445 0.01052984
 0.03878132 0.17172689 0.00962445 0.01899638 0.01790413 0.11855756
 0.06699622 0.00962445 0.01010597 0.00962445 0.00962445 0.043115  ]
Classification: 0.999829960891005 0.9379029521547336 24
本轮采样概率阵: [0.04459653 0.00962445 0.05725255 0.05531211 0.02596195 0.00962445
 0.00962445 0.00962445 0.01777615 0.08262804 0.02667591 0.03709907
 0.01266041 0.03599108 0.00962445 0.01108842 0.00962445 0.01052984
 0.03878132 0.17172689 0.00962445 0.01899638 0.01790413 0.11855756
 0.06699622 0.00962445 0.01010597 0.00962445 0.00962445 0.043115  ]
客户端选择掩码: [1.0, 1.0, 1.0, 1.0, 1.0, 0.0, 0.0, 1.0, 1.0, 1.0, 1.0, 1.0, 0.0, 0.0, 1.0, 1.0, 1.0, 0.0, 1.0, 1.0, 0.0, 0.0, 0.0, 1.0, 1.0, 1.0, 1.0, 1.0, 0.0, 1.0]
/mnt/data/user_liangzhiyu/envs/fedcsl/lib/python3.8/site-packages/sklearn/utils/validation.py:63: RuntimeWarning:  Orthogonal matching pursuit ended prematurely due to linear
dependence in the dictionary. The requested precision might not have been met.

  return f(*args, **kwargs)
稀疏向量: [-35.73629552  51.01891916   0.         -36.26205284   7.34859705
   0.           0.           0.           0.         -49.17516182
  -1.76610747   0.         -18.99154744  -5.01031231 -22.8006761
  36.54707118 -26.16957482  -3.71955467   0.           0.
  37.60792727   0.          25.45152172   0.           0.
  38.66747726  30.78699256 -26.80624688   0.           0.        ]
更新后概率: [0.07529096 0.09692875 0.01118738 0.07836431 0.01876348 0.0097702
 0.0097702  0.0097702  0.0097702  0.10775904 0.0097702  0.0097702
 0.01236948 0.03516401 0.04435825 0.07025381 0.0506345  0.01028787
 0.0097702  0.03355613 0.0097702  0.01855984 0.0174927  0.02316663
 0.01309133 0.07391805 0.05933082 0.05182062 0.0097702  0.0097702 ]
Classification: 0.999829960891005 0.9375636240244316 25
本轮采样概率阵: [0.07529096 0.09692875 0.01118738 0.07836431 0.01876348 0.0097702
 0.0097702  0.0097702  0.0097702  0.10775904 0.0097702  0.0097702
 0.01236948 0.03516401 0.04435825 0.07025381 0.0506345  0.01028787
 0.0097702  0.03355613 0.0097702  0.01855984 0.0174927  0.02316663
 0.01309133 0.07391805 0.05933082 0.05182062 0.0097702  0.0097702 ]
客户端选择掩码: [1.0, 1.0, 0.0, 1.0, 1.0, 0.0, 1.0, 0.0, 0.0, 1.0, 1.0, 1.0, 1.0, 1.0, 1.0, 1.0, 1.0, 0.0, 0.0, 1.0, 1.0, 1.0, 0.0, 1.0, 0.0, 1.0, 1.0, 1.0, 0.0, 1.0]
/mnt/data/user_liangzhiyu/envs/fedcsl/lib/python3.8/site-packages/sklearn/utils/validation.py:63: RuntimeWarning:  Orthogonal matching pursuit ended prematurely due to linear
dependence in the dictionary. The requested precision might not have been met.

  return f(*args, **kwargs)
稀疏向量: [ 121.89489037    0.            0.           33.26199276   12.409448
  -67.14934167    0.          -62.65218956  -71.91014231  313.52704131
   32.81069629    0.           79.51249969   96.96111904    0.
    0.            0.          -24.37152578    0.           85.32605188
    0.            0.           27.30379943  -54.94046321  -92.83353784
    0.         -142.81387579 -208.11696634  -77.01899138    0.        ]
更新后概率: [0.08576558 0.01862673 0.01074935 0.03451433 0.01086412 0.00960846
 0.00960846 0.00960846 0.00960846 0.20409163 0.02106869 0.00960846
 0.04888432 0.06347052 0.00960846 0.01350062 0.00973039 0.00988506
 0.00960846 0.05635612 0.00960846 0.00960846 0.01680779 0.03658689
 0.01257876 0.01420478 0.09493416 0.13168706 0.00960846 0.00960846]
Classification: 0.999829960891005 0.9379029521547336 26
本轮采样概率阵: [0.08576558 0.01862673 0.01074935 0.03451433 0.01086412 0.00960846
 0.00960846 0.00960846 0.00960846 0.20409163 0.02106869 0.00960846
 0.04888432 0.06347052 0.00960846 0.01350062 0.00973039 0.00988506
 0.00960846 0.05635612 0.00960846 0.00960846 0.01680779 0.03658689
 0.01257876 0.01420478 0.09493416 0.13168706 0.00960846 0.00960846]
客户端选择掩码: [1.0, 1.0, 0.0, 1.0, 1.0, 0.0, 1.0, 1.0, 1.0, 1.0, 1.0, 0.0, 1.0, 1.0, 0.0, 1.0, 0.0, 0.0, 1.0, 1.0, 0.0, 1.0, 0.0, 1.0, 1.0, 1.0, 1.0, 1.0, 0.0, 1.0]
/mnt/data/user_liangzhiyu/envs/fedcsl/lib/python3.8/site-packages/sklearn/utils/validation.py:63: RuntimeWarning:  Orthogonal matching pursuit ended prematurely due to linear
dependence in the dictionary. The requested precision might not have been met.

  return f(*args, **kwargs)
稀疏向量: [ 22.68140428   0.         -10.24051989   0.          -1.35513371
   0.          13.8894257    0.           0.          25.59846999
   0.         -20.16999336  25.20930413  20.3265918    0.
   0.           0.         -25.30431307 -37.43848927 -35.68107048
 -18.84424728   0.          21.87986989  26.42968378   0.
   0.           0.           0.          -5.99566398   0.        ]
更新后概率: [0.08917488 0.00930335 0.0100005  0.00930335 0.00930335 0.00930335
 0.0466236  0.00930335 0.00930335 0.12060789 0.00930335 0.00930335
 0.09047269 0.07742505 0.00930335 0.00930335 0.00930335 0.00930335
 0.12264119 0.12566635 0.00930335 0.00930335 0.01563688 0.09212399
 0.00930335 0.00930335 0.01766411 0.02450261 0.00930335 0.00930335]
Classification: 0.999829960891005 0.9382422802850356 27
本轮采样概率阵: [0.08917488 0.00930335 0.0100005  0.00930335 0.00930335 0.00930335
 0.0466236  0.00930335 0.00930335 0.12060789 0.00930335 0.00930335
 0.09047269 0.07742505 0.00930335 0.00930335 0.00930335 0.00930335
 0.12264119 0.12566635 0.00930335 0.00930335 0.01563688 0.09212399
 0.00930335 0.00930335 0.01766411 0.02450261 0.00930335 0.00930335]
客户端选择掩码: [1.0, 1.0, 1.0, 1.0, 1.0, 0.0, 1.0, 1.0, 0.0, 1.0, 1.0, 0.0, 1.0, 1.0, 1.0, 1.0, 0.0, 0.0, 1.0, 1.0, 0.0, 0.0, 0.0, 1.0, 0.0, 1.0, 1.0, 1.0, 1.0, 1.0]
/mnt/data/user_liangzhiyu/envs/fedcsl/lib/python3.8/site-packages/sklearn/utils/validation.py:63: RuntimeWarning:  Orthogonal matching pursuit ended prematurely due to linear
dependence in the dictionary. The requested precision might not have been met.

  return f(*args, **kwargs)
稀疏向量: [ 9.90060644  0.          0.          2.8884266  -4.31232669  0.
 -9.89763151  0.          3.0349894   0.          4.57627679  3.87409447
  5.37524008 -2.98381188  4.66605335 -6.50264236  0.          0.
 -3.78435031 12.27892563  7.77875943  0.         -2.17440167 -3.7496809
  0.          0.         -8.61386506 -9.51827309 -1.92655145  0.        ]
更新后概率: [0.09277652 0.00955904 0.00955904 0.02387169 0.03476285 0.00955904
 0.08461878 0.00955904 0.00955904 0.02305791 0.03678176 0.00955904
 0.05841091 0.03762483 0.03746845 0.05151619 0.00955904 0.00955904
 0.05239247 0.11794434 0.00955904 0.00955904 0.01494735 0.04629299
 0.00955904 0.00955904 0.06926298 0.07748803 0.01651448 0.00955904]
Classification: 0.999829960891005 0.9385816084153377 28
本轮采样概率阵: [0.09277652 0.00955904 0.00955904 0.02387169 0.03476285 0.00955904
 0.08461878 0.00955904 0.00955904 0.02305791 0.03678176 0.00955904
 0.05841091 0.03762483 0.03746845 0.05151619 0.00955904 0.00955904
 0.05239247 0.11794434 0.00955904 0.00955904 0.01494735 0.04629299
 0.00955904 0.00955904 0.06926298 0.07748803 0.01651448 0.00955904]
客户端选择掩码: [1.0, 0.0, 1.0, 1.0, 1.0, 1.0, 1.0, 0.0, 1.0, 0.0, 1.0, 0.0, 1.0, 1.0, 1.0, 1.0, 0.0, 1.0, 1.0, 1.0, 1.0, 1.0, 0.0, 1.0, 0.0, 0.0, 1.0, 1.0, 1.0, 0.0]
/mnt/data/user_liangzhiyu/envs/fedcsl/lib/python3.8/site-packages/sklearn/utils/validation.py:63: RuntimeWarning:  Orthogonal matching pursuit ended prematurely due to linear
dependence in the dictionary. The requested precision might not have been met.

  return f(*args, **kwargs)
稀疏向量: [-14.37067596   0.           0.           0.          19.66906166
   0.         -37.61583926   0.           0.         -41.79920087
   0.          66.08077415 -32.09392568 -51.57838268 -26.5521206
   0.           0.           0.           0.           0.
   0.           0.          28.06348671  16.92358555   0.
 -55.44177361  56.87498715   0.          72.80618913   0.        ]
更新后概率: [0.04708135 0.00943855 0.00943855 0.00943855 0.04703155 0.00943855
 0.09336862 0.00943855 0.00943855 0.02176331 0.00943855 0.00943855
 0.07705993 0.11322563 0.06170427 0.00972476 0.00943855 0.00943855
 0.00989017 0.02226446 0.00943855 0.00943855 0.01410812 0.04355925
 0.00943855 0.00943855 0.13009582 0.01462749 0.15291708 0.00943855]
Classification: 0.999829960891005 0.9389209365456397 29
本轮采样概率阵: [0.04708135 0.00943855 0.00943855 0.00943855 0.04703155 0.00943855
 0.09336862 0.00943855 0.00943855 0.02176331 0.00943855 0.00943855
 0.07705993 0.11322563 0.06170427 0.00972476 0.00943855 0.00943855
 0.00989017 0.02226446 0.00943855 0.00943855 0.01410812 0.04355925
 0.00943855 0.00943855 0.13009582 0.01462749 0.15291708 0.00943855]
客户端选择掩码: [1.0, 0.0, 1.0, 0.0, 1.0, 1.0, 1.0, 0.0, 0.0, 1.0, 1.0, 1.0, 1.0, 1.0, 1.0, 0.0, 1.0, 0.0, 1.0, 1.0, 1.0, 0.0, 0.0, 1.0, 1.0, 0.0, 1.0, 1.0, 1.0, 1.0]
/mnt/data/user_liangzhiyu/envs/fedcsl/lib/python3.8/site-packages/sklearn/utils/validation.py:63: RuntimeWarning:  Orthogonal matching pursuit ended prematurely due to linear
dependence in the dictionary. The requested precision might not have been met.

  return f(*args, **kwargs)
稀疏向量: [ -13.79563571    0.          -43.50147507  -66.12693378  -19.63615624
    0.           98.13186804    0.            0.            0.
    0.          -50.36274988   -2.37505998   27.18148344    0.
    0.           52.46685368    0.            0.         -140.53471245
   47.91689866    0.          -18.89653363   74.64046803   56.30758197
    0.            0.            0.            0.            0.        ]
更新后概率: [0.02424476 0.00953029 0.04995207 0.00953029 0.03070031 0.00953029
 0.12642157 0.00953029 0.00953029 0.00953029 0.00953029 0.05754701
 0.01731709 0.05166942 0.01176119 0.00953029 0.0598761  0.00953029
 0.00953029 0.15980563 0.05483963 0.00953029 0.01344545 0.09092431
 0.06412751 0.00953029 0.02479702 0.00953029 0.02914688 0.00953029]
Classification: 0.999829960891005 0.9392602646759416 30
本轮采样概率阵: [0.02424476 0.00953029 0.04995207 0.00953029 0.03070031 0.00953029
 0.12642157 0.00953029 0.00953029 0.00953029 0.00953029 0.05754701
 0.01731709 0.05166942 0.01176119 0.00953029 0.0598761  0.00953029
 0.00953029 0.15980563 0.05483963 0.00953029 0.01344545 0.09092431
 0.06412751 0.00953029 0.02479702 0.00953029 0.02914688 0.00953029]
客户端选择掩码: [1.0, 0.0, 1.0, 0.0, 1.0, 1.0, 1.0, 0.0, 0.0, 1.0, 0.0, 1.0, 1.0, 1.0, 1.0, 0.0, 1.0, 1.0, 1.0, 1.0, 1.0, 0.0, 0.0, 1.0, 1.0, 0.0, 1.0, 1.0, 1.0, 1.0]
/mnt/data/user_liangzhiyu/envs/fedcsl/lib/python3.8/site-packages/sklearn/utils/validation.py:63: RuntimeWarning:  Orthogonal matching pursuit ended prematurely due to linear
dependence in the dictionary. The requested precision might not have been met.

  return f(*args, **kwargs)
稀疏向量: [-451.44374302    0.            0.         -270.99026307  266.11176854
    0.            0.            0.            0.            0.
    0.            0.         -104.71737383    0.         -293.13908136
  672.29714226 -447.86170894   60.37072352    0.            0.
  -47.0856156     0.          535.82164029  -13.47378382 -207.47462573
    0.          419.28117044 -305.83194624  189.52944043    0.        ]
更新后概率: [0.11774449 0.00965118 0.00965118 0.00965118 0.07257392 0.00965118
 0.02440234 0.00965118 0.00965118 0.00965118 0.00965118 0.01110793
 0.02956921 0.00997341 0.07568725 0.00965118 0.12372505 0.0169595
 0.00965118 0.03084625 0.02237799 0.00965118 0.01297644 0.02092506
 0.06434041 0.00965118 0.10979593 0.07843558 0.05309393 0.00965118]
Classification: 0.999829960891005 0.9395995928062436 31
本轮采样概率阵: [0.11774449 0.00965118 0.00965118 0.00965118 0.07257392 0.00965118
 0.02440234 0.00965118 0.00965118 0.00965118 0.00965118 0.01110793
 0.02956921 0.00997341 0.07568725 0.00965118 0.12372505 0.0169595
 0.00965118 0.03084625 0.02237799 0.00965118 0.01297644 0.02092506
 0.06434041 0.00965118 0.10979593 0.07843558 0.05309393 0.00965118]
客户端选择掩码: [1.0, 1.0, 0.0, 1.0, 1.0, 0.0, 0.0, 0.0, 0.0, 0.0, 0.0, 0.0, 1.0, 1.0, 1.0, 1.0, 1.0, 1.0, 1.0, 1.0, 1.0, 1.0, 1.0, 1.0, 1.0, 1.0, 1.0, 1.0, 1.0, 0.0]
/mnt/data/user_liangzhiyu/envs/fedcsl/lib/python3.8/site-packages/sklearn/utils/validation.py:63: RuntimeWarning:  Orthogonal matching pursuit ended prematurely due to linear
dependence in the dictionary. The requested precision might not have been met.

  return f(*args, **kwargs)
稀疏向量: [  76.56749306    0.            0.           92.17537521  -70.85053585
    0.          -31.68983477  177.51417564    0.            0.
   64.99510795   89.74784871   43.08412185  -21.54786712   50.49217436
    0.            0.         -183.96945383  -40.3357849     0.
    0.            0.            0.         -158.14900446  -76.26518031
    0.         -193.22225872  152.13218344    0.           30.24257358]
更新后概率: [0.06748665 0.0095104  0.0095104  0.05611795 0.05552813 0.0095104
 0.0232076  0.0095104  0.0095104  0.0095104  0.0095104  0.01056408
 0.0309966  0.01458659 0.04413124 0.0095104  0.02353349 0.11156573
 0.02558954 0.0095104  0.0095104  0.0095104  0.0095104  0.0971143
 0.05715074 0.0095104  0.13467294 0.10450995 0.01009889 0.0095104 ]
Classification: 0.9994898826730148 0.9389209365456397 32
本轮采样概率阵: [0.06748665 0.0095104  0.0095104  0.05611795 0.05552813 0.0095104
 0.0232076  0.0095104  0.0095104  0.0095104  0.0095104  0.01056408
 0.0309966  0.01458659 0.04413124 0.0095104  0.02353349 0.11156573
 0.02558954 0.0095104  0.0095104  0.0095104  0.0095104  0.0971143
 0.05715074 0.0095104  0.13467294 0.10450995 0.01009889 0.0095104 ]
客户端选择掩码: [1.0, 0.0, 0.0, 1.0, 1.0, 0.0, 1.0, 0.0, 1.0, 1.0, 1.0, 1.0, 1.0, 0.0, 1.0, 1.0, 1.0, 1.0, 1.0, 0.0, 0.0, 1.0, 1.0, 1.0, 1.0, 0.0, 1.0, 1.0, 1.0, 0.0]
/mnt/data/user_liangzhiyu/envs/fedcsl/lib/python3.8/site-packages/sklearn/utils/validation.py:63: RuntimeWarning:  Orthogonal matching pursuit ended prematurely due to linear
dependence in the dictionary. The requested precision might not have been met.

  return f(*args, **kwargs)
稀疏向量: [ 9.30724473  0.         -5.73658088  9.17372067 -1.41918091 -7.7336469
  0.          0.          0.          0.         -1.47509545  0.
  8.36884414 13.70438508  0.          0.          0.         -9.66539316
 -3.18568529  0.          0.          5.87222946  0.          0.
  0.          0.         -7.32525819 -3.3354274   0.         -5.5519231 ]
更新后概率: [0.12030638 0.00939848 0.00939848 0.11662545 0.02684779 0.00939848
 0.00939848 0.00939848 0.00939848 0.00939848 0.0188444  0.00939848
 0.1025965  0.01370919 0.00939848 0.00939848 0.00939848 0.13273323
 0.04164657 0.00939848 0.00939848 0.06968905 0.00939848 0.01825454
 0.01074261 0.00939848 0.11001738 0.0582127  0.00939848 0.00939848]
Classification: 0.9996599217820099 0.9385816084153377 33
本轮采样概率阵: [0.12030638 0.00939848 0.00939848 0.11662545 0.02684779 0.00939848
 0.00939848 0.00939848 0.00939848 0.00939848 0.0188444  0.00939848
 0.1025965  0.01370919 0.00939848 0.00939848 0.00939848 0.13273323
 0.04164657 0.00939848 0.00939848 0.06968905 0.00939848 0.01825454
 0.01074261 0.00939848 0.11001738 0.0582127  0.00939848 0.00939848]
客户端选择掩码: [1.0, 1.0, 0.0, 1.0, 1.0, 1.0, 0.0, 1.0, 0.0, 1.0, 1.0, 1.0, 1.0, 1.0, 1.0, 1.0, 0.0, 1.0, 0.0, 0.0, 0.0, 1.0, 1.0, 1.0, 1.0, 0.0, 1.0, 1.0, 0.0, 1.0]
/mnt/data/user_liangzhiyu/envs/fedcsl/lib/python3.8/site-packages/sklearn/utils/validation.py:63: RuntimeWarning:  Orthogonal matching pursuit ended prematurely due to linear
dependence in the dictionary. The requested precision might not have been met.

  return f(*args, **kwargs)
稀疏向量: [-32.8576816    0.           0.          45.02623698   8.50716366
   0.         -31.91561187   0.          46.12597841   0.
 -35.01506188   0.          25.94856809  80.59043301   0.
  33.64762031 -19.43747701   0.           0.          62.6138648
   0.           0.         -33.48370371   0.           0.
   0.         -38.76241605   0.         -69.02500943 -41.16309537]
更新后概率: [0.08051408 0.00936562 0.00936562 0.10129669 0.02004029 0.00936562
 0.00936562 0.00936562 0.00936562 0.00936562 0.0653158  0.00936562
 0.06500529 0.14477418 0.00936562 0.06113354 0.00936562 0.02486259
 0.03900461 0.00936562 0.00936562 0.01305363 0.0608443  0.00936562
 0.00936562 0.00936562 0.08900605 0.01090397 0.00936562 0.07439501]
Classification: 0.9994898826730148 0.9382422802850356 34
本轮采样概率阵: [0.08051408 0.00936562 0.00936562 0.10129669 0.02004029 0.00936562
 0.00936562 0.00936562 0.00936562 0.00936562 0.0653158  0.00936562
 0.06500529 0.14477418 0.00936562 0.06113354 0.00936562 0.02486259
 0.03900461 0.00936562 0.00936562 0.01305363 0.0608443  0.00936562
 0.00936562 0.00936562 0.08900605 0.01090397 0.00936562 0.07439501]
客户端选择掩码: [1.0, 0.0, 0.0, 1.0, 0.0, 1.0, 1.0, 0.0, 0.0, 0.0, 1.0, 1.0, 1.0, 1.0, 1.0, 1.0, 1.0, 1.0, 0.0, 1.0, 1.0, 1.0, 1.0, 1.0, 1.0, 0.0, 1.0, 1.0, 0.0, 1.0]
/mnt/data/user_liangzhiyu/envs/fedcsl/lib/python3.8/site-packages/sklearn/utils/validation.py:63: RuntimeWarning:  Orthogonal matching pursuit ended prematurely due to linear
dependence in the dictionary. The requested precision might not have been met.

  return f(*args, **kwargs)
稀疏向量: [ 0.33220425  0.          0.         -0.01895422 -0.01753014  2.2824614
  1.26355187  0.          0.          1.69063148 -0.27293592  0.
  0.27753732  0.         -1.07563707  0.          0.78243974  0.
 -0.38918822  0.          0.          0.77714841  0.45892576 -0.47408627
  0.          0.         -1.63702652 -1.37581609 -1.2095352  -0.50070571]
更新后概率: [0.03481986 0.00959715 0.00959715 0.02054813 0.01923297 0.13485305
 0.07545603 0.00959715 0.00959715 0.00959715 0.02844763 0.00959715
 0.02865627 0.0277884  0.0645016  0.01173416 0.04740975 0.00959715
 0.03743332 0.00959715 0.00959715 0.04780918 0.03843158 0.02943438
 0.00959715 0.00959715 0.11251405 0.08229571 0.00959715 0.04346809]
Classification: 0.999829960891005 0.9389209365456397 35
本轮采样概率阵: [0.03481986 0.00959715 0.00959715 0.02054813 0.01923297 0.13485305
 0.07545603 0.00959715 0.00959715 0.00959715 0.02844763 0.00959715
 0.02865627 0.0277884  0.0645016  0.01173416 0.04740975 0.00959715
 0.03743332 0.00959715 0.00959715 0.04780918 0.03843158 0.02943438
 0.00959715 0.00959715 0.11251405 0.08229571 0.00959715 0.04346809]
客户端选择掩码: [1.0, 0.0, 0.0, 1.0, 0.0, 1.0, 1.0, 1.0, 1.0, 1.0, 0.0, 0.0, 1.0, 1.0, 1.0, 1.0, 1.0, 0.0, 1.0, 1.0, 0.0, 1.0, 1.0, 1.0, 0.0, 1.0, 1.0, 1.0, 0.0, 1.0]
/mnt/data/user_liangzhiyu/envs/fedcsl/lib/python3.8/site-packages/sklearn/utils/validation.py:63: RuntimeWarning:  Orthogonal matching pursuit ended prematurely due to linear
dependence in the dictionary. The requested precision might not have been met.

  return f(*args, **kwargs)
稀疏向量: [-0.32107692  0.          0.          0.          0.57563672 -6.72232984
  0.          0.          0.          0.          0.          0.67605474
 -5.67879462  2.31066683  0.          0.          0.          0.
  2.71042919  3.37980544  7.41519242  0.          0.04885719  0.
 -4.50230802 -1.96258327  2.96381052  0.          0.          0.        ]
更新后概率: [0.01495804 0.00954227 0.00954227 0.00954227 0.01835261 0.19978042
 0.01440043 0.00954227 0.00954227 0.00954227 0.02714549 0.00954227
 0.15249563 0.06512756 0.01230983 0.00954227 0.00954227 0.00954227
 0.07731829 0.08933635 0.00954227 0.00954227 0.00954227 0.00954227
 0.00954227 0.05264379 0.09820726 0.01570575 0.00954227 0.00954227]
Classification: 0.999829960891005 0.9392602646759416 36
本轮采样概率阵: [0.01495804 0.00954227 0.00954227 0.00954227 0.01835261 0.19978042
 0.01440043 0.00954227 0.00954227 0.00954227 0.02714549 0.00954227
 0.15249563 0.06512756 0.01230983 0.00954227 0.00954227 0.00954227
 0.07731829 0.08933635 0.00954227 0.00954227 0.00954227 0.00954227
 0.00954227 0.05264379 0.09820726 0.01570575 0.00954227 0.00954227]
客户端选择掩码: [1.0, 1.0, 1.0, 1.0, 1.0, 1.0, 1.0, 0.0, 0.0, 0.0, 1.0, 1.0, 1.0, 1.0, 1.0, 0.0, 0.0, 0.0, 1.0, 1.0, 0.0, 1.0, 1.0, 0.0, 1.0, 1.0, 1.0, 1.0, 0.0, 1.0]
/mnt/data/user_liangzhiyu/envs/fedcsl/lib/python3.8/site-packages/sklearn/utils/validation.py:63: RuntimeWarning:  Orthogonal matching pursuit ended prematurely due to linear
dependence in the dictionary. The requested precision might not have been met.

  return f(*args, **kwargs)
稀疏向量: [ -0.78439977 -15.48405451   0.           0.          -1.24380449
   0.          -7.1195539    0.           7.57165393   0.
   0.           0.           3.28870857  -7.16617891   0.
   0.           5.03892244   0.           0.           0.
   0.           0.76344418  -4.86569967  12.79370738   8.14759013
   0.           0.           0.           0.           0.        ]
更新后概率: [0.01395706 0.22136887 0.0094746  0.0094746  0.02111456 0.03785679
 0.10368257 0.0094746  0.0094746  0.0094746  0.0094746  0.0094746
 0.07552991 0.11395608 0.0094746  0.0094746  0.0094746  0.0094746
 0.0146512  0.01692852 0.0094746  0.01263366 0.0708028  0.0094746
 0.11733932 0.00997558 0.01860949 0.0094746  0.0094746  0.0094746 ]
Classification: 0.999829960891005 0.9392602646759416 37
本轮采样概率阵: [0.01395706 0.22136887 0.0094746  0.0094746  0.02111456 0.03785679
 0.10368257 0.0094746  0.0094746  0.0094746  0.0094746  0.0094746
 0.07552991 0.11395608 0.0094746  0.0094746  0.0094746  0.0094746
 0.0146512  0.01692852 0.0094746  0.01263366 0.0708028  0.0094746
 0.11733932 0.00997558 0.01860949 0.0094746  0.0094746  0.0094746 ]
客户端选择掩码: [1.0, 1.0, 0.0, 1.0, 0.0, 1.0, 1.0, 0.0, 0.0, 0.0, 1.0, 1.0, 1.0, 1.0, 0.0, 0.0, 1.0, 1.0, 1.0, 1.0, 1.0, 1.0, 1.0, 1.0, 1.0, 0.0, 1.0, 0.0, 1.0, 1.0]
/mnt/data/user_liangzhiyu/envs/fedcsl/lib/python3.8/site-packages/sklearn/utils/validation.py:63: RuntimeWarning:  Orthogonal matching pursuit ended prematurely due to linear
dependence in the dictionary. The requested precision might not have been met.

  return f(*args, **kwargs)
稀疏向量: [  4.2593956  -12.4735293    0.           0.          -4.66937017
   0.          -8.95802984   0.           7.68649864   0.
   0.           0.          -2.43087594  -8.6563328    0.
   0.           0.           0.           0.           8.85314651
   7.920756     0.           0.91745909   0.           0.
   8.56044748   0.           0.           0.           0.        ]
更新后概率: [0.05427376 0.19200344 0.00915925 0.00915925 0.01933935 0.00915925
 0.12776033 0.00915925 0.00915925 0.00915925 0.00915925 0.00915925
 0.04335133 0.12597912 0.00915925 0.00915925 0.00915925 0.00915925
 0.00915925 0.11059482 0.0979084  0.00915925 0.02410968 0.00915925
 0.0214948  0.00915925 0.00915925 0.00915925 0.00915925 0.00915925]
Classification: 0.999829960891005 0.9389209365456397 38
本轮采样概率阵: [0.05427376 0.19200344 0.00915925 0.00915925 0.01933935 0.00915925
 0.12776033 0.00915925 0.00915925 0.00915925 0.00915925 0.00915925
 0.04335133 0.12597912 0.00915925 0.00915925 0.00915925 0.00915925
 0.00915925 0.11059482 0.0979084  0.00915925 0.02410968 0.00915925
 0.0214948  0.00915925 0.00915925 0.00915925 0.00915925 0.00915925]
客户端选择掩码: [1.0, 1.0, 0.0, 1.0, 1.0, 0.0, 1.0, 1.0, 1.0, 0.0, 1.0, 1.0, 1.0, 1.0, 1.0, 0.0, 1.0, 0.0, 1.0, 1.0, 1.0, 0.0, 1.0, 0.0, 1.0, 0.0, 1.0, 1.0, 1.0, 0.0]
/mnt/data/user_liangzhiyu/envs/fedcsl/lib/python3.8/site-packages/sklearn/utils/validation.py:63: RuntimeWarning:  Orthogonal matching pursuit ended prematurely due to linear
dependence in the dictionary. The requested precision might not have been met.

  return f(*args, **kwargs)
稀疏向量: [  7.57690487 -28.04817359 -11.04593562   4.55569418  -4.90549857
   0.           0.           0.           0.           0.
  -9.33161353   0.          -4.66624926  -1.44531753   0.
   0.           0.           0.           0.           0.
   0.           0.           6.67872964  11.36406855   0.
  30.23153523   0.           0.           0.           0.        ]
更新后概率: [0.08613541 0.31721676 0.00920148 0.04747002 0.05285898 0.00920148
 0.02351169 0.00920148 0.00920148 0.00920148 0.09546772 0.00920148
 0.05487345 0.03770925 0.00920148 0.00920148 0.00920148 0.00920148
 0.00920148 0.02035273 0.01801805 0.00920148 0.07155772 0.00920148
 0.00920148 0.00920148 0.00920148 0.00920148 0.00920148 0.00920148]
Classification: 0.999829960891005 0.9395995928062436 39
本轮采样概率阵: [0.08613541 0.31721676 0.00920148 0.04747002 0.05285898 0.00920148
 0.02351169 0.00920148 0.00920148 0.00920148 0.09546772 0.00920148
 0.05487345 0.03770925 0.00920148 0.00920148 0.00920148 0.00920148
 0.00920148 0.02035273 0.01801805 0.00920148 0.07155772 0.00920148
 0.00920148 0.00920148 0.00920148 0.00920148 0.00920148 0.00920148]
客户端选择掩码: [1.0, 1.0, 1.0, 1.0, 1.0, 1.0, 1.0, 0.0, 0.0, 0.0, 1.0, 1.0, 1.0, 1.0, 1.0, 0.0, 1.0, 1.0, 0.0, 1.0, 1.0, 1.0, 1.0, 1.0, 0.0, 0.0, 0.0, 1.0, 1.0, 0.0]
/mnt/data/user_liangzhiyu/envs/fedcsl/lib/python3.8/site-packages/sklearn/utils/validation.py:63: RuntimeWarning:  Orthogonal matching pursuit ended prematurely due to linear
dependence in the dictionary. The requested precision might not have been met.

  return f(*args, **kwargs)
稀疏向量: [ -6.16533828   0.           0.         -20.88076697  -3.97367169
   0.          -1.24970326   0.           0.           0.
  -9.17781659 -20.77263918  -0.2627372  -10.10553345 -19.17536908
   0.           0.           0.          30.96689047   0.
   0.           0.           4.74787642   0.           0.
  57.17816783   0.           0.           0.           0.        ]
更新后概率: [0.05909015 0.05848445 0.00921837 0.15509413 0.03759483 0.00921837
 0.0130933  0.00921837 0.00921837 0.00921837 0.08192358 0.14728085
 0.01195826 0.07777667 0.13608643 0.00921837 0.00921837 0.00921837
 0.00921837 0.00921837 0.00921837 0.00921837 0.04646826 0.00921837
 0.00921837 0.00921837 0.00921837 0.00921837 0.00921837 0.00921837]
Classification: 0.9996599217820099 0.9389209365456397 40
本轮采样概率阵: [0.05909015 0.05848445 0.00921837 0.15509413 0.03759483 0.00921837
 0.0130933  0.00921837 0.00921837 0.00921837 0.08192358 0.14728085
 0.01195826 0.07777667 0.13608643 0.00921837 0.00921837 0.00921837
 0.00921837 0.00921837 0.00921837 0.00921837 0.04646826 0.00921837
 0.00921837 0.00921837 0.00921837 0.00921837 0.00921837 0.00921837]
客户端选择掩码: [1.0, 1.0, 1.0, 1.0, 1.0, 1.0, 1.0, 0.0, 0.0, 1.0, 1.0, 1.0, 1.0, 1.0, 1.0, 0.0, 0.0, 1.0, 0.0, 1.0, 0.0, 1.0, 1.0, 1.0, 1.0, 0.0, 1.0, 0.0, 1.0, 0.0]
/mnt/data/user_liangzhiyu/envs/fedcsl/lib/python3.8/site-packages/sklearn/utils/validation.py:63: RuntimeWarning:  Orthogonal matching pursuit ended prematurely due to linear
dependence in the dictionary. The requested precision might not have been met.

  return f(*args, **kwargs)
稀疏向量: [ -16.31735696 -175.29143032    0.            0.          -19.99591844
    0.            0.            0.            0.            0.
    0.            0.          -66.01126297  -57.60942638    0.
    0.            0.          160.37732569    0.            0.
    0.            0.           17.53025432   44.31732174   97.5182152
   16.4323428     0.            0.            0.            0.        ]
更新后概率: [0.02808656 0.194156   0.00933262 0.0289487  0.02791977 0.00933262
 0.00933262 0.00933262 0.00933262 0.00933262 0.01529124 0.02749033
 0.07123648 0.07473884 0.02540086 0.00933262 0.00933262 0.16937001
 0.00933262 0.00933262 0.00933262 0.00933262 0.02699855 0.04804745
 0.10366065 0.00933262 0.00933262 0.00933262 0.00933262 0.00933262]
Classification: 0.999829960891005 0.9402782490668476 41
本轮采样概率阵: [0.02808656 0.194156   0.00933262 0.0289487  0.02791977 0.00933262
 0.00933262 0.00933262 0.00933262 0.00933262 0.01529124 0.02749033
 0.07123648 0.07473884 0.02540086 0.00933262 0.00933262 0.16937001
 0.00933262 0.00933262 0.00933262 0.00933262 0.02699855 0.04804745
 0.10366065 0.00933262 0.00933262 0.00933262 0.00933262 0.00933262]
客户端选择掩码: [1.0, 1.0, 1.0, 1.0, 1.0, 0.0, 0.0, 1.0, 0.0, 0.0, 1.0, 1.0, 1.0, 1.0, 1.0, 1.0, 0.0, 1.0, 1.0, 1.0, 0.0, 0.0, 1.0, 1.0, 1.0, 0.0, 1.0, 0.0, 1.0, 1.0]
/mnt/data/user_liangzhiyu/envs/fedcsl/lib/python3.8/site-packages/sklearn/utils/validation.py:63: RuntimeWarning:  Orthogonal matching pursuit ended prematurely due to linear
dependence in the dictionary. The requested precision might not have been met.

  return f(*args, **kwargs)
稀疏向量: [-599.18020907    0.            0.            0.          195.92745913
    0.            0.            0.            0.         -505.71467492
    0.            0.         -516.16314617 -168.19230718    0.
    0.         -309.82854774  716.00939244  595.11528788  317.00932746
    0.            0.         -204.9868851     0.            0.
    0.          482.73547229    0.            0.            0.        ]
更新后概率: [0.11362258 0.03637113 0.00936647 0.00936647 0.04066348 0.00936647
 0.00936647 0.00936647 0.00936647 0.00936647 0.00936647 0.00936647
 0.10669227 0.04441819 0.00936647 0.00936647 0.00936647 0.16121756
 0.10937428 0.05907909 0.00936647 0.00936647 0.04212929 0.00936647
 0.01941869 0.00936647 0.0890505  0.00936647 0.00936647 0.00936647]
Classification: 0.999829960891005 0.9399389209365456 42
本轮采样概率阵: [0.11362258 0.03637113 0.00936647 0.00936647 0.04066348 0.00936647
 0.00936647 0.00936647 0.00936647 0.00936647 0.00936647 0.00936647
 0.10669227 0.04441819 0.00936647 0.00936647 0.00936647 0.16121756
 0.10937428 0.05907909 0.00936647 0.00936647 0.04212929 0.00936647
 0.01941869 0.00936647 0.0890505  0.00936647 0.00936647 0.00936647]
客户端选择掩码: [1.0, 1.0, 1.0, 1.0, 1.0, 0.0, 0.0, 1.0, 1.0, 1.0, 0.0, 0.0, 1.0, 1.0, 1.0, 0.0, 1.0, 1.0, 1.0, 1.0, 1.0, 0.0, 1.0, 1.0, 0.0, 1.0, 1.0, 1.0, 0.0, 0.0]
/mnt/data/user_liangzhiyu/envs/fedcsl/lib/python3.8/site-packages/sklearn/utils/validation.py:63: RuntimeWarning:  Orthogonal matching pursuit ended prematurely due to linear
dependence in the dictionary. The requested precision might not have been met.

  return f(*args, **kwargs)
稀疏向量: [ -44.84083542    0.            0.            0.            3.33134945
    0.            0.            0.            0.         -107.43588679
  -43.0825711     0.          -11.35412468    0.            0.
    0.            0.            0.            0.            0.
    0.            0.          -18.07842851   43.54293037   60.4011243
    0.           74.37249488    0.            0.           43.95813712]
更新后概率: [0.12010658 0.00924171 0.00924171 0.00924171 0.0148788  0.00924171
 0.00924171 0.00924171 0.00924171 0.2391813  0.00924171 0.00924171
 0.04481477 0.00924171 0.00924171 0.00924171 0.00924171 0.02979852
 0.02021611 0.01091984 0.00924171 0.00924171 0.04774308 0.09796791
 0.01794619 0.00924171 0.18083439 0.00924171 0.00924171 0.00924171]
Classification: 0.999829960891005 0.9389209365456397 43
本轮采样概率阵: [0.12010658 0.00924171 0.00924171 0.00924171 0.0148788  0.00924171
 0.00924171 0.00924171 0.00924171 0.2391813  0.00924171 0.00924171
 0.04481477 0.00924171 0.00924171 0.00924171 0.00924171 0.02979852
 0.02021611 0.01091984 0.00924171 0.00924171 0.04774308 0.09796791
 0.01794619 0.00924171 0.18083439 0.00924171 0.00924171 0.00924171]
客户端选择掩码: [1.0, 0.0, 0.0, 1.0, 1.0, 1.0, 0.0, 0.0, 1.0, 1.0, 1.0, 1.0, 1.0, 0.0, 0.0, 1.0, 0.0, 1.0, 1.0, 1.0, 0.0, 1.0, 1.0, 1.0, 1.0, 1.0, 1.0, 1.0, 0.0, 1.0]
/mnt/data/user_liangzhiyu/envs/fedcsl/lib/python3.8/site-packages/sklearn/utils/validation.py:63: RuntimeWarning:  Orthogonal matching pursuit ended prematurely due to linear
dependence in the dictionary. The requested precision might not have been met.

  return f(*args, **kwargs)
稀疏向量: [  17.26864163 -113.27777823    0.            0.          -39.1255888
    0.            0.            0.            0.            0.
   -9.34381425    0.          -22.40773701  -98.23080345    0.
    0.            0.            0.           20.71621556    0.
    0.            0.            0.            0.            0.
    0.            0.          117.02240152    0.          128.37137998]
更新后概率: [0.05521381 0.00923698 0.00923698 0.00923698 0.07757432 0.00923698
 0.00923698 0.00923698 0.00923698 0.04418627 0.01957686 0.00923698
 0.05113267 0.00923698 0.00923698 0.00923698 0.00923698 0.00923698
 0.04335338 0.00923698 0.00923698 0.00923698 0.00923698 0.01809856
 0.00923698 0.00923698 0.03340728 0.22550645 0.00923698 0.24721077]
Classification: 0.9996599217820099 0.9399389209365456 44
本轮采样概率阵: [0.05521381 0.00923698 0.00923698 0.00923698 0.07757432 0.00923698
 0.00923698 0.00923698 0.00923698 0.04418627 0.01957686 0.00923698
 0.05113267 0.00923698 0.00923698 0.00923698 0.00923698 0.00923698
 0.04335338 0.00923698 0.00923698 0.00923698 0.00923698 0.01809856
 0.00923698 0.00923698 0.03340728 0.22550645 0.00923698 0.24721077]
客户端选择掩码: [1.0, 0.0, 1.0, 1.0, 1.0, 1.0, 1.0, 0.0, 1.0, 1.0, 1.0, 1.0, 1.0, 1.0, 0.0, 1.0, 0.0, 0.0, 1.0, 0.0, 1.0, 1.0, 0.0, 0.0, 1.0, 1.0, 1.0, 1.0, 0.0, 1.0]
/mnt/data/user_liangzhiyu/envs/fedcsl/lib/python3.8/site-packages/sklearn/utils/validation.py:63: RuntimeWarning:  Orthogonal matching pursuit ended prematurely due to linear
dependence in the dictionary. The requested precision might not have been met.

  return f(*args, **kwargs)
稀疏向量: [-11.13243255 -36.74407976   0.           0.           1.86718112
   0.           0.           0.           0.           0.
 -23.15814919 -19.42826504  -4.74282011   0.           0.
   0.           0.           0.          29.53443629   0.
   0.           0.           0.          25.3264189    0.
  38.93762817   0.           0.           0.           0.        ]
更新后概率: [0.06760011 0.00915657 0.00915657 0.00915657 0.02384857 0.00915657
 0.00915657 0.00915657 0.00915657 0.00915657 0.12317557 0.10202061
 0.03385628 0.00915657 0.00915657 0.00915657 0.00915657 0.00915657
 0.16045743 0.00915657 0.00915657 0.00915657 0.00915657 0.01657208
 0.00915657 0.20276844 0.00915657 0.04129733 0.00915657 0.04527208]
Classification: 0.999829960891005 0.9399389209365456 45
本轮采样概率阵: [0.06760011 0.00915657 0.00915657 0.00915657 0.02384857 0.00915657
 0.00915657 0.00915657 0.00915657 0.00915657 0.12317557 0.10202061
 0.03385628 0.00915657 0.00915657 0.00915657 0.00915657 0.00915657
 0.16045743 0.00915657 0.00915657 0.00915657 0.00915657 0.01657208
 0.00915657 0.20276844 0.00915657 0.04129733 0.00915657 0.04527208]
客户端选择掩码: [1.0, 1.0, 1.0, 0.0, 1.0, 1.0, 0.0, 0.0, 1.0, 0.0, 1.0, 1.0, 1.0, 1.0, 0.0, 1.0, 1.0, 0.0, 1.0, 1.0, 0.0, 1.0, 1.0, 1.0, 1.0, 1.0, 0.0, 1.0, 0.0, 1.0]
/mnt/data/user_liangzhiyu/envs/fedcsl/lib/python3.8/site-packages/sklearn/utils/validation.py:63: RuntimeWarning:  Orthogonal matching pursuit ended prematurely due to linear
dependence in the dictionary. The requested precision might not have been met.

  return f(*args, **kwargs)
稀疏向量: [ 520.22042034    0.            0.            0.         -122.76564314
    0.            0.            0.            0.         -846.81386603
    0.            0.            0.          206.94922567    0.
 -534.79444121    0.            0.          332.81007175 -449.57710124
  319.04249502    0.         -274.88362082    0.            0.
    0.            0.          855.1026836     0.            0.        ]
更新后概率: [0.12024822 0.00929686 0.00929686 0.00929686 0.02984522 0.00929686
 0.00929686 0.00929686 0.00929686 0.00929686 0.02290293 0.01896944
 0.00929686 0.04453834 0.00929686 0.11239802 0.00929686 0.00929686
 0.09872236 0.09475915 0.00929686 0.00929686 0.05859987 0.00929686
 0.00929686 0.03770221 0.00929686 0.18467382 0.00929686 0.00929686]
Classification: 0.9994898826730148 0.9399389209365456 46
本轮采样概率阵: [0.12024822 0.00929686 0.00929686 0.00929686 0.02984522 0.00929686
 0.00929686 0.00929686 0.00929686 0.00929686 0.02290293 0.01896944
 0.00929686 0.04453834 0.00929686 0.11239802 0.00929686 0.00929686
 0.09872236 0.09475915 0.00929686 0.00929686 0.05859987 0.00929686
 0.00929686 0.03770221 0.00929686 0.18467382 0.00929686 0.00929686]
客户端选择掩码: [1.0, 1.0, 0.0, 1.0, 1.0, 0.0, 1.0, 1.0, 1.0, 1.0, 1.0, 1.0, 1.0, 1.0, 0.0, 1.0, 0.0, 0.0, 1.0, 1.0, 0.0, 1.0, 1.0, 0.0, 0.0, 1.0, 1.0, 1.0, 0.0, 1.0]
/mnt/data/user_liangzhiyu/envs/fedcsl/lib/python3.8/site-packages/sklearn/utils/validation.py:63: RuntimeWarning:  Orthogonal matching pursuit ended prematurely due to linear
dependence in the dictionary. The requested precision might not have been met.

  return f(*args, **kwargs)
稀疏向量: [   0.            0.            0.         -123.75824525   27.63211159
    0.            0.            0.         -126.01177038    0.
   68.73798596    0.         -107.19217237 -121.82603186    0.
    0.            0.          190.7242077     0.            0.
    0.         -148.29900468   -7.35066463  -29.95963781  170.11751737
    0.          213.33223796    0.            0.            0.        ]
更新后概率: [0.02278082 0.00947241 0.00947241 0.09278181 0.02597673 0.00947241
 0.00947241 0.00947241 0.09443921 0.00947241 0.05489368 0.00947241
 0.08059795 0.09803716 0.00947241 0.02129361 0.00947241 0.00947241
 0.01870278 0.01795196 0.00947241 0.11083082 0.01650784 0.00947241
 0.00947241 0.00947241 0.15866084 0.03498614 0.00947241 0.00947241]
Classification: 0.999829960891005 0.9402782490668476 47
本轮采样概率阵: [0.02278082 0.00947241 0.00947241 0.09278181 0.02597673 0.00947241
 0.00947241 0.00947241 0.09443921 0.00947241 0.05489368 0.00947241
 0.08059795 0.09803716 0.00947241 0.02129361 0.00947241 0.00947241
 0.01870278 0.01795196 0.00947241 0.11083082 0.01650784 0.00947241
 0.00947241 0.00947241 0.15866084 0.03498614 0.00947241 0.00947241]
客户端选择掩码: [1.0, 0.0, 0.0, 1.0, 1.0, 1.0, 0.0, 1.0, 1.0, 0.0, 1.0, 1.0, 1.0, 1.0, 0.0, 1.0, 0.0, 1.0, 1.0, 0.0, 0.0, 1.0, 1.0, 0.0, 1.0, 1.0, 1.0, 1.0, 1.0, 1.0]
/mnt/data/user_liangzhiyu/envs/fedcsl/lib/python3.8/site-packages/sklearn/utils/validation.py:63: RuntimeWarning:  Orthogonal matching pursuit ended prematurely due to linear
dependence in the dictionary. The requested precision might not have been met.

  return f(*args, **kwargs)
稀疏向量: [-120.62134648    0.            0.          138.860278     86.65098173
  -30.93244212    0.            0.            0.            0.
    0.            0.           17.12346947    0.            0.
    0.            0.            0.            0.            0.
    0.            0.          -70.00883929    0.            0.
 -417.9997815     0.            0.          401.9641852     0.        ]
更新后概率: [0.06856027 0.00943617 0.00943617 0.09148788 0.05106571 0.01826692
 0.00943617 0.00943617 0.01782289 0.00943617 0.01035972 0.00943617
 0.02433325 0.01850191 0.00943617 0.00943617 0.00943617 0.00943617
 0.00943617 0.01693978 0.00943617 0.02091637 0.04041261 0.00943617
 0.00943617 0.22447694 0.02994302 0.00943617 0.21593398 0.00943617]
Classification: 0.999829960891005 0.9412962334577536 48
本轮采样概率阵: [0.06856027 0.00943617 0.00943617 0.09148788 0.05106571 0.01826692
 0.00943617 0.00943617 0.01782289 0.00943617 0.01035972 0.00943617
 0.02433325 0.01850191 0.00943617 0.00943617 0.00943617 0.00943617
 0.00943617 0.01693978 0.00943617 0.02091637 0.04041261 0.00943617
 0.00943617 0.22447694 0.02994302 0.00943617 0.21593398 0.00943617]
客户端选择掩码: [1.0, 0.0, 1.0, 1.0, 1.0, 1.0, 1.0, 1.0, 0.0, 0.0, 1.0, 0.0, 1.0, 0.0, 1.0, 1.0, 0.0, 1.0, 0.0, 1.0, 1.0, 1.0, 0.0, 1.0, 1.0, 1.0, 1.0, 0.0, 1.0, 1.0]
/mnt/data/user_liangzhiyu/envs/fedcsl/lib/python3.8/site-packages/sklearn/utils/validation.py:63: RuntimeWarning:  Orthogonal matching pursuit ended prematurely due to linear
dependence in the dictionary. The requested precision might not have been met.

  return f(*args, **kwargs)
稀疏向量: [  51.79762837    0.            0.            0.          -31.53439089
    0.            0.            0.           48.75728312   75.49621075
    0.            0.           31.23415445   35.8042757     0.
    0.            0.         -112.61709717    0.            0.
   49.63920607  -12.51241564    0.          -36.26441812    0.
    0.          -58.31206982    0.          -39.88126492    0.        ]
更新后概率: [0.09106992 0.00925019 0.00925019 0.0169256  0.05716874 0.00925019
 0.00925019 0.00925019 0.01648651 0.00925019 0.00925019 0.00925019
 0.05176878 0.01711462 0.00925019 0.00925019 0.00925019 0.17217061
 0.00925019 0.00925019 0.07686537 0.02280481 0.03738242 0.05662513
 0.00925019 0.04152908 0.09378397 0.00925019 0.10030143 0.00925019]
Classification: 0.999829960891005 0.9412962334577536 49
本轮采样概率阵: [0.09106992 0.00925019 0.00925019 0.0169256  0.05716874 0.00925019
 0.00925019 0.00925019 0.01648651 0.00925019 0.00925019 0.00925019
 0.05176878 0.01711462 0.00925019 0.00925019 0.00925019 0.17217061
 0.00925019 0.00925019 0.07686537 0.02280481 0.03738242 0.05662513
 0.00925019 0.04152908 0.09378397 0.00925019 0.10030143 0.00925019]
客户端选择掩码: [1.0, 1.0, 1.0, 0.0, 1.0, 1.0, 0.0, 1.0, 1.0, 1.0, 1.0, 1.0, 1.0, 0.0, 1.0, 0.0, 1.0, 1.0, 0.0, 1.0, 1.0, 0.0, 1.0, 1.0, 0.0, 1.0, 1.0, 0.0, 1.0, 0.0]
/mnt/data/user_liangzhiyu/envs/fedcsl/lib/python3.8/site-packages/sklearn/utils/validation.py:63: RuntimeWarning:  Orthogonal matching pursuit ended prematurely due to linear
dependence in the dictionary. The requested precision might not have been met.

  return f(*args, **kwargs)
稀疏向量: [ 250.03195811    0.            0.            0.           53.49835326
    0.            0.            0.            0.          261.95410084
  232.86659349  361.36928897 -198.86537206  -78.82866372    0.
    0.            0.            0.         -175.78754424    0.
    0.            0.          228.60662069 -288.77420532    0.
 -647.02057265    0.            0.            0.            0.        ]
更新后概率: [0.08292832 0.00936109 0.00936109 0.01584421 0.0247989  0.00936109
 0.00936109 0.00936109 0.00936109 0.07075111 0.06308718 0.09694487
 0.062089   0.01602115 0.00936109 0.00936109 0.00936109 0.0322341
 0.00936109 0.00936109 0.01439088 0.02134779 0.06723174 0.08668725
 0.00936109 0.17825116 0.01755841 0.00936109 0.01877862 0.00936109]
Classification: 0.999829960891005 0.9416355615880556 50
本轮采样概率阵: [0.08292832 0.00936109 0.00936109 0.01584421 0.0247989  0.00936109
 0.00936109 0.00936109 0.00936109 0.07075111 0.06308718 0.09694487
 0.062089   0.01602115 0.00936109 0.00936109 0.00936109 0.0322341
 0.00936109 0.00936109 0.01439088 0.02134779 0.06723174 0.08668725
 0.00936109 0.17825116 0.01755841 0.00936109 0.01877862 0.00936109]
客户端选择掩码: [1.0, 0.0, 0.0, 0.0, 1.0, 1.0, 1.0, 0.0, 0.0, 1.0, 1.0, 1.0, 1.0, 1.0, 1.0, 0.0, 0.0, 1.0, 0.0, 1.0, 1.0, 1.0, 1.0, 1.0, 1.0, 1.0, 1.0, 1.0, 1.0, 0.0]
/mnt/data/user_liangzhiyu/envs/fedcsl/lib/python3.8/site-packages/sklearn/utils/validation.py:63: RuntimeWarning:  Orthogonal matching pursuit ended prematurely due to linear
dependence in the dictionary. The requested precision might not have been met.

  return f(*args, **kwargs)
稀疏向量: [ 12.26585038   0.           0.          -3.50423546   9.00794432
   0.           0.           0.           0.          80.57559455
   0.           0.          20.27931315  60.56480456   0.
   0.           0.           0.         -17.83974279 -20.77999293
   0.           0.           0.           0.         -89.05251181
   0.           0.           0.           0.         -49.92331911]
更新后概率: [0.0441399  0.00937418 0.00937418 0.01485265 0.02564728 0.00937418
 0.00937418 0.00937418 0.00937418 0.20108974 0.01182781 0.01817557
 0.05891259 0.14418279 0.00937418 0.00937418 0.00937418 0.00937418
 0.00937418 0.05019408 0.00937418 0.00937418 0.01260484 0.01625243
 0.20934017 0.03341915 0.00937418 0.00937418 0.00937418 0.00937418]
Classification: 0.9994898826730148 0.9419748897183576 51
本轮采样概率阵: [0.0441399  0.00937418 0.00937418 0.01485265 0.02564728 0.00937418
 0.00937418 0.00937418 0.00937418 0.20108974 0.01182781 0.01817557
 0.05891259 0.14418279 0.00937418 0.00937418 0.00937418 0.00937418
 0.00937418 0.05019408 0.00937418 0.00937418 0.01260484 0.01625243
 0.20934017 0.03341915 0.00937418 0.00937418 0.00937418 0.00937418]
客户端选择掩码: [1.0, 1.0, 1.0, 0.0, 1.0, 0.0, 1.0, 1.0, 1.0, 1.0, 1.0, 1.0, 1.0, 1.0, 0.0, 0.0, 1.0, 0.0, 0.0, 1.0, 0.0, 1.0, 1.0, 1.0, 1.0, 1.0, 0.0, 1.0, 0.0, 1.0]
/mnt/data/user_liangzhiyu/envs/fedcsl/lib/python3.8/site-packages/sklearn/utils/validation.py:63: RuntimeWarning:  Orthogonal matching pursuit ended prematurely due to linear
dependence in the dictionary. The requested precision might not have been met.

  return f(*args, **kwargs)
稀疏向量: [  88.17663023    0.            0.           59.10946464  -12.8755121
    0.            0.            0.            0.            0.
   33.83341635   33.83803755    0.           57.30828957    0.
    0.            0.            0.          -58.46443512    0.
    0.            0.            0.          -64.38014653    0.
    0.            0.            0.         -134.33159952    0.        ]
更新后概率: [0.21112967 0.00918334 0.00918334 0.01363969 0.03435583 0.00918334
 0.00918334 0.00918334 0.00918334 0.03693351 0.08007226 0.08124877
 0.01082029 0.1584313  0.00918334 0.00918334 0.00918334 0.00918334
 0.00918334 0.00921899 0.00918334 0.00918334 0.00918334 0.15121736
 0.03844885 0.00918334 0.00918334 0.00918334 0.00918334 0.00918334]
Classification: 0.999829960891005 0.9419748897183576 52
本轮采样概率阵: [0.21112967 0.00918334 0.00918334 0.01363969 0.03435583 0.00918334
 0.00918334 0.00918334 0.00918334 0.03693351 0.08007226 0.08124877
 0.01082029 0.1584313  0.00918334 0.00918334 0.00918334 0.00918334
 0.00918334 0.00921899 0.00918334 0.00918334 0.00918334 0.15121736
 0.03844885 0.00918334 0.00918334 0.00918334 0.00918334 0.00918334]
客户端选择掩码: [1.0, 1.0, 1.0, 1.0, 1.0, 1.0, 0.0, 1.0, 1.0, 1.0, 1.0, 1.0, 0.0, 1.0, 1.0, 0.0, 0.0, 1.0, 0.0, 0.0, 1.0, 1.0, 1.0, 1.0, 1.0, 0.0, 1.0, 1.0, 0.0, 0.0]
/mnt/data/user_liangzhiyu/envs/fedcsl/lib/python3.8/site-packages/sklearn/utils/validation.py:63: RuntimeWarning:  Orthogonal matching pursuit ended prematurely due to linear
dependence in the dictionary. The requested precision might not have been met.

  return f(*args, **kwargs)
稀疏向量: [   4.04800903    0.            0.            0.           37.72411001
    0.            0.            0.            0.            0.
    0.           84.38807122    0.           97.41385214    0.
    0.            0.            0.          -44.20824324    0.
    0.            0.            0.            0.            0.
  -51.14817303    0.            0.            0.         -128.38379196]
更新后概率: [0.04969248 0.00895533 0.00895533 0.00895533 0.11684422 0.00895533
 0.00895533 0.00895533 0.00895533 0.00895533 0.01434147 0.26216541
 0.00968993 0.31420983 0.00895533 0.00895533 0.00895533 0.00895533
 0.00895533 0.00895533 0.00895533 0.00895533 0.00895533 0.02708403
 0.00895533 0.00895533 0.00895533 0.00895533 0.00895533 0.00895533]
Classification: 0.9994898826730148 0.9429928741092637 53
本轮采样概率阵: [0.04969248 0.00895533 0.00895533 0.00895533 0.11684422 0.00895533
 0.00895533 0.00895533 0.00895533 0.00895533 0.01434147 0.26216541
 0.00968993 0.31420983 0.00895533 0.00895533 0.00895533 0.00895533
 0.00895533 0.00895533 0.00895533 0.00895533 0.00895533 0.02708403
 0.00895533 0.00895533 0.00895533 0.00895533 0.00895533 0.00895533]
客户端选择掩码: [1.0, 0.0, 1.0, 1.0, 1.0, 1.0, 1.0, 0.0, 1.0, 1.0, 0.0, 1.0, 0.0, 1.0, 0.0, 0.0, 1.0, 0.0, 1.0, 1.0, 1.0, 1.0, 1.0, 1.0, 1.0, 1.0, 0.0, 1.0, 1.0, 0.0]
/mnt/data/user_liangzhiyu/envs/fedcsl/lib/python3.8/site-packages/sklearn/utils/validation.py:63: RuntimeWarning:  Orthogonal matching pursuit ended prematurely due to linear
dependence in the dictionary. The requested precision might not have been met.

  return f(*args, **kwargs)
稀疏向量: [ 17.21968817   0.           0.           0.           0.
   0.          38.66133376   0.           0.         119.4858056
  35.69799387   0.           0.          24.06048624   0.
   0.           0.           0.         -27.13952371   0.
   0.           1.7702643  -11.63638375 -54.31547741 -52.19583064
 -89.76740664   0.           0.           0.           0.        ]
更新后概率: [0.03568229 0.00920177 0.00920177 0.00920177 0.02150348 0.00920177
 0.06122874 0.00920177 0.00920177 0.18578662 0.0131967  0.04824772
 0.00920177 0.09490514 0.00920177 0.00920177 0.00920177 0.00920177
 0.04347258 0.00920177 0.00920177 0.00920177 0.01958083 0.08868953
 0.08208663 0.13998786 0.00920177 0.00920177 0.00920177 0.00920177]
Classification: 0.9994898826730148 0.9426535459789617 54
本轮采样概率阵: [0.03568229 0.00920177 0.00920177 0.00920177 0.02150348 0.00920177
 0.06122874 0.00920177 0.00920177 0.18578662 0.0131967  0.04824772
 0.00920177 0.09490514 0.00920177 0.00920177 0.00920177 0.00920177
 0.04347258 0.00920177 0.00920177 0.00920177 0.01958083 0.08868953
 0.08208663 0.13998786 0.00920177 0.00920177 0.00920177 0.00920177]
客户端选择掩码: [1.0, 0.0, 0.0, 0.0, 1.0, 1.0, 1.0, 1.0, 1.0, 1.0, 1.0, 1.0, 0.0, 1.0, 1.0, 0.0, 1.0, 1.0, 1.0, 1.0, 0.0, 0.0, 1.0, 1.0, 1.0, 1.0, 0.0, 1.0, 0.0, 1.0]
/mnt/data/user_liangzhiyu/envs/fedcsl/lib/python3.8/site-packages/sklearn/utils/validation.py:63: RuntimeWarning:  Orthogonal matching pursuit ended prematurely due to linear
dependence in the dictionary. The requested precision might not have been met.

  return f(*args, **kwargs)
稀疏向量: [  1.47739289   0.           0.          43.74289009  23.60470849
   0.           0.           0.           0.           0.
   2.84864157   0.           0.          20.84561587   0.
   0.           0.           0.           0.           0.
 -33.325867     0.          -0.11683998   0.           0.
 -28.73319149   0.           0.           0.         -29.33500521]
更新后概率: [0.01600081 0.00926441 0.00926441 0.00926441 0.15399975 0.00926441
 0.01134496 0.00926441 0.00926441 0.03442407 0.02054921 0.00926441
 0.00926441 0.1500653  0.00926441 0.00926441 0.00926441 0.00926441
 0.00926441 0.00926441 0.00926441 0.00926441 0.00926441 0.01643312
 0.01520969 0.20854664 0.00926441 0.00926441 0.00926441 0.18813824]
Classification: 0.9994898826730148 0.9429928741092637 55
本轮采样概率阵: [0.01600081 0.00926441 0.00926441 0.00926441 0.15399975 0.00926441
 0.01134496 0.00926441 0.00926441 0.03442407 0.02054921 0.00926441
 0.00926441 0.1500653  0.00926441 0.00926441 0.00926441 0.00926441
 0.00926441 0.00926441 0.00926441 0.00926441 0.00926441 0.01643312
 0.01520969 0.20854664 0.00926441 0.00926441 0.00926441 0.18813824]
客户端选择掩码: [1.0, 1.0, 0.0, 1.0, 1.0, 1.0, 0.0, 0.0, 0.0, 1.0, 1.0, 1.0, 1.0, 1.0, 0.0, 1.0, 0.0, 1.0, 1.0, 1.0, 1.0, 1.0, 0.0, 0.0, 1.0, 1.0, 1.0, 1.0, 0.0, 1.0]
/mnt/data/user_liangzhiyu/envs/fedcsl/lib/python3.8/site-packages/sklearn/utils/validation.py:63: RuntimeWarning:  Orthogonal matching pursuit ended prematurely due to linear
dependence in the dictionary. The requested precision might not have been met.

  return f(*args, **kwargs)
稀疏向量: [ -0.80399321   0.          37.52108417 -51.22909874 -18.60372752
 110.78234984   0.           0.           0.           0.
   0.           0.           1.88283694  13.97849804  52.58692464
   0.           0.           0.           0.           0.
   0.           0.         -55.1386837  -25.84902616   0.
   0.           0.           0.         -51.50624955 -13.32330883]
更新后概率: [0.00902307 0.00902307 0.00902307 0.16099538 0.08564898 0.34620717
 0.01023664 0.00902307 0.00902307 0.00902307 0.00902307 0.00902307
 0.00902307 0.07055441 0.00902307 0.00902307 0.00902307 0.00902307
 0.00902307 0.00902307 0.00902307 0.00902307 0.00902307 0.01482773
 0.00902307 0.03763463 0.00902307 0.00902307 0.00902307 0.07538746]
Classification: 0.9994898826730148 0.9433322022395657 56
本轮采样概率阵: [0.00902307 0.00902307 0.00902307 0.16099538 0.08564898 0.34620717
 0.01023664 0.00902307 0.00902307 0.00902307 0.00902307 0.00902307
 0.00902307 0.07055441 0.00902307 0.00902307 0.00902307 0.00902307
 0.00902307 0.00902307 0.00902307 0.00902307 0.00902307 0.01482773
 0.00902307 0.03763463 0.00902307 0.00902307 0.00902307 0.07538746]
客户端选择掩码: [0.0, 1.0, 1.0, 1.0, 1.0, 1.0, 0.0, 0.0, 1.0, 0.0, 0.0, 1.0, 1.0, 1.0, 1.0, 1.0, 1.0, 0.0, 0.0, 1.0, 1.0, 1.0, 0.0, 1.0, 0.0, 1.0, 1.0, 1.0, 1.0, 1.0]
/mnt/data/user_liangzhiyu/envs/fedcsl/lib/python3.8/site-packages/sklearn/utils/validation.py:63: RuntimeWarning:  Orthogonal matching pursuit ended prematurely due to linear
dependence in the dictionary. The requested precision might not have been met.

  return f(*args, **kwargs)
稀疏向量: [  1.81153848   0.           0.           0.          19.09046565
   0.           0.           0.           0.           0.
   0.           0.          -4.06414519  30.51576319   0.
   0.           0.           0.           0.           0.
   0.           0.           0.          16.21945171   0.
   0.           0.           0.           0.         -63.37867125]
更新后概率: [0.00895393 0.00895393 0.00895393 0.02883081 0.10949126 0.06199827
 0.00916582 0.00895393 0.00895393 0.00895393 0.00895393 0.00895393
 0.02166003 0.16313724 0.00895393 0.00895393 0.00895393 0.00895393
 0.00895393 0.00895393 0.00895393 0.00895393 0.00895393 0.08264898
 0.00895393 0.00895393 0.00895393 0.00895393 0.00895393 0.32608121]
Classification: 0.9994898826730148 0.9433322022395657 57
本轮采样概率阵: [0.00895393 0.00895393 0.00895393 0.02883081 0.10949126 0.06199827
 0.00916582 0.00895393 0.00895393 0.00895393 0.00895393 0.00895393
 0.02166003 0.16313724 0.00895393 0.00895393 0.00895393 0.00895393
 0.00895393 0.00895393 0.00895393 0.00895393 0.00895393 0.08264898
 0.00895393 0.00895393 0.00895393 0.00895393 0.00895393 0.32608121]
客户端选择掩码: [1.0, 1.0, 1.0, 1.0, 1.0, 1.0, 0.0, 1.0, 0.0, 0.0, 0.0, 1.0, 1.0, 1.0, 1.0, 1.0, 0.0, 1.0, 0.0, 1.0, 1.0, 1.0, 1.0, 1.0, 1.0, 0.0, 1.0, 0.0, 0.0, 1.0]
/mnt/data/user_liangzhiyu/envs/fedcsl/lib/python3.8/site-packages/sklearn/utils/validation.py:63: RuntimeWarning:  Orthogonal matching pursuit ended prematurely due to linear
dependence in the dictionary. The requested precision might not have been met.

  return f(*args, **kwargs)
稀疏向量: [ -3.96799247   0.           0.           0.           1.32917089
   0.           6.4462881    0.           0.           0.
   0.           0.          10.67455381  11.25315002   0.
   8.29243136  -6.06320224 -13.37011164  -4.22124025   0.
   0.           0.           0.           0.           0.
   0.          -6.35424132   0.           0.          -3.17038705]
更新后概率: [0.04723265 0.00912801 0.00912801 0.00912801 0.03526286 0.01131842
 0.00912801 0.00912801 0.00912801 0.00912801 0.00912801 0.00912801
 0.12662046 0.15909748 0.00912801 0.09692676 0.00912801 0.15527672
 0.00912801 0.00912801 0.00912801 0.00912801 0.00912801 0.01508842
 0.00912801 0.00912801 0.07465413 0.00912801 0.00912801 0.09596184]
Classification: 1.0 0.9423142178486597 58
本轮采样概率阵: [0.04723265 0.00912801 0.00912801 0.00912801 0.03526286 0.01131842
 0.00912801 0.00912801 0.00912801 0.00912801 0.00912801 0.00912801
 0.12662046 0.15909748 0.00912801 0.09692676 0.00912801 0.15527672
 0.00912801 0.00912801 0.00912801 0.00912801 0.00912801 0.01508842
 0.00912801 0.00912801 0.07465413 0.00912801 0.00912801 0.09596184]
客户端选择掩码: [1.0, 1.0, 0.0, 1.0, 1.0, 0.0, 0.0, 1.0, 1.0, 0.0, 1.0, 1.0, 1.0, 1.0, 1.0, 1.0, 1.0, 1.0, 1.0, 1.0, 1.0, 0.0, 0.0, 1.0, 0.0, 0.0, 1.0, 0.0, 1.0, 1.0]
/mnt/data/user_liangzhiyu/envs/fedcsl/lib/python3.8/site-packages/sklearn/utils/validation.py:63: RuntimeWarning:  Orthogonal matching pursuit ended prematurely due to linear
dependence in the dictionary. The requested precision might not have been met.

  return f(*args, **kwargs)
稀疏向量: [ 10.76152621   0.           0.           0.          15.85885744
   0.           0.           0.           0.           0.
   0.          40.74211816 -20.85014125  77.84796472   0.
   0.           0.           0.           0.         -27.13627034
   0.           0.           0.           0.           0.
   0.           0.           0.           0.         -96.07955927]
更新后概率: [0.03349233 0.00912657 0.00912657 0.00912657 0.04308787 0.01032983
 0.00912657 0.00912657 0.00912657 0.00912657 0.00912657 0.09582498
 0.07129882 0.20895417 0.00912657 0.01769217 0.00912657 0.02834287
 0.00912657 0.0643806  0.00912657 0.00912657 0.00912657 0.00912657
 0.00912657 0.00912657 0.01362672 0.00912657 0.00912657 0.23956485]
Classification: 1.0 0.9426535459789617 59
本轮采样概率阵: [0.03349233 0.00912657 0.00912657 0.00912657 0.04308787 0.01032983
 0.00912657 0.00912657 0.00912657 0.00912657 0.00912657 0.09582498
 0.07129882 0.20895417 0.00912657 0.01769217 0.00912657 0.02834287
 0.00912657 0.0643806  0.00912657 0.00912657 0.00912657 0.00912657
 0.00912657 0.00912657 0.01362672 0.00912657 0.00912657 0.23956485]
客户端选择掩码: [1.0, 1.0, 1.0, 1.0, 1.0, 1.0, 1.0, 1.0, 0.0, 0.0, 0.0, 1.0, 1.0, 1.0, 1.0, 1.0, 1.0, 1.0, 1.0, 1.0, 0.0, 1.0, 0.0, 1.0, 0.0, 0.0, 0.0, 0.0, 1.0, 1.0]
/mnt/data/user_liangzhiyu/envs/fedcsl/lib/python3.8/site-packages/sklearn/utils/validation.py:63: RuntimeWarning:  Orthogonal matching pursuit ended prematurely due to linear
dependence in the dictionary. The requested precision might not have been met.

  return f(*args, **kwargs)
稀疏向量: [ -97.25277576    0.            0.            0.          106.04158054
    0.            0.            0.            0.          540.49110574
    0.          198.22038882  282.64257313    3.38141084    0.
    0.            0.            0.         -392.93538787    0.
 -796.61264702    0.          160.65994178    0.            0.
    0.            0.            0.            0.            0.        ]
更新后概率: [0.06543549 0.00902966 0.00902966 0.00902966 0.07253522 0.00902966
 0.00902966 0.00902966 0.00902966 0.00902966 0.00902966 0.13834779
 0.18547059 0.03980055 0.00902966 0.00902966 0.00902966 0.00902966
 0.24159254 0.0116267  0.00902966 0.00902966 0.00902966 0.00902966
 0.00902966 0.00902966 0.01230447 0.00902966 0.00902966 0.04326379]
Classification: 1.0 0.9423142178486597 60
本轮采样概率阵: [0.06543549 0.00902966 0.00902966 0.00902966 0.07253522 0.00902966
 0.00902966 0.00902966 0.00902966 0.00902966 0.00902966 0.13834779
 0.18547059 0.03980055 0.00902966 0.00902966 0.00902966 0.00902966
 0.24159254 0.0116267  0.00902966 0.00902966 0.00902966 0.00902966
 0.00902966 0.00902966 0.01230447 0.00902966 0.00902966 0.04326379]
客户端选择掩码: [1.0, 1.0, 0.0, 1.0, 1.0, 1.0, 0.0, 1.0, 1.0, 1.0, 0.0, 1.0, 1.0, 1.0, 0.0, 1.0, 1.0, 1.0, 1.0, 1.0, 1.0, 0.0, 0.0, 1.0, 0.0, 0.0, 0.0, 1.0, 1.0, 1.0]
/mnt/data/user_liangzhiyu/envs/fedcsl/lib/python3.8/site-packages/sklearn/utils/validation.py:63: RuntimeWarning:  Orthogonal matching pursuit ended prematurely due to linear
dependence in the dictionary. The requested precision might not have been met.

  return f(*args, **kwargs)
稀疏向量: [-11.29523603   0.          19.47370741   0.          11.15318183
   0.           0.           0.           0.          24.39521391
   0.           0.           0.          14.10224331   0.
   0.           0.           0.           0.           0.
 -30.69311593   0.         -10.49650354  -1.98579625   0.
   0.           0.           0.           0.         -13.37880631]
更新后概率: [0.08237387 0.00911263 0.00911263 0.00911263 0.08278183 0.00911263
 0.00911263 0.00911263 0.00911263 0.15379798 0.00911263 0.02521424
 0.0338025  0.09520907 0.00911263 0.00911263 0.00911263 0.00911263
 0.04403087 0.00911263 0.19307783 0.00911263 0.00911263 0.01403104
 0.00911263 0.00911263 0.0112126  0.00911263 0.00911263 0.0913282 ]
Classification: 1.0 0.9433322022395657 61
本轮采样概率阵: [0.08237387 0.00911263 0.00911263 0.00911263 0.08278183 0.00911263
 0.00911263 0.00911263 0.00911263 0.15379798 0.00911263 0.02521424
 0.0338025  0.09520907 0.00911263 0.00911263 0.00911263 0.00911263
 0.04403087 0.00911263 0.19307783 0.00911263 0.00911263 0.01403104
 0.00911263 0.00911263 0.0112126  0.00911263 0.00911263 0.0913282 ]
客户端选择掩码: [1.0, 0.0, 0.0, 1.0, 1.0, 0.0, 1.0, 1.0, 0.0, 1.0, 1.0, 1.0, 1.0, 1.0, 0.0, 1.0, 1.0, 0.0, 1.0, 1.0, 1.0, 1.0, 0.0, 1.0, 1.0, 1.0, 1.0, 0.0, 0.0, 1.0]
/mnt/data/user_liangzhiyu/envs/fedcsl/lib/python3.8/site-packages/sklearn/utils/validation.py:63: RuntimeWarning:  Orthogonal matching pursuit ended prematurely due to linear
dependence in the dictionary. The requested precision might not have been met.

  return f(*args, **kwargs)
稀疏向量: [ 14.16499787   0.           0.           0.          -3.23863133
   0.           0.           0.           0.           8.55909259
   8.76840668   0.           3.67627838   2.45353025   0.
   0.           0.          -0.47608717   0.           0.
   0.           0.           0.         -11.97149248   0.
   0.         -14.19352282   0.          -6.60329354   0.        ]
更新后概率: [0.15783045 0.00919342 0.00919342 0.00919342 0.0478438  0.00919342
 0.00919342 0.00919342 0.00919342 0.11449461 0.08999998 0.00919342
 0.04324649 0.04222043 0.00919342 0.00919342 0.00919342 0.00919342
 0.00919342 0.00919342 0.03550091 0.00919342 0.00919342 0.12316911
 0.00919342 0.00919342 0.14503347 0.00919342 0.00919342 0.01679237]
Classification: 1.0 0.9433322022395657 62
本轮采样概率阵: [0.15783045 0.00919342 0.00919342 0.00919342 0.0478438  0.00919342
 0.00919342 0.00919342 0.00919342 0.11449461 0.08999998 0.00919342
 0.04324649 0.04222043 0.00919342 0.00919342 0.00919342 0.00919342
 0.00919342 0.00919342 0.03550091 0.00919342 0.00919342 0.12316911
 0.00919342 0.00919342 0.14503347 0.00919342 0.00919342 0.01679237]
客户端选择掩码: [1.0, 0.0, 1.0, 0.0, 1.0, 1.0, 1.0, 1.0, 0.0, 1.0, 1.0, 1.0, 1.0, 1.0, 1.0, 1.0, 0.0, 0.0, 1.0, 0.0, 1.0, 1.0, 0.0, 1.0, 0.0, 1.0, 1.0, 1.0, 0.0, 1.0]
/mnt/data/user_liangzhiyu/envs/fedcsl/lib/python3.8/site-packages/sklearn/utils/validation.py:63: RuntimeWarning:  Orthogonal matching pursuit ended prematurely due to linear
dependence in the dictionary. The requested precision might not have been met.

  return f(*args, **kwargs)
稀疏向量: [ 1.79221773  0.          0.          0.          1.75675606  0.
 -9.93058953  7.4948414   0.          0.          1.43345668 10.63009191
  0.          0.          0.          0.          0.          0.
  0.          0.          0.          0.          0.          0.
  0.         -8.74522377  0.          0.          0.         -3.4006028 ]
更新后概率: [0.05669305 0.00934409 0.00934409 0.00934409 0.0356004  0.00934409
 0.15241754 0.11545438 0.00934409 0.02139697 0.03857247 0.16303268
 0.00934409 0.00934409 0.00934409 0.00934409 0.00934409 0.00934409
 0.00934409 0.00934409 0.00934409 0.00934409 0.00934409 0.02301807
 0.00934409 0.13442928 0.02710412 0.00934409 0.00934409 0.05474328]
Classification: 1.0 0.9433322022395657 63
本轮采样概率阵: [0.05669305 0.00934409 0.00934409 0.00934409 0.0356004  0.00934409
 0.15241754 0.11545438 0.00934409 0.02139697 0.03857247 0.16303268
 0.00934409 0.00934409 0.00934409 0.00934409 0.00934409 0.00934409
 0.00934409 0.00934409 0.00934409 0.00934409 0.00934409 0.02301807
 0.00934409 0.13442928 0.02710412 0.00934409 0.00934409 0.05474328]
客户端选择掩码: [1.0, 1.0, 0.0, 1.0, 1.0, 0.0, 1.0, 1.0, 0.0, 1.0, 0.0, 1.0, 1.0, 0.0, 0.0, 1.0, 1.0, 1.0, 1.0, 0.0, 1.0, 0.0, 1.0, 1.0, 1.0, 1.0, 1.0, 1.0, 0.0, 1.0]
/mnt/data/user_liangzhiyu/envs/fedcsl/lib/python3.8/site-packages/sklearn/utils/validation.py:63: RuntimeWarning:  Orthogonal matching pursuit ended prematurely due to linear
dependence in the dictionary. The requested precision might not have been met.

  return f(*args, **kwargs)
稀疏向量: [-1.81279578  0.          0.          0.          1.26454476  0.
  0.          0.          0.         -2.69250802 -0.84429851  0.
  0.         -1.63389677 -0.7665461   0.          0.          3.0059086
  0.          4.13180681  0.          0.          0.          0.
  0.          0.          0.24249741  0.          0.          0.        ]
更新后概率: [0.14096351 0.00915788 0.00915788 0.00915788 0.09760848 0.00915788
 0.02791644 0.02114635 0.00915788 0.19786641 0.03532421 0.02986068
 0.00915788 0.00915788 0.00915788 0.00915788 0.00915788 0.21823378
 0.00915788 0.00915788 0.00915788 0.00915788 0.00915788 0.00915788
 0.00915788 0.02462175 0.02243196 0.00915788 0.00915788 0.01002665]
Classification: 1.0 0.9453681710213777 64
本轮采样概率阵: [0.14096351 0.00915788 0.00915788 0.00915788 0.09760848 0.00915788
 0.02791644 0.02114635 0.00915788 0.19786641 0.03532421 0.02986068
 0.00915788 0.00915788 0.00915788 0.00915788 0.00915788 0.21823378
 0.00915788 0.00915788 0.00915788 0.00915788 0.00915788 0.00915788
 0.00915788 0.02462175 0.02243196 0.00915788 0.00915788 0.01002665]
客户端选择掩码: [1.0, 1.0, 0.0, 0.0, 1.0, 1.0, 0.0, 1.0, 1.0, 1.0, 1.0, 1.0, 1.0, 0.0, 1.0, 0.0, 0.0, 1.0, 1.0, 0.0, 1.0, 1.0, 1.0, 0.0, 1.0, 1.0, 1.0, 0.0, 1.0, 1.0]
/mnt/data/user_liangzhiyu/envs/fedcsl/lib/python3.8/site-packages/sklearn/utils/validation.py:63: RuntimeWarning:  Orthogonal matching pursuit ended prematurely due to linear
dependence in the dictionary. The requested precision might not have been met.

  return f(*args, **kwargs)
稀疏向量: [-0.93128456  0.          0.          0.          0.75416381 -1.04449877
  1.87343021  0.          0.          0.          0.         -1.63234458
  0.06511124  0.          0.          0.          0.          0.
  0.          0.          0.          0.          0.58304575  1.27128558
  0.          0.          0.          0.          0.          0.        ]
更新后概率: [0.14721342 0.00909608 0.00909608 0.00909608 0.11620501 0.13801401
 0.02539303 0.00909608 0.00909608 0.03599619 0.00909608 0.2185172
 0.01016558 0.00909608 0.00909608 0.00909608 0.00909608 0.03970146
 0.00909608 0.00909608 0.00909608 0.00909608 0.07777632 0.00909608
 0.00909608 0.00909608 0.00909608 0.00909608 0.00909608 0.00909608]
Classification: 1.0 0.9443501866304717 65
本轮采样概率阵: [0.14721342 0.00909608 0.00909608 0.00909608 0.11620501 0.13801401
 0.02539303 0.00909608 0.00909608 0.03599619 0.00909608 0.2185172
 0.01016558 0.00909608 0.00909608 0.00909608 0.00909608 0.03970146
 0.00909608 0.00909608 0.00909608 0.00909608 0.07777632 0.00909608
 0.00909608 0.00909608 0.00909608 0.00909608 0.00909608 0.00909608]
客户端选择掩码: [1.0, 1.0, 0.0, 0.0, 1.0, 1.0, 1.0, 1.0, 1.0, 1.0, 0.0, 1.0, 1.0, 0.0, 0.0, 0.0, 1.0, 1.0, 1.0, 1.0, 1.0, 1.0, 1.0, 0.0, 0.0, 1.0, 1.0, 1.0, 0.0, 1.0]
/mnt/data/user_liangzhiyu/envs/fedcsl/lib/python3.8/site-packages/sklearn/utils/validation.py:63: RuntimeWarning:  Orthogonal matching pursuit ended prematurely due to linear
dependence in the dictionary. The requested precision might not have been met.

  return f(*args, **kwargs)
稀疏向量: [-0.0879175   0.          0.40749605  0.          0.56107164  0.
  0.          0.          0.          0.          0.          0.
  0.02301843 -0.23842024  0.          0.          0.          0.
  0.          0.97775339  0.          0.          0.57051004  0.
 -1.25903454  0.          0.          0.          0.          0.        ]
更新后概率: [0.05281035 0.00902317 0.00902317 0.00902317 0.18845279 0.02490649
 0.00902317 0.00902317 0.00902317 0.00902317 0.00902317 0.03943437
 0.00902317 0.00902317 0.00902317 0.00902317 0.00902317 0.00902317
 0.00902317 0.29350464 0.00902317 0.00902317 0.18433521 0.00902317
 0.00902317 0.00902317 0.00902317 0.00902317 0.00902317 0.00902317]
Classification: 1.0 0.9440108585001696 66
本轮采样概率阵: [0.05281035 0.00902317 0.00902317 0.00902317 0.18845279 0.02490649
 0.00902317 0.00902317 0.00902317 0.00902317 0.00902317 0.03943437
 0.00902317 0.00902317 0.00902317 0.00902317 0.00902317 0.00902317
 0.00902317 0.29350464 0.00902317 0.00902317 0.18433521 0.00902317
 0.00902317 0.00902317 0.00902317 0.00902317 0.00902317 0.00902317]
客户端选择掩码: [1.0, 1.0, 1.0, 1.0, 1.0, 1.0, 0.0, 1.0, 1.0, 1.0, 1.0, 1.0, 1.0, 1.0, 0.0, 1.0, 1.0, 0.0, 0.0, 1.0, 0.0, 0.0, 1.0, 1.0, 0.0, 0.0, 0.0, 1.0, 1.0, 1.0]
/mnt/data/user_liangzhiyu/envs/fedcsl/lib/python3.8/site-packages/sklearn/utils/validation.py:63: RuntimeWarning:  Orthogonal matching pursuit ended prematurely due to linear
dependence in the dictionary. The requested precision might not have been met.

  return f(*args, **kwargs)
稀疏向量: [-0.20893777  0.          0.         -1.36836793  0.10074507  0.
  0.          0.          0.          0.          0.          0.39385594
  0.          0.          0.69741182  0.          0.          0.
  0.          0.          0.          0.          0.44516538  0.90124548
  0.          0.          0.          0.          0.          0.        ]
更新后概率: [0.04952871 0.00892578 0.00892578 0.26424041 0.05297769 0.00892578
 0.00892578 0.00892578 0.00892578 0.00892578 0.00892578 0.08263207
 0.00892578 0.00892578 0.00892578 0.00892578 0.00892578 0.00892578
 0.00892578 0.05239518 0.00892578 0.00892578 0.11834692 0.17458602
 0.00892578 0.00892578 0.00892578 0.00892578 0.00892578 0.00892578]
Classification: 1.0 0.9429928741092637 67
本轮采样概率阵: [0.04952871 0.00892578 0.00892578 0.26424041 0.05297769 0.00892578
 0.00892578 0.00892578 0.00892578 0.00892578 0.00892578 0.08263207
 0.00892578 0.00892578 0.00892578 0.00892578 0.00892578 0.00892578
 0.00892578 0.05239518 0.00892578 0.00892578 0.11834692 0.17458602
 0.00892578 0.00892578 0.00892578 0.00892578 0.00892578 0.00892578]
客户端选择掩码: [1.0, 1.0, 0.0, 1.0, 1.0, 1.0, 1.0, 1.0, 1.0, 0.0, 1.0, 1.0, 1.0, 0.0, 0.0, 1.0, 1.0, 0.0, 0.0, 1.0, 0.0, 1.0, 1.0, 1.0, 1.0, 1.0, 0.0, 0.0, 1.0, 1.0]
/mnt/data/user_liangzhiyu/envs/fedcsl/lib/python3.8/site-packages/sklearn/utils/validation.py:63: RuntimeWarning:  Orthogonal matching pursuit ended prematurely due to linear
dependence in the dictionary. The requested precision might not have been met.

  return f(*args, **kwargs)
稀疏向量: [-2.65698147  0.          0.         -0.92888444  0.58949547  0.
  5.79951877  0.          0.          0.          0.         -2.31068305
  0.          0.          0.          0.          0.          0.
  0.          8.146979    0.          0.         -2.33512379 -5.70220709
  0.          0.          0.          0.          0.          0.25053528]
更新后概率: [0.07024051 0.00900866 0.00900866 0.06904547 0.0231493  0.00900866
 0.13544717 0.00900866 0.00900866 0.00900866 0.00900866 0.06821311
 0.00900866 0.00900866 0.00900866 0.00900866 0.00900866 0.00900866
 0.00900866 0.19745294 0.00900866 0.00900866 0.075212   0.16304898
 0.00900866 0.00900866 0.00900866 0.00900866 0.00900866 0.00900866]
Classification: 1.0 0.9433322022395657 68
本轮采样概率阵: [0.07024051 0.00900866 0.00900866 0.06904547 0.0231493  0.00900866
 0.13544717 0.00900866 0.00900866 0.00900866 0.00900866 0.06821311
 0.00900866 0.00900866 0.00900866 0.00900866 0.00900866 0.00900866
 0.00900866 0.19745294 0.00900866 0.00900866 0.075212   0.16304898
 0.00900866 0.00900866 0.00900866 0.00900866 0.00900866 0.00900866]
客户端选择掩码: [1.0, 0.0, 1.0, 1.0, 1.0, 1.0, 1.0, 0.0, 1.0, 1.0, 0.0, 1.0, 1.0, 0.0, 0.0, 0.0, 1.0, 1.0, 1.0, 1.0, 1.0, 1.0, 1.0, 1.0, 0.0, 1.0, 1.0, 1.0, 0.0, 0.0]
/mnt/data/user_liangzhiyu/envs/fedcsl/lib/python3.8/site-packages/sklearn/utils/validation.py:63: RuntimeWarning:  Orthogonal matching pursuit ended prematurely due to linear
dependence in the dictionary. The requested precision might not have been met.

  return f(*args, **kwargs)
稀疏向量: [ 0.64563197  0.          0.          0.         -0.2276354   1.78093668
  0.          0.          0.          0.          0.          0.
  2.18959155  0.          0.          0.          0.          0.
  0.          0.          0.          0.          0.          0.
  0.          0.         -3.4251555   0.          0.          0.        ]
更新后概率: [0.06549331 0.0091667  0.0091667  0.01265839 0.02279522 0.14678918
 0.02483208 0.0091667  0.0091667  0.0091667  0.0091667  0.01250579
 0.18009254 0.0091667  0.0091667  0.0091667  0.0091667  0.0091667
 0.0091667  0.03619985 0.0091667  0.0091667  0.01378892 0.02989243
 0.0091667  0.0091667  0.28078493 0.0091667  0.0091667  0.0091667 ]
Classification: 1.0 0.9436715303698676 69
本轮采样概率阵: [0.06549331 0.0091667  0.0091667  0.01265839 0.02279522 0.14678918
 0.02483208 0.0091667  0.0091667  0.0091667  0.0091667  0.01250579
 0.18009254 0.0091667  0.0091667  0.0091667  0.0091667  0.0091667
 0.0091667  0.03619985 0.0091667  0.0091667  0.01378892 0.02989243
 0.0091667  0.0091667  0.28078493 0.0091667  0.0091667  0.0091667 ]
客户端选择掩码: [1.0, 1.0, 0.0, 1.0, 0.0, 1.0, 1.0, 1.0, 0.0, 1.0, 0.0, 1.0, 1.0, 1.0, 1.0, 1.0, 0.0, 1.0, 1.0, 1.0, 1.0, 0.0, 1.0, 1.0, 0.0, 1.0, 1.0, 1.0, 0.0, 0.0]
/mnt/data/user_liangzhiyu/envs/fedcsl/lib/python3.8/site-packages/sklearn/utils/validation.py:63: RuntimeWarning:  Orthogonal matching pursuit ended prematurely due to linear
dependence in the dictionary. The requested precision might not have been met.

  return f(*args, **kwargs)
稀疏向量: [ 0.46540238  0.          0.          0.          0.19415067  0.
  0.          0.          0.          0.          0.          0.70522575
  0.57475535  0.98723658  0.          0.          0.         -1.21276863
  0.          0.          0.          0.          0.          0.
 -0.72319644  0.          0.          0.          0.          0.        ]
更新后概率: [0.08890999 0.00903594 0.00903594 0.00903594 0.02059762 0.02652756
 0.00903594 0.00903594 0.00903594 0.00903594 0.00903594 0.11905069
 0.12772989 0.16515036 0.00903594 0.00903594 0.00903594 0.20250015
 0.00903594 0.00903594 0.00903594 0.00903594 0.00903594 0.00903594
 0.00903594 0.00903594 0.05074311 0.00903594 0.00903594 0.00903594]
Classification: 1.0 0.9426535459789617 70
本轮采样概率阵: [0.08890999 0.00903594 0.00903594 0.00903594 0.02059762 0.02652756
 0.00903594 0.00903594 0.00903594 0.00903594 0.00903594 0.11905069
 0.12772989 0.16515036 0.00903594 0.00903594 0.00903594 0.20250015
 0.00903594 0.00903594 0.00903594 0.00903594 0.00903594 0.00903594
 0.00903594 0.00903594 0.05074311 0.00903594 0.00903594 0.00903594]
客户端选择掩码: [1.0, 1.0, 0.0, 1.0, 1.0, 1.0, 1.0, 1.0, 1.0, 0.0, 0.0, 1.0, 1.0, 1.0, 1.0, 1.0, 0.0, 1.0, 1.0, 0.0, 0.0, 0.0, 1.0, 1.0, 0.0, 0.0, 1.0, 1.0, 1.0, 1.0]
/mnt/data/user_liangzhiyu/envs/fedcsl/lib/python3.8/site-packages/sklearn/utils/validation.py:63: RuntimeWarning:  Orthogonal matching pursuit ended prematurely due to linear
dependence in the dictionary. The requested precision might not have been met.

  return f(*args, **kwargs)
稀疏向量: [  4.60218538   0.           0.           0.          -2.17042952
   0.          -4.83852825   0.           0.           5.22280198
   2.01206752   0.           6.43232064   0.           0.
   0.           0.           0.           0.           0.
   0.           0.           0.           0.           0.
   0.         -10.21694235   0.           0.           0.        ]
更新后概率: [0.12365611 0.00899536 0.00899536 0.00899536 0.05447929 0.00899536
 0.11481505 0.00899536 0.00899536 0.00899536 0.00899536 0.02141807
 0.17345309 0.02971172 0.00899536 0.00899536 0.00899536 0.03643122
 0.00899536 0.00899536 0.00899536 0.00899536 0.00899536 0.00899536
 0.00899536 0.00899536 0.24813763 0.00899536 0.00899536 0.00899536]
Classification: 1.0 0.9429928741092637 71
本轮采样概率阵: [0.12365611 0.00899536 0.00899536 0.00899536 0.05447929 0.00899536
 0.11481505 0.00899536 0.00899536 0.00899536 0.00899536 0.02141807
 0.17345309 0.02971172 0.00899536 0.00899536 0.00899536 0.03643122
 0.00899536 0.00899536 0.00899536 0.00899536 0.00899536 0.00899536
 0.00899536 0.00899536 0.24813763 0.00899536 0.00899536 0.00899536]
客户端选择掩码: [1.0, 0.0, 0.0, 0.0, 1.0, 1.0, 1.0, 0.0, 0.0, 1.0, 0.0, 1.0, 1.0, 1.0, 1.0, 1.0, 1.0, 1.0, 1.0, 1.0, 1.0, 0.0, 1.0, 1.0, 0.0, 0.0, 1.0, 1.0, 1.0, 1.0]
/mnt/data/user_liangzhiyu/envs/fedcsl/lib/python3.8/site-packages/sklearn/utils/validation.py:63: RuntimeWarning:  Orthogonal matching pursuit ended prematurely due to linear
dependence in the dictionary. The requested precision might not have been met.

  return f(*args, **kwargs)
稀疏向量: [  5.29553683   0.           0.          -2.26449204   0.5956987
  22.56866807   0.           0.           0.           0.
   0.           0.          14.48295008   0.           0.
   0.          -2.15277889   0.         -17.77331828   0.
   0.           0.           0.           0.         -13.93302352
   0.           0.           0.           0.          -6.00421171]
更新后概率: [0.074189   0.0091296  0.0091296  0.0091296  0.01575317 0.22159706
 0.02096432 0.0091296  0.0091296  0.0091296  0.0091296  0.0091296
 0.17282221 0.0091296  0.0091296  0.0091296  0.0226235  0.0091296
 0.17486151 0.0091296  0.0091296  0.0091296  0.0091296  0.0091296
 0.0091296  0.0091296  0.04530796 0.0091296  0.0091296  0.06015962]
Classification: 1.0 0.9440108585001696 72
本轮采样概率阵: [0.074189   0.0091296  0.0091296  0.0091296  0.01575317 0.22159706
 0.02096432 0.0091296  0.0091296  0.0091296  0.0091296  0.0091296
 0.17282221 0.0091296  0.0091296  0.0091296  0.0226235  0.0091296
 0.17486151 0.0091296  0.0091296  0.0091296  0.0091296  0.0091296
 0.0091296  0.0091296  0.04530796 0.0091296  0.0091296  0.06015962]
客户端选择掩码: [1.0, 0.0, 1.0, 1.0, 0.0, 1.0, 1.0, 0.0, 1.0, 1.0, 1.0, 1.0, 1.0, 1.0, 0.0, 1.0, 1.0, 1.0, 1.0, 0.0, 0.0, 1.0, 0.0, 0.0, 1.0, 0.0, 1.0, 1.0, 1.0, 1.0]
/mnt/data/user_liangzhiyu/envs/fedcsl/lib/python3.8/site-packages/sklearn/utils/validation.py:63: RuntimeWarning:  Orthogonal matching pursuit ended prematurely due to linear
dependence in the dictionary. The requested precision might not have been met.

  return f(*args, **kwargs)
稀疏向量: [ 1.16920622  0.          0.          0.          1.36179645  0.
  0.          0.          0.          0.          2.19014376  1.0769887
  0.         -0.95557435  0.          0.          1.36673217  0.
  0.          0.          0.          0.          0.          0.
  0.         -5.26562139  0.          0.          0.          0.        ]
更新后概率: [0.12866409 0.00912867 0.00912867 0.00912867 0.01438056 0.04045774
 0.00912867 0.00912867 0.00912867 0.00912867 0.2173067  0.1077063
 0.03155275 0.09575194 0.00912867 0.00912867 0.13869785 0.00912867
 0.03192507 0.00912867 0.00912867 0.00912867 0.00912867 0.00912867
 0.00912867 0.00912867 0.00912867 0.00912867 0.00912867 0.01098355]
Classification: 1.0 0.9429928741092637 73
本轮采样概率阵: [0.12866409 0.00912867 0.00912867 0.00912867 0.01438056 0.04045774
 0.00912867 0.00912867 0.00912867 0.00912867 0.2173067  0.1077063
 0.03155275 0.09575194 0.00912867 0.00912867 0.13869785 0.00912867
 0.03192507 0.00912867 0.00912867 0.00912867 0.00912867 0.00912867
 0.00912867 0.00912867 0.00912867 0.00912867 0.00912867 0.01098355]
客户端选择掩码: [1.0, 0.0, 0.0, 0.0, 1.0, 1.0, 1.0, 0.0, 1.0, 0.0, 1.0, 1.0, 1.0, 1.0, 0.0, 0.0, 1.0, 1.0, 1.0, 1.0, 0.0, 1.0, 1.0, 1.0, 1.0, 1.0, 1.0, 0.0, 1.0, 1.0]
/mnt/data/user_liangzhiyu/envs/fedcsl/lib/python3.8/site-packages/sklearn/utils/validation.py:63: RuntimeWarning:  Orthogonal matching pursuit ended prematurely due to linear
dependence in the dictionary. The requested precision might not have been met.

  return f(*args, **kwargs)
稀疏向量: [-3.48245634  0.          0.          0.          2.00001251  0.
 12.99062082  0.          0.          0.          2.55135361 -7.5900276
  4.6298044   3.58652028  0.          0.          0.          0.
 -5.69086102  0.          0.          0.          0.          0.
  0.          0.         -4.87090726  0.          0.         -3.35169417]
更新后概率: [0.07026948 0.00923089 0.00923089 0.00923089 0.02936943 0.00923089
 0.17520335 0.00923089 0.00923089 0.00923089 0.07419758 0.12126586
 0.06766632 0.06558331 0.00923089 0.00923089 0.0256061  0.00923089
 0.08190778 0.00923089 0.00923089 0.00923089 0.00923089 0.00923089
 0.00923089 0.00923089 0.06674689 0.00923089 0.00923089 0.04679693]
Classification: 1.0 0.9429928741092637 74
本轮采样概率阵: [0.07026948 0.00923089 0.00923089 0.00923089 0.02936943 0.00923089
 0.17520335 0.00923089 0.00923089 0.00923089 0.07419758 0.12126586
 0.06766632 0.06558331 0.00923089 0.00923089 0.0256061  0.00923089
 0.08190778 0.00923089 0.00923089 0.00923089 0.00923089 0.00923089
 0.00923089 0.00923089 0.06674689 0.00923089 0.00923089 0.04679693]
客户端选择掩码: [1.0, 1.0, 0.0, 1.0, 1.0, 0.0, 1.0, 1.0, 1.0, 0.0, 1.0, 1.0, 1.0, 1.0, 0.0, 1.0, 1.0, 0.0, 1.0, 1.0, 0.0, 1.0, 1.0, 0.0, 1.0, 0.0, 1.0, 1.0, 0.0, 1.0]
/mnt/data/user_liangzhiyu/envs/fedcsl/lib/python3.8/site-packages/sklearn/utils/validation.py:63: RuntimeWarning:  Orthogonal matching pursuit ended prematurely due to linear
dependence in the dictionary. The requested precision might not have been met.

  return f(*args, **kwargs)
稀疏向量: [ 4.25885197  0.          0.          0.         -0.04641994  0.
  0.          0.          0.          0.          4.98926755  0.
  5.2212727   0.          0.          0.          0.          0.
 -8.21562685  0.          0.          0.          0.          0.
  0.          0.          0.         -5.16439414  0.          0.        ]
更新后概率: [0.11577049 0.009185   0.009185   0.009185   0.009185   0.009185
 0.03218487 0.009185   0.009185   0.009185   0.13413346 0.02227655
 0.13853717 0.01204766 0.009185   0.009185   0.009185   0.009185
 0.21347451 0.009185   0.009185   0.009185   0.009185   0.009185
 0.009185   0.009185   0.01226141 0.12642882 0.009185   0.009185  ]
Classification: 1.0 0.9429928741092637 75
本轮采样概率阵: [0.11577049 0.009185   0.009185   0.009185   0.009185   0.009185
 0.03218487 0.009185   0.009185   0.009185   0.13413346 0.02227655
 0.13853717 0.01204766 0.009185   0.009185   0.009185   0.009185
 0.21347451 0.009185   0.009185   0.009185   0.009185   0.009185
 0.009185   0.009185   0.01226141 0.12642882 0.009185   0.009185  ]
客户端选择掩码: [1.0, 1.0, 1.0, 0.0, 0.0, 1.0, 1.0, 0.0, 1.0, 0.0, 1.0, 0.0, 1.0, 1.0, 0.0, 0.0, 1.0, 1.0, 1.0, 1.0, 1.0, 0.0, 1.0, 1.0, 1.0, 0.0, 1.0, 1.0, 1.0, 1.0]
/mnt/data/user_liangzhiyu/envs/fedcsl/lib/python3.8/site-packages/sklearn/utils/validation.py:63: RuntimeWarning:  Orthogonal matching pursuit ended prematurely due to linear
dependence in the dictionary. The requested precision might not have been met.

  return f(*args, **kwargs)
稀疏向量: [ 4.38879851  0.          0.          0.          0.59823637  0.
  0.          0.          0.          0.          6.14200705  4.42351857
  0.          0.          0.          0.          0.          0.
 -3.35463106  0.          0.          0.          0.         -2.4534459
  0.         -6.28876296  0.          0.         -2.46669101  0.        ]
更新后概率: [0.17217555 0.0089685  0.0089685  0.0089685  0.0089685  0.0089685
 0.0089685  0.0089685  0.0089685  0.0089685  0.23595352 0.01997871
 0.0248494  0.0089685  0.0089685  0.0089685  0.0089685  0.0089685
 0.15402282 0.0089685  0.0089685  0.0089685  0.0089685  0.08628931
 0.0089685  0.0089685  0.0089685  0.02267753 0.08674625 0.0089685 ]
Classification: 1.0 0.9423142178486597 76
本轮采样概率阵: [0.17217555 0.0089685  0.0089685  0.0089685  0.0089685  0.0089685
 0.0089685  0.0089685  0.0089685  0.0089685  0.23595352 0.01997871
 0.0248494  0.0089685  0.0089685  0.0089685  0.0089685  0.0089685
 0.15402282 0.0089685  0.0089685  0.0089685  0.0089685  0.08628931
 0.0089685  0.0089685  0.0089685  0.02267753 0.08674625 0.0089685 ]
客户端选择掩码: [1.0, 1.0, 1.0, 1.0, 0.0, 0.0, 0.0, 0.0, 1.0, 1.0, 1.0, 1.0, 1.0, 0.0, 0.0, 1.0, 1.0, 1.0, 1.0, 1.0, 1.0, 1.0, 0.0, 1.0, 1.0, 1.0, 0.0, 1.0, 1.0, 0.0]
/mnt/data/user_liangzhiyu/envs/fedcsl/lib/python3.8/site-packages/sklearn/utils/validation.py:63: RuntimeWarning:  Orthogonal matching pursuit ended prematurely due to linear
dependence in the dictionary. The requested precision might not have been met.

  return f(*args, **kwargs)
稀疏向量: [ 0.          0.          3.94321037  0.          1.3955288   0.
  0.          0.          0.          0.          6.61423997  0.
  0.          0.          0.          0.          0.          0.
  0.          0.          0.          0.         -4.31562425  0.
  0.          0.          0.          0.          0.         -6.63764804]
更新后概率: [0.03062919 0.00889476 0.24591846 0.00889476 0.00889476 0.00889476
 0.00889476 0.00889476 0.00889476 0.00889476 0.45179613 0.00889476
 0.00889476 0.00889476 0.00889476 0.00889476 0.00889476 0.00889476
 0.02739991 0.00889476 0.00889476 0.00889476 0.00889476 0.01535045
 0.00889476 0.00889476 0.00889476 0.00889476 0.01543173 0.00889476]
Classification: 1.0 0.9423142178486597 77
本轮采样概率阵: [0.03062919 0.00889476 0.24591846 0.00889476 0.00889476 0.00889476
 0.00889476 0.00889476 0.00889476 0.00889476 0.45179613 0.00889476
 0.00889476 0.00889476 0.00889476 0.00889476 0.00889476 0.00889476
 0.02739991 0.00889476 0.00889476 0.00889476 0.00889476 0.01535045
 0.00889476 0.00889476 0.00889476 0.00889476 0.01543173 0.00889476]
客户端选择掩码: [1.0, 0.0, 1.0, 0.0, 1.0, 1.0, 0.0, 1.0, 1.0, 0.0, 1.0, 0.0, 1.0, 0.0, 1.0, 1.0, 1.0, 1.0, 1.0, 1.0, 0.0, 1.0, 1.0, 1.0, 1.0, 1.0, 0.0, 0.0, 1.0, 1.0]
/mnt/data/user_liangzhiyu/envs/fedcsl/lib/python3.8/site-packages/sklearn/utils/validation.py:63: RuntimeWarning:  Orthogonal matching pursuit ended prematurely due to linear
dependence in the dictionary. The requested precision might not have been met.

  return f(*args, **kwargs)
稀疏向量: [ 29.03915428   0.           0.          30.95137384  -3.04588645
   0.           0.           0.           0.           0.
   0.           0.           0.          49.57524499   0.
   0.           0.           0.           0.           0.
   0.           0.           0.           0.           0.
   0.         -35.4648875    0.         -70.41638319   0.        ]
更新后概率: [0.18884981 0.00879901 0.04327677 0.00879901 0.02080819 0.00879901
 0.00879901 0.00879901 0.00879901 0.00879901 0.07950715 0.00879901
 0.00879901 0.00879901 0.00879901 0.00879901 0.00879901 0.00879901
 0.00879901 0.00879901 0.00879901 0.00879901 0.00879901 0.00879901
 0.00879901 0.00879901 0.00879901 0.00879901 0.44758289 0.00879901]
Classification: 1.0 0.9429928741092637 78
本轮采样概率阵: [0.18884981 0.00879901 0.04327677 0.00879901 0.02080819 0.00879901
 0.00879901 0.00879901 0.00879901 0.00879901 0.07950715 0.00879901
 0.00879901 0.00879901 0.00879901 0.00879901 0.00879901 0.00879901
 0.00879901 0.00879901 0.00879901 0.00879901 0.00879901 0.00879901
 0.00879901 0.00879901 0.00879901 0.00879901 0.44758289 0.00879901]
客户端选择掩码: [1.0, 1.0, 1.0, 0.0, 0.0, 0.0, 1.0, 0.0, 1.0, 1.0, 1.0, 1.0, 1.0, 0.0, 1.0, 1.0, 1.0, 0.0, 0.0, 1.0, 1.0, 1.0, 1.0, 1.0, 1.0, 1.0, 1.0, 0.0, 1.0, 0.0]
/mnt/data/user_liangzhiyu/envs/fedcsl/lib/python3.8/site-packages/sklearn/utils/validation.py:63: RuntimeWarning:  Orthogonal matching pursuit ended prematurely due to linear
dependence in the dictionary. The requested precision might not have been met.

  return f(*args, **kwargs)
稀疏向量: [ -14.71530139    0.            0.            0.           -7.92670418
    0.            0.            0.           73.76038365    0.
    0.          105.88352154    0.          -10.45021305    0.
    0.            0.         -112.55520192  -32.88768975    0.
    0.            0.            0.            0.            0.
    0.            0.            0.            0.            0.        ]
更新后概率: [0.08180782 0.00881402 0.00881402 0.00881402 0.01834039 0.00881402
 0.00881402 0.00881402 0.24474375 0.00881402 0.01401556 0.35065578
 0.00881402 0.00881402 0.00881402 0.00881402 0.00881402 0.00881402
 0.00881402 0.00881402 0.00881402 0.00881402 0.00881402 0.00881402
 0.00881402 0.00881402 0.00881402 0.00881402 0.07890013 0.00881402]
Classification: 1.0 0.9429928741092637 79
本轮采样概率阵: [0.08180782 0.00881402 0.00881402 0.00881402 0.01834039 0.00881402
 0.00881402 0.00881402 0.24474375 0.00881402 0.01401556 0.35065578
 0.00881402 0.00881402 0.00881402 0.00881402 0.00881402 0.00881402
 0.00881402 0.00881402 0.00881402 0.00881402 0.00881402 0.00881402
 0.00881402 0.00881402 0.00881402 0.00881402 0.07890013 0.00881402]
客户端选择掩码: [1.0, 0.0, 1.0, 1.0, 1.0, 0.0, 1.0, 1.0, 1.0, 0.0, 0.0, 1.0, 0.0, 1.0, 1.0, 0.0, 1.0, 0.0, 1.0, 1.0, 0.0, 1.0, 0.0, 1.0, 1.0, 1.0, 1.0, 1.0, 1.0, 1.0]
/mnt/data/user_liangzhiyu/envs/fedcsl/lib/python3.8/site-packages/sklearn/utils/validation.py:63: RuntimeWarning:  Orthogonal matching pursuit ended prematurely due to linear
dependence in the dictionary. The requested precision might not have been met.

  return f(*args, **kwargs)
稀疏向量: [  -9.93966328    0.            0.            0.           48.31017737
    0.            0.            0.            0.           46.50596471
    0.            0.            8.36198264   27.26204939    0.
    0.            0.            0.            0.            0.
    0.         -117.8269286     0.            0.            0.
    0.            0.            0.            0.            0.        ]
更新后概率: [0.04637398 0.0088904  0.0088904  0.0088904  0.15795558 0.0088904
 0.0088904  0.0088904  0.04351741 0.0088904  0.0124604  0.06234942
 0.0088904  0.08886329 0.0088904  0.0088904  0.0088904  0.0088904
 0.0088904  0.0088904  0.0088904  0.37886201 0.0088904  0.0088904
 0.0088904  0.0088904  0.0088904  0.0088904  0.01402908 0.0088904 ]
Classification: 1.0 0.9436715303698676 80
本轮采样概率阵: [0.04637398 0.0088904  0.0088904  0.0088904  0.15795558 0.0088904
 0.0088904  0.0088904  0.04351741 0.0088904  0.0124604  0.06234942
 0.0088904  0.08886329 0.0088904  0.0088904  0.0088904  0.0088904
 0.0088904  0.0088904  0.0088904  0.37886201 0.0088904  0.0088904
 0.0088904  0.0088904  0.0088904  0.0088904  0.01402908 0.0088904 ]
客户端选择掩码: [1.0, 1.0, 0.0, 0.0, 1.0, 1.0, 0.0, 0.0, 1.0, 1.0, 1.0, 1.0, 1.0, 1.0, 0.0, 0.0, 1.0, 0.0, 0.0, 1.0, 1.0, 1.0, 1.0, 1.0, 1.0, 1.0, 0.0, 1.0, 1.0, 1.0]
/mnt/data/user_liangzhiyu/envs/fedcsl/lib/python3.8/site-packages/sklearn/utils/validation.py:63: RuntimeWarning:  Orthogonal matching pursuit ended prematurely due to linear
dependence in the dictionary. The requested precision might not have been met.

  return f(*args, **kwargs)
稀疏向量: [ 218.10872245    0.            0.           69.82980256   14.34021217
    0.            0.            0.            0.            0.
  251.66188826    0.            0.            0.            0.
    0.            0.            0.            0.            0.
    0.            0.            0.         -167.70124939    0.
    0.         -138.75816595    0.            0.         -245.95730013]
更新后概率: [0.16960655 0.0090178  0.0090178  0.0090178  0.03908962 0.0090178
 0.0090178  0.0090178  0.0090178  0.0090178  0.18829511 0.01124509
 0.0090178  0.01602702 0.0090178  0.0090178  0.0090178  0.0090178
 0.0090178  0.0090178  0.0090178  0.06833002 0.0090178  0.12558108
 0.0090178  0.0090178  0.0090178  0.0090178  0.0090178  0.18343397]
Classification: 0.9994898826730148 0.9440108585001696 81
本轮采样概率阵: [0.16960655 0.0090178  0.0090178  0.0090178  0.03908962 0.0090178
 0.0090178  0.0090178  0.0090178  0.0090178  0.18829511 0.01124509
 0.0090178  0.01602702 0.0090178  0.0090178  0.0090178  0.0090178
 0.0090178  0.0090178  0.0090178  0.06833002 0.0090178  0.12558108
 0.0090178  0.0090178  0.0090178  0.0090178  0.0090178  0.18343397]
客户端选择掩码: [1.0, 0.0, 0.0, 0.0, 1.0, 0.0, 1.0, 0.0, 1.0, 0.0, 1.0, 1.0, 1.0, 1.0, 1.0, 1.0, 1.0, 0.0, 1.0, 0.0, 0.0, 1.0, 1.0, 1.0, 1.0, 1.0, 1.0, 1.0, 1.0, 1.0]
/mnt/data/user_liangzhiyu/envs/fedcsl/lib/python3.8/site-packages/sklearn/utils/validation.py:63: RuntimeWarning:  Orthogonal matching pursuit ended prematurely due to linear
dependence in the dictionary. The requested precision might not have been met.

  return f(*args, **kwargs)
稀疏向量: [ 16.05318887   0.           0.           0.         -20.23161336
   0.           0.           0.           0.           0.
   0.         106.9564151    0.          17.78667883   0.
   0.           0.           0.         -79.79863977   0.
   0.           0.           0.         -38.82662538   0.
   0.           0.           0.           0.           0.        ]
更新后概率: [0.06874776 0.00903182 0.00903182 0.00903182 0.05509134 0.00903182
 0.00903182 0.00903182 0.00903182 0.00903182 0.03401293 0.25594838
 0.00903182 0.04512107 0.00903182 0.00903182 0.00903182 0.00903182
 0.19107283 0.00903182 0.00903182 0.01234288 0.00903182 0.11485985
 0.00903182 0.00903182 0.00903182 0.00903182 0.00903182 0.03313484]
Classification: 1.0 0.9433322022395657 82
本轮采样概率阵: [0.06874776 0.00903182 0.00903182 0.00903182 0.05509134 0.00903182
 0.00903182 0.00903182 0.00903182 0.00903182 0.03401293 0.25594838
 0.00903182 0.04512107 0.00903182 0.00903182 0.00903182 0.00903182
 0.19107283 0.00903182 0.00903182 0.01234288 0.00903182 0.11485985
 0.00903182 0.00903182 0.00903182 0.00903182 0.00903182 0.03313484]
客户端选择掩码: [1.0, 0.0, 0.0, 0.0, 1.0, 1.0, 0.0, 1.0, 1.0, 0.0, 1.0, 1.0, 1.0, 1.0, 1.0, 1.0, 0.0, 1.0, 1.0, 1.0, 0.0, 1.0, 1.0, 1.0, 1.0, 0.0, 1.0, 0.0, 1.0, 1.0]
/mnt/data/user_liangzhiyu/envs/fedcsl/lib/python3.8/site-packages/sklearn/utils/validation.py:63: RuntimeWarning:  Orthogonal matching pursuit ended prematurely due to linear
dependence in the dictionary. The requested precision might not have been met.

  return f(*args, **kwargs)
稀疏向量: [ -16.79077789  166.09137137    0.            0.           47.49780582
  144.24555213    0.            0.            0.            0.
    0.            0.           -3.26331854    0.            0.
    0.            0.            0.            0.            0.
    0.         -187.41819411    0.         -145.66869649    0.
    0.            0.            0.            0.            0.        ]
更新后概率: [0.03302931 0.00907451 0.00907451 0.00907451 0.06813685 0.17819879
 0.00907451 0.00907451 0.00907451 0.00907451 0.00907451 0.04645211
 0.00907451 0.00907451 0.00907451 0.00907451 0.00907451 0.00907451
 0.03467784 0.00907451 0.00907451 0.23164394 0.00907451 0.19914749
 0.00907451 0.00907451 0.00907451 0.00907451 0.00907451 0.00907451]
Classification: 0.9996599217820099 0.9436715303698676 83
本轮采样概率阵: [0.03302931 0.00907451 0.00907451 0.00907451 0.06813685 0.17819879
 0.00907451 0.00907451 0.00907451 0.00907451 0.00907451 0.04645211
 0.00907451 0.00907451 0.00907451 0.00907451 0.00907451 0.00907451
 0.03467784 0.00907451 0.00907451 0.23164394 0.00907451 0.19914749
 0.00907451 0.00907451 0.00907451 0.00907451 0.00907451 0.00907451]
客户端选择掩码: [1.0, 0.0, 1.0, 1.0, 1.0, 1.0, 1.0, 1.0, 1.0, 1.0, 1.0, 1.0, 1.0, 0.0, 0.0, 1.0, 0.0, 1.0, 1.0, 1.0, 1.0, 1.0, 0.0, 1.0, 0.0, 1.0, 0.0, 1.0, 0.0, 0.0]
/mnt/data/user_liangzhiyu/envs/fedcsl/lib/python3.8/site-packages/sklearn/utils/validation.py:63: RuntimeWarning:  Orthogonal matching pursuit ended prematurely due to linear
dependence in the dictionary. The requested precision might not have been met.

  return f(*args, **kwargs)
稀疏向量: [  8.94607474   0.           0.           0.          10.93174981
   0.           0.           0.           0.         100.43262062
   0.           0.           0.          17.49799333   0.
   0.           0.           0.           0.           0.
   0.         -75.03103933   0.         -59.45692068   0.
   0.           0.           0.           0.           0.        ]
更新后概率: [0.02896729 0.00894047 0.00894047 0.00894047 0.04036355 0.03186361
 0.00894047 0.00894047 0.00894047 0.26051949 0.00894047 0.00894047
 0.00894047 0.00894047 0.00894047 0.00894047 0.00894047 0.00894047
 0.00894047 0.00894047 0.00894047 0.23483636 0.00894047 0.18887847
 0.00894047 0.00894047 0.00894047 0.00894047 0.00894047 0.00894047]
Classification: 1.0 0.9433322022395657 84
本轮采样概率阵: [0.02896729 0.00894047 0.00894047 0.00894047 0.04036355 0.03186361
 0.00894047 0.00894047 0.00894047 0.26051949 0.00894047 0.00894047
 0.00894047 0.00894047 0.00894047 0.00894047 0.00894047 0.00894047
 0.00894047 0.00894047 0.00894047 0.23483636 0.00894047 0.18887847
 0.00894047 0.00894047 0.00894047 0.00894047 0.00894047 0.00894047]
客户端选择掩码: [1.0, 1.0, 0.0, 1.0, 1.0, 1.0, 1.0, 1.0, 0.0, 1.0, 1.0, 0.0, 0.0, 1.0, 1.0, 1.0, 0.0, 1.0, 1.0, 1.0, 1.0, 1.0, 0.0, 1.0, 0.0, 1.0, 1.0, 1.0, 0.0, 0.0]
/mnt/data/user_liangzhiyu/envs/fedcsl/lib/python3.8/site-packages/sklearn/utils/validation.py:63: RuntimeWarning:  Orthogonal matching pursuit ended prematurely due to linear
dependence in the dictionary. The requested precision might not have been met.

  return f(*args, **kwargs)
稀疏向量: [  0.           0.           0.           0.           0.
   0.           0.           0.           0.          31.31052899
  17.56734481   0.          14.92268965  17.26683021   0.
   0.           0.           0.           0.           0.
   0.         -18.8701988  -36.85097618 -23.02611589   0.
   0.           0.           0.           0.           0.        ]
更新后概率: [0.00888059 0.00888059 0.00888059 0.00888059 0.00888059 0.00888059
 0.00888059 0.00888059 0.00888059 0.23559373 0.10781073 0.00888059
 0.00888059 0.10599364 0.00888059 0.00888059 0.00888059 0.00888059
 0.00888059 0.00888059 0.00888059 0.15581034 0.00888059 0.17277687
 0.00888059 0.00888059 0.00888059 0.00888059 0.00888059 0.00888059]
Classification: 1.0 0.9423142178486597 85
本轮采样概率阵: [0.00888059 0.00888059 0.00888059 0.00888059 0.00888059 0.00888059
 0.00888059 0.00888059 0.00888059 0.23559373 0.10781073 0.00888059
 0.00888059 0.10599364 0.00888059 0.00888059 0.00888059 0.00888059
 0.00888059 0.00888059 0.00888059 0.15581034 0.00888059 0.17277687
 0.00888059 0.00888059 0.00888059 0.00888059 0.00888059 0.00888059]
客户端选择掩码: [1.0, 0.0, 1.0, 1.0, 1.0, 1.0, 0.0, 1.0, 1.0, 1.0, 1.0, 1.0, 0.0, 1.0, 1.0, 0.0, 1.0, 0.0, 1.0, 0.0, 0.0, 1.0, 0.0, 1.0, 1.0, 1.0, 1.0, 1.0, 0.0, 1.0]
/mnt/data/user_liangzhiyu/envs/fedcsl/lib/python3.8/site-packages/sklearn/utils/validation.py:63: RuntimeWarning:  Orthogonal matching pursuit ended prematurely due to linear
dependence in the dictionary. The requested precision might not have been met.

  return f(*args, **kwargs)
稀疏向量: [  6.22958577   0.           0.           0.           0.
  36.65045548   0.           0.           0.           0.
   0.           0.          53.91823267   0.           0.
   0.           0.           0.         -69.03155783   0.
   0.         -26.49820991   0.           0.           0.
   0.           0.           0.           0.           0.        ]
更新后概率: [0.0312492  0.00895267 0.00895267 0.00895267 0.00895267 0.17608317
 0.00895267 0.00895267 0.00895267 0.04218386 0.01930388 0.00895267
 0.00895267 0.01897852 0.00895267 0.00895267 0.00895267 0.00895267
 0.33024981 0.00895267 0.00895267 0.15405653 0.00895267 0.03093629
 0.00895267 0.00895267 0.00895267 0.00895267 0.00895267 0.00895267]
Classification: 0.9996599217820099 0.9433322022395657 86
本轮采样概率阵: [0.0312492  0.00895267 0.00895267 0.00895267 0.00895267 0.17608317
 0.00895267 0.00895267 0.00895267 0.04218386 0.01930388 0.00895267
 0.00895267 0.01897852 0.00895267 0.00895267 0.00895267 0.00895267
 0.33024981 0.00895267 0.00895267 0.15405653 0.00895267 0.03093629
 0.00895267 0.00895267 0.00895267 0.00895267 0.00895267 0.00895267]
客户端选择掩码: [1.0, 0.0, 1.0, 0.0, 0.0, 1.0, 0.0, 0.0, 1.0, 1.0, 1.0, 1.0, 1.0, 1.0, 0.0, 1.0, 1.0, 0.0, 1.0, 0.0, 1.0, 1.0, 1.0, 1.0, 1.0, 1.0, 1.0, 1.0, 0.0, 1.0]
/mnt/data/user_liangzhiyu/envs/fedcsl/lib/python3.8/site-packages/sklearn/utils/validation.py:63: RuntimeWarning:  Orthogonal matching pursuit ended prematurely due to linear
dependence in the dictionary. The requested precision might not have been met.

  return f(*args, **kwargs)
稀疏向量: [  1.79594259   0.           0.           0.          -1.65466052
   0.           0.           0.           0.           0.
   0.          24.22161862   0.          17.7923769    0.
   0.           0.           0.           0.           0.
   0.           0.         -20.80051038 -19.71847349   0.
   0.           0.           0.           0.           0.        ]
更新后概率: [0.01978862 0.0090299  0.0090299  0.0090299  0.0090299  0.03180025
 0.0090299  0.0090299  0.0090299  0.0090299  0.0090299  0.19238947
 0.0090299  0.14356257 0.0090299  0.0090299  0.0090299  0.0090299
 0.05964243 0.0090299  0.0090299  0.02782229 0.16544437 0.16089231
 0.0090299  0.0090299  0.0090299  0.0090299  0.0090299  0.0090299 ]
Classification: 0.9996599217820099 0.9440108585001696 87
本轮采样概率阵: [0.01978862 0.0090299  0.0090299  0.0090299  0.0090299  0.03180025
 0.0090299  0.0090299  0.0090299  0.0090299  0.0090299  0.19238947
 0.0090299  0.14356257 0.0090299  0.0090299  0.0090299  0.0090299
 0.05964243 0.0090299  0.0090299  0.02782229 0.16544437 0.16089231
 0.0090299  0.0090299  0.0090299  0.0090299  0.0090299  0.0090299 ]
客户端选择掩码: [1.0, 0.0, 0.0, 1.0, 1.0, 1.0, 0.0, 0.0, 0.0, 0.0, 1.0, 1.0, 1.0, 1.0, 0.0, 1.0, 1.0, 1.0, 1.0, 0.0, 1.0, 1.0, 1.0, 1.0, 0.0, 1.0, 1.0, 1.0, 1.0, 1.0]
/mnt/data/user_liangzhiyu/envs/fedcsl/lib/python3.8/site-packages/sklearn/utils/validation.py:63: RuntimeWarning:  Orthogonal matching pursuit ended prematurely due to linear
dependence in the dictionary. The requested precision might not have been met.

  return f(*args, **kwargs)
稀疏向量: [ 28.68896281   0.           0.          42.30392565  -6.19367628
   0.           0.           0.           0.           0.
   0.           0.           5.28597841  25.14957586   0.
   0.           0.         -42.8341661    0.           0.
   0.           0.         -11.56049716 -39.00906044   0.
   0.           0.           0.           0.           0.        ]
更新后概率: [0.09981129 0.00916966 0.00916966 0.14348353 0.02242085 0.00916966
 0.00916966 0.00916966 0.00916966 0.00916966 0.00916966 0.03528293
 0.01937771 0.1106445  0.00916966 0.00916966 0.00916966 0.14526121
 0.01093802 0.00916966 0.00916966 0.00916966 0.06909893 0.16028776
 0.00916966 0.00916966 0.00916966 0.00916966 0.00916966 0.00916966]
Classification: 0.9994898826730148 0.9446895147607737 88
本轮采样概率阵: [0.09981129 0.00916966 0.00916966 0.14348353 0.02242085 0.00916966
 0.00916966 0.00916966 0.00916966 0.00916966 0.00916966 0.03528293
 0.01937771 0.1106445  0.00916966 0.00916966 0.00916966 0.14526121
 0.01093802 0.00916966 0.00916966 0.00916966 0.06909893 0.16028776
 0.00916966 0.00916966 0.00916966 0.00916966 0.00916966 0.00916966]
客户端选择掩码: [1.0, 0.0, 0.0, 1.0, 1.0, 1.0, 1.0, 1.0, 0.0, 0.0, 1.0, 1.0, 1.0, 1.0, 0.0, 1.0, 1.0, 1.0, 0.0, 1.0, 1.0, 1.0, 1.0, 1.0, 0.0, 0.0, 0.0, 1.0, 1.0, 1.0]
/mnt/data/user_liangzhiyu/envs/fedcsl/lib/python3.8/site-packages/sklearn/utils/validation.py:63: RuntimeWarning:  Orthogonal matching pursuit ended prematurely due to linear
dependence in the dictionary. The requested precision might not have been met.

  return f(*args, **kwargs)
稀疏向量: [  0.           0.           0.           0.         -25.42157083
   0.           0.           0.          72.07700245   0.
  50.30589306  78.00096685   0.         -33.83184246   0.
   0.           0.           0.         -95.74800394   0.
   0.           0.           0.         -43.03468789   0.
   0.           0.           0.           0.           0.        ]
更新后概率: [0.01810481 0.00906952 0.00906952 0.02602654 0.07731267 0.00906952
 0.00906952 0.00906952 0.00906952 0.00906952 0.14660684 0.2311398
 0.00906952 0.11754765 0.00906952 0.00906952 0.00906952 0.026349
 0.00992026 0.00906952 0.00906952 0.00906952 0.01253389 0.1530681
 0.00906952 0.00906952 0.00906952 0.00906952 0.00906952 0.00906952]
Classification: 1.0 0.9423142178486597 89
本轮采样概率阵: [0.01810481 0.00906952 0.00906952 0.02602654 0.07731267 0.00906952
 0.00906952 0.00906952 0.00906952 0.00906952 0.14660684 0.2311398
 0.00906952 0.11754765 0.00906952 0.00906952 0.00906952 0.026349
 0.00992026 0.00906952 0.00906952 0.00906952 0.01253389 0.1530681
 0.00906952 0.00906952 0.00906952 0.00906952 0.00906952 0.00906952]
客户端选择掩码: [1.0, 0.0, 1.0, 0.0, 1.0, 1.0, 1.0, 1.0, 0.0, 1.0, 1.0, 1.0, 1.0, 1.0, 1.0, 0.0, 1.0, 0.0, 0.0, 1.0, 1.0, 1.0, 1.0, 1.0, 1.0, 0.0, 0.0, 0.0, 1.0, 1.0]
/mnt/data/user_liangzhiyu/envs/fedcsl/lib/python3.8/site-packages/sklearn/utils/validation.py:63: RuntimeWarning:  Orthogonal matching pursuit ended prematurely due to linear
dependence in the dictionary. The requested precision might not have been met.

  return f(*args, **kwargs)
稀疏向量: [ -5.24121538   0.           0.           0.          -4.76712791
   0.           0.           0.           0.           0.
   0.          23.69267077   0.           4.60028868   0.
   0.           0.           0.         -17.20943355   0.
   0.           0.           0.           0.           0.
   0.           0.           0.           0.           0.        ]
更新后概率: [0.08895267 0.00886713 0.00886713 0.02307806 0.09169706 0.00886713
 0.00886713 0.00886713 0.00886713 0.00886713 0.02599963 0.42858326
 0.00886713 0.09610308 0.00886713 0.00886713 0.00886713 0.02336399
 0.00886713 0.00886713 0.00886713 0.00886713 0.00886713 0.02714548
 0.00886713 0.00886713 0.00886713 0.00886713 0.00886713 0.00886713]
Classification: 1.0 0.9433322022395657 90
本轮采样概率阵: [0.08895267 0.00886713 0.00886713 0.02307806 0.09169706 0.00886713
 0.00886713 0.00886713 0.00886713 0.00886713 0.02599963 0.42858326
 0.00886713 0.09610308 0.00886713 0.00886713 0.00886713 0.02336399
 0.00886713 0.00886713 0.00886713 0.00886713 0.00886713 0.02714548
 0.00886713 0.00886713 0.00886713 0.00886713 0.00886713 0.00886713]
客户端选择掩码: [1.0, 0.0, 1.0, 0.0, 1.0, 0.0, 1.0, 0.0, 1.0, 1.0, 1.0, 1.0, 1.0, 1.0, 1.0, 1.0, 0.0, 1.0, 1.0, 0.0, 1.0, 1.0, 1.0, 1.0, 1.0, 1.0, 0.0, 0.0, 0.0, 1.0]
/mnt/data/user_liangzhiyu/envs/fedcsl/lib/python3.8/site-packages/sklearn/utils/validation.py:63: RuntimeWarning:  Orthogonal matching pursuit ended prematurely due to linear
dependence in the dictionary. The requested precision might not have been met.

  return f(*args, **kwargs)
稀疏向量: [  9.08113476   0.           0.          10.66744212  -0.61320117
   0.           0.           0.           0.           0.
   0.           0.           0.           0.           0.
   0.           0.           0.           0.           0.
   0.           0.           0.         -17.8345709    0.
   0.           0.           0.           0.           0.        ]
更新后概率: [0.22645403 0.00881553 0.00881553 0.02034452 0.03039939 0.00881553
 0.00881553 0.00881553 0.00881553 0.00881553 0.00881553 0.07556373
 0.00881553 0.01694398 0.00881553 0.00881553 0.00881553 0.00881553
 0.00881553 0.00881553 0.00881553 0.00881553 0.00881553 0.41872172
 0.00881553 0.00881553 0.00881553 0.00881553 0.00881553 0.00881553]
Classification: 1.0 0.9433322022395657 91
本轮采样概率阵: [0.22645403 0.00881553 0.00881553 0.02034452 0.03039939 0.00881553
 0.00881553 0.00881553 0.00881553 0.00881553 0.00881553 0.07556373
 0.00881553 0.01694398 0.00881553 0.00881553 0.00881553 0.00881553
 0.00881553 0.00881553 0.00881553 0.00881553 0.00881553 0.41872172
 0.00881553 0.00881553 0.00881553 0.00881553 0.00881553 0.00881553]
客户端选择掩码: [1.0, 0.0, 1.0, 1.0, 1.0, 1.0, 1.0, 1.0, 1.0, 0.0, 0.0, 1.0, 1.0, 1.0, 0.0, 0.0, 1.0, 1.0, 1.0, 1.0, 0.0, 0.0, 1.0, 1.0, 1.0, 0.0, 1.0, 1.0, 1.0, 0.0]
/mnt/data/user_liangzhiyu/envs/fedcsl/lib/python3.8/site-packages/sklearn/utils/validation.py:63: RuntimeWarning:  Orthogonal matching pursuit ended prematurely due to linear
dependence in the dictionary. The requested precision might not have been met.

  return f(*args, **kwargs)
稀疏向量: [ -5.32681592   0.           0.          42.12077833  32.17062611
   0.           0.           0.           0.           0.
   0.           0.           0.           0.           0.
   0.           0.           0.           0.           0.
   0.         -67.04699078   0.           0.           0.
   0.           0.           0.           0.           0.        ]
更新后概率: [0.08289427 0.00876559 0.00876559 0.34511666 0.26619535 0.00876559
 0.00876559 0.00876559 0.00876559 0.00876559 0.00876559 0.01324721
 0.00876559 0.00876559 0.00876559 0.00876559 0.00876559 0.00876559
 0.00876559 0.00876559 0.00876559 0.00876559 0.00876559 0.07340683
 0.00876559 0.00876559 0.00876559 0.00876559 0.00876559 0.00876559]
Classification: 1.0 0.9423142178486597 92
本轮采样概率阵: [0.08289427 0.00876559 0.00876559 0.34511666 0.26619535 0.00876559
 0.00876559 0.00876559 0.00876559 0.00876559 0.00876559 0.01324721
 0.00876559 0.00876559 0.00876559 0.00876559 0.00876559 0.00876559
 0.00876559 0.00876559 0.00876559 0.00876559 0.00876559 0.07340683
 0.00876559 0.00876559 0.00876559 0.00876559 0.00876559 0.00876559]
客户端选择掩码: [1.0, 1.0, 1.0, 1.0, 1.0, 0.0, 1.0, 1.0, 0.0, 1.0, 0.0, 1.0, 0.0, 1.0, 1.0, 1.0, 1.0, 1.0, 1.0, 1.0, 0.0, 1.0, 0.0, 1.0, 0.0, 0.0, 0.0, 1.0, 1.0, 1.0]
/mnt/data/user_liangzhiyu/envs/fedcsl/lib/python3.8/site-packages/sklearn/utils/validation.py:63: RuntimeWarning:  Orthogonal matching pursuit ended prematurely due to linear
dependence in the dictionary. The requested precision might not have been met.

  return f(*args, **kwargs)
稀疏向量: [  0.           0.           0.           0.          25.94719711
   0.           0.           0.          45.27733823   0.
  19.2484146    0.           0.           0.           0.
   0.           0.           0.           0.           0.
   0.         -49.68986372 -12.78551659 -25.71207219   0.
   0.           0.           0.           0.           0.        ]
更新后概率: [0.01451531 0.00875531 0.00875531 0.06043209 0.21178716 0.00875531
 0.00875531 0.00875531 0.00875531 0.00875531 0.00875531 0.00875531
 0.00875531 0.00875531 0.00875531 0.00875531 0.00875531 0.00875531
 0.00875531 0.00875531 0.00875531 0.31785067 0.00875531 0.17653192
 0.00875531 0.00875531 0.00875531 0.00875531 0.00875531 0.00875531]
Classification: 1.0 0.9423142178486597 93
本轮采样概率阵: [0.01451531 0.00875531 0.00875531 0.06043209 0.21178716 0.00875531
 0.00875531 0.00875531 0.00875531 0.00875531 0.00875531 0.00875531
 0.00875531 0.00875531 0.00875531 0.00875531 0.00875531 0.00875531
 0.00875531 0.00875531 0.00875531 0.31785067 0.00875531 0.17653192
 0.00875531 0.00875531 0.00875531 0.00875531 0.00875531 0.00875531]
客户端选择掩码: [1.0, 0.0, 1.0, 1.0, 1.0, 1.0, 0.0, 1.0, 0.0, 0.0, 1.0, 0.0, 1.0, 0.0, 1.0, 1.0, 1.0, 1.0, 1.0, 0.0, 0.0, 1.0, 1.0, 1.0, 1.0, 1.0, 1.0, 1.0, 0.0, 1.0]
/mnt/data/user_liangzhiyu/envs/fedcsl/lib/python3.8/site-packages/sklearn/utils/validation.py:63: RuntimeWarning:  Orthogonal matching pursuit ended prematurely due to linear
dependence in the dictionary. The requested precision might not have been met.

  return f(*args, **kwargs)
稀疏向量: [  71.15920728    0.            0.            0.           41.78786589
    0.          -99.45455922    0.            0.          202.11081284
    0.            0.           34.58408994   51.70493156    0.
    0.            0.            0.            0.            0.
    0.            0.            0.            0.         -299.49693116
    0.            0.            0.            0.            0.        ]
更新后概率: [0.10669751 0.00887558 0.00887558 0.01072739 0.0987391  0.00887558
 0.00887558 0.00887558 0.00887558 0.00887558 0.00887558 0.00887558
 0.05215796 0.00887558 0.00887558 0.00887558 0.00887558 0.00887558
 0.00887558 0.00887558 0.00887558 0.05642216 0.00887558 0.03133645
 0.43978114 0.00887558 0.00887558 0.00887558 0.00887558 0.00887558]
Classification: 1.0 0.9433322022395657 94
本轮采样概率阵: [0.10669751 0.00887558 0.00887558 0.01072739 0.0987391  0.00887558
 0.00887558 0.00887558 0.00887558 0.00887558 0.00887558 0.00887558
 0.05215796 0.00887558 0.00887558 0.00887558 0.00887558 0.00887558
 0.00887558 0.00887558 0.00887558 0.05642216 0.00887558 0.03133645
 0.43978114 0.00887558 0.00887558 0.00887558 0.00887558 0.00887558]
客户端选择掩码: [1.0, 1.0, 1.0, 1.0, 1.0, 0.0, 0.0, 1.0, 1.0, 1.0, 1.0, 0.0, 1.0, 1.0, 0.0, 1.0, 0.0, 0.0, 1.0, 1.0, 0.0, 1.0, 0.0, 1.0, 1.0, 0.0, 1.0, 1.0, 1.0, 1.0]
/mnt/data/user_liangzhiyu/envs/fedcsl/lib/python3.8/site-packages/sklearn/utils/validation.py:63: RuntimeWarning:  Orthogonal matching pursuit ended prematurely due to linear
dependence in the dictionary. The requested precision might not have been met.

  return f(*args, **kwargs)
稀疏向量: [  0.           0.           0.           0.         -21.48206308
   0.           0.           0.           0.           0.
  18.29653724 106.33609969   0.           0.           0.
   0.           0.           0.         -61.93353035   0.
   0.           0.           0.         -39.51033026   0.
   0.           0.           0.           0.           0.        ]
更新后概率: [0.0191099  0.00895517 0.00895517 0.00895517 0.11795672 0.00895517
 0.00895517 0.00895517 0.00895517 0.00895517 0.08699272 0.00895517
 0.00934167 0.00895517 0.00895517 0.00895517 0.00895517 0.00895517
 0.29067789 0.00895517 0.00895517 0.01010541 0.00895517 0.19003554
 0.07876633 0.00895517 0.00895517 0.00895517 0.00895517 0.00895517]
Classification: 1.0 0.9436715303698676 95
本轮采样概率阵: [0.0191099  0.00895517 0.00895517 0.00895517 0.11795672 0.00895517
 0.00895517 0.00895517 0.00895517 0.00895517 0.08699272 0.00895517
 0.00934167 0.00895517 0.00895517 0.00895517 0.00895517 0.00895517
 0.29067789 0.00895517 0.00895517 0.01010541 0.00895517 0.19003554
 0.07876633 0.00895517 0.00895517 0.00895517 0.00895517 0.00895517]
客户端选择掩码: [1.0, 1.0, 0.0, 1.0, 1.0, 1.0, 0.0, 0.0, 0.0, 1.0, 1.0, 1.0, 0.0, 0.0, 0.0, 1.0, 1.0, 1.0, 1.0, 1.0, 1.0, 1.0, 1.0, 1.0, 1.0, 1.0, 1.0, 0.0, 1.0, 0.0]
/mnt/data/user_liangzhiyu/envs/fedcsl/lib/python3.8/site-packages/sklearn/utils/validation.py:63: RuntimeWarning:  Orthogonal matching pursuit ended prematurely due to linear
dependence in the dictionary. The requested precision might not have been met.

  return f(*args, **kwargs)
稀疏向量: [  74.83592811    0.            0.           51.18611598  -25.28836036
    0.            0.            0.            0.            0.
   61.20745775    0.            0.            0.            0.
    0.            0.            0.          -56.61881266    0.
    0.            0.            0.         -102.5561889     0.
    0.            0.            0.            0.            0.        ]
更新后概率: [0.13513107 0.00889907 0.00889907 0.09169416 0.06550792 0.00889907
 0.00889907 0.00889907 0.00889907 0.00889907 0.12322346 0.00889907
 0.00889907 0.00889907 0.00889907 0.00889907 0.00889907 0.00889907
 0.15139849 0.00889907 0.00889907 0.00889907 0.00889907 0.21434724
 0.01401895 0.00889907 0.00889907 0.00889907 0.00889907 0.00889907]
Classification: 1.0 0.9433322022395657 96
本轮采样概率阵: [0.13513107 0.00889907 0.00889907 0.09169416 0.06550792 0.00889907
 0.00889907 0.00889907 0.00889907 0.00889907 0.12322346 0.00889907
 0.00889907 0.00889907 0.00889907 0.00889907 0.00889907 0.00889907
 0.15139849 0.00889907 0.00889907 0.00889907 0.00889907 0.21434724
 0.01401895 0.00889907 0.00889907 0.00889907 0.00889907 0.00889907]
客户端选择掩码: [1.0, 0.0, 0.0, 1.0, 1.0, 1.0, 1.0, 1.0, 0.0, 1.0, 1.0, 1.0, 0.0, 0.0, 1.0, 1.0, 1.0, 1.0, 1.0, 0.0, 1.0, 0.0, 1.0, 1.0, 1.0, 1.0, 1.0, 0.0, 1.0, 0.0]
/mnt/data/user_liangzhiyu/envs/fedcsl/lib/python3.8/site-packages/sklearn/utils/validation.py:63: RuntimeWarning:  Orthogonal matching pursuit ended prematurely due to linear
dependence in the dictionary. The requested precision might not have been met.

  return f(*args, **kwargs)
稀疏向量: [  1.37500442   0.           0.           0.          -3.7349738
   0.           0.           0.           0.           0.
   0.          21.71397108  12.37537451   0.           0.
   0.           0.           0.         -30.63736401   0.
   0.           0.           0.           0.           0.
   0.           0.           0.           0.           0.        ]
更新后概率: [0.03971324 0.00889706 0.00889706 0.01631617 0.05421571 0.00889706
 0.00889706 0.00889706 0.00889706 0.00889706 0.02192653 0.24900915
 0.00889706 0.00889706 0.00889706 0.00889706 0.00889706 0.00889706
 0.37604565 0.00889706 0.00889706 0.00889706 0.00889706 0.0381412
 0.00889706 0.00889706 0.00889706 0.00889706 0.00889706 0.00889706]
Classification: 1.0 0.9433322022395657 97
本轮采样概率阵: [0.03971324 0.00889706 0.00889706 0.01631617 0.05421571 0.00889706
 0.00889706 0.00889706 0.00889706 0.00889706 0.02192653 0.24900915
 0.00889706 0.00889706 0.00889706 0.00889706 0.00889706 0.00889706
 0.37604565 0.00889706 0.00889706 0.00889706 0.00889706 0.0381412
 0.00889706 0.00889706 0.00889706 0.00889706 0.00889706 0.00889706]
客户端选择掩码: [1.0, 1.0, 0.0, 1.0, 1.0, 1.0, 1.0, 1.0, 1.0, 0.0, 1.0, 1.0, 1.0, 1.0, 1.0, 0.0, 1.0, 0.0, 1.0, 0.0, 1.0, 1.0, 0.0, 1.0, 0.0, 0.0, 1.0, 0.0, 1.0, 1.0]
/mnt/data/user_liangzhiyu/envs/fedcsl/lib/python3.8/site-packages/sklearn/utils/validation.py:63: RuntimeWarning:  Orthogonal matching pursuit ended prematurely due to linear
dependence in the dictionary. The requested precision might not have been met.

  return f(*args, **kwargs)
稀疏向量: [  1.96224968   0.           0.           0.          16.72736216
   0.           0.           0.           0.           0.
   0.           0.           0.          91.67775508   0.
   0.           0.           0.           0.           0.
   0.           0.         -20.90972899   0.           0.
   0.           0.           0.           0.         -88.47942483]
更新后概率: [0.01353607 0.00890237 0.00890237 0.00890237 0.0647664  0.00890237
 0.00890237 0.00890237 0.00890237 0.00890237 0.00890237 0.04433542
 0.00890237 0.30364463 0.00890237 0.00890237 0.00890237 0.00890237
 0.06695393 0.00890237 0.00890237 0.00890237 0.00890237 0.00890237
 0.00890237 0.00890237 0.00890237 0.00890237 0.00890237 0.29310675]
Classification: 1.0 0.9433322022395657 98
本轮采样概率阵: [0.01353607 0.00890237 0.00890237 0.00890237 0.0647664  0.00890237
 0.00890237 0.00890237 0.00890237 0.00890237 0.00890237 0.04433542
 0.00890237 0.30364463 0.00890237 0.00890237 0.00890237 0.00890237
 0.06695393 0.00890237 0.00890237 0.00890237 0.00890237 0.00890237
 0.00890237 0.00890237 0.00890237 0.00890237 0.00890237 0.29310675]
客户端选择掩码: [1.0, 0.0, 0.0, 1.0, 1.0, 1.0, 1.0, 1.0, 1.0, 1.0, 0.0, 1.0, 1.0, 1.0, 1.0, 1.0, 0.0, 1.0, 1.0, 1.0, 1.0, 0.0, 0.0, 1.0, 1.0, 0.0, 0.0, 1.0, 0.0, 1.0]
/mnt/data/user_liangzhiyu/envs/fedcsl/lib/python3.8/site-packages/sklearn/utils/validation.py:63: RuntimeWarning:  Orthogonal matching pursuit ended prematurely due to linear
dependence in the dictionary. The requested precision might not have been met.

  return f(*args, **kwargs)
稀疏向量: [  0.           0.           0.           0.           2.81815687
   0.           0.           0.           0.           0.
   0.          20.1430782    0.          33.18359909   0.
   0.           0.         -16.59100068   0.           0.
   0.           0.         -11.68097578  -0.28424218   0.
   0.           0.           0.           0.         -26.57546792]
更新后概率: [0.00884843 0.00884843 0.00884843 0.00884843 0.02988679 0.00884843
 0.00884843 0.00884843 0.00884843 0.00884843 0.00884843 0.13954193
 0.00884843 0.27069076 0.00884843 0.00884843 0.00884843 0.11004783
 0.01184874 0.00884843 0.00884843 0.00884843 0.00884843 0.00884843
 0.00884843 0.00884843 0.00884843 0.00884843 0.00884843 0.22562175]
Classification: 1.0 0.9429928741092637 99
本轮采样概率阵: [0.00884843 0.00884843 0.00884843 0.00884843 0.02988679 0.00884843
 0.00884843 0.00884843 0.00884843 0.00884843 0.00884843 0.13954193
 0.00884843 0.27069076 0.00884843 0.00884843 0.00884843 0.11004783
 0.01184874 0.00884843 0.00884843 0.00884843 0.00884843 0.00884843
 0.00884843 0.00884843 0.00884843 0.00884843 0.00884843 0.22562175]
客户端选择掩码: [1.0, 1.0, 1.0, 1.0, 1.0, 1.0, 1.0, 1.0, 0.0, 1.0, 0.0, 1.0, 0.0, 1.0, 1.0, 0.0, 1.0, 1.0, 0.0, 0.0, 1.0, 1.0, 0.0, 1.0, 1.0, 1.0, 0.0, 0.0, 1.0, 1.0]
/mnt/data/user_liangzhiyu/envs/fedcsl/lib/python3.8/site-packages/sklearn/utils/validation.py:63: RuntimeWarning:  Orthogonal matching pursuit ended prematurely due to linear
dependence in the dictionary. The requested precision might not have been met.

  return f(*args, **kwargs)
稀疏向量: [ 180.13111248    0.            0.            0.            0.
    0.            0.            0.            0.          468.88728751
  241.43056976    0.            0.            0.            0.
    0.            0.            0.         -277.51812326    0.
    0.         -379.23022051    0.         -223.16315339    0.
    0.            0.            0.            0.            0.        ]
更新后概率: [0.09658972 0.00899281 0.00899281 0.00899281 0.00899281 0.00899281
 0.00899281 0.00899281 0.00899281 0.24887511 0.00899281 0.02509749
 0.00899281 0.04868543 0.00899281 0.00899281 0.00899281 0.01979279
 0.01065535 0.00899281 0.00899281 0.20159141 0.00899281 0.11928413
 0.00899281 0.00899281 0.00899281 0.00899281 0.00899281 0.04057949]
Classification: 1.0 0.9433322022395657 100
本轮采样概率阵: [0.09658972 0.00899281 0.00899281 0.00899281 0.00899281 0.00899281
 0.00899281 0.00899281 0.00899281 0.24887511 0.00899281 0.02509749
 0.00899281 0.04868543 0.00899281 0.00899281 0.00899281 0.01979279
 0.01065535 0.00899281 0.00899281 0.20159141 0.00899281 0.11928413
 0.00899281 0.00899281 0.00899281 0.00899281 0.00899281 0.04057949]
客户端选择掩码: [1.0, 1.0, 1.0, 0.0, 1.0, 1.0, 1.0, 0.0, 1.0, 1.0, 1.0, 1.0, 1.0, 1.0, 0.0, 1.0, 0.0, 0.0, 0.0, 0.0, 1.0, 1.0, 1.0, 1.0, 1.0, 0.0, 0.0, 1.0, 1.0, 1.0]
/mnt/data/user_liangzhiyu/envs/fedcsl/lib/python3.8/site-packages/sklearn/utils/validation.py:63: RuntimeWarning:  Orthogonal matching pursuit ended prematurely due to linear
dependence in the dictionary. The requested precision might not have been met.

  return f(*args, **kwargs)
稀疏向量: [ 6.40553934e+00  0.00000000e+00  0.00000000e+00  0.00000000e+00
  0.00000000e+00  0.00000000e+00  0.00000000e+00  0.00000000e+00
  0.00000000e+00  5.77595423e+01  0.00000000e+00  0.00000000e+00
 -4.60605307e-02  0.00000000e+00  0.00000000e+00  0.00000000e+00
  0.00000000e+00  0.00000000e+00  0.00000000e+00  0.00000000e+00
  0.00000000e+00 -2.88221673e+01  0.00000000e+00 -3.33389349e+01
  0.00000000e+00  0.00000000e+00  0.00000000e+00  0.00000000e+00
  0.00000000e+00  0.00000000e+00]
更新后概率: [0.04968482 0.00885949 0.00885949 0.00885949 0.00885949 0.00885949
 0.00885949 0.00885949 0.00885949 0.33778688 0.00885949 0.00885949
 0.00885949 0.00885949 0.00885949 0.00885949 0.00885949 0.0175354
 0.00944009 0.00885949 0.00885949 0.18227141 0.00885949 0.19065372
 0.00885949 0.00885949 0.00885949 0.00885949 0.00885949 0.00885949]
Classification: 0.999829960891005 0.9440108585001696 101
本轮采样概率阵: [0.04968482 0.00885949 0.00885949 0.00885949 0.00885949 0.00885949
 0.00885949 0.00885949 0.00885949 0.33778688 0.00885949 0.00885949
 0.00885949 0.00885949 0.00885949 0.00885949 0.00885949 0.0175354
 0.00944009 0.00885949 0.00885949 0.18227141 0.00885949 0.19065372
 0.00885949 0.00885949 0.00885949 0.00885949 0.00885949 0.00885949]
客户端选择掩码: [1.0, 0.0, 1.0, 0.0, 0.0, 0.0, 1.0, 0.0, 1.0, 1.0, 1.0, 1.0, 1.0, 1.0, 1.0, 1.0, 1.0, 1.0, 0.0, 1.0, 1.0, 1.0, 0.0, 1.0, 1.0, 1.0, 0.0, 1.0, 1.0, 0.0]
/mnt/data/user_liangzhiyu/envs/fedcsl/lib/python3.8/site-packages/sklearn/utils/validation.py:63: RuntimeWarning:  Orthogonal matching pursuit ended prematurely due to linear
dependence in the dictionary. The requested precision might not have been met.

  return f(*args, **kwargs)
稀疏向量: [ 28.8647049    0.           0.           0.         -12.96579129
   0.           0.           0.           0.           0.
  30.27646356  57.5722329    0.           0.           0.
   0.           0.           0.         -44.10998589   0.
   0.           0.           0.         -57.81811973   0.
   0.           0.           0.           0.           0.        ]
更新后概率: [0.11633477 0.00883884 0.00883884 0.00883884 0.00883884 0.00883884
 0.00883884 0.00883884 0.00883884 0.05971287 0.1143781  0.2160838
 0.00883884 0.00883884 0.00883884 0.00883884 0.00883884 0.00883884
 0.00883884 0.00883884 0.00883884 0.03222135 0.00883884 0.24913698
 0.00883884 0.00883884 0.00883884 0.00883884 0.00883884 0.00883884]
Classification: 1.0 0.9433322022395657 102
本轮采样概率阵: [0.11633477 0.00883884 0.00883884 0.00883884 0.00883884 0.00883884
 0.00883884 0.00883884 0.00883884 0.05971287 0.1143781  0.2160838
 0.00883884 0.00883884 0.00883884 0.00883884 0.00883884 0.00883884
 0.00883884 0.00883884 0.00883884 0.03222135 0.00883884 0.24913698
 0.00883884 0.00883884 0.00883884 0.00883884 0.00883884 0.00883884]
客户端选择掩码: [1.0, 1.0, 1.0, 0.0, 1.0, 0.0, 0.0, 1.0, 0.0, 1.0, 1.0, 1.0, 1.0, 1.0, 1.0, 0.0, 0.0, 1.0, 1.0, 1.0, 0.0, 1.0, 0.0, 1.0, 1.0, 1.0, 1.0, 1.0, 1.0, 0.0]
/mnt/data/user_liangzhiyu/envs/fedcsl/lib/python3.8/site-packages/sklearn/utils/validation.py:63: RuntimeWarning:  Orthogonal matching pursuit ended prematurely due to linear
dependence in the dictionary. The requested precision might not have been met.

  return f(*args, **kwargs)
稀疏向量: [ 16.96609833   0.           0.           0.           0.
   0.           0.           0.           0.          97.28970979
   0.           0.           0.           0.           0.
   0.           0.           0.           0.           0.
   0.         -40.02254452  -7.27156587 -64.25357904   0.
   0.           0.           0.           0.           0.        ]
更新后概率: [0.07093495 0.00881886 0.00881886 0.00881886 0.00881886 0.00881886
 0.00881886 0.00881886 0.00881886 0.29963635 0.02017368 0.03811224
 0.00881886 0.00881886 0.00881886 0.00881886 0.00881886 0.00881886
 0.00881886 0.00881886 0.00881886 0.12461339 0.00881886 0.23487685
 0.00881886 0.00881886 0.00881886 0.00881886 0.00881886 0.00881886]
Classification: 0.999829960891005 0.9440108585001696 103
本轮采样概率阵: [0.07093495 0.00881886 0.00881886 0.00881886 0.00881886 0.00881886
 0.00881886 0.00881886 0.00881886 0.29963635 0.02017368 0.03811224
 0.00881886 0.00881886 0.00881886 0.00881886 0.00881886 0.00881886
 0.00881886 0.00881886 0.00881886 0.12461339 0.00881886 0.23487685
 0.00881886 0.00881886 0.00881886 0.00881886 0.00881886 0.00881886]
客户端选择掩码: [1.0, 0.0, 1.0, 1.0, 1.0, 1.0, 1.0, 1.0, 1.0, 1.0, 1.0, 1.0, 1.0, 0.0, 0.0, 0.0, 0.0, 0.0, 1.0, 0.0, 1.0, 1.0, 1.0, 1.0, 1.0, 1.0, 1.0, 0.0, 1.0, 0.0]
/mnt/data/user_liangzhiyu/envs/fedcsl/lib/python3.8/site-packages/sklearn/utils/validation.py:63: RuntimeWarning:  Orthogonal matching pursuit ended prematurely due to linear
dependence in the dictionary. The requested precision might not have been met.

  return f(*args, **kwargs)
稀疏向量: [ 50.16194487   0.           0.           0.         -22.0254079
   0.           0.           0.           0.           0.
  81.43700507  71.82793568   0.         -37.60661666   0.
   0.           0.           0.         -59.02305452   0.
   0.           0.           0.         -82.71536285   0.
   0.           0.           0.           0.           0.        ]
更新后概率: [0.10271159 0.00894693 0.00894693 0.00894693 0.04110394 0.00894693
 0.00894693 0.00894693 0.00894693 0.05361654 0.14975339 0.13571925
 0.00894693 0.00894693 0.00894693 0.00894693 0.00894693 0.00894693
 0.10749841 0.00894693 0.00894693 0.02229816 0.00894693 0.19046618
 0.00894693 0.00894693 0.00894693 0.00894693 0.00894693 0.00894693]
Classification: 1.0 0.9436715303698676 104
本轮采样概率阵: [0.10271159 0.00894693 0.00894693 0.00894693 0.04110394 0.00894693
 0.00894693 0.00894693 0.00894693 0.05361654 0.14975339 0.13571925
 0.00894693 0.00894693 0.00894693 0.00894693 0.00894693 0.00894693
 0.10749841 0.00894693 0.00894693 0.02229816 0.00894693 0.19046618
 0.00894693 0.00894693 0.00894693 0.00894693 0.00894693 0.00894693]
客户端选择掩码: [1.0, 1.0, 0.0, 1.0, 1.0, 1.0, 1.0, 0.0, 1.0, 1.0, 1.0, 1.0, 1.0, 1.0, 0.0, 1.0, 0.0, 0.0, 1.0, 1.0, 1.0, 1.0, 0.0, 1.0, 1.0, 1.0, 0.0, 0.0, 0.0, 1.0]
/mnt/data/user_liangzhiyu/envs/fedcsl/lib/python3.8/site-packages/sklearn/utils/validation.py:63: RuntimeWarning:  Orthogonal matching pursuit ended prematurely due to linear
dependence in the dictionary. The requested precision might not have been met.

  return f(*args, **kwargs)
稀疏向量: [ 14.86917658   0.           0.           0.           0.
   0.           0.           0.           0.          76.71428612
   0.           0.          -2.27519133   0.           0.
   0.           0.           0.           0.           0.
   0.         -35.49047376   0.         -51.52858829   0.
   0.           0.           0.           0.           0.        ]
更新后概率: [0.07299739 0.00901076 0.00901076 0.00901076 0.00901076 0.00901076
 0.00901076 0.00901076 0.00901076 0.29077737 0.02698784 0.02445867
 0.00994967 0.00901076 0.00901076 0.00901076 0.00901076 0.00901076
 0.01937285 0.00901076 0.00901076 0.13407116 0.00901076 0.2231483
 0.00901076 0.00901076 0.00901076 0.00901076 0.00901076 0.00901076]
Classification: 1.0 0.9436715303698676 105
本轮采样概率阵: [0.07299739 0.00901076 0.00901076 0.00901076 0.00901076 0.00901076
 0.00901076 0.00901076 0.00901076 0.29077737 0.02698784 0.02445867
 0.00994967 0.00901076 0.00901076 0.00901076 0.00901076 0.00901076
 0.01937285 0.00901076 0.00901076 0.13407116 0.00901076 0.2231483
 0.00901076 0.00901076 0.00901076 0.00901076 0.00901076 0.00901076]
客户端选择掩码: [1.0, 1.0, 0.0, 1.0, 1.0, 0.0, 1.0, 0.0, 1.0, 1.0, 1.0, 1.0, 1.0, 1.0, 0.0, 1.0, 0.0, 1.0, 1.0, 1.0, 1.0, 1.0, 0.0, 1.0, 0.0, 0.0, 1.0, 1.0, 0.0, 1.0]
/mnt/data/user_liangzhiyu/envs/fedcsl/lib/python3.8/site-packages/sklearn/utils/validation.py:63: RuntimeWarning:  Orthogonal matching pursuit ended prematurely due to linear
dependence in the dictionary. The requested precision might not have been met.

  return f(*args, **kwargs)
稀疏向量: [ -1.52671487   0.           0.           0.          31.09119433
   0.           0.           0.           0.           0.76345935
   0.           0.          17.37787705  18.21697651   0.
   0.           0.           0.           0.           0.
   0.         -64.37773151   0.           0.           0.
   0.           0.           0.           0.           0.        ]
更新后概率: [0.02064335 0.00896929 0.00896929 0.00896929 0.15534308 0.00896929
 0.00896929 0.00896929 0.00896929 0.05593616 0.00896929 0.00896929
 0.08770766 0.09168806 0.00896929 0.00896929 0.00896929 0.00896929
 0.00896929 0.00896929 0.00896929 0.34235842 0.00896929 0.04002963
 0.00896929 0.00896929 0.00896929 0.00896929 0.00896929 0.00896929]
Classification: 1.0 0.9440108585001696 106
本轮采样概率阵: [0.02064335 0.00896929 0.00896929 0.00896929 0.15534308 0.00896929
 0.00896929 0.00896929 0.00896929 0.05593616 0.00896929 0.00896929
 0.08770766 0.09168806 0.00896929 0.00896929 0.00896929 0.00896929
 0.00896929 0.00896929 0.00896929 0.34235842 0.00896929 0.04002963
 0.00896929 0.00896929 0.00896929 0.00896929 0.00896929 0.00896929]
客户端选择掩码: [1.0, 0.0, 0.0, 0.0, 1.0, 1.0, 1.0, 1.0, 1.0, 1.0, 1.0, 1.0, 1.0, 1.0, 1.0, 0.0, 1.0, 1.0, 1.0, 1.0, 0.0, 1.0, 0.0, 1.0, 1.0, 0.0, 1.0, 0.0, 0.0, 1.0]
/mnt/data/user_liangzhiyu/envs/fedcsl/lib/python3.8/site-packages/sklearn/utils/validation.py:63: RuntimeWarning:  Orthogonal matching pursuit ended prematurely due to linear
dependence in the dictionary. The requested precision might not have been met.

  return f(*args, **kwargs)
稀疏向量: [ -4.97293404   0.           0.           0.           0.
   0.           0.           0.           0.           7.1927994
   0.           0.           6.94265059   7.81292545   0.
   0.           0.           0.           0.           0.
   0.          -4.54415818 -11.21070117   0.           0.
   0.           0.           0.           0.           0.        ]
更新后概率: [0.10687476 0.00887976 0.00887976 0.00887976 0.02758819 0.00887976
 0.00887976 0.00887976 0.00887976 0.15921382 0.00887976 0.00887976
 0.15966468 0.17843332 0.00887976 0.00887976 0.00887976 0.00887976
 0.00887976 0.00887976 0.00887976 0.15511097 0.00887976 0.00887976
 0.00887976 0.00887976 0.00887976 0.00887976 0.00887976 0.00887976]
Classification: 1.0 0.9443501866304717 107
本轮采样概率阵: [0.10687476 0.00887976 0.00887976 0.00887976 0.02758819 0.00887976
 0.00887976 0.00887976 0.00887976 0.15921382 0.00887976 0.00887976
 0.15966468 0.17843332 0.00887976 0.00887976 0.00887976 0.00887976
 0.00887976 0.00887976 0.00887976 0.15511097 0.00887976 0.00887976
 0.00887976 0.00887976 0.00887976 0.00887976 0.00887976 0.00887976]
客户端选择掩码: [1.0, 1.0, 1.0, 1.0, 1.0, 0.0, 1.0, 0.0, 1.0, 1.0, 1.0, 0.0, 1.0, 1.0, 1.0, 1.0, 1.0, 1.0, 0.0, 1.0, 1.0, 1.0, 0.0, 1.0, 0.0, 0.0, 1.0, 0.0, 0.0, 1.0]
/mnt/data/user_liangzhiyu/envs/fedcsl/lib/python3.8/site-packages/sklearn/utils/validation.py:63: RuntimeWarning:  Orthogonal matching pursuit ended prematurely due to linear
dependence in the dictionary. The requested precision might not have been met.

  return f(*args, **kwargs)
稀疏向量: [ 11.22670243  20.55790168   0.           0.           0.
   0.           0.           0.           0.           0.
   0.           0.           0.           0.           0.
   0.           0.           0.           0.           0.
   0.           0.           0.         -30.41214408   0.
   0.           0.           0.           0.           0.        ]
更新后概率: [0.13753027 0.2185224  0.00891681 0.00891681 0.00891681 0.00891681
 0.00891681 0.00891681 0.00891681 0.02839359 0.00891681 0.00891681
 0.028474   0.03182113 0.00891681 0.00891681 0.00891681 0.00891681
 0.00891681 0.00891681 0.00891681 0.02766191 0.00891681 0.32251005
 0.00891681 0.00891681 0.00891681 0.00891681 0.00891681 0.00891681]
Classification: 1.0 0.9453681710213777 108
本轮采样概率阵: [0.13753027 0.2185224  0.00891681 0.00891681 0.00891681 0.00891681
 0.00891681 0.00891681 0.00891681 0.02839359 0.00891681 0.00891681
 0.028474   0.03182113 0.00891681 0.00891681 0.00891681 0.00891681
 0.00891681 0.00891681 0.00891681 0.02766191 0.00891681 0.32251005
 0.00891681 0.00891681 0.00891681 0.00891681 0.00891681 0.00891681]
客户端选择掩码: [1.0, 1.0, 0.0, 0.0, 1.0, 1.0, 1.0, 1.0, 0.0, 1.0, 0.0, 1.0, 1.0, 1.0, 1.0, 0.0, 1.0, 1.0, 1.0, 1.0, 1.0, 1.0, 0.0, 1.0, 0.0, 1.0, 0.0, 1.0, 0.0, 1.0]
/mnt/data/user_liangzhiyu/envs/fedcsl/lib/python3.8/site-packages/sklearn/utils/validation.py:63: RuntimeWarning:  Orthogonal matching pursuit ended prematurely due to linear
dependence in the dictionary. The requested precision might not have been met.

  return f(*args, **kwargs)
稀疏向量: [  49.45098228    0.            0.            0.            0.
    0.            0.            0.            0.           58.95979898
   93.32779109    0.           59.83809613    0.            0.
    0.            0.            0.          -64.58746677    0.
    0.          -23.04526389    0.            0.            0.
    0.            0.         -106.36583668  -66.13012845    0.        ]
更新后概率: [0.11506563 0.03930315 0.00899293 0.00899293 0.00899293 0.00899293
 0.00899293 0.00899293 0.00899293 0.11280573 0.00899293 0.00899293
 0.11442453 0.00899293 0.00899293 0.00899293 0.00899293 0.00899293
 0.11958244 0.00899293 0.00899293 0.04707086 0.00899293 0.05800623
 0.00899293 0.00899293 0.00899293 0.19589688 0.00899293 0.00899293]
Classification: 1.0 0.9443501866304717 109
本轮采样概率阵: [0.11506563 0.03930315 0.00899293 0.00899293 0.00899293 0.00899293
 0.00899293 0.00899293 0.00899293 0.11280573 0.00899293 0.00899293
 0.11442453 0.00899293 0.00899293 0.00899293 0.00899293 0.00899293
 0.11958244 0.00899293 0.00899293 0.04707086 0.00899293 0.05800623
 0.00899293 0.00899293 0.00899293 0.19589688 0.00899293 0.00899293]
客户端选择掩码: [1.0, 1.0, 1.0, 1.0, 0.0, 1.0, 0.0, 1.0, 1.0, 1.0, 1.0, 0.0, 1.0, 1.0, 0.0, 1.0, 1.0, 1.0, 1.0, 1.0, 0.0, 1.0, 0.0, 1.0, 0.0, 1.0, 0.0, 1.0, 1.0, 0.0]
/mnt/data/user_liangzhiyu/envs/fedcsl/lib/python3.8/site-packages/sklearn/utils/validation.py:63: RuntimeWarning:  Orthogonal matching pursuit ended prematurely due to linear
dependence in the dictionary. The requested precision might not have been met.

  return f(*args, **kwargs)
稀疏向量: [  0.           0.           0.           0.           0.
   0.           0.           0.           0.          31.62315771
   0.           0.           0.           0.           0.
   0.           0.           0.           0.           0.
   0.         -11.7278151   -7.36062244 -11.06693411   0.
   0.           0.           0.           0.           0.        ]
更新后概率: [0.02058748 0.00894597 0.00894597 0.00894597 0.00894597 0.00894597
 0.00894597 0.00894597 0.00894597 0.40241471 0.00894597 0.00894597
 0.02047278 0.00894597 0.00894597 0.00894597 0.00894597 0.00894597
 0.02139563 0.00894597 0.00894597 0.15017691 0.00894597 0.14414534
 0.00894597 0.00894597 0.00894597 0.03504977 0.00894597 0.00894597]
Classification: 0.999829960891005 0.9450288428910757 110
本轮采样概率阵: [0.02058748 0.00894597 0.00894597 0.00894597 0.00894597 0.00894597
 0.00894597 0.00894597 0.00894597 0.40241471 0.00894597 0.00894597
 0.02047278 0.00894597 0.00894597 0.00894597 0.00894597 0.00894597
 0.02139563 0.00894597 0.00894597 0.15017691 0.00894597 0.14414534
 0.00894597 0.00894597 0.00894597 0.03504977 0.00894597 0.00894597]
客户端选择掩码: [1.0, 0.0, 1.0, 1.0, 1.0, 1.0, 1.0, 1.0, 1.0, 1.0, 0.0, 1.0, 1.0, 0.0, 0.0, 1.0, 1.0, 0.0, 1.0, 0.0, 0.0, 1.0, 1.0, 1.0, 1.0, 0.0, 0.0, 1.0, 1.0, 1.0]
/mnt/data/user_liangzhiyu/envs/fedcsl/lib/python3.8/site-packages/sklearn/utils/validation.py:63: RuntimeWarning:  Orthogonal matching pursuit ended prematurely due to linear
dependence in the dictionary. The requested precision might not have been met.

  return f(*args, **kwargs)
稀疏向量: [  0.           0.           0.           0.          -2.32754499
   0.           0.           0.           0.           0.
   0.           0.          17.53579749  33.0283536    0.
   0.           0.           0.           0.           0.
   0.           0.         -30.84680764 -15.81151232   0.
   0.           0.           0.           0.           0.        ]
更新后概率: [0.00890782 0.00890782 0.00890782 0.00890782 0.02452048 0.00890782
 0.00890782 0.00890782 0.00890782 0.07169274 0.00890782 0.00890782
 0.17637784 0.00890782 0.00890782 0.00890782 0.00890782 0.00890782
 0.00890782 0.00890782 0.00890782 0.02675497 0.30543991 0.18142641
 0.00890782 0.00890782 0.00890782 0.00890782 0.00890782 0.00890782]
Classification: 1.0 0.9443501866304717 111
本轮采样概率阵: [0.00890782 0.00890782 0.00890782 0.00890782 0.02452048 0.00890782
 0.00890782 0.00890782 0.00890782 0.07169274 0.00890782 0.00890782
 0.17637784 0.00890782 0.00890782 0.00890782 0.00890782 0.00890782
 0.00890782 0.00890782 0.00890782 0.02675497 0.30543991 0.18142641
 0.00890782 0.00890782 0.00890782 0.00890782 0.00890782 0.00890782]
客户端选择掩码: [1.0, 0.0, 1.0, 0.0, 1.0, 0.0, 1.0, 1.0, 1.0, 1.0, 1.0, 1.0, 1.0, 0.0, 0.0, 1.0, 1.0, 1.0, 1.0, 1.0, 0.0, 1.0, 1.0, 1.0, 0.0, 0.0, 0.0, 1.0, 1.0, 1.0]
/mnt/data/user_liangzhiyu/envs/fedcsl/lib/python3.8/site-packages/sklearn/utils/validation.py:63: RuntimeWarning:  Orthogonal matching pursuit ended prematurely due to linear
dependence in the dictionary. The requested precision might not have been met.

  return f(*args, **kwargs)
稀疏向量: [   0.            0.            0.            0.          -35.26064211
    0.            0.            0.            0.            0.
    0.          447.52694782    0.          187.27843533    0.
    0.            0.            0.            0.            0.
    0.            0.         -222.3927276  -369.20796954    0.
    0.            0.            0.            0.            0.        ]
更新后概率: [0.00885319 0.00885319 0.00885319 0.00885319 0.02572259 0.00885319
 0.00885319 0.00885319 0.00885319 0.01269419 0.00885319 0.27294295
 0.03123012 0.00885319 0.00885319 0.00885319 0.00885319 0.00885319
 0.00885319 0.00885319 0.00885319 0.00885319 0.188934   0.25599967
 0.00885319 0.00885319 0.00885319 0.00885319 0.00885319 0.00885319]
Classification: 1.0 0.9433322022395657 112
本轮采样概率阵: [0.00885319 0.00885319 0.00885319 0.00885319 0.02572259 0.00885319
 0.00885319 0.00885319 0.00885319 0.01269419 0.00885319 0.27294295
 0.03123012 0.00885319 0.00885319 0.00885319 0.00885319 0.00885319
 0.00885319 0.00885319 0.00885319 0.00885319 0.188934   0.25599967
 0.00885319 0.00885319 0.00885319 0.00885319 0.00885319 0.00885319]
客户端选择掩码: [1.0, 1.0, 1.0, 0.0, 1.0, 0.0, 1.0, 0.0, 1.0, 1.0, 0.0, 1.0, 1.0, 1.0, 1.0, 1.0, 0.0, 1.0, 0.0, 1.0, 1.0, 0.0, 1.0, 1.0, 1.0, 1.0, 1.0, 1.0, 0.0, 0.0]
/mnt/data/user_liangzhiyu/envs/fedcsl/lib/python3.8/site-packages/sklearn/utils/validation.py:63: RuntimeWarning:  Orthogonal matching pursuit ended prematurely due to linear
dependence in the dictionary. The requested precision might not have been met.

  return f(*args, **kwargs)
稀疏向量: [ -7.17696632   0.           0.           0.          -5.24267544
   0.           0.           0.           0.           0.
   0.          30.05401995   0.           0.           0.
   0.           0.           0.         -16.58536016   0.
   0.           0.           0.           0.           0.
   0.           0.           0.           0.           0.        ]
更新后概率: [0.1110003  0.00879703 0.00879703 0.00879703 0.08447201 0.00879703
 0.00879703 0.00879703 0.00879703 0.00879703 0.00879703 0.50632011
 0.00879703 0.00879703 0.00879703 0.00879703 0.00879703 0.00879703
 0.00879703 0.00879703 0.00879703 0.00879703 0.03324116 0.04504073
 0.00879703 0.00879703 0.00879703 0.00879703 0.00879703 0.00879703]
Classification: 1.0 0.9436715303698676 113
本轮采样概率阵: [0.1110003  0.00879703 0.00879703 0.00879703 0.08447201 0.00879703
 0.00879703 0.00879703 0.00879703 0.00879703 0.00879703 0.50632011
 0.00879703 0.00879703 0.00879703 0.00879703 0.00879703 0.00879703
 0.00879703 0.00879703 0.00879703 0.00879703 0.03324116 0.04504073
 0.00879703 0.00879703 0.00879703 0.00879703 0.00879703 0.00879703]
客户端选择掩码: [1.0, 0.0, 1.0, 1.0, 1.0, 0.0, 1.0, 1.0, 0.0, 0.0, 0.0, 1.0, 1.0, 1.0, 1.0, 1.0, 1.0, 1.0, 1.0, 1.0, 0.0, 0.0, 1.0, 1.0, 1.0, 0.0, 1.0, 1.0, 0.0, 1.0]
/mnt/data/user_liangzhiyu/envs/fedcsl/lib/python3.8/site-packages/sklearn/utils/validation.py:63: RuntimeWarning:  Orthogonal matching pursuit ended prematurely due to linear
dependence in the dictionary. The requested precision might not have been met.

  return f(*args, **kwargs)
稀疏向量: [   0.            0.            0.            0.            0.
    0.            0.            0.            0.            0.
    0.          150.80933341    0.           97.52170668    0.
    0.            0.            0.            0.            0.
    0.            0.         -111.08922211 -133.33182868    0.
    0.            0.            0.            0.            0.        ]
更新后概率: [0.01956925 0.00881496 0.00881496 0.00881496 0.01489234 0.00881496
 0.00881496 0.00881496 0.00881496 0.00881496 0.00881496 0.28800493
 0.00881496 0.13006799 0.00881496 0.00881496 0.00881496 0.00881496
 0.00881496 0.00881496 0.00881496 0.00881496 0.15225716 0.1836494
 0.00881496 0.00881496 0.00881496 0.00881496 0.00881496 0.00881496]
Classification: 1.0 0.9433322022395657 114
本轮采样概率阵: [0.01956925 0.00881496 0.00881496 0.00881496 0.01489234 0.00881496
 0.00881496 0.00881496 0.00881496 0.00881496 0.00881496 0.28800493
 0.00881496 0.13006799 0.00881496 0.00881496 0.00881496 0.00881496
 0.00881496 0.00881496 0.00881496 0.00881496 0.15225716 0.1836494
 0.00881496 0.00881496 0.00881496 0.00881496 0.00881496 0.00881496]
客户端选择掩码: [1.0, 1.0, 0.0, 1.0, 1.0, 1.0, 0.0, 1.0, 1.0, 1.0, 1.0, 1.0, 0.0, 1.0, 1.0, 0.0, 1.0, 0.0, 1.0, 0.0, 0.0, 0.0, 1.0, 1.0, 1.0, 1.0, 0.0, 1.0, 1.0, 1.0]
/mnt/data/user_liangzhiyu/envs/fedcsl/lib/python3.8/site-packages/sklearn/utils/validation.py:63: RuntimeWarning:  Orthogonal matching pursuit ended prematurely due to linear
dependence in the dictionary. The requested precision might not have been met.

  return f(*args, **kwargs)
稀疏向量: [ -0.20842521   0.           0.           0.           0.
  27.01279825   0.           0.           0.           0.
   0.           0.           0.           0.           0.
   0.           0.           0.         -10.74648565   0.
   0.         -15.01046497   0.           0.           0.
   0.           0.           0.           0.           0.        ]
更新后概率: [0.0088746  0.0088746  0.0088746  0.0088746  0.0088746  0.46661059
 0.0088746  0.0088746  0.0088746  0.0088746  0.0088746  0.05111859
 0.0088746  0.02308604 0.0088746  0.0088746  0.0088746  0.0088746
 0.18657356 0.0088746  0.0088746  0.0088746  0.02702444 0.03259631
 0.0088746  0.0088746  0.0088746  0.0088746  0.0088746  0.0088746 ]
Classification: 0.9996599217820099 0.9426535459789617 115
本轮采样概率阵: [0.0088746  0.0088746  0.0088746  0.0088746  0.0088746  0.46661059
 0.0088746  0.0088746  0.0088746  0.0088746  0.0088746  0.05111859
 0.0088746  0.02308604 0.0088746  0.0088746  0.0088746  0.0088746
 0.18657356 0.0088746  0.0088746  0.0088746  0.02702444 0.03259631
 0.0088746  0.0088746  0.0088746  0.0088746  0.0088746  0.0088746 ]
客户端选择掩码: [1.0, 1.0, 1.0, 1.0, 1.0, 1.0, 0.0, 0.0, 1.0, 0.0, 1.0, 1.0, 1.0, 1.0, 0.0, 0.0, 1.0, 1.0, 1.0, 1.0, 0.0, 1.0, 1.0, 1.0, 1.0, 0.0, 1.0, 0.0, 1.0, 0.0]
/mnt/data/user_liangzhiyu/envs/fedcsl/lib/python3.8/site-packages/sklearn/utils/validation.py:63: RuntimeWarning:  Orthogonal matching pursuit ended prematurely due to linear
dependence in the dictionary. The requested precision might not have been met.

  return f(*args, **kwargs)
稀疏向量: [ -0.91873761   0.           0.           0.           0.
  37.84537986   0.           0.           0.           0.
   0.           0.           0.           0.           0.
   0.           0.           0.         -14.12390772   0.
   0.         -21.7351793    0.           0.           0.
   0.           0.           0.           0.           0.        ]
更新后概率: [0.00958643 0.00884554 0.00884554 0.00884554 0.00884554 0.41276727
 0.00884554 0.00884554 0.00884554 0.00884554 0.00884554 0.00904343
 0.00884554 0.00884554 0.00884554 0.00884554 0.00884554 0.00884554
 0.15624465 0.00884554 0.00884554 0.19121972 0.00884554 0.00884554
 0.00884554 0.00884554 0.00884554 0.00884554 0.00884554 0.00884554]
Classification: 0.9996599217820099 0.9433322022395657 116
本轮采样概率阵: [0.00958643 0.00884554 0.00884554 0.00884554 0.00884554 0.41276727
 0.00884554 0.00884554 0.00884554 0.00884554 0.00884554 0.00904343
 0.00884554 0.00884554 0.00884554 0.00884554 0.00884554 0.00884554
 0.15624465 0.00884554 0.00884554 0.19121972 0.00884554 0.00884554
 0.00884554 0.00884554 0.00884554 0.00884554 0.00884554 0.00884554]
客户端选择掩码: [0.0, 1.0, 1.0, 1.0, 1.0, 1.0, 0.0, 1.0, 1.0, 0.0, 1.0, 1.0, 1.0, 1.0, 0.0, 0.0, 0.0, 1.0, 1.0, 1.0, 1.0, 1.0, 1.0, 1.0, 1.0, 1.0, 0.0, 0.0, 1.0, 0.0]
/mnt/data/user_liangzhiyu/envs/fedcsl/lib/python3.8/site-packages/sklearn/utils/validation.py:63: RuntimeWarning:  Orthogonal matching pursuit ended prematurely due to linear
dependence in the dictionary. The requested precision might not have been met.

  return f(*args, **kwargs)
稀疏向量: [  29.30380967    0.            0.          218.65494947  -35.50057053
    0.            0.            0.            0.            0.
    0.            0.            0.            0.            0.
    0.            0.            0.         -111.15480239    0.
    0.            0.            0.          -97.88007711    0.
    0.            0.            0.            0.            0.        ]
更新后概率: [0.00882556 0.00882556 0.00882556 0.30807798 0.05132703 0.07285802
 0.00882556 0.00882556 0.00882556 0.00882556 0.00882556 0.00882556
 0.00882556 0.00882556 0.00882556 0.00882556 0.00882556 0.00882556
 0.18339884 0.00882556 0.00882556 0.03375241 0.00882556 0.13877237
 0.00882556 0.00882556 0.00882556 0.00882556 0.00882556 0.00882556]
Classification: 0.9996599217820099 0.9429928741092637 117
本轮采样概率阵: [0.00882556 0.00882556 0.00882556 0.30807798 0.05132703 0.07285802
 0.00882556 0.00882556 0.00882556 0.00882556 0.00882556 0.00882556
 0.00882556 0.00882556 0.00882556 0.00882556 0.00882556 0.00882556
 0.18339884 0.00882556 0.00882556 0.03375241 0.00882556 0.13877237
 0.00882556 0.00882556 0.00882556 0.00882556 0.00882556 0.00882556]
客户端选择掩码: [1.0, 1.0, 0.0, 1.0, 1.0, 1.0, 1.0, 0.0, 0.0, 1.0, 1.0, 1.0, 0.0, 0.0, 1.0, 0.0, 1.0, 1.0, 1.0, 1.0, 1.0, 1.0, 1.0, 1.0, 1.0, 1.0, 0.0, 0.0, 0.0, 1.0]
/mnt/data/user_liangzhiyu/envs/fedcsl/lib/python3.8/site-packages/sklearn/utils/validation.py:63: RuntimeWarning:  Orthogonal matching pursuit ended prematurely due to linear
dependence in the dictionary. The requested precision might not have been met.

  return f(*args, **kwargs)
稀疏向量: [-16.74004046   0.           0.           0.          -3.92180544
   0.           0.           0.           0.           0.
   0.           0.          38.66629138  53.82784218   0.
   0.           0.           0.           0.           0.
   0.           0.         -69.99012317   0.           0.
   0.           0.           0.           0.           0.        ]
更新后概率: [0.12290516 0.00892162 0.00892162 0.05497107 0.03758332 0.01300023
 0.00892162 0.00892162 0.00892162 0.00892162 0.00892162 0.00892162
 0.00892162 0.00892162 0.00892162 0.00892162 0.00892162 0.00892162
 0.03272428 0.00892162 0.00892162 0.00892162 0.50885727 0.02476148
 0.00892162 0.00892162 0.00892162 0.00892162 0.00892162 0.00892162]
Classification: 1.0 0.9409569053274517 118
本轮采样概率阵: [0.12290516 0.00892162 0.00892162 0.05497107 0.03758332 0.01300023
 0.00892162 0.00892162 0.00892162 0.00892162 0.00892162 0.00892162
 0.00892162 0.00892162 0.00892162 0.00892162 0.00892162 0.00892162
 0.03272428 0.00892162 0.00892162 0.00892162 0.50885727 0.02476148
 0.00892162 0.00892162 0.00892162 0.00892162 0.00892162 0.00892162]
客户端选择掩码: [1.0, 0.0, 0.0, 1.0, 1.0, 1.0, 0.0, 0.0, 1.0, 1.0, 0.0, 1.0, 1.0, 1.0, 0.0, 1.0, 1.0, 1.0, 1.0, 1.0, 0.0, 0.0, 1.0, 1.0, 0.0, 1.0, 1.0, 1.0, 1.0, 1.0]
/mnt/data/user_liangzhiyu/envs/fedcsl/lib/python3.8/site-packages/sklearn/utils/validation.py:63: RuntimeWarning:  Orthogonal matching pursuit ended prematurely due to linear
dependence in the dictionary. The requested precision might not have been met.

  return f(*args, **kwargs)
稀疏向量: [  3.2010843    0.           0.           0.          16.34616828
   0.           0.           0.           0.           0.
   0.           0.           0.          48.11210317   0.
   0.           0.           0.           0.           0.
   0.           0.           0.           0.           0.
   0.           0.           0.           0.         -66.88665557]
更新后概率: [0.03743665 0.00889524 0.00889524 0.00977962 0.08619991 0.00889524
 0.00889524 0.00889524 0.00889524 0.00889524 0.00889524 0.00889524
 0.00889524 0.23562181 0.00889524 0.00889524 0.00889524 0.00889524
 0.00889524 0.00889524 0.00889524 0.00889524 0.09052818 0.00889524
 0.00889524 0.00889524 0.00889524 0.00889524 0.00889524 0.32694799]
Classification: 1.0 0.9406175771971497 119
本轮采样概率阵: [0.03743665 0.00889524 0.00889524 0.00977962 0.08619991 0.00889524
 0.00889524 0.00889524 0.00889524 0.00889524 0.00889524 0.00889524
 0.00889524 0.23562181 0.00889524 0.00889524 0.00889524 0.00889524
 0.00889524 0.00889524 0.00889524 0.00889524 0.09052818 0.00889524
 0.00889524 0.00889524 0.00889524 0.00889524 0.00889524 0.32694799]
客户端选择掩码: [1.0, 0.0, 0.0, 1.0, 1.0, 1.0, 1.0, 1.0, 1.0, 1.0, 1.0, 1.0, 0.0, 1.0, 1.0, 0.0, 0.0, 0.0, 1.0, 0.0, 1.0, 1.0, 1.0, 1.0, 0.0, 1.0, 0.0, 1.0, 1.0, 1.0]
/mnt/data/user_liangzhiyu/envs/fedcsl/lib/python3.8/site-packages/sklearn/utils/validation.py:63: RuntimeWarning:  Orthogonal matching pursuit ended prematurely due to linear
dependence in the dictionary. The requested precision might not have been met.

  return f(*args, **kwargs)
稀疏向量: [ 0.          0.          0.          0.          0.          0.
  0.          0.          0.          0.          0.          1.24882442
  0.          0.          0.          0.          0.          0.
  0.          0.          0.          0.          0.         -0.24643392
  0.          0.          0.          0.          0.          0.        ]
更新后概率: [0.00887019 0.00887019 0.00887019 0.00887019 0.01529219 0.00887019
 0.00887019 0.00887019 0.00887019 0.00887019 0.00887019 0.54679421
 0.00887019 0.0418002  0.00887019 0.00887019 0.00887019 0.00887019
 0.00887019 0.00887019 0.00887019 0.00887019 0.01606004 0.10916704
 0.00887019 0.00887019 0.00887019 0.00887019 0.00887019 0.05800181]
Classification: 1.0 0.9402782490668476 120
本轮采样概率阵: [0.00887019 0.00887019 0.00887019 0.00887019 0.01529219 0.00887019
 0.00887019 0.00887019 0.00887019 0.00887019 0.00887019 0.54679421
 0.00887019 0.0418002  0.00887019 0.00887019 0.00887019 0.00887019
 0.00887019 0.00887019 0.00887019 0.00887019 0.01606004 0.10916704
 0.00887019 0.00887019 0.00887019 0.00887019 0.00887019 0.05800181]
客户端选择掩码: [0.0, 0.0, 0.0, 1.0, 1.0, 1.0, 1.0, 1.0, 1.0, 0.0, 1.0, 1.0, 1.0, 1.0, 0.0, 0.0, 0.0, 1.0, 1.0, 1.0, 1.0, 1.0, 0.0, 1.0, 0.0, 1.0, 1.0, 1.0, 1.0, 1.0]
/mnt/data/user_liangzhiyu/envs/fedcsl/lib/python3.8/site-packages/sklearn/utils/validation.py:63: RuntimeWarning:  Orthogonal matching pursuit ended prematurely due to linear
dependence in the dictionary. The requested precision might not have been met.

  return f(*args, **kwargs)
稀疏向量: [  0.           0.           0.           0.          -0.6550443
   0.           0.           0.           0.           0.
   0.          20.43300355   0.           0.           0.
   0.           0.           0.           0.           0.
   0.           0.          -5.16876328 -13.41901451   0.
   0.           0.           0.           0.           0.        ]
更新后概率: [0.00875431 0.00875431 0.00875431 0.00875431 0.01481512 0.00875431
 0.00875431 0.00875431 0.00875431 0.00875431 0.00875431 0.47435037
 0.00875431 0.00875431 0.00875431 0.00875431 0.00875431 0.00875431
 0.00875431 0.00875431 0.00875431 0.00875431 0.01405947 0.26776185
 0.00875431 0.00875431 0.00875431 0.00875431 0.00875431 0.01015532]
Classification: 1.0 0.9412962334577536 121
本轮采样概率阵: [0.00875431 0.00875431 0.00875431 0.00875431 0.01481512 0.00875431
 0.00875431 0.00875431 0.00875431 0.00875431 0.00875431 0.47435037
 0.00875431 0.00875431 0.00875431 0.00875431 0.00875431 0.00875431
 0.00875431 0.00875431 0.00875431 0.00875431 0.01405947 0.26776185
 0.00875431 0.00875431 0.00875431 0.00875431 0.00875431 0.01015532]
客户端选择掩码: [0.0, 1.0, 0.0, 1.0, 1.0, 0.0, 1.0, 1.0, 1.0, 1.0, 0.0, 1.0, 1.0, 1.0, 1.0, 0.0, 1.0, 1.0, 0.0, 1.0, 1.0, 0.0, 1.0, 1.0, 0.0, 1.0, 0.0, 1.0, 1.0, 1.0]
/mnt/data/user_liangzhiyu/envs/fedcsl/lib/python3.8/site-packages/sklearn/utils/validation.py:63: RuntimeWarning:  Orthogonal matching pursuit ended prematurely due to linear
dependence in the dictionary. The requested precision might not have been met.

  return f(*args, **kwargs)
稀疏向量: [-1.37548656  0.          0.          0.          0.          0.
  0.          0.          0.          0.          0.          6.33023195
  0.          0.          0.          0.          0.          0.
 -3.94216364  0.          0.          0.          0.          0.
  0.          0.          0.          0.          0.          0.        ]
更新后概率: [0.00858081 0.00858081 0.00858081 0.00858081 0.00858081 0.00858081
 0.00858081 0.00858081 0.00858081 0.00858081 0.00858081 0.7137851
 0.00858081 0.00858081 0.00858081 0.00858081 0.00858081 0.00858081
 0.00858081 0.00858081 0.00858081 0.00858081 0.00858081 0.04595226
 0.00858081 0.00858081 0.00858081 0.00858081 0.00858081 0.00858081]
Classification: 1.0 0.9416355615880556 122
本轮采样概率阵: [0.00858081 0.00858081 0.00858081 0.00858081 0.00858081 0.00858081
 0.00858081 0.00858081 0.00858081 0.00858081 0.00858081 0.7137851
 0.00858081 0.00858081 0.00858081 0.00858081 0.00858081 0.00858081
 0.00858081 0.00858081 0.00858081 0.00858081 0.00858081 0.04595226
 0.00858081 0.00858081 0.00858081 0.00858081 0.00858081 0.00858081]
客户端选择掩码: [1.0, 1.0, 1.0, 1.0, 1.0, 0.0, 1.0, 1.0, 0.0, 0.0, 0.0, 1.0, 1.0, 0.0, 1.0, 1.0, 0.0, 1.0, 1.0, 0.0, 0.0, 0.0, 1.0, 1.0, 1.0, 1.0, 1.0, 1.0, 1.0, 1.0]
/mnt/data/user_liangzhiyu/envs/fedcsl/lib/python3.8/site-packages/sklearn/utils/validation.py:63: RuntimeWarning:  Orthogonal matching pursuit ended prematurely due to linear
dependence in the dictionary. The requested precision might not have been met.

  return f(*args, **kwargs)
稀疏向量: [  6.38960591   0.           0.           0.           0.
   0.           0.           0.           0.           0.
   0.          42.43401783   0.           0.           0.
   0.           0.           0.           0.           0.
   0.           0.         -10.90742969 -36.44032101   0.
   0.           0.           0.           0.           0.        ]
更新后概率: [0.04400426 0.00866853 0.00866853 0.00866853 0.00866853 0.00866853
 0.00866853 0.00866853 0.00866853 0.00866853 0.00866853 0.40610638
 0.00866853 0.00866853 0.00866853 0.00866853 0.00866853 0.00866853
 0.00866853 0.00866853 0.00866853 0.00866853 0.07406597 0.25044158
 0.00866853 0.00866853 0.00866853 0.00866853 0.00866853 0.00866853]
Classification: 1.0 0.9423142178486597 123
本轮采样概率阵: [0.04400426 0.00866853 0.00866853 0.00866853 0.00866853 0.00866853
 0.00866853 0.00866853 0.00866853 0.00866853 0.00866853 0.40610638
 0.00866853 0.00866853 0.00866853 0.00866853 0.00866853 0.00866853
 0.00866853 0.00866853 0.00866853 0.00866853 0.07406597 0.25044158
 0.00866853 0.00866853 0.00866853 0.00866853 0.00866853 0.00866853]
客户端选择掩码: [1.0, 0.0, 1.0, 1.0, 0.0, 0.0, 1.0, 1.0, 1.0, 0.0, 1.0, 1.0, 1.0, 0.0, 1.0, 1.0, 0.0, 1.0, 1.0, 1.0, 0.0, 1.0, 1.0, 1.0, 1.0, 0.0, 0.0, 1.0, 1.0, 1.0]
/mnt/data/user_liangzhiyu/envs/fedcsl/lib/python3.8/site-packages/sklearn/utils/validation.py:63: RuntimeWarning:  Orthogonal matching pursuit ended prematurely due to linear
dependence in the dictionary. The requested precision might not have been met.

  return f(*args, **kwargs)
稀疏向量: [  0.           0.           0.           0.           0.
   0.           0.           0.           0.           0.
   0.          25.52696087   0.           0.           0.
   0.           0.           0.           0.           0.
   0.           0.         -11.20850499 -13.06759389   0.
   0.           0.           0.           0.           0.        ]
更新后概率: [0.00866769 0.00866769 0.00866769 0.00866769 0.00866769 0.00866769
 0.00866769 0.00866769 0.00866769 0.00866769 0.00866769 0.39808747
 0.00866769 0.00866769 0.00866769 0.00866769 0.00866769 0.00866769
 0.00866769 0.00866769 0.00866769 0.00866769 0.15672221 0.21116257
 0.00866769 0.00866769 0.00866769 0.00866769 0.00866769 0.00866769]
Classification: 1.0 0.9423142178486597 124
本轮采样概率阵: [0.00866769 0.00866769 0.00866769 0.00866769 0.00866769 0.00866769
 0.00866769 0.00866769 0.00866769 0.00866769 0.00866769 0.39808747
 0.00866769 0.00866769 0.00866769 0.00866769 0.00866769 0.00866769
 0.00866769 0.00866769 0.00866769 0.00866769 0.15672221 0.21116257
 0.00866769 0.00866769 0.00866769 0.00866769 0.00866769 0.00866769]
客户端选择掩码: [1.0, 0.0, 1.0, 1.0, 0.0, 0.0, 1.0, 1.0, 1.0, 1.0, 0.0, 1.0, 1.0, 1.0, 1.0, 1.0, 1.0, 1.0, 1.0, 0.0, 1.0, 1.0, 1.0, 1.0, 0.0, 0.0, 0.0, 1.0, 0.0, 1.0]
/mnt/data/user_liangzhiyu/envs/fedcsl/lib/python3.8/site-packages/sklearn/utils/validation.py:63: RuntimeWarning:  Orthogonal matching pursuit ended prematurely due to linear
dependence in the dictionary. The requested precision might not have been met.

  return f(*args, **kwargs)
稀疏向量: [  0.           0.           0.           0.           0.
   0.           0.           0.           0.           0.
   0.          75.88776991   0.           0.           0.
   0.           0.           0.           0.           0.
   0.           0.         -32.92193558 -41.20785204   0.
   0.           0.           0.           0.           0.        ]
更新后概率: [0.00861484 0.00861484 0.00861484 0.00861484 0.00861484 0.00861484
 0.00861484 0.00861484 0.00861484 0.00861484 0.00861484 0.39002463
 0.00861484 0.00861484 0.00861484 0.00861484 0.00861484 0.00861484
 0.00861484 0.00861484 0.00861484 0.00861484 0.16644914 0.21092543
 0.00861484 0.00861484 0.00861484 0.00861484 0.00861484 0.00861484]
Classification: 1.0 0.9412962334577536 125
本轮采样概率阵: [0.00861484 0.00861484 0.00861484 0.00861484 0.00861484 0.00861484
 0.00861484 0.00861484 0.00861484 0.00861484 0.00861484 0.39002463
 0.00861484 0.00861484 0.00861484 0.00861484 0.00861484 0.00861484
 0.00861484 0.00861484 0.00861484 0.00861484 0.16644914 0.21092543
 0.00861484 0.00861484 0.00861484 0.00861484 0.00861484 0.00861484]
客户端选择掩码: [1.0, 1.0, 1.0, 1.0, 0.0, 0.0, 0.0, 1.0, 1.0, 1.0, 1.0, 1.0, 1.0, 0.0, 1.0, 1.0, 1.0, 1.0, 1.0, 1.0, 0.0, 1.0, 1.0, 1.0, 0.0, 1.0, 0.0, 0.0, 0.0, 1.0]
/mnt/data/user_liangzhiyu/envs/fedcsl/lib/python3.8/site-packages/sklearn/utils/validation.py:63: RuntimeWarning:  Orthogonal matching pursuit ended prematurely due to linear
dependence in the dictionary. The requested precision might not have been met.

  return f(*args, **kwargs)
稀疏向量: [-2.02475196  0.          0.          0.          0.          0.
  0.          0.          0.          0.          0.          8.36722221
  0.          0.          0.          0.          0.          0.
 -5.32602232  0.          0.          0.          0.          0.
  0.          0.          0.          0.          0.          0.        ]
更新后概率: [0.0845374  0.0087344  0.0087344  0.0087344  0.0087344  0.0087344
 0.0087344  0.0087344  0.0087344  0.0087344  0.0087344  0.41126166
 0.0087344  0.0087344  0.0087344  0.0087344  0.0087344  0.0087344
 0.21991827 0.0087344  0.0087344  0.0087344  0.02907665 0.03684612
 0.0087344  0.0087344  0.0087344  0.0087344  0.0087344  0.0087344 ]
Classification: 1.0 0.9406175771971497 126
本轮采样概率阵: [0.0845374  0.0087344  0.0087344  0.0087344  0.0087344  0.0087344
 0.0087344  0.0087344  0.0087344  0.0087344  0.0087344  0.41126166
 0.0087344  0.0087344  0.0087344  0.0087344  0.0087344  0.0087344
 0.21991827 0.0087344  0.0087344  0.0087344  0.02907665 0.03684612
 0.0087344  0.0087344  0.0087344  0.0087344  0.0087344  0.0087344 ]
客户端选择掩码: [1.0, 0.0, 1.0, 1.0, 0.0, 1.0, 1.0, 1.0, 1.0, 1.0, 1.0, 1.0, 1.0, 1.0, 1.0, 0.0, 0.0, 0.0, 1.0, 0.0, 1.0, 1.0, 1.0, 1.0, 1.0, 0.0, 1.0, 0.0, 1.0, 0.0]
/mnt/data/user_liangzhiyu/envs/fedcsl/lib/python3.8/site-packages/sklearn/utils/validation.py:63: RuntimeWarning:  Orthogonal matching pursuit ended prematurely due to linear
dependence in the dictionary. The requested precision might not have been met.

  return f(*args, **kwargs)
稀疏向量: [-0.84891062  0.          0.          0.          0.          3.82506952
  0.          0.          0.          0.          0.          0.
  0.          0.          0.          0.         -1.97595367  0.
  0.          0.          0.          0.          0.          0.
  0.          0.          0.          0.          0.          0.        ]
更新后概率: [0.13203589 0.00875655 0.00875655 0.00875655 0.00875655 0.52975475
 0.00875655 0.00875655 0.00875655 0.00875655 0.00875655 0.07202464
 0.00875655 0.00875655 0.00875655 0.00875655 0.00875655 0.00875655
 0.03851449 0.00875655 0.00875655 0.00875655 0.00875655 0.00875655
 0.00875655 0.00875655 0.00875655 0.00875655 0.00875655 0.00875655]
Classification: 1.0 0.9416355615880556 127
本轮采样概率阵: [0.13203589 0.00875655 0.00875655 0.00875655 0.00875655 0.52975475
 0.00875655 0.00875655 0.00875655 0.00875655 0.00875655 0.07202464
 0.00875655 0.00875655 0.00875655 0.00875655 0.00875655 0.00875655
 0.03851449 0.00875655 0.00875655 0.00875655 0.00875655 0.00875655
 0.00875655 0.00875655 0.00875655 0.00875655 0.00875655 0.00875655]
客户端选择掩码: [1.0, 1.0, 0.0, 1.0, 0.0, 1.0, 1.0, 0.0, 1.0, 0.0, 1.0, 1.0, 1.0, 1.0, 0.0, 0.0, 1.0, 0.0, 1.0, 1.0, 1.0, 1.0, 0.0, 1.0, 1.0, 1.0, 1.0, 1.0, 0.0, 1.0]
/mnt/data/user_liangzhiyu/envs/fedcsl/lib/python3.8/site-packages/sklearn/utils/validation.py:63: RuntimeWarning:  Orthogonal matching pursuit ended prematurely due to linear
dependence in the dictionary. The requested precision might not have been met.

  return f(*args, **kwargs)
稀疏向量: [ 0.          0.          0.          0.          0.          0.
  0.          0.          0.          0.          0.          1.24389
  0.          0.          0.          0.          0.          0.
  0.          0.          0.          0.          0.         -0.24169814
  0.          0.          0.          0.          0.          0.        ]
更新后概率: [0.02305364 0.00873006 0.00873006 0.00873006 0.00873006 0.09249585
 0.00873006 0.00873006 0.00873006 0.00873006 0.00873006 0.55126765
 0.00873006 0.00873006 0.00873006 0.00873006 0.00873006 0.00873006
 0.00873006 0.00873006 0.00873006 0.00873006 0.00873006 0.10620124
 0.00873006 0.00873006 0.00873006 0.00873006 0.00873006 0.00873006]
Classification: 1.0 0.9412962334577536 128
本轮采样概率阵: [0.02305364 0.00873006 0.00873006 0.00873006 0.00873006 0.09249585
 0.00873006 0.00873006 0.00873006 0.00873006 0.00873006 0.55126765
 0.00873006 0.00873006 0.00873006 0.00873006 0.00873006 0.00873006
 0.00873006 0.00873006 0.00873006 0.00873006 0.00873006 0.10620124
 0.00873006 0.00873006 0.00873006 0.00873006 0.00873006 0.00873006]
客户端选择掩码: [1.0, 0.0, 1.0, 1.0, 1.0, 1.0, 1.0, 0.0, 0.0, 1.0, 0.0, 1.0, 1.0, 0.0, 1.0, 1.0, 1.0, 1.0, 1.0, 1.0, 0.0, 1.0, 1.0, 1.0, 0.0, 0.0, 1.0, 1.0, 0.0, 1.0]
/mnt/data/user_liangzhiyu/envs/fedcsl/lib/python3.8/site-packages/sklearn/utils/validation.py:63: RuntimeWarning:  Orthogonal matching pursuit ended prematurely due to linear
dependence in the dictionary. The requested precision might not have been met.

  return f(*args, **kwargs)
稀疏向量: [ 0.          0.          0.          0.          0.          0.
  0.          0.          0.          0.          0.          0.
  0.          1.29385971  0.          0.          0.          0.
  0.          0.          0.          0.          0.          0.
  0.          0.          0.          0.         -0.29333681  0.        ]
更新后概率: [0.03926404 0.009887   0.03643169 0.03643169 0.03643169 0.05299553
 0.03643169 0.009887   0.009887   0.03643169 0.009887   0.14371304
 0.03643169 0.009887   0.03643169 0.03643169 0.03643169 0.03643169
 0.03643169 0.03643169 0.009887   0.03643169 0.03643169 0.05570564
 0.009887   0.009887   0.03643169 0.03643169 0.009887   0.03643169]
Classification: 1.0 0.9416355615880556 129
本轮采样概率阵: [0.03926404 0.009887   0.03643169 0.03643169 0.03643169 0.05299553
 0.03643169 0.009887   0.009887   0.03643169 0.009887   0.14371304
 0.03643169 0.009887   0.03643169 0.03643169 0.03643169 0.03643169
 0.03643169 0.03643169 0.009887   0.03643169 0.03643169 0.05570564
 0.009887   0.009887   0.03643169 0.03643169 0.009887   0.03643169]
客户端选择掩码: [1.0, 0.0, 1.0, 1.0, 1.0, 1.0, 1.0, 0.0, 0.0, 1.0, 1.0, 1.0, 1.0, 1.0, 1.0, 1.0, 0.0, 1.0, 1.0, 1.0, 0.0, 0.0, 1.0, 1.0, 0.0, 0.0, 1.0, 1.0, 0.0, 1.0]
/mnt/data/user_liangzhiyu/envs/fedcsl/lib/python3.8/site-packages/sklearn/utils/validation.py:63: RuntimeWarning:  Orthogonal matching pursuit ended prematurely due to linear
dependence in the dictionary. The requested precision might not have been met.

  return f(*args, **kwargs)
稀疏向量: [    0.             0.             0.             0.
   -46.21372021     0.             0.             0.
     0.             0.             0.          1631.91728906
     0.             0.             0.             0.
     0.             0.             0.             0.
     0.             0.          -448.87033468 -1120.84274307
     0.             0.             0.             0.
     0.             0.        ]
更新后概率: [0.00948532 0.00948532 0.00948532 0.00948532 0.01617468 0.01005359
 0.00948532 0.00948532 0.00948532 0.00948532 0.00948532 0.35437452
 0.00948532 0.00948532 0.00948532 0.00948532 0.03455662 0.00948532
 0.00948532 0.00948532 0.00948532 0.03455662 0.09688557 0.23523612
 0.00948532 0.00948532 0.00948532 0.00948532 0.00948532 0.00948532]
Classification: 1.0 0.9416355615880556 130
本轮采样概率阵: [0.00948532 0.00948532 0.00948532 0.00948532 0.01617468 0.01005359
 0.00948532 0.00948532 0.00948532 0.00948532 0.00948532 0.35437452
 0.00948532 0.00948532 0.00948532 0.00948532 0.03455662 0.00948532
 0.00948532 0.00948532 0.00948532 0.03455662 0.09688557 0.23523612
 0.00948532 0.00948532 0.00948532 0.00948532 0.00948532 0.00948532]
客户端选择掩码: [1.0, 1.0, 1.0, 0.0, 1.0, 0.0, 0.0, 1.0, 0.0, 1.0, 1.0, 1.0, 1.0, 0.0, 0.0, 1.0, 1.0, 1.0, 1.0, 1.0, 1.0, 1.0, 1.0, 1.0, 0.0, 1.0, 0.0, 1.0, 0.0, 1.0]
/mnt/data/user_liangzhiyu/envs/fedcsl/lib/python3.8/site-packages/sklearn/utils/validation.py:63: RuntimeWarning:  Orthogonal matching pursuit ended prematurely due to linear
dependence in the dictionary. The requested precision might not have been met.

  return f(*args, **kwargs)
稀疏向量: [  0.           0.           0.         171.5285118   -7.81183875
   0.           0.           0.           0.           0.
   0.           0.           0.           0.           0.
   0.           0.           0.           0.           0.
   0.           0.         -76.06174692 -84.31385138   0.
   0.           0.           0.           0.           0.        ]
更新后概率: [0.00883518 0.00883518 0.00883518 0.00883518 0.03286644 0.00888253
 0.00883518 0.00883518 0.00883518 0.00883518 0.00883518 0.06261925
 0.00883518 0.00883518 0.00883518 0.00883518 0.00883518 0.00883518
 0.00883518 0.00883518 0.00883518 0.00883518 0.30930285 0.36544944
 0.00883518 0.00883518 0.00883518 0.00883518 0.00883518 0.00883518]
Classification: 1.0 0.9416355615880556 131
本轮采样概率阵: [0.00883518 0.00883518 0.00883518 0.00883518 0.03286644 0.00888253
 0.00883518 0.00883518 0.00883518 0.00883518 0.00883518 0.06261925
 0.00883518 0.00883518 0.00883518 0.00883518 0.00883518 0.00883518
 0.00883518 0.00883518 0.00883518 0.00883518 0.30930285 0.36544944
 0.00883518 0.00883518 0.00883518 0.00883518 0.00883518 0.00883518]
客户端选择掩码: [0.0, 1.0, 1.0, 1.0, 1.0, 1.0, 0.0, 0.0, 0.0, 1.0, 1.0, 1.0, 1.0, 1.0, 1.0, 1.0, 0.0, 1.0, 1.0, 0.0, 1.0, 0.0, 1.0, 1.0, 0.0, 0.0, 1.0, 1.0, 1.0, 1.0]
/mnt/data/user_liangzhiyu/envs/fedcsl/lib/python3.8/site-packages/sklearn/utils/validation.py:63: RuntimeWarning:  Orthogonal matching pursuit ended prematurely due to linear
dependence in the dictionary. The requested precision might not have been met.

  return f(*args, **kwargs)
稀疏向量: [-0.37454243  0.          0.          3.45113196  0.          0.
  0.          0.          0.          0.          0.          0.
  0.          0.          0.          0.          0.          0.
 -2.05500696  0.          0.          0.          0.          0.
  0.          0.          0.          0.          0.          0.        ]
更新后概率: [0.00879202 0.00879202 0.00879202 0.40735073 0.00879202 0.00879202
 0.00879202 0.00879202 0.00879202 0.00879202 0.00879202 0.011011
 0.00879202 0.00879202 0.00879202 0.00879202 0.00879202 0.00879202
 0.24318907 0.00879202 0.00879202 0.00879202 0.05438794 0.06426078
 0.00879202 0.00879202 0.00879202 0.00879202 0.00879202 0.00879202]
Classification: 1.0 0.9412962334577536 132
本轮采样概率阵: [0.00879202 0.00879202 0.00879202 0.40735073 0.00879202 0.00879202
 0.00879202 0.00879202 0.00879202 0.00879202 0.00879202 0.011011
 0.00879202 0.00879202 0.00879202 0.00879202 0.00879202 0.00879202
 0.24318907 0.00879202 0.00879202 0.00879202 0.05438794 0.06426078
 0.00879202 0.00879202 0.00879202 0.00879202 0.00879202 0.00879202]
客户端选择掩码: [1.0, 1.0, 0.0, 1.0, 1.0, 1.0, 1.0, 0.0, 1.0, 0.0, 1.0, 1.0, 1.0, 0.0, 0.0, 1.0, 1.0, 0.0, 1.0, 1.0, 0.0, 1.0, 1.0, 1.0, 1.0, 1.0, 1.0, 0.0, 0.0, 1.0]
/mnt/data/user_liangzhiyu/envs/fedcsl/lib/python3.8/site-packages/sklearn/utils/validation.py:63: RuntimeWarning:  Orthogonal matching pursuit ended prematurely due to linear
dependence in the dictionary. The requested precision might not have been met.

  return f(*args, **kwargs)
稀疏向量: [ -2.7364342    0.           0.           0.           0.
   0.           0.           0.           0.           0.
   0.          13.93635137   0.           0.           0.
   0.           0.           0.         -10.17006174   0.
   0.           0.           0.           0.           0.
   0.           0.           0.           0.           0.        ]
更新后概率: [0.06774762 0.00881449 0.00881449 0.07181177 0.00881449 0.00881449
 0.00881449 0.00881449 0.00881449 0.00881449 0.00881449 0.33907842
 0.00881449 0.00881449 0.00881449 0.00881449 0.00881449 0.00881449
 0.28889791 0.00881449 0.00881449 0.00881449 0.00958804 0.01132852
 0.00881449 0.00881449 0.00881449 0.00881449 0.00881449 0.00881449]
Classification: 1.0 0.9419748897183576 133
本轮采样概率阵: [0.06774762 0.00881449 0.00881449 0.07181177 0.00881449 0.00881449
 0.00881449 0.00881449 0.00881449 0.00881449 0.00881449 0.33907842
 0.00881449 0.00881449 0.00881449 0.00881449 0.00881449 0.00881449
 0.28889791 0.00881449 0.00881449 0.00881449 0.00958804 0.01132852
 0.00881449 0.00881449 0.00881449 0.00881449 0.00881449 0.00881449]
客户端选择掩码: [1.0, 1.0, 0.0, 1.0, 1.0, 1.0, 1.0, 1.0, 0.0, 1.0, 1.0, 1.0, 0.0, 0.0, 1.0, 1.0, 1.0, 1.0, 1.0, 1.0, 1.0, 0.0, 1.0, 1.0, 1.0, 0.0, 1.0, 0.0, 0.0, 0.0]
/mnt/data/user_liangzhiyu/envs/fedcsl/lib/python3.8/site-packages/sklearn/utils/validation.py:63: RuntimeWarning:  Orthogonal matching pursuit ended prematurely due to linear
dependence in the dictionary. The requested precision might not have been met.

  return f(*args, **kwargs)
稀疏向量: [  0.           0.           0.           0.          -1.43253263
   0.           0.           0.           0.           0.
   0.          23.28958375   0.          13.65954143   0.
   0.           0.           0.           0.           0.
   0.           0.         -14.12976251 -20.04395886   0.
   0.           0.           0.           0.           0.        ]
更新后概率: [0.01203344 0.00888108 0.00888108 0.01275532 0.01747599 0.00888108
 0.00888108 0.00888108 0.00888108 0.00888108 0.00888108 0.31889211
 0.00888108 0.00888108 0.00888108 0.00888108 0.00888108 0.00888108
 0.05131452 0.00888108 0.00888108 0.00888108 0.15863446 0.22462929
 0.00888108 0.00888108 0.00888108 0.00888108 0.00888108 0.00888108]
Classification: 1.0 0.9419748897183576 134
本轮采样概率阵: [0.01203344 0.00888108 0.00888108 0.01275532 0.01747599 0.00888108
 0.00888108 0.00888108 0.00888108 0.00888108 0.00888108 0.31889211
 0.00888108 0.00888108 0.00888108 0.00888108 0.00888108 0.00888108
 0.05131452 0.00888108 0.00888108 0.00888108 0.15863446 0.22462929
 0.00888108 0.00888108 0.00888108 0.00888108 0.00888108 0.00888108]
客户端选择掩码: [1.0, 0.0, 0.0, 1.0, 1.0, 1.0, 1.0, 1.0, 1.0, 0.0, 1.0, 1.0, 0.0, 1.0, 0.0, 1.0, 0.0, 1.0, 1.0, 1.0, 1.0, 0.0, 1.0, 1.0, 1.0, 0.0, 0.0, 1.0, 1.0, 1.0]
/mnt/data/user_liangzhiyu/envs/fedcsl/lib/python3.8/site-packages/sklearn/utils/validation.py:63: RuntimeWarning:  Orthogonal matching pursuit ended prematurely due to linear
dependence in the dictionary. The requested precision might not have been met.

  return f(*args, **kwargs)
稀疏向量: [ 0.          0.          0.          0.          0.          0.
  0.          0.          0.          5.8314559   0.          0.
  0.          0.          0.          0.          0.          0.
  0.          0.          0.          0.         -1.56856748 -3.19314606
  0.          0.          0.          0.          0.          0.        ]
更新后概率: [0.00872029 0.00872029 0.00872029 0.00872029 0.00872029 0.00872029
 0.00872029 0.00872029 0.00872029 0.00872029 0.00872029 0.05561666
 0.00872029 0.00872029 0.00872029 0.00872029 0.00872029 0.00872029
 0.00894956 0.00872029 0.00872029 0.00872029 0.2391043  0.46960182
 0.00872029 0.00872029 0.00872029 0.00872029 0.00872029 0.00872029]
Classification: 1.0 0.9406175771971497 135
本轮采样概率阵: [0.00872029 0.00872029 0.00872029 0.00872029 0.00872029 0.00872029
 0.00872029 0.00872029 0.00872029 0.00872029 0.00872029 0.05561666
 0.00872029 0.00872029 0.00872029 0.00872029 0.00872029 0.00872029
 0.00894956 0.00872029 0.00872029 0.00872029 0.2391043  0.46960182
 0.00872029 0.00872029 0.00872029 0.00872029 0.00872029 0.00872029]
客户端选择掩码: [1.0, 0.0, 1.0, 0.0, 0.0, 0.0, 0.0, 1.0, 1.0, 1.0, 0.0, 1.0, 1.0, 1.0, 1.0, 1.0, 0.0, 1.0, 1.0, 1.0, 1.0, 1.0, 1.0, 1.0, 0.0, 1.0, 1.0, 1.0, 1.0, 0.0]
/mnt/data/user_liangzhiyu/envs/fedcsl/lib/python3.8/site-packages/sklearn/utils/validation.py:63: RuntimeWarning:  Orthogonal matching pursuit ended prematurely due to linear
dependence in the dictionary. The requested precision might not have been met.

  return f(*args, **kwargs)
稀疏向量: [-10.46624442   0.           0.          40.04925531  -3.48859751
   0.           0.           0.           0.           0.
   0.           0.           0.           0.           0.
   0.         -24.77930039   0.           0.           0.
   0.           0.           0.           0.           0.
   0.           0.           0.           0.           0.        ]
更新后概率: [0.64155539 0.00868189 0.00868189 0.00868189 0.00868189 0.00868189
 0.00868189 0.00868189 0.00868189 0.00868189 0.00868189 0.00965716
 0.00868189 0.00868189 0.00868189 0.00868189 0.00868189 0.00868189
 0.00868189 0.00868189 0.00868189 0.00868189 0.04151756 0.08154066
 0.00868189 0.00868189 0.00868189 0.00868189 0.00868189 0.00868189]
Classification: 1.0 0.9409569053274517 136
本轮采样概率阵: [0.64155539 0.00868189 0.00868189 0.00868189 0.00868189 0.00868189
 0.00868189 0.00868189 0.00868189 0.00868189 0.00868189 0.00965716
 0.00868189 0.00868189 0.00868189 0.00868189 0.00868189 0.00868189
 0.00868189 0.00868189 0.00868189 0.00868189 0.04151756 0.08154066
 0.00868189 0.00868189 0.00868189 0.00868189 0.00868189 0.00868189]
客户端选择掩码: [1.0, 1.0, 1.0, 0.0, 0.0, 1.0, 0.0, 1.0, 1.0, 1.0, 0.0, 1.0, 1.0, 1.0, 1.0, 0.0, 0.0, 1.0, 1.0, 1.0, 1.0, 1.0, 1.0, 1.0, 0.0, 1.0, 1.0, 0.0, 0.0, 1.0]
/mnt/data/user_liangzhiyu/envs/fedcsl/lib/python3.8/site-packages/sklearn/utils/validation.py:63: RuntimeWarning:  Orthogonal matching pursuit ended prematurely due to linear
dependence in the dictionary. The requested precision might not have been met.

  return f(*args, **kwargs)
稀疏向量: [  0.           0.           0.          79.28478945  -3.91189186
   0.           0.           0.           0.           0.
   0.           0.           0.           0.           0.
   0.           0.           0.           0.           0.
   0.           0.         -29.20424942 -44.1493376    0.
   0.           0.           0.           0.           0.        ]
更新后概率: [0.11057362 0.00861762 0.00861762 0.00861762 0.00861762 0.00861762
 0.00861762 0.00861762 0.00861762 0.00861762 0.00861762 0.00861762
 0.00861762 0.00861762 0.00861762 0.00861762 0.00861762 0.00861762
 0.00861762 0.00861762 0.00861762 0.00861762 0.26018356 0.39656705
 0.00861762 0.00861762 0.00861762 0.00861762 0.00861762 0.00861762]
Classification: 1.0 0.9412962334577536 137
本轮采样概率阵: [0.11057362 0.00861762 0.00861762 0.00861762 0.00861762 0.00861762
 0.00861762 0.00861762 0.00861762 0.00861762 0.00861762 0.00861762
 0.00861762 0.00861762 0.00861762 0.00861762 0.00861762 0.00861762
 0.00861762 0.00861762 0.00861762 0.00861762 0.26018356 0.39656705
 0.00861762 0.00861762 0.00861762 0.00861762 0.00861762 0.00861762]
客户端选择掩码: [1.0, 1.0, 1.0, 1.0, 1.0, 0.0, 0.0, 1.0, 0.0, 1.0, 0.0, 0.0, 0.0, 1.0, 1.0, 1.0, 1.0, 0.0, 1.0, 1.0, 1.0, 1.0, 1.0, 1.0, 0.0, 1.0, 1.0, 1.0, 0.0, 1.0]
/mnt/data/user_liangzhiyu/envs/fedcsl/lib/python3.8/site-packages/sklearn/utils/validation.py:63: RuntimeWarning:  Orthogonal matching pursuit ended prematurely due to linear
dependence in the dictionary. The requested precision might not have been met.

  return f(*args, **kwargs)
稀疏向量: [  5.72182657   0.           0.           0.          -1.05538598
   7.00603359   0.           0.           0.           0.
   0.           0.           0.           0.           0.
   0.           0.           0.           0.           0.
   0.           0.           0.         -10.6026336    0.
   0.           0.           0.           0.           0.        ]
更新后概率: [0.22986345 0.00867196 0.00867196 0.00867196 0.04035542 0.00867196
 0.00867196 0.00867196 0.00867196 0.00867196 0.00867196 0.00867196
 0.00867196 0.00867196 0.00867196 0.00867196 0.00867196 0.00867196
 0.00867196 0.00867196 0.00867196 0.00867196 0.04512604 0.45918406
 0.00867196 0.00867196 0.00867196 0.00867196 0.00867196 0.00867196]
Classification: 0.999829960891005 0.9436715303698676 138
本轮采样概率阵: [0.22986345 0.00867196 0.00867196 0.00867196 0.04035542 0.00867196
 0.00867196 0.00867196 0.00867196 0.00867196 0.00867196 0.00867196
 0.00867196 0.00867196 0.00867196 0.00867196 0.00867196 0.00867196
 0.00867196 0.00867196 0.00867196 0.00867196 0.04512604 0.45918406
 0.00867196 0.00867196 0.00867196 0.00867196 0.00867196 0.00867196]
客户端选择掩码: [1.0, 0.0, 1.0, 1.0, 1.0, 1.0, 0.0, 1.0, 0.0, 0.0, 1.0, 1.0, 1.0, 0.0, 1.0, 1.0, 0.0, 1.0, 0.0, 1.0, 0.0, 0.0, 1.0, 1.0, 1.0, 1.0, 1.0, 1.0, 1.0, 1.0]
/mnt/data/user_liangzhiyu/envs/fedcsl/lib/python3.8/site-packages/sklearn/utils/validation.py:63: RuntimeWarning:  Orthogonal matching pursuit ended prematurely due to linear
dependence in the dictionary. The requested precision might not have been met.

  return f(*args, **kwargs)
稀疏向量: [ 0.          0.          0.          0.          0.          0.
  0.          0.          0.          2.12981282  0.          0.
  0.37319933  0.          0.          0.          0.          0.
  0.          0.          0.         -1.48580678  0.          0.
  0.          0.          0.          0.          0.          0.        ]
更新后概率: [0.04007714 0.00871759 0.00871759 0.00871759 0.00871759 0.00871759
 0.00871759 0.00871759 0.00871759 0.00871759 0.00871759 0.00871759
 0.64448817 0.00871759 0.00871759 0.00871759 0.00871759 0.00871759
 0.00871759 0.00871759 0.00871759 0.00871759 0.00871759 0.08005963
 0.00871759 0.00871759 0.00871759 0.00871759 0.00871759 0.00871759]
Classification: 1.0 0.9406175771971497 139
本轮采样概率阵: [0.04007714 0.00871759 0.00871759 0.00871759 0.00871759 0.00871759
 0.00871759 0.00871759 0.00871759 0.00871759 0.00871759 0.00871759
 0.64448817 0.00871759 0.00871759 0.00871759 0.00871759 0.00871759
 0.00871759 0.00871759 0.00871759 0.00871759 0.00871759 0.08005963
 0.00871759 0.00871759 0.00871759 0.00871759 0.00871759 0.00871759]
客户端选择掩码: [1.0, 1.0, 0.0, 1.0, 1.0, 1.0, 1.0, 1.0, 0.0, 0.0, 1.0, 1.0, 1.0, 0.0, 1.0, 1.0, 1.0, 1.0, 0.0, 1.0, 0.0, 0.0, 1.0, 1.0, 1.0, 0.0, 1.0, 1.0, 0.0, 1.0]
/mnt/data/user_liangzhiyu/envs/fedcsl/lib/python3.8/site-packages/sklearn/utils/validation.py:63: RuntimeWarning:  Orthogonal matching pursuit ended prematurely due to linear
dependence in the dictionary. The requested precision might not have been met.

  return f(*args, **kwargs)
稀疏向量: [  0.           0.           0.           0.          -0.8009479
   0.           0.           0.           0.           0.
   0.          29.95354075   0.           0.           0.
   0.         -12.21144429   0.           0.           0.
   0.           0.           0.         -15.73901909   0.
   0.           0.           0.           0.           0.        ]
更新后概率: [0.00879219 0.00879219 0.00879219 0.00879219 0.01037658 0.00879219
 0.00879219 0.00879219 0.00879219 0.00879219 0.00879219 0.33226424
 0.11332921 0.00879219 0.00879219 0.00879219 0.1363653  0.00879219
 0.00879219 0.00879219 0.00879219 0.00879219 0.00879219 0.18785999
 0.00879219 0.00879219 0.00879219 0.00879219 0.00879219 0.00879219]
Classification: 1.0 0.9412962334577536 140
本轮采样概率阵: [0.00879219 0.00879219 0.00879219 0.00879219 0.01037658 0.00879219
 0.00879219 0.00879219 0.00879219 0.00879219 0.00879219 0.33226424
 0.11332921 0.00879219 0.00879219 0.00879219 0.1363653  0.00879219
 0.00879219 0.00879219 0.00879219 0.00879219 0.00879219 0.18785999
 0.00879219 0.00879219 0.00879219 0.00879219 0.00879219 0.00879219]
客户端选择掩码: [0.0, 0.0, 1.0, 1.0, 1.0, 1.0, 1.0, 1.0, 1.0, 0.0, 1.0, 1.0, 1.0, 1.0, 1.0, 0.0, 1.0, 0.0, 1.0, 0.0, 1.0, 0.0, 1.0, 1.0, 1.0, 1.0, 0.0, 0.0, 1.0, 1.0]
/mnt/data/user_liangzhiyu/envs/fedcsl/lib/python3.8/site-packages/sklearn/utils/validation.py:63: RuntimeWarning:  Orthogonal matching pursuit ended prematurely due to linear
dependence in the dictionary. The requested precision might not have been met.

  return f(*args, **kwargs)
稀疏向量: [ 0.          0.          0.          0.         -1.43701569  0.
  0.          0.          0.          0.          0.          0.
  0.         16.54849587  0.          0.          0.          0.
  0.          0.          0.          0.         -5.0680526   0.
  0.          0.          0.          0.         -9.01033356  0.        ]
更新后概率: [0.00894446 0.00894446 0.00894446 0.00894446 0.03138791 0.00894446
 0.00894446 0.00894446 0.00894446 0.00894446 0.00894446 0.05943848
 0.02027337 0.34165568 0.00894446 0.00894446 0.02439428 0.00894446
 0.00894446 0.00894446 0.00894446 0.00894446 0.10572476 0.03360612
 0.00894446 0.00894446 0.00894446 0.00894446 0.18674132 0.00894446]
Classification: 1.0 0.9423142178486597 141
本轮采样概率阵: [0.00894446 0.00894446 0.00894446 0.00894446 0.03138791 0.00894446
 0.00894446 0.00894446 0.00894446 0.00894446 0.00894446 0.05943848
 0.02027337 0.34165568 0.00894446 0.00894446 0.02439428 0.00894446
 0.00894446 0.00894446 0.00894446 0.00894446 0.10572476 0.03360612
 0.00894446 0.00894446 0.00894446 0.00894446 0.18674132 0.00894446]
客户端选择掩码: [1.0, 1.0, 0.0, 0.0, 1.0, 1.0, 1.0, 1.0, 0.0, 0.0, 1.0, 1.0, 1.0, 1.0, 1.0, 1.0, 1.0, 0.0, 1.0, 1.0, 0.0, 0.0, 1.0, 1.0, 1.0, 0.0, 0.0, 1.0, 1.0, 1.0]
/mnt/data/user_liangzhiyu/envs/fedcsl/lib/python3.8/site-packages/sklearn/utils/validation.py:63: RuntimeWarning:  Orthogonal matching pursuit ended prematurely due to linear
dependence in the dictionary. The requested precision might not have been met.

  return f(*args, **kwargs)
稀疏向量: [  0.           0.           0.           0.           0.
   0.           0.           0.           0.           0.
   0.          32.14225523   0.           0.           0.
   0.           0.           0.         -17.79183205   0.
   0.           0.           0.         -13.19072399   0.
   0.           0.           0.           0.           0.        ]
更新后概率: [0.00890613 0.00890613 0.00890613 0.00890613 0.00890613 0.00890613
 0.00890613 0.00890613 0.00890613 0.00890613 0.00890613 0.34417269
 0.00890613 0.0608566  0.00890613 0.00890613 0.00890613 0.00890613
 0.18624406 0.00890613 0.00890613 0.00890613 0.01883197 0.14288469
 0.00890613 0.00890613 0.00890613 0.00890613 0.03326285 0.00890613]
Classification: 1.0 0.9419748897183576 142
本轮采样概率阵: [0.00890613 0.00890613 0.00890613 0.00890613 0.00890613 0.00890613
 0.00890613 0.00890613 0.00890613 0.00890613 0.00890613 0.34417269
 0.00890613 0.0608566  0.00890613 0.00890613 0.00890613 0.00890613
 0.18624406 0.00890613 0.00890613 0.00890613 0.01883197 0.14288469
 0.00890613 0.00890613 0.00890613 0.00890613 0.03326285 0.00890613]
客户端选择掩码: [1.0, 1.0, 1.0, 0.0, 0.0, 0.0, 0.0, 1.0, 1.0, 1.0, 0.0, 1.0, 1.0, 1.0, 0.0, 0.0, 1.0, 1.0, 1.0, 1.0, 0.0, 1.0, 1.0, 1.0, 0.0, 1.0, 1.0, 1.0, 1.0, 1.0]
/mnt/data/user_liangzhiyu/envs/fedcsl/lib/python3.8/site-packages/sklearn/utils/validation.py:63: RuntimeWarning:  Orthogonal matching pursuit ended prematurely due to linear
dependence in the dictionary. The requested precision might not have been met.

  return f(*args, **kwargs)
稀疏向量: [ 0.          0.          0.          0.          0.          0.
  0.          0.          0.          0.          0.          0.
  0.          4.39599199  0.          0.          0.          0.
  0.          0.          0.          0.         -1.40401156 -1.95603352
  0.          0.          0.          0.          0.          0.        ]
更新后概率: [0.00879915 0.00879915 0.00879915 0.00879915 0.00879915 0.00879915
 0.00879915 0.00879915 0.00879915 0.00879915 0.00879915 0.06056852
 0.00879915 0.37770639 0.00879915 0.00879915 0.00879915 0.00879915
 0.03277578 0.00879915 0.00879915 0.00879915 0.12052714 0.18844351
 0.00879915 0.00879915 0.00879915 0.00879915 0.00879915 0.00879915]
Classification: 1.0 0.9429928741092637 143
本轮采样概率阵: [0.00879915 0.00879915 0.00879915 0.00879915 0.00879915 0.00879915
 0.00879915 0.00879915 0.00879915 0.00879915 0.00879915 0.06056852
 0.00879915 0.37770639 0.00879915 0.00879915 0.00879915 0.00879915
 0.03277578 0.00879915 0.00879915 0.00879915 0.12052714 0.18844351
 0.00879915 0.00879915 0.00879915 0.00879915 0.00879915 0.00879915]
客户端选择掩码: [0.0, 1.0, 1.0, 1.0, 1.0, 1.0, 0.0, 0.0, 1.0, 1.0, 0.0, 1.0, 1.0, 1.0, 1.0, 0.0, 1.0, 0.0, 1.0, 1.0, 1.0, 0.0, 1.0, 1.0, 1.0, 1.0, 0.0, 1.0, 0.0, 1.0]
/mnt/data/user_liangzhiyu/envs/fedcsl/lib/python3.8/site-packages/sklearn/utils/validation.py:63: RuntimeWarning:  Orthogonal matching pursuit ended prematurely due to linear
dependence in the dictionary. The requested precision might not have been met.

  return f(*args, **kwargs)
稀疏向量: [ 13.42461389   0.           0.           5.48464888   1.56176853
   0.           0.           0.           0.           0.
   0.           0.           0.          13.06372458   0.
   0.           0.           0.           0.           0.
   0.           0.           0.           0.           0.
   0.           0.           0.         -32.62682802   0.        ]
更新后概率: [0.00885257 0.00885257 0.00885257 0.17941131 0.05220214 0.00885257
 0.00885257 0.00885257 0.00885257 0.00885257 0.00885257 0.01072375
 0.00885257 0.4904973  0.00885257 0.00885257 0.00885257 0.00885257
 0.00885257 0.00885257 0.00885257 0.00885257 0.02133951 0.0333642
 0.00885257 0.00885257 0.00885257 0.00885257 0.00885257 0.00885257]
Classification: 1.0 0.9412962334577536 144
本轮采样概率阵: [0.00885257 0.00885257 0.00885257 0.17941131 0.05220214 0.00885257
 0.00885257 0.00885257 0.00885257 0.00885257 0.00885257 0.01072375
 0.00885257 0.4904973  0.00885257 0.00885257 0.00885257 0.00885257
 0.00885257 0.00885257 0.00885257 0.00885257 0.02133951 0.0333642
 0.00885257 0.00885257 0.00885257 0.00885257 0.00885257 0.00885257]
客户端选择掩码: [1.0, 1.0, 1.0, 1.0, 1.0, 1.0, 1.0, 1.0, 0.0, 0.0, 1.0, 0.0, 1.0, 1.0, 1.0, 1.0, 1.0, 0.0, 0.0, 0.0, 0.0, 1.0, 1.0, 1.0, 0.0, 1.0, 0.0, 1.0, 1.0, 1.0]
/mnt/data/user_liangzhiyu/envs/fedcsl/lib/python3.8/site-packages/sklearn/utils/validation.py:63: RuntimeWarning:  Orthogonal matching pursuit ended prematurely due to linear
dependence in the dictionary. The requested precision might not have been met.

  return f(*args, **kwargs)
稀疏向量: [ -8.94503093   0.           0.           0.          11.14478618
   0.           0.           0.           0.          49.75443531
   0.           0.           0.           0.           0.
   0.           0.           0.           0.           0.
   0.         -50.45794604   0.           0.           0.
   0.           0.           0.           0.           0.        ]
更新后概率: [0.08375676 0.00882261 0.00882261 0.03165752 0.11161915 0.00882261
 0.00882261 0.00882261 0.00882261 0.00882261 0.00882261 0.00946114
 0.00882261 0.08654933 0.00882261 0.00882261 0.00882261 0.00882261
 0.00882261 0.00882261 0.00882261 0.46521346 0.00882261 0.00882261
 0.00882261 0.00882261 0.00882261 0.00882261 0.00882261 0.00882261]
Classification: 1.0 0.9416355615880556 145
本轮采样概率阵: [0.08375676 0.00882261 0.00882261 0.03165752 0.11161915 0.00882261
 0.00882261 0.00882261 0.00882261 0.00882261 0.00882261 0.00946114
 0.00882261 0.08654933 0.00882261 0.00882261 0.00882261 0.00882261
 0.00882261 0.00882261 0.00882261 0.46521346 0.00882261 0.00882261
 0.00882261 0.00882261 0.00882261 0.00882261 0.00882261 0.00882261]
客户端选择掩码: [1.0, 1.0, 0.0, 1.0, 1.0, 0.0, 0.0, 0.0, 0.0, 0.0, 0.0, 1.0, 0.0, 1.0, 0.0, 1.0, 1.0, 1.0, 1.0, 1.0, 1.0, 1.0, 1.0, 1.0, 1.0, 1.0, 1.0, 1.0, 1.0, 1.0]
/mnt/data/user_liangzhiyu/envs/fedcsl/lib/python3.8/site-packages/sklearn/utils/validation.py:63: RuntimeWarning:  Orthogonal matching pursuit ended prematurely due to linear
dependence in the dictionary. The requested precision might not have been met.

  return f(*args, **kwargs)
稀疏向量: [-1.38673784  0.          0.          0.          0.         14.36578241
  0.          0.          0.          0.          0.          0.
  0.          0.          0.          0.          0.          0.
 -3.55230203  0.          0.         -8.41043067  0.          0.
  0.          0.          0.          0.          0.          0.        ]
更新后概率: [0.08197137 0.0087899  0.0087899  0.0087899  0.01962242 0.0087899
 0.0087899  0.0087899  0.0087899  0.0087899  0.0087899  0.0087899
 0.0087899  0.0152152  0.0087899  0.0087899  0.0087899  0.0087899
 0.17381282 0.0087899  0.0087899  0.48963071 0.0087899  0.0087899
 0.0087899  0.0087899  0.0087899  0.0087899  0.0087899  0.0087899 ]
Classification: 1.0 0.9419748897183576 146
本轮采样概率阵: [0.08197137 0.0087899  0.0087899  0.0087899  0.01962242 0.0087899
 0.0087899  0.0087899  0.0087899  0.0087899  0.0087899  0.0087899
 0.0087899  0.0152152  0.0087899  0.0087899  0.0087899  0.0087899
 0.17381282 0.0087899  0.0087899  0.48963071 0.0087899  0.0087899
 0.0087899  0.0087899  0.0087899  0.0087899  0.0087899  0.0087899 ]
客户端选择掩码: [1.0, 1.0, 1.0, 1.0, 1.0, 1.0, 0.0, 0.0, 0.0, 0.0, 1.0, 1.0, 0.0, 1.0, 0.0, 1.0, 1.0, 1.0, 1.0, 1.0, 1.0, 1.0, 0.0, 0.0, 1.0, 0.0, 1.0, 1.0, 1.0, 1.0]
/mnt/data/user_liangzhiyu/envs/fedcsl/lib/python3.8/site-packages/sklearn/utils/validation.py:63: RuntimeWarning:  Orthogonal matching pursuit ended prematurely due to linear
dependence in the dictionary. The requested precision might not have been met.

  return f(*args, **kwargs)
稀疏向量: [ 0.          0.          0.          0.          0.          0.
  0.          0.          0.          0.          0.          1.09471944
  0.          0.          0.          0.          0.          0.
  0.          0.          0.          0.         -0.0937907   0.
  0.          0.          0.          0.          0.          0.        ]
更新后概率: [0.01428629 0.00871419 0.00871419 0.00871419 0.00871419 0.00871419
 0.00871419 0.00871419 0.00871419 0.00871419 0.00871419 0.6435173
 0.00871419 0.00871419 0.00871419 0.00871419 0.00871419 0.00871419
 0.03029277 0.00871419 0.00871419 0.08533471 0.00871419 0.00871419
 0.00871419 0.00871419 0.00871419 0.00871419 0.00871419 0.00871419]
Classification: 1.0 0.9416355615880556 147
本轮采样概率阵: [0.01428629 0.00871419 0.00871419 0.00871419 0.00871419 0.00871419
 0.00871419 0.00871419 0.00871419 0.00871419 0.00871419 0.6435173
 0.00871419 0.00871419 0.00871419 0.00871419 0.00871419 0.00871419
 0.03029277 0.00871419 0.00871419 0.08533471 0.00871419 0.00871419
 0.00871419 0.00871419 0.00871419 0.00871419 0.00871419 0.00871419]
客户端选择掩码: [1.0, 1.0, 1.0, 1.0, 1.0, 1.0, 1.0, 0.0, 1.0, 0.0, 0.0, 1.0, 0.0, 1.0, 1.0, 0.0, 1.0, 1.0, 1.0, 0.0, 1.0, 1.0, 1.0, 1.0, 0.0, 0.0, 1.0, 1.0, 0.0, 1.0]
/mnt/data/user_liangzhiyu/envs/fedcsl/lib/python3.8/site-packages/sklearn/utils/validation.py:63: RuntimeWarning:  Orthogonal matching pursuit ended prematurely due to linear
dependence in the dictionary. The requested precision might not have been met.

  return f(*args, **kwargs)
稀疏向量: [-12.59889266   0.           0.           0.         -10.27328192
   0.           0.           0.           0.           0.
   0.          50.464168     0.           8.70781987   0.
   0.           0.           0.         -35.20752641   0.
   0.           0.           0.           0.           0.
   0.           0.           0.           0.           0.        ]
更新后概率: [0.07228705 0.00880724 0.00880724 0.00880724 0.0584267  0.00880724
 0.00880724 0.00880724 0.00880724 0.00880724 0.00880724 0.39281445
 0.00880724 0.04975743 0.00880724 0.00880724 0.00880724 0.00880724
 0.20030939 0.00880724 0.00880724 0.01503126 0.00880724 0.00880724
 0.00880724 0.00880724 0.00880724 0.00880724 0.00880724 0.00880724]
Classification: 1.0 0.9419748897183576 148
本轮采样概率阵: [0.07228705 0.00880724 0.00880724 0.00880724 0.0584267  0.00880724
 0.00880724 0.00880724 0.00880724 0.00880724 0.00880724 0.39281445
 0.00880724 0.04975743 0.00880724 0.00880724 0.00880724 0.00880724
 0.20030939 0.00880724 0.00880724 0.01503126 0.00880724 0.00880724
 0.00880724 0.00880724 0.00880724 0.00880724 0.00880724 0.00880724]
客户端选择掩码: [1.0, 0.0, 1.0, 1.0, 1.0, 0.0, 0.0, 1.0, 1.0, 1.0, 1.0, 1.0, 0.0, 1.0, 0.0, 1.0, 0.0, 1.0, 1.0, 0.0, 0.0, 1.0, 1.0, 1.0, 1.0, 1.0, 1.0, 0.0, 1.0, 1.0]
/mnt/data/user_liangzhiyu/envs/fedcsl/lib/python3.8/site-packages/sklearn/utils/validation.py:63: RuntimeWarning:  Orthogonal matching pursuit ended prematurely due to linear
dependence in the dictionary. The requested precision might not have been met.

  return f(*args, **kwargs)
稀疏向量: [-0.11336775  0.          0.          0.          0.          0.
  0.          0.          0.          2.89000411  0.          0.
  0.          0.          0.          0.          0.          0.
  0.          0.          0.         -1.75563454  0.          0.
  0.          0.          0.          0.          0.          0.        ]
更新后概率: [0.02841981 0.00888002 0.00888002 0.00888002 0.01037661 0.00888002
 0.00888002 0.00888002 0.00888002 0.3987748  0.00888002 0.06976404
 0.00888002 0.00888002 0.00888002 0.00888002 0.00888002 0.00888002
 0.03557505 0.00888002 0.00888002 0.24396912 0.00888002 0.00888002
 0.00888002 0.00888002 0.00888002 0.00888002 0.00888002 0.00888002]
Classification: 1.0 0.9429928741092637 149
本轮采样概率阵: [0.02841981 0.00888002 0.00888002 0.00888002 0.01037661 0.00888002
 0.00888002 0.00888002 0.00888002 0.3987748  0.00888002 0.06976404
 0.00888002 0.00888002 0.00888002 0.00888002 0.00888002 0.00888002
 0.03557505 0.00888002 0.00888002 0.24396912 0.00888002 0.00888002
 0.00888002 0.00888002 0.00888002 0.00888002 0.00888002 0.00888002]
客户端选择掩码: [1.0, 1.0, 1.0, 1.0, 0.0, 1.0, 1.0, 0.0, 1.0, 1.0, 0.0, 1.0, 0.0, 1.0, 1.0, 1.0, 0.0, 0.0, 1.0, 1.0, 1.0, 1.0, 0.0, 0.0, 1.0, 1.0, 0.0, 1.0, 1.0, 1.0]
/mnt/data/user_liangzhiyu/envs/fedcsl/lib/python3.8/site-packages/sklearn/utils/validation.py:63: RuntimeWarning:  Orthogonal matching pursuit ended prematurely due to linear
dependence in the dictionary. The requested precision might not have been met.

  return f(*args, **kwargs)
稀疏向量: [  0.           0.           0.           0.           2.42175926
   0.           0.           0.           0.           0.
   0.           0.          29.33043725  32.40580436   0.
   0.           0.           0.           0.           0.
   0.           0.         -38.04014386 -24.56266172   0.
   0.           0.           0.           0.           0.        ]
更新后概率: [0.00877562 0.00877562 0.00877562 0.00877562 0.00910612 0.00877562
 0.00877562 0.00877562 0.00877562 0.06998991 0.00877562 0.01224445
 0.00877562 0.64644944 0.00877562 0.00877562 0.00877562 0.00877562
 0.00877562 0.00877562 0.00877562 0.0428196  0.00877562 0.00877562
 0.00877562 0.00877562 0.00877562 0.00877562 0.00877562 0.00877562]
Classification: 1.0 0.9436715303698676 150
本轮采样概率阵: [0.00877562 0.00877562 0.00877562 0.00877562 0.00910612 0.00877562
 0.00877562 0.00877562 0.00877562 0.06998991 0.00877562 0.01224445
 0.00877562 0.64644944 0.00877562 0.00877562 0.00877562 0.00877562
 0.00877562 0.00877562 0.00877562 0.0428196  0.00877562 0.00877562
 0.00877562 0.00877562 0.00877562 0.00877562 0.00877562 0.00877562]
客户端选择掩码: [1.0, 1.0, 1.0, 1.0, 1.0, 1.0, 1.0, 0.0, 0.0, 1.0, 0.0, 0.0, 0.0, 1.0, 1.0, 1.0, 1.0, 1.0, 0.0, 0.0, 1.0, 1.0, 1.0, 0.0, 1.0, 1.0, 1.0, 1.0, 1.0, 0.0]
/mnt/data/user_liangzhiyu/envs/fedcsl/lib/python3.8/site-packages/sklearn/utils/validation.py:63: RuntimeWarning:  Orthogonal matching pursuit ended prematurely due to linear
dependence in the dictionary. The requested precision might not have been met.

  return f(*args, **kwargs)
稀疏向量: [  0.           0.           0.           0.           0.
   0.           0.           0.           0.           0.
   0.           0.          26.35558535  28.84172857   0.
   0.           0.           0.           0.           0.
   0.           0.         -32.19999623 -21.52749734   0.
   0.           0.           0.           0.           0.        ]
更新后概率: [0.00868562 0.00868562 0.00868562 0.00868562 0.00868562 0.00868562
 0.00868562 0.00868562 0.00868562 0.01215812 0.00868562 0.01063507
 0.00868562 0.41353828 0.00868562 0.00868562 0.00868562 0.00868562
 0.00868562 0.00868562 0.00868562 0.00868562 0.33784234 0.00868562
 0.00868562 0.00868562 0.00868562 0.00868562 0.00868562 0.00868562]
Classification: 0.999829960891005 0.9433322022395657 151
本轮采样概率阵: [0.00868562 0.00868562 0.00868562 0.00868562 0.00868562 0.00868562
 0.00868562 0.00868562 0.00868562 0.01215812 0.00868562 0.01063507
 0.00868562 0.41353828 0.00868562 0.00868562 0.00868562 0.00868562
 0.00868562 0.00868562 0.00868562 0.00868562 0.33784234 0.00868562
 0.00868562 0.00868562 0.00868562 0.00868562 0.00868562 0.00868562]
客户端选择掩码: [1.0, 1.0, 1.0, 1.0, 0.0, 1.0, 0.0, 1.0, 1.0, 1.0, 1.0, 1.0, 1.0, 1.0, 0.0, 1.0, 1.0, 1.0, 0.0, 1.0, 0.0, 1.0, 1.0, 0.0, 0.0, 0.0, 1.0, 1.0, 1.0, 0.0]
/mnt/data/user_liangzhiyu/envs/fedcsl/lib/python3.8/site-packages/sklearn/utils/validation.py:63: RuntimeWarning:  Orthogonal matching pursuit ended prematurely due to linear
dependence in the dictionary. The requested precision might not have been met.

  return f(*args, **kwargs)
稀疏向量: [-0.88675381  0.          0.          0.          0.          0.
  0.          0.          0.          0.          0.          4.14235165
  0.          0.          0.          0.          0.          0.
 -2.24981914  0.          0.          0.          0.          0.
  0.          0.          0.          0.          0.          0.        ]
更新后概率: [0.11442295 0.00868354 0.00868354 0.00868354 0.00868354 0.00868354
 0.00868354 0.00868354 0.00868354 0.00868354 0.00868354 0.52931203
 0.00868354 0.07181954 0.00868354 0.00868354 0.00868354 0.00868354
 0.00868354 0.00868354 0.00868354 0.00868354 0.05867337 0.00868354
 0.00868354 0.00868354 0.00868354 0.00868354 0.00868354 0.00868354]
Classification: 1.0 0.9429928741092637 152
本轮采样概率阵: [0.11442295 0.00868354 0.00868354 0.00868354 0.00868354 0.00868354
 0.00868354 0.00868354 0.00868354 0.00868354 0.00868354 0.52931203
 0.00868354 0.07181954 0.00868354 0.00868354 0.00868354 0.00868354
 0.00868354 0.00868354 0.00868354 0.00868354 0.05867337 0.00868354
 0.00868354 0.00868354 0.00868354 0.00868354 0.00868354 0.00868354]
客户端选择掩码: [1.0, 0.0, 0.0, 1.0, 1.0, 1.0, 1.0, 1.0, 0.0, 0.0, 1.0, 1.0, 1.0, 1.0, 0.0, 1.0, 0.0, 0.0, 1.0, 1.0, 1.0, 1.0, 1.0, 0.0, 1.0, 1.0, 0.0, 1.0, 1.0, 1.0]
/mnt/data/user_liangzhiyu/envs/fedcsl/lib/python3.8/site-packages/sklearn/utils/validation.py:63: RuntimeWarning:  Orthogonal matching pursuit ended prematurely due to linear
dependence in the dictionary. The requested precision might not have been met.

  return f(*args, **kwargs)
稀疏向量: [  0.           0.           0.           0.          18.74239129
   0.           0.           0.           0.          48.57711072
   0.           0.          13.19148414   0.           0.
   0.           0.           0.           0.           0.
 -79.31446623   0.           0.           0.           0.
   0.           0.           0.           0.           0.        ]
更新后概率: [0.02029614 0.00886891 0.00886891 0.00886891 0.11173253 0.00886891
 0.00886891 0.00886891 0.00886891 0.00886891 0.00886891 0.09388842
 0.07909705 0.01273922 0.00886891 0.00886891 0.00886891 0.00886891
 0.00886891 0.00886891 0.46785432 0.00886891 0.01040738 0.00886891
 0.00886891 0.00886891 0.00886891 0.00886891 0.00886891 0.00886891]
Classification: 1.0 0.9433322022395657 153
本轮采样概率阵: [0.02029614 0.00886891 0.00886891 0.00886891 0.11173253 0.00886891
 0.00886891 0.00886891 0.00886891 0.00886891 0.00886891 0.09388842
 0.07909705 0.01273922 0.00886891 0.00886891 0.00886891 0.00886891
 0.00886891 0.00886891 0.46785432 0.00886891 0.01040738 0.00886891
 0.00886891 0.00886891 0.00886891 0.00886891 0.00886891 0.00886891]
客户端选择掩码: [1.0, 0.0, 1.0, 0.0, 1.0, 1.0, 0.0, 1.0, 1.0, 0.0, 0.0, 1.0, 1.0, 1.0, 1.0, 1.0, 0.0, 1.0, 1.0, 0.0, 1.0, 0.0, 1.0, 1.0, 1.0, 1.0, 1.0, 1.0, 1.0, 0.0]
/mnt/data/user_liangzhiyu/envs/fedcsl/lib/python3.8/site-packages/sklearn/utils/validation.py:63: RuntimeWarning:  Orthogonal matching pursuit ended prematurely due to linear
dependence in the dictionary. The requested precision might not have been met.

  return f(*args, **kwargs)
稀疏向量: [  0.           0.           0.           0.           0.
   0.           0.           0.           0.           0.
   0.          35.78010953   0.           0.           0.
   0.           0.           0.         -15.75635654   0.
   0.           0.           0.         -18.83797559   0.
   0.           0.           0.           0.           0.        ]
更新后概率: [0.00884795 0.00884795 0.00884795 0.00884795 0.01977207 0.00884795
 0.00884795 0.00884795 0.00884795 0.00884795 0.00884795 0.34776978
 0.01399693 0.00884795 0.00884795 0.00884795 0.00884795 0.00884795
 0.14739913 0.00884795 0.08279099 0.00884795 0.00884795 0.17592041
 0.00884795 0.00884795 0.00884795 0.00884795 0.00884795 0.00884795]
Classification: 1.0 0.9433322022395657 154
本轮采样概率阵: [0.00884795 0.00884795 0.00884795 0.00884795 0.01977207 0.00884795
 0.00884795 0.00884795 0.00884795 0.00884795 0.00884795 0.34776978
 0.01399693 0.00884795 0.00884795 0.00884795 0.00884795 0.00884795
 0.14739913 0.00884795 0.08279099 0.00884795 0.00884795 0.17592041
 0.00884795 0.00884795 0.00884795 0.00884795 0.00884795 0.00884795]
客户端选择掩码: [1.0, 0.0, 1.0, 0.0, 1.0, 1.0, 0.0, 1.0, 0.0, 1.0, 1.0, 1.0, 1.0, 1.0, 1.0, 0.0, 0.0, 1.0, 1.0, 0.0, 1.0, 1.0, 1.0, 1.0, 0.0, 1.0, 0.0, 1.0, 1.0, 1.0]
/mnt/data/user_liangzhiyu/envs/fedcsl/lib/python3.8/site-packages/sklearn/utils/validation.py:63: RuntimeWarning:  Orthogonal matching pursuit ended prematurely due to linear
dependence in the dictionary. The requested precision might not have been met.

  return f(*args, **kwargs)
稀疏向量: [ 0.          0.          0.          0.          0.          5.03675164
  0.          0.          0.          0.          0.          0.
  0.          0.          0.          0.          0.          0.
  0.          0.          0.          0.         -1.89541064 -2.12111929
  0.          0.          0.          0.          0.          0.        ]
更新后概率: [0.00884478 0.00884478 0.00884478 0.00884478 0.00884478 0.36387773
 0.00884478 0.00884478 0.00884478 0.00884478 0.00884478 0.06151896
 0.00884478 0.00884478 0.00884478 0.00884478 0.00884478 0.00884478
 0.02607427 0.00884478 0.01464537 0.00884478 0.13790921 0.18369968
 0.00884478 0.00884478 0.00884478 0.00884478 0.00884478 0.00884478]
Classification: 1.0 0.9423142178486597 155
本轮采样概率阵: [0.00884478 0.00884478 0.00884478 0.00884478 0.00884478 0.36387773
 0.00884478 0.00884478 0.00884478 0.00884478 0.00884478 0.06151896
 0.00884478 0.00884478 0.00884478 0.00884478 0.00884478 0.00884478
 0.02607427 0.00884478 0.01464537 0.00884478 0.13790921 0.18369968
 0.00884478 0.00884478 0.00884478 0.00884478 0.00884478 0.00884478]
客户端选择掩码: [0.0, 1.0, 1.0, 1.0, 1.0, 1.0, 0.0, 0.0, 0.0, 1.0, 0.0, 1.0, 1.0, 1.0, 0.0, 1.0, 1.0, 1.0, 1.0, 0.0, 1.0, 1.0, 1.0, 1.0, 0.0, 1.0, 1.0, 1.0, 0.0, 1.0]
/mnt/data/user_liangzhiyu/envs/fedcsl/lib/python3.8/site-packages/sklearn/utils/validation.py:63: RuntimeWarning:  Orthogonal matching pursuit ended prematurely due to linear
dependence in the dictionary. The requested precision might not have been met.

  return f(*args, **kwargs)
稀疏向量: [-1.32999994  0.          0.         12.24689015  0.          0.
  0.          0.          0.          0.          0.          0.
  0.          0.          0.          0.          0.          0.
 -6.01777905  0.          0.         -3.81748666  0.          0.
  0.          0.          0.          0.          0.          0.        ]
更新后概率: [0.00889307 0.00889307 0.00889307 0.36473571 0.00889307 0.06471978
 0.00889307 0.00889307 0.00889307 0.00889307 0.00889307 0.01094185
 0.00889307 0.00889307 0.00889307 0.00889307 0.00889307 0.00889307
 0.18308553 0.00889307 0.00889307 0.1147748  0.02452872 0.03267307
 0.00889307 0.00889307 0.00889307 0.00889307 0.00889307 0.00889307]
Classification: 1.0 0.9423142178486597 156
本轮采样概率阵: [0.00889307 0.00889307 0.00889307 0.36473571 0.00889307 0.06471978
 0.00889307 0.00889307 0.00889307 0.00889307 0.00889307 0.01094185
 0.00889307 0.00889307 0.00889307 0.00889307 0.00889307 0.00889307
 0.18308553 0.00889307 0.00889307 0.1147748  0.02452872 0.03267307
 0.00889307 0.00889307 0.00889307 0.00889307 0.00889307 0.00889307]
客户端选择掩码: [0.0, 1.0, 1.0, 1.0, 1.0, 1.0, 1.0, 1.0, 1.0, 0.0, 0.0, 1.0, 1.0, 1.0, 1.0, 0.0, 1.0, 1.0, 1.0, 0.0, 1.0, 1.0, 1.0, 1.0, 0.0, 0.0, 1.0, 0.0, 1.0, 0.0]
/mnt/data/user_liangzhiyu/envs/fedcsl/lib/python3.8/site-packages/sklearn/utils/validation.py:63: RuntimeWarning:  Orthogonal matching pursuit ended prematurely due to linear
dependence in the dictionary. The requested precision might not have been met.

  return f(*args, **kwargs)
稀疏向量: [-1.43865958  0.          0.          0.         -2.04692294  0.
  0.          0.          0.          0.          0.          8.67469647
  0.          2.57564973  0.          0.          0.          0.
 -6.74704007  0.          0.          0.          0.          0.
  0.          0.          0.          0.          0.          0.        ]
更新后概率: [0.00895112 0.00895112 0.00895112 0.06529586 0.06886615 0.01158629
 0.00895112 0.00895112 0.00895112 0.00895112 0.00895112 0.28706107
 0.00895112 0.08624326 0.00895112 0.00895112 0.00895112 0.00895112
 0.25452436 0.00895112 0.00895112 0.02054726 0.00895112 0.00895112
 0.00895112 0.00895112 0.00895112 0.00895112 0.00895112 0.00895112]
Classification: 1.0 0.9423142178486597 157
本轮采样概率阵: [0.00895112 0.00895112 0.00895112 0.06529586 0.06886615 0.01158629
 0.00895112 0.00895112 0.00895112 0.00895112 0.00895112 0.28706107
 0.00895112 0.08624326 0.00895112 0.00895112 0.00895112 0.00895112
 0.25452436 0.00895112 0.00895112 0.02054726 0.00895112 0.00895112
 0.00895112 0.00895112 0.00895112 0.00895112 0.00895112 0.00895112]
客户端选择掩码: [0.0, 0.0, 0.0, 1.0, 1.0, 1.0, 0.0, 1.0, 0.0, 0.0, 1.0, 1.0, 1.0, 1.0, 1.0, 1.0, 0.0, 0.0, 1.0, 1.0, 1.0, 1.0, 1.0, 1.0, 1.0, 1.0, 1.0, 0.0, 1.0, 1.0]
/mnt/data/user_liangzhiyu/envs/fedcsl/lib/python3.8/site-packages/sklearn/utils/validation.py:63: RuntimeWarning:  Orthogonal matching pursuit ended prematurely due to linear
dependence in the dictionary. The requested precision might not have been met.

  return f(*args, **kwargs)
稀疏向量: [ 0.1310911   0.          0.          0.          0.          1.58137296
  0.          0.          0.          0.          0.          0.
  0.          0.          0.          0.          0.          0.
  0.          0.          0.         -0.71283864  0.          0.
  0.          0.          0.          0.          0.          0.        ]
更新后概率: [0.00889382 0.00889382 0.00889382 0.01161459 0.01224966 0.45298383
 0.00889382 0.00889382 0.00889382 0.00889382 0.00889382 0.05106137
 0.00889382 0.01534064 0.00889382 0.00889382 0.00889382 0.00889382
 0.04527386 0.00889382 0.00889382 0.20691828 0.00889382 0.00889382
 0.00889382 0.00889382 0.00889382 0.00889382 0.00889382 0.00889382]
Classification: 1.0 0.9416355615880556 158
本轮采样概率阵: [0.00889382 0.00889382 0.00889382 0.01161459 0.01224966 0.45298383
 0.00889382 0.00889382 0.00889382 0.00889382 0.00889382 0.05106137
 0.00889382 0.01534064 0.00889382 0.00889382 0.00889382 0.00889382
 0.04527386 0.00889382 0.00889382 0.20691828 0.00889382 0.00889382
 0.00889382 0.00889382 0.00889382 0.00889382 0.00889382 0.00889382]
客户端选择掩码: [1.0, 0.0, 1.0, 0.0, 1.0, 1.0, 1.0, 0.0, 1.0, 1.0, 0.0, 1.0, 0.0, 1.0, 0.0, 1.0, 1.0, 1.0, 1.0, 0.0, 1.0, 1.0, 1.0, 0.0, 1.0, 1.0, 1.0, 1.0, 0.0, 1.0]
/mnt/data/user_liangzhiyu/envs/fedcsl/lib/python3.8/site-packages/sklearn/utils/validation.py:63: RuntimeWarning:  Orthogonal matching pursuit ended prematurely due to linear
dependence in the dictionary. The requested precision might not have been met.

  return f(*args, **kwargs)
稀疏向量: [-0.02860688  0.          0.          0.         -0.15955195  1.18498528
  0.          0.          0.          0.          0.          0.
  0.          0.          0.          0.          0.          0.
  0.          0.          0.          0.          0.          0.
  0.          0.          0.          0.          0.          0.        ]
更新后概率: [0.01507819 0.0088353  0.0088353  0.01026184 0.07749627 0.63953001
 0.0088353  0.0088353  0.0088353  0.0088353  0.0088353  0.00902285
 0.0088353  0.0088353  0.0088353  0.0088353  0.0088353  0.0088353
 0.0088353  0.0088353  0.0088353  0.0365637  0.0088353  0.0088353
 0.0088353  0.0088353  0.0088353  0.0088353  0.0088353  0.0088353 ]
Classification: 1.0 0.9440108585001696 159
本轮采样概率阵: [0.01507819 0.0088353  0.0088353  0.01026184 0.07749627 0.63953001
 0.0088353  0.0088353  0.0088353  0.0088353  0.0088353  0.00902285
 0.0088353  0.0088353  0.0088353  0.0088353  0.0088353  0.0088353
 0.0088353  0.0088353  0.0088353  0.0365637  0.0088353  0.0088353
 0.0088353  0.0088353  0.0088353  0.0088353  0.0088353  0.0088353 ]
客户端选择掩码: [1.0, 1.0, 0.0, 1.0, 1.0, 1.0, 1.0, 1.0, 0.0, 1.0, 0.0, 1.0, 1.0, 0.0, 1.0, 0.0, 0.0, 1.0, 1.0, 1.0, 1.0, 1.0, 0.0, 1.0, 1.0, 1.0, 1.0, 0.0, 0.0, 1.0]
/mnt/data/user_liangzhiyu/envs/fedcsl/lib/python3.8/site-packages/sklearn/utils/validation.py:63: RuntimeWarning:  Orthogonal matching pursuit ended prematurely due to linear
dependence in the dictionary. The requested precision might not have been met.

  return f(*args, **kwargs)
稀疏向量: [  1.70631746   0.           0.           0.           6.52917365
   0.           0.           0.           0.           0.
   0.          10.98075035   0.           3.93178308   0.
   0.           0.           0.           0.           0.
   0.           0.           0.           0.           0.
 -22.21782223   0.           0.           0.           0.        ]
更新后概率: [0.02933981 0.00879989 0.00879989 0.00879989 0.11575267 0.11255582
 0.00879989 0.00879989 0.00879989 0.00879989 0.00879989 0.17332227
 0.00879989 0.00879989 0.00879989 0.00879989 0.00879989 0.00879989
 0.00879989 0.00879989 0.00879989 0.00879989 0.00879989 0.00879989
 0.00879989 0.34903229 0.00879989 0.00879989 0.00879989 0.00879989]
Classification: 1.0 0.9443501866304717 160
本轮采样概率阵: [0.02933981 0.00879989 0.00879989 0.00879989 0.11575267 0.11255582
 0.00879989 0.00879989 0.00879989 0.00879989 0.00879989 0.17332227
 0.00879989 0.00879989 0.00879989 0.00879989 0.00879989 0.00879989
 0.00879989 0.00879989 0.00879989 0.00879989 0.00879989 0.00879989
 0.00879989 0.34903229 0.00879989 0.00879989 0.00879989 0.00879989]
客户端选择掩码: [0.0, 0.0, 1.0, 1.0, 1.0, 1.0, 1.0, 1.0, 1.0, 1.0, 0.0, 1.0, 1.0, 1.0, 0.0, 0.0, 1.0, 0.0, 0.0, 1.0, 1.0, 1.0, 1.0, 1.0, 1.0, 1.0, 0.0, 0.0, 1.0, 1.0]
/mnt/data/user_liangzhiyu/envs/fedcsl/lib/python3.8/site-packages/sklearn/utils/validation.py:63: RuntimeWarning:  Orthogonal matching pursuit ended prematurely due to linear
dependence in the dictionary. The requested precision might not have been met.

  return f(*args, **kwargs)
稀疏向量: [ 0.04661303  0.          0.          0.          0.          2.53608816
  0.          0.          0.          0.          0.          0.
  0.          0.          0.          0.          0.          0.
  0.          0.          0.         -1.5811259   0.          0.
  0.          0.          0.          0.          0.          0.        ]
更新后概率: [0.02570418 0.00876085 0.00876085 0.00876085 0.02028185 0.40837807
 0.00876085 0.00876085 0.00876085 0.00876085 0.00876085 0.03036902
 0.00876085 0.00876085 0.00876085 0.00876085 0.00876085 0.00876085
 0.00876085 0.00876085 0.00876085 0.24384997 0.00876085 0.00876085
 0.00876085 0.06115642 0.00876085 0.00876085 0.00876085 0.00876085]
Classification: 1.0 0.9426535459789617 161
本轮采样概率阵: [0.02570418 0.00876085 0.00876085 0.00876085 0.02028185 0.40837807
 0.00876085 0.00876085 0.00876085 0.00876085 0.00876085 0.03036902
 0.00876085 0.00876085 0.00876085 0.00876085 0.00876085 0.00876085
 0.00876085 0.00876085 0.00876085 0.24384997 0.00876085 0.00876085
 0.00876085 0.06115642 0.00876085 0.00876085 0.00876085 0.00876085]
客户端选择掩码: [1.0, 1.0, 1.0, 1.0, 1.0, 1.0, 1.0, 1.0, 0.0, 1.0, 1.0, 1.0, 1.0, 1.0, 0.0, 0.0, 0.0, 1.0, 0.0, 1.0, 0.0, 1.0, 0.0, 0.0, 1.0, 1.0, 1.0, 1.0, 0.0, 1.0]
/mnt/data/user_liangzhiyu/envs/fedcsl/lib/python3.8/site-packages/sklearn/utils/validation.py:63: RuntimeWarning:  Orthogonal matching pursuit ended prematurely due to linear
dependence in the dictionary. The requested precision might not have been met.

  return f(*args, **kwargs)
稀疏向量: [  0.           0.           0.           0.           0.
   0.           0.           0.           6.41677401  14.05212767
   0.           0.          -2.74236768   0.           0.
   0.           0.           0.           0.           0.
   0.          -6.06668522   0.         -10.4742474    0.
   0.           0.           0.           0.           0.        ]
更新后概率: [0.00882532 0.00882532 0.00882532 0.00882532 0.00882532 0.07208136
 0.00882532 0.00882532 0.00882532 0.40130276 0.00882532 0.00882532
 0.07956151 0.00882532 0.00882532 0.00882532 0.00882532 0.00882532
 0.00882532 0.00882532 0.00882532 0.2156268  0.00882532 0.00882532
 0.00882532 0.0107945  0.00882532 0.00882532 0.00882532 0.00882532]
Classification: 1.0 0.9429928741092637 162
本轮采样概率阵: [0.00882532 0.00882532 0.00882532 0.00882532 0.00882532 0.07208136
 0.00882532 0.00882532 0.00882532 0.40130276 0.00882532 0.00882532
 0.07956151 0.00882532 0.00882532 0.00882532 0.00882532 0.00882532
 0.00882532 0.00882532 0.00882532 0.2156268  0.00882532 0.00882532
 0.00882532 0.0107945  0.00882532 0.00882532 0.00882532 0.00882532]
客户端选择掩码: [1.0, 0.0, 0.0, 1.0, 1.0, 1.0, 1.0, 1.0, 0.0, 1.0, 1.0, 1.0, 1.0, 0.0, 0.0, 0.0, 1.0, 1.0, 0.0, 1.0, 1.0, 1.0, 1.0, 0.0, 1.0, 1.0, 1.0, 1.0, 1.0, 0.0]
/mnt/data/user_liangzhiyu/envs/fedcsl/lib/python3.8/site-packages/sklearn/utils/validation.py:63: RuntimeWarning:  Orthogonal matching pursuit ended prematurely due to linear
dependence in the dictionary. The requested precision might not have been met.

  return f(*args, **kwargs)
稀疏向量: [-1.42814262  0.          0.          0.          0.          7.54486063
  0.          0.          0.          0.          0.          0.
  0.          0.          0.          0.          0.          0.
  0.          0.          0.         -2.94033002 -2.16198287  0.
  0.          0.          0.          0.          0.          0.        ]
更新后概率: [0.06746855 0.00882066 0.00882066 0.00882066 0.00882066 0.36092657
 0.00882066 0.00882066 0.00882066 0.07079509 0.00882066 0.00882066
 0.0140357  0.00882066 0.00882066 0.00882066 0.00882066 0.00882066
 0.00882066 0.00882066 0.00882066 0.17374154 0.10133676 0.00882066
 0.00882066 0.00882066 0.00882066 0.00882066 0.00882066 0.00882066]
Classification: 0.999829960891005 0.9429928741092637 163
本轮采样概率阵: [0.06746855 0.00882066 0.00882066 0.00882066 0.00882066 0.36092657
 0.00882066 0.00882066 0.00882066 0.07079509 0.00882066 0.00882066
 0.0140357  0.00882066 0.00882066 0.00882066 0.00882066 0.00882066
 0.00882066 0.00882066 0.00882066 0.17374154 0.10133676 0.00882066
 0.00882066 0.00882066 0.00882066 0.00882066 0.00882066 0.00882066]
客户端选择掩码: [1.0, 0.0, 0.0, 1.0, 1.0, 1.0, 1.0, 1.0, 1.0, 1.0, 1.0, 0.0, 1.0, 1.0, 0.0, 1.0, 1.0, 0.0, 0.0, 0.0, 1.0, 1.0, 1.0, 1.0, 0.0, 1.0, 1.0, 0.0, 1.0, 1.0]
/mnt/data/user_liangzhiyu/envs/fedcsl/lib/python3.8/site-packages/sklearn/utils/validation.py:63: RuntimeWarning:  Orthogonal matching pursuit ended prematurely due to linear
dependence in the dictionary. The requested precision might not have been met.

  return f(*args, **kwargs)
稀疏向量: [ 0.          0.          0.          0.          0.          0.
  0.          0.          0.          0.          0.          0.
  0.          7.11798656  0.          0.          0.          0.
  0.          0.          0.          0.         -1.17387937  0.
  0.          0.          0.          0.          0.         -4.94340711]
更新后概率: [0.01199576 0.00888989 0.00888989 0.00888989 0.00888989 0.06417196
 0.00888989 0.00888989 0.00888989 0.01258721 0.00888989 0.00888989
 0.00888989 0.35368633 0.00888989 0.00888989 0.00888989 0.00888989
 0.00888989 0.00888989 0.00888989 0.03089087 0.07608782 0.00888989
 0.00888989 0.00888989 0.00888989 0.00888989 0.00888989 0.24611256]
Classification: 0.999829960891005 0.9429928741092637 164
本轮采样概率阵: [0.01199576 0.00888989 0.00888989 0.00888989 0.00888989 0.06417196
 0.00888989 0.00888989 0.00888989 0.01258721 0.00888989 0.00888989
 0.00888989 0.35368633 0.00888989 0.00888989 0.00888989 0.00888989
 0.00888989 0.00888989 0.00888989 0.03089087 0.07608782 0.00888989
 0.00888989 0.00888989 0.00888989 0.00888989 0.00888989 0.24611256]
客户端选择掩码: [0.0, 1.0, 0.0, 1.0, 1.0, 1.0, 0.0, 0.0, 1.0, 1.0, 0.0, 0.0, 1.0, 1.0, 1.0, 0.0, 1.0, 0.0, 1.0, 1.0, 1.0, 1.0, 1.0, 1.0, 1.0, 1.0, 0.0, 1.0, 1.0, 1.0]
/mnt/data/user_liangzhiyu/envs/fedcsl/lib/python3.8/site-packages/sklearn/utils/validation.py:63: RuntimeWarning:  Orthogonal matching pursuit ended prematurely due to linear
dependence in the dictionary. The requested precision might not have been met.

  return f(*args, **kwargs)
稀疏向量: [ 12.45623881   0.           0.           5.5451351   13.05740288
   0.           0.           0.           0.           0.
  17.24163435   0.           0.           0.           0.
   0.           0.           0.           0.           0.
   0.         -27.52125275   0.         -19.47006746   0.
   0.           0.           0.           0.           0.        ]
更新后概率: [0.01075826 0.00896839 0.00896839 0.05720652 0.13254678 0.01151038
 0.00896839 0.00896839 0.00896839 0.00896839 0.00896839 0.00896839
 0.00896839 0.06343992 0.00896839 0.00896839 0.00896839 0.00896839
 0.00896839 0.00896839 0.00896839 0.28155048 0.0136477  0.19685917
 0.00896839 0.00896839 0.00896839 0.00896839 0.00896839 0.04414465]
Classification: 0.999829960891005 0.9429928741092637 165
本轮采样概率阵: [0.01075826 0.00896839 0.00896839 0.05720652 0.13254678 0.01151038
 0.00896839 0.00896839 0.00896839 0.00896839 0.00896839 0.00896839
 0.00896839 0.06343992 0.00896839 0.00896839 0.00896839 0.00896839
 0.00896839 0.00896839 0.00896839 0.28155048 0.0136477  0.19685917
 0.00896839 0.00896839 0.00896839 0.00896839 0.00896839 0.04414465]
客户端选择掩码: [0.0, 1.0, 0.0, 1.0, 1.0, 1.0, 0.0, 1.0, 1.0, 1.0, 0.0, 0.0, 1.0, 1.0, 1.0, 1.0, 1.0, 1.0, 0.0, 0.0, 1.0, 1.0, 1.0, 1.0, 1.0, 0.0, 1.0, 0.0, 1.0, 1.0]
/mnt/data/user_liangzhiyu/envs/fedcsl/lib/python3.8/site-packages/sklearn/utils/validation.py:63: RuntimeWarning:  Orthogonal matching pursuit ended prematurely due to linear
dependence in the dictionary. The requested precision might not have been met.

  return f(*args, **kwargs)
稀疏向量: [  7.13486381   0.           0.           0.          -0.3934568
   0.           0.           0.           0.           0.
   5.52009491   0.          -0.53163311  11.81461922   0.
   0.           0.           0.           0.           0.
   0.           0.           0.           0.           0.
   0.           0.           0.         -22.61138358   0.        ]
更新后概率: [0.00965159 0.00897133 0.00897133 0.01026437 0.03111142 0.00897133
 0.00897133 0.00897133 0.00897133 0.00897133 0.00897133 0.00897133
 0.011512   0.23145606 0.00897133 0.00897133 0.00897133 0.00897133
 0.00897133 0.00897133 0.00897133 0.05051765 0.00897133 0.03532177
 0.00897133 0.00897133 0.00897133 0.00897133 0.42279588 0.00897133]
Classification: 0.999829960891005 0.9436715303698676 166
本轮采样概率阵: [0.00965159 0.00897133 0.00897133 0.01026437 0.03111142 0.00897133
 0.00897133 0.00897133 0.00897133 0.00897133 0.00897133 0.00897133
 0.011512   0.23145606 0.00897133 0.00897133 0.00897133 0.00897133
 0.00897133 0.00897133 0.00897133 0.05051765 0.00897133 0.03532177
 0.00897133 0.00897133 0.00897133 0.00897133 0.42279588 0.00897133]
客户端选择掩码: [1.0, 0.0, 1.0, 0.0, 1.0, 0.0, 1.0, 1.0, 0.0, 1.0, 1.0, 1.0, 1.0, 1.0, 1.0, 1.0, 0.0, 1.0, 1.0, 1.0, 1.0, 1.0, 1.0, 0.0, 0.0, 1.0, 0.0, 0.0, 1.0, 1.0]
/mnt/data/user_liangzhiyu/envs/fedcsl/lib/python3.8/site-packages/sklearn/utils/validation.py:63: RuntimeWarning:  Orthogonal matching pursuit ended prematurely due to linear
dependence in the dictionary. The requested precision might not have been met.

  return f(*args, **kwargs)
稀疏向量: [-2.67172105  0.          0.          0.         -2.15856253  0.
  0.          0.          0.          0.          0.         11.50088539
  0.          0.          0.          0.          0.          0.
 -5.65968968  0.          0.          0.          0.          0.
  0.          0.          0.          0.          0.          0.        ]
更新后概率: [0.07898711 0.00891605 0.00891605 0.00915177 0.06797333 0.00891605
 0.00891605 0.00891605 0.00891605 0.00891605 0.00891605 0.33420475
 0.00891605 0.04127348 0.00891605 0.00891605 0.00891605 0.00891605
 0.16527769 0.00891605 0.00891605 0.00900836 0.00891605 0.03149307
 0.00891605 0.00891605 0.00891605 0.00891605 0.07539339 0.00891605]
Classification: 1.0 0.9423142178486597 167
本轮采样概率阵: [0.07898711 0.00891605 0.00891605 0.00915177 0.06797333 0.00891605
 0.00891605 0.00891605 0.00891605 0.00891605 0.00891605 0.33420475
 0.00891605 0.04127348 0.00891605 0.00891605 0.00891605 0.00891605
 0.16527769 0.00891605 0.00891605 0.00900836 0.00891605 0.03149307
 0.00891605 0.00891605 0.00891605 0.00891605 0.07539339 0.00891605]
客户端选择掩码: [1.0, 0.0, 0.0, 1.0, 1.0, 1.0, 1.0, 0.0, 0.0, 1.0, 1.0, 1.0, 0.0, 0.0, 1.0, 0.0, 1.0, 1.0, 1.0, 1.0, 1.0, 0.0, 1.0, 1.0, 1.0, 1.0, 0.0, 1.0, 1.0, 1.0]
/mnt/data/user_liangzhiyu/envs/fedcsl/lib/python3.8/site-packages/sklearn/utils/validation.py:63: RuntimeWarning:  Orthogonal matching pursuit ended prematurely due to linear
dependence in the dictionary. The requested precision might not have been met.

  return f(*args, **kwargs)
稀疏向量: [-0.07503204  0.          0.          0.          0.0977655   0.
  0.          0.          0.          0.          0.          0.97737321
  0.          0.          0.          0.          0.          0.
  0.          0.          0.          0.          0.          0.
  0.          0.          0.          0.          0.          0.        ]
更新后概率: [0.05469426 0.00880681 0.00880681 0.00880681 0.06511054 0.00880681
 0.00880681 0.00880681 0.00880681 0.00880681 0.00880681 0.59009218
 0.00880681 0.03634876 0.00880681 0.00880681 0.00880681 0.00880681
 0.02911138 0.00880681 0.00880681 0.00880681 0.00880681 0.00880681
 0.00880681 0.00880681 0.00880681 0.00880681 0.01327951 0.00880681]
Classification: 1.0 0.9412962334577536 168
本轮采样概率阵: [0.05469426 0.00880681 0.00880681 0.00880681 0.06511054 0.00880681
 0.00880681 0.00880681 0.00880681 0.00880681 0.00880681 0.59009218
 0.00880681 0.03634876 0.00880681 0.00880681 0.00880681 0.00880681
 0.02911138 0.00880681 0.00880681 0.00880681 0.00880681 0.00880681
 0.00880681 0.00880681 0.00880681 0.00880681 0.01327951 0.00880681]
客户端选择掩码: [1.0, 1.0, 1.0, 1.0, 1.0, 1.0, 0.0, 1.0, 1.0, 0.0, 0.0, 1.0, 1.0, 1.0, 0.0, 1.0, 0.0, 0.0, 1.0, 1.0, 0.0, 1.0, 1.0, 1.0, 1.0, 1.0, 1.0, 1.0, 0.0, 0.0]
/mnt/data/user_liangzhiyu/envs/fedcsl/lib/python3.8/site-packages/sklearn/utils/validation.py:63: RuntimeWarning:  Orthogonal matching pursuit ended prematurely due to linear
dependence in the dictionary. The requested precision might not have been met.

  return f(*args, **kwargs)
稀疏向量: [ 0.          0.          0.          0.         -0.24226517  0.
  0.          0.          0.          0.          0.          4.90497636
  0.          4.07063415  0.          0.         -3.66996897  0.
  0.          0.          0.          0.          0.         -4.01328887
  0.          0.          0.          0.          0.          0.        ]
更新后概率: [0.00961824 0.00879273 0.00879273 0.00879273 0.02325125 0.00879273
 0.00879273 0.00879273 0.00879273 0.00879273 0.00879273 0.34270245
 0.00879273 0.20468148 0.00879273 0.00879273 0.00879273 0.00879273
 0.00879273 0.00879273 0.00879273 0.00879273 0.00879273 0.19704468
 0.00879273 0.00879273 0.00879273 0.00879273 0.01167632 0.00879273]
Classification: 1.0 0.9429928741092637 169
本轮采样概率阵: [0.00961824 0.00879273 0.00879273 0.00879273 0.02325125 0.00879273
 0.00879273 0.00879273 0.00879273 0.00879273 0.00879273 0.34270245
 0.00879273 0.20468148 0.00879273 0.00879273 0.00879273 0.00879273
 0.00879273 0.00879273 0.00879273 0.00879273 0.00879273 0.19704468
 0.00879273 0.00879273 0.00879273 0.00879273 0.01167632 0.00879273]
客户端选择掩码: [0.0, 1.0, 0.0, 1.0, 1.0, 1.0, 0.0, 1.0, 1.0, 1.0, 1.0, 1.0, 1.0, 1.0, 1.0, 0.0, 1.0, 0.0, 1.0, 0.0, 1.0, 0.0, 0.0, 1.0, 1.0, 1.0, 1.0, 1.0, 0.0, 1.0]
/mnt/data/user_liangzhiyu/envs/fedcsl/lib/python3.8/site-packages/sklearn/utils/validation.py:63: RuntimeWarning:  Orthogonal matching pursuit ended prematurely due to linear
dependence in the dictionary. The requested precision might not have been met.

  return f(*args, **kwargs)
稀疏向量: [-1.05934275  0.          0.          0.          2.20213471  7.14190097
  0.          0.          0.          0.          0.          0.
  0.          0.          0.          0.          0.          0.
  0.          0.          0.         -7.26484254  0.          0.
  0.          0.          0.          0.          0.          0.        ]
更新后概率: [0.00876658 0.00876658 0.00876658 0.00876658 0.15566748 0.49317666
 0.00876658 0.00876658 0.00876658 0.00876658 0.00876658 0.06008656
 0.00876658 0.03588713 0.00876658 0.00876658 0.00876658 0.00876658
 0.00876658 0.00876658 0.00876658 0.00876658 0.00876658 0.03454815
 0.00876658 0.00876658 0.00876658 0.00876658 0.01023613 0.00876658]
Classification: 1.0 0.9419748897183576 170
本轮采样概率阵: [0.00876658 0.00876658 0.00876658 0.00876658 0.15566748 0.49317666
 0.00876658 0.00876658 0.00876658 0.00876658 0.00876658 0.06008656
 0.00876658 0.03588713 0.00876658 0.00876658 0.00876658 0.00876658
 0.00876658 0.00876658 0.00876658 0.00876658 0.00876658 0.03454815
 0.00876658 0.00876658 0.00876658 0.00876658 0.01023613 0.00876658]
客户端选择掩码: [0.0, 1.0, 0.0, 0.0, 1.0, 1.0, 1.0, 1.0, 0.0, 1.0, 1.0, 1.0, 1.0, 1.0, 1.0, 1.0, 0.0, 1.0, 1.0, 1.0, 0.0, 1.0, 0.0, 1.0, 1.0, 0.0, 1.0, 0.0, 1.0, 1.0]
/mnt/data/user_liangzhiyu/envs/fedcsl/lib/python3.8/site-packages/sklearn/utils/validation.py:63: RuntimeWarning:  Orthogonal matching pursuit ended prematurely due to linear
dependence in the dictionary. The requested precision might not have been met.

  return f(*args, **kwargs)
稀疏向量: [-3.15153551  0.          0.          0.         -2.81202112  0.
  0.          0.          0.          0.          0.         11.6835622
  0.          2.63616724  0.          0.          0.          0.
 -7.33931156  0.          0.          0.          0.          0.
  0.          0.          0.          0.          0.          0.        ]
更新后概率: [0.00879046 0.00879046 0.00879046 0.00879046 0.10180226 0.08670495
 0.00879046 0.00879046 0.00879046 0.00879046 0.00879046 0.3198289
 0.00879046 0.07608891 0.00879046 0.00879046 0.00879046 0.00879046
 0.1958136  0.00879046 0.00879046 0.00879046 0.00879046 0.00879046
 0.00879046 0.00879046 0.00879046 0.00879046 0.00879046 0.00879046]
Classification: 1.0 0.9429928741092637 171
本轮采样概率阵: [0.00879046 0.00879046 0.00879046 0.00879046 0.10180226 0.08670495
 0.00879046 0.00879046 0.00879046 0.00879046 0.00879046 0.3198289
 0.00879046 0.07608891 0.00879046 0.00879046 0.00879046 0.00879046
 0.1958136  0.00879046 0.00879046 0.00879046 0.00879046 0.00879046
 0.00879046 0.00879046 0.00879046 0.00879046 0.00879046 0.00879046]
客户端选择掩码: [1.0, 1.0, 1.0, 1.0, 1.0, 1.0, 1.0, 0.0, 1.0, 1.0, 1.0, 1.0, 0.0, 1.0, 1.0, 0.0, 1.0, 1.0, 1.0, 0.0, 0.0, 1.0, 0.0, 0.0, 1.0, 0.0, 1.0, 0.0, 1.0, 1.0]
/mnt/data/user_liangzhiyu/envs/fedcsl/lib/python3.8/site-packages/sklearn/utils/validation.py:63: RuntimeWarning:  Orthogonal matching pursuit ended prematurely due to linear
dependence in the dictionary. The requested precision might not have been met.

  return f(*args, **kwargs)
稀疏向量: [-4.28220203  0.          0.         14.39175685 -1.22889322  0.
  0.          0.          0.          0.          0.          0.
  0.          0.          0.          0.          0.          0.
  0.          0.          0.          0.         -7.76928647  0.
  0.          0.          0.          0.          0.          0.        ]
更新后概率: [0.14229663 0.00887884 0.00887884 0.4745497  0.05846561 0.0153968
 0.00887884 0.00887884 0.00887884 0.00887884 0.00887884 0.05679422
 0.00887884 0.01351163 0.00887884 0.00887884 0.00887884 0.00887884
 0.03477197 0.00887884 0.00887884 0.00887884 0.00887884 0.00887884
 0.00887884 0.00887884 0.00887884 0.00887884 0.00887884 0.00887884]
Classification: 1.0 0.9450288428910757 172
本轮采样概率阵: [0.14229663 0.00887884 0.00887884 0.4745497  0.05846561 0.0153968
 0.00887884 0.00887884 0.00887884 0.00887884 0.00887884 0.05679422
 0.00887884 0.01351163 0.00887884 0.00887884 0.00887884 0.00887884
 0.03477197 0.00887884 0.00887884 0.00887884 0.00887884 0.00887884
 0.00887884 0.00887884 0.00887884 0.00887884 0.00887884 0.00887884]
客户端选择掩码: [1.0, 0.0, 1.0, 1.0, 1.0, 0.0, 1.0, 1.0, 1.0, 1.0, 1.0, 1.0, 1.0, 1.0, 0.0, 0.0, 1.0, 1.0, 1.0, 1.0, 0.0, 0.0, 0.0, 1.0, 0.0, 0.0, 1.0, 1.0, 1.0, 1.0]
/mnt/data/user_liangzhiyu/envs/fedcsl/lib/python3.8/site-packages/sklearn/utils/validation.py:63: RuntimeWarning:  Orthogonal matching pursuit ended prematurely due to linear
dependence in the dictionary. The requested precision might not have been met.

  return f(*args, **kwargs)
稀疏向量: [0.         0.94004475 0.         0.         0.         0.
 0.         0.         0.         0.         0.         0.
 0.         0.         0.         0.         0.         0.
 0.         0.         0.         0.         0.06054614 0.
 0.         0.         0.         0.         0.         0.        ]
更新后概率: [0.06269972 0.0099111  0.03625336 0.12855962 0.04608256 0.01525993
 0.03625336 0.03625336 0.03625336 0.03625336 0.03625336 0.04575125
 0.03625336 0.03717168 0.0099111  0.0099111  0.03625336 0.03625336
 0.04138595 0.03625336 0.0099111  0.0099111  0.0099111  0.03625336
 0.0099111  0.0099111  0.03625336 0.03625336 0.03625336 0.03625336]
Classification: 1.0 0.9426535459789617 173
本轮采样概率阵: [0.06269972 0.0099111  0.03625336 0.12855962 0.04608256 0.01525993
 0.03625336 0.03625336 0.03625336 0.03625336 0.03625336 0.04575125
 0.03625336 0.03717168 0.0099111  0.0099111  0.03625336 0.03625336
 0.04138595 0.03625336 0.0099111  0.0099111  0.0099111  0.03625336
 0.0099111  0.0099111  0.03625336 0.03625336 0.03625336 0.03625336]
客户端选择掩码: [1.0, 1.0, 1.0, 1.0, 1.0, 0.0, 1.0, 0.0, 1.0, 0.0, 1.0, 1.0, 1.0, 1.0, 0.0, 1.0, 1.0, 0.0, 0.0, 1.0, 1.0, 1.0, 1.0, 1.0, 0.0, 0.0, 1.0, 1.0, 1.0, 0.0]
/mnt/data/user_liangzhiyu/envs/fedcsl/lib/python3.8/site-packages/sklearn/utils/validation.py:63: RuntimeWarning:  Orthogonal matching pursuit ended prematurely due to linear
dependence in the dictionary. The requested precision might not have been met.

  return f(*args, **kwargs)
稀疏向量: [-0.77236193  0.          0.          0.          0.          0.
  0.          0.          0.          0.          0.          3.16096965
  0.          0.          0.          0.          0.          0.
 -1.38549024  0.          0.          0.          0.          0.
  0.          0.          0.          0.          0.          0.        ]
更新后概率: [0.12410381 0.00931144 0.00931144 0.02394151 0.00931144 0.01420919
 0.00931144 0.03375712 0.00931144 0.03375712 0.00931144 0.4686404
 0.00931144 0.00931144 0.00931144 0.00931144 0.00931144 0.03375712
 0.0385363  0.00931144 0.00931144 0.00931144 0.00931144 0.00931144
 0.00931144 0.00931144 0.00931144 0.00931144 0.00931144 0.03375712]
Classification: 1.0 0.9453681710213777 174
本轮采样概率阵: [0.12410381 0.00931144 0.00931144 0.02394151 0.00931144 0.01420919
 0.00931144 0.03375712 0.00931144 0.03375712 0.00931144 0.4686404
 0.00931144 0.00931144 0.00931144 0.00931144 0.00931144 0.03375712
 0.0385363  0.00931144 0.00931144 0.00931144 0.00931144 0.00931144
 0.00931144 0.00931144 0.00931144 0.00931144 0.00931144 0.03375712]
客户端选择掩码: [1.0, 1.0, 1.0, 0.0, 1.0, 1.0, 0.0, 1.0, 1.0, 1.0, 1.0, 1.0, 0.0, 0.0, 0.0, 0.0, 0.0, 1.0, 1.0, 1.0, 1.0, 1.0, 1.0, 0.0, 1.0, 0.0, 1.0, 1.0, 1.0, 1.0]
/mnt/data/user_liangzhiyu/envs/fedcsl/lib/python3.8/site-packages/sklearn/utils/validation.py:63: RuntimeWarning:  Orthogonal matching pursuit ended prematurely due to linear
dependence in the dictionary. The requested precision might not have been met.

  return f(*args, **kwargs)
稀疏向量: [ 0.          0.          0.          0.          0.12479335  0.
  0.          0.          0.          2.41836309  0.          0.
  0.          0.          0.          0.          0.          0.
  0.          0.          0.         -1.52775843  0.          0.
  0.          0.          0.          0.          0.          0.        ]
更新后概率: [0.02227636 0.00897489 0.00897489 0.02148724 0.0215148  0.00897489
 0.00897489 0.00897489 0.00897489 0.39060376 0.00897489 0.08411992
 0.00897489 0.00897489 0.00897489 0.00897489 0.00897489 0.00897489
 0.00897489 0.00897489 0.00897489 0.24460058 0.00897489 0.00897489
 0.00897489 0.00897489 0.00897489 0.00897489 0.00897489 0.00897489]
Classification: 0.999829960891005 0.9443501866304717 175
本轮采样概率阵: [0.02227636 0.00897489 0.00897489 0.02148724 0.0215148  0.00897489
 0.00897489 0.00897489 0.00897489 0.39060376 0.00897489 0.08411992
 0.00897489 0.00897489 0.00897489 0.00897489 0.00897489 0.00897489
 0.00897489 0.00897489 0.00897489 0.24460058 0.00897489 0.00897489
 0.00897489 0.00897489 0.00897489 0.00897489 0.00897489 0.00897489]
客户端选择掩码: [1.0, 1.0, 0.0, 1.0, 1.0, 1.0, 0.0, 1.0, 1.0, 1.0, 0.0, 1.0, 0.0, 0.0, 0.0, 1.0, 0.0, 1.0, 0.0, 1.0, 1.0, 1.0, 0.0, 1.0, 1.0, 1.0, 1.0, 1.0, 1.0, 1.0]
/mnt/data/user_liangzhiyu/envs/fedcsl/lib/python3.8/site-packages/sklearn/utils/validation.py:63: RuntimeWarning:  Orthogonal matching pursuit ended prematurely due to linear
dependence in the dictionary. The requested precision might not have been met.

  return f(*args, **kwargs)
稀疏向量: [ 0.          0.          0.          0.          0.          0.
  0.          0.          0.          2.23164913  0.          0.
  0.          0.          0.          0.          0.          0.
  0.          0.          0.         -1.27041764  0.05170631  0.
  0.          0.          0.          0.          0.          0.        ]
更新后概率: [0.00870136 0.00870136 0.00870136 0.00870136 0.00870136 0.00870136
 0.00870136 0.00870136 0.00870136 0.47573219 0.00870136 0.01463916
 0.00870136 0.00870136 0.00870136 0.00870136 0.00870136 0.00870136
 0.00870136 0.00870136 0.00870136 0.27469193 0.00870136 0.00870136
 0.00870136 0.00870136 0.00870136 0.00870136 0.00870136 0.00870136]
Classification: 0.999829960891005 0.9443501866304717 176
本轮采样概率阵: [0.00870136 0.00870136 0.00870136 0.00870136 0.00870136 0.00870136
 0.00870136 0.00870136 0.00870136 0.47573219 0.00870136 0.01463916
 0.00870136 0.00870136 0.00870136 0.00870136 0.00870136 0.00870136
 0.00870136 0.00870136 0.00870136 0.27469193 0.00870136 0.00870136
 0.00870136 0.00870136 0.00870136 0.00870136 0.00870136 0.00870136]
客户端选择掩码: [1.0, 0.0, 0.0, 1.0, 1.0, 1.0, 1.0, 0.0, 1.0, 1.0, 1.0, 1.0, 1.0, 0.0, 0.0, 1.0, 0.0, 0.0, 0.0, 1.0, 1.0, 1.0, 1.0, 0.0, 1.0, 1.0, 1.0, 1.0, 1.0, 1.0]
/mnt/data/user_liangzhiyu/envs/fedcsl/lib/python3.8/site-packages/sklearn/utils/validation.py:63: RuntimeWarning:  Orthogonal matching pursuit ended prematurely due to linear
dependence in the dictionary. The requested precision might not have been met.

  return f(*args, **kwargs)
稀疏向量: [ 1.88906228  0.          0.          0.          0.          9.81031937
  0.          0.          0.          0.          0.          0.
  0.          0.          0.          0.          0.          0.
  0.          0.          0.          0.          0.          0.
  0.          0.         -3.40389544  0.          0.         -7.34998013]
更新后概率: [0.05622008 0.00881526 0.00881526 0.00881526 0.00881526 0.28553052
 0.00881526 0.00881526 0.00881526 0.08387409 0.00881526 0.00881526
 0.00881526 0.00881526 0.00881526 0.00881526 0.00881526 0.00881526
 0.00881526 0.00881526 0.00881526 0.04842963 0.00881526 0.00881526
 0.00881526 0.00881526 0.10007259 0.00881526 0.00881526 0.21430679]
Classification: 0.999829960891005 0.9446895147607737 177
本轮采样概率阵: [0.05622008 0.00881526 0.00881526 0.00881526 0.00881526 0.28553052
 0.00881526 0.00881526 0.00881526 0.08387409 0.00881526 0.00881526
 0.00881526 0.00881526 0.00881526 0.00881526 0.00881526 0.00881526
 0.00881526 0.00881526 0.00881526 0.04842963 0.00881526 0.00881526
 0.00881526 0.00881526 0.10007259 0.00881526 0.00881526 0.21430679]
客户端选择掩码: [1.0, 1.0, 1.0, 1.0, 1.0, 1.0, 1.0, 0.0, 0.0, 1.0, 0.0, 1.0, 0.0, 1.0, 0.0, 0.0, 1.0, 0.0, 0.0, 1.0, 1.0, 1.0, 1.0, 0.0, 1.0, 1.0, 1.0, 1.0, 1.0, 1.0]
/mnt/data/user_liangzhiyu/envs/fedcsl/lib/python3.8/site-packages/sklearn/utils/validation.py:63: RuntimeWarning:  Orthogonal matching pursuit ended prematurely due to linear
dependence in the dictionary. The requested precision might not have been met.

  return f(*args, **kwargs)
稀疏向量: [ 0.30111974  0.          0.          0.          0.77587003  7.03472169
  0.          0.          0.          0.          0.          0.
  0.          0.          0.          0.          0.          0.
  0.          0.          0.          0.          0.          0.
  0.          0.          0.          0.          0.         -7.15053568]
更新后概率: [0.02288527 0.00887868 0.00887868 0.00887868 0.03480905 0.35211927
 0.00887868 0.00887868 0.00887868 0.01489382 0.00887868 0.00887868
 0.00887868 0.00887868 0.00887868 0.00887868 0.00887868 0.00887868
 0.00887868 0.00887868 0.00887868 0.00887868 0.00887868 0.00887868
 0.00887868 0.00887868 0.01777024 0.00887868 0.00887868 0.3444341 ]
Classification: 0.999829960891005 0.9443501866304717 178
本轮采样概率阵: [0.02288527 0.00887868 0.00887868 0.00887868 0.03480905 0.35211927
 0.00887868 0.00887868 0.00887868 0.01489382 0.00887868 0.00887868
 0.00887868 0.00887868 0.00887868 0.00887868 0.00887868 0.00887868
 0.00887868 0.00887868 0.00887868 0.00887868 0.00887868 0.00887868
 0.00887868 0.00887868 0.01777024 0.00887868 0.00887868 0.3444341 ]
客户端选择掩码: [1.0, 0.0, 0.0, 1.0, 1.0, 1.0, 0.0, 1.0, 0.0, 1.0, 1.0, 1.0, 1.0, 0.0, 1.0, 1.0, 1.0, 0.0, 1.0, 1.0, 0.0, 1.0, 1.0, 1.0, 1.0, 0.0, 1.0, 0.0, 1.0, 1.0]
/mnt/data/user_liangzhiyu/envs/fedcsl/lib/python3.8/site-packages/sklearn/utils/validation.py:63: RuntimeWarning:  Orthogonal matching pursuit ended prematurely due to linear
dependence in the dictionary. The requested precision might not have been met.

  return f(*args, **kwargs)
稀疏向量: [ 0.08700887  0.          0.          3.45910504  0.          0.
  0.          0.          0.          0.          0.          0.
  0.          0.          0.          0.          0.          0.
  0.          0.          0.          0.          0.          0.
 -2.54017913  0.          0.          0.          0.          0.        ]
更新后概率: [0.0133213  0.00882213 0.00882213 0.37063398 0.00882213 0.06212886
 0.00882213 0.00882213 0.00882213 0.00882213 0.00882213 0.00882213
 0.00882213 0.00882213 0.00882213 0.00882213 0.00882213 0.00882213
 0.00882213 0.00882213 0.00882213 0.00882213 0.00882213 0.00882213
 0.27258966 0.00882213 0.00882213 0.00882213 0.00882213 0.06077287]
Classification: 1.0 0.9426535459789617 179
本轮采样概率阵: [0.0133213  0.00882213 0.00882213 0.37063398 0.00882213 0.06212886
 0.00882213 0.00882213 0.00882213 0.00882213 0.00882213 0.00882213
 0.00882213 0.00882213 0.00882213 0.00882213 0.00882213 0.00882213
 0.00882213 0.00882213 0.00882213 0.00882213 0.00882213 0.00882213
 0.27258966 0.00882213 0.00882213 0.00882213 0.00882213 0.06077287]
客户端选择掩码: [1.0, 1.0, 0.0, 1.0, 1.0, 1.0, 1.0, 1.0, 1.0, 0.0, 0.0, 0.0, 1.0, 0.0, 1.0, 0.0, 1.0, 0.0, 1.0, 0.0, 1.0, 1.0, 1.0, 1.0, 1.0, 1.0, 1.0, 1.0, 0.0, 1.0]
/mnt/data/user_liangzhiyu/envs/fedcsl/lib/python3.8/site-packages/sklearn/utils/validation.py:63: RuntimeWarning:  Orthogonal matching pursuit ended prematurely due to linear
dependence in the dictionary. The requested precision might not have been met.

  return f(*args, **kwargs)
稀疏向量: [ -0.42283565   0.           0.           7.34848425   5.44959848
   0.           0.           0.           0.           0.
   0.           0.           0.           0.           0.
   0.           0.           0.           0.           0.
   0.         -11.29493995   0.           0.           0.
   0.           0.           0.           0.           0.        ]
更新后概率: [0.01364835 0.00888179 0.00888179 0.26190855 0.14697214 0.01103631
 0.00888179 0.00888179 0.00888179 0.00888179 0.00888179 0.00888179
 0.00888179 0.00888179 0.00888179 0.00888179 0.00888179 0.00888179
 0.00888179 0.00888179 0.00888179 0.30293628 0.00888179 0.00888179
 0.0484217  0.00888179 0.00888179 0.00888179 0.00888179 0.01079544]
Classification: 0.999829960891005 0.9443501866304717 180
本轮采样概率阵: [0.01364835 0.00888179 0.00888179 0.26190855 0.14697214 0.01103631
 0.00888179 0.00888179 0.00888179 0.00888179 0.00888179 0.00888179
 0.00888179 0.00888179 0.00888179 0.00888179 0.00888179 0.00888179
 0.00888179 0.00888179 0.00888179 0.30293628 0.00888179 0.00888179
 0.0484217  0.00888179 0.00888179 0.00888179 0.00888179 0.01079544]
客户端选择掩码: [1.0, 0.0, 1.0, 1.0, 1.0, 1.0, 1.0, 1.0, 1.0, 0.0, 0.0, 1.0, 1.0, 1.0, 1.0, 1.0, 0.0, 0.0, 1.0, 0.0, 0.0, 1.0, 1.0, 1.0, 1.0, 0.0, 1.0, 1.0, 1.0, 0.0]
/mnt/data/user_liangzhiyu/envs/fedcsl/lib/python3.8/site-packages/sklearn/utils/validation.py:63: RuntimeWarning:  Orthogonal matching pursuit ended prematurely due to linear
dependence in the dictionary. The requested precision might not have been met.

  return f(*args, **kwargs)
稀疏向量: [ -1.15602091   0.           0.           0.          -0.29802639
   0.           0.           0.           0.          15.74966542
   0.           0.           0.           0.           0.
   0.           0.           0.           0.           0.
   0.           0.           0.           0.           0.
   0.           0.         -13.22944921   0.           0.        ]
更新后概率: [0.05348764 0.00883248 0.00883248 0.04626603 0.03913031 0.00883248
 0.00883248 0.00883248 0.00883248 0.00883248 0.00883248 0.00883248
 0.00883248 0.00883248 0.00883248 0.00883248 0.00883248 0.00883248
 0.00883248 0.00883248 0.00883248 0.05351356 0.00883248 0.00883248
 0.00883248 0.00883248 0.00883248 0.58608791 0.00883248 0.00953505]
Classification: 1.0 0.9443501866304717 181
本轮采样概率阵: [0.05348764 0.00883248 0.00883248 0.04626603 0.03913031 0.00883248
 0.00883248 0.00883248 0.00883248 0.00883248 0.00883248 0.00883248
 0.00883248 0.00883248 0.00883248 0.00883248 0.00883248 0.00883248
 0.00883248 0.00883248 0.00883248 0.05351356 0.00883248 0.00883248
 0.00883248 0.00883248 0.00883248 0.58608791 0.00883248 0.00953505]
客户端选择掩码: [1.0, 0.0, 1.0, 1.0, 1.0, 1.0, 1.0, 1.0, 0.0, 1.0, 0.0, 1.0, 1.0, 1.0, 0.0, 0.0, 1.0, 0.0, 0.0, 1.0, 0.0, 1.0, 0.0, 1.0, 1.0, 1.0, 1.0, 1.0, 1.0, 1.0]
/mnt/data/user_liangzhiyu/envs/fedcsl/lib/python3.8/site-packages/sklearn/utils/validation.py:63: RuntimeWarning:  Orthogonal matching pursuit ended prematurely due to linear
dependence in the dictionary. The requested precision might not have been met.

  return f(*args, **kwargs)
稀疏向量: [ -5.41784601   0.           0.           0.           0.
   0.           0.           0.           0.          27.14854395
   0.           0.          -6.10976819   0.           0.
   0.           0.           0.           0.           0.
   0.         -14.46198221   0.           0.           0.
   0.           0.           0.           0.           0.        ]
更新后概率: [0.07600844 0.00886087 0.00886087 0.00886087 0.00886087 0.00886087
 0.00886087 0.00886087 0.00886087 0.3349411  0.00886087 0.00886087
 0.07659136 0.00886087 0.00886087 0.00886087 0.00886087 0.00886087
 0.00886087 0.00886087 0.00886087 0.18707226 0.00886087 0.00886087
 0.00886087 0.00886087 0.00886087 0.10386501 0.00886087 0.00886087]
Classification: 1.0 0.9433322022395657 182
本轮采样概率阵: [0.07600844 0.00886087 0.00886087 0.00886087 0.00886087 0.00886087
 0.00886087 0.00886087 0.00886087 0.3349411  0.00886087 0.00886087
 0.07659136 0.00886087 0.00886087 0.00886087 0.00886087 0.00886087
 0.00886087 0.00886087 0.00886087 0.18707226 0.00886087 0.00886087
 0.00886087 0.00886087 0.00886087 0.10386501 0.00886087 0.00886087]
客户端选择掩码: [1.0, 1.0, 1.0, 0.0, 0.0, 1.0, 1.0, 1.0, 1.0, 1.0, 0.0, 0.0, 1.0, 0.0, 1.0, 1.0, 1.0, 0.0, 1.0, 1.0, 1.0, 1.0, 0.0, 1.0, 0.0, 1.0, 1.0, 1.0, 0.0, 1.0]
/mnt/data/user_liangzhiyu/envs/fedcsl/lib/python3.8/site-packages/sklearn/utils/validation.py:63: RuntimeWarning:  Orthogonal matching pursuit ended prematurely due to linear
dependence in the dictionary. The requested precision might not have been met.

  return f(*args, **kwargs)
稀疏向量: [-0.12398236  0.          0.          1.57640965  0.          0.
  0.          0.          0.          0.          0.          0.
  0.          0.          0.          0.          0.          0.
 -0.44634484  0.          0.          0.          0.          0.
  0.          0.          0.          0.          0.          0.        ]
更新后概率: [0.15458047 0.00882091 0.00882091 0.00882091 0.00882091 0.00882091
 0.00882091 0.00882091 0.00882091 0.05908975 0.00882091 0.00882091
 0.01351213 0.00882091 0.00882091 0.00882091 0.00882091 0.00882091
 0.50978903 0.00882091 0.00882091 0.03300298 0.00882091 0.00882091
 0.00882091 0.00882091 0.00882091 0.0183237  0.00882091 0.00882091]
Classification: 1.0 0.9429928741092637 183
本轮采样概率阵: [0.15458047 0.00882091 0.00882091 0.00882091 0.00882091 0.00882091
 0.00882091 0.00882091 0.00882091 0.05908975 0.00882091 0.00882091
 0.01351213 0.00882091 0.00882091 0.00882091 0.00882091 0.00882091
 0.50978903 0.00882091 0.00882091 0.03300298 0.00882091 0.00882091
 0.00882091 0.00882091 0.00882091 0.0183237  0.00882091 0.00882091]
客户端选择掩码: [1.0, 1.0, 1.0, 0.0, 1.0, 1.0, 0.0, 1.0, 1.0, 1.0, 1.0, 0.0, 0.0, 1.0, 0.0, 0.0, 0.0, 1.0, 1.0, 1.0, 1.0, 1.0, 1.0, 1.0, 1.0, 0.0, 1.0, 1.0, 0.0, 1.0]
/mnt/data/user_liangzhiyu/envs/fedcsl/lib/python3.8/site-packages/sklearn/utils/validation.py:63: RuntimeWarning:  Orthogonal matching pursuit ended prematurely due to linear
dependence in the dictionary. The requested precision might not have been met.

  return f(*args, **kwargs)
稀疏向量: [  1.0880214    0.           0.           0.           1.94377515
   0.           0.           0.           0.           0.
   4.58953367   4.6818967    0.           0.           0.
   0.           0.           0.           0.           0.
   0.           0.           0.           0.           0.
 -11.33791819   0.           0.           0.           0.        ]
更新后概率: [0.11945818 0.0088147  0.0088147  0.0088147  0.16628423 0.0088147
 0.0088147  0.0088147  0.0088147  0.01041717 0.3905044  0.0088147
 0.01191053 0.0088147  0.0088147  0.0088147  0.0088147  0.0088147
 0.08987273 0.0088147  0.0088147  0.0088147  0.0088147  0.0088147
 0.0088147  0.0088147  0.0088147  0.0088147  0.0088147  0.0088147 ]
Classification: 1.0 0.9423142178486597 184
本轮采样概率阵: [0.11945818 0.0088147  0.0088147  0.0088147  0.16628423 0.0088147
 0.0088147  0.0088147  0.0088147  0.01041717 0.3905044  0.0088147
 0.01191053 0.0088147  0.0088147  0.0088147  0.0088147  0.0088147
 0.08987273 0.0088147  0.0088147  0.0088147  0.0088147  0.0088147
 0.0088147  0.0088147  0.0088147  0.0088147  0.0088147  0.0088147 ]
客户端选择掩码: [1.0, 1.0, 1.0, 1.0, 1.0, 0.0, 1.0, 1.0, 1.0, 1.0, 1.0, 0.0, 1.0, 1.0, 1.0, 1.0, 1.0, 0.0, 1.0, 0.0, 0.0, 1.0, 1.0, 1.0, 0.0, 0.0, 1.0, 0.0, 1.0, 0.0]
/mnt/data/user_liangzhiyu/envs/fedcsl/lib/python3.8/site-packages/sklearn/utils/validation.py:63: RuntimeWarning:  Orthogonal matching pursuit ended prematurely due to linear
dependence in the dictionary. The requested precision might not have been met.

  return f(*args, **kwargs)
稀疏向量: [0.17482765 0.         0.         0.         0.         0.
 0.         0.         0.         0.54591528 0.         0.
 0.28071096 0.         0.         0.         0.         0.
 0.         0.         0.         0.         0.         0.
 0.         0.         0.         0.         0.         0.        ]
更新后概率: [0.13442784 0.0088166  0.0088166  0.0088166  0.02932125 0.0088166
 0.0088166  0.0088166  0.0088166  0.35582482 0.06885846 0.0088166
 0.18412167 0.0088166  0.0088166  0.0088166  0.0088166  0.0088166
 0.01584745 0.0088166  0.0088166  0.0088166  0.0088166  0.0088166
 0.0088166  0.0088166  0.0088166  0.0088166  0.0088166  0.0088166 ]
Classification: 1.0 0.9419748897183576 185
本轮采样概率阵: [0.13442784 0.0088166  0.0088166  0.0088166  0.02932125 0.0088166
 0.0088166  0.0088166  0.0088166  0.35582482 0.06885846 0.0088166
 0.18412167 0.0088166  0.0088166  0.0088166  0.0088166  0.0088166
 0.01584745 0.0088166  0.0088166  0.0088166  0.0088166  0.0088166
 0.0088166  0.0088166  0.0088166  0.0088166  0.0088166  0.0088166 ]
客户端选择掩码: [1.0, 1.0, 0.0, 1.0, 1.0, 1.0, 1.0, 0.0, 0.0, 1.0, 1.0, 1.0, 1.0, 1.0, 1.0, 1.0, 0.0, 0.0, 1.0, 1.0, 1.0, 1.0, 1.0, 1.0, 1.0, 1.0, 0.0, 0.0, 0.0, 0.0]
/mnt/data/user_liangzhiyu/envs/fedcsl/lib/python3.8/site-packages/sklearn/utils/validation.py:63: RuntimeWarning:  Orthogonal matching pursuit ended prematurely due to linear
dependence in the dictionary. The requested precision might not have been met.

  return f(*args, **kwargs)
稀疏向量: [  2.22792489   0.           0.           0.          -3.14453295
   0.           0.           0.           0.           0.
   0.           5.40655091   0.           0.           8.37066204
   0.           0.           0.         -11.84757579   0.
   0.           0.           0.           0.           0.
   0.           0.           0.           0.           0.        ]
更新后概率: [0.07141538 0.00894673 0.00894673 0.00894673 0.07209359 0.00894673
 0.00894673 0.00894673 0.00894673 0.06366934 0.01232116 0.11651095
 0.03294572 0.00894673 0.17952252 0.00894673 0.00894673 0.00894673
 0.25469339 0.00894673 0.00894673 0.00894673 0.00894673 0.00894673
 0.00894673 0.00894673 0.00894673 0.00894673 0.00894673 0.00894673]
Classification: 1.0 0.9423142178486597 186
本轮采样概率阵: [0.07141538 0.00894673 0.00894673 0.00894673 0.07209359 0.00894673
 0.00894673 0.00894673 0.00894673 0.06366934 0.01232116 0.11651095
 0.03294572 0.00894673 0.17952252 0.00894673 0.00894673 0.00894673
 0.25469339 0.00894673 0.00894673 0.00894673 0.00894673 0.00894673
 0.00894673 0.00894673 0.00894673 0.00894673 0.00894673 0.00894673]
客户端选择掩码: [1.0, 0.0, 0.0, 0.0, 1.0, 1.0, 0.0, 1.0, 0.0, 1.0, 1.0, 1.0, 1.0, 1.0, 1.0, 1.0, 1.0, 1.0, 1.0, 0.0, 1.0, 0.0, 1.0, 1.0, 1.0, 0.0, 1.0, 1.0, 1.0, 0.0]
/mnt/data/user_liangzhiyu/envs/fedcsl/lib/python3.8/site-packages/sklearn/utils/validation.py:63: RuntimeWarning:  Orthogonal matching pursuit ended prematurely due to linear
dependence in the dictionary. The requested precision might not have been met.

  return f(*args, **kwargs)
稀疏向量: [  3.16354148   0.           0.           0.          10.64169945
   0.           0.           0.           0.           0.
   0.           0.           0.          38.30675771   0.
   0.           0.           0.           0.           0.
   0.           0.           0.           0.           0.
   0.           0.           0.           0.         -51.22349187]
更新后概率: [0.05267227 0.00893692 0.00893692 0.00893692 0.14712933 0.00893692
 0.00893692 0.00893692 0.00893692 0.01138015 0.00893692 0.02082498
 0.00893692 0.48483311 0.03208756 0.00893692 0.00893692 0.00893692
 0.04552348 0.00893692 0.00893692 0.00893692 0.00893692 0.00893692
 0.00893692 0.00893692 0.00893692 0.00893692 0.00893692 0.00893692]
Classification: 1.0 0.9426535459789617 187
本轮采样概率阵: [0.05267227 0.00893692 0.00893692 0.00893692 0.14712933 0.00893692
 0.00893692 0.00893692 0.00893692 0.01138015 0.00893692 0.02082498
 0.00893692 0.48483311 0.03208756 0.00893692 0.00893692 0.00893692
 0.04552348 0.00893692 0.00893692 0.00893692 0.00893692 0.00893692
 0.00893692 0.00893692 0.00893692 0.00893692 0.00893692 0.00893692]
客户端选择掩码: [1.0, 1.0, 0.0, 1.0, 1.0, 0.0, 0.0, 1.0, 1.0, 1.0, 1.0, 1.0, 1.0, 1.0, 1.0, 1.0, 1.0, 0.0, 1.0, 1.0, 0.0, 0.0, 0.0, 1.0, 1.0, 1.0, 1.0, 0.0, 1.0, 0.0]
/mnt/data/user_liangzhiyu/envs/fedcsl/lib/python3.8/site-packages/sklearn/utils/validation.py:63: RuntimeWarning:  Orthogonal matching pursuit ended prematurely due to linear
dependence in the dictionary. The requested precision might not have been met.

  return f(*args, **kwargs)
稀疏向量: [0.20126836 0.         0.         0.         0.         0.
 0.         0.         0.         0.         0.         0.
 0.25566151 0.54337546 0.         0.         0.         0.
 0.         0.         0.         0.         0.         0.
 0.         0.         0.         0.         0.         0.        ]
更新后概率: [0.13977218 0.00881548 0.00881548 0.00881548 0.02594031 0.00881548
 0.00881548 0.00881548 0.00881548 0.00881548 0.00881548 0.00881548
 0.16732519 0.43775988 0.00881548 0.00881548 0.00881548 0.00881548
 0.00881548 0.00881548 0.00881548 0.00881548 0.00881548 0.00881548
 0.00881548 0.00881548 0.00881548 0.00881548 0.00881548 0.00881548]
Classification: 1.0 0.9453681710213777 188
本轮采样概率阵: [0.13977218 0.00881548 0.00881548 0.00881548 0.02594031 0.00881548
 0.00881548 0.00881548 0.00881548 0.00881548 0.00881548 0.00881548
 0.16732519 0.43775988 0.00881548 0.00881548 0.00881548 0.00881548
 0.00881548 0.00881548 0.00881548 0.00881548 0.00881548 0.00881548
 0.00881548 0.00881548 0.00881548 0.00881548 0.00881548 0.00881548]
客户端选择掩码: [1.0, 1.0, 1.0, 1.0, 1.0, 1.0, 1.0, 1.0, 0.0, 1.0, 0.0, 1.0, 1.0, 1.0, 1.0, 0.0, 1.0, 1.0, 1.0, 1.0, 0.0, 0.0, 1.0, 0.0, 1.0, 0.0, 0.0, 1.0, 0.0, 1.0]
/mnt/data/user_liangzhiyu/envs/fedcsl/lib/python3.8/site-packages/sklearn/utils/validation.py:63: RuntimeWarning:  Orthogonal matching pursuit ended prematurely due to linear
dependence in the dictionary. The requested precision might not have been met.

  return f(*args, **kwargs)
稀疏向量: [ 2.73196513  0.          0.          0.          0.50761854  0.
  0.          0.          0.          0.          0.          4.41713253
  0.          0.          0.          0.          0.          0.
  0.          0.          0.          0.          0.         -6.61441895
  0.          0.          0.          0.          0.          0.        ]
更新后概率: [0.25449886 0.00875311 0.00875311 0.00875311 0.04728238 0.00875311
 0.00875311 0.00875311 0.00875311 0.00875311 0.00875311 0.3734635
 0.02929231 0.0766352  0.00875311 0.00875311 0.00875311 0.00875311
 0.00875311 0.00875311 0.00875311 0.00875311 0.00875311 0.00875311
 0.00875311 0.00875311 0.00875311 0.00875311 0.00875311 0.00875311]
Classification: 1.0 0.9446895147607737 189
本轮采样概率阵: [0.25449886 0.00875311 0.00875311 0.00875311 0.04728238 0.00875311
 0.00875311 0.00875311 0.00875311 0.00875311 0.00875311 0.3734635
 0.02929231 0.0766352  0.00875311 0.00875311 0.00875311 0.00875311
 0.00875311 0.00875311 0.00875311 0.00875311 0.00875311 0.00875311
 0.00875311 0.00875311 0.00875311 0.00875311 0.00875311 0.00875311]
客户端选择掩码: [1.0, 0.0, 0.0, 1.0, 1.0, 1.0, 1.0, 1.0, 1.0, 0.0, 1.0, 1.0, 0.0, 1.0, 0.0, 1.0, 1.0, 1.0, 1.0, 1.0, 1.0, 0.0, 0.0, 1.0, 1.0, 0.0, 1.0, 1.0, 0.0, 1.0]
/mnt/data/user_liangzhiyu/envs/fedcsl/lib/python3.8/site-packages/sklearn/utils/validation.py:63: RuntimeWarning:  Orthogonal matching pursuit ended prematurely due to linear
dependence in the dictionary. The requested precision might not have been met.

  return f(*args, **kwargs)
稀疏向量: [ 0.03338686  0.          0.          0.          0.          0.
  0.          0.          0.          1.69468928  0.          0.
  0.          0.          0.          0.          0.          0.
  0.          0.          0.         -0.71972884  0.          0.
  0.          0.          0.          0.          0.          0.        ]
更新后概率: [0.67037923 0.00868995 0.00868995 0.00868995 0.00868995 0.00868995
 0.00868995 0.00868995 0.00868995 0.00868995 0.00868995 0.06490779
 0.02545488 0.01331931 0.00868995 0.00868995 0.00868995 0.00868995
 0.00868995 0.00868995 0.00868995 0.00868995 0.00868995 0.00868995
 0.00868995 0.00868995 0.00868995 0.00868995 0.00868995 0.00868995]
Classification: 1.0 0.9443501866304717 190
本轮采样概率阵: [0.67037923 0.00868995 0.00868995 0.00868995 0.00868995 0.00868995
 0.00868995 0.00868995 0.00868995 0.00868995 0.00868995 0.06490779
 0.02545488 0.01331931 0.00868995 0.00868995 0.00868995 0.00868995
 0.00868995 0.00868995 0.00868995 0.00868995 0.00868995 0.00868995
 0.00868995 0.00868995 0.00868995 0.00868995 0.00868995 0.00868995]
客户端选择掩码: [1.0, 1.0, 0.0, 1.0, 1.0, 0.0, 1.0, 1.0, 0.0, 1.0, 1.0, 1.0, 1.0, 1.0, 0.0, 1.0, 1.0, 1.0, 1.0, 0.0, 1.0, 0.0, 1.0, 0.0, 0.0, 1.0, 1.0, 1.0, 0.0, 1.0]
/mnt/data/user_liangzhiyu/envs/fedcsl/lib/python3.8/site-packages/sklearn/utils/validation.py:63: RuntimeWarning:  Orthogonal matching pursuit ended prematurely due to linear
dependence in the dictionary. The requested precision might not have been met.

  return f(*args, **kwargs)
稀疏向量: [ 11.0608556    0.           0.           0.           1.5065258
   0.           0.           0.           0.           0.
   0.          -3.93011669  11.97244263   0.           0.
   0.           0.         -19.66154514   0.           0.
   0.           0.           0.           0.           0.
   0.           0.           0.           0.           0.        ]
更新后概率: [0.26555242 0.00874847 0.00874847 0.00874847 0.02171352 0.00874847
 0.00874847 0.00874847 0.00874847 0.00874847 0.00874847 0.06403504
 0.16492902 0.00874847 0.00874847 0.00874847 0.00874847 0.26505819
 0.00874847 0.00874847 0.00874847 0.00874847 0.00874847 0.00874847
 0.00874847 0.00874847 0.00874847 0.00874847 0.00874847 0.00874847]
Classification: 1.0 0.9453681710213777 191
本轮采样概率阵: [0.26555242 0.00874847 0.00874847 0.00874847 0.02171352 0.00874847
 0.00874847 0.00874847 0.00874847 0.00874847 0.00874847 0.06403504
 0.16492902 0.00874847 0.00874847 0.00874847 0.00874847 0.26505819
 0.00874847 0.00874847 0.00874847 0.00874847 0.00874847 0.00874847
 0.00874847 0.00874847 0.00874847 0.00874847 0.00874847 0.00874847]
客户端选择掩码: [1.0, 1.0, 1.0, 1.0, 1.0, 1.0, 1.0, 0.0, 1.0, 1.0, 1.0, 1.0, 1.0, 0.0, 0.0, 0.0, 0.0, 1.0, 1.0, 0.0, 1.0, 1.0, 0.0, 1.0, 0.0, 0.0, 1.0, 1.0, 1.0, 1.0]
/mnt/data/user_liangzhiyu/envs/fedcsl/lib/python3.8/site-packages/sklearn/utils/validation.py:63: RuntimeWarning:  Orthogonal matching pursuit ended prematurely due to linear
dependence in the dictionary. The requested precision might not have been met.

  return f(*args, **kwargs)
稀疏向量: [ 1.45879822  0.          0.          0.          0.69872522  0.
  0.          0.          0.          0.          0.          4.62774288
  0.          0.          0.          0.          0.          0.
  0.          0.          0.          0.          0.          0.
  0.          0.          0.          0.         -5.80258472  0.        ]
更新后概率: [0.12204405 0.00881043 0.00881043 0.00881043 0.03986952 0.00881043
 0.00881043 0.00881043 0.00881043 0.00881043 0.00881043 0.25000348
 0.02906191 0.00881043 0.00881043 0.00881043 0.00881043 0.04670554
 0.00881043 0.00881043 0.00881043 0.00881043 0.00881043 0.00881043
 0.00881043 0.00881043 0.00881043 0.00881043 0.30086517 0.00881043]
Classification: 1.0 0.9446895147607737 192
本轮采样概率阵: [0.12204405 0.00881043 0.00881043 0.00881043 0.03986952 0.00881043
 0.00881043 0.00881043 0.00881043 0.00881043 0.00881043 0.25000348
 0.02906191 0.00881043 0.00881043 0.00881043 0.00881043 0.04670554
 0.00881043 0.00881043 0.00881043 0.00881043 0.00881043 0.00881043
 0.00881043 0.00881043 0.00881043 0.00881043 0.30086517 0.00881043]
客户端选择掩码: [1.0, 0.0, 1.0, 1.0, 1.0, 0.0, 0.0, 1.0, 0.0, 1.0, 1.0, 1.0, 1.0, 0.0, 1.0, 1.0, 0.0, 1.0, 1.0, 1.0, 1.0, 1.0, 0.0, 1.0, 0.0, 1.0, 1.0, 0.0, 1.0, 1.0]
/mnt/data/user_liangzhiyu/envs/fedcsl/lib/python3.8/site-packages/sklearn/utils/validation.py:63: RuntimeWarning:  Orthogonal matching pursuit ended prematurely due to linear
dependence in the dictionary. The requested precision might not have been met.

  return f(*args, **kwargs)
稀疏向量: [ 0.          0.          0.          0.          0.44375674  0.
  0.          0.          0.          0.          0.         16.33957283
  0.          0.          0.          0.          0.          0.
  0.          0.          0.          0.         -5.96988049 -9.70985769
  0.          0.          0.          0.          0.          0.        ]
更新后概率: [0.02158384 0.00884264 0.00884264 0.00884264 0.01796052 0.00884264
 0.00884264 0.00884264 0.00884264 0.00884264 0.00884264 0.44591183
 0.00884264 0.00884264 0.00884264 0.00884264 0.00884264 0.00884264
 0.00884264 0.00884264 0.00884264 0.00884264 0.00884264 0.24026882
 0.00884264 0.00884264 0.00884264 0.00884264 0.05320888 0.00884264]
Classification: 1.0 0.9450288428910757 193
本轮采样概率阵: [0.02158384 0.00884264 0.00884264 0.00884264 0.01796052 0.00884264
 0.00884264 0.00884264 0.00884264 0.00884264 0.00884264 0.44591183
 0.00884264 0.00884264 0.00884264 0.00884264 0.00884264 0.00884264
 0.00884264 0.00884264 0.00884264 0.00884264 0.00884264 0.24026882
 0.00884264 0.00884264 0.00884264 0.00884264 0.05320888 0.00884264]
客户端选择掩码: [1.0, 0.0, 0.0, 1.0, 1.0, 1.0, 1.0, 0.0, 1.0, 0.0, 1.0, 1.0, 1.0, 0.0, 0.0, 1.0, 1.0, 1.0, 1.0, 1.0, 1.0, 0.0, 1.0, 1.0, 1.0, 1.0, 0.0, 0.0, 1.0, 1.0]
/mnt/data/user_liangzhiyu/envs/fedcsl/lib/python3.8/site-packages/sklearn/utils/validation.py:63: RuntimeWarning:  Orthogonal matching pursuit ended prematurely due to linear
dependence in the dictionary. The requested precision might not have been met.

  return f(*args, **kwargs)
稀疏向量: [-11.0527644    0.           0.           0.          -9.37231026
   0.           0.           0.           0.           0.
   0.          52.68429273   0.           0.           0.
   0.           0.           0.         -31.20472559   0.
   0.           0.           0.           0.           0.
   0.           0.           0.           0.           0.        ]
更新后概率: [0.07261394 0.00881921 0.00881921 0.00881921 0.06151349 0.00881921
 0.00881921 0.00881921 0.00881921 0.00881921 0.00881921 0.40662787
 0.00881921 0.00881921 0.00881921 0.00881921 0.00881921 0.00881921
 0.1958188  0.00881921 0.00881921 0.00881921 0.00881921 0.04237963
 0.00881921 0.00881921 0.00881921 0.00881921 0.00938521 0.00881921]
Classification: 1.0 0.9450288428910757 194
本轮采样概率阵: [0.07261394 0.00881921 0.00881921 0.00881921 0.06151349 0.00881921
 0.00881921 0.00881921 0.00881921 0.00881921 0.00881921 0.40662787
 0.00881921 0.00881921 0.00881921 0.00881921 0.00881921 0.00881921
 0.1958188  0.00881921 0.00881921 0.00881921 0.00881921 0.04237963
 0.00881921 0.00881921 0.00881921 0.00881921 0.00938521 0.00881921]
客户端选择掩码: [1.0, 1.0, 0.0, 1.0, 1.0, 1.0, 1.0, 1.0, 1.0, 1.0, 0.0, 1.0, 1.0, 0.0, 1.0, 0.0, 1.0, 0.0, 1.0, 0.0, 0.0, 0.0, 1.0, 1.0, 1.0, 1.0, 1.0, 1.0, 1.0, 0.0]
/mnt/data/user_liangzhiyu/envs/fedcsl/lib/python3.8/site-packages/sklearn/utils/validation.py:63: RuntimeWarning:  Orthogonal matching pursuit ended prematurely due to linear
dependence in the dictionary. The requested precision might not have been met.

  return f(*args, **kwargs)
稀疏向量: [  5.48993686   0.           0.           0.          -0.81962372
   0.           0.           0.           0.           0.
   0.          16.50876988   0.           0.           0.
   0.           0.           0.          -6.38177893   0.
   0.           0.           0.         -13.70124667   0.
   0.           0.           0.           0.           0.        ]
更新后概率: [0.0952211  0.00875433 0.00875433 0.00875433 0.02308818 0.00875433
 0.00875433 0.00875433 0.00875433 0.00875433 0.00875433 0.3193027
 0.00875433 0.00875433 0.00875433 0.00875433 0.00875433 0.00875433
 0.13019596 0.00875433 0.00875433 0.00875433 0.00875433 0.21333393
 0.00875433 0.00875433 0.00875433 0.00875433 0.00875433 0.00875433]
Classification: 1.0 0.9463861554122837 195
本轮采样概率阵: [0.0952211  0.00875433 0.00875433 0.00875433 0.02308818 0.00875433
 0.00875433 0.00875433 0.00875433 0.00875433 0.00875433 0.3193027
 0.00875433 0.00875433 0.00875433 0.00875433 0.00875433 0.00875433
 0.13019596 0.00875433 0.00875433 0.00875433 0.00875433 0.21333393
 0.00875433 0.00875433 0.00875433 0.00875433 0.00875433 0.00875433]
客户端选择掩码: [1.0, 0.0, 1.0, 1.0, 1.0, 1.0, 1.0, 1.0, 0.0, 1.0, 1.0, 1.0, 0.0, 1.0, 0.0, 1.0, 1.0, 1.0, 1.0, 1.0, 1.0, 0.0, 0.0, 1.0, 0.0, 1.0, 1.0, 1.0, 0.0, 0.0]
/mnt/data/user_liangzhiyu/envs/fedcsl/lib/python3.8/site-packages/sklearn/utils/validation.py:63: RuntimeWarning:  Orthogonal matching pursuit ended prematurely due to linear
dependence in the dictionary. The requested precision might not have been met.

  return f(*args, **kwargs)
稀疏向量: [  0.           0.           0.           0.           0.94389212
   0.           0.           0.           0.           0.
   0.          16.9798018    0.           0.           0.
   0.           0.           0.           0.           0.
   0.           0.          -4.45984616   0.           0.
   0.           0.           0.         -12.46918208   0.        ]
更新后概率: [0.01665874 0.0087474  0.0087474  0.0087474  0.0379879  0.0087474
 0.0087474  0.0087474  0.0087474  0.0087474  0.0087474  0.66656859
 0.0087474  0.0087474  0.0087474  0.0087474  0.0087474  0.0087474
 0.02277752 0.0087474  0.0087474  0.0087474  0.0087474  0.03732233
 0.0087474  0.0087474  0.0087474  0.0087474  0.0087474  0.0087474 ]
Classification: 0.999829960891005 0.9453681710213777 196
本轮采样概率阵: [0.01665874 0.0087474  0.0087474  0.0087474  0.0379879  0.0087474
 0.0087474  0.0087474  0.0087474  0.0087474  0.0087474  0.66656859
 0.0087474  0.0087474  0.0087474  0.0087474  0.0087474  0.0087474
 0.02277752 0.0087474  0.0087474  0.0087474  0.0087474  0.03732233
 0.0087474  0.0087474  0.0087474  0.0087474  0.0087474  0.0087474 ]
客户端选择掩码: [1.0, 0.0, 1.0, 0.0, 1.0, 1.0, 1.0, 0.0, 1.0, 1.0, 1.0, 1.0, 1.0, 1.0, 0.0, 0.0, 1.0, 1.0, 1.0, 1.0, 1.0, 1.0, 1.0, 1.0, 1.0, 0.0, 1.0, 0.0, 0.0, 0.0]
/mnt/data/user_liangzhiyu/envs/fedcsl/lib/python3.8/site-packages/sklearn/utils/validation.py:63: RuntimeWarning:  Orthogonal matching pursuit ended prematurely due to linear
dependence in the dictionary. The requested precision might not have been met.

  return f(*args, **kwargs)
稀疏向量: [ 1.10606392  0.          0.          5.04126834 -0.35562432  0.
  0.          0.          0.          0.          0.          0.
  0.          0.          0.          0.          0.         -4.78646458
  0.          0.          0.          0.          0.          0.
  0.          0.          0.          0.          0.          0.        ]
更新后概率: [0.11705981 0.00874882 0.00874882 0.00874882 0.04334714 0.00874882
 0.00874882 0.00874882 0.00874882 0.00874882 0.00874882 0.11663378
 0.00874882 0.00874882 0.00874882 0.00874882 0.00874882 0.49548995
 0.00874882 0.00874882 0.00874882 0.00874882 0.00874882 0.00874882
 0.00874882 0.00874882 0.00874882 0.00874882 0.00874882 0.00874882]
Classification: 0.999829960891005 0.9453681710213777 197
本轮采样概率阵: [0.11705981 0.00874882 0.00874882 0.00874882 0.04334714 0.00874882
 0.00874882 0.00874882 0.00874882 0.00874882 0.00874882 0.11663378
 0.00874882 0.00874882 0.00874882 0.00874882 0.00874882 0.49548995
 0.00874882 0.00874882 0.00874882 0.00874882 0.00874882 0.00874882
 0.00874882 0.00874882 0.00874882 0.00874882 0.00874882 0.00874882]
客户端选择掩码: [1.0, 0.0, 1.0, 0.0, 1.0, 1.0, 0.0, 1.0, 0.0, 1.0, 0.0, 1.0, 0.0, 1.0, 1.0, 1.0, 0.0, 1.0, 1.0, 1.0, 0.0, 1.0, 1.0, 1.0, 1.0, 1.0, 1.0, 1.0, 1.0, 0.0]
/mnt/data/user_liangzhiyu/envs/fedcsl/lib/python3.8/site-packages/sklearn/utils/validation.py:63: RuntimeWarning:  Orthogonal matching pursuit ended prematurely due to linear
dependence in the dictionary. The requested precision might not have been met.

  return f(*args, **kwargs)
稀疏向量: [ 2.33529462  0.          0.          0.         -2.16638004  0.
  0.          0.          0.          0.          0.          0.
  0.          2.18022231  7.45041871  0.          0.          0.
 -8.78937664  0.          0.          0.          0.          0.
  0.          0.          0.          0.          0.          0.        ]
更新后概率: [0.08741799 0.00887497 0.00887497 0.00887497 0.06951388 0.00887497
 0.00887497 0.00887497 0.00887497 0.00887497 0.00887497 0.02070243
 0.00887497 0.0637677  0.21415795 0.00887497 0.00887497 0.0879492
 0.25236644 0.00887497 0.00887497 0.00887497 0.00887497 0.00887497
 0.00887497 0.00887497 0.00887497 0.00887497 0.00887497 0.00887497]
Classification: 0.999829960891005 0.9453681710213777 198
本轮采样概率阵: [0.08741799 0.00887497 0.00887497 0.00887497 0.06951388 0.00887497
 0.00887497 0.00887497 0.00887497 0.00887497 0.00887497 0.02070243
 0.00887497 0.0637677  0.21415795 0.00887497 0.00887497 0.0879492
 0.25236644 0.00887497 0.00887497 0.00887497 0.00887497 0.00887497
 0.00887497 0.00887497 0.00887497 0.00887497 0.00887497 0.00887497]
客户端选择掩码: [1.0, 0.0, 1.0, 0.0, 1.0, 1.0, 1.0, 0.0, 1.0, 1.0, 1.0, 1.0, 1.0, 1.0, 1.0, 1.0, 1.0, 1.0, 1.0, 0.0, 0.0, 0.0, 0.0, 1.0, 0.0, 1.0, 1.0, 1.0, 1.0, 0.0]
/mnt/data/user_liangzhiyu/envs/fedcsl/lib/python3.8/site-packages/sklearn/utils/validation.py:63: RuntimeWarning:  Orthogonal matching pursuit ended prematurely due to linear
dependence in the dictionary. The requested precision might not have been met.

  return f(*args, **kwargs)
稀疏向量: [ -1.81235236   0.           0.           0.          -6.05587589
   0.           0.           0.           0.           0.
   0.          27.5430551    0.           8.01764781   0.
   0.           0.           0.         -26.63722831   0.
   0.           0.           0.           0.           0.
   0.           0.           0.           0.           0.        ]
更新后概率: [0.03245765 0.00888671 0.00888671 0.00888671 0.06889383 0.00888671
 0.00888671 0.00888671 0.00888671 0.00888671 0.00888671 0.26082681
 0.00888671 0.08618802 0.03806321 0.00888671 0.00888671 0.01563159
 0.29354448 0.00888671 0.00888671 0.00888671 0.00888671 0.00888671
 0.00888671 0.00888671 0.00888671 0.00888671 0.00888671 0.00888671]
Classification: 1.0 0.9463861554122837 199
本轮采样概率阵: [0.03245765 0.00888671 0.00888671 0.00888671 0.06889383 0.00888671
 0.00888671 0.00888671 0.00888671 0.00888671 0.00888671 0.26082681
 0.00888671 0.08618802 0.03806321 0.00888671 0.00888671 0.01563159
 0.29354448 0.00888671 0.00888671 0.00888671 0.00888671 0.00888671
 0.00888671 0.00888671 0.00888671 0.00888671 0.00888671 0.00888671]
客户端选择掩码: [1.0, 1.0, 1.0, 0.0, 1.0, 1.0, 1.0, 0.0, 1.0, 1.0, 0.0, 1.0, 0.0, 1.0, 1.0, 1.0, 1.0, 1.0, 1.0, 1.0, 1.0, 1.0, 1.0, 0.0, 0.0, 0.0, 1.0, 0.0, 0.0, 1.0]
/mnt/data/user_liangzhiyu/envs/fedcsl/lib/python3.8/site-packages/sklearn/utils/validation.py:63: RuntimeWarning:  Orthogonal matching pursuit ended prematurely due to linear
dependence in the dictionary. The requested precision might not have been met.

  return f(*args, **kwargs)
稀疏向量: [ 2.35647433  0.          0.          0.         -1.16537882  5.75953869
  0.          0.          0.          0.          0.          0.
  0.          0.          0.          0.          0.          0.
  0.          0.          0.          0.          0.         -5.92787277
  0.          0.          0.          0.          0.          0.        ]
更新后概率: [0.17169644 0.00887961 0.00887961 0.00887961 0.09429569 0.40713876
 0.00887961 0.00887961 0.00887961 0.00887961 0.00887961 0.04632083
 0.00887961 0.01530633 0.00887961 0.00887961 0.00887961 0.00887961
 0.05213123 0.00887961 0.00887961 0.00887961 0.00887961 0.00887961
 0.00887961 0.00887961 0.00887961 0.00887961 0.00887961 0.00887961]
Classification: 0.999829960891005 0.9450288428910757 200
本轮采样概率阵: [0.17169644 0.00887961 0.00887961 0.00887961 0.09429569 0.40713876
 0.00887961 0.00887961 0.00887961 0.00887961 0.00887961 0.04632083
 0.00887961 0.01530633 0.00887961 0.00887961 0.00887961 0.00887961
 0.05213123 0.00887961 0.00887961 0.00887961 0.00887961 0.00887961
 0.00887961 0.00887961 0.00887961 0.00887961 0.00887961 0.00887961]
客户端选择掩码: [1.0, 1.0, 1.0, 1.0, 1.0, 1.0, 0.0, 0.0, 1.0, 1.0, 0.0, 1.0, 1.0, 0.0, 1.0, 1.0, 1.0, 0.0, 1.0, 1.0, 1.0, 0.0, 1.0, 1.0, 0.0, 1.0, 0.0, 1.0, 1.0, 0.0]
/mnt/data/user_liangzhiyu/envs/fedcsl/lib/python3.8/site-packages/sklearn/utils/validation.py:63: RuntimeWarning:  Orthogonal matching pursuit ended prematurely due to linear
dependence in the dictionary. The requested precision might not have been met.

  return f(*args, **kwargs)
稀疏向量: [ 0.52576377  0.          0.          0.         -1.61224245  0.
  0.          0.          0.          0.          0.          9.58085023
  0.          2.41108112  0.          0.          0.          0.
 -9.88508654  0.          0.          0.          0.          0.
  0.          0.          0.          0.          0.          0.        ]
更新后概率: [0.04570384 0.00876771 0.00876771 0.00876771 0.06436034 0.07139351
 0.00876771 0.00876771 0.00876771 0.00876771 0.00876771 0.29232669
 0.00876771 0.01342015 0.00876771 0.00876771 0.00876771 0.00876771
 0.30237037 0.00876771 0.00876771 0.00876771 0.00876771 0.00876771
 0.00876771 0.00876771 0.00876771 0.00876771 0.00876771 0.00876771]
Classification: 0.999829960891005 0.9446895147607737 201
本轮采样概率阵: [0.04570384 0.00876771 0.00876771 0.00876771 0.06436034 0.07139351
 0.00876771 0.00876771 0.00876771 0.00876771 0.00876771 0.29232669
 0.00876771 0.01342015 0.00876771 0.00876771 0.00876771 0.00876771
 0.30237037 0.00876771 0.00876771 0.00876771 0.00876771 0.00876771
 0.00876771 0.00876771 0.00876771 0.00876771 0.00876771 0.00876771]
客户端选择掩码: [1.0, 1.0, 1.0, 0.0, 1.0, 1.0, 0.0, 1.0, 0.0, 1.0, 1.0, 1.0, 1.0, 1.0, 0.0, 1.0, 1.0, 1.0, 1.0, 1.0, 1.0, 1.0, 0.0, 1.0, 1.0, 0.0, 0.0, 1.0, 0.0, 0.0]
/mnt/data/user_liangzhiyu/envs/fedcsl/lib/python3.8/site-packages/sklearn/utils/validation.py:63: RuntimeWarning:  Orthogonal matching pursuit ended prematurely due to linear
dependence in the dictionary. The requested precision might not have been met.

  return f(*args, **kwargs)
稀疏向量: [ 0.04070139  0.          0.          0.         -0.1264907   0.
  0.          0.          0.          1.08887816  0.          0.
  0.          0.          0.          0.          0.          0.
  0.          0.          0.          0.          0.          0.
  0.          0.          0.          0.          0.          0.        ]
更新后概率: [0.02912025 0.00881946 0.00881946 0.00881946 0.0767978  0.01259304
 0.00881946 0.00881946 0.00881946 0.56492389 0.00881946 0.05156325
 0.00881946 0.00881946 0.00881946 0.00881946 0.00881946 0.00881946
 0.05333484 0.00881946 0.00881946 0.00881946 0.00881946 0.00881946
 0.00881946 0.00881946 0.00881946 0.00881946 0.00881946 0.00881946]
Classification: 0.999829960891005 0.9440108585001696 202
本轮采样概率阵: [0.02912025 0.00881946 0.00881946 0.00881946 0.0767978  0.01259304
 0.00881946 0.00881946 0.00881946 0.56492389 0.00881946 0.05156325
 0.00881946 0.00881946 0.00881946 0.00881946 0.00881946 0.00881946
 0.05333484 0.00881946 0.00881946 0.00881946 0.00881946 0.00881946
 0.00881946 0.00881946 0.00881946 0.00881946 0.00881946 0.00881946]
客户端选择掩码: [1.0, 1.0, 1.0, 1.0, 1.0, 1.0, 0.0, 1.0, 0.0, 1.0, 1.0, 1.0, 0.0, 1.0, 0.0, 0.0, 0.0, 1.0, 1.0, 1.0, 0.0, 1.0, 1.0, 1.0, 1.0, 1.0, 0.0, 1.0, 1.0, 0.0]
/mnt/data/user_liangzhiyu/envs/fedcsl/lib/python3.8/site-packages/sklearn/utils/validation.py:63: RuntimeWarning:  Orthogonal matching pursuit ended prematurely due to linear
dependence in the dictionary. The requested precision might not have been met.

  return f(*args, **kwargs)
稀疏向量: [ 1.9894484   0.          0.          0.         -0.72526445  0.
  0.          0.          0.          0.          3.64132993  0.
  0.          0.12284545  0.          0.          0.          0.
  0.          0.          0.          0.          0.          0.
  0.          0.         -4.0368624   0.          0.          0.        ]
更新后概率: [0.2061708  0.0088875  0.0088875  0.0088875  0.08692453 0.0088875
 0.0088875  0.0088875  0.0088875  0.10041523 0.3694525  0.00916537
 0.0088875  0.01397878 0.0088875  0.0088875  0.0088875  0.0088875
 0.00948027 0.0088875  0.0088875  0.0088875  0.0088875  0.0088875
 0.0088875  0.0088875  0.0088875  0.0088875  0.0088875  0.0088875 ]
Classification: 1.0 0.9419748897183576 203
本轮采样概率阵: [0.2061708  0.0088875  0.0088875  0.0088875  0.08692453 0.0088875
 0.0088875  0.0088875  0.0088875  0.10041523 0.3694525  0.00916537
 0.0088875  0.01397878 0.0088875  0.0088875  0.0088875  0.0088875
 0.00948027 0.0088875  0.0088875  0.0088875  0.0088875  0.0088875
 0.0088875  0.0088875  0.0088875  0.0088875  0.0088875  0.0088875 ]
客户端选择掩码: [1.0, 1.0, 0.0, 1.0, 1.0, 1.0, 0.0, 1.0, 1.0, 1.0, 1.0, 0.0, 1.0, 1.0, 0.0, 1.0, 0.0, 0.0, 1.0, 0.0, 1.0, 1.0, 1.0, 1.0, 0.0, 1.0, 0.0, 1.0, 1.0, 1.0]
/mnt/data/user_liangzhiyu/envs/fedcsl/lib/python3.8/site-packages/sklearn/utils/validation.py:63: RuntimeWarning:  Orthogonal matching pursuit ended prematurely due to linear
dependence in the dictionary. The requested precision might not have been met.

  return f(*args, **kwargs)
稀疏向量: [-2.39944003  0.          0.          0.         -1.57750161  0.
  0.          0.          0.          0.          0.         10.28008998
  0.          0.          0.          0.          0.          0.
 -5.29435291  0.          0.          0.          0.          0.
  0.          0.          0.          0.          0.          0.        ]
更新后概率: [0.2031598  0.0087698  0.0087698  0.0087698  0.12503851 0.0087698
 0.0087698  0.0087698  0.0087698  0.01761244 0.06480052 0.0087698
 0.0087698  0.0087698  0.0087698  0.0087698  0.0087698  0.0087698
 0.37014364 0.0087698  0.0087698  0.0087698  0.0087698  0.0087698
 0.0087698  0.0087698  0.0087698  0.0087698  0.0087698  0.0087698 ]
Classification: 1.0 0.9423142178486597 204
本轮采样概率阵: [0.2031598  0.0087698  0.0087698  0.0087698  0.12503851 0.0087698
 0.0087698  0.0087698  0.0087698  0.01761244 0.06480052 0.0087698
 0.0087698  0.0087698  0.0087698  0.0087698  0.0087698  0.0087698
 0.37014364 0.0087698  0.0087698  0.0087698  0.0087698  0.0087698
 0.0087698  0.0087698  0.0087698  0.0087698  0.0087698  0.0087698 ]
客户端选择掩码: [1.0, 0.0, 0.0, 1.0, 1.0, 1.0, 1.0, 0.0, 1.0, 1.0, 1.0, 0.0, 1.0, 1.0, 0.0, 1.0, 1.0, 0.0, 1.0, 1.0, 1.0, 0.0, 1.0, 1.0, 1.0, 1.0, 1.0, 1.0, 0.0, 0.0]
/mnt/data/user_liangzhiyu/envs/fedcsl/lib/python3.8/site-packages/sklearn/utils/validation.py:63: RuntimeWarning:  Orthogonal matching pursuit ended prematurely due to linear
dependence in the dictionary. The requested precision might not have been met.

  return f(*args, **kwargs)
稀疏向量: [ 0.03708474  0.          0.          0.         -0.2113817   1.17181096
  0.          0.          0.          0.          0.          0.
  0.          0.          0.          0.          0.          0.
  0.          0.          0.          0.          0.          0.
  0.          0.          0.          0.          0.          0.        ]
更新后概率: [0.05246222 0.0087624  0.0087624  0.0087624  0.11800773 0.53424692
 0.0087624  0.0087624  0.0087624  0.0087624  0.01135617 0.0087624
 0.0087624  0.0087624  0.0087624  0.0087624  0.0087624  0.0087624
 0.06486694 0.0087624  0.0087624  0.0087624  0.0087624  0.0087624
 0.0087624  0.0087624  0.0087624  0.0087624  0.0087624  0.0087624 ]
Classification: 1.0 0.9423142178486597 205
本轮采样概率阵: [0.05246222 0.0087624  0.0087624  0.0087624  0.11800773 0.53424692
 0.0087624  0.0087624  0.0087624  0.0087624  0.01135617 0.0087624
 0.0087624  0.0087624  0.0087624  0.0087624  0.0087624  0.0087624
 0.06486694 0.0087624  0.0087624  0.0087624  0.0087624  0.0087624
 0.0087624  0.0087624  0.0087624  0.0087624  0.0087624  0.0087624 ]
客户端选择掩码: [1.0, 1.0, 0.0, 1.0, 1.0, 1.0, 0.0, 1.0, 0.0, 1.0, 1.0, 1.0, 0.0, 0.0, 1.0, 1.0, 1.0, 1.0, 1.0, 0.0, 0.0, 0.0, 1.0, 1.0, 0.0, 1.0, 1.0, 1.0, 1.0, 1.0]
/mnt/data/user_liangzhiyu/envs/fedcsl/lib/python3.8/site-packages/sklearn/utils/validation.py:63: RuntimeWarning:  Orthogonal matching pursuit ended prematurely due to linear
dependence in the dictionary. The requested precision might not have been met.

  return f(*args, **kwargs)
稀疏向量: [ 0.          0.          0.          0.          0.          0.
  0.          0.          0.          0.          0.          1.04117104
  0.          0.          0.          0.          0.          0.
  0.          0.          0.          0.         -0.04088755  0.
  0.          0.          0.          0.          0.          0.        ]
更新后概率: [0.00924989 0.00881576 0.00881576 0.00881576 0.02080656 0.09419584
 0.00881576 0.00881576 0.00881576 0.00881576 0.00881576 0.6266396
 0.00881576 0.00881576 0.00881576 0.00881576 0.00881576 0.00881576
 0.01143703 0.00881576 0.00881576 0.00881576 0.02609287 0.00881576
 0.00881576 0.00881576 0.00881576 0.00881576 0.00881576 0.00881576]
Classification: 1.0 0.9436715303698676 206
本轮采样概率阵: [0.00924989 0.00881576 0.00881576 0.00881576 0.02080656 0.09419584
 0.00881576 0.00881576 0.00881576 0.00881576 0.00881576 0.6266396
 0.00881576 0.00881576 0.00881576 0.00881576 0.00881576 0.00881576
 0.01143703 0.00881576 0.00881576 0.00881576 0.02609287 0.00881576
 0.00881576 0.00881576 0.00881576 0.00881576 0.00881576 0.00881576]
客户端选择掩码: [1.0, 1.0, 1.0, 1.0, 1.0, 1.0, 1.0, 1.0, 0.0, 0.0, 1.0, 1.0, 1.0, 1.0, 0.0, 0.0, 1.0, 1.0, 0.0, 0.0, 1.0, 1.0, 0.0, 1.0, 0.0, 1.0, 1.0, 0.0, 1.0, 1.0]
/mnt/data/user_liangzhiyu/envs/fedcsl/lib/python3.8/site-packages/sklearn/utils/validation.py:63: RuntimeWarning:  Orthogonal matching pursuit ended prematurely due to linear
dependence in the dictionary. The requested precision might not have been met.

  return f(*args, **kwargs)
稀疏向量: [-3.9356935   0.          0.          0.          0.          0.
  0.          0.          0.         15.56738384  0.          0.
  0.          0.          0.          0.          0.          0.
  0.          0.          0.         -8.602744   -1.93791033  0.
  0.          0.          0.          0.          0.          0.        ]
更新后概率: [0.19900357 0.00872663 0.00872663 0.00872663 0.00872663 0.01644024
 0.00872663 0.00872663 0.00872663 0.00872663 0.00872663 0.10936902
 0.00872663 0.00872663 0.00872663 0.00872663 0.00872663 0.00872663
 0.00998067 0.00872663 0.00872663 0.43299714 0.02277028 0.00872663
 0.00872663 0.00872663 0.00872663 0.00872663 0.00872663 0.00872663]
Classification: 1.0 0.9436715303698676 207
本轮采样概率阵: [0.19900357 0.00872663 0.00872663 0.00872663 0.00872663 0.01644024
 0.00872663 0.00872663 0.00872663 0.00872663 0.00872663 0.10936902
 0.00872663 0.00872663 0.00872663 0.00872663 0.00872663 0.00872663
 0.00998067 0.00872663 0.00872663 0.43299714 0.02277028 0.00872663
 0.00872663 0.00872663 0.00872663 0.00872663 0.00872663 0.00872663]
客户端选择掩码: [1.0, 1.0, 0.0, 0.0, 1.0, 1.0, 0.0, 1.0, 1.0, 1.0, 1.0, 1.0, 1.0, 0.0, 1.0, 1.0, 1.0, 1.0, 0.0, 0.0, 1.0, 1.0, 1.0, 0.0, 0.0, 1.0, 1.0, 0.0, 1.0, 1.0]
/mnt/data/user_liangzhiyu/envs/fedcsl/lib/python3.8/site-packages/sklearn/utils/validation.py:63: RuntimeWarning:  Orthogonal matching pursuit ended prematurely due to linear
dependence in the dictionary. The requested precision might not have been met.

  return f(*args, **kwargs)
稀疏向量: [ 1.07077099  0.          0.          5.24073639  2.17997193  0.
  0.          0.          0.          0.          0.          0.
  0.          0.          0.          0.          0.          0.
  0.          0.          0.          0.          0.          0.
  0.         -7.49587332  0.          0.          0.          0.        ]
更新后概率: [0.09943559 0.00878789 0.00878789 0.00878789 0.13276553 0.00878789
 0.00878789 0.00878789 0.00878789 0.00878789 0.00878789 0.01922246
 0.00878789 0.00878789 0.00878789 0.00878789 0.00878789 0.00878789
 0.00878789 0.00878789 0.00878789 0.07610262 0.00878789 0.00878789
 0.00878789 0.45277656 0.00878789 0.00878789 0.00878789 0.00878789]
Classification: 1.0 0.9440108585001696 208
本轮采样概率阵: [0.09943559 0.00878789 0.00878789 0.00878789 0.13276553 0.00878789
 0.00878789 0.00878789 0.00878789 0.00878789 0.00878789 0.01922246
 0.00878789 0.00878789 0.00878789 0.00878789 0.00878789 0.00878789
 0.00878789 0.00878789 0.00878789 0.07610262 0.00878789 0.00878789
 0.00878789 0.45277656 0.00878789 0.00878789 0.00878789 0.00878789]
客户端选择掩码: [1.0, 1.0, 1.0, 1.0, 1.0, 0.0, 1.0, 0.0, 0.0, 1.0, 1.0, 1.0, 0.0, 1.0, 1.0, 0.0, 0.0, 1.0, 0.0, 1.0, 1.0, 1.0, 1.0, 0.0, 1.0, 1.0, 1.0, 1.0, 1.0, 0.0]
/mnt/data/user_liangzhiyu/envs/fedcsl/lib/python3.8/site-packages/sklearn/utils/validation.py:63: RuntimeWarning:  Orthogonal matching pursuit ended prematurely due to linear
dependence in the dictionary. The requested precision might not have been met.

  return f(*args, **kwargs)
稀疏向量: [0.22588831 0.         0.         0.         0.2084005  0.
 0.         0.         0.         0.         0.         0.
 0.39370525 0.17198949 0.         0.         0.         0.
 0.         0.         0.         0.         0.         0.
 0.         0.         0.         0.         0.         0.        ]
更新后概率: [0.25806792 0.00876654 0.00876654 0.00876654 0.24528231 0.00876654
 0.00876654 0.00876654 0.00876654 0.00876654 0.00876654 0.00876654
 0.00876654 0.18475737 0.00876654 0.00876654 0.00876654 0.00876654
 0.00876654 0.00876654 0.00876654 0.01334315 0.00876654 0.00876654
 0.00876654 0.07938571 0.00876654 0.00876654 0.00876654 0.00876654]
Classification: 1.0 0.9433322022395657 209
本轮采样概率阵: [0.25806792 0.00876654 0.00876654 0.00876654 0.24528231 0.00876654
 0.00876654 0.00876654 0.00876654 0.00876654 0.00876654 0.00876654
 0.00876654 0.18475737 0.00876654 0.00876654 0.00876654 0.00876654
 0.00876654 0.00876654 0.00876654 0.01334315 0.00876654 0.00876654
 0.00876654 0.07938571 0.00876654 0.00876654 0.00876654 0.00876654]
客户端选择掩码: [1.0, 1.0, 1.0, 0.0, 1.0, 1.0, 0.0, 0.0, 1.0, 1.0, 0.0, 0.0, 1.0, 1.0, 1.0, 1.0, 1.0, 0.0, 1.0, 0.0, 1.0, 1.0, 0.0, 1.0, 1.0, 1.0, 1.0, 1.0, 1.0, 0.0]
/mnt/data/user_liangzhiyu/envs/fedcsl/lib/python3.8/site-packages/sklearn/utils/validation.py:63: RuntimeWarning:  Orthogonal matching pursuit ended prematurely due to linear
dependence in the dictionary. The requested precision might not have been met.

  return f(*args, **kwargs)
稀疏向量: [-0.35246473  0.          0.          3.60720901  0.          0.
  0.          0.          0.          0.          0.          0.
  0.          0.          0.          0.          0.          0.
  0.          0.          0.          0.          0.          0.
  0.          0.         -2.24879021  0.          0.          0.        ]
更新后概率: [0.13261105 0.00875555 0.00875555 0.00875555 0.04295163 0.00875555
 0.00875555 0.00875555 0.00875555 0.00875555 0.00875555 0.00875555
 0.00875555 0.03235305 0.00875555 0.00875555 0.00875555 0.00875555
 0.00875555 0.00875555 0.00875555 0.00875555 0.00875555 0.00875555
 0.00875555 0.01390131 0.55929424 0.00875555 0.00875555 0.00875555]
Classification: 1.0 0.9433322022395657 210
本轮采样概率阵: [0.13261105 0.00875555 0.00875555 0.00875555 0.04295163 0.00875555
 0.00875555 0.00875555 0.00875555 0.00875555 0.00875555 0.00875555
 0.00875555 0.03235305 0.00875555 0.00875555 0.00875555 0.00875555
 0.00875555 0.00875555 0.00875555 0.00875555 0.00875555 0.00875555
 0.00875555 0.01390131 0.55929424 0.00875555 0.00875555 0.00875555]
客户端选择掩码: [1.0, 1.0, 1.0, 1.0, 1.0, 1.0, 1.0, 1.0, 1.0, 1.0, 0.0, 0.0, 1.0, 1.0, 1.0, 1.0, 1.0, 1.0, 0.0, 1.0, 0.0, 1.0, 1.0, 0.0, 0.0, 0.0, 1.0, 0.0, 1.0, 0.0]
/mnt/data/user_liangzhiyu/envs/fedcsl/lib/python3.8/site-packages/sklearn/utils/validation.py:63: RuntimeWarning:  Orthogonal matching pursuit ended prematurely due to linear
dependence in the dictionary. The requested precision might not have been met.

  return f(*args, **kwargs)
稀疏向量: [0.29913326 0.         0.         0.         0.         0.
 0.         0.         0.         0.         0.         0.
 0.         0.14686957 0.55361315 0.         0.         0.
 0.         0.         0.         0.         0.         0.
 0.         0.         0.         0.         0.         0.        ]
更新后概率: [0.21500397 0.00874625 0.00874625 0.00874625 0.00874625 0.00874625
 0.00874625 0.00874625 0.00874625 0.00874625 0.00874625 0.00874625
 0.00874625 0.09983347 0.35651339 0.00874625 0.00874625 0.00874625
 0.00874625 0.00874625 0.00874625 0.00874625 0.00874625 0.00874625
 0.00874625 0.01215843 0.09783453 0.00874625 0.00874625 0.00874625]
Classification: 1.0 0.9436715303698676 211
本轮采样概率阵: [0.21500397 0.00874625 0.00874625 0.00874625 0.00874625 0.00874625
 0.00874625 0.00874625 0.00874625 0.00874625 0.00874625 0.00874625
 0.00874625 0.09983347 0.35651339 0.00874625 0.00874625 0.00874625
 0.00874625 0.00874625 0.00874625 0.00874625 0.00874625 0.00874625
 0.00874625 0.01215843 0.09783453 0.00874625 0.00874625 0.00874625]
客户端选择掩码: [1.0, 1.0, 1.0, 1.0, 1.0, 0.0, 0.0, 1.0, 0.0, 1.0, 1.0, 1.0, 0.0, 1.0, 1.0, 1.0, 1.0, 1.0, 0.0, 0.0, 0.0, 1.0, 1.0, 0.0, 1.0, 1.0, 1.0, 1.0, 1.0, 0.0]
/mnt/data/user_liangzhiyu/envs/fedcsl/lib/python3.8/site-packages/sklearn/utils/validation.py:63: RuntimeWarning:  Orthogonal matching pursuit ended prematurely due to linear
dependence in the dictionary. The requested precision might not have been met.

  return f(*args, **kwargs)
稀疏向量: [-0.05104993  0.          0.          0.          0.08926472  0.
  0.          0.          0.          0.          0.          0.96186641
  0.          0.          0.          0.          0.          0.
  0.          0.          0.          0.          0.          0.
  0.          0.          0.          0.          0.          0.        ]
更新后概率: [0.06800102 0.00881552 0.00881552 0.00881552 0.05416297 0.00881552
 0.00881552 0.00881552 0.00881552 0.00881552 0.00881552 0.56855542
 0.00881552 0.01760169 0.06285706 0.00881552 0.00881552 0.00881552
 0.00881552 0.00881552 0.00881552 0.00881552 0.00881552 0.00881552
 0.00881552 0.00881552 0.01724926 0.00881552 0.00881552 0.00881552]
Classification: 1.0 0.9433322022395657 212
本轮采样概率阵: [0.06800102 0.00881552 0.00881552 0.00881552 0.05416297 0.00881552
 0.00881552 0.00881552 0.00881552 0.00881552 0.00881552 0.56855542
 0.00881552 0.01760169 0.06285706 0.00881552 0.00881552 0.00881552
 0.00881552 0.00881552 0.00881552 0.00881552 0.00881552 0.00881552
 0.00881552 0.00881552 0.01724926 0.00881552 0.00881552 0.00881552]
客户端选择掩码: [1.0, 0.0, 1.0, 1.0, 1.0, 1.0, 0.0, 1.0, 0.0, 1.0, 0.0, 1.0, 1.0, 1.0, 1.0, 0.0, 1.0, 1.0, 0.0, 1.0, 0.0, 1.0, 0.0, 1.0, 1.0, 1.0, 1.0, 1.0, 0.0, 1.0]
/mnt/data/user_liangzhiyu/envs/fedcsl/lib/python3.8/site-packages/sklearn/utils/validation.py:63: RuntimeWarning:  Orthogonal matching pursuit ended prematurely due to linear
dependence in the dictionary. The requested precision might not have been met.

  return f(*args, **kwargs)
稀疏向量: [ 0.6709012   0.          0.          0.         -0.60275539  0.
  0.          0.          0.          0.          0.          6.73133925
  0.          0.          0.          0.          0.         -5.81090613
  0.          0.          0.          0.          0.          0.
  0.          0.          0.          0.          0.          0.        ]
更新后概率: [0.04334134 0.00877958 0.00877958 0.00877958 0.03772199 0.00877958
 0.00877958 0.00877958 0.00877958 0.00877958 0.00877958 0.41488784
 0.00877958 0.00877958 0.01103717 0.00877958 0.00877958 0.27352216
 0.00877958 0.00877958 0.00877958 0.00877958 0.00877958 0.00877958
 0.00877958 0.00877958 0.00877958 0.00877958 0.00877958 0.00877958]
Classification: 0.999829960891005 0.9457074991516796 213
本轮采样概率阵: [0.04334134 0.00877958 0.00877958 0.00877958 0.03772199 0.00877958
 0.00877958 0.00877958 0.00877958 0.00877958 0.00877958 0.41488784
 0.00877958 0.00877958 0.01103717 0.00877958 0.00877958 0.27352216
 0.00877958 0.00877958 0.00877958 0.00877958 0.00877958 0.00877958
 0.00877958 0.00877958 0.00877958 0.00877958 0.00877958 0.00877958]
客户端选择掩码: [1.0, 1.0, 0.0, 1.0, 1.0, 1.0, 0.0, 0.0, 0.0, 1.0, 0.0, 1.0, 1.0, 0.0, 1.0, 0.0, 1.0, 1.0, 1.0, 1.0, 1.0, 1.0, 1.0, 1.0, 1.0, 1.0, 1.0, 0.0, 0.0, 1.0]
/mnt/data/user_liangzhiyu/envs/fedcsl/lib/python3.8/site-packages/sklearn/utils/validation.py:63: RuntimeWarning:  Orthogonal matching pursuit ended prematurely due to linear
dependence in the dictionary. The requested precision might not have been met.

  return f(*args, **kwargs)
稀疏向量: [ 0.80776351  0.          0.          2.58603036  0.41885734  0.
  0.          0.          0.          0.          0.          0.
  0.          0.          0.          0.          0.          0.
  0.          0.          0.          0.          0.          0.
  0.          0.          0.          0.         -2.81289817  0.        ]
更新后概率: [0.14422399 0.00875321 0.00875321 0.43897449 0.07745519 0.00875321
 0.00875321 0.00875321 0.00875321 0.00875321 0.00875321 0.07263204
 0.00875321 0.00875321 0.00875321 0.00875321 0.00875321 0.04788396
 0.00875321 0.00875321 0.00875321 0.00875321 0.00875321 0.00875321
 0.00875321 0.00875321 0.00875321 0.00875321 0.00875321 0.00875321]
Classification: 1.0 0.9436715303698676 214
本轮采样概率阵: [0.14422399 0.00875321 0.00875321 0.43897449 0.07745519 0.00875321
 0.00875321 0.00875321 0.00875321 0.00875321 0.00875321 0.07263204
 0.00875321 0.00875321 0.00875321 0.00875321 0.00875321 0.04788396
 0.00875321 0.00875321 0.00875321 0.00875321 0.00875321 0.00875321
 0.00875321 0.00875321 0.00875321 0.00875321 0.00875321 0.00875321]
客户端选择掩码: [1.0, 1.0, 0.0, 1.0, 1.0, 0.0, 1.0, 0.0, 1.0, 1.0, 0.0, 1.0, 1.0, 1.0, 0.0, 0.0, 0.0, 1.0, 1.0, 0.0, 1.0, 1.0, 1.0, 1.0, 1.0, 0.0, 1.0, 1.0, 1.0, 1.0]
/mnt/data/user_liangzhiyu/envs/fedcsl/lib/python3.8/site-packages/sklearn/utils/validation.py:63: RuntimeWarning:  Orthogonal matching pursuit ended prematurely due to linear
dependence in the dictionary. The requested precision might not have been met.

  return f(*args, **kwargs)
稀疏向量: [ 0.37566314  0.          0.          0.          1.32032942  0.
  0.          0.          0.          0.          0.          2.69312147
  0.          0.          0.          0.          0.          0.
  0.          0.          0.          0.          0.          0.
  0.          0.          0.          0.          0.         -3.39732676]
更新后概率: [0.05672161 0.00880759 0.00880759 0.07732613 0.12371011 0.00880759
 0.00880759 0.00880759 0.00880759 0.00880759 0.00880759 0.23730018
 0.00880759 0.00880759 0.00880759 0.00880759 0.00880759 0.00880759
 0.00880759 0.00880759 0.00880759 0.00880759 0.00880759 0.00880759
 0.00880759 0.00880759 0.00880759 0.00880759 0.00880759 0.28475227]
Classification: 0.999829960891005 0.9453681710213777 215
本轮采样概率阵: [0.05672161 0.00880759 0.00880759 0.07732613 0.12371011 0.00880759
 0.00880759 0.00880759 0.00880759 0.00880759 0.00880759 0.23730018
 0.00880759 0.00880759 0.00880759 0.00880759 0.00880759 0.00880759
 0.00880759 0.00880759 0.00880759 0.00880759 0.00880759 0.00880759
 0.00880759 0.00880759 0.00880759 0.00880759 0.00880759 0.28475227]
客户端选择掩码: [1.0, 1.0, 1.0, 1.0, 1.0, 1.0, 0.0, 1.0, 1.0, 1.0, 1.0, 1.0, 0.0, 1.0, 0.0, 1.0, 1.0, 0.0, 0.0, 1.0, 1.0, 1.0, 1.0, 0.0, 0.0, 0.0, 1.0, 0.0, 1.0, 1.0]
/mnt/data/user_liangzhiyu/envs/fedcsl/lib/python3.8/site-packages/sklearn/utils/validation.py:63: RuntimeWarning:  Orthogonal matching pursuit ended prematurely due to linear
dependence in the dictionary. The requested precision might not have been met.

  return f(*args, **kwargs)
稀疏向量: [-0.00472237  0.          0.          0.          0.11022481  0.
  0.          0.          0.          0.          0.          0.89459484
  0.          0.          0.          0.          0.          0.
  0.          0.          0.          0.          0.          0.
  0.          0.          0.          0.          0.          0.        ]
更新后概率: [0.01294465 0.00875237 0.00875237 0.01353575 0.09204397 0.00875237
 0.00875237 0.00875237 0.00875237 0.00875237 0.00875237 0.61282114
 0.00875237 0.00875237 0.00875237 0.00875237 0.00875237 0.00875237
 0.00875237 0.00875237 0.00875237 0.00875237 0.00875237 0.00875237
 0.00875237 0.00875237 0.00875237 0.00875237 0.00875237 0.04984517]
Classification: 1.0 0.9433322022395657 216
本轮采样概率阵: [0.01294465 0.00875237 0.00875237 0.01353575 0.09204397 0.00875237
 0.00875237 0.00875237 0.00875237 0.00875237 0.00875237 0.61282114
 0.00875237 0.00875237 0.00875237 0.00875237 0.00875237 0.00875237
 0.00875237 0.00875237 0.00875237 0.00875237 0.00875237 0.00875237
 0.00875237 0.00875237 0.00875237 0.00875237 0.00875237 0.04984517]
客户端选择掩码: [1.0, 0.0, 0.0, 1.0, 1.0, 1.0, 1.0, 1.0, 1.0, 1.0, 0.0, 1.0, 1.0, 1.0, 1.0, 1.0, 1.0, 1.0, 1.0, 0.0, 0.0, 1.0, 0.0, 1.0, 1.0, 1.0, 0.0, 0.0, 0.0, 1.0]
/mnt/data/user_liangzhiyu/envs/fedcsl/lib/python3.8/site-packages/sklearn/utils/validation.py:63: RuntimeWarning:  Orthogonal matching pursuit ended prematurely due to linear
dependence in the dictionary. The requested precision might not have been met.

  return f(*args, **kwargs)
稀疏向量: [0.1399396  0.         0.         0.         0.         0.
 0.         0.         0.         0.59909874 0.         0.
 0.26236502 0.         0.         0.         0.         0.
 0.         0.         0.         0.         0.         0.
 0.         0.         0.         0.         0.         0.        ]
更新后概率: [0.09309808 0.00881799 0.00881799 0.00881799 0.01623286 0.00881799
 0.00881799 0.00881799 0.00881799 0.39033452 0.00881799 0.10807698
 0.1718079  0.00881799 0.00881799 0.00881799 0.00881799 0.00881799
 0.00881799 0.00881799 0.00881799 0.00881799 0.00881799 0.00881799
 0.00881799 0.00881799 0.00881799 0.00881799 0.00881799 0.00881799]
Classification: 0.999829960891005 0.9453681710213777 217
本轮采样概率阵: [0.09309808 0.00881799 0.00881799 0.00881799 0.01623286 0.00881799
 0.00881799 0.00881799 0.00881799 0.39033452 0.00881799 0.10807698
 0.1718079  0.00881799 0.00881799 0.00881799 0.00881799 0.00881799
 0.00881799 0.00881799 0.00881799 0.00881799 0.00881799 0.00881799
 0.00881799 0.00881799 0.00881799 0.00881799 0.00881799 0.00881799]
客户端选择掩码: [1.0, 1.0, 1.0, 1.0, 1.0, 0.0, 0.0, 0.0, 1.0, 1.0, 1.0, 1.0, 1.0, 0.0, 1.0, 0.0, 0.0, 1.0, 0.0, 1.0, 1.0, 0.0, 1.0, 1.0, 1.0, 1.0, 1.0, 1.0, 1.0, 0.0]
/mnt/data/user_liangzhiyu/envs/fedcsl/lib/python3.8/site-packages/sklearn/utils/validation.py:63: RuntimeWarning:  Orthogonal matching pursuit ended prematurely due to linear
dependence in the dictionary. The requested precision might not have been met.

  return f(*args, **kwargs)
稀疏向量: [  0.           0.           0.           0.           0.
   0.           0.           0.           0.           0.
   0.          18.85380369   0.           0.           0.
   0.           0.           0.           0.           0.
   0.           0.          -6.46272857 -11.2880678    0.
   0.           0.           0.           0.           0.        ]
更新后概率: [0.01643824 0.00882845 0.00882845 0.00882845 0.00882845 0.00882845
 0.00882845 0.00882845 0.00882845 0.068921   0.00882845 0.35399211
 0.03033596 0.00882845 0.00882845 0.00882845 0.00882845 0.00882845
 0.00882845 0.00882845 0.00882845 0.00882845 0.1163575  0.20207229
 0.00882845 0.00882845 0.00882845 0.00882845 0.00882845 0.00882845]
Classification: 0.999829960891005 0.9457074991516796 218
本轮采样概率阵: [0.01643824 0.00882845 0.00882845 0.00882845 0.00882845 0.00882845
 0.00882845 0.00882845 0.00882845 0.068921   0.00882845 0.35399211
 0.03033596 0.00882845 0.00882845 0.00882845 0.00882845 0.00882845
 0.00882845 0.00882845 0.00882845 0.00882845 0.1163575  0.20207229
 0.00882845 0.00882845 0.00882845 0.00882845 0.00882845 0.00882845]
客户端选择掩码: [1.0, 1.0, 0.0, 1.0, 1.0, 1.0, 1.0, 1.0, 1.0, 1.0, 1.0, 1.0, 1.0, 1.0, 0.0, 1.0, 0.0, 1.0, 1.0, 1.0, 0.0, 0.0, 1.0, 1.0, 0.0, 0.0, 0.0, 1.0, 0.0, 1.0]
/mnt/data/user_liangzhiyu/envs/fedcsl/lib/python3.8/site-packages/sklearn/utils/validation.py:63: RuntimeWarning:  Orthogonal matching pursuit ended prematurely due to linear
dependence in the dictionary. The requested precision might not have been met.

  return f(*args, **kwargs)
稀疏向量: [-0.56497219  0.          0.          0.         -0.26910674  0.
  0.          0.          0.          0.          0.          4.43776577
  0.          0.          0.          0.          0.          0.
  0.          0.          0.          0.          0.          0.
  0.          0.         -2.60868047  0.          0.          0.        ]
更新后概率: [0.07276769 0.00885146 0.00885146 0.00885146 0.03483738 0.00885146
 0.00885146 0.00885146 0.00885146 0.01220103 0.00885146 0.61138746
 0.00885146 0.00885146 0.00885146 0.00885146 0.00885146 0.00885146
 0.00885146 0.00885146 0.00885146 0.00885146 0.02059868 0.0357727
 0.00885146 0.00885146 0.00885146 0.00885146 0.00885146 0.00885146]
Classification: 0.999829960891005 0.9457074991516796 219
本轮采样概率阵: [0.07276769 0.00885146 0.00885146 0.00885146 0.03483738 0.00885146
 0.00885146 0.00885146 0.00885146 0.01220103 0.00885146 0.61138746
 0.00885146 0.00885146 0.00885146 0.00885146 0.00885146 0.00885146
 0.00885146 0.00885146 0.00885146 0.00885146 0.02059868 0.0357727
 0.00885146 0.00885146 0.00885146 0.00885146 0.00885146 0.00885146]
客户端选择掩码: [1.0, 0.0, 1.0, 0.0, 1.0, 0.0, 1.0, 1.0, 1.0, 1.0, 1.0, 1.0, 1.0, 0.0, 1.0, 0.0, 1.0, 0.0, 0.0, 1.0, 0.0, 1.0, 1.0, 1.0, 1.0, 1.0, 0.0, 1.0, 1.0, 1.0]
/mnt/data/user_liangzhiyu/envs/fedcsl/lib/python3.8/site-packages/sklearn/utils/validation.py:63: RuntimeWarning:  Orthogonal matching pursuit ended prematurely due to linear
dependence in the dictionary. The requested precision might not have been met.

  return f(*args, **kwargs)
稀疏向量: [0.25556378 0.         0.         0.         0.17628081 0.
 0.         0.         0.         0.         0.         0.
 0.44999838 0.11801269 0.         0.         0.         0.
 0.         0.         0.         0.         0.         0.
 0.         0.         0.         0.         0.         0.        ]
更新后概率: [0.19961598 0.00875781 0.00875781 0.00875781 0.13499992 0.00875781
 0.00875781 0.00875781 0.00875781 0.00875781 0.00875781 0.1070883
 0.33059278 0.00875781 0.00875781 0.00875781 0.00875781 0.00875781
 0.00875781 0.00875781 0.00875781 0.00875781 0.00875781 0.00875781
 0.00875781 0.00875781 0.00875781 0.00875781 0.00875781 0.00875781]
Classification: 0.999829960891005 0.9450288428910757 220
本轮采样概率阵: [0.19961598 0.00875781 0.00875781 0.00875781 0.13499992 0.00875781
 0.00875781 0.00875781 0.00875781 0.00875781 0.00875781 0.1070883
 0.33059278 0.00875781 0.00875781 0.00875781 0.00875781 0.00875781
 0.00875781 0.00875781 0.00875781 0.00875781 0.00875781 0.00875781
 0.00875781 0.00875781 0.00875781 0.00875781 0.00875781 0.00875781]
客户端选择掩码: [1.0, 0.0, 1.0, 1.0, 1.0, 1.0, 1.0, 0.0, 1.0, 1.0, 1.0, 1.0, 1.0, 0.0, 1.0, 0.0, 0.0, 1.0, 0.0, 1.0, 1.0, 1.0, 0.0, 1.0, 1.0, 0.0, 1.0, 1.0, 1.0, 0.0]
/mnt/data/user_liangzhiyu/envs/fedcsl/lib/python3.8/site-packages/sklearn/utils/validation.py:63: RuntimeWarning:  Orthogonal matching pursuit ended prematurely due to linear
dependence in the dictionary. The requested precision might not have been met.

  return f(*args, **kwargs)
稀疏向量: [0.21230629 0.         0.         0.         0.         0.
 0.         0.         0.         0.61724039 0.         0.
 0.1719647  0.         0.         0.         0.         0.
 0.         0.         0.         0.         0.         0.
 0.         0.         0.         0.         0.         0.        ]
更新后概率: [0.17158209 0.00874772 0.00874772 0.00874772 0.02361884 0.00874772
 0.00874772 0.00874772 0.00874772 0.39884062 0.00874772 0.01873558
 0.16852979 0.00874772 0.00874772 0.00874772 0.00874772 0.00874772
 0.00874772 0.00874772 0.00874772 0.00874772 0.00874772 0.00874772
 0.00874772 0.00874772 0.00874772 0.00874772 0.00874772 0.00874772]
Classification: 0.999829960891005 0.9457074991516796 221
本轮采样概率阵: [0.17158209 0.00874772 0.00874772 0.00874772 0.02361884 0.00874772
 0.00874772 0.00874772 0.00874772 0.39884062 0.00874772 0.01873558
 0.16852979 0.00874772 0.00874772 0.00874772 0.00874772 0.00874772
 0.00874772 0.00874772 0.00874772 0.00874772 0.00874772 0.00874772
 0.00874772 0.00874772 0.00874772 0.00874772 0.00874772 0.00874772]
客户端选择掩码: [1.0, 1.0, 0.0, 0.0, 1.0, 1.0, 0.0, 0.0, 1.0, 1.0, 1.0, 1.0, 1.0, 1.0, 1.0, 1.0, 0.0, 1.0, 1.0, 1.0, 1.0, 1.0, 0.0, 0.0, 0.0, 1.0, 1.0, 1.0, 0.0, 1.0]
/mnt/data/user_liangzhiyu/envs/fedcsl/lib/python3.8/site-packages/sklearn/utils/validation.py:63: RuntimeWarning:  Orthogonal matching pursuit ended prematurely due to linear
dependence in the dictionary. The requested precision might not have been met.

  return f(*args, **kwargs)
稀疏向量: [-0.08775341  0.          0.          0.          0.09722513  0.
  0.          0.          0.          0.          0.          0.99061202
  0.          0.          0.          0.          0.          0.
  0.          0.          0.          0.          0.          0.
  0.          0.          0.          0.          0.          0.        ]
更新后概率: [0.07813667 0.00874678 0.00874678 0.00874678 0.05744658 0.00874678
 0.00874678 0.00874678 0.00874678 0.06977144 0.00874678 0.5464939
 0.02948187 0.00874678 0.00874678 0.00874678 0.00874678 0.00874678
 0.00874678 0.00874678 0.00874678 0.00874678 0.00874678 0.00874678
 0.00874678 0.00874678 0.00874678 0.00874678 0.00874678 0.00874678]
Classification: 1.0 0.9453681710213777 222
本轮采样概率阵: [0.07813667 0.00874678 0.00874678 0.00874678 0.05744658 0.00874678
 0.00874678 0.00874678 0.00874678 0.06977144 0.00874678 0.5464939
 0.02948187 0.00874678 0.00874678 0.00874678 0.00874678 0.00874678
 0.00874678 0.00874678 0.00874678 0.00874678 0.00874678 0.00874678
 0.00874678 0.00874678 0.00874678 0.00874678 0.00874678 0.00874678]
客户端选择掩码: [1.0, 1.0, 1.0, 0.0, 1.0, 1.0, 1.0, 1.0, 1.0, 1.0, 1.0, 1.0, 1.0, 1.0, 1.0, 0.0, 1.0, 0.0, 0.0, 0.0, 0.0, 0.0, 0.0, 0.0, 1.0, 1.0, 1.0, 1.0, 1.0, 1.0]
/mnt/data/user_liangzhiyu/envs/fedcsl/lib/python3.8/site-packages/sklearn/utils/validation.py:63: RuntimeWarning:  Orthogonal matching pursuit ended prematurely due to linear
dependence in the dictionary. The requested precision might not have been met.

  return f(*args, **kwargs)
稀疏向量: [ 0.92272536  0.          0.          0.          0.08394617  0.
  0.          0.          0.          0.          0.          3.97095821
  0.          0.          0.          0.          0.         -3.98467173
  0.          0.          0.          0.          0.          0.
  0.          0.          0.          0.          0.          0.        ]
更新后概率: [0.13269439 0.00871541 0.00871541 0.00871541 0.02084637 0.00871541
 0.00871541 0.00871541 0.00871541 0.01216174 0.00871541 0.60769683
 0.00871541 0.00871541 0.00871541 0.00871541 0.00871541 0.00871541
 0.00871541 0.00871541 0.00871541 0.00871541 0.00871541 0.00871541
 0.00871541 0.00871541 0.00871541 0.00871541 0.00871541 0.00871541]
Classification: 0.999829960891005 0.9457074991516796 223
本轮采样概率阵: [0.13269439 0.00871541 0.00871541 0.00871541 0.02084637 0.00871541
 0.00871541 0.00871541 0.00871541 0.01216174 0.00871541 0.60769683
 0.00871541 0.00871541 0.00871541 0.00871541 0.00871541 0.00871541
 0.00871541 0.00871541 0.00871541 0.00871541 0.00871541 0.00871541
 0.00871541 0.00871541 0.00871541 0.00871541 0.00871541 0.00871541]
客户端选择掩码: [1.0, 1.0, 1.0, 1.0, 1.0, 1.0, 0.0, 1.0, 1.0, 0.0, 0.0, 1.0, 1.0, 1.0, 0.0, 1.0, 0.0, 1.0, 0.0, 1.0, 1.0, 1.0, 0.0, 1.0, 0.0, 1.0, 1.0, 0.0, 1.0, 1.0]
/mnt/data/user_liangzhiyu/envs/fedcsl/lib/python3.8/site-packages/sklearn/utils/validation.py:63: RuntimeWarning:  Orthogonal matching pursuit ended prematurely due to linear
dependence in the dictionary. The requested precision might not have been met.

  return f(*args, **kwargs)
稀疏向量: [-0.38096974  0.          0.          0.          1.13981445  0.
  0.          0.          0.          3.25282299  0.          0.
  0.          0.          0.          0.          0.          0.
  0.          0.          0.         -2.99135245  0.          0.
  0.          0.          0.          0.          0.          0.        ]
更新后概率: [0.07696007 0.00869078 0.00869078 0.00869078 0.16487274 0.00869078
 0.00869078 0.00869078 0.00869078 0.0105695  0.00869078 0.10562723
 0.00869078 0.00869078 0.00869078 0.00869078 0.00869078 0.00869078
 0.00869078 0.00869078 0.00869078 0.42470088 0.00869078 0.00869078
 0.00869078 0.00869078 0.00869078 0.00869078 0.00869078 0.00869078]
Classification: 0.999829960891005 0.9453681710213777 224
本轮采样概率阵: [0.07696007 0.00869078 0.00869078 0.00869078 0.16487274 0.00869078
 0.00869078 0.00869078 0.00869078 0.0105695  0.00869078 0.10562723
 0.00869078 0.00869078 0.00869078 0.00869078 0.00869078 0.00869078
 0.00869078 0.00869078 0.00869078 0.42470088 0.00869078 0.00869078
 0.00869078 0.00869078 0.00869078 0.00869078 0.00869078 0.00869078]
客户端选择掩码: [1.0, 1.0, 1.0, 1.0, 1.0, 1.0, 1.0, 1.0, 1.0, 1.0, 0.0, 1.0, 1.0, 1.0, 1.0, 1.0, 0.0, 0.0, 1.0, 0.0, 1.0, 1.0, 0.0, 0.0, 0.0, 1.0, 0.0, 1.0, 0.0, 1.0]
/mnt/data/user_liangzhiyu/envs/fedcsl/lib/python3.8/site-packages/sklearn/utils/validation.py:63: RuntimeWarning:  Orthogonal matching pursuit ended prematurely due to linear
dependence in the dictionary. The requested precision might not have been met.

  return f(*args, **kwargs)
稀疏向量: [  0.           0.           0.           0.          -5.37529213
   0.           0.           0.           0.           0.
   0.          55.86823653   0.           0.           0.
   0.           0.         -42.51888518   0.           0.
   0.           0.          -7.01065947   0.           0.
   0.           0.           0.           0.           0.        ]
更新后概率: [0.01336276 0.00868162 0.00868162 0.00868162 0.08481756 0.00868162
 0.00868162 0.00868162 0.00868162 0.00868162 0.00868162 0.60235567
 0.00868162 0.00868162 0.00868162 0.00868162 0.00868162 0.00868162
 0.00868162 0.00868162 0.00868162 0.07374185 0.00868162 0.00868162
 0.00868162 0.00868162 0.00868162 0.00868162 0.00868162 0.00868162]
Classification: 1.0 0.9463861554122837 225
本轮采样概率阵: [0.01336276 0.00868162 0.00868162 0.00868162 0.08481756 0.00868162
 0.00868162 0.00868162 0.00868162 0.00868162 0.00868162 0.60235567
 0.00868162 0.00868162 0.00868162 0.00868162 0.00868162 0.00868162
 0.00868162 0.00868162 0.00868162 0.07374185 0.00868162 0.00868162
 0.00868162 0.00868162 0.00868162 0.00868162 0.00868162 0.00868162]
客户端选择掩码: [1.0, 0.0, 1.0, 1.0, 1.0, 1.0, 1.0, 0.0, 0.0, 0.0, 0.0, 1.0, 1.0, 1.0, 1.0, 1.0, 0.0, 0.0, 1.0, 0.0, 1.0, 1.0, 1.0, 1.0, 0.0, 1.0, 1.0, 1.0, 1.0, 1.0]
/mnt/data/user_liangzhiyu/envs/fedcsl/lib/python3.8/site-packages/sklearn/utils/validation.py:63: RuntimeWarning:  Orthogonal matching pursuit ended prematurely due to linear
dependence in the dictionary. The requested precision might not have been met.

  return f(*args, **kwargs)
稀疏向量: [ 2.37224919  0.          0.          0.03187336  0.59240564  0.
  0.          0.          0.          0.          0.          0.
  3.3026384   0.          0.          0.          0.          0.
  0.          0.          0.          0.          0.          0.
  0.          0.         -5.3108296   0.          0.          0.        ]
更新后概率: [0.13526509 0.00881993 0.00881993 0.00881993 0.04815189 0.00881993
 0.00881993 0.00881993 0.00881993 0.00881993 0.00881993 0.1062547
 0.18656544 0.00881993 0.00881993 0.00881993 0.00881993 0.00881993
 0.00881993 0.00881993 0.00881993 0.01300796 0.00881993 0.00881993
 0.00881993 0.00881993 0.29907661 0.00881993 0.00881993 0.00881993]
Classification: 1.0 0.9453681710213777 226
本轮采样概率阵: [0.13526509 0.00881993 0.00881993 0.00881993 0.04815189 0.00881993
 0.00881993 0.00881993 0.00881993 0.00881993 0.00881993 0.1062547
 0.18656544 0.00881993 0.00881993 0.00881993 0.00881993 0.00881993
 0.00881993 0.00881993 0.00881993 0.01300796 0.00881993 0.00881993
 0.00881993 0.00881993 0.29907661 0.00881993 0.00881993 0.00881993]
客户端选择掩码: [1.0, 1.0, 1.0, 1.0, 1.0, 1.0, 1.0, 1.0, 1.0, 1.0, 0.0, 1.0, 1.0, 0.0, 0.0, 0.0, 0.0, 1.0, 1.0, 0.0, 0.0, 1.0, 1.0, 1.0, 1.0, 0.0, 1.0, 1.0, 0.0, 1.0]
/mnt/data/user_liangzhiyu/envs/fedcsl/lib/python3.8/site-packages/sklearn/utils/validation.py:63: RuntimeWarning:  Orthogonal matching pursuit ended prematurely due to linear
dependence in the dictionary. The requested precision might not have been met.

  return f(*args, **kwargs)
稀疏向量: [0.01824888 0.         0.         0.         0.06835841 0.
 0.         0.         0.         0.         0.         0.91344695
 0.         0.         0.         0.         0.         0.
 0.         0.         0.         0.         0.         0.
 0.         0.         0.         0.         0.         0.        ]
更新后概率: [0.03547125 0.00875995 0.00875995 0.00875995 0.05253637 0.00875995
 0.00875995 0.00875995 0.00875995 0.00875995 0.00875995 0.60790965
 0.03268608 0.00875995 0.00875995 0.00875995 0.00875995 0.00875995
 0.00875995 0.00875995 0.00875995 0.00875995 0.00875995 0.00875995
 0.00875995 0.00875995 0.05239792 0.00875995 0.00875995 0.00875995]
Classification: 1.0 0.9463861554122837 227
本轮采样概率阵: [0.03547125 0.00875995 0.00875995 0.00875995 0.05253637 0.00875995
 0.00875995 0.00875995 0.00875995 0.00875995 0.00875995 0.60790965
 0.03268608 0.00875995 0.00875995 0.00875995 0.00875995 0.00875995
 0.00875995 0.00875995 0.00875995 0.00875995 0.00875995 0.00875995
 0.00875995 0.00875995 0.05239792 0.00875995 0.00875995 0.00875995]
客户端选择掩码: [1.0, 1.0, 1.0, 1.0, 1.0, 0.0, 1.0, 1.0, 1.0, 1.0, 1.0, 1.0, 1.0, 0.0, 0.0, 1.0, 0.0, 1.0, 1.0, 0.0, 0.0, 1.0, 1.0, 1.0, 1.0, 0.0, 1.0, 0.0, 0.0, 1.0]
/mnt/data/user_liangzhiyu/envs/fedcsl/lib/python3.8/site-packages/sklearn/utils/validation.py:63: RuntimeWarning:  Orthogonal matching pursuit ended prematurely due to linear
dependence in the dictionary. The requested precision might not have been met.

  return f(*args, **kwargs)
稀疏向量: [ 0.          0.          0.          0.          0.49962371  0.
  0.          0.          0.          0.          0.         -0.44007265
  2.0689685   5.18699031  0.          0.         -6.29037331  0.
  0.          0.          0.          0.          0.          0.
  0.          0.          0.          0.          0.          0.        ]
更新后概率: [0.00872574 0.00872574 0.00872574 0.00872574 0.11595008 0.00872574
 0.00872574 0.00872574 0.00872574 0.00872574 0.00872574 0.20014345
 0.44789295 0.00872574 0.00872574 0.00872574 0.00872574 0.00872574
 0.00872574 0.00872574 0.00872574 0.00872574 0.00872574 0.00872574
 0.00872574 0.00872574 0.00914422 0.00872574 0.00872574 0.00872574]
Classification: 1.0 0.9467254835425857 228
本轮采样概率阵: [0.00872574 0.00872574 0.00872574 0.00872574 0.11595008 0.00872574
 0.00872574 0.00872574 0.00872574 0.00872574 0.00872574 0.20014345
 0.44789295 0.00872574 0.00872574 0.00872574 0.00872574 0.00872574
 0.00872574 0.00872574 0.00872574 0.00872574 0.00872574 0.00872574
 0.00872574 0.00872574 0.00914422 0.00872574 0.00872574 0.00872574]
客户端选择掩码: [0.0, 1.0, 1.0, 1.0, 1.0, 1.0, 1.0, 1.0, 0.0, 1.0, 1.0, 1.0, 1.0, 0.0, 1.0, 1.0, 1.0, 1.0, 0.0, 0.0, 0.0, 1.0, 0.0, 1.0, 0.0, 1.0, 1.0, 0.0, 1.0, 1.0]
/mnt/data/user_liangzhiyu/envs/fedcsl/lib/python3.8/site-packages/sklearn/utils/validation.py:63: RuntimeWarning:  Orthogonal matching pursuit ended prematurely due to linear
dependence in the dictionary. The requested precision might not have been met.

  return f(*args, **kwargs)
稀疏向量: [ 0.04192551  0.          0.          0.         -0.09962435  0.
  0.          0.          0.          1.06037267  0.          0.
  0.          0.          0.          0.          0.          0.
  0.          0.          0.          0.          0.          0.
  0.          0.          0.          0.          0.          0.        ]
更新后概率: [0.00868269 0.00868269 0.00868269 0.00868269 0.07510611 0.00868269
 0.00868269 0.00868269 0.00868269 0.58661001 0.00868269 0.03475567
 0.07777831 0.00868269 0.00868269 0.00868269 0.00868269 0.00868269
 0.00868269 0.00868269 0.00868269 0.00868269 0.00868269 0.00868269
 0.00868269 0.00868269 0.00868269 0.00868269 0.00868269 0.00868269]
Classification: 1.0 0.9460468272819816 229
本轮采样概率阵: [0.00868269 0.00868269 0.00868269 0.00868269 0.07510611 0.00868269
 0.00868269 0.00868269 0.00868269 0.58661001 0.00868269 0.03475567
 0.07777831 0.00868269 0.00868269 0.00868269 0.00868269 0.00868269
 0.00868269 0.00868269 0.00868269 0.00868269 0.00868269 0.00868269
 0.00868269 0.00868269 0.00868269 0.00868269 0.00868269 0.00868269]
客户端选择掩码: [1.0, 1.0, 1.0, 0.0, 1.0, 0.0, 0.0, 1.0, 1.0, 1.0, 0.0, 1.0, 1.0, 1.0, 1.0, 1.0, 1.0, 1.0, 0.0, 0.0, 1.0, 0.0, 0.0, 1.0, 1.0, 1.0, 0.0, 1.0, 1.0, 1.0]
/mnt/data/user_liangzhiyu/envs/fedcsl/lib/python3.8/site-packages/sklearn/utils/validation.py:63: RuntimeWarning:  Orthogonal matching pursuit ended prematurely due to linear
dependence in the dictionary. The requested precision might not have been met.

  return f(*args, **kwargs)
稀疏向量: [ 0.04509411  0.          0.          0.         -0.23989655  0.
  0.          0.          0.          1.19770165  0.          0.
  0.          0.          0.          0.          0.          0.
  0.          0.          0.          0.          0.          0.
  0.          0.          0.          0.          0.          0.        ]
更新后概率: [0.0210668  0.00871748 0.00871748 0.00871748 0.11711477 0.00871748
 0.00871748 0.00871748 0.00871748 0.62160322 0.00871748 0.00871748
 0.01356063 0.00871748 0.00871748 0.00871748 0.00871748 0.00871748
 0.00871748 0.00871748 0.00871748 0.00871748 0.00871748 0.00871748
 0.00871748 0.00871748 0.00871748 0.00871748 0.00871748 0.00871748]
Classification: 0.999829960891005 0.9467254835425857 230
本轮采样概率阵: [0.0210668  0.00871748 0.00871748 0.00871748 0.11711477 0.00871748
 0.00871748 0.00871748 0.00871748 0.62160322 0.00871748 0.00871748
 0.01356063 0.00871748 0.00871748 0.00871748 0.00871748 0.00871748
 0.00871748 0.00871748 0.00871748 0.00871748 0.00871748 0.00871748
 0.00871748 0.00871748 0.00871748 0.00871748 0.00871748 0.00871748]
客户端选择掩码: [1.0, 0.0, 1.0, 1.0, 1.0, 0.0, 1.0, 1.0, 1.0, 1.0, 0.0, 1.0, 1.0, 1.0, 0.0, 1.0, 1.0, 1.0, 1.0, 1.0, 0.0, 0.0, 1.0, 0.0, 1.0, 1.0, 0.0, 1.0, 1.0, 0.0]
/mnt/data/user_liangzhiyu/envs/fedcsl/lib/python3.8/site-packages/sklearn/utils/validation.py:63: RuntimeWarning:  Orthogonal matching pursuit ended prematurely due to linear
dependence in the dictionary. The requested precision might not have been met.

  return f(*args, **kwargs)
稀疏向量: [-0.47122165  0.          0.          4.80792021  0.          0.
  0.          0.          0.          0.          0.          0.
  0.          0.          0.          0.          0.          0.
  0.          0.          0.          0.          0.          0.
  0.          0.         -3.33005576  0.          0.          0.        ]
更新后概率: [0.0608372  0.00868859 0.00868859 0.58489105 0.02035125 0.00868859
 0.00868859 0.00868859 0.00868859 0.10801713 0.00868859 0.00868859
 0.00868859 0.00868859 0.00868859 0.00868859 0.00868859 0.00868859
 0.00868859 0.00868859 0.00868859 0.00868859 0.00868859 0.00868859
 0.00868859 0.00868859 0.00868859 0.00868859 0.00868859 0.00868859]
Classification: 1.0 0.9457074991516796 231
本轮采样概率阵: [0.0608372  0.00868859 0.00868859 0.58489105 0.02035125 0.00868859
 0.00868859 0.00868859 0.00868859 0.10801713 0.00868859 0.00868859
 0.00868859 0.00868859 0.00868859 0.00868859 0.00868859 0.00868859
 0.00868859 0.00868859 0.00868859 0.00868859 0.00868859 0.00868859
 0.00868859 0.00868859 0.00868859 0.00868859 0.00868859 0.00868859]
客户端选择掩码: [1.0, 0.0, 1.0, 1.0, 1.0, 0.0, 0.0, 1.0, 1.0, 1.0, 1.0, 1.0, 1.0, 0.0, 1.0, 0.0, 0.0, 0.0, 1.0, 1.0, 1.0, 1.0, 0.0, 1.0, 1.0, 1.0, 1.0, 1.0, 1.0, 0.0]
/mnt/data/user_liangzhiyu/envs/fedcsl/lib/python3.8/site-packages/sklearn/utils/validation.py:63: RuntimeWarning:  Orthogonal matching pursuit ended prematurely due to linear
dependence in the dictionary. The requested precision might not have been met.

  return f(*args, **kwargs)
稀疏向量: [ 3.66409711  0.          0.          0.         -0.4033551   0.
  0.          0.          0.          0.          4.10480958 -5.19022178
  3.48424814  0.          0.          0.          0.          0.
  0.          0.          0.          0.          0.          0.
  0.          0.         -4.67093217  0.          0.          0.        ]
更新后概率: [0.12307    0.00893486 0.00893486 0.10451833 0.01598787 0.00893486
 0.00893486 0.00893486 0.00893486 0.01930235 0.12724628 0.16048276
 0.10824403 0.00893486 0.00893486 0.00893486 0.00893486 0.00893486
 0.00893486 0.00893486 0.00893486 0.00893486 0.00893486 0.00893486
 0.00893486 0.00893486 0.14458156 0.00893486 0.00893486 0.00893486]
Classification: 0.999829960891005 0.9463861554122837 232
本轮采样概率阵: [0.12307    0.00893486 0.00893486 0.10451833 0.01598787 0.00893486
 0.00893486 0.00893486 0.00893486 0.01930235 0.12724628 0.16048276
 0.10824403 0.00893486 0.00893486 0.00893486 0.00893486 0.00893486
 0.00893486 0.00893486 0.00893486 0.00893486 0.00893486 0.00893486
 0.00893486 0.00893486 0.14458156 0.00893486 0.00893486 0.00893486]
客户端选择掩码: [1.0, 0.0, 1.0, 1.0, 1.0, 0.0, 1.0, 0.0, 0.0, 1.0, 1.0, 1.0, 1.0, 1.0, 0.0, 0.0, 0.0, 1.0, 0.0, 0.0, 1.0, 1.0, 1.0, 1.0, 1.0, 1.0, 1.0, 1.0, 1.0, 1.0]
/mnt/data/user_liangzhiyu/envs/fedcsl/lib/python3.8/site-packages/sklearn/utils/validation.py:63: RuntimeWarning:  Orthogonal matching pursuit ended prematurely due to linear
dependence in the dictionary. The requested precision might not have been met.

  return f(*args, **kwargs)
稀疏向量: [ 0.41746514  0.          0.          0.         -0.02910533  0.
  0.          0.          0.          0.          0.91623461 -0.30462324
  0.          0.          0.          0.          0.          0.
  0.          0.          0.          0.          0.          0.
  0.          0.          0.          0.          0.          0.        ]
更新后概率: [0.18601374 0.00890872 0.00890872 0.0186225  0.01428856 0.00890872
 0.00890872 0.00890872 0.00890872 0.00890872 0.38280053 0.14832692
 0.01928633 0.00890872 0.00890872 0.00890872 0.00890872 0.00890872
 0.00890872 0.00890872 0.00890872 0.00890872 0.00890872 0.00890872
 0.00890872 0.00890872 0.02576075 0.00890872 0.00890872 0.00890872]
Classification: 0.999829960891005 0.9460468272819816 233
本轮采样概率阵: [0.18601374 0.00890872 0.00890872 0.0186225  0.01428856 0.00890872
 0.00890872 0.00890872 0.00890872 0.00890872 0.38280053 0.14832692
 0.01928633 0.00890872 0.00890872 0.00890872 0.00890872 0.00890872
 0.00890872 0.00890872 0.00890872 0.00890872 0.00890872 0.00890872
 0.00890872 0.00890872 0.02576075 0.00890872 0.00890872 0.00890872]
客户端选择掩码: [1.0, 0.0, 1.0, 1.0, 0.0, 0.0, 1.0, 1.0, 1.0, 1.0, 1.0, 1.0, 1.0, 1.0, 0.0, 1.0, 1.0, 1.0, 0.0, 1.0, 1.0, 1.0, 1.0, 1.0, 0.0, 0.0, 1.0, 0.0, 1.0, 0.0]
/mnt/data/user_liangzhiyu/envs/fedcsl/lib/python3.8/site-packages/sklearn/utils/validation.py:63: RuntimeWarning:  Orthogonal matching pursuit ended prematurely due to linear
dependence in the dictionary. The requested precision might not have been met.

  return f(*args, **kwargs)
稀疏向量: [0.23860461 0.         0.         0.         0.         0.42185043
 0.         0.         0.         0.         0.         0.
 0.33853616 0.         0.         0.         0.         0.
 0.         0.         0.         0.         0.         0.
 0.         0.         0.         0.         0.         0.        ]
更新后概率: [0.29711945 0.00874793 0.00874793 0.00874793 0.01249954 0.00874793
 0.00874793 0.00874793 0.00874793 0.00874793 0.06697428 0.02595109
 0.37875731 0.00874793 0.00874793 0.00874793 0.00874793 0.00874793
 0.00874793 0.00874793 0.00874793 0.00874793 0.00874793 0.00874793
 0.00874793 0.00874793 0.00874793 0.00874793 0.00874793 0.00874793]
Classification: 0.999829960891005 0.9453681710213777 234
本轮采样概率阵: [0.29711945 0.00874793 0.00874793 0.00874793 0.01249954 0.00874793
 0.00874793 0.00874793 0.00874793 0.00874793 0.06697428 0.02595109
 0.37875731 0.00874793 0.00874793 0.00874793 0.00874793 0.00874793
 0.00874793 0.00874793 0.00874793 0.00874793 0.00874793 0.00874793
 0.00874793 0.00874793 0.00874793 0.00874793 0.00874793 0.00874793]
客户端选择掩码: [1.0, 0.0, 0.0, 1.0, 1.0, 1.0, 0.0, 1.0, 1.0, 0.0, 1.0, 1.0, 1.0, 0.0, 0.0, 1.0, 0.0, 0.0, 1.0, 0.0, 1.0, 1.0, 1.0, 1.0, 1.0, 1.0, 1.0, 1.0, 1.0, 1.0]
/mnt/data/user_liangzhiyu/envs/fedcsl/lib/python3.8/site-packages/sklearn/utils/validation.py:63: RuntimeWarning:  Orthogonal matching pursuit ended prematurely due to linear
dependence in the dictionary. The requested precision might not have been met.

  return f(*args, **kwargs)
稀疏向量: [0.02080342 0.         0.         0.87452397 0.10698009 0.
 0.         0.         0.         0.         0.         0.
 0.         0.         0.         0.         0.         0.
 0.         0.         0.         0.         0.         0.
 0.         0.         0.         0.         0.         0.        ]
更新后概率: [0.06555427 0.0087732  0.0087732  0.56569865 0.07120709 0.0087732
 0.0087732  0.0087732  0.0087732  0.0087732  0.01175159 0.0087732
 0.06645831 0.0087732  0.0087732  0.0087732  0.0087732  0.0087732
 0.0087732  0.0087732  0.0087732  0.0087732  0.0087732  0.0087732
 0.0087732  0.0087732  0.0087732  0.0087732  0.0087732  0.0087732 ]
Classification: 0.999829960891005 0.9453681710213777 235
本轮采样概率阵: [0.06555427 0.0087732  0.0087732  0.56569865 0.07120709 0.0087732
 0.0087732  0.0087732  0.0087732  0.0087732  0.01175159 0.0087732
 0.06645831 0.0087732  0.0087732  0.0087732  0.0087732  0.0087732
 0.0087732  0.0087732  0.0087732  0.0087732  0.0087732  0.0087732
 0.0087732  0.0087732  0.0087732  0.0087732  0.0087732  0.0087732 ]
客户端选择掩码: [1.0, 0.0, 1.0, 1.0, 1.0, 1.0, 0.0, 1.0, 0.0, 1.0, 1.0, 0.0, 1.0, 0.0, 1.0, 1.0, 0.0, 0.0, 1.0, 1.0, 1.0, 1.0, 0.0, 1.0, 1.0, 1.0, 1.0, 1.0, 0.0, 1.0]
/mnt/data/user_liangzhiyu/envs/fedcsl/lib/python3.8/site-packages/sklearn/utils/validation.py:63: RuntimeWarning:  Orthogonal matching pursuit ended prematurely due to linear
dependence in the dictionary. The requested precision might not have been met.

  return f(*args, **kwargs)
稀疏向量: [0.14318063 0.         0.         0.         0.         0.
 0.         0.         0.         0.         0.         0.
 0.19911188 0.         0.         0.         0.         0.
 0.         0.         0.         0.         0.         0.
 0.         0.         0.         0.         0.         0.65920197]
更新后概率: [0.103691   0.00875372 0.00875372 0.09903939 0.01246655 0.00875372
 0.00875372 0.00875372 0.00875372 0.00875372 0.00875372 0.00875372
 0.13987126 0.00875372 0.00875372 0.00875372 0.00875372 0.00875372
 0.00875372 0.00875372 0.00875372 0.00875372 0.00875372 0.00875372
 0.00875372 0.00875372 0.00875372 0.00875372 0.00875372 0.42608873]
Classification: 0.999829960891005 0.9453681710213777 236
本轮采样概率阵: [0.103691   0.00875372 0.00875372 0.09903939 0.01246655 0.00875372
 0.00875372 0.00875372 0.00875372 0.00875372 0.00875372 0.00875372
 0.13987126 0.00875372 0.00875372 0.00875372 0.00875372 0.00875372
 0.00875372 0.00875372 0.00875372 0.00875372 0.00875372 0.00875372
 0.00875372 0.00875372 0.00875372 0.00875372 0.00875372 0.42608873]
客户端选择掩码: [1.0, 0.0, 0.0, 1.0, 1.0, 1.0, 1.0, 1.0, 0.0, 1.0, 1.0, 1.0, 1.0, 1.0, 1.0, 0.0, 1.0, 1.0, 0.0, 0.0, 0.0, 0.0, 1.0, 1.0, 1.0, 1.0, 1.0, 1.0, 0.0, 1.0]
/mnt/data/user_liangzhiyu/envs/fedcsl/lib/python3.8/site-packages/sklearn/utils/validation.py:63: RuntimeWarning:  Orthogonal matching pursuit ended prematurely due to linear
dependence in the dictionary. The requested precision might not have been met.

  return f(*args, **kwargs)
稀疏向量: [ 0.15389821  0.          0.          1.47498272  0.          0.
  0.          0.          0.          0.          0.          0.
  0.          0.          0.          0.          0.          0.
  0.          0.          0.          0.          0.          0.
  0.         -0.62673525  0.          0.          0.          0.        ]
更新后概率: [0.06216493 0.00875303 0.00875303 0.43916223 0.00875303 0.00875303
 0.00875303 0.00875303 0.00875303 0.00875303 0.00875303 0.00875303
 0.02448594 0.00875303 0.00875303 0.00875303 0.00875303 0.00875303
 0.00875303 0.00875303 0.00875303 0.00875303 0.00875303 0.00875303
 0.00875303 0.18076991 0.00875303 0.00875303 0.00875303 0.07459132]
Classification: 0.999829960891005 0.9453681710213777 237
本轮采样概率阵: [0.06216493 0.00875303 0.00875303 0.43916223 0.00875303 0.00875303
 0.00875303 0.00875303 0.00875303 0.00875303 0.00875303 0.00875303
 0.02448594 0.00875303 0.00875303 0.00875303 0.00875303 0.00875303
 0.00875303 0.00875303 0.00875303 0.00875303 0.00875303 0.00875303
 0.00875303 0.18076991 0.00875303 0.00875303 0.00875303 0.07459132]
客户端选择掩码: [1.0, 0.0, 1.0, 1.0, 0.0, 1.0, 1.0, 0.0, 0.0, 1.0, 1.0, 0.0, 1.0, 1.0, 1.0, 1.0, 1.0, 0.0, 1.0, 0.0, 0.0, 1.0, 1.0, 1.0, 1.0, 1.0, 1.0, 0.0, 1.0, 1.0]
/mnt/data/user_liangzhiyu/envs/fedcsl/lib/python3.8/site-packages/sklearn/utils/validation.py:63: RuntimeWarning:  Orthogonal matching pursuit ended prematurely due to linear
dependence in the dictionary. The requested precision might not have been met.

  return f(*args, **kwargs)
稀疏向量: [0.02067342 0.         0.         0.61771976 0.         0.
 0.         0.         0.         0.         0.         0.
 0.         0.36345471 0.         0.         0.         0.
 0.         0.         0.         0.         0.         0.
 0.         0.         0.         0.         0.         0.        ]
更新后概率: [0.02424485 0.00877142 0.00877142 0.47562027 0.00877142 0.00877142
 0.00877142 0.00877142 0.00877142 0.00877142 0.00877142 0.00877142
 0.00877142 0.23605178 0.00877142 0.00877142 0.00877142 0.00877142
 0.00877142 0.00877142 0.00877142 0.00877142 0.00877142 0.00877142
 0.00877142 0.03171218 0.00877142 0.00877142 0.00877142 0.01308544]
Classification: 0.999829960891005 0.9450288428910757 238
本轮采样概率阵: [0.02424485 0.00877142 0.00877142 0.47562027 0.00877142 0.00877142
 0.00877142 0.00877142 0.00877142 0.00877142 0.00877142 0.00877142
 0.00877142 0.23605178 0.00877142 0.00877142 0.00877142 0.00877142
 0.00877142 0.00877142 0.00877142 0.00877142 0.00877142 0.00877142
 0.00877142 0.03171218 0.00877142 0.00877142 0.00877142 0.01308544]
客户端选择掩码: [1.0, 1.0, 1.0, 1.0, 1.0, 0.0, 0.0, 1.0, 1.0, 1.0, 1.0, 0.0, 1.0, 1.0, 0.0, 1.0, 0.0, 1.0, 0.0, 0.0, 1.0, 1.0, 0.0, 1.0, 0.0, 1.0, 1.0, 1.0, 1.0, 1.0]
/mnt/data/user_liangzhiyu/envs/fedcsl/lib/python3.8/site-packages/sklearn/utils/validation.py:63: RuntimeWarning:  Orthogonal matching pursuit ended prematurely due to linear
dependence in the dictionary. The requested precision might not have been met.

  return f(*args, **kwargs)
稀疏向量: [ 0.24448385  0.          0.          0.          0.          0.
  0.          0.          0.          0.28687417  0.          0.
  0.          0.          0.67026941  0.         -0.20080432  0.
  0.          0.          0.          0.          0.          0.
  0.          0.          0.          0.          0.          0.        ]
更新后概率: [0.30012654 0.00872765 0.00872765 0.083021   0.00872765 0.00872765
 0.00872765 0.00872765 0.00872765 0.34872986 0.00872765 0.00872765
 0.00872765 0.04120358 0.00872765 0.00872765 0.00872765 0.00872765
 0.00872765 0.00872765 0.00872765 0.00872765 0.00872765 0.00872765
 0.00872765 0.00872765 0.00872765 0.00872765 0.00872765 0.00872765]
Classification: 0.999829960891005 0.9453681710213777 239
本轮采样概率阵: [0.30012654 0.00872765 0.00872765 0.083021   0.00872765 0.00872765
 0.00872765 0.00872765 0.00872765 0.34872986 0.00872765 0.00872765
 0.00872765 0.04120358 0.00872765 0.00872765 0.00872765 0.00872765
 0.00872765 0.00872765 0.00872765 0.00872765 0.00872765 0.00872765
 0.00872765 0.00872765 0.00872765 0.00872765 0.00872765 0.00872765]
客户端选择掩码: [1.0, 0.0, 0.0, 1.0, 0.0, 1.0, 1.0, 1.0, 1.0, 1.0, 1.0, 0.0, 0.0, 1.0, 1.0, 1.0, 1.0, 1.0, 1.0, 0.0, 0.0, 0.0, 0.0, 1.0, 1.0, 1.0, 1.0, 1.0, 1.0, 1.0]
/mnt/data/user_liangzhiyu/envs/fedcsl/lib/python3.8/site-packages/sklearn/utils/validation.py:63: RuntimeWarning:  Orthogonal matching pursuit ended prematurely due to linear
dependence in the dictionary. The requested precision might not have been met.

  return f(*args, **kwargs)
稀疏向量: [ 0.50935898  0.          0.          0.         -0.52016244  0.
  0.          0.          0.          0.          0.          0.
  0.          0.          0.          0.          0.          0.
  0.          0.          0.          1.57925389  0.          0.
  0.          0.          0.         -0.57365456  0.          0.        ]
更新后概率: [0.35513013 0.00873148 0.00873148 0.01449792 0.00873148 0.00873148
 0.00873148 0.00873148 0.00873148 0.06089853 0.00873148 0.00873148
 0.00873148 0.00873148 0.00873148 0.00873148 0.00873148 0.00873148
 0.00873148 0.00873148 0.00873148 0.00873148 0.00873148 0.00873148
 0.00873148 0.00873148 0.00873148 0.34245505 0.00873148 0.00873148]
Classification: 0.999829960891005 0.9453681710213777 240
本轮采样概率阵: [0.35513013 0.00873148 0.00873148 0.01449792 0.00873148 0.00873148
 0.00873148 0.00873148 0.00873148 0.06089853 0.00873148 0.00873148
 0.00873148 0.00873148 0.00873148 0.00873148 0.00873148 0.00873148
 0.00873148 0.00873148 0.00873148 0.00873148 0.00873148 0.00873148
 0.00873148 0.00873148 0.00873148 0.34245505 0.00873148 0.00873148]
客户端选择掩码: [1.0, 1.0, 1.0, 1.0, 1.0, 1.0, 0.0, 0.0, 1.0, 1.0, 1.0, 0.0, 0.0, 1.0, 1.0, 1.0, 1.0, 1.0, 1.0, 0.0, 1.0, 0.0, 0.0, 1.0, 0.0, 1.0, 1.0, 1.0, 0.0, 1.0]
/mnt/data/user_liangzhiyu/envs/fedcsl/lib/python3.8/site-packages/sklearn/utils/validation.py:63: RuntimeWarning:  Orthogonal matching pursuit ended prematurely due to linear
dependence in the dictionary. The requested precision might not have been met.

  return f(*args, **kwargs)
稀疏向量: [-1.86808899  0.          0.          0.         -2.45335943  0.
  0.          0.          0.          0.          0.          0.
  0.          0.          0.          0.          0.          0.
  0.          0.          0.          0.         -3.41274281  0.
  8.766384    0.          0.          0.          0.          0.        ]
更新后概率: [0.3386792  0.0086913  0.0086913  0.0086913  0.36523379 0.0086913
 0.0086913  0.0086913  0.0086913  0.01058574 0.0086913  0.0086913
 0.0086913  0.0086913  0.0086913  0.0086913  0.0086913  0.0086913
 0.0086913  0.0086913  0.0086913  0.0086913  0.0086913  0.0086913
 0.0086913  0.0086913  0.0086913  0.05952757 0.0086913  0.0086913 ]
Classification: 0.999829960891005 0.9453681710213777 241
本轮采样概率阵: [0.3386792  0.0086913  0.0086913  0.0086913  0.36523379 0.0086913
 0.0086913  0.0086913  0.0086913  0.01058574 0.0086913  0.0086913
 0.0086913  0.0086913  0.0086913  0.0086913  0.0086913  0.0086913
 0.0086913  0.0086913  0.0086913  0.0086913  0.0086913  0.0086913
 0.0086913  0.0086913  0.0086913  0.05952757 0.0086913  0.0086913 ]
客户端选择掩码: [1.0, 0.0, 1.0, 1.0, 1.0, 1.0, 0.0, 1.0, 1.0, 1.0, 1.0, 1.0, 1.0, 1.0, 1.0, 1.0, 0.0, 0.0, 1.0, 0.0, 1.0, 1.0, 0.0, 0.0, 1.0, 0.0, 1.0, 1.0, 1.0, 0.0]
/mnt/data/user_liangzhiyu/envs/fedcsl/lib/python3.8/site-packages/sklearn/utils/validation.py:63: RuntimeWarning:  Orthogonal matching pursuit ended prematurely due to linear
dependence in the dictionary. The requested precision might not have been met.

  return f(*args, **kwargs)
稀疏向量: [0.13226265 0.         0.         0.         0.         0.63212579
 0.         0.         0.         0.         0.         0.
 0.         0.         0.         0.         0.         0.
 0.         0.         0.         0.         0.23322014 0.
 0.         0.         0.         0.         0.         0.        ]
更新后概率: [0.16958176 0.00868169 0.00868169 0.00868169 0.06341697 0.53094121
 0.00868169 0.00868169 0.00868169 0.00868169 0.00868169 0.00868169
 0.00868169 0.00868169 0.00868169 0.00868169 0.00868169 0.00868169
 0.00868169 0.00868169 0.00868169 0.00868169 0.00868169 0.00868169
 0.00868169 0.00868169 0.00868169 0.01033601 0.00868169 0.00868169]
Classification: 1.0 0.9460468272819816 242
本轮采样概率阵: [0.16958176 0.00868169 0.00868169 0.00868169 0.06341697 0.53094121
 0.00868169 0.00868169 0.00868169 0.00868169 0.00868169 0.00868169
 0.00868169 0.00868169 0.00868169 0.00868169 0.00868169 0.00868169
 0.00868169 0.00868169 0.00868169 0.00868169 0.00868169 0.00868169
 0.00868169 0.00868169 0.00868169 0.01033601 0.00868169 0.00868169]
客户端选择掩码: [1.0, 1.0, 0.0, 1.0, 1.0, 1.0, 1.0, 1.0, 1.0, 0.0, 1.0, 0.0, 1.0, 1.0, 0.0, 0.0, 0.0, 0.0, 1.0, 1.0, 1.0, 0.0, 1.0, 1.0, 1.0, 1.0, 0.0, 1.0, 1.0, 1.0]
/mnt/data/user_liangzhiyu/envs/fedcsl/lib/python3.8/site-packages/sklearn/utils/validation.py:63: RuntimeWarning:  Orthogonal matching pursuit ended prematurely due to linear
dependence in the dictionary. The requested precision might not have been met.

  return f(*args, **kwargs)
稀疏向量: [-0.00718754  0.          0.          0.         -0.32218332  0.
  0.          0.          0.          0.          0.          0.
  0.          0.          0.          0.          0.          0.
  0.          0.          0.          0.          0.          0.
  1.33128289  0.          0.          0.          0.          0.        ]
更新后概率: [0.03221163 0.00868043 0.00868043 0.00868043 0.13521002 0.09217601
 0.00868043 0.00868043 0.00868043 0.00868043 0.00868043 0.00868043
 0.00868043 0.00868043 0.00868043 0.00868043 0.00868043 0.00868043
 0.00868043 0.00868043 0.00868043 0.00868043 0.00868043 0.00868043
 0.51471104 0.00868043 0.00868043 0.00868043 0.00868043 0.00868043]
Classification: 1.0 0.9457074991516796 243
本轮采样概率阵: [0.03221163 0.00868043 0.00868043 0.00868043 0.13521002 0.09217601
 0.00868043 0.00868043 0.00868043 0.00868043 0.00868043 0.00868043
 0.00868043 0.00868043 0.00868043 0.00868043 0.00868043 0.00868043
 0.00868043 0.00868043 0.00868043 0.00868043 0.00868043 0.00868043
 0.51471104 0.00868043 0.00868043 0.00868043 0.00868043 0.00868043]
客户端选择掩码: [1.0, 1.0, 1.0, 0.0, 1.0, 1.0, 1.0, 0.0, 1.0, 0.0, 1.0, 1.0, 1.0, 1.0, 1.0, 0.0, 1.0, 1.0, 0.0, 1.0, 0.0, 0.0, 1.0, 1.0, 1.0, 0.0, 1.0, 0.0, 1.0, 1.0]
/mnt/data/user_liangzhiyu/envs/fedcsl/lib/python3.8/site-packages/sklearn/utils/validation.py:63: RuntimeWarning:  Orthogonal matching pursuit ended prematurely due to linear
dependence in the dictionary. The requested precision might not have been met.

  return f(*args, **kwargs)
稀疏向量: [ 0.02735547  0.          0.          0.         -0.03360487  0.
  0.          0.          0.          0.          0.          0.22587029
  0.          0.78098204  0.          0.          0.          0.
  0.          0.          0.          0.          0.          0.
  0.          0.          0.          0.          0.          0.        ]
更新后概率: [0.02230588 0.0088041  0.0088041  0.0088041  0.0442421  0.01623054
 0.0088041  0.0088041  0.0088041  0.0088041  0.0088041  0.138873
 0.0088041  0.47641879 0.0088041  0.0088041  0.0088041  0.0088041
 0.0088041  0.0088041  0.0088041  0.0088041  0.0088041  0.0088041
 0.09063134 0.0088041  0.0088041  0.0088041  0.0088041  0.0088041 ]
Classification: 0.999829960891005 0.9446895147607737 244
本轮采样概率阵: [0.02230588 0.0088041  0.0088041  0.0088041  0.0442421  0.01623054
 0.0088041  0.0088041  0.0088041  0.0088041  0.0088041  0.138873
 0.0088041  0.47641879 0.0088041  0.0088041  0.0088041  0.0088041
 0.0088041  0.0088041  0.0088041  0.0088041  0.0088041  0.0088041
 0.09063134 0.0088041  0.0088041  0.0088041  0.0088041  0.0088041 ]
客户端选择掩码: [1.0, 0.0, 0.0, 1.0, 1.0, 1.0, 0.0, 0.0, 1.0, 1.0, 1.0, 1.0, 1.0, 1.0, 1.0, 1.0, 1.0, 0.0, 1.0, 1.0, 1.0, 1.0, 0.0, 0.0, 1.0, 0.0, 1.0, 1.0, 1.0, 0.0]
/mnt/data/user_liangzhiyu/envs/fedcsl/lib/python3.8/site-packages/sklearn/utils/validation.py:63: RuntimeWarning:  Orthogonal matching pursuit ended prematurely due to linear
dependence in the dictionary. The requested precision might not have been met.

  return f(*args, **kwargs)
稀疏向量: [-1.16834694  0.          0.          4.31603324  0.42811348  0.
  0.          0.          0.          0.         -2.5649267   0.
  0.          0.          0.          0.          0.          0.
  0.          0.          0.          0.          0.          0.
  0.          0.          0.          0.          0.          0.        ]
更新后概率: [0.09423562 0.00889184 0.00889184 0.33503103 0.04094478 0.00889184
 0.00889184 0.00889184 0.00889184 0.00889184 0.19973705 0.02469674
 0.00889184 0.08472482 0.00889184 0.00889184 0.00889184 0.00889184
 0.00889184 0.00889184 0.00889184 0.00889184 0.00889184 0.00889184
 0.01611759 0.00889184 0.00889184 0.00889184 0.00889184 0.00889184]
Classification: 0.999829960891005 0.9453681710213777 245
本轮采样概率阵: [0.09423562 0.00889184 0.00889184 0.33503103 0.04094478 0.00889184
 0.00889184 0.00889184 0.00889184 0.00889184 0.19973705 0.02469674
 0.00889184 0.08472482 0.00889184 0.00889184 0.00889184 0.00889184
 0.00889184 0.00889184 0.00889184 0.00889184 0.00889184 0.00889184
 0.01611759 0.00889184 0.00889184 0.00889184 0.00889184 0.00889184]
客户端选择掩码: [1.0, 1.0, 1.0, 1.0, 1.0, 1.0, 0.0, 1.0, 1.0, 0.0, 1.0, 1.0, 0.0, 1.0, 1.0, 1.0, 0.0, 0.0, 0.0, 1.0, 1.0, 0.0, 1.0, 0.0, 1.0, 1.0, 0.0, 1.0, 1.0, 1.0]
/mnt/data/user_liangzhiyu/envs/fedcsl/lib/python3.8/site-packages/sklearn/utils/validation.py:63: RuntimeWarning:  Orthogonal matching pursuit ended prematurely due to linear
dependence in the dictionary. The requested precision might not have been met.

  return f(*args, **kwargs)
稀疏向量: [-0.31576594  0.          0.          0.         -0.1278967   0.
  0.          0.          0.76513106  0.          0.          0.
 -0.24214894  0.          0.          0.          0.          0.
  0.          0.          0.          0.          0.          0.
  0.          0.92487292  0.          0.          0.          0.        ]
更新后概率: [0.11402911 0.00892483 0.00892483 0.05980187 0.04668143 0.00892483
 0.00892483 0.00892483 0.23713235 0.00892483 0.03565237 0.00892483
 0.00892483 0.01512309 0.00892483 0.00892483 0.00892483 0.00892483
 0.00892483 0.00892483 0.00892483 0.00892483 0.00892483 0.00892483
 0.00892483 0.2863088  0.00892483 0.00892483 0.00892483 0.00892483]
Classification: 1.0 0.9457074991516796 246
本轮采样概率阵: [0.11402911 0.00892483 0.00892483 0.05980187 0.04668143 0.00892483
 0.00892483 0.00892483 0.23713235 0.00892483 0.03565237 0.00892483
 0.00892483 0.01512309 0.00892483 0.00892483 0.00892483 0.00892483
 0.00892483 0.00892483 0.00892483 0.00892483 0.00892483 0.00892483
 0.00892483 0.2863088  0.00892483 0.00892483 0.00892483 0.00892483]
客户端选择掩码: [1.0, 0.0, 1.0, 1.0, 1.0, 1.0, 0.0, 1.0, 1.0, 0.0, 1.0, 1.0, 1.0, 0.0, 1.0, 1.0, 1.0, 1.0, 1.0, 0.0, 1.0, 0.0, 1.0, 0.0, 0.0, 1.0, 1.0, 1.0, 0.0, 1.0]
/mnt/data/user_liangzhiyu/envs/fedcsl/lib/python3.8/site-packages/sklearn/utils/validation.py:63: RuntimeWarning:  Orthogonal matching pursuit ended prematurely due to linear
dependence in the dictionary. The requested precision might not have been met.

  return f(*args, **kwargs)
稀疏向量: [0.         0.         0.         0.         0.13349649 0.
 0.30477408 0.         0.         0.         0.         0.
 0.24138157 0.31904091 0.         0.         0.         0.
 0.         0.         0.         0.         0.         0.
 0.         0.         0.         0.         0.         0.        ]
更新后概率: [0.0202452  0.0088772  0.0088772  0.01061748 0.23930499 0.0088772
 0.0088772  0.0088772  0.04210145 0.0088772  0.0088772  0.0088772
 0.41929773 0.01342507 0.0088772  0.0088772  0.0088772  0.0088772
 0.0088772  0.0088772  0.0088772  0.0088772  0.0088772  0.0088772
 0.0088772  0.05083244 0.0088772  0.0088772  0.0088772  0.0088772 ]
Classification: 0.999829960891005 0.9450288428910757 247
本轮采样概率阵: [0.0202452  0.0088772  0.0088772  0.01061748 0.23930499 0.0088772
 0.0088772  0.0088772  0.04210145 0.0088772  0.0088772  0.0088772
 0.41929773 0.01342507 0.0088772  0.0088772  0.0088772  0.0088772
 0.0088772  0.0088772  0.0088772  0.0088772  0.0088772  0.0088772
 0.0088772  0.05083244 0.0088772  0.0088772  0.0088772  0.0088772 ]
客户端选择掩码: [1.0, 1.0, 0.0, 1.0, 1.0, 0.0, 1.0, 0.0, 1.0, 1.0, 0.0, 1.0, 1.0, 1.0, 1.0, 1.0, 1.0, 1.0, 0.0, 0.0, 1.0, 1.0, 1.0, 0.0, 0.0, 1.0, 1.0, 0.0, 1.0, 1.0]
/mnt/data/user_liangzhiyu/envs/fedcsl/lib/python3.8/site-packages/sklearn/utils/validation.py:63: RuntimeWarning:  Orthogonal matching pursuit ended prematurely due to linear
dependence in the dictionary. The requested precision might not have been met.

  return f(*args, **kwargs)
稀疏向量: [ 0.08376298  0.          0.          0.         -0.20236942  0.
  0.          0.          0.          0.          0.          0.
  0.          0.          0.          0.          0.          0.
  0.          0.          0.          0.          0.          0.
  1.12023875  0.          0.          0.          0.          0.        ]
更新后概率: [0.19223106 0.00875642 0.00875642 0.00875642 0.49776898 0.00875642
 0.00875642 0.00875642 0.00875642 0.00875642 0.00875642 0.00875642
 0.07343093 0.00875642 0.00875642 0.00875642 0.00875642 0.00875642
 0.00875642 0.00875642 0.00875642 0.00875642 0.00875642 0.00875642
 0.00875642 0.00890222 0.00875642 0.00875642 0.00875642 0.00875642]
Classification: 0.999829960891005 0.9453681710213777 248
本轮采样概率阵: [0.19223106 0.00875642 0.00875642 0.00875642 0.49776898 0.00875642
 0.00875642 0.00875642 0.00875642 0.00875642 0.00875642 0.00875642
 0.07343093 0.00875642 0.00875642 0.00875642 0.00875642 0.00875642
 0.00875642 0.00875642 0.00875642 0.00875642 0.00875642 0.00875642
 0.00875642 0.00890222 0.00875642 0.00875642 0.00875642 0.00875642]
客户端选择掩码: [1.0, 0.0, 1.0, 1.0, 1.0, 0.0, 0.0, 1.0, 1.0, 0.0, 0.0, 1.0, 1.0, 1.0, 0.0, 1.0, 1.0, 1.0, 1.0, 1.0, 1.0, 0.0, 1.0, 1.0, 1.0, 1.0, 1.0, 0.0, 0.0, 1.0]
/mnt/data/user_liangzhiyu/envs/fedcsl/lib/python3.8/site-packages/sklearn/utils/validation.py:63: RuntimeWarning:  Orthogonal matching pursuit ended prematurely due to linear
dependence in the dictionary. The requested precision might not have been met.

  return f(*args, **kwargs)
稀疏向量: [ 0.          0.          0.          0.          0.          0.
  0.          0.          0.          0.          0.          0.
  0.          0.          0.          0.          0.          0.
  0.          1.01802972  0.          0.         -0.02440966  0.
  0.          0.          0.          0.          0.          0.        ]
更新后概率: [0.03363205 0.00874782 0.00874782 0.00874782 0.08708784 0.00874782
 0.00874782 0.00874782 0.00874782 0.00874782 0.00874782 0.00874782
 0.01284721 0.00874782 0.00874782 0.00874782 0.00874782 0.00874782
 0.00874782 0.6311099  0.00874782 0.00874782 0.0166276  0.00874782
 0.00874782 0.00874782 0.00874782 0.00874782 0.00874782 0.00874782]
Classification: 1.0 0.9457074991516796 249
本轮采样概率阵: [0.03363205 0.00874782 0.00874782 0.00874782 0.08708784 0.00874782
 0.00874782 0.00874782 0.00874782 0.00874782 0.00874782 0.00874782
 0.01284721 0.00874782 0.00874782 0.00874782 0.00874782 0.00874782
 0.00874782 0.6311099  0.00874782 0.00874782 0.0166276  0.00874782
 0.00874782 0.00874782 0.00874782 0.00874782 0.00874782 0.00874782]
客户端选择掩码: [1.0, 1.0, 1.0, 1.0, 1.0, 1.0, 0.0, 1.0, 1.0, 0.0, 1.0, 1.0, 1.0, 0.0, 1.0, 0.0, 1.0, 0.0, 0.0, 1.0, 1.0, 0.0, 1.0, 1.0, 0.0, 0.0, 1.0, 1.0, 1.0, 1.0]
/mnt/data/user_liangzhiyu/envs/fedcsl/lib/python3.8/site-packages/sklearn/utils/validation.py:63: RuntimeWarning:  Orthogonal matching pursuit ended prematurely due to linear
dependence in the dictionary. The requested precision might not have been met.

  return f(*args, **kwargs)
稀疏向量: [-0.40643648  0.          0.          0.          0.          0.
  0.          0.          0.          0.          0.          0.
 -0.1603958   0.          0.          0.          0.          0.
  0.          1.77894417  0.          0.          0.          0.
 -0.22368776  0.          0.          0.          0.          0.        ]
更新后概率: [0.11689543 0.00869602 0.00869602 0.00869602 0.01514636 0.00869602
 0.00869602 0.00869602 0.00869602 0.00869602 0.00869602 0.00869602
 0.04605756 0.00869602 0.00869602 0.00869602 0.00869602 0.00869602
 0.00869602 0.59580408 0.00869602 0.00869602 0.00869602 0.00869602
 0.00869602 0.00869602 0.00869602 0.00869602 0.00869602 0.00869602]
Classification: 1.0 0.9450288428910757 250
本轮采样概率阵: [0.11689543 0.00869602 0.00869602 0.00869602 0.01514636 0.00869602
 0.00869602 0.00869602 0.00869602 0.00869602 0.00869602 0.00869602
 0.04605756 0.00869602 0.00869602 0.00869602 0.00869602 0.00869602
 0.00869602 0.59580408 0.00869602 0.00869602 0.00869602 0.00869602
 0.00869602 0.00869602 0.00869602 0.00869602 0.00869602 0.00869602]
客户端选择掩码: [1.0, 1.0, 1.0, 0.0, 1.0, 1.0, 1.0, 1.0, 1.0, 0.0, 0.0, 1.0, 1.0, 0.0, 1.0, 1.0, 0.0, 1.0, 1.0, 1.0, 0.0, 0.0, 1.0, 0.0, 0.0, 1.0, 1.0, 1.0, 1.0, 1.0]
/mnt/data/user_liangzhiyu/envs/fedcsl/lib/python3.8/site-packages/sklearn/utils/validation.py:63: RuntimeWarning:  Orthogonal matching pursuit ended prematurely due to linear
dependence in the dictionary. The requested precision might not have been met.

  return f(*args, **kwargs)
稀疏向量: [-3.4483377   0.          0.          0.          0.          0.
  0.          0.          0.          0.          0.          0.23998795
  0.          0.          0.          0.          0.          0.
  0.          7.81215187  0.          0.         -3.63326984  0.
  0.          0.          0.          0.          0.          0.        ]
更新后概率: [0.16739325 0.00874579 0.00874579 0.00874579 0.00874579 0.00874579
 0.00874579 0.00874579 0.00874579 0.00874579 0.00874579 0.01174784
 0.00874579 0.00874579 0.00874579 0.00874579 0.00874579 0.00874579
 0.00874579 0.43712019 0.00874579 0.00874579 0.1563481  0.00874579
 0.00874579 0.00874579 0.00874579 0.00874579 0.00874579 0.00874579]
Classification: 1.0 0.9457074991516796 251
本轮采样概率阵: [0.16739325 0.00874579 0.00874579 0.00874579 0.00874579 0.00874579
 0.00874579 0.00874579 0.00874579 0.00874579 0.00874579 0.01174784
 0.00874579 0.00874579 0.00874579 0.00874579 0.00874579 0.00874579
 0.00874579 0.43712019 0.00874579 0.00874579 0.1563481  0.00874579
 0.00874579 0.00874579 0.00874579 0.00874579 0.00874579 0.00874579]
客户端选择掩码: [1.0, 1.0, 1.0, 1.0, 0.0, 1.0, 1.0, 0.0, 0.0, 0.0, 1.0, 1.0, 0.0, 1.0, 1.0, 1.0, 0.0, 0.0, 1.0, 1.0, 0.0, 1.0, 1.0, 1.0, 1.0, 1.0, 1.0, 1.0, 1.0, 0.0]
/mnt/data/user_liangzhiyu/envs/fedcsl/lib/python3.8/site-packages/sklearn/utils/validation.py:63: RuntimeWarning:  Orthogonal matching pursuit ended prematurely due to linear
dependence in the dictionary. The requested precision might not have been met.

  return f(*args, **kwargs)
稀疏向量: [0.04095241 0.         0.         0.         0.         0.
 0.         0.         0.         0.         0.         0.9590461
 0.         0.         0.         0.         0.         0.
 0.         0.         0.         0.         0.         0.
 0.         0.         0.         0.         0.         0.        ]
更新后概率: [0.05528352 0.00868393 0.00868393 0.00868393 0.00868393 0.00868393
 0.00868393 0.00868393 0.00868393 0.00868393 0.00868393 0.61586146
 0.00868393 0.00868393 0.00868393 0.00868393 0.00868393 0.00868393
 0.00868393 0.07591845 0.00868393 0.00868393 0.02715433 0.00868393
 0.00868393 0.00868393 0.00868393 0.00868393 0.00868393 0.00868393]
Classification: 0.999829960891005 0.9440108585001696 252
本轮采样概率阵: [0.05528352 0.00868393 0.00868393 0.00868393 0.00868393 0.00868393
 0.00868393 0.00868393 0.00868393 0.00868393 0.00868393 0.61586146
 0.00868393 0.00868393 0.00868393 0.00868393 0.00868393 0.00868393
 0.00868393 0.07591845 0.00868393 0.00868393 0.02715433 0.00868393
 0.00868393 0.00868393 0.00868393 0.00868393 0.00868393 0.00868393]
客户端选择掩码: [1.0, 1.0, 1.0, 0.0, 0.0, 0.0, 1.0, 1.0, 1.0, 1.0, 0.0, 1.0, 1.0, 1.0, 1.0, 0.0, 1.0, 0.0, 0.0, 1.0, 1.0, 1.0, 1.0, 1.0, 1.0, 0.0, 1.0, 0.0, 1.0, 1.0]
/mnt/data/user_liangzhiyu/envs/fedcsl/lib/python3.8/site-packages/sklearn/utils/validation.py:63: RuntimeWarning:  Orthogonal matching pursuit ended prematurely due to linear
dependence in the dictionary. The requested precision might not have been met.

  return f(*args, **kwargs)
稀疏向量: [-1.36612368  0.          0.          0.          0.          0.
  0.          0.          0.          0.          0.          3.91498262
 -1.54766865  0.          0.          0.          0.          0.
  0.          0.          0.          0.          0.          0.
  0.          0.          0.          0.          0.          0.        ]
更新后概率: [0.13807085 0.00870606 0.00870606 0.00870606 0.00870606 0.00870606
 0.00870606 0.00870606 0.00870606 0.00870606 0.00870606 0.47532657
 0.14702598 0.00870606 0.00870606 0.00870606 0.00870606 0.00870606
 0.00870606 0.01321901 0.00870606 0.00870606 0.00870606 0.00870606
 0.00870606 0.00870606 0.00870606 0.00870606 0.00870606 0.00870606]
Classification: 1.0 0.9457074991516796 253
本轮采样概率阵: [0.13807085 0.00870606 0.00870606 0.00870606 0.00870606 0.00870606
 0.00870606 0.00870606 0.00870606 0.00870606 0.00870606 0.47532657
 0.14702598 0.00870606 0.00870606 0.00870606 0.00870606 0.00870606
 0.00870606 0.01321901 0.00870606 0.00870606 0.00870606 0.00870606
 0.00870606 0.00870606 0.00870606 0.00870606 0.00870606 0.00870606]
客户端选择掩码: [1.0, 1.0, 1.0, 0.0, 1.0, 1.0, 1.0, 0.0, 1.0, 1.0, 0.0, 1.0, 1.0, 0.0, 1.0, 1.0, 0.0, 0.0, 1.0, 1.0, 1.0, 1.0, 0.0, 1.0, 0.0, 0.0, 1.0, 1.0, 1.0, 1.0]
/mnt/data/user_liangzhiyu/envs/fedcsl/lib/python3.8/site-packages/sklearn/utils/validation.py:63: RuntimeWarning:  Orthogonal matching pursuit ended prematurely due to linear
dependence in the dictionary. The requested precision might not have been met.

  return f(*args, **kwargs)
稀疏向量: [-4.42847535  0.          0.          0.          0.          0.
  0.          0.          0.          0.          0.         11.01470498
  0.          0.          0.          0.          0.          0.
  0.          0.          0.          0.         -5.55575726  0.
  0.          0.          0.          0.          0.          0.        ]
更新后概率: [0.20618101 0.00862514 0.00862514 0.00862514 0.00862514 0.00862514
 0.00862514 0.00862514 0.00862514 0.00862514 0.00862514 0.53557772
 0.0253624  0.00862514 0.00862514 0.00862514 0.00862514 0.00862514
 0.00862514 0.00862514 0.00862514 0.00862514 0.00862514 0.00862514
 0.00862514 0.00862514 0.00862514 0.00862514 0.00862514 0.00862514]
Classification: 1.0 0.9446895147607737 254
本轮采样概率阵: [0.20618101 0.00862514 0.00862514 0.00862514 0.00862514 0.00862514
 0.00862514 0.00862514 0.00862514 0.00862514 0.00862514 0.53557772
 0.0253624  0.00862514 0.00862514 0.00862514 0.00862514 0.00862514
 0.00862514 0.00862514 0.00862514 0.00862514 0.00862514 0.00862514
 0.00862514 0.00862514 0.00862514 0.00862514 0.00862514 0.00862514]
客户端选择掩码: [1.0, 1.0, 1.0, 1.0, 0.0, 1.0, 0.0, 0.0, 0.0, 1.0, 1.0, 1.0, 1.0, 1.0, 1.0, 1.0, 0.0, 1.0, 1.0, 1.0, 0.0, 0.0, 1.0, 1.0, 0.0, 1.0, 0.0, 1.0, 1.0, 1.0]
/mnt/data/user_liangzhiyu/envs/fedcsl/lib/python3.8/site-packages/sklearn/utils/validation.py:63: RuntimeWarning:  Orthogonal matching pursuit ended prematurely due to linear
dependence in the dictionary. The requested precision might not have been met.

  return f(*args, **kwargs)
稀疏向量: [-1.97148405  0.          0.          0.          0.17990526  0.
  0.          0.          0.          0.         -3.37150259  4.88182074
  0.          1.28240068  0.          0.          0.          0.
  0.          0.          0.          0.          0.          0.
  0.          0.          0.          0.          0.          0.        ]
更新后概率: [0.14582706 0.00869792 0.00869792 0.00869792 0.00869792 0.00869792
 0.00869792 0.00869792 0.00869792 0.00869792 0.18954707 0.36545333
 0.00869792 0.07302673 0.00869792 0.00869792 0.00869792 0.00869792
 0.00869792 0.00869792 0.00869792 0.00869792 0.00869792 0.00869792
 0.00869792 0.00869792 0.00869792 0.00869792 0.00869792 0.00869792]
Classification: 0.999829960891005 0.9443501866304717 255
本轮采样概率阵: [0.14582706 0.00869792 0.00869792 0.00869792 0.00869792 0.00869792
 0.00869792 0.00869792 0.00869792 0.00869792 0.18954707 0.36545333
 0.00869792 0.07302673 0.00869792 0.00869792 0.00869792 0.00869792
 0.00869792 0.00869792 0.00869792 0.00869792 0.00869792 0.00869792
 0.00869792 0.00869792 0.00869792 0.00869792 0.00869792 0.00869792]
客户端选择掩码: [1.0, 1.0, 0.0, 1.0, 1.0, 0.0, 1.0, 1.0, 0.0, 1.0, 1.0, 1.0, 0.0, 1.0, 1.0, 1.0, 1.0, 0.0, 0.0, 1.0, 0.0, 1.0, 0.0, 1.0, 0.0, 1.0, 1.0, 1.0, 1.0, 1.0]
/mnt/data/user_liangzhiyu/envs/fedcsl/lib/python3.8/site-packages/sklearn/utils/validation.py:63: RuntimeWarning:  Orthogonal matching pursuit ended prematurely due to linear
dependence in the dictionary. The requested precision might not have been met.

  return f(*args, **kwargs)
稀疏向量: [-1.41858039  0.          0.          0.         -2.025962    0.
  0.          0.          0.          0.          0.          0.
 -1.46277101  0.          0.          0.          0.          0.
  0.          0.          0.          0.          0.          0.
  0.          5.92068859  0.          0.          0.          0.        ]
更新后概率: [0.12403555 0.00880572 0.00880572 0.00880572 0.14199623 0.00880572
 0.00880572 0.00880572 0.00880572 0.00880572 0.03338198 0.06436162
 0.00880572 0.01286106 0.00880572 0.00880572 0.00880572 0.00880572
 0.00880572 0.00880572 0.00880572 0.00880572 0.00880572 0.00880572
 0.00880572 0.41202618 0.00880572 0.00880572 0.00880572 0.00880572]
Classification: 1.0 0.9446895147607737 256
本轮采样概率阵: [0.12403555 0.00880572 0.00880572 0.00880572 0.14199623 0.00880572
 0.00880572 0.00880572 0.00880572 0.00880572 0.03338198 0.06436162
 0.00880572 0.01286106 0.00880572 0.00880572 0.00880572 0.00880572
 0.00880572 0.00880572 0.00880572 0.00880572 0.00880572 0.00880572
 0.00880572 0.41202618 0.00880572 0.00880572 0.00880572 0.00880572]
客户端选择掩码: [1.0, 0.0, 0.0, 1.0, 1.0, 1.0, 0.0, 1.0, 1.0, 1.0, 1.0, 1.0, 1.0, 1.0, 1.0, 1.0, 0.0, 1.0, 1.0, 1.0, 1.0, 0.0, 1.0, 1.0, 0.0, 1.0, 1.0, 0.0, 0.0, 0.0]
/mnt/data/user_liangzhiyu/envs/fedcsl/lib/python3.8/site-packages/sklearn/utils/validation.py:63: RuntimeWarning:  Orthogonal matching pursuit ended prematurely due to linear
dependence in the dictionary. The requested precision might not have been met.

  return f(*args, **kwargs)
稀疏向量: [0.03275325 0.         0.         0.96949906 0.         0.
 0.         0.         0.         0.         0.         0.
 0.         0.         0.         0.         0.         0.
 0.         0.         0.         0.         0.         0.
 0.         0.         0.         0.         0.         0.        ]
更新后概率: [0.04299526 0.00879628 0.00879628 0.628308   0.02498079 0.00879628
 0.00879628 0.00879628 0.00879628 0.00879628 0.00879628 0.01132287
 0.00879628 0.00879628 0.00879628 0.00879628 0.00879628 0.00879628
 0.00879628 0.00879628 0.00879628 0.00879628 0.00879628 0.00879628
 0.00879628 0.07248599 0.00879628 0.00879628 0.00879628 0.00879628]
Classification: 0.999829960891005 0.9446895147607737 257
本轮采样概率阵: [0.04299526 0.00879628 0.00879628 0.628308   0.02498079 0.00879628
 0.00879628 0.00879628 0.00879628 0.00879628 0.00879628 0.01132287
 0.00879628 0.00879628 0.00879628 0.00879628 0.00879628 0.00879628
 0.00879628 0.00879628 0.00879628 0.00879628 0.00879628 0.00879628
 0.00879628 0.07248599 0.00879628 0.00879628 0.00879628 0.00879628]
客户端选择掩码: [1.0, 1.0, 0.0, 1.0, 1.0, 0.0, 1.0, 0.0, 0.0, 1.0, 1.0, 1.0, 0.0, 1.0, 0.0, 1.0, 1.0, 1.0, 1.0, 1.0, 1.0, 1.0, 1.0, 1.0, 0.0, 1.0, 0.0, 1.0, 1.0, 0.0]
/mnt/data/user_liangzhiyu/envs/fedcsl/lib/python3.8/site-packages/sklearn/utils/validation.py:63: RuntimeWarning:  Orthogonal matching pursuit ended prematurely due to linear
dependence in the dictionary. The requested precision might not have been met.

  return f(*args, **kwargs)
稀疏向量: [0.         0.         0.         0.         0.         0.
 0.         0.         0.         0.         0.         0.
 0.         0.         0.         0.29116217 0.         0.
 0.         0.         0.         0.         0.25341549 0.
 0.45497715 0.         0.         0.         0.         0.        ]
更新后概率: [0.00876928 0.00876928 0.00876928 0.11019625 0.00876928 0.00876928
 0.00876928 0.00876928 0.00876928 0.00876928 0.00876928 0.00876928
 0.00876928 0.00876928 0.00876928 0.34693311 0.00876928 0.00876928
 0.00876928 0.00876928 0.00876928 0.00876928 0.30215622 0.00876928
 0.00876928 0.01271302 0.00876928 0.00876928 0.00876928 0.00876928]
Classification: 0.9775548376126509 0.9443501866304717 258
本轮采样概率阵: [0.00876928 0.00876928 0.00876928 0.11019625 0.00876928 0.00876928
 0.00876928 0.00876928 0.00876928 0.00876928 0.00876928 0.00876928
 0.00876928 0.00876928 0.00876928 0.34693311 0.00876928 0.00876928
 0.00876928 0.00876928 0.00876928 0.00876928 0.30215622 0.00876928
 0.00876928 0.01271302 0.00876928 0.00876928 0.00876928 0.00876928]
客户端选择掩码: [0.0, 0.0, 1.0, 1.0, 1.0, 1.0, 1.0, 1.0, 0.0, 0.0, 1.0, 1.0, 0.0, 0.0, 1.0, 1.0, 1.0, 1.0, 0.0, 1.0, 1.0, 1.0, 1.0, 1.0, 1.0, 0.0, 1.0, 1.0, 1.0, 0.0]
/mnt/data/user_liangzhiyu/envs/fedcsl/lib/python3.8/site-packages/sklearn/utils/validation.py:63: RuntimeWarning:  Orthogonal matching pursuit ended prematurely due to linear
dependence in the dictionary. The requested precision might not have been met.

  return f(*args, **kwargs)
稀疏向量: [-0.12508688  0.          0.          0.         -0.12223964  0.
  0.          0.          0.          0.          0.          0.42335378
  0.          0.          0.          0.          0.          0.
  0.          0.          0.          0.          0.          0.
  0.          0.          0.          0.          0.          0.82577843]
更新后概率: [0.00875823 0.00875823 0.00875823 0.01930248 0.14550908 0.00875823
 0.00875823 0.00875823 0.00875823 0.00875823 0.00875823 0.50015924
 0.00875823 0.00875823 0.00875823 0.06077038 0.00875823 0.00875823
 0.00875823 0.00875823 0.00875823 0.00875823 0.05292706 0.00875823
 0.00875823 0.01113435 0.00875823 0.00875823 0.00875823 0.00875823]
Classification: 1.0 0.9443501866304717 259
本轮采样概率阵: [0.00875823 0.00875823 0.00875823 0.01930248 0.14550908 0.00875823
 0.00875823 0.00875823 0.00875823 0.00875823 0.00875823 0.50015924
 0.00875823 0.00875823 0.00875823 0.06077038 0.00875823 0.00875823
 0.00875823 0.00875823 0.00875823 0.00875823 0.05292706 0.00875823
 0.00875823 0.01113435 0.00875823 0.00875823 0.00875823 0.00875823]
客户端选择掩码: [1.0, 1.0, 0.0, 1.0, 1.0, 0.0, 0.0, 1.0, 1.0, 1.0, 1.0, 1.0, 1.0, 1.0, 1.0, 1.0, 1.0, 0.0, 0.0, 1.0, 0.0, 1.0, 1.0, 1.0, 0.0, 1.0, 1.0, 0.0, 0.0, 1.0]
/mnt/data/user_liangzhiyu/envs/fedcsl/lib/python3.8/site-packages/sklearn/utils/validation.py:63: RuntimeWarning:  Orthogonal matching pursuit ended prematurely due to linear
dependence in the dictionary. The requested precision might not have been met.

  return f(*args, **kwargs)
稀疏向量: [-0.70941788  0.          0.          0.         -0.69173964  0.
  0.          0.          0.          2.48120061  0.          0.
  0.          1.14121232  0.          0.          0.          0.
  0.          0.          0.          0.         -1.20872901  0.
  0.          0.          0.          0.          0.          0.        ]
更新后概率: [0.07618488 0.00889625 0.00889625 0.00889625 0.09865663 0.00889625
 0.00889625 0.00889625 0.00889625 0.26256595 0.00889625 0.08899086
 0.00889625 0.1216071  0.00889625 0.01081257 0.00889625 0.00889625
 0.00889625 0.00889625 0.00889625 0.00889625 0.1365682  0.00889625
 0.00889625 0.00889625 0.00889625 0.00889625 0.00889625 0.00889625]
Classification: 1.0 0.9450288428910757 260
本轮采样概率阵: [0.07618488 0.00889625 0.00889625 0.00889625 0.09865663 0.00889625
 0.00889625 0.00889625 0.00889625 0.26256595 0.00889625 0.08899086
 0.00889625 0.1216071  0.00889625 0.01081257 0.00889625 0.00889625
 0.00889625 0.00889625 0.00889625 0.00889625 0.1365682  0.00889625
 0.00889625 0.00889625 0.00889625 0.00889625 0.00889625 0.00889625]
客户端选择掩码: [1.0, 1.0, 1.0, 0.0, 1.0, 1.0, 0.0, 0.0, 1.0, 1.0, 0.0, 1.0, 1.0, 1.0, 1.0, 1.0, 0.0, 1.0, 1.0, 0.0, 1.0, 1.0, 1.0, 0.0, 0.0, 1.0, 1.0, 0.0, 1.0, 1.0]
/mnt/data/user_liangzhiyu/envs/fedcsl/lib/python3.8/site-packages/sklearn/utils/validation.py:63: RuntimeWarning:  Orthogonal matching pursuit ended prematurely due to linear
dependence in the dictionary. The requested precision might not have been met.

  return f(*args, **kwargs)
稀疏向量: [-0.40959816  0.          0.          0.          0.15190152  0.
  0.          0.          0.          0.          0.          0.
  0.          0.44199813  0.          0.81676941  0.          0.
  0.          0.          0.          0.          0.          0.
  0.          0.          0.          0.          0.          0.        ]
更新后概率: [0.16074358 0.0088887  0.0088887  0.0088887  0.07212839 0.0088887
 0.0088887  0.0088887  0.0088887  0.04667739 0.0088887  0.01582026
 0.0088887  0.18046225 0.0088887  0.2954498  0.0088887  0.0088887
 0.0088887  0.0088887  0.0088887  0.0088887  0.02427827 0.0088887
 0.0088887  0.0088887  0.0088887  0.0088887  0.0088887  0.0088887 ]
Classification: 0.999829960891005 0.9450288428910757 261
本轮采样概率阵: [0.16074358 0.0088887  0.0088887  0.0088887  0.07212839 0.0088887
 0.0088887  0.0088887  0.0088887  0.04667739 0.0088887  0.01582026
 0.0088887  0.18046225 0.0088887  0.2954498  0.0088887  0.0088887
 0.0088887  0.0088887  0.0088887  0.0088887  0.02427827 0.0088887
 0.0088887  0.0088887  0.0088887  0.0088887  0.0088887  0.0088887 ]
客户端选择掩码: [1.0, 1.0, 1.0, 1.0, 1.0, 0.0, 1.0, 1.0, 1.0, 1.0, 0.0, 1.0, 0.0, 1.0, 0.0, 1.0, 1.0, 0.0, 0.0, 0.0, 1.0, 1.0, 1.0, 1.0, 1.0, 0.0, 1.0, 1.0, 0.0, 1.0]
/mnt/data/user_liangzhiyu/envs/fedcsl/lib/python3.8/site-packages/sklearn/utils/validation.py:63: RuntimeWarning:  Orthogonal matching pursuit ended prematurely due to linear
dependence in the dictionary. The requested precision might not have been met.

  return f(*args, **kwargs)
稀疏向量: [-1.4550443   0.          0.          0.          0.          0.
  2.61488247  0.          0.          0.59443381  0.          0.
 -0.76426652  0.          0.          0.          0.          0.
  0.          0.          0.          0.          0.          0.
  0.          0.          0.          0.          0.          0.        ]
更新后概率: [0.23186332 0.00885841 0.00885841 0.00885841 0.01277885 0.00885841
 0.36708054 0.00885841 0.00885841 0.09135913 0.00885841 0.00885841
 0.00885841 0.03197216 0.00885841 0.05234428 0.00885841 0.00885841
 0.00885841 0.00885841 0.00885841 0.00885841 0.00885841 0.00885841
 0.00885841 0.00885841 0.00885841 0.00885841 0.00885841 0.00885841]
Classification: 0.9780649549396361 0.9443501866304717 262
本轮采样概率阵: [0.23186332 0.00885841 0.00885841 0.00885841 0.01277885 0.00885841
 0.36708054 0.00885841 0.00885841 0.09135913 0.00885841 0.00885841
 0.00885841 0.03197216 0.00885841 0.05234428 0.00885841 0.00885841
 0.00885841 0.00885841 0.00885841 0.00885841 0.00885841 0.00885841
 0.00885841 0.00885841 0.00885841 0.00885841 0.00885841 0.00885841]
客户端选择掩码: [1.0, 0.0, 1.0, 1.0, 1.0, 1.0, 1.0, 1.0, 1.0, 1.0, 1.0, 1.0, 1.0, 1.0, 0.0, 1.0, 0.0, 0.0, 0.0, 1.0, 0.0, 1.0, 1.0, 0.0, 0.0, 1.0, 1.0, 1.0, 0.0, 1.0]
/mnt/data/user_liangzhiyu/envs/fedcsl/lib/python3.8/site-packages/sklearn/utils/validation.py:63: RuntimeWarning:  Orthogonal matching pursuit ended prematurely due to linear
dependence in the dictionary. The requested precision might not have been met.

  return f(*args, **kwargs)
稀疏向量: [ 0.07372023  0.          0.          0.         -0.28303326  0.
  0.          0.          0.          0.          0.          0.
  0.          0.          0.          0.          0.          0.
  0.          0.          0.          0.          0.          0.
  0.          1.21185039  0.          0.          0.          0.        ]
更新后概率: [0.07171617 0.0088568  0.0088568  0.0088568  0.11991799 0.0088568
 0.06502316 0.0088568  0.0088568  0.01618299 0.0088568  0.0088568
 0.0088568  0.0088568  0.0088568  0.00927206 0.0088568  0.0088568
 0.0088568  0.0088568  0.0088568  0.0088568  0.0088568  0.0088568
 0.0088568  0.5053245  0.0088568  0.0088568  0.0088568  0.0088568 ]
Classification: 0.999829960891005 0.9443501866304717 263
本轮采样概率阵: [0.07171617 0.0088568  0.0088568  0.0088568  0.11991799 0.0088568
 0.06502316 0.0088568  0.0088568  0.01618299 0.0088568  0.0088568
 0.0088568  0.0088568  0.0088568  0.00927206 0.0088568  0.0088568
 0.0088568  0.0088568  0.0088568  0.0088568  0.0088568  0.0088568
 0.0088568  0.5053245  0.0088568  0.0088568  0.0088568  0.0088568 ]
客户端选择掩码: [1.0, 1.0, 1.0, 1.0, 1.0, 1.0, 1.0, 0.0, 0.0, 0.0, 1.0, 1.0, 0.0, 1.0, 0.0, 1.0, 0.0, 0.0, 0.0, 1.0, 1.0, 1.0, 1.0, 1.0, 1.0, 1.0, 1.0, 0.0, 1.0, 1.0]
/mnt/data/user_liangzhiyu/envs/fedcsl/lib/python3.8/site-packages/sklearn/utils/validation.py:63: RuntimeWarning:  Orthogonal matching pursuit ended prematurely due to linear
dependence in the dictionary. The requested precision might not have been met.

  return f(*args, **kwargs)
稀疏向量: [ 0.04147365  0.          0.          0.         -0.14729302  0.
  0.          0.          0.          0.          0.          0.
  0.          0.          0.          0.          0.          0.
  0.          0.          0.          0.          0.          0.
  0.          0.          0.          0.          0.          1.10821182]
更新后概率: [0.03304785 0.00876639 0.00876639 0.00876639 0.09373811 0.00876639
 0.01140037 0.00876639 0.00876639 0.01418664 0.00876639 0.00876639
 0.00876639 0.00876639 0.00876639 0.00876639 0.00876639 0.00876639
 0.00876639 0.00876639 0.00876639 0.00876639 0.00876639 0.00876639
 0.00876639 0.08859741 0.00876639 0.00876639 0.00876639 0.54863632]
Classification: 1.0 0.9450288428910757 264
本轮采样概率阵: [0.03304785 0.00876639 0.00876639 0.00876639 0.09373811 0.00876639
 0.01140037 0.00876639 0.00876639 0.01418664 0.00876639 0.00876639
 0.00876639 0.00876639 0.00876639 0.00876639 0.00876639 0.00876639
 0.00876639 0.00876639 0.00876639 0.00876639 0.00876639 0.00876639
 0.00876639 0.08859741 0.00876639 0.00876639 0.00876639 0.54863632]
客户端选择掩码: [1.0, 0.0, 1.0, 1.0, 1.0, 1.0, 1.0, 1.0, 1.0, 1.0, 1.0, 0.0, 0.0, 1.0, 1.0, 0.0, 1.0, 0.0, 1.0, 1.0, 1.0, 0.0, 1.0, 0.0, 0.0, 1.0, 0.0, 1.0, 1.0, 1.0]
/mnt/data/user_liangzhiyu/envs/fedcsl/lib/python3.8/site-packages/sklearn/utils/validation.py:63: RuntimeWarning:  Orthogonal matching pursuit ended prematurely due to linear
dependence in the dictionary. The requested precision might not have been met.

  return f(*args, **kwargs)
稀疏向量: [ 0.09722736  0.          0.          0.         -0.20907518  1.1100198
  0.          0.          0.          0.          0.          0.
  0.          0.          0.          0.          0.          0.
  0.          0.          0.          0.          0.          0.
  0.          0.          0.          0.          0.          0.        ]
更新后概率: [0.05010768 0.00876087 0.00876087 0.00876087 0.11172293 0.5074932
 0.00876087 0.00876087 0.00876087 0.00876087 0.00876087 0.00876087
 0.00876087 0.00876087 0.00876087 0.00876087 0.00876087 0.00876087
 0.00876087 0.00876087 0.00876087 0.00876087 0.00876087 0.00876087
 0.00876087 0.01552381 0.00876087 0.00876087 0.00876087 0.09613063]
Classification: 0.9773847985036559 0.9440108585001696 265
本轮采样概率阵: [0.05010768 0.00876087 0.00876087 0.00876087 0.11172293 0.5074932
 0.00876087 0.00876087 0.00876087 0.00876087 0.00876087 0.00876087
 0.00876087 0.00876087 0.00876087 0.00876087 0.00876087 0.00876087
 0.00876087 0.00876087 0.00876087 0.00876087 0.00876087 0.00876087
 0.00876087 0.01552381 0.00876087 0.00876087 0.00876087 0.09613063]
客户端选择掩码: [1.0, 0.0, 1.0, 1.0, 1.0, 1.0, 1.0, 0.0, 0.0, 1.0, 0.0, 0.0, 1.0, 1.0, 1.0, 1.0, 1.0, 0.0, 1.0, 1.0, 0.0, 0.0, 0.0, 1.0, 1.0, 1.0, 1.0, 1.0, 1.0, 1.0]
/mnt/data/user_liangzhiyu/envs/fedcsl/lib/python3.8/site-packages/sklearn/utils/validation.py:63: RuntimeWarning:  Orthogonal matching pursuit ended prematurely due to linear
dependence in the dictionary. The requested precision might not have been met.

  return f(*args, **kwargs)
稀疏向量: [0.18699179 0.         0.         0.         0.         0.
 0.         0.         0.         0.         0.         0.12385408
 0.         0.         0.         0.         0.         0.
 0.42588328 0.         0.         0.26184647 0.         0.
 0.         0.         0.         0.         0.         0.        ]
更新后概率: [0.20569969 0.00875837 0.00875837 0.00875837 0.01957023 0.0888963
 0.00875837 0.00875837 0.00875837 0.00875837 0.00875837 0.00875837
 0.00875837 0.00875837 0.00875837 0.00875837 0.00875837 0.00875837
 0.45003549 0.00875837 0.00875837 0.00875837 0.00875837 0.00875837
 0.00875837 0.00875837 0.00875837 0.00875837 0.00875837 0.01683897]
Classification: 0.9784050331576263 0.9446895147607737 266
本轮采样概率阵: [0.20569969 0.00875837 0.00875837 0.00875837 0.01957023 0.0888963
 0.00875837 0.00875837 0.00875837 0.00875837 0.00875837 0.00875837
 0.00875837 0.00875837 0.00875837 0.00875837 0.00875837 0.00875837
 0.45003549 0.00875837 0.00875837 0.00875837 0.00875837 0.00875837
 0.00875837 0.00875837 0.00875837 0.00875837 0.00875837 0.01683897]
客户端选择掩码: [1.0, 0.0, 1.0, 1.0, 1.0, 1.0, 1.0, 0.0, 1.0, 1.0, 0.0, 0.0, 1.0, 1.0, 0.0, 0.0, 1.0, 0.0, 1.0, 1.0, 1.0, 1.0, 1.0, 1.0, 1.0, 0.0, 0.0, 1.0, 1.0, 1.0]
/mnt/data/user_liangzhiyu/envs/fedcsl/lib/python3.8/site-packages/sklearn/utils/validation.py:63: RuntimeWarning:  Orthogonal matching pursuit ended prematurely due to linear
dependence in the dictionary. The requested precision might not have been met.

  return f(*args, **kwargs)
稀疏向量: [ 0.21131967  0.          0.          0.          0.04206178  0.48639204
  0.          0.          0.          0.          0.          0.
  0.26857815 -0.00925626  0.          0.          0.          0.
  0.          0.          0.          0.          0.          0.
  0.          0.          0.          0.          0.          0.        ]
更新后概率: [0.1711053  0.00881191 0.00881191 0.00881191 0.03029065 0.32605691
 0.00881191 0.00881191 0.00881191 0.00881191 0.00881191 0.00881191
 0.1729361  0.00881191 0.00881191 0.00881191 0.00881191 0.00881191
 0.07931341 0.00881191 0.00881191 0.00881191 0.00881191 0.00881191
 0.00881191 0.00881191 0.00881191 0.00881191 0.00881191 0.00881191]
Classification: 0.9775548376126509 0.9440108585001696 267
本轮采样概率阵: [0.1711053  0.00881191 0.00881191 0.00881191 0.03029065 0.32605691
 0.00881191 0.00881191 0.00881191 0.00881191 0.00881191 0.00881191
 0.1729361  0.00881191 0.00881191 0.00881191 0.00881191 0.00881191
 0.07931341 0.00881191 0.00881191 0.00881191 0.00881191 0.00881191
 0.00881191 0.00881191 0.00881191 0.00881191 0.00881191 0.00881191]
客户端选择掩码: [1.0, 1.0, 1.0, 0.0, 1.0, 1.0, 1.0, 1.0, 0.0, 1.0, 0.0, 1.0, 1.0, 1.0, 0.0, 1.0, 1.0, 1.0, 1.0, 1.0, 0.0, 0.0, 1.0, 1.0, 1.0, 0.0, 1.0, 0.0, 1.0, 0.0]
/mnt/data/user_liangzhiyu/envs/fedcsl/lib/python3.8/site-packages/sklearn/utils/validation.py:63: RuntimeWarning:  Orthogonal matching pursuit ended prematurely due to linear
dependence in the dictionary. The requested precision might not have been met.

  return f(*args, **kwargs)
稀疏向量: [0.01363514 0.         0.         0.         0.         0.
 0.         0.         0.         0.         0.         0.98636413
 0.         0.         0.         0.         0.         0.
 0.         0.         0.         0.         0.         0.
 0.         0.         0.         0.         0.         0.        ]
更新后概率: [0.03888959 0.00878581 0.00878581 0.00878581 0.00878581 0.05729349
 0.00878581 0.00878581 0.00878581 0.00878581 0.00878581 0.63984731
 0.03038768 0.00878581 0.00878581 0.00878581 0.00878581 0.00878581
 0.01393666 0.00878581 0.00878581 0.00878581 0.00878581 0.00878581
 0.00878581 0.00878581 0.00878581 0.00878581 0.00878581 0.00878581]
Classification: 0.999829960891005 0.9457074991516796 268
本轮采样概率阵: [0.03888959 0.00878581 0.00878581 0.00878581 0.00878581 0.05729349
 0.00878581 0.00878581 0.00878581 0.00878581 0.00878581 0.63984731
 0.03038768 0.00878581 0.00878581 0.00878581 0.00878581 0.00878581
 0.01393666 0.00878581 0.00878581 0.00878581 0.00878581 0.00878581
 0.00878581 0.00878581 0.00878581 0.00878581 0.00878581 0.00878581]
客户端选择掩码: [1.0, 0.0, 0.0, 1.0, 1.0, 1.0, 1.0, 0.0, 0.0, 0.0, 0.0, 1.0, 1.0, 1.0, 0.0, 1.0, 1.0, 1.0, 1.0, 1.0, 1.0, 1.0, 1.0, 1.0, 1.0, 1.0, 0.0, 0.0, 1.0, 1.0]
/mnt/data/user_liangzhiyu/envs/fedcsl/lib/python3.8/site-packages/sklearn/utils/validation.py:63: RuntimeWarning:  Orthogonal matching pursuit ended prematurely due to linear
dependence in the dictionary. The requested precision might not have been met.

  return f(*args, **kwargs)
稀疏向量: [-0.01879415  0.          0.          1.02106281  0.          0.
  0.          0.          0.          0.          0.          0.
  0.          0.          0.          0.          0.          0.
  0.          0.          0.          0.          0.          0.
  0.          0.          0.          0.          0.          0.        ]
更新后概率: [0.01841104 0.00872825 0.00872825 0.63295813 0.00872825 0.01000144
 0.00872825 0.00872825 0.00872825 0.00872825 0.00872825 0.11169493
 0.00872825 0.00872825 0.00872825 0.00872825 0.00872825 0.00872825
 0.00872825 0.00872825 0.00872825 0.00872825 0.00872825 0.00872825
 0.00872825 0.00872825 0.00872825 0.00872825 0.00872825 0.00872825]
Classification: 0.977724876721646 0.9433322022395657 269
本轮采样概率阵: [0.01841104 0.00872825 0.00872825 0.63295813 0.00872825 0.01000144
 0.00872825 0.00872825 0.00872825 0.00872825 0.00872825 0.11169493
 0.00872825 0.00872825 0.00872825 0.00872825 0.00872825 0.00872825
 0.00872825 0.00872825 0.00872825 0.00872825 0.00872825 0.00872825
 0.00872825 0.00872825 0.00872825 0.00872825 0.00872825 0.00872825]
客户端选择掩码: [0.0, 1.0, 1.0, 1.0, 1.0, 1.0, 1.0, 1.0, 0.0, 0.0, 1.0, 1.0, 1.0, 0.0, 1.0, 0.0, 1.0, 1.0, 1.0, 1.0, 0.0, 1.0, 1.0, 1.0, 0.0, 0.0, 1.0, 1.0, 1.0, 0.0]
/mnt/data/user_liangzhiyu/envs/fedcsl/lib/python3.8/site-packages/sklearn/utils/validation.py:63: RuntimeWarning:  Orthogonal matching pursuit ended prematurely due to linear
dependence in the dictionary. The requested precision might not have been met.

  return f(*args, **kwargs)
稀疏向量: [-0.12287149  0.          0.          0.          0.14141261  0.
  0.          0.          0.          0.          0.          0.
  0.          0.          0.          0.          0.          0.65573531
  0.          0.          0.          0.          0.          0.
  0.          0.          0.32727576  0.          0.          0.        ]
更新后概率: [0.01612191 0.00875665 0.00875665 0.1108519  0.08185683 0.00875665
 0.00875665 0.00875665 0.00875665 0.00875665 0.00875665 0.01956148
 0.00875665 0.00875665 0.00875665 0.00875665 0.00875665 0.37401343
 0.00875665 0.00875665 0.00875665 0.00875665 0.00875665 0.00875665
 0.00875665 0.00875665 0.1874348  0.00875665 0.00875665 0.00875665]
Classification: 0.977724876721646 0.9440108585001696 270
本轮采样概率阵: [0.01612191 0.00875665 0.00875665 0.1108519  0.08185683 0.00875665
 0.00875665 0.00875665 0.00875665 0.00875665 0.00875665 0.01956148
 0.00875665 0.00875665 0.00875665 0.00875665 0.00875665 0.37401343
 0.00875665 0.00875665 0.00875665 0.00875665 0.00875665 0.00875665
 0.00875665 0.00875665 0.1874348  0.00875665 0.00875665 0.00875665]
客户端选择掩码: [1.0, 1.0, 1.0, 1.0, 1.0, 0.0, 0.0, 1.0, 0.0, 1.0, 0.0, 1.0, 0.0, 0.0, 1.0, 1.0, 1.0, 1.0, 1.0, 1.0, 1.0, 1.0, 0.0, 1.0, 1.0, 0.0, 1.0, 1.0, 0.0, 1.0]
/mnt/data/user_liangzhiyu/envs/fedcsl/lib/python3.8/site-packages/sklearn/utils/validation.py:63: RuntimeWarning:  Orthogonal matching pursuit ended prematurely due to linear
dependence in the dictionary. The requested precision might not have been met.

  return f(*args, **kwargs)
稀疏向量: [-1.25446774  0.          0.          0.         -1.0379361   0.
  0.          0.          0.          5.15556576  0.          0.
  2.4896401   0.          0.          0.          0.          0.
  0.          0.          0.          0.         -4.321782    0.
  0.          0.          0.          0.          0.          0.        ]
更新后概率: [0.11242446 0.008828   0.008828   0.01957202 0.10511654 0.008828
 0.008828   0.008828   0.008828   0.45188563 0.008828   0.008828
 0.008828   0.008828   0.008828   0.008828   0.008828   0.06603582
 0.008828   0.008828   0.008828   0.008828   0.008828   0.008828
 0.008828   0.008828   0.03309349 0.008828   0.008828   0.008828  ]
Classification: 0.9782349940486312 0.9450288428910757 271
本轮采样概率阵: [0.11242446 0.008828   0.008828   0.01957202 0.10511654 0.008828
 0.008828   0.008828   0.008828   0.45188563 0.008828   0.008828
 0.008828   0.008828   0.008828   0.008828   0.008828   0.06603582
 0.008828   0.008828   0.008828   0.008828   0.008828   0.008828
 0.008828   0.008828   0.03309349 0.008828   0.008828   0.008828  ]
客户端选择掩码: [1.0, 1.0, 0.0, 1.0, 1.0, 1.0, 1.0, 0.0, 0.0, 1.0, 1.0, 1.0, 1.0, 0.0, 0.0, 0.0, 1.0, 1.0, 1.0, 0.0, 0.0, 1.0, 1.0, 1.0, 1.0, 1.0, 1.0, 1.0, 1.0, 0.0]
/mnt/data/user_liangzhiyu/envs/fedcsl/lib/python3.8/site-packages/sklearn/utils/validation.py:63: RuntimeWarning:  Orthogonal matching pursuit ended prematurely due to linear
dependence in the dictionary. The requested precision might not have been met.

  return f(*args, **kwargs)
稀疏向量: [0.0342196  0.         0.         0.33119027 0.         0.
 0.         0.         0.         0.         0.         0.
 0.         0.         0.         0.         0.         0.
 0.         0.         0.63530796 0.         0.         0.
 0.         0.         0.         0.         0.         0.        ]
更新后概率: [0.0803997  0.00879163 0.00879163 0.59025895 0.01848294 0.00879163
 0.00879163 0.00879163 0.00879163 0.07945628 0.00879163 0.00879163
 0.00879163 0.00879163 0.00879163 0.00879163 0.00879163 0.01161127
 0.00879163 0.00879163 0.00879163 0.00879163 0.00879163 0.00879163
 0.00879163 0.00879163 0.00879163 0.00879163 0.00879163 0.00879163]
Classification: 0.9775548376126509 0.9440108585001696 272
本轮采样概率阵: [0.0803997  0.00879163 0.00879163 0.59025895 0.01848294 0.00879163
 0.00879163 0.00879163 0.00879163 0.07945628 0.00879163 0.00879163
 0.00879163 0.00879163 0.00879163 0.00879163 0.00879163 0.01161127
 0.00879163 0.00879163 0.00879163 0.00879163 0.00879163 0.00879163
 0.00879163 0.00879163 0.00879163 0.00879163 0.00879163 0.00879163]
客户端选择掩码: [1.0, 0.0, 1.0, 1.0, 1.0, 1.0, 1.0, 1.0, 1.0, 1.0, 1.0, 1.0, 0.0, 1.0, 1.0, 1.0, 1.0, 0.0, 0.0, 0.0, 1.0, 0.0, 0.0, 1.0, 1.0, 0.0, 1.0, 1.0, 0.0, 1.0]
/mnt/data/user_liangzhiyu/envs/fedcsl/lib/python3.8/site-packages/sklearn/utils/validation.py:63: RuntimeWarning:  Orthogonal matching pursuit ended prematurely due to linear
dependence in the dictionary. The requested precision might not have been met.

  return f(*args, **kwargs)
稀疏向量: [-0.47755063  0.          0.          0.          0.          0.
  0.          0.          0.          0.          0.          2.01358489
 -0.5356517   0.          0.          0.          0.          0.
  0.          0.          0.          0.          0.          0.
  0.          0.          0.          0.          0.          0.        ]
更新后概率: [0.13666829 0.00871204 0.00871204 0.10284717 0.00871204 0.00871204
 0.00871204 0.00871204 0.00871204 0.01384453 0.00871204 0.51872328
 0.00871204 0.00871204 0.00871204 0.00871204 0.00871204 0.01011579
 0.00871204 0.00871204 0.00871204 0.00871204 0.00871204 0.00871204
 0.00871204 0.00871204 0.00871204 0.00871204 0.00871204 0.00871204]
Classification: 0.977724876721646 0.9443501866304717 273
本轮采样概率阵: [0.13666829 0.00871204 0.00871204 0.10284717 0.00871204 0.00871204
 0.00871204 0.00871204 0.00871204 0.01384453 0.00871204 0.51872328
 0.00871204 0.00871204 0.00871204 0.00871204 0.00871204 0.01011579
 0.00871204 0.00871204 0.00871204 0.00871204 0.00871204 0.00871204
 0.00871204 0.00871204 0.00871204 0.00871204 0.00871204 0.00871204]
客户端选择掩码: [1.0, 0.0, 0.0, 1.0, 0.0, 0.0, 1.0, 1.0, 1.0, 1.0, 1.0, 1.0, 0.0, 1.0, 0.0, 1.0, 1.0, 1.0, 1.0, 1.0, 1.0, 0.0, 1.0, 1.0, 1.0, 1.0, 0.0, 1.0, 1.0, 0.0]
/mnt/data/user_liangzhiyu/envs/fedcsl/lib/python3.8/site-packages/sklearn/utils/validation.py:63: RuntimeWarning:  Orthogonal matching pursuit ended prematurely due to linear
dependence in the dictionary. The requested precision might not have been met.

  return f(*args, **kwargs)
稀疏向量: [-0.05401223  0.          0.          0.          0.          0.
  0.          0.          0.          0.          0.          1.05400795
  0.          0.          0.          0.          0.          0.
  0.          0.          0.          0.          0.          0.
  0.          0.          0.          0.          0.          0.        ]
更新后概率: [0.05459667 0.00862872 0.00862872 0.01774879 0.00862872 0.00862872
 0.00862872 0.00862872 0.00862872 0.00862872 0.00862872 0.6946792
 0.00862872 0.00862872 0.00862872 0.00862872 0.00862872 0.00862872
 0.00862872 0.00862872 0.00862872 0.00862872 0.00862872 0.00862872
 0.00862872 0.00862872 0.00862872 0.00862872 0.00862872 0.00862872]
Classification: 0.977894915830641 0.9440108585001696 274
本轮采样概率阵: [0.05459667 0.00862872 0.00862872 0.01774879 0.00862872 0.00862872
 0.00862872 0.00862872 0.00862872 0.00862872 0.00862872 0.6946792
 0.00862872 0.00862872 0.00862872 0.00862872 0.00862872 0.00862872
 0.00862872 0.00862872 0.00862872 0.00862872 0.00862872 0.00862872
 0.00862872 0.00862872 0.00862872 0.00862872 0.00862872 0.00862872]
客户端选择掩码: [1.0, 1.0, 1.0, 1.0, 1.0, 0.0, 0.0, 0.0, 1.0, 0.0, 1.0, 1.0, 0.0, 1.0, 1.0, 1.0, 1.0, 0.0, 0.0, 1.0, 1.0, 1.0, 0.0, 1.0, 0.0, 1.0, 1.0, 1.0, 1.0, 1.0]
/mnt/data/user_liangzhiyu/envs/fedcsl/lib/python3.8/site-packages/sklearn/utils/validation.py:63: RuntimeWarning:  Orthogonal matching pursuit ended prematurely due to linear
dependence in the dictionary. The requested precision might not have been met.

  return f(*args, **kwargs)
稀疏向量: [-0.58756941  0.          0.          0.          0.02901387  0.
  0.          0.          0.          0.          0.          0.20619024
  0.          0.          0.          0.          0.          0.
  0.          0.          0.          0.          0.          1.346529
  0.          0.          0.          0.          0.          0.        ]
更新后概率: [0.18309649 0.00868674 0.00868674 0.00868674 0.01007194 0.00868674
 0.00868674 0.00868674 0.00868674 0.00868674 0.00868674 0.18161369
 0.00868674 0.00868674 0.00868674 0.00868674 0.00868674 0.00868674
 0.00868674 0.00868674 0.00868674 0.00868674 0.00868674 0.39936265
 0.00868674 0.00868674 0.00868674 0.00868674 0.00868674 0.00868674]
Classification: 0.977724876721646 0.9450288428910757 275
本轮采样概率阵: [0.18309649 0.00868674 0.00868674 0.00868674 0.01007194 0.00868674
 0.00868674 0.00868674 0.00868674 0.00868674 0.00868674 0.18161369
 0.00868674 0.00868674 0.00868674 0.00868674 0.00868674 0.00868674
 0.00868674 0.00868674 0.00868674 0.00868674 0.00868674 0.39936265
 0.00868674 0.00868674 0.00868674 0.00868674 0.00868674 0.00868674]
客户端选择掩码: [1.0, 0.0, 1.0, 1.0, 1.0, 1.0, 1.0, 1.0, 1.0, 0.0, 1.0, 1.0, 0.0, 0.0, 1.0, 1.0, 0.0, 1.0, 1.0, 0.0, 0.0, 1.0, 1.0, 1.0, 1.0, 0.0, 1.0, 1.0, 1.0, 0.0]
/mnt/data/user_liangzhiyu/envs/fedcsl/lib/python3.8/site-packages/sklearn/utils/validation.py:63: RuntimeWarning:  Orthogonal matching pursuit ended prematurely due to linear
dependence in the dictionary. The requested precision might not have been met.

  return f(*args, **kwargs)
稀疏向量: [-0.00963883  0.          0.          0.          0.          0.
 -0.95822508  0.          0.          0.          0.          1.97200317
  0.          0.          0.          0.          0.          0.
  0.          0.          0.          0.          0.          0.
  0.          0.          0.          0.          0.          0.        ]
更新后概率: [0.03388621 0.0086805  0.0086805  0.0086805  0.0086805  0.0086805
 0.21015906 0.0086805  0.0086805  0.0086805  0.0086805  0.46092837
 0.0086805  0.0086805  0.0086805  0.0086805  0.0086805  0.0086805
 0.0086805  0.0086805  0.0086805  0.0086805  0.0086805  0.06933335
 0.0086805  0.0086805  0.0086805  0.0086805  0.0086805  0.0086805 ]
Classification: 0.9780649549396361 0.9446895147607737 276
本轮采样概率阵: [0.03388621 0.0086805  0.0086805  0.0086805  0.0086805  0.0086805
 0.21015906 0.0086805  0.0086805  0.0086805  0.0086805  0.46092837
 0.0086805  0.0086805  0.0086805  0.0086805  0.0086805  0.0086805
 0.0086805  0.0086805  0.0086805  0.0086805  0.0086805  0.06933335
 0.0086805  0.0086805  0.0086805  0.0086805  0.0086805  0.0086805 ]
客户端选择掩码: [1.0, 1.0, 1.0, 0.0, 1.0, 1.0, 1.0, 1.0, 1.0, 1.0, 1.0, 1.0, 0.0, 1.0, 1.0, 0.0, 0.0, 1.0, 0.0, 1.0, 1.0, 1.0, 0.0, 1.0, 1.0, 1.0, 0.0, 0.0, 1.0, 0.0]
/mnt/data/user_liangzhiyu/envs/fedcsl/lib/python3.8/site-packages/sklearn/utils/validation.py:63: RuntimeWarning:  Orthogonal matching pursuit ended prematurely due to linear
dependence in the dictionary. The requested precision might not have been met.

  return f(*args, **kwargs)
稀疏向量: [0.21108796 0.         0.         0.         0.         0.
 0.         0.         0.         0.         0.         0.
 0.16162838 0.         0.         0.         0.         0.
 0.         0.         0.         0.         0.         0.
 0.         0.62852194 0.         0.         0.         0.        ]
更新后概率: [0.16798706 0.00874051 0.00874051 0.00874051 0.00874051 0.00874051
 0.03673796 0.00874051 0.00874051 0.00874051 0.00874051 0.08057501
 0.00874051 0.00874051 0.00874051 0.00874051 0.00874051 0.00874051
 0.00874051 0.00874051 0.00874051 0.00874051 0.00874051 0.01212019
 0.00874051 0.48406699 0.00874051 0.00874051 0.00874051 0.00874051]
Classification: 0.9780649549396361 0.9457074991516796 277
本轮采样概率阵: [0.16798706 0.00874051 0.00874051 0.00874051 0.00874051 0.00874051
 0.03673796 0.00874051 0.00874051 0.00874051 0.00874051 0.08057501
 0.00874051 0.00874051 0.00874051 0.00874051 0.00874051 0.00874051
 0.00874051 0.00874051 0.00874051 0.00874051 0.00874051 0.01212019
 0.00874051 0.48406699 0.00874051 0.00874051 0.00874051 0.00874051]
客户端选择掩码: [1.0, 0.0, 1.0, 0.0, 1.0, 1.0, 1.0, 1.0, 0.0, 1.0, 0.0, 1.0, 0.0, 1.0, 1.0, 1.0, 1.0, 0.0, 1.0, 1.0, 1.0, 1.0, 1.0, 1.0, 0.0, 1.0, 0.0, 1.0, 1.0, 0.0]
/mnt/data/user_liangzhiyu/envs/fedcsl/lib/python3.8/site-packages/sklearn/utils/validation.py:63: RuntimeWarning:  Orthogonal matching pursuit ended prematurely due to linear
dependence in the dictionary. The requested precision might not have been met.

  return f(*args, **kwargs)
稀疏向量: [0.13903624 0.         0.         0.         0.12100657 0.
 0.         0.         0.         0.         0.09850325 0.18265031
 0.         0.         0.         0.         0.         0.
 0.         0.         0.         0.         0.         0.
 0.         0.         0.45954677 0.         0.         0.        ]
更新后概率: [0.23144854 0.00873102 0.00873102 0.00873102 0.17743143 0.00873102
 0.00873102 0.00873102 0.00873102 0.00873102 0.00873102 0.27958563
 0.00873102 0.00873102 0.00873102 0.00873102 0.00873102 0.00873102
 0.00873102 0.00873102 0.00873102 0.00873102 0.00873102 0.00873102
 0.00873102 0.08452796 0.00873102 0.00873102 0.00873102 0.00873102]
Classification: 0.977724876721646 0.9446895147607737 278
本轮采样概率阵: [0.23144854 0.00873102 0.00873102 0.00873102 0.17743143 0.00873102
 0.00873102 0.00873102 0.00873102 0.00873102 0.00873102 0.27958563
 0.00873102 0.00873102 0.00873102 0.00873102 0.00873102 0.00873102
 0.00873102 0.00873102 0.00873102 0.00873102 0.00873102 0.00873102
 0.00873102 0.08452796 0.00873102 0.00873102 0.00873102 0.00873102]
客户端选择掩码: [1.0, 1.0, 1.0, 0.0, 1.0, 1.0, 0.0, 0.0, 1.0, 1.0, 0.0, 1.0, 0.0, 1.0, 1.0, 0.0, 1.0, 1.0, 1.0, 1.0, 0.0, 1.0, 1.0, 1.0, 1.0, 1.0, 0.0, 0.0, 1.0, 1.0]
/mnt/data/user_liangzhiyu/envs/fedcsl/lib/python3.8/site-packages/sklearn/utils/validation.py:63: RuntimeWarning:  Orthogonal matching pursuit ended prematurely due to linear
dependence in the dictionary. The requested precision might not have been met.

  return f(*args, **kwargs)
稀疏向量: [ 0.00401825  0.          0.          0.          0.          0.
  0.          0.          0.          0.          0.          0.
  0.15614648  0.          0.          0.          0.          0.
  0.          0.          0.         -0.56015722  0.          0.
  1.40348456  0.          0.          0.          0.          0.        ]
更新后概率: [0.04210173 0.00880881 0.00880881 0.00880881 0.03125918 0.00880881
 0.00880881 0.00880881 0.00880881 0.00880881 0.00880881 0.04925631
 0.00880881 0.00880881 0.00880881 0.00880881 0.00880881 0.00880881
 0.00880881 0.00880881 0.00880881 0.1863905  0.00880881 0.00880881
 0.46468915 0.01489181 0.00880881 0.00880881 0.00880881 0.00880881]
Classification: 0.9773847985036559 0.9443501866304717 279
本轮采样概率阵: [0.04210173 0.00880881 0.00880881 0.00880881 0.03125918 0.00880881
 0.00880881 0.00880881 0.00880881 0.00880881 0.00880881 0.04925631
 0.00880881 0.00880881 0.00880881 0.00880881 0.00880881 0.00880881
 0.00880881 0.00880881 0.00880881 0.1863905  0.00880881 0.00880881
 0.46468915 0.01489181 0.00880881 0.00880881 0.00880881 0.00880881]
客户端选择掩码: [1.0, 1.0, 1.0, 1.0, 1.0, 1.0, 1.0, 0.0, 0.0, 1.0, 0.0, 1.0, 1.0, 0.0, 1.0, 1.0, 0.0, 1.0, 1.0, 1.0, 0.0, 1.0, 1.0, 0.0, 1.0, 1.0, 1.0, 0.0, 1.0, 0.0]
/mnt/data/user_liangzhiyu/envs/fedcsl/lib/python3.8/site-packages/sklearn/utils/validation.py:63: RuntimeWarning:  Orthogonal matching pursuit ended prematurely due to linear
dependence in the dictionary. The requested precision might not have been met.

  return f(*args, **kwargs)
稀疏向量: [0.18608221 0.         0.         0.         0.         0.
 0.         0.         0.         0.         0.         0.
 0.         0.         0.         0.         0.         0.
 0.36897918 0.         0.         0.         0.         0.
 0.44504679 0.         0.         0.         0.         0.        ]
更新后概率: [0.1279442  0.00879527 0.00879527 0.00879527 0.00879527 0.00879527
 0.00879527 0.00879527 0.00879527 0.00879527 0.00879527 0.00879527
 0.00879527 0.00879527 0.00879527 0.00879527 0.00879527 0.00879527
 0.24056278 0.00879527 0.00879527 0.03278711 0.00879527 0.00879527
 0.37002884 0.00879527 0.00879527 0.00879527 0.00879527 0.00879527]
Classification: 0.9784050331576263 0.9457074991516796 280
本轮采样概率阵: [0.1279442  0.00879527 0.00879527 0.00879527 0.00879527 0.00879527
 0.00879527 0.00879527 0.00879527 0.00879527 0.00879527 0.00879527
 0.00879527 0.00879527 0.00879527 0.00879527 0.00879527 0.00879527
 0.24056278 0.00879527 0.00879527 0.03278711 0.00879527 0.00879527
 0.37002884 0.00879527 0.00879527 0.00879527 0.00879527 0.00879527]
客户端选择掩码: [1.0, 1.0, 1.0, 1.0, 0.0, 0.0, 1.0, 1.0, 1.0, 1.0, 1.0, 1.0, 1.0, 0.0, 1.0, 0.0, 1.0, 1.0, 1.0, 1.0, 0.0, 0.0, 1.0, 0.0, 1.0, 1.0, 1.0, 1.0, 0.0, 0.0]
/mnt/data/user_liangzhiyu/envs/fedcsl/lib/python3.8/site-packages/sklearn/utils/validation.py:63: RuntimeWarning:  Orthogonal matching pursuit ended prematurely due to linear
dependence in the dictionary. The requested precision might not have been met.

  return f(*args, **kwargs)
稀疏向量: [ 0.08247056  0.          0.          0.         -0.3374077   0.
  0.          0.          0.          0.          0.          0.
  0.          0.          0.          0.          0.          0.
  0.          0.          0.          0.          0.          0.
  0.          1.25737216  0.          0.          0.          0.        ]
更新后概率: [0.06066752 0.00869767 0.00869767 0.00869767 0.00869767 0.00869767
 0.00869767 0.00869767 0.00869767 0.00869767 0.00869767 0.00869767
 0.00869767 0.00869767 0.00869767 0.00869767 0.00869767 0.00869767
 0.0418467  0.00869767 0.00869767 0.02851713 0.00869767 0.00869767
 0.06436775 0.58715927 0.00869767 0.00869767 0.00869767 0.00869767]
Classification: 0.9784050331576263 0.9453681710213777 281
本轮采样概率阵: [0.06066752 0.00869767 0.00869767 0.00869767 0.00869767 0.00869767
 0.00869767 0.00869767 0.00869767 0.00869767 0.00869767 0.00869767
 0.00869767 0.00869767 0.00869767 0.00869767 0.00869767 0.00869767
 0.0418467  0.00869767 0.00869767 0.02851713 0.00869767 0.00869767
 0.06436775 0.58715927 0.00869767 0.00869767 0.00869767 0.00869767]
客户端选择掩码: [1.0, 0.0, 1.0, 1.0, 1.0, 0.0, 0.0, 1.0, 1.0, 0.0, 1.0, 1.0, 0.0, 1.0, 1.0, 0.0, 1.0, 1.0, 1.0, 1.0, 0.0, 1.0, 1.0, 1.0, 1.0, 1.0, 1.0, 1.0, 0.0, 0.0]
/mnt/data/user_liangzhiyu/envs/fedcsl/lib/python3.8/site-packages/sklearn/utils/validation.py:63: RuntimeWarning:  Orthogonal matching pursuit ended prematurely due to linear
dependence in the dictionary. The requested precision might not have been met.

  return f(*args, **kwargs)
稀疏向量: [-0.2024302   0.          0.          0.         -0.85513534  0.
  0.          0.          0.          0.          1.48289456  0.
  0.          0.          0.          0.          0.          0.
  0.          0.          0.          0.         -1.73867913  0.
  2.32462992  0.          0.          0.          0.          0.        ]
更新后概率: [0.03087627 0.00888862 0.00888862 0.00888862 0.08641864 0.00888862
 0.00888862 0.00888862 0.00888862 0.00888862 0.14872393 0.00888862
 0.00888862 0.00888862 0.00888862 0.00888862 0.00888862 0.00888862
 0.00888862 0.00888862 0.00888862 0.00888862 0.17411063 0.00888862
 0.24216302 0.10438069 0.00888862 0.00888862 0.00888862 0.00888862]
Classification: 0.977724876721646 0.9433322022395657 282
本轮采样概率阵: [0.03087627 0.00888862 0.00888862 0.00888862 0.08641864 0.00888862
 0.00888862 0.00888862 0.00888862 0.00888862 0.14872393 0.00888862
 0.00888862 0.00888862 0.00888862 0.00888862 0.00888862 0.00888862
 0.00888862 0.00888862 0.00888862 0.00888862 0.17411063 0.00888862
 0.24216302 0.10438069 0.00888862 0.00888862 0.00888862 0.00888862]
客户端选择掩码: [1.0, 1.0, 0.0, 1.0, 1.0, 0.0, 0.0, 1.0, 1.0, 1.0, 1.0, 0.0, 0.0, 1.0, 1.0, 0.0, 0.0, 1.0, 1.0, 1.0, 0.0, 1.0, 1.0, 1.0, 1.0, 1.0, 1.0, 1.0, 1.0, 0.0]
/mnt/data/user_liangzhiyu/envs/fedcsl/lib/python3.8/site-packages/sklearn/utils/validation.py:63: RuntimeWarning:  Orthogonal matching pursuit ended prematurely due to linear
dependence in the dictionary. The requested precision might not have been met.

  return f(*args, **kwargs)
稀疏向量: [-0.0669091   0.          0.          0.         -0.2729929   0.
  0.          0.          0.          0.4504063   0.          0.
  0.          0.          0.          0.          0.          0.
  0.          0.          0.          0.          0.          0.
  0.          0.          0.          0.          0.          0.89213783]
更新后概率: [0.06087085 0.00888799 0.00888799 0.00888799 0.24132462 0.00888799
 0.00888799 0.00888799 0.00888799 0.3743923  0.02643714 0.00888799
 0.00888799 0.00888799 0.00888799 0.00888799 0.00888799 0.00888799
 0.00888799 0.00888799 0.00888799 0.00888799 0.03094987 0.00888799
 0.04304684 0.01855469 0.00888799 0.00888799 0.00888799 0.00888799]
Classification: 0.9773847985036559 0.9436715303698676 283
本轮采样概率阵: [0.06087085 0.00888799 0.00888799 0.00888799 0.24132462 0.00888799
 0.00888799 0.00888799 0.00888799 0.3743923  0.02643714 0.00888799
 0.00888799 0.00888799 0.00888799 0.00888799 0.00888799 0.00888799
 0.00888799 0.00888799 0.00888799 0.00888799 0.03094987 0.00888799
 0.04304684 0.01855469 0.00888799 0.00888799 0.00888799 0.00888799]
客户端选择掩码: [1.0, 0.0, 0.0, 1.0, 1.0, 0.0, 0.0, 1.0, 1.0, 1.0, 1.0, 0.0, 1.0, 1.0, 0.0, 1.0, 1.0, 0.0, 1.0, 0.0, 0.0, 1.0, 1.0, 1.0, 1.0, 1.0, 1.0, 1.0, 1.0, 1.0]
/mnt/data/user_liangzhiyu/envs/fedcsl/lib/python3.8/site-packages/sklearn/utils/validation.py:63: RuntimeWarning:  Orthogonal matching pursuit ended prematurely due to linear
dependence in the dictionary. The requested precision might not have been met.

  return f(*args, **kwargs)
稀疏向量: [-1.06587895  0.          0.          1.9925088  -0.42799823  0.
  0.          0.          0.          0.          0.          0.
  0.          1.80112816  0.          0.          0.          0.
  0.          0.          0.          0.         -1.28827355  0.
  0.          0.          0.          0.          0.          0.        ]
更新后概率: [0.11727601 0.00892006 0.00892006 0.20051627 0.08578362 0.00892006
 0.00892006 0.00892006 0.00892006 0.06679201 0.00892006 0.00892006
 0.00892006 0.18140896 0.00892006 0.00892006 0.00892006 0.00892006
 0.00892006 0.00892006 0.00892006 0.00892006 0.13414179 0.00892006
 0.00892006 0.00892006 0.00892006 0.00892006 0.00892006 0.00892006]
Classification: 0.9772147593946607 0.9436715303698676 284
本轮采样概率阵: [0.11727601 0.00892006 0.00892006 0.20051627 0.08578362 0.00892006
 0.00892006 0.00892006 0.00892006 0.06679201 0.00892006 0.00892006
 0.00892006 0.18140896 0.00892006 0.00892006 0.00892006 0.00892006
 0.00892006 0.00892006 0.00892006 0.00892006 0.13414179 0.00892006
 0.00892006 0.00892006 0.00892006 0.00892006 0.00892006 0.00892006]
客户端选择掩码: [1.0, 1.0, 0.0, 1.0, 1.0, 0.0, 0.0, 1.0, 1.0, 1.0, 0.0, 1.0, 1.0, 1.0, 1.0, 1.0, 1.0, 0.0, 0.0, 1.0, 1.0, 0.0, 1.0, 1.0, 1.0, 1.0, 0.0, 1.0, 1.0, 0.0]
/mnt/data/user_liangzhiyu/envs/fedcsl/lib/python3.8/site-packages/sklearn/utils/validation.py:63: RuntimeWarning:  Orthogonal matching pursuit ended prematurely due to linear
dependence in the dictionary. The requested precision might not have been met.

  return f(*args, **kwargs)
稀疏向量: [ 0.44516072  0.          0.          0.          0.99351055  0.
  0.          0.          0.          0.          0.          0.
  0.          0.          0.          0.          0.          0.
  1.39506159  0.          0.          0.          0.          0.
 -1.83756218  0.          0.          0.          0.          0.        ]
更新后概率: [0.10973994 0.00889092 0.00889092 0.03565547 0.21363011 0.00889092
 0.00889092 0.00889092 0.00889092 0.01187685 0.00889092 0.00889092
 0.00889092 0.03225784 0.00889092 0.00889092 0.00889092 0.00889092
 0.00889092 0.00889092 0.00889092 0.00889092 0.02385287 0.00889092
 0.36849581 0.00889092 0.00889092 0.00889092 0.00889092 0.00889092]
Classification: 0.977724876721646 0.9433322022395657 285
本轮采样概率阵: [0.10973994 0.00889092 0.00889092 0.03565547 0.21363011 0.00889092
 0.00889092 0.00889092 0.00889092 0.01187685 0.00889092 0.00889092
 0.00889092 0.03225784 0.00889092 0.00889092 0.00889092 0.00889092
 0.00889092 0.00889092 0.00889092 0.00889092 0.02385287 0.00889092
 0.36849581 0.00889092 0.00889092 0.00889092 0.00889092 0.00889092]
客户端选择掩码: [1.0, 1.0, 0.0, 1.0, 1.0, 1.0, 1.0, 1.0, 1.0, 0.0, 1.0, 1.0, 0.0, 1.0, 1.0, 0.0, 0.0, 0.0, 0.0, 1.0, 1.0, 0.0, 1.0, 1.0, 1.0, 0.0, 1.0, 1.0, 1.0, 1.0]
/mnt/data/user_liangzhiyu/envs/fedcsl/lib/python3.8/site-packages/sklearn/utils/validation.py:63: RuntimeWarning:  Orthogonal matching pursuit ended prematurely due to linear
dependence in the dictionary. The requested precision might not have been met.

  return f(*args, **kwargs)
稀疏向量: [ 0.27924921  0.          0.          0.          0.          0.93035798
  0.          0.          0.         -0.61871351  0.          0.
 -0.26116583  0.          0.66739435  0.          0.          0.
  0.          0.          0.          0.          0.          0.
  0.          0.          0.          0.          0.          0.        ]
更新后概率: [0.11627445 0.00886994 0.00886994 0.00886994 0.03789774 0.32410238
 0.00886994 0.00886994 0.00886994 0.01053469 0.00886994 0.00886994
 0.00886994 0.00886994 0.23294136 0.00886994 0.00886994 0.00886994
 0.00886994 0.00886994 0.00886994 0.00886994 0.00886994 0.00886994
 0.06537074 0.00886994 0.00886994 0.00886994 0.00886994 0.00886994]
Classification: 0.9773847985036559 0.9436715303698676 286
本轮采样概率阵: [0.11627445 0.00886994 0.00886994 0.00886994 0.03789774 0.32410238
 0.00886994 0.00886994 0.00886994 0.01053469 0.00886994 0.00886994
 0.00886994 0.00886994 0.23294136 0.00886994 0.00886994 0.00886994
 0.00886994 0.00886994 0.00886994 0.00886994 0.00886994 0.00886994
 0.06537074 0.00886994 0.00886994 0.00886994 0.00886994 0.00886994]
客户端选择掩码: [1.0, 0.0, 0.0, 1.0, 1.0, 1.0, 0.0, 0.0, 1.0, 1.0, 0.0, 1.0, 1.0, 1.0, 1.0, 1.0, 1.0, 0.0, 1.0, 1.0, 0.0, 0.0, 1.0, 1.0, 1.0, 1.0, 0.0, 1.0, 1.0, 1.0]
/mnt/data/user_liangzhiyu/envs/fedcsl/lib/python3.8/site-packages/sklearn/utils/validation.py:63: RuntimeWarning:  Orthogonal matching pursuit ended prematurely due to linear
dependence in the dictionary. The requested precision might not have been met.

  return f(*args, **kwargs)
稀疏向量: [ 0.58520423  0.          0.          0.          0.39118256  2.78181127
  0.          0.          0.          0.          0.          0.
  0.          0.          0.          0.          0.          0.
  0.          0.          0.          0.          0.          0.
  0.          0.          0.          0.          0.         -2.76755706]
更新后概率: [0.07877386 0.00882435 0.00882435 0.00882435 0.04562791 0.33410945
 0.00882435 0.00882435 0.00882435 0.00882435 0.00882435 0.00882435
 0.00882435 0.00882435 0.04111113 0.00882435 0.00882435 0.00882435
 0.00882435 0.00882435 0.00882435 0.00882435 0.00882435 0.00882435
 0.01153709 0.00882435 0.00882435 0.00882435 0.00882435 0.27705611]
Classification: 0.9775548376126509 0.9440108585001696 287
本轮采样概率阵: [0.07877386 0.00882435 0.00882435 0.00882435 0.04562791 0.33410945
 0.00882435 0.00882435 0.00882435 0.00882435 0.00882435 0.00882435
 0.00882435 0.00882435 0.04111113 0.00882435 0.00882435 0.00882435
 0.00882435 0.00882435 0.00882435 0.00882435 0.00882435 0.00882435
 0.01153709 0.00882435 0.00882435 0.00882435 0.00882435 0.27705611]
客户端选择掩码: [1.0, 1.0, 1.0, 0.0, 1.0, 1.0, 0.0, 1.0, 0.0, 1.0, 1.0, 1.0, 0.0, 1.0, 1.0, 1.0, 1.0, 1.0, 0.0, 1.0, 1.0, 1.0, 1.0, 0.0, 1.0, 0.0, 1.0, 0.0, 0.0, 1.0]
/mnt/data/user_liangzhiyu/envs/fedcsl/lib/python3.8/site-packages/sklearn/utils/validation.py:63: RuntimeWarning:  Orthogonal matching pursuit ended prematurely due to linear
dependence in the dictionary. The requested precision might not have been met.

  return f(*args, **kwargs)
稀疏向量: [ 0.          0.          0.          0.         -0.19668683  0.
  0.          0.          0.          1.23977623  0.          0.
  0.          0.          0.          0.          0.          0.
  0.          0.          0.          0.         -0.04045513  0.
  0.          0.          0.          0.          0.          0.        ]
更新后概率: [0.01397806 0.00887227 0.00887227 0.00887227 0.09511369 0.05928616
 0.00887227 0.00887227 0.00887227 0.5500616  0.00887227 0.00887227
 0.00887227 0.00887227 0.00887227 0.00887227 0.00887227 0.00887227
 0.00887227 0.00887227 0.00887227 0.00887227 0.0194638  0.00887227
 0.00887227 0.00887227 0.00887227 0.00887227 0.00887227 0.04916231]
Classification: 0.9772147593946607 0.9443501866304717 288
本轮采样概率阵: [0.01397806 0.00887227 0.00887227 0.00887227 0.09511369 0.05928616
 0.00887227 0.00887227 0.00887227 0.5500616  0.00887227 0.00887227
 0.00887227 0.00887227 0.00887227 0.00887227 0.00887227 0.00887227
 0.00887227 0.00887227 0.00887227 0.00887227 0.0194638  0.00887227
 0.00887227 0.00887227 0.00887227 0.00887227 0.00887227 0.04916231]
客户端选择掩码: [1.0, 1.0, 1.0, 1.0, 1.0, 1.0, 0.0, 1.0, 1.0, 1.0, 0.0, 1.0, 1.0, 0.0, 1.0, 1.0, 1.0, 1.0, 0.0, 0.0, 1.0, 1.0, 1.0, 1.0, 0.0, 1.0, 0.0, 0.0, 0.0, 1.0]
/mnt/data/user_liangzhiyu/envs/fedcsl/lib/python3.8/site-packages/sklearn/utils/validation.py:63: RuntimeWarning:  Orthogonal matching pursuit ended prematurely due to linear
dependence in the dictionary. The requested precision might not have been met.

  return f(*args, **kwargs)
稀疏向量: [ 0.16292438  0.          0.          1.65393302  0.          0.
  0.          0.          0.          0.          0.          0.
  0.          0.          0.          0.          0.          0.
  0.          0.          0.          0.          0.          0.
  0.         -0.81511288  0.          0.          0.          0.        ]
更新后概率: [0.04305217 0.00890189 0.00890189 0.41336198 0.01693384 0.01055519
 0.00890189 0.00890189 0.00890189 0.0979318  0.00890189 0.00890189
 0.00890189 0.00890189 0.00890189 0.00890189 0.00890189 0.00890189
 0.00890189 0.00890189 0.00890189 0.00890189 0.00890189 0.00890189
 0.00890189 0.20451957 0.00890189 0.00890189 0.00890189 0.00890189]
Classification: 0.977724876721646 0.9453681710213777 289
本轮采样概率阵: [0.04305217 0.00890189 0.00890189 0.41336198 0.01693384 0.01055519
 0.00890189 0.00890189 0.00890189 0.0979318  0.00890189 0.00890189
 0.00890189 0.00890189 0.00890189 0.00890189 0.00890189 0.00890189
 0.00890189 0.00890189 0.00890189 0.00890189 0.00890189 0.00890189
 0.00890189 0.20451957 0.00890189 0.00890189 0.00890189 0.00890189]
客户端选择掩码: [1.0, 0.0, 0.0, 1.0, 0.0, 1.0, 1.0, 1.0, 1.0, 1.0, 0.0, 0.0, 1.0, 1.0, 1.0, 0.0, 1.0, 1.0, 1.0, 0.0, 1.0, 1.0, 0.0, 1.0, 1.0, 1.0, 1.0, 0.0, 1.0, 1.0]
/mnt/data/user_liangzhiyu/envs/fedcsl/lib/python3.8/site-packages/sklearn/utils/validation.py:63: RuntimeWarning:  Orthogonal matching pursuit ended prematurely due to linear
dependence in the dictionary. The requested precision might not have been met.

  return f(*args, **kwargs)
稀疏向量: [ 0.          0.          0.          0.          0.          0.
  0.          0.          0.          0.          0.          3.23029018
 -0.64970265  0.          0.         -1.58125062  0.          0.
  0.          0.          0.          0.          0.          0.
  0.          0.          0.          0.          0.          0.        ]
更新后概率: [0.0087615  0.0087615  0.0087615  0.0724334  0.01483658 0.0087615
 0.0087615  0.0087615  0.0087615  0.01716059 0.0087615  0.0087615
 0.64069405 0.0087615  0.0087615  0.0087615  0.0087615  0.0087615
 0.0087615  0.0087615  0.0087615  0.0087615  0.0087615  0.0087615
 0.0087615  0.03583796 0.0087615  0.0087615  0.0087615  0.0087615 ]
Classification: 0.977724876721646 0.9457074991516796 290
本轮采样概率阵: [0.0087615  0.0087615  0.0087615  0.0724334  0.01483658 0.0087615
 0.0087615  0.0087615  0.0087615  0.01716059 0.0087615  0.0087615
 0.64069405 0.0087615  0.0087615  0.0087615  0.0087615  0.0087615
 0.0087615  0.0087615  0.0087615  0.0087615  0.0087615  0.0087615
 0.0087615  0.03583796 0.0087615  0.0087615  0.0087615  0.0087615 ]
客户端选择掩码: [1.0, 1.0, 0.0, 1.0, 1.0, 1.0, 1.0, 1.0, 0.0, 1.0, 1.0, 1.0, 1.0, 0.0, 0.0, 1.0, 0.0, 1.0, 1.0, 1.0, 0.0, 1.0, 1.0, 0.0, 1.0, 1.0, 0.0, 1.0, 1.0, 0.0]
/mnt/data/user_liangzhiyu/envs/fedcsl/lib/python3.8/site-packages/sklearn/utils/validation.py:63: RuntimeWarning:  Orthogonal matching pursuit ended prematurely due to linear
dependence in the dictionary. The requested precision might not have been met.

  return f(*args, **kwargs)
稀疏向量: [-1.34086067  0.          0.          0.         -0.51203747  0.
  0.          0.          0.          0.          0.          4.64562783
  0.          0.          0.          0.          0.          0.
 -1.79063425  0.          0.          0.          0.          0.
  0.          0.          0.          0.          0.          0.        ]
更新后概率: [0.10725316 0.00886708 0.00886708 0.01284546 0.0429948  0.00886708
 0.00886708 0.00886708 0.00886708 0.00886708 0.00886708 0.36776633
 0.11362171 0.00886708 0.00886708 0.00886708 0.00886708 0.00886708
 0.14270859 0.00886708 0.00886708 0.00886708 0.00886708 0.00886708
 0.00886708 0.00886708 0.00886708 0.00886708 0.00886708 0.00886708]
Classification: 0.977724876721646 0.9453681710213777 291
本轮采样概率阵: [0.10725316 0.00886708 0.00886708 0.01284546 0.0429948  0.00886708
 0.00886708 0.00886708 0.00886708 0.00886708 0.00886708 0.36776633
 0.11362171 0.00886708 0.00886708 0.00886708 0.00886708 0.00886708
 0.14270859 0.00886708 0.00886708 0.00886708 0.00886708 0.00886708
 0.00886708 0.00886708 0.00886708 0.00886708 0.00886708 0.00886708]
客户端选择掩码: [1.0, 0.0, 1.0, 0.0, 1.0, 1.0, 0.0, 1.0, 1.0, 1.0, 1.0, 1.0, 1.0, 0.0, 1.0, 1.0, 1.0, 0.0, 1.0, 1.0, 1.0, 1.0, 1.0, 1.0, 0.0, 0.0, 0.0, 1.0, 0.0, 1.0]
/mnt/data/user_liangzhiyu/envs/fedcsl/lib/python3.8/site-packages/sklearn/utils/validation.py:63: RuntimeWarning:  Orthogonal matching pursuit ended prematurely due to linear
dependence in the dictionary. The requested precision might not have been met.

  return f(*args, **kwargs)
稀疏向量: [-0.02558822  0.          0.          0.          0.          0.
  0.          0.          0.          0.          0.          1.02559018
  0.          0.          0.          0.          0.          0.
  0.          0.          0.          0.          0.          0.
  0.          0.          0.          0.          0.          0.        ]
更新后概率: [0.03440447 0.00875588 0.00875588 0.01124733 0.00875588 0.00875588
 0.00875588 0.00875588 0.00875588 0.00875588 0.00875588 0.69056323
 0.01989717 0.00875588 0.00875588 0.00875588 0.00875588 0.00875588
 0.02499079 0.00875588 0.00875588 0.00875588 0.00875588 0.00875588
 0.00875588 0.00875588 0.00875588 0.00875588 0.00875588 0.00875588]
Classification: 0.977724876721646 0.9453681710213777 292
本轮采样概率阵: [0.03440447 0.00875588 0.00875588 0.01124733 0.00875588 0.00875588
 0.00875588 0.00875588 0.00875588 0.00875588 0.00875588 0.69056323
 0.01989717 0.00875588 0.00875588 0.00875588 0.00875588 0.00875588
 0.02499079 0.00875588 0.00875588 0.00875588 0.00875588 0.00875588
 0.00875588 0.00875588 0.00875588 0.00875588 0.00875588 0.00875588]
客户端选择掩码: [1.0, 0.0, 1.0, 1.0, 0.0, 0.0, 1.0, 1.0, 1.0, 1.0, 0.0, 1.0, 1.0, 1.0, 1.0, 1.0, 1.0, 1.0, 1.0, 0.0, 0.0, 1.0, 1.0, 0.0, 0.0, 0.0, 1.0, 1.0, 1.0, 1.0]
/mnt/data/user_liangzhiyu/envs/fedcsl/lib/python3.8/site-packages/sklearn/utils/validation.py:63: RuntimeWarning:  Orthogonal matching pursuit ended prematurely due to linear
dependence in the dictionary. The requested precision might not have been met.

  return f(*args, **kwargs)
稀疏向量: [-0.0540156   0.          0.          0.          0.          0.
  0.          0.          0.          0.          0.          1.05401196
  0.          0.          0.          0.          0.          0.
  0.          0.          0.          0.          0.          0.
  0.          0.          0.          0.          0.          0.        ]
更新后概率: [0.03684069 0.00860621 0.00860621 0.00860621 0.00860621 0.00860621
 0.00860621 0.00860621 0.00860621 0.00860621 0.00860621 0.72218531
 0.00860621 0.00860621 0.00860621 0.00860621 0.00860621 0.00860621
 0.00860621 0.00860621 0.00860621 0.00860621 0.00860621 0.00860621
 0.00860621 0.00860621 0.00860621 0.00860621 0.00860621 0.00860621]
Classification: 0.9782349940486312 0.9457074991516796 293
本轮采样概率阵: [0.03684069 0.00860621 0.00860621 0.00860621 0.00860621 0.00860621
 0.00860621 0.00860621 0.00860621 0.00860621 0.00860621 0.72218531
 0.00860621 0.00860621 0.00860621 0.00860621 0.00860621 0.00860621
 0.00860621 0.00860621 0.00860621 0.00860621 0.00860621 0.00860621
 0.00860621 0.00860621 0.00860621 0.00860621 0.00860621 0.00860621]
客户端选择掩码: [1.0, 1.0, 1.0, 0.0, 0.0, 1.0, 1.0, 1.0, 1.0, 1.0, 1.0, 1.0, 0.0, 1.0, 1.0, 1.0, 0.0, 1.0, 0.0, 1.0, 0.0, 0.0, 1.0, 1.0, 0.0, 0.0, 1.0, 1.0, 1.0, 1.0]
/mnt/data/user_liangzhiyu/envs/fedcsl/lib/python3.8/site-packages/sklearn/utils/validation.py:63: RuntimeWarning:  Orthogonal matching pursuit ended prematurely due to linear
dependence in the dictionary. The requested precision might not have been met.

  return f(*args, **kwargs)
稀疏向量: [-0.0181169   0.          0.          0.          0.          0.
  0.          0.          0.          0.          0.          0.
  0.          0.          0.          0.          0.          0.
  0.          1.01262236  0.          0.          0.          0.
  0.          0.          0.          0.          0.          0.        ]
更新后概率: [0.01751116 0.0086091  0.0086091  0.0086091  0.0086091  0.0086091
 0.0086091  0.0086091  0.0086091  0.0086091  0.0086091  0.12434732
 0.0086091  0.0086091  0.0086091  0.0086091  0.0086091  0.0086091
 0.0086091  0.62569581 0.0086091  0.0086091  0.0086091  0.0086091
 0.0086091  0.0086091  0.0086091  0.0086091  0.0086091  0.0086091 ]
Classification: 0.9780649549396361 0.9457074991516796 294
本轮采样概率阵: [0.01751116 0.0086091  0.0086091  0.0086091  0.0086091  0.0086091
 0.0086091  0.0086091  0.0086091  0.0086091  0.0086091  0.12434732
 0.0086091  0.0086091  0.0086091  0.0086091  0.0086091  0.0086091
 0.0086091  0.62569581 0.0086091  0.0086091  0.0086091  0.0086091
 0.0086091  0.0086091  0.0086091  0.0086091  0.0086091  0.0086091 ]
客户端选择掩码: [1.0, 0.0, 1.0, 1.0, 1.0, 0.0, 1.0, 1.0, 1.0, 1.0, 0.0, 1.0, 1.0, 1.0, 0.0, 0.0, 1.0, 0.0, 1.0, 1.0, 1.0, 1.0, 1.0, 1.0, 1.0, 1.0, 0.0, 0.0, 0.0, 1.0]
/mnt/data/user_liangzhiyu/envs/fedcsl/lib/python3.8/site-packages/sklearn/utils/validation.py:63: RuntimeWarning:  Orthogonal matching pursuit ended prematurely due to linear
dependence in the dictionary. The requested precision might not have been met.

  return f(*args, **kwargs)
稀疏向量: [ 0.          0.          0.          0.          0.03924177  0.
  0.          0.          0.          0.         -1.03705096  0.
  0.78521492  0.          0.          0.          0.          0.
  0.          0.          0.          0.          0.          0.
  0.          1.21455719  0.          0.          0.          0.        ]
更新后概率: [0.00874746 0.00874746 0.00874746 0.00874746 0.01393056 0.00874746
 0.00874746 0.00874746 0.00874746 0.00874746 0.00874746 0.02175448
 0.2501143  0.00874746 0.00874746 0.00874746 0.00874746 0.00874746
 0.00874746 0.10946503 0.00874746 0.00874746 0.00874746 0.00874746
 0.00874746 0.38604904 0.00874746 0.00874746 0.00874746 0.00874746]
Classification: 0.977724876721646 0.9457074991516796 295
本轮采样概率阵: [0.00874746 0.00874746 0.00874746 0.00874746 0.01393056 0.00874746
 0.00874746 0.00874746 0.00874746 0.00874746 0.00874746 0.02175448
 0.2501143  0.00874746 0.00874746 0.00874746 0.00874746 0.00874746
 0.00874746 0.10946503 0.00874746 0.00874746 0.00874746 0.00874746
 0.00874746 0.38604904 0.00874746 0.00874746 0.00874746 0.00874746]
客户端选择掩码: [1.0, 1.0, 0.0, 1.0, 1.0, 1.0, 0.0, 1.0, 1.0, 1.0, 0.0, 1.0, 1.0, 1.0, 1.0, 0.0, 0.0, 0.0, 1.0, 1.0, 1.0, 1.0, 0.0, 1.0, 1.0, 1.0, 0.0, 1.0, 1.0, 0.0]
/mnt/data/user_liangzhiyu/envs/fedcsl/lib/python3.8/site-packages/sklearn/utils/validation.py:63: RuntimeWarning:  Orthogonal matching pursuit ended prematurely due to linear
dependence in the dictionary. The requested precision might not have been met.

  return f(*args, **kwargs)
稀疏向量: [0.15407625 0.         0.         0.         0.         0.
 0.         0.         0.         0.         0.         0.
 0.22055762 0.         0.         0.         0.         0.
 0.         0.         0.         0.         0.         0.
 0.         0.62648223 0.         0.         0.         0.        ]
更新后概率: [0.10034023 0.00871161 0.00871161 0.00871161 0.00871161 0.00871161
 0.00871161 0.00871161 0.00871161 0.00871161 0.00871161 0.00871161
 0.18503166 0.00871161 0.00871161 0.00871161 0.00871161 0.00871161
 0.00871161 0.01907234 0.00871161 0.00871161 0.00871161 0.00871161
 0.00871161 0.46905388 0.00871161 0.00871161 0.00871161 0.00871161]
Classification: 0.9775548376126509 0.9460468272819816 296
本轮采样概率阵: [0.10034023 0.00871161 0.00871161 0.00871161 0.00871161 0.00871161
 0.00871161 0.00871161 0.00871161 0.00871161 0.00871161 0.00871161
 0.18503166 0.00871161 0.00871161 0.00871161 0.00871161 0.00871161
 0.00871161 0.01907234 0.00871161 0.00871161 0.00871161 0.00871161
 0.00871161 0.46905388 0.00871161 0.00871161 0.00871161 0.00871161]
客户端选择掩码: [1.0, 0.0, 0.0, 0.0, 1.0, 1.0, 1.0, 0.0, 1.0, 0.0, 1.0, 1.0, 1.0, 0.0, 1.0, 1.0, 1.0, 1.0, 0.0, 0.0, 1.0, 1.0, 1.0, 1.0, 1.0, 1.0, 1.0, 1.0, 1.0, 0.0]
/mnt/data/user_liangzhiyu/envs/fedcsl/lib/python3.8/site-packages/sklearn/utils/validation.py:63: RuntimeWarning:  Orthogonal matching pursuit ended prematurely due to linear
dependence in the dictionary. The requested precision might not have been met.

  return f(*args, **kwargs)
稀疏向量: [0.06162399 0.         0.         0.94026882 0.         0.
 0.         0.         0.         0.         0.         0.
 0.         0.         0.         0.         0.         0.
 0.         0.         0.         0.         0.         0.
 0.         0.         0.         0.         0.         0.        ]
更新后概率: [0.64632461 0.00862855 0.00862855 0.00862855 0.00862855 0.00862855
 0.00862855 0.00862855 0.00862855 0.00862855 0.00862855 0.00862855
 0.0319312  0.00862855 0.00862855 0.00862855 0.00862855 0.00862855
 0.00862855 0.01645667 0.00862855 0.00862855 0.00862855 0.00862855
 0.00862855 0.08094521 0.00862855 0.00862855 0.00862855 0.00862855]
Classification: 0.977724876721646 0.9457074991516796 297
本轮采样概率阵: [0.64632461 0.00862855 0.00862855 0.00862855 0.00862855 0.00862855
 0.00862855 0.00862855 0.00862855 0.00862855 0.00862855 0.00862855
 0.0319312  0.00862855 0.00862855 0.00862855 0.00862855 0.00862855
 0.00862855 0.01645667 0.00862855 0.00862855 0.00862855 0.00862855
 0.00862855 0.08094521 0.00862855 0.00862855 0.00862855 0.00862855]
客户端选择掩码: [1.0, 0.0, 0.0, 1.0, 1.0, 1.0, 0.0, 1.0, 1.0, 1.0, 1.0, 0.0, 1.0, 0.0, 1.0, 1.0, 1.0, 0.0, 0.0, 1.0, 1.0, 1.0, 1.0, 0.0, 1.0, 1.0, 1.0, 0.0, 1.0, 1.0]
/mnt/data/user_liangzhiyu/envs/fedcsl/lib/python3.8/site-packages/sklearn/utils/validation.py:63: RuntimeWarning:  Orthogonal matching pursuit ended prematurely due to linear
dependence in the dictionary. The requested precision might not have been met.

  return f(*args, **kwargs)
稀疏向量: [0.12164813 0.         0.         0.         0.22479123 0.1480209
 0.         0.         0.         0.         0.         0.
 0.         0.         0.         0.         0.         0.
 0.50481448 0.         0.         0.         0.         0.
 0.         0.         0.         0.         0.         0.        ]
更新后概率: [0.27101829 0.00872007 0.00872007 0.00872007 0.2940213  0.19412157
 0.00872007 0.00872007 0.00872007 0.00872007 0.00872007 0.00872007
 0.00872007 0.00872007 0.00872007 0.00872007 0.00872007 0.00872007
 0.00872007 0.00872007 0.00872007 0.00872007 0.00872007 0.00872007
 0.00872007 0.01411697 0.00872007 0.00872007 0.00872007 0.00872007]
Classification: 0.9775548376126509 0.9460468272819816 298
本轮采样概率阵: [0.27101829 0.00872007 0.00872007 0.00872007 0.2940213  0.19412157
 0.00872007 0.00872007 0.00872007 0.00872007 0.00872007 0.00872007
 0.00872007 0.00872007 0.00872007 0.00872007 0.00872007 0.00872007
 0.00872007 0.00872007 0.00872007 0.00872007 0.00872007 0.00872007
 0.00872007 0.01411697 0.00872007 0.00872007 0.00872007 0.00872007]
客户端选择掩码: [1.0, 1.0, 1.0, 1.0, 1.0, 1.0, 1.0, 0.0, 1.0, 1.0, 1.0, 0.0, 0.0, 0.0, 1.0, 0.0, 1.0, 1.0, 0.0, 1.0, 0.0, 0.0, 1.0, 1.0, 1.0, 1.0, 1.0, 1.0, 1.0, 0.0]
/mnt/data/user_liangzhiyu/envs/fedcsl/lib/python3.8/site-packages/sklearn/utils/validation.py:63: RuntimeWarning:  Orthogonal matching pursuit ended prematurely due to linear
dependence in the dictionary. The requested precision might not have been met.

  return f(*args, **kwargs)
稀疏向量: [ 1.30348955  0.          0.          0.          3.3403614   0.
  0.          0.          0.          0.          3.42544075  0.
  0.          0.          0.          0.          0.          0.
  0.          0.          0.         -7.07336722  0.          0.
  0.02519048  0.          0.          0.          0.          0.        ]
更新后概率: [0.15056251 0.00870703 0.00870703 0.00870703 0.316093   0.03380444
 0.00870703 0.00870703 0.00870703 0.00870703 0.27315731 0.00870703
 0.00870703 0.00870703 0.00870703 0.00870703 0.00870703 0.00870703
 0.00870703 0.00870703 0.00870703 0.00870703 0.00870703 0.00870703
 0.00870703 0.00870703 0.00870703 0.00870703 0.00870703 0.00870703]
Classification: 0.977724876721646 0.9453681710213777 299
本轮采样概率阵: [0.15056251 0.00870703 0.00870703 0.00870703 0.316093   0.03380444
 0.00870703 0.00870703 0.00870703 0.00870703 0.27315731 0.00870703
 0.00870703 0.00870703 0.00870703 0.00870703 0.00870703 0.00870703
 0.00870703 0.00870703 0.00870703 0.00870703 0.00870703 0.00870703
 0.00870703 0.00870703 0.00870703 0.00870703 0.00870703 0.00870703]
客户端选择掩码: [1.0, 0.0, 1.0, 1.0, 1.0, 1.0, 0.0, 1.0, 1.0, 1.0, 1.0, 0.0, 1.0, 0.0, 1.0, 1.0, 1.0, 1.0, 1.0, 1.0, 0.0, 1.0, 0.0, 1.0, 0.0, 1.0, 0.0, 1.0, 0.0, 1.0]
/mnt/data/user_liangzhiyu/envs/fedcsl/lib/python3.8/site-packages/sklearn/utils/validation.py:63: RuntimeWarning:  Orthogonal matching pursuit ended prematurely due to linear
dependence in the dictionary. The requested precision might not have been met.

  return f(*args, **kwargs)
稀疏向量: [ 0.02774609  0.          0.          0.         -0.24698033  0.
  0.          0.          0.          0.          0.          0.
  0.          0.          0.          0.          0.          0.
  0.          0.          0.          0.          0.          0.
  0.          0.          0.          0.          0.          1.22150208]
更新后概率: [0.03817321 0.00871829 0.00871829 0.00871829 0.16122325 0.00871829
 0.00871829 0.00871829 0.00871829 0.00871829 0.04762932 0.00871829
 0.00871829 0.00871829 0.00871829 0.00871829 0.00871829 0.00871829
 0.00871829 0.00871829 0.00871829 0.00871829 0.00871829 0.00871829
 0.00871829 0.00871829 0.00871829 0.00871829 0.00871829 0.52629855]
Classification: 0.977724876721646 0.9450288428910757 300
本轮采样概率阵: [0.03817321 0.00871829 0.00871829 0.00871829 0.16122325 0.00871829
 0.00871829 0.00871829 0.00871829 0.00871829 0.04762932 0.00871829
 0.00871829 0.00871829 0.00871829 0.00871829 0.00871829 0.00871829
 0.00871829 0.00871829 0.00871829 0.00871829 0.00871829 0.00871829
 0.00871829 0.00871829 0.00871829 0.00871829 0.00871829 0.52629855]
客户端选择掩码: [1.0, 1.0, 0.0, 1.0, 1.0, 0.0, 0.0, 1.0, 1.0, 1.0, 1.0, 1.0, 1.0, 1.0, 1.0, 0.0, 1.0, 0.0, 1.0, 0.0, 1.0, 1.0, 0.0, 0.0, 1.0, 0.0, 1.0, 1.0, 1.0, 1.0]
/mnt/data/user_liangzhiyu/envs/fedcsl/lib/python3.8/site-packages/sklearn/utils/validation.py:63: RuntimeWarning:  Orthogonal matching pursuit ended prematurely due to linear
dependence in the dictionary. The requested precision might not have been met.

  return f(*args, **kwargs)
稀疏向量: [0.10413678 0.         0.         0.         0.         0.
 0.         0.         0.         0.         0.         0.
 0.21406794 0.         0.         0.         0.         0.
 0.         0.         0.         0.         0.         0.
 0.68255474 0.         0.         0.         0.         0.        ]
更新后概率: [0.07426034 0.00880394 0.00880394 0.00880394 0.02838802 0.00880394
 0.00880394 0.00880394 0.00880394 0.00880394 0.00880394 0.00880394
 0.1403708  0.00880394 0.00880394 0.00880394 0.00880394 0.00880394
 0.00880394 0.00880394 0.00880394 0.00880394 0.00880394 0.00880394
 0.44421215 0.00880394 0.00880394 0.00880394 0.00880394 0.09267007]
Classification: 0.9775548376126509 0.9460468272819816 301
本轮采样概率阵: [0.07426034 0.00880394 0.00880394 0.00880394 0.02838802 0.00880394
 0.00880394 0.00880394 0.00880394 0.00880394 0.00880394 0.00880394
 0.1403708  0.00880394 0.00880394 0.00880394 0.00880394 0.00880394
 0.00880394 0.00880394 0.00880394 0.00880394 0.00880394 0.00880394
 0.44421215 0.00880394 0.00880394 0.00880394 0.00880394 0.09267007]
客户端选择掩码: [1.0, 1.0, 1.0, 1.0, 1.0, 1.0, 1.0, 1.0, 0.0, 0.0, 1.0, 0.0, 1.0, 1.0, 0.0, 0.0, 1.0, 1.0, 0.0, 0.0, 0.0, 1.0, 1.0, 1.0, 1.0, 1.0, 1.0, 0.0, 1.0, 1.0]
/mnt/data/user_liangzhiyu/envs/fedcsl/lib/python3.8/site-packages/sklearn/utils/validation.py:63: RuntimeWarning:  Orthogonal matching pursuit ended prematurely due to linear
dependence in the dictionary. The requested precision might not have been met.

  return f(*args, **kwargs)
稀疏向量: [ 0.59414635  0.          0.          0.          0.22937073  0.
  0.          0.          0.          0.          0.          0.
  0.74929371  0.          0.          0.          0.          0.
  0.          0.          0.          0.          0.          0.
  0.          0.         -0.57391208  0.          0.          0.        ]
更新后概率: [0.19281774 0.0088156  0.0088156  0.0088156  0.07438805 0.0088156
 0.0088156  0.0088156  0.0088156  0.0088156  0.0088156  0.0088156
 0.25140471 0.0088156  0.0088156  0.0088156  0.0088156  0.0088156
 0.0088156  0.0088156  0.0088156  0.0088156  0.0088156  0.0088156
 0.07831994 0.0088156  0.17515628 0.0088156  0.0088156  0.01633885]
Classification: 0.9775548376126509 0.9460468272819816 302
本轮采样概率阵: [0.19281774 0.0088156  0.0088156  0.0088156  0.07438805 0.0088156
 0.0088156  0.0088156  0.0088156  0.0088156  0.0088156  0.0088156
 0.25140471 0.0088156  0.0088156  0.0088156  0.0088156  0.0088156
 0.0088156  0.0088156  0.0088156  0.0088156  0.0088156  0.0088156
 0.07831994 0.0088156  0.17515628 0.0088156  0.0088156  0.01633885]
客户端选择掩码: [1.0, 0.0, 0.0, 1.0, 1.0, 1.0, 1.0, 1.0, 1.0, 1.0, 0.0, 1.0, 1.0, 1.0, 1.0, 0.0, 1.0, 0.0, 0.0, 0.0, 1.0, 0.0, 1.0, 0.0, 1.0, 1.0, 1.0, 1.0, 1.0, 1.0]
/mnt/data/user_liangzhiyu/envs/fedcsl/lib/python3.8/site-packages/sklearn/utils/validation.py:63: RuntimeWarning:  Orthogonal matching pursuit ended prematurely due to linear
dependence in the dictionary. The requested precision might not have been met.

  return f(*args, **kwargs)
稀疏向量: [ 0.4370741   0.          0.          0.         -0.04578031  0.
  0.          0.          0.          0.          0.         -0.88957891
  0.          0.          1.49726723  0.          0.          0.
  0.          0.          0.          0.          0.          0.
  0.          0.          0.          0.          0.          0.        ]
更新后概率: [0.13405546 0.00889307 0.00889307 0.00889307 0.02367996 0.00889307
 0.00889307 0.00889307 0.00889307 0.00889307 0.00889307 0.20461122
 0.04471519 0.00889307 0.34331395 0.00889307 0.00889307 0.00889307
 0.00889307 0.00889307 0.00889307 0.00889307 0.00889307 0.00889307
 0.0139301  0.00889307 0.03115354 0.00889307 0.00889307 0.00889307]
Classification: 0.977724876721646 0.9457074991516796 303
本轮采样概率阵: [0.13405546 0.00889307 0.00889307 0.00889307 0.02367996 0.00889307
 0.00889307 0.00889307 0.00889307 0.00889307 0.00889307 0.20461122
 0.04471519 0.00889307 0.34331395 0.00889307 0.00889307 0.00889307
 0.00889307 0.00889307 0.00889307 0.00889307 0.00889307 0.00889307
 0.0139301  0.00889307 0.03115354 0.00889307 0.00889307 0.00889307]
客户端选择掩码: [1.0, 1.0, 0.0, 1.0, 1.0, 1.0, 1.0, 1.0, 1.0, 1.0, 0.0, 1.0, 1.0, 0.0, 1.0, 0.0, 1.0, 1.0, 0.0, 1.0, 0.0, 0.0, 1.0, 0.0, 1.0, 0.0, 1.0, 1.0, 1.0, 1.0]
/mnt/data/user_liangzhiyu/envs/fedcsl/lib/python3.8/site-packages/sklearn/utils/validation.py:63: RuntimeWarning:  Orthogonal matching pursuit ended prematurely due to linear
dependence in the dictionary. The requested precision might not have been met.

  return f(*args, **kwargs)
稀疏向量: [ 0.5143901   0.          0.          0.         -0.04064677  0.
  0.          0.          0.          0.          0.76083044  0.
  0.          0.          0.          0.          0.          0.
  0.          0.          0.          0.          0.          0.
  0.          0.         -0.23491008  0.          0.          0.        ]
更新后概率: [0.4465175  0.00882354 0.00882354 0.00882354 0.03759299 0.00882354
 0.00882354 0.00882354 0.00882354 0.00882354 0.00882354 0.0361079
 0.00882354 0.00882354 0.06058486 0.00882354 0.00882354 0.00882354
 0.00882354 0.00882354 0.00882354 0.00882354 0.00882354 0.00882354
 0.00882354 0.00882354 0.19860837 0.00882354 0.00882354 0.00882354]
Classification: 0.999829960891005 0.9440108585001696 304
本轮采样概率阵: [0.4465175  0.00882354 0.00882354 0.00882354 0.03759299 0.00882354
 0.00882354 0.00882354 0.00882354 0.00882354 0.00882354 0.0361079
 0.00882354 0.00882354 0.06058486 0.00882354 0.00882354 0.00882354
 0.00882354 0.00882354 0.00882354 0.00882354 0.00882354 0.00882354
 0.00882354 0.00882354 0.19860837 0.00882354 0.00882354 0.00882354]
客户端选择掩码: [1.0, 1.0, 1.0, 1.0, 1.0, 1.0, 0.0, 1.0, 1.0, 1.0, 0.0, 1.0, 0.0, 1.0, 1.0, 1.0, 1.0, 0.0, 1.0, 0.0, 1.0, 0.0, 1.0, 1.0, 1.0, 0.0, 1.0, 0.0, 0.0, 1.0]
/mnt/data/user_liangzhiyu/envs/fedcsl/lib/python3.8/site-packages/sklearn/utils/validation.py:63: RuntimeWarning:  Orthogonal matching pursuit ended prematurely due to linear
dependence in the dictionary. The requested precision might not have been met.

  return f(*args, **kwargs)
稀疏向量: [-0.05820106  0.          0.          0.          0.17159386  0.
  0.          0.          0.          0.          0.          0.
  0.          0.          0.          0.          0.          0.88787624
  0.          0.          0.          0.          0.          0.
  0.          0.          0.          0.          0.          0.        ]
更新后概率: [0.2408739  0.00873263 0.00873263 0.00873263 0.48680897 0.00873263
 0.00873263 0.00873263 0.00873263 0.00873263 0.00873263 0.00873263
 0.00873263 0.00873263 0.01058133 0.00873263 0.00873263 0.00873263
 0.00873263 0.00873263 0.00873263 0.00873263 0.00873263 0.00873263
 0.00873263 0.00873263 0.03468749 0.00873263 0.00873263 0.00873263]
Classification: 0.977724876721646 0.9453681710213777 305
本轮采样概率阵: [0.2408739  0.00873263 0.00873263 0.00873263 0.48680897 0.00873263
 0.00873263 0.00873263 0.00873263 0.00873263 0.00873263 0.00873263
 0.00873263 0.00873263 0.01058133 0.00873263 0.00873263 0.00873263
 0.00873263 0.00873263 0.00873263 0.00873263 0.00873263 0.00873263
 0.00873263 0.00873263 0.03468749 0.00873263 0.00873263 0.00873263]
客户端选择掩码: [1.0, 0.0, 1.0, 0.0, 1.0, 1.0, 1.0, 1.0, 0.0, 0.0, 0.0, 1.0, 1.0, 1.0, 1.0, 1.0, 1.0, 0.0, 1.0, 1.0, 1.0, 0.0, 1.0, 1.0, 0.0, 1.0, 1.0, 1.0, 0.0, 1.0]
/mnt/data/user_liangzhiyu/envs/fedcsl/lib/python3.8/site-packages/sklearn/utils/validation.py:63: RuntimeWarning:  Orthogonal matching pursuit ended prematurely due to linear
dependence in the dictionary. The requested precision might not have been met.

  return f(*args, **kwargs)
稀疏向量: [0.23341921 0.         0.         0.         0.         0.
 0.         0.         0.         0.         0.         0.
 0.33822586 0.         0.         0.         0.         0.
 0.         0.         0.         0.         0.         0.
 0.         0.42897259 0.         0.         0.         0.        ]
更新后概率: [0.1920576  0.00872483 0.00872483 0.00872483 0.08494648 0.00872483
 0.00872483 0.00872483 0.00872483 0.00872483 0.00872483 0.00872483
 0.21891231 0.00872483 0.00872483 0.00872483 0.00872483 0.00872483
 0.00872483 0.00872483 0.00872483 0.00872483 0.00872483 0.00872483
 0.00872483 0.27723812 0.00872483 0.00872483 0.00872483 0.00872483]
Classification: 0.9775548376126509 0.9446895147607737 306
本轮采样概率阵: [0.1920576  0.00872483 0.00872483 0.00872483 0.08494648 0.00872483
 0.00872483 0.00872483 0.00872483 0.00872483 0.00872483 0.00872483
 0.21891231 0.00872483 0.00872483 0.00872483 0.00872483 0.00872483
 0.00872483 0.00872483 0.00872483 0.00872483 0.00872483 0.00872483
 0.00872483 0.27723812 0.00872483 0.00872483 0.00872483 0.00872483]
客户端选择掩码: [1.0, 0.0, 1.0, 0.0, 1.0, 0.0, 1.0, 0.0, 0.0, 1.0, 1.0, 1.0, 1.0, 1.0, 1.0, 1.0, 0.0, 1.0, 1.0, 1.0, 0.0, 1.0, 0.0, 1.0, 1.0, 1.0, 1.0, 1.0, 1.0, 0.0]
/mnt/data/user_liangzhiyu/envs/fedcsl/lib/python3.8/site-packages/sklearn/utils/validation.py:63: RuntimeWarning:  Orthogonal matching pursuit ended prematurely due to linear
dependence in the dictionary. The requested precision might not have been met.

  return f(*args, **kwargs)
稀疏向量: [ 0.48486652  0.          0.          0.          0.21539526  0.
  0.          0.          0.          0.          0.43788844  0.
  0.38505517  0.          0.          0.          0.          0.
  0.          0.          0.          0.          0.          0.
 -0.52399864  0.          0.          0.          0.          0.        ]
更新后概率: [0.18762226 0.00880823 0.00880823 0.00880823 0.08328299 0.00880823
 0.00880823 0.00880823 0.00880823 0.00880823 0.14042515 0.00880823
 0.16069524 0.00880823 0.00880823 0.00880823 0.00880823 0.00880823
 0.00880823 0.00880823 0.00880823 0.00880823 0.00880823 0.00880823
 0.16773733 0.04883954 0.00880823 0.00880823 0.00880823 0.00880823]
Classification: 0.9775548376126509 0.9450288428910757 307
本轮采样概率阵: [0.18762226 0.00880823 0.00880823 0.00880823 0.08328299 0.00880823
 0.00880823 0.00880823 0.00880823 0.00880823 0.14042515 0.00880823
 0.16069524 0.00880823 0.00880823 0.00880823 0.00880823 0.00880823
 0.00880823 0.00880823 0.00880823 0.00880823 0.00880823 0.00880823
 0.16773733 0.04883954 0.00880823 0.00880823 0.00880823 0.00880823]
客户端选择掩码: [1.0, 1.0, 1.0, 0.0, 1.0, 1.0, 1.0, 0.0, 1.0, 0.0, 1.0, 1.0, 1.0, 1.0, 1.0, 1.0, 0.0, 0.0, 0.0, 1.0, 1.0, 0.0, 1.0, 0.0, 1.0, 1.0, 0.0, 1.0, 1.0, 1.0]
/mnt/data/user_liangzhiyu/envs/fedcsl/lib/python3.8/site-packages/sklearn/utils/validation.py:63: RuntimeWarning:  Orthogonal matching pursuit ended prematurely due to linear
dependence in the dictionary. The requested precision might not have been met.

  return f(*args, **kwargs)
稀疏向量: [ 0.08314594  0.          0.          0.         -0.20592754  1.12119429
  0.          0.          0.          0.          0.          0.
  0.          0.          0.          0.          0.          0.
  0.          0.          0.          0.          0.          0.
  0.          0.          0.          0.          0.          0.        ]
更新后概率: [0.07187411 0.00887867 0.00887867 0.00887867 0.11028393 0.52149723
 0.00887867 0.00887867 0.00887867 0.00887867 0.02493577 0.00887867
 0.0285352  0.00887867 0.00887867 0.00887867 0.00887867 0.00887867
 0.00887867 0.00887867 0.00887867 0.00887867 0.00887867 0.00887867
 0.02978569 0.00887867 0.00887867 0.00887867 0.00887867 0.00887867]
Classification: 0.9775548376126509 0.9453681710213777 308
本轮采样概率阵: [0.07187411 0.00887867 0.00887867 0.00887867 0.11028393 0.52149723
 0.00887867 0.00887867 0.00887867 0.00887867 0.02493577 0.00887867
 0.0285352  0.00887867 0.00887867 0.00887867 0.00887867 0.00887867
 0.00887867 0.00887867 0.00887867 0.00887867 0.00887867 0.00887867
 0.02978569 0.00887867 0.00887867 0.00887867 0.00887867 0.00887867]
客户端选择掩码: [1.0, 1.0, 0.0, 1.0, 1.0, 1.0, 0.0, 1.0, 1.0, 1.0, 1.0, 0.0, 1.0, 0.0, 0.0, 1.0, 1.0, 0.0, 0.0, 1.0, 0.0, 1.0, 0.0, 1.0, 1.0, 1.0, 1.0, 1.0, 1.0, 1.0]
/mnt/data/user_liangzhiyu/envs/fedcsl/lib/python3.8/site-packages/sklearn/utils/validation.py:63: RuntimeWarning:  Orthogonal matching pursuit ended prematurely due to linear
dependence in the dictionary. The requested precision might not have been met.

  return f(*args, **kwargs)
稀疏向量: [ 0.21628727  0.          0.          0.8773011   0.19879262  0.
  0.          0.          0.         -0.2911202   0.          0.
  0.          0.          0.          0.          0.          0.
  0.          0.          0.          0.          0.          0.
  0.          0.          0.          0.          0.          0.        ]
更新后概率: [0.10166145 0.00884677 0.00884677 0.36234576 0.10126314 0.09227133
 0.00884677 0.00884677 0.00884677 0.12128907 0.00884677 0.00884677
 0.00884677 0.00884677 0.00884677 0.00884677 0.00884677 0.00884677
 0.00884677 0.00884677 0.00884677 0.00884677 0.00884677 0.00884677
 0.00884677 0.00884677 0.00884677 0.00884677 0.00884677 0.00884677]
Classification: 0.9775548376126509 0.9440108585001696 309
本轮采样概率阵: [0.10166145 0.00884677 0.00884677 0.36234576 0.10126314 0.09227133
 0.00884677 0.00884677 0.00884677 0.12128907 0.00884677 0.00884677
 0.00884677 0.00884677 0.00884677 0.00884677 0.00884677 0.00884677
 0.00884677 0.00884677 0.00884677 0.00884677 0.00884677 0.00884677
 0.00884677 0.00884677 0.00884677 0.00884677 0.00884677 0.00884677]
客户端选择掩码: [1.0, 1.0, 1.0, 1.0, 1.0, 1.0, 1.0, 0.0, 0.0, 1.0, 0.0, 1.0, 1.0, 0.0, 1.0, 1.0, 1.0, 1.0, 1.0, 0.0, 1.0, 0.0, 0.0, 1.0, 0.0, 1.0, 1.0, 1.0, 0.0, 1.0]
/mnt/data/user_liangzhiyu/envs/fedcsl/lib/python3.8/site-packages/sklearn/utils/validation.py:63: RuntimeWarning:  Orthogonal matching pursuit ended prematurely due to linear
dependence in the dictionary. The requested precision might not have been met.

  return f(*args, **kwargs)
稀疏向量: [-0.6952605   0.          0.          0.         -0.71447245  0.
  0.          0.          0.          0.          0.          0.
  0.          0.          0.          0.          0.          0.
  0.          6.28154786  0.          0.          0.          0.
  0.          0.         -3.90962986  0.          0.          0.        ]
更新后概率: [0.10280991 0.0088196  0.0088196  0.06391487 0.10508505 0.01627592
 0.0088196  0.0088196  0.0088196  0.02139441 0.0088196  0.0088196
 0.0088196  0.0088196  0.0088196  0.0088196  0.0088196  0.0088196
 0.0088196  0.0088196  0.0088196  0.0088196  0.0088196  0.0088196
 0.0088196  0.0088196  0.47884952 0.0088196  0.0088196  0.0088196 ]
Classification: 0.9782349940486312 0.9440108585001696 310
本轮采样概率阵: [0.10280991 0.0088196  0.0088196  0.06391487 0.10508505 0.01627592
 0.0088196  0.0088196  0.0088196  0.02139441 0.0088196  0.0088196
 0.0088196  0.0088196  0.0088196  0.0088196  0.0088196  0.0088196
 0.0088196  0.0088196  0.0088196  0.0088196  0.0088196  0.0088196
 0.0088196  0.0088196  0.47884952 0.0088196  0.0088196  0.0088196 ]
客户端选择掩码: [1.0, 1.0, 1.0, 1.0, 1.0, 1.0, 0.0, 1.0, 1.0, 1.0, 0.0, 1.0, 1.0, 0.0, 1.0, 0.0, 0.0, 1.0, 0.0, 1.0, 1.0, 0.0, 1.0, 1.0, 1.0, 0.0, 1.0, 1.0, 1.0, 0.0]
/mnt/data/user_liangzhiyu/envs/fedcsl/lib/python3.8/site-packages/sklearn/utils/validation.py:63: RuntimeWarning:  Orthogonal matching pursuit ended prematurely due to linear
dependence in the dictionary. The requested precision might not have been met.

  return f(*args, **kwargs)
稀疏向量: [0.03125034 0.         0.         0.         0.06160286 0.
 0.         0.         0.         0.         0.         0.90718483
 0.         0.         0.         0.         0.         0.
 0.         0.         0.         0.         0.         0.
 0.         0.         0.         0.         0.         0.        ]
更新后概率: [0.03827929 0.0087843  0.0087843  0.01122895 0.05831521 0.0087843
 0.0087843  0.0087843  0.0087843  0.0087843  0.0087843  0.58844187
 0.0087843  0.0087843  0.0087843  0.0087843  0.0087843  0.0087843
 0.0087843  0.0087843  0.0087843  0.0087843  0.0087843  0.0087843
 0.0087843  0.0087843  0.08412717 0.0087843  0.0087843  0.0087843 ]
Classification: 0.977724876721646 0.9446895147607737 311
本轮采样概率阵: [0.03827929 0.0087843  0.0087843  0.01122895 0.05831521 0.0087843
 0.0087843  0.0087843  0.0087843  0.0087843  0.0087843  0.58844187
 0.0087843  0.0087843  0.0087843  0.0087843  0.0087843  0.0087843
 0.0087843  0.0087843  0.0087843  0.0087843  0.0087843  0.0087843
 0.0087843  0.0087843  0.08412717 0.0087843  0.0087843  0.0087843 ]
客户端选择掩码: [1.0, 1.0, 0.0, 1.0, 1.0, 0.0, 0.0, 1.0, 1.0, 1.0, 0.0, 1.0, 1.0, 0.0, 0.0, 1.0, 1.0, 1.0, 0.0, 1.0, 1.0, 1.0, 1.0, 1.0, 1.0, 0.0, 1.0, 1.0, 0.0, 1.0]
/mnt/data/user_liangzhiyu/envs/fedcsl/lib/python3.8/site-packages/sklearn/utils/validation.py:63: RuntimeWarning:  Orthogonal matching pursuit ended prematurely due to linear
dependence in the dictionary. The requested precision might not have been met.

  return f(*args, **kwargs)
稀疏向量: [ 0.09815838  0.          0.          0.         -0.20859898  0.
  0.          0.          0.          0.          0.          0.
  0.          0.          0.          0.          0.          0.
  0.          0.          0.          0.          0.          0.
  0.          1.11243926  0.          0.          0.          0.        ]
更新后概率: [0.2115507  0.00869123 0.00869123 0.00869123 0.4455683  0.00869123
 0.00869123 0.00869123 0.00869123 0.00869123 0.00869123 0.10228567
 0.00869123 0.00869123 0.00869123 0.00869123 0.00869123 0.00869123
 0.00869123 0.00869123 0.00869123 0.00869123 0.00869123 0.00869123
 0.00869123 0.00869123 0.01462339 0.00869123 0.00869123 0.00869123]
Classification: 0.977724876721646 0.9443501866304717 312
本轮采样概率阵: [0.2115507  0.00869123 0.00869123 0.00869123 0.4455683  0.00869123
 0.00869123 0.00869123 0.00869123 0.00869123 0.00869123 0.10228567
 0.00869123 0.00869123 0.00869123 0.00869123 0.00869123 0.00869123
 0.00869123 0.00869123 0.00869123 0.00869123 0.00869123 0.00869123
 0.00869123 0.00869123 0.01462339 0.00869123 0.00869123 0.00869123]
客户端选择掩码: [1.0, 1.0, 0.0, 0.0, 1.0, 1.0, 0.0, 0.0, 1.0, 0.0, 1.0, 1.0, 0.0, 0.0, 1.0, 1.0, 1.0, 1.0, 0.0, 1.0, 1.0, 1.0, 1.0, 1.0, 1.0, 1.0, 1.0, 1.0, 0.0, 1.0]
/mnt/data/user_liangzhiyu/envs/fedcsl/lib/python3.8/site-packages/sklearn/utils/validation.py:63: RuntimeWarning:  Orthogonal matching pursuit ended prematurely due to linear
dependence in the dictionary. The requested precision might not have been met.

  return f(*args, **kwargs)
稀疏向量: [ 0.01495583  0.          0.          0.         -0.18193449  0.
  0.          0.          0.          0.          0.          0.
  0.          0.          0.          0.          0.          0.
  0.          0.          0.          0.          0.          0.
  1.16834845  0.          0.          0.          0.          0.        ]
更新后概率: [0.04377634 0.00868778 0.00868778 0.00868778 0.1627952  0.00868778
 0.00868778 0.00868778 0.00868778 0.00868778 0.00868778 0.01777271
 0.00868778 0.00868778 0.00868778 0.00868778 0.00868778 0.00868778
 0.00868778 0.00868778 0.00868778 0.00868778 0.00868778 0.00868778
 0.54977351 0.00868778 0.00868778 0.00868778 0.00868778 0.00868778]
Classification: 0.9773847985036559 0.9450288428910757 313
本轮采样概率阵: [0.04377634 0.00868778 0.00868778 0.00868778 0.1627952  0.00868778
 0.00868778 0.00868778 0.00868778 0.00868778 0.00868778 0.01777271
 0.00868778 0.00868778 0.00868778 0.00868778 0.00868778 0.00868778
 0.00868778 0.00868778 0.00868778 0.00868778 0.00868778 0.00868778
 0.54977351 0.00868778 0.00868778 0.00868778 0.00868778 0.00868778]
客户端选择掩码: [1.0, 1.0, 0.0, 1.0, 1.0, 0.0, 1.0, 1.0, 0.0, 0.0, 1.0, 1.0, 0.0, 1.0, 1.0, 1.0, 1.0, 1.0, 1.0, 1.0, 1.0, 1.0, 0.0, 0.0, 1.0, 0.0, 0.0, 1.0, 1.0, 1.0]
/mnt/data/user_liangzhiyu/envs/fedcsl/lib/python3.8/site-packages/sklearn/utils/validation.py:63: RuntimeWarning:  Orthogonal matching pursuit ended prematurely due to linear
dependence in the dictionary. The requested precision might not have been met.

  return f(*args, **kwargs)
稀疏向量: [-0.02910744  0.          0.          0.          0.09327951  0.
  0.          0.          0.          0.          0.          0.93588312
  0.          0.          0.          0.          0.          0.
  0.          0.          0.          0.          0.          0.
  0.          0.          0.          0.          0.          0.        ]
更新后概率: [0.02520116 0.00867851 0.00867851 0.00867851 0.08466772 0.00867851
 0.00867851 0.00867851 0.00867851 0.00867851 0.00867851 0.56906553
 0.00867851 0.00867851 0.00867851 0.00867851 0.00867851 0.00867851
 0.00867851 0.00867851 0.00867851 0.00867851 0.00867851 0.00867851
 0.09542431 0.00867851 0.00867851 0.00867851 0.00867851 0.00867851]
Classification: 0.977724876721646 0.9453681710213777 314
本轮采样概率阵: [0.02520116 0.00867851 0.00867851 0.00867851 0.08466772 0.00867851
 0.00867851 0.00867851 0.00867851 0.00867851 0.00867851 0.56906553
 0.00867851 0.00867851 0.00867851 0.00867851 0.00867851 0.00867851
 0.00867851 0.00867851 0.00867851 0.00867851 0.00867851 0.00867851
 0.09542431 0.00867851 0.00867851 0.00867851 0.00867851 0.00867851]
客户端选择掩码: [1.0, 1.0, 0.0, 0.0, 1.0, 1.0, 1.0, 0.0, 1.0, 1.0, 1.0, 1.0, 0.0, 1.0, 1.0, 1.0, 1.0, 1.0, 1.0, 0.0, 1.0, 0.0, 1.0, 0.0, 1.0, 0.0, 1.0, 1.0, 0.0, 1.0]
/mnt/data/user_liangzhiyu/envs/fedcsl/lib/python3.8/site-packages/sklearn/utils/validation.py:63: RuntimeWarning:  Orthogonal matching pursuit ended prematurely due to linear
dependence in the dictionary. The requested precision might not have been met.

  return f(*args, **kwargs)
稀疏向量: [0.0311955  0.         0.         0.90896835 0.0615993  0.
 0.         0.         0.         0.         0.         0.
 0.         0.         0.         0.         0.         0.
 0.         0.         0.         0.         0.         0.
 0.         0.         0.         0.         0.         0.        ]
更新后概率: [0.21952333 0.00867765 0.00867765 0.00867765 0.43953325 0.00867765
 0.00867765 0.00867765 0.00867765 0.00867765 0.00867765 0.09876315
 0.00867765 0.00867765 0.00867765 0.00867765 0.00867765 0.00867765
 0.00867765 0.00867765 0.00867765 0.00867765 0.00867765 0.00867765
 0.01656125 0.00867765 0.00867765 0.00867765 0.00867765 0.00867765]
Classification: 0.999829960891005 0.9433322022395657 315
本轮采样概率阵: [0.21952333 0.00867765 0.00867765 0.00867765 0.43953325 0.00867765
 0.00867765 0.00867765 0.00867765 0.00867765 0.00867765 0.09876315
 0.00867765 0.00867765 0.00867765 0.00867765 0.00867765 0.00867765
 0.00867765 0.00867765 0.00867765 0.00867765 0.00867765 0.00867765
 0.01656125 0.00867765 0.00867765 0.00867765 0.00867765 0.00867765]
客户端选择掩码: [1.0, 1.0, 1.0, 1.0, 1.0, 1.0, 1.0, 1.0, 1.0, 1.0, 1.0, 1.0, 1.0, 1.0, 1.0, 1.0, 1.0, 0.0, 0.0, 0.0, 0.0, 1.0, 0.0, 0.0, 0.0, 1.0, 1.0, 0.0, 0.0, 1.0]
/mnt/data/user_liangzhiyu/envs/fedcsl/lib/python3.8/site-packages/sklearn/utils/validation.py:63: RuntimeWarning:  Orthogonal matching pursuit ended prematurely due to linear
dependence in the dictionary. The requested precision might not have been met.

  return f(*args, **kwargs)
稀疏向量: [ 0.          0.          0.          0.         -0.9614384   0.
  0.          0.          0.          0.91563757  0.          0.
  0.          0.          0.          0.          0.          0.
  0.          0.          0.          1.42397403 -0.37896059  0.
  0.          0.          0.          0.          0.          0.        ]
更新后概率: [0.03841816 0.00875036 0.00875036 0.00875036 0.26327591 0.00875036
 0.00875036 0.00875036 0.00875036 0.17899556 0.00875036 0.01728426
 0.00875036 0.00875036 0.00875036 0.00875036 0.00875036 0.00875036
 0.00875036 0.00875036 0.00875036 0.2775258  0.00875036 0.00875036
 0.01449169 0.00875036 0.00875036 0.00875036 0.00875036 0.00875036]
Classification: 0.999829960891005 0.9426535459789617 316
本轮采样概率阵: [0.03841816 0.00875036 0.00875036 0.00875036 0.26327591 0.00875036
 0.00875036 0.00875036 0.00875036 0.17899556 0.00875036 0.01728426
 0.00875036 0.00875036 0.00875036 0.00875036 0.00875036 0.00875036
 0.00875036 0.00875036 0.00875036 0.2775258  0.00875036 0.00875036
 0.01449169 0.00875036 0.00875036 0.00875036 0.00875036 0.00875036]
客户端选择掩码: [1.0, 1.0, 0.0, 1.0, 1.0, 1.0, 1.0, 1.0, 1.0, 1.0, 0.0, 1.0, 1.0, 0.0, 1.0, 1.0, 1.0, 0.0, 1.0, 1.0, 0.0, 1.0, 1.0, 0.0, 1.0, 0.0, 1.0, 0.0, 1.0, 0.0]
/mnt/data/user_liangzhiyu/envs/fedcsl/lib/python3.8/site-packages/sklearn/utils/validation.py:63: RuntimeWarning:  Orthogonal matching pursuit ended prematurely due to linear
dependence in the dictionary. The requested precision might not have been met.

  return f(*args, **kwargs)
稀疏向量: [-0.02779934  0.          0.          0.         -0.21264987  0.6438895
  0.          0.          0.          0.59673981  0.          0.
  0.          0.          0.          0.          0.          0.
  0.          0.          0.          0.          0.          0.
  0.          0.          0.          0.          0.          0.        ]
更新后概率: [0.01886794 0.00876893 0.00876893 0.00876893 0.13896255 0.28249533
 0.00876893 0.00876893 0.00876893 0.29177895 0.00876893 0.00876893
 0.00876893 0.00876893 0.00876893 0.00876893 0.00876893 0.00876893
 0.00876893 0.00876893 0.00876893 0.04867207 0.00876893 0.00876893
 0.00876893 0.00876893 0.00876893 0.00876893 0.00876893 0.00876893]
Classification: 0.977894915830641 0.9440108585001696 317
本轮采样概率阵: [0.01886794 0.00876893 0.00876893 0.00876893 0.13896255 0.28249533
 0.00876893 0.00876893 0.00876893 0.29177895 0.00876893 0.00876893
 0.00876893 0.00876893 0.00876893 0.00876893 0.00876893 0.00876893
 0.00876893 0.00876893 0.00876893 0.04867207 0.00876893 0.00876893
 0.00876893 0.00876893 0.00876893 0.00876893 0.00876893 0.00876893]
客户端选择掩码: [1.0, 1.0, 1.0, 0.0, 1.0, 1.0, 1.0, 1.0, 1.0, 1.0, 1.0, 1.0, 1.0, 1.0, 0.0, 0.0, 1.0, 1.0, 1.0, 0.0, 0.0, 1.0, 1.0, 0.0, 1.0, 0.0, 0.0, 1.0, 1.0, 0.0]
/mnt/data/user_liangzhiyu/envs/fedcsl/lib/python3.8/site-packages/sklearn/utils/validation.py:63: RuntimeWarning:  Orthogonal matching pursuit ended prematurely due to linear
dependence in the dictionary. The requested precision might not have been met.

  return f(*args, **kwargs)
稀疏向量: [ 0.04503142  0.          0.          0.         -0.22386259  0.
  0.          0.          0.          0.          0.          0.
  0.          0.          0.          0.          0.          0.
  0.          0.          0.          0.          0.          0.
  1.18016962  0.          0.          0.          0.          0.        ]
更新后概率: [0.02349923 0.00881027 0.00881027 0.00881027 0.12477897 0.04977723
 0.00881027 0.00881027 0.00881027 0.05141306 0.00881027 0.00881027
 0.00881027 0.00881027 0.00881027 0.00881027 0.00881027 0.00881027
 0.00881027 0.00881027 0.00881027 0.00881027 0.00881027 0.00881027
 0.53027464 0.00881027 0.00881027 0.00881027 0.00881027 0.00881027]
Classification: 0.9773847985036559 0.9440108585001696 318
本轮采样概率阵: [0.02349923 0.00881027 0.00881027 0.00881027 0.12477897 0.04977723
 0.00881027 0.00881027 0.00881027 0.05141306 0.00881027 0.00881027
 0.00881027 0.00881027 0.00881027 0.00881027 0.00881027 0.00881027
 0.00881027 0.00881027 0.00881027 0.00881027 0.00881027 0.00881027
 0.53027464 0.00881027 0.00881027 0.00881027 0.00881027 0.00881027]
客户端选择掩码: [1.0, 1.0, 1.0, 0.0, 1.0, 1.0, 1.0, 1.0, 0.0, 1.0, 1.0, 0.0, 1.0, 1.0, 1.0, 1.0, 1.0, 0.0, 0.0, 1.0, 1.0, 1.0, 0.0, 1.0, 1.0, 0.0, 1.0, 1.0, 0.0, 0.0]
/mnt/data/user_liangzhiyu/envs/fedcsl/lib/python3.8/site-packages/sklearn/utils/validation.py:63: RuntimeWarning:  Orthogonal matching pursuit ended prematurely due to linear
dependence in the dictionary. The requested precision might not have been met.

  return f(*args, **kwargs)
稀疏向量: [ 0.0360549   0.          0.          0.         -0.06292788  0.
  0.          0.          0.          1.02876028  0.          0.
  0.          0.          0.          0.          0.          0.
  0.          0.          0.          0.          0.          0.
  0.          0.          0.          0.          0.          0.        ]
更新后概率: [0.02472387 0.00875228 0.00875228 0.00875228 0.05781412 0.00875228
 0.00875228 0.00875228 0.00875228 0.59708039 0.00875228 0.00875228
 0.00875228 0.00875228 0.00875228 0.00875228 0.00875228 0.00875228
 0.00875228 0.00875228 0.00875228 0.00875228 0.00875228 0.00875228
 0.09282228 0.00875228 0.00875228 0.00875228 0.00875228 0.00875228]
Classification: 0.999829960891005 0.9433322022395657 319
本轮采样概率阵: [0.02472387 0.00875228 0.00875228 0.00875228 0.05781412 0.00875228
 0.00875228 0.00875228 0.00875228 0.59708039 0.00875228 0.00875228
 0.00875228 0.00875228 0.00875228 0.00875228 0.00875228 0.00875228
 0.00875228 0.00875228 0.00875228 0.00875228 0.00875228 0.00875228
 0.09282228 0.00875228 0.00875228 0.00875228 0.00875228 0.00875228]
客户端选择掩码: [1.0, 0.0, 1.0, 1.0, 1.0, 1.0, 1.0, 1.0, 0.0, 1.0, 0.0, 1.0, 1.0, 1.0, 0.0, 1.0, 0.0, 1.0, 1.0, 1.0, 1.0, 0.0, 0.0, 1.0, 1.0, 0.0, 1.0, 1.0, 0.0, 1.0]
/mnt/data/user_liangzhiyu/envs/fedcsl/lib/python3.8/site-packages/sklearn/utils/validation.py:63: RuntimeWarning:  Orthogonal matching pursuit ended prematurely due to linear
dependence in the dictionary. The requested precision might not have been met.

  return f(*args, **kwargs)
稀疏向量: [0.         0.         0.         0.         0.         0.
 0.         0.         0.         0.         0.         0.
 0.28608085 0.         0.         0.         0.         0.
 0.         0.14334695 0.         0.         0.         0.56756061
 0.         0.         0.         0.         0.         0.        ]
更新后概率: [0.00883565 0.00883565 0.00883565 0.00883565 0.01021652 0.00883565
 0.00883565 0.00883565 0.00883565 0.10551192 0.00883565 0.00883565
 0.1883975  0.00883565 0.00883565 0.00883565 0.00883565 0.00883565
 0.00883565 0.09517227 0.00883565 0.00883565 0.00883565 0.37224319
 0.01640292 0.00883565 0.00883565 0.00883565 0.00883565 0.00883565]
Classification: 0.999829960891005 0.9446895147607737 320
本轮采样概率阵: [0.00883565 0.00883565 0.00883565 0.00883565 0.01021652 0.00883565
 0.00883565 0.00883565 0.00883565 0.10551192 0.00883565 0.00883565
 0.1883975  0.00883565 0.00883565 0.00883565 0.00883565 0.00883565
 0.00883565 0.09517227 0.00883565 0.00883565 0.00883565 0.37224319
 0.01640292 0.00883565 0.00883565 0.00883565 0.00883565 0.00883565]
客户端选择掩码: [1.0, 0.0, 1.0, 1.0, 0.0, 0.0, 1.0, 0.0, 0.0, 1.0, 0.0, 1.0, 1.0, 1.0, 1.0, 1.0, 1.0, 1.0, 1.0, 1.0, 1.0, 0.0, 1.0, 1.0, 1.0, 1.0, 1.0, 1.0, 0.0, 0.0]
/mnt/data/user_liangzhiyu/envs/fedcsl/lib/python3.8/site-packages/sklearn/utils/validation.py:63: RuntimeWarning:  Orthogonal matching pursuit ended prematurely due to linear
dependence in the dictionary. The requested precision might not have been met.

  return f(*args, **kwargs)
稀疏向量: [0.11960543 0.         0.         0.         0.09961235 0.
 0.         0.         0.         0.         0.         0.
 0.         0.26985237 0.         0.         0.         0.
 0.51052364 0.         0.         0.         0.         0.
 0.         0.         0.         0.         0.         0.        ]
更新后概率: [0.0885828  0.00890423 0.00890423 0.00890423 0.00909703 0.00890423
 0.00890423 0.00890423 0.00890423 0.01879006 0.00890423 0.00890423
 0.03355071 0.19788287 0.00890423 0.00890423 0.00890423 0.00890423
 0.37296388 0.01694873 0.00890423 0.00890423 0.00890423 0.06629081
 0.00890423 0.00890423 0.00890423 0.00890423 0.00890423 0.00890423]
Classification: 0.999829960891005 0.9436715303698676 321
本轮采样概率阵: [0.0885828  0.00890423 0.00890423 0.00890423 0.00909703 0.00890423
 0.00890423 0.00890423 0.00890423 0.01879006 0.00890423 0.00890423
 0.03355071 0.19788287 0.00890423 0.00890423 0.00890423 0.00890423
 0.37296388 0.01694873 0.00890423 0.00890423 0.00890423 0.06629081
 0.00890423 0.00890423 0.00890423 0.00890423 0.00890423 0.00890423]
客户端选择掩码: [1.0, 0.0, 1.0, 0.0, 1.0, 1.0, 0.0, 1.0, 1.0, 1.0, 0.0, 1.0, 1.0, 1.0, 0.0, 0.0, 1.0, 1.0, 1.0, 1.0, 1.0, 0.0, 0.0, 1.0, 1.0, 0.0, 1.0, 1.0, 1.0, 1.0]
/mnt/data/user_liangzhiyu/envs/fedcsl/lib/python3.8/site-packages/sklearn/utils/validation.py:63: RuntimeWarning:  Orthogonal matching pursuit ended prematurely due to linear
dependence in the dictionary. The requested precision might not have been met.

  return f(*args, **kwargs)
稀疏向量: [-4.67358354  0.          0.          0.          0.          0.
  0.          0.          0.          0.          0.         11.63875778
 -5.96155283  0.          0.          0.          0.          0.
  0.          0.          0.          0.          0.          0.
  0.          0.          0.          0.          0.          0.        ]
更新后概率: [0.15238569 0.00885328 0.00885328 0.00885328 0.00885328 0.00885328
 0.00885328 0.00885328 0.00885328 0.00885328 0.00885328 0.34200631
 0.18031405 0.03503826 0.00885328 0.00885328 0.00885328 0.00885328
 0.06603909 0.00885328 0.00885328 0.00885328 0.00885328 0.01173783
 0.00885328 0.00885328 0.00885328 0.00885328 0.00885328 0.00885328]
Classification: 0.999829960891005 0.9436715303698676 322
本轮采样概率阵: [0.15238569 0.00885328 0.00885328 0.00885328 0.00885328 0.00885328
 0.00885328 0.00885328 0.00885328 0.00885328 0.00885328 0.34200631
 0.18031405 0.03503826 0.00885328 0.00885328 0.00885328 0.00885328
 0.06603909 0.00885328 0.00885328 0.00885328 0.00885328 0.01173783
 0.00885328 0.00885328 0.00885328 0.00885328 0.00885328 0.00885328]
客户端选择掩码: [1.0, 0.0, 1.0, 1.0, 1.0, 0.0, 0.0, 0.0, 0.0, 1.0, 1.0, 1.0, 1.0, 1.0, 1.0, 1.0, 1.0, 0.0, 1.0, 0.0, 1.0, 0.0, 1.0, 1.0, 1.0, 1.0, 0.0, 1.0, 1.0, 1.0]
/mnt/data/user_liangzhiyu/envs/fedcsl/lib/python3.8/site-packages/sklearn/utils/validation.py:63: RuntimeWarning:  Orthogonal matching pursuit ended prematurely due to linear
dependence in the dictionary. The requested precision might not have been met.

  return f(*args, **kwargs)
稀疏向量: [ 0.07845527  0.          0.          0.         -0.11150878  1.03170834
  0.          0.          0.          0.          0.          0.
  0.          0.          0.          0.          0.          0.
  0.          0.          0.          0.          0.          0.
  0.          0.          0.          0.          0.          0.        ]
更新后概率: [0.2944538  0.00880146 0.00880146 0.00880146 0.38194123 0.00880146
 0.00880146 0.00880146 0.00880146 0.00880146 0.00880146 0.06020312
 0.03174056 0.00880146 0.00880146 0.00880146 0.00880146 0.00880146
 0.01162484 0.00880146 0.00880146 0.00880146 0.00880146 0.00880146
 0.00880146 0.00880146 0.00880146 0.00880146 0.00880146 0.00880146]
Classification: 0.9773847985036559 0.9450288428910757 323
本轮采样概率阵: [0.2944538  0.00880146 0.00880146 0.00880146 0.38194123 0.00880146
 0.00880146 0.00880146 0.00880146 0.00880146 0.00880146 0.06020312
 0.03174056 0.00880146 0.00880146 0.00880146 0.00880146 0.00880146
 0.01162484 0.00880146 0.00880146 0.00880146 0.00880146 0.00880146
 0.00880146 0.00880146 0.00880146 0.00880146 0.00880146 0.00880146]
客户端选择掩码: [1.0, 1.0, 1.0, 1.0, 1.0, 1.0, 0.0, 1.0, 0.0, 0.0, 1.0, 1.0, 1.0, 1.0, 1.0, 1.0, 0.0, 1.0, 1.0, 0.0, 1.0, 0.0, 1.0, 0.0, 0.0, 1.0, 1.0, 1.0, 1.0, 0.0]
/mnt/data/user_liangzhiyu/envs/fedcsl/lib/python3.8/site-packages/sklearn/utils/validation.py:63: RuntimeWarning:  Orthogonal matching pursuit ended prematurely due to linear
dependence in the dictionary. The requested precision might not have been met.

  return f(*args, **kwargs)
稀疏向量: [-0.04868715  0.          0.          1.05062563  0.          0.
  0.          0.          0.          0.          0.          0.
  0.          0.          0.          0.          0.          0.
  0.          0.          0.          0.          0.          0.
  0.          0.          0.          0.          0.          0.        ]
更新后概率: [0.07987639 0.00872822 0.00872822 0.6160073  0.06667333 0.00872822
 0.00872822 0.00872822 0.00872822 0.00872822 0.00872822 0.01050932
 0.00872822 0.00872822 0.00872822 0.00872822 0.00872822 0.00872822
 0.00872822 0.00872822 0.00872822 0.00872822 0.00872822 0.00872822
 0.00872822 0.00872822 0.00872822 0.00872822 0.00872822 0.00872822]
Classification: 0.999829960891005 0.9446895147607737 324
本轮采样概率阵: [0.07987639 0.00872822 0.00872822 0.6160073  0.06667333 0.00872822
 0.00872822 0.00872822 0.00872822 0.00872822 0.00872822 0.01050932
 0.00872822 0.00872822 0.00872822 0.00872822 0.00872822 0.00872822
 0.00872822 0.00872822 0.00872822 0.00872822 0.00872822 0.00872822
 0.00872822 0.00872822 0.00872822 0.00872822 0.00872822 0.00872822]
客户端选择掩码: [1.0, 0.0, 1.0, 1.0, 1.0, 1.0, 1.0, 1.0, 1.0, 1.0, 1.0, 1.0, 0.0, 0.0, 0.0, 1.0, 1.0, 1.0, 0.0, 1.0, 1.0, 0.0, 0.0, 1.0, 1.0, 1.0, 1.0, 1.0, 0.0, 0.0]
/mnt/data/user_liangzhiyu/envs/fedcsl/lib/python3.8/site-packages/sklearn/utils/validation.py:63: RuntimeWarning:  Orthogonal matching pursuit ended prematurely due to linear
dependence in the dictionary. The requested precision might not have been met.

  return f(*args, **kwargs)
稀疏向量: [0.06614117 0.         0.         0.         0.11624734 0.
 0.         0.36751259 0.         0.         0.         0.
 0.3086059  0.         0.         0.         0.         0.
 0.         0.         0.         0.         0.         0.
 0.         0.         0.         0.         0.         0.14118215]
更新后概率: [0.09087891 0.00868498 0.00868498 0.10700018 0.14692133 0.00868498
 0.00868498 0.4293902  0.00868498 0.00868498 0.00868498 0.00868498
 0.00868498 0.00868498 0.00868498 0.00868498 0.00868498 0.00868498
 0.00868498 0.00868498 0.00868498 0.00868498 0.00868498 0.00868498
 0.00868498 0.00868498 0.00868498 0.00868498 0.00868498 0.00868498]
Classification: 0.999829960891005 0.9440108585001696 325
本轮采样概率阵: [0.09087891 0.00868498 0.00868498 0.10700018 0.14692133 0.00868498
 0.00868498 0.4293902  0.00868498 0.00868498 0.00868498 0.00868498
 0.00868498 0.00868498 0.00868498 0.00868498 0.00868498 0.00868498
 0.00868498 0.00868498 0.00868498 0.00868498 0.00868498 0.00868498
 0.00868498 0.00868498 0.00868498 0.00868498 0.00868498 0.00868498]
客户端选择掩码: [1.0, 1.0, 1.0, 1.0, 1.0, 1.0, 0.0, 1.0, 0.0, 0.0, 1.0, 0.0, 0.0, 1.0, 1.0, 1.0, 1.0, 1.0, 0.0, 1.0, 0.0, 1.0, 1.0, 1.0, 1.0, 1.0, 0.0, 0.0, 1.0, 1.0]
/mnt/data/user_liangzhiyu/envs/fedcsl/lib/python3.8/site-packages/sklearn/utils/validation.py:63: RuntimeWarning:  Orthogonal matching pursuit ended prematurely due to linear
dependence in the dictionary. The requested precision might not have been met.

  return f(*args, **kwargs)
稀疏向量: [ 0.06394628  0.          0.          0.         -0.22227937  0.
  0.          0.          0.          0.          0.          0.
  0.          0.          0.          0.          0.          0.
  0.          0.          0.          0.          0.          0.
  1.15961525  0.          0.          0.          0.          0.        ]
更新后概率: [0.04439721 0.00874093 0.00874093 0.01870562 0.1247859  0.00874093
 0.00874093 0.07506539 0.00874093 0.00874093 0.00874093 0.00874093
 0.00874093 0.00874093 0.00874093 0.00874093 0.00874093 0.00874093
 0.00874093 0.00874093 0.00874093 0.00874093 0.00874093 0.00874093
 0.51852267 0.00874093 0.00874093 0.00874093 0.00874093 0.00874093]
Classification: 0.9994898826730148 0.9440108585001696 326
本轮采样概率阵: [0.04439721 0.00874093 0.00874093 0.01870562 0.1247859  0.00874093
 0.00874093 0.07506539 0.00874093 0.00874093 0.00874093 0.00874093
 0.00874093 0.00874093 0.00874093 0.00874093 0.00874093 0.00874093
 0.00874093 0.00874093 0.00874093 0.00874093 0.00874093 0.00874093
 0.51852267 0.00874093 0.00874093 0.00874093 0.00874093 0.00874093]
客户端选择掩码: [1.0, 1.0, 0.0, 1.0, 1.0, 1.0, 0.0, 1.0, 1.0, 1.0, 1.0, 1.0, 1.0, 1.0, 1.0, 0.0, 1.0, 0.0, 0.0, 0.0, 0.0, 1.0, 1.0, 0.0, 1.0, 1.0, 1.0, 1.0, 1.0, 0.0]
/mnt/data/user_liangzhiyu/envs/fedcsl/lib/python3.8/site-packages/sklearn/utils/validation.py:63: RuntimeWarning:  Orthogonal matching pursuit ended prematurely due to linear
dependence in the dictionary. The requested precision might not have been met.

  return f(*args, **kwargs)
稀疏向量: [ 0.06520216  0.          0.          0.         -0.23328291  0.
  0.          0.          0.          0.          0.          0.
  0.          0.          0.          0.          0.          0.
  0.          0.          1.16793765  0.          0.          0.
  0.          0.          0.          0.          0.          0.        ]
更新后概率: [0.14777639 0.00869853 0.00869853 0.00869853 0.5227948  0.00869853
 0.00869853 0.0130592  0.00869853 0.00869853 0.00869853 0.00869853
 0.00869853 0.00869853 0.00869853 0.00869853 0.00869853 0.00869853
 0.00869853 0.00869853 0.00869853 0.00869853 0.00869853 0.00869853
 0.09020775 0.00869853 0.00869853 0.00869853 0.00869853 0.00869853]
Classification: 0.9993198435640197 0.9446895147607737 327
本轮采样概率阵: [0.14777639 0.00869853 0.00869853 0.00869853 0.5227948  0.00869853
 0.00869853 0.0130592  0.00869853 0.00869853 0.00869853 0.00869853
 0.00869853 0.00869853 0.00869853 0.00869853 0.00869853 0.00869853
 0.00869853 0.00869853 0.00869853 0.00869853 0.00869853 0.00869853
 0.09020775 0.00869853 0.00869853 0.00869853 0.00869853 0.00869853]
客户端选择掩码: [1.0, 1.0, 0.0, 1.0, 1.0, 1.0, 1.0, 1.0, 0.0, 0.0, 0.0, 1.0, 0.0, 1.0, 0.0, 0.0, 0.0, 1.0, 1.0, 1.0, 1.0, 1.0, 1.0, 1.0, 1.0, 1.0, 1.0, 1.0, 1.0, 0.0]
/mnt/data/user_liangzhiyu/envs/fedcsl/lib/python3.8/site-packages/sklearn/utils/validation.py:63: RuntimeWarning:  Orthogonal matching pursuit ended prematurely due to linear
dependence in the dictionary. The requested precision might not have been met.

  return f(*args, **kwargs)
稀疏向量: [-0.46944706  0.          0.          0.          0.21177586  0.
  1.26253643  0.          0.          0.          0.          0.
  0.         -0.0093489   0.          0.          0.          0.
  0.          0.          0.          0.          0.          0.
  0.          0.          0.          0.          0.          0.        ]
更新后概率: [0.18017105 0.0087128  0.0087128  0.0087128  0.16076179 0.0087128
 0.41681506 0.0087128  0.0087128  0.0087128  0.0087128  0.0087128
 0.0087128  0.0087128  0.0087128  0.0087128  0.0087128  0.0087128
 0.0087128  0.0087128  0.0087128  0.0087128  0.0087128  0.0087128
 0.01571925 0.0087128  0.0087128  0.0087128  0.0087128  0.0087128 ]
Classification: 0.9996599217820099 0.9433322022395657 328
本轮采样概率阵: [0.18017105 0.0087128  0.0087128  0.0087128  0.16076179 0.0087128
 0.41681506 0.0087128  0.0087128  0.0087128  0.0087128  0.0087128
 0.0087128  0.0087128  0.0087128  0.0087128  0.0087128  0.0087128
 0.0087128  0.0087128  0.0087128  0.0087128  0.0087128  0.0087128
 0.01571925 0.0087128  0.0087128  0.0087128  0.0087128  0.0087128 ]
客户端选择掩码: [1.0, 1.0, 1.0, 0.0, 1.0, 0.0, 1.0, 1.0, 1.0, 1.0, 1.0, 0.0, 1.0, 0.0, 0.0, 1.0, 1.0, 1.0, 1.0, 1.0, 0.0, 1.0, 0.0, 1.0, 0.0, 1.0, 1.0, 0.0, 1.0, 1.0]
/mnt/data/user_liangzhiyu/envs/fedcsl/lib/python3.8/site-packages/sklearn/utils/validation.py:63: RuntimeWarning:  Orthogonal matching pursuit ended prematurely due to linear
dependence in the dictionary. The requested precision might not have been met.

  return f(*args, **kwargs)
稀疏向量: [0.02431821 0.         0.         0.         0.05464861 0.
 0.         0.         0.         0.         0.         0.92106414
 0.         0.         0.         0.         0.         0.
 0.         0.         0.         0.         0.         0.
 0.         0.         0.         0.         0.         0.        ]
更新后概率: [0.22551207 0.00862865 0.00862865 0.00862865 0.46464834 0.00862865
 0.07193111 0.00862865 0.00862865 0.00862865 0.00862865 0.00862865
 0.00862865 0.00862865 0.00862865 0.00862865 0.00862865 0.00862865
 0.00862865 0.00862865 0.00862865 0.00862865 0.00862865 0.00862865
 0.01356359 0.00862865 0.00862865 0.00862865 0.00862865 0.00862865]
Classification: 0.999829960891005 0.9440108585001696 329
本轮采样概率阵: [0.22551207 0.00862865 0.00862865 0.00862865 0.46464834 0.00862865
 0.07193111 0.00862865 0.00862865 0.00862865 0.00862865 0.00862865
 0.00862865 0.00862865 0.00862865 0.00862865 0.00862865 0.00862865
 0.00862865 0.00862865 0.00862865 0.00862865 0.00862865 0.00862865
 0.01356359 0.00862865 0.00862865 0.00862865 0.00862865 0.00862865]
客户端选择掩码: [1.0, 0.0, 0.0, 0.0, 1.0, 1.0, 1.0, 1.0, 1.0, 0.0, 0.0, 1.0, 1.0, 0.0, 1.0, 1.0, 1.0, 1.0, 1.0, 0.0, 1.0, 0.0, 1.0, 1.0, 1.0, 1.0, 1.0, 1.0, 1.0, 0.0]
/mnt/data/user_liangzhiyu/envs/fedcsl/lib/python3.8/site-packages/sklearn/utils/validation.py:63: RuntimeWarning:  Orthogonal matching pursuit ended prematurely due to linear
dependence in the dictionary. The requested precision might not have been met.

  return f(*args, **kwargs)
稀疏向量: [ 0.03048492  0.          0.          0.         -0.33986513  0.
  0.          0.          0.          0.          0.          0.
  0.          0.          0.          0.          0.          0.
  0.          0.          0.          0.          0.          0.
  1.3107586   0.          0.          0.          0.          0.        ]
更新后概率: [0.05072216 0.00867299 0.00867299 0.00867299 0.20997622 0.00867299
 0.01247716 0.00867299 0.00867299 0.00867299 0.00867299 0.00867299
 0.00867299 0.00867299 0.00867299 0.00867299 0.00867299 0.00867299
 0.00867299 0.00867299 0.00867299 0.00867299 0.00867299 0.00867299
 0.50132668 0.00867299 0.00867299 0.00867299 0.00867299 0.00867299]
Classification: 0.999829960891005 0.9436715303698676 330
本轮采样概率阵: [0.05072216 0.00867299 0.00867299 0.00867299 0.20997622 0.00867299
 0.01247716 0.00867299 0.00867299 0.00867299 0.00867299 0.00867299
 0.00867299 0.00867299 0.00867299 0.00867299 0.00867299 0.00867299
 0.00867299 0.00867299 0.00867299 0.00867299 0.00867299 0.00867299
 0.50132668 0.00867299 0.00867299 0.00867299 0.00867299 0.00867299]
客户端选择掩码: [1.0, 1.0, 1.0, 1.0, 1.0, 1.0, 0.0, 0.0, 1.0, 0.0, 1.0, 1.0, 0.0, 1.0, 1.0, 0.0, 0.0, 1.0, 1.0, 1.0, 1.0, 1.0, 1.0, 1.0, 1.0, 1.0, 1.0, 0.0, 0.0, 0.0]
/mnt/data/user_liangzhiyu/envs/fedcsl/lib/python3.8/site-packages/sklearn/utils/validation.py:63: RuntimeWarning:  Orthogonal matching pursuit ended prematurely due to linear
dependence in the dictionary. The requested precision might not have been met.

  return f(*args, **kwargs)
稀疏向量: [-4.39999864  6.90929442  0.          0.         -1.73018124  0.
  0.          0.          0.          0.          0.          0.
 -3.51908127  3.74745226  0.          0.          0.          0.
  0.          0.          0.          0.          0.          0.
  0.          0.          0.          0.          0.          0.        ]
更新后概率: [0.17733205 0.26604288 0.00874996 0.00874996 0.10298635 0.00874996
 0.01091747 0.00874996 0.00874996 0.00874996 0.00874996 0.00874996
 0.00874996 0.14499048 0.00874996 0.00874996 0.00874996 0.00874996
 0.00874996 0.00874996 0.00874996 0.00874996 0.00874996 0.00874996
 0.08773176 0.00874996 0.00874996 0.00874996 0.00874996 0.00874996]
Classification: 0.9994898826730148 0.9436715303698676 331
本轮采样概率阵: [0.17733205 0.26604288 0.00874996 0.00874996 0.10298635 0.00874996
 0.01091747 0.00874996 0.00874996 0.00874996 0.00874996 0.00874996
 0.00874996 0.14499048 0.00874996 0.00874996 0.00874996 0.00874996
 0.00874996 0.00874996 0.00874996 0.00874996 0.00874996 0.00874996
 0.08773176 0.00874996 0.00874996 0.00874996 0.00874996 0.00874996]
客户端选择掩码: [1.0, 1.0, 1.0, 1.0, 1.0, 1.0, 1.0, 1.0, 1.0, 1.0, 0.0, 1.0, 1.0, 1.0, 0.0, 0.0, 1.0, 0.0, 1.0, 0.0, 1.0, 0.0, 1.0, 0.0, 1.0, 1.0, 1.0, 0.0, 1.0, 0.0]
/mnt/data/user_liangzhiyu/envs/fedcsl/lib/python3.8/site-packages/sklearn/utils/validation.py:63: RuntimeWarning:  Orthogonal matching pursuit ended prematurely due to linear
dependence in the dictionary. The requested precision might not have been met.

  return f(*args, **kwargs)
稀疏向量: [0.23369899 0.         0.         0.         0.01370252 0.
 0.         0.         0.         0.         0.         0.
 0.         0.         0.         0.         0.66992196 0.
 0.         0.         0.         0.         0.         0.
 0.08117099 0.         0.         0.         0.         0.        ]
更新后概率: [0.18329665 0.0468977  0.00881394 0.00881394 0.02706871 0.00881394
 0.00881394 0.00881394 0.00881394 0.00881394 0.00881394 0.00881394
 0.00881394 0.02555874 0.00881394 0.00881394 0.43737135 0.00881394
 0.00881394 0.00881394 0.00881394 0.00881394 0.00881394 0.00881394
 0.06827239 0.00881394 0.00881394 0.00881394 0.00881394 0.00881394]
Classification: 0.999829960891005 0.9443501866304717 332
本轮采样概率阵: [0.18329665 0.0468977  0.00881394 0.00881394 0.02706871 0.00881394
 0.00881394 0.00881394 0.00881394 0.00881394 0.00881394 0.00881394
 0.00881394 0.02555874 0.00881394 0.00881394 0.43737135 0.00881394
 0.00881394 0.00881394 0.00881394 0.00881394 0.00881394 0.00881394
 0.06827239 0.00881394 0.00881394 0.00881394 0.00881394 0.00881394]
客户端选择掩码: [1.0, 1.0, 0.0, 1.0, 1.0, 1.0, 1.0, 1.0, 0.0, 1.0, 1.0, 1.0, 1.0, 1.0, 0.0, 1.0, 1.0, 0.0, 0.0, 1.0, 0.0, 1.0, 1.0, 0.0, 1.0, 1.0, 1.0, 1.0, 0.0, 0.0]
/mnt/data/user_liangzhiyu/envs/fedcsl/lib/python3.8/site-packages/sklearn/utils/validation.py:63: RuntimeWarning:  Orthogonal matching pursuit ended prematurely due to linear
dependence in the dictionary. The requested precision might not have been met.

  return f(*args, **kwargs)
稀疏向量: [ 0.07468908  0.          0.          0.         -0.17507618  1.09896496
  0.          0.          0.          0.          0.          0.
  0.          0.          0.          0.          0.          0.
  0.          0.          0.          0.          0.          0.
  0.          0.          0.          0.          0.          0.        ]
更新后概率: [0.06844599 0.00883779 0.00883779 0.00883779 0.08928167 0.531952
 0.00883779 0.00883779 0.00883779 0.00883779 0.00883779 0.00883779
 0.00883779 0.00883779 0.00883779 0.00883779 0.07730796 0.00883779
 0.00883779 0.00883779 0.00883779 0.00883779 0.00883779 0.00883779
 0.01206755 0.00883779 0.00883779 0.00883779 0.00883779 0.00883779]
Classification: 0.999829960891005 0.9436715303698676 333
本轮采样概率阵: [0.06844599 0.00883779 0.00883779 0.00883779 0.08928167 0.531952
 0.00883779 0.00883779 0.00883779 0.00883779 0.00883779 0.00883779
 0.00883779 0.00883779 0.00883779 0.00883779 0.07730796 0.00883779
 0.00883779 0.00883779 0.00883779 0.00883779 0.00883779 0.00883779
 0.01206755 0.00883779 0.00883779 0.00883779 0.00883779 0.00883779]
客户端选择掩码: [1.0, 1.0, 1.0, 0.0, 1.0, 1.0, 0.0, 1.0, 1.0, 1.0, 1.0, 0.0, 1.0, 1.0, 1.0, 0.0, 1.0, 1.0, 1.0, 1.0, 0.0, 1.0, 0.0, 0.0, 1.0, 1.0, 0.0, 0.0, 1.0, 1.0]
/mnt/data/user_liangzhiyu/envs/fedcsl/lib/python3.8/site-packages/sklearn/utils/validation.py:63: RuntimeWarning:  Orthogonal matching pursuit ended prematurely due to linear
dependence in the dictionary. The requested precision might not have been met.

  return f(*args, **kwargs)
稀疏向量: [ 0.09274552  0.          0.          0.         -0.15916823  0.
  0.          0.          0.          0.          0.          0.
  0.          0.          0.          0.          0.          0.
  0.          0.          0.          0.          0.          0.
  0.          0.          0.          1.06569018  0.          0.        ]
更新后概率: [0.2476967  0.00869743 0.00869743 0.00869743 0.42019015 0.09253233
 0.00869743 0.00869743 0.00869743 0.00869743 0.00869743 0.00869743
 0.00869743 0.00869743 0.00869743 0.00869743 0.01344764 0.00869743
 0.00869743 0.00869743 0.00869743 0.00869743 0.00869743 0.00869743
 0.00869743 0.00869743 0.00869743 0.00869743 0.00869743 0.00869743]
Classification: 0.999829960891005 0.9433322022395657 334
本轮采样概率阵: [0.2476967  0.00869743 0.00869743 0.00869743 0.42019015 0.09253233
 0.00869743 0.00869743 0.00869743 0.00869743 0.00869743 0.00869743
 0.00869743 0.00869743 0.00869743 0.00869743 0.01344764 0.00869743
 0.00869743 0.00869743 0.00869743 0.00869743 0.00869743 0.00869743
 0.00869743 0.00869743 0.00869743 0.00869743 0.00869743 0.00869743]
客户端选择掩码: [1.0, 0.0, 1.0, 0.0, 1.0, 1.0, 1.0, 1.0, 1.0, 0.0, 0.0, 0.0, 1.0, 1.0, 1.0, 0.0, 1.0, 1.0, 1.0, 1.0, 1.0, 1.0, 1.0, 0.0, 0.0, 1.0, 1.0, 1.0, 1.0, 0.0]
/mnt/data/user_liangzhiyu/envs/fedcsl/lib/python3.8/site-packages/sklearn/utils/validation.py:63: RuntimeWarning:  Orthogonal matching pursuit ended prematurely due to linear
dependence in the dictionary. The requested precision might not have been met.

  return f(*args, **kwargs)
稀疏向量: [-0.07688719  0.          0.          0.          0.          0.
  0.          0.          0.          0.          0.          1.07688719
  0.          0.          0.          0.          0.          0.
  0.          0.          0.          0.          0.          0.
  0.          0.          0.          0.          0.          0.        ]
更新后概率: [0.67869138 0.0086247  0.0086247  0.0086247  0.07248036 0.01596135
 0.0086247  0.0086247  0.0086247  0.0086247  0.0086247  0.0086247
 0.0086247  0.0086247  0.0086247  0.0086247  0.0086247  0.0086247
 0.0086247  0.0086247  0.0086247  0.0086247  0.0086247  0.0086247
 0.0086247  0.0086247  0.0086247  0.0086247  0.0086247  0.0086247 ]
Classification: 0.999829960891005 0.9440108585001696 335
本轮采样概率阵: [0.67869138 0.0086247  0.0086247  0.0086247  0.07248036 0.01596135
 0.0086247  0.0086247  0.0086247  0.0086247  0.0086247  0.0086247
 0.0086247  0.0086247  0.0086247  0.0086247  0.0086247  0.0086247
 0.0086247  0.0086247  0.0086247  0.0086247  0.0086247  0.0086247
 0.0086247  0.0086247  0.0086247  0.0086247  0.0086247  0.0086247 ]
客户端选择掩码: [1.0, 1.0, 1.0, 1.0, 1.0, 1.0, 0.0, 0.0, 1.0, 0.0, 0.0, 0.0, 1.0, 0.0, 1.0, 1.0, 0.0, 0.0, 1.0, 1.0, 1.0, 1.0, 1.0, 1.0, 1.0, 1.0, 1.0, 1.0, 1.0, 0.0]
/mnt/data/user_liangzhiyu/envs/fedcsl/lib/python3.8/site-packages/sklearn/utils/validation.py:63: RuntimeWarning:  Orthogonal matching pursuit ended prematurely due to linear
dependence in the dictionary. The requested precision might not have been met.

  return f(*args, **kwargs)
稀疏向量: [0.         0.         0.         0.         0.         0.
 0.         0.         0.         0.         0.         0.
 0.14600216 0.         0.         0.17954205 0.         0.
 0.         0.         0.         0.         0.         0.
 0.         0.67567748 0.         0.         0.         0.        ]
更新后概率: [0.11872383 0.00874652 0.00874652 0.00874652 0.01267903 0.00874652
 0.00874652 0.00874652 0.00874652 0.00874652 0.00874652 0.00874652
 0.09562468 0.00874652 0.00874652 0.11724518 0.00874652 0.00874652
 0.00874652 0.00874652 0.00874652 0.00874652 0.00874652 0.00874652
 0.00874652 0.43706416 0.00874652 0.00874652 0.00874652 0.00874652]
Classification: 0.9996599217820099 0.9436715303698676 336
本轮采样概率阵: [0.11872383 0.00874652 0.00874652 0.00874652 0.01267903 0.00874652
 0.00874652 0.00874652 0.00874652 0.00874652 0.00874652 0.00874652
 0.09562468 0.00874652 0.00874652 0.11724518 0.00874652 0.00874652
 0.00874652 0.00874652 0.00874652 0.00874652 0.00874652 0.00874652
 0.00874652 0.43706416 0.00874652 0.00874652 0.00874652 0.00874652]
客户端选择掩码: [1.0, 0.0, 1.0, 1.0, 1.0, 1.0, 1.0, 1.0, 1.0, 1.0, 0.0, 0.0, 1.0, 1.0, 1.0, 1.0, 0.0, 1.0, 0.0, 1.0, 0.0, 0.0, 1.0, 0.0, 1.0, 1.0, 1.0, 1.0, 1.0, 0.0]
/mnt/data/user_liangzhiyu/envs/fedcsl/lib/python3.8/site-packages/sklearn/utils/validation.py:63: RuntimeWarning:  Orthogonal matching pursuit ended prematurely due to linear
dependence in the dictionary. The requested precision might not have been met.

  return f(*args, **kwargs)
稀疏向量: [-0.03903783  0.          0.          0.          0.          0.
  0.          0.          0.          0.          0.          0.
  0.          0.          0.          0.          0.          0.
  0.          1.03414114  0.          0.          0.          0.
  0.          0.          0.          0.          0.          0.        ]
更新后概率: [0.04424896 0.00875269 0.00875269 0.00875269 0.00875269 0.00875269
 0.00875269 0.00875269 0.00875269 0.00875269 0.00875269 0.00875269
 0.01673947 0.00875269 0.00875269 0.02052422 0.00875269 0.00875269
 0.00875269 0.62316032 0.00875269 0.00875269 0.00875269 0.00875269
 0.00875269 0.07650976 0.00875269 0.00875269 0.00875269 0.00875269]
Classification: 0.999829960891005 0.9450288428910757 337
本轮采样概率阵: [0.04424896 0.00875269 0.00875269 0.00875269 0.00875269 0.00875269
 0.00875269 0.00875269 0.00875269 0.00875269 0.00875269 0.00875269
 0.01673947 0.00875269 0.00875269 0.02052422 0.00875269 0.00875269
 0.00875269 0.62316032 0.00875269 0.00875269 0.00875269 0.00875269
 0.00875269 0.07650976 0.00875269 0.00875269 0.00875269 0.00875269]
客户端选择掩码: [1.0, 1.0, 1.0, 1.0, 1.0, 0.0, 1.0, 1.0, 0.0, 0.0, 1.0, 0.0, 1.0, 0.0, 0.0, 1.0, 1.0, 1.0, 1.0, 1.0, 1.0, 1.0, 1.0, 1.0, 0.0, 1.0, 1.0, 0.0, 1.0, 0.0]
/mnt/data/user_liangzhiyu/envs/fedcsl/lib/python3.8/site-packages/sklearn/utils/validation.py:63: RuntimeWarning:  Orthogonal matching pursuit ended prematurely due to linear
dependence in the dictionary. The requested precision might not have been met.

  return f(*args, **kwargs)
稀疏向量: [-0.08555158  0.          0.          0.          0.          0.
  0.          0.          0.          0.          0.          2.69352614
  0.          0.          0.          0.          0.         -1.60988313
  0.          0.          0.          0.          0.          0.
  0.          0.          0.          0.          0.          0.        ]
更新后概率: [0.04011957 0.00871448 0.00871448 0.00871448 0.00871448 0.00871448
 0.00871448 0.00871448 0.00871448 0.00871448 0.00871448 0.00871448
 0.00871448 0.00871448 0.00871448 0.00871448 0.00871448 0.61135857
 0.00871448 0.10861041 0.00871448 0.00871448 0.00871448 0.00871448
 0.00871448 0.01333486 0.00871448 0.00871448 0.00871448 0.00871448]
Classification: 0.999829960891005 0.9440108585001696 338
本轮采样概率阵: [0.04011957 0.00871448 0.00871448 0.00871448 0.00871448 0.00871448
 0.00871448 0.00871448 0.00871448 0.00871448 0.00871448 0.00871448
 0.00871448 0.00871448 0.00871448 0.00871448 0.00871448 0.61135857
 0.00871448 0.10861041 0.00871448 0.00871448 0.00871448 0.00871448
 0.00871448 0.01333486 0.00871448 0.00871448 0.00871448 0.00871448]
客户端选择掩码: [1.0, 0.0, 0.0, 1.0, 1.0, 1.0, 1.0, 0.0, 1.0, 1.0, 1.0, 1.0, 1.0, 1.0, 1.0, 0.0, 0.0, 1.0, 1.0, 1.0, 0.0, 1.0, 1.0, 0.0, 0.0, 1.0, 0.0, 1.0, 1.0, 1.0]
/mnt/data/user_liangzhiyu/envs/fedcsl/lib/python3.8/site-packages/sklearn/utils/validation.py:63: RuntimeWarning:  Orthogonal matching pursuit ended prematurely due to linear
dependence in the dictionary. The requested precision might not have been met.

  return f(*args, **kwargs)
稀疏向量: [0.11058513 0.         0.         0.         0.         0.65223526
 0.         0.         0.         0.         0.         0.
 0.23627158 0.         0.         0.         0.         0.
 0.         0.         0.         0.         0.         0.
 0.         0.         0.         0.         0.         0.        ]
更新后概率: [0.0784308  0.00875075 0.00875075 0.00875075 0.00875075 0.42269978
 0.00875075 0.00875075 0.00875075 0.00875075 0.00875075 0.00875075
 0.15409525 0.00875075 0.00875075 0.00875075 0.00875075 0.10699693
 0.00875075 0.01900846 0.00875075 0.00875075 0.00875075 0.00875075
 0.00875075 0.00875075 0.00875075 0.00875075 0.00875075 0.00875075]
Classification: 0.999829960891005 0.9433322022395657 339
本轮采样概率阵: [0.0784308  0.00875075 0.00875075 0.00875075 0.00875075 0.42269978
 0.00875075 0.00875075 0.00875075 0.00875075 0.00875075 0.00875075
 0.15409525 0.00875075 0.00875075 0.00875075 0.00875075 0.10699693
 0.00875075 0.01900846 0.00875075 0.00875075 0.00875075 0.00875075
 0.00875075 0.00875075 0.00875075 0.00875075 0.00875075 0.00875075]
客户端选择掩码: [1.0, 1.0, 0.0, 0.0, 0.0, 1.0, 1.0, 1.0, 1.0, 1.0, 1.0, 1.0, 1.0, 1.0, 0.0, 0.0, 0.0, 1.0, 1.0, 1.0, 1.0, 1.0, 0.0, 1.0, 1.0, 0.0, 1.0, 1.0, 0.0, 1.0]
/mnt/data/user_liangzhiyu/envs/fedcsl/lib/python3.8/site-packages/sklearn/utils/validation.py:63: RuntimeWarning:  Orthogonal matching pursuit ended prematurely due to linear
dependence in the dictionary. The requested precision might not have been met.

  return f(*args, **kwargs)
稀疏向量: [ 0.          0.          0.          0.         -0.09010053  0.
  0.          0.          0.          1.14555912  0.          0.
  0.53408279  0.          0.          0.         -0.58651578  0.
  0.          0.          0.          0.          0.          0.
  0.          0.          0.          0.          0.          0.        ]
更新后概率: [0.01374546 0.00876279 0.00876279 0.00876279 0.00876279 0.07408058
 0.00876279 0.00876279 0.00876279 0.44199455 0.00876279 0.00876279
 0.23235786 0.00876279 0.00876279 0.00876279 0.00876279 0.01875183
 0.00876279 0.00876279 0.00876279 0.00876279 0.00876279 0.00876279
 0.00876279 0.00876279 0.00876279 0.00876279 0.00876279 0.00876279]
Classification: 0.999829960891005 0.9429928741092637 340
本轮采样概率阵: [0.01374546 0.00876279 0.00876279 0.00876279 0.00876279 0.07408058
 0.00876279 0.00876279 0.00876279 0.44199455 0.00876279 0.00876279
 0.23235786 0.00876279 0.00876279 0.00876279 0.00876279 0.01875183
 0.00876279 0.00876279 0.00876279 0.00876279 0.00876279 0.00876279
 0.00876279 0.00876279 0.00876279 0.00876279 0.00876279 0.00876279]
客户端选择掩码: [1.0, 1.0, 1.0, 1.0, 0.0, 1.0, 1.0, 0.0, 0.0, 1.0, 1.0, 1.0, 1.0, 1.0, 1.0, 0.0, 1.0, 1.0, 0.0, 1.0, 1.0, 0.0, 0.0, 1.0, 0.0, 1.0, 0.0, 1.0, 1.0, 1.0]
/mnt/data/user_liangzhiyu/envs/fedcsl/lib/python3.8/site-packages/sklearn/utils/validation.py:63: RuntimeWarning:  Orthogonal matching pursuit ended prematurely due to linear
dependence in the dictionary. The requested precision might not have been met.

  return f(*args, **kwargs)
稀疏向量: [0.05418033 0.         0.         0.         0.         0.
 0.         0.         0.         0.         0.         0.94581986
 0.         0.         0.         0.         0.         0.
 0.         0.         0.         0.         0.         0.
 0.         0.         0.         0.         0.         0.        ]
更新后概率: [0.03739824 0.0087635  0.0087635  0.0087635  0.0087635  0.01298412
 0.0087635  0.0087635  0.0087635  0.07746843 0.0087635  0.61233622
 0.04072539 0.0087635  0.0087635  0.0087635  0.0087635  0.0087635
 0.0087635  0.0087635  0.0087635  0.0087635  0.0087635  0.0087635
 0.0087635  0.0087635  0.0087635  0.0087635  0.0087635  0.0087635 ]
Classification: 0.999829960891005 0.9426535459789617 341
本轮采样概率阵: [0.03739824 0.0087635  0.0087635  0.0087635  0.0087635  0.01298412
 0.0087635  0.0087635  0.0087635  0.07746843 0.0087635  0.61233622
 0.04072539 0.0087635  0.0087635  0.0087635  0.0087635  0.0087635
 0.0087635  0.0087635  0.0087635  0.0087635  0.0087635  0.0087635
 0.0087635  0.0087635  0.0087635  0.0087635  0.0087635  0.0087635 ]
客户端选择掩码: [1.0, 0.0, 1.0, 0.0, 0.0, 1.0, 0.0, 1.0, 1.0, 1.0, 1.0, 1.0, 1.0, 1.0, 1.0, 1.0, 0.0, 1.0, 0.0, 1.0, 1.0, 1.0, 1.0, 1.0, 1.0, 0.0, 1.0, 0.0, 0.0, 1.0]
/mnt/data/user_liangzhiyu/envs/fedcsl/lib/python3.8/site-packages/sklearn/utils/validation.py:63: RuntimeWarning:  Orthogonal matching pursuit ended prematurely due to linear
dependence in the dictionary. The requested precision might not have been met.

  return f(*args, **kwargs)
稀疏向量: [ 0.          0.          0.          0.         -0.42797754  0.
  0.          0.          0.          0.          0.          0.
  0.          0.          0.          0.          0.          0.
  0.          0.          0.          0.         -0.11232672  0.
  1.542317    0.          0.          0.          0.          0.        ]
更新后概率: [0.0087845  0.0087845  0.0087845  0.0087845  0.0087845  0.0087845
 0.0087845  0.0087845  0.0087845  0.01361043 0.0087845  0.10758133
 0.0087845  0.0087845  0.0087845  0.0087845  0.0087845  0.0087845
 0.0087845  0.0087845  0.0087845  0.0087845  0.04548427 0.0087845
 0.60492704 0.0087845  0.0087845  0.0087845  0.0087845  0.0087845 ]
Classification: 0.9996599217820099 0.9429928741092637 342
本轮采样概率阵: [0.0087845  0.0087845  0.0087845  0.0087845  0.0087845  0.0087845
 0.0087845  0.0087845  0.0087845  0.01361043 0.0087845  0.10758133
 0.0087845  0.0087845  0.0087845  0.0087845  0.0087845  0.0087845
 0.0087845  0.0087845  0.0087845  0.0087845  0.04548427 0.0087845
 0.60492704 0.0087845  0.0087845  0.0087845  0.0087845  0.0087845 ]
客户端选择掩码: [0.0, 1.0, 1.0, 1.0, 0.0, 1.0, 1.0, 1.0, 0.0, 1.0, 0.0, 1.0, 1.0, 1.0, 1.0, 1.0, 1.0, 1.0, 1.0, 1.0, 1.0, 0.0, 1.0, 1.0, 1.0, 0.0, 1.0, 0.0, 0.0, 0.0]
/mnt/data/user_liangzhiyu/envs/fedcsl/lib/python3.8/site-packages/sklearn/utils/validation.py:63: RuntimeWarning:  Orthogonal matching pursuit ended prematurely due to linear
dependence in the dictionary. The requested precision might not have been met.

  return f(*args, **kwargs)
稀疏向量: [-0.01189768  0.          0.          0.          0.          0.
  0.          0.          0.          0.          0.          1.01189553
  0.          0.          0.          0.          0.          0.
  0.          0.          0.          0.          0.          0.
  0.          0.          0.          0.          0.          0.        ]
更新后概率: [0.00862624 0.00862624 0.00862624 0.00862624 0.00862624 0.00862624
 0.00862624 0.00862624 0.00862624 0.00862624 0.00862624 0.65410022
 0.00862624 0.00862624 0.00862624 0.00862624 0.00862624 0.00862624
 0.00862624 0.00862624 0.00862624 0.00862624 0.00862624 0.00862624
 0.10436496 0.00862624 0.00862624 0.00862624 0.00862624 0.00862624]
Classification: 1.0 0.9457074991516796 343
本轮采样概率阵: [0.00862624 0.00862624 0.00862624 0.00862624 0.00862624 0.00862624
 0.00862624 0.00862624 0.00862624 0.00862624 0.00862624 0.65410022
 0.00862624 0.00862624 0.00862624 0.00862624 0.00862624 0.00862624
 0.00862624 0.00862624 0.00862624 0.00862624 0.00862624 0.00862624
 0.10436496 0.00862624 0.00862624 0.00862624 0.00862624 0.00862624]
客户端选择掩码: [1.0, 0.0, 0.0, 1.0, 1.0, 1.0, 1.0, 1.0, 1.0, 0.0, 1.0, 1.0, 1.0, 1.0, 1.0, 1.0, 1.0, 0.0, 1.0, 1.0, 0.0, 0.0, 1.0, 1.0, 1.0, 1.0, 0.0, 0.0, 1.0, 0.0]
/mnt/data/user_liangzhiyu/envs/fedcsl/lib/python3.8/site-packages/sklearn/utils/validation.py:63: RuntimeWarning:  Orthogonal matching pursuit ended prematurely due to linear
dependence in the dictionary. The requested precision might not have been met.

  return f(*args, **kwargs)
稀疏向量: [0.25919676 0.         0.         0.         0.11082664 0.
 0.         0.         0.         0.         0.         0.
 0.47663885 0.15321371 0.         0.         0.         0.
 0.         0.         0.         0.         0.         0.
 0.         0.         0.         0.         0.         0.        ]
更新后概率: [0.16982883 0.00879906 0.00879906 0.00879906 0.07348391 0.00879906
 0.00879906 0.00879906 0.00879906 0.00879906 0.00879906 0.11510935
 0.31102599 0.10100818 0.00879906 0.00879906 0.00879906 0.00879906
 0.00879906 0.00879906 0.00879906 0.00879906 0.00879906 0.00879906
 0.01836628 0.00879906 0.00879906 0.00879906 0.00879906 0.00879906]
Classification: 0.999829960891005 0.9436715303698676 344
本轮采样概率阵: [0.16982883 0.00879906 0.00879906 0.00879906 0.07348391 0.00879906
 0.00879906 0.00879906 0.00879906 0.00879906 0.00879906 0.11510935
 0.31102599 0.10100818 0.00879906 0.00879906 0.00879906 0.00879906
 0.00879906 0.00879906 0.00879906 0.00879906 0.00879906 0.00879906
 0.01836628 0.00879906 0.00879906 0.00879906 0.00879906 0.00879906]
客户端选择掩码: [1.0, 0.0, 1.0, 0.0, 1.0, 0.0, 1.0, 0.0, 1.0, 1.0, 0.0, 1.0, 1.0, 1.0, 1.0, 1.0, 1.0, 1.0, 1.0, 1.0, 1.0, 1.0, 0.0, 1.0, 1.0, 0.0, 0.0, 0.0, 1.0, 1.0]
/mnt/data/user_liangzhiyu/envs/fedcsl/lib/python3.8/site-packages/sklearn/utils/validation.py:63: RuntimeWarning:  Orthogonal matching pursuit ended prematurely due to linear
dependence in the dictionary. The requested precision might not have been met.

  return f(*args, **kwargs)
稀疏向量: [ 0.09905299  0.          0.          0.         -0.09487573  0.64196444
  0.          0.          0.          0.          0.          0.35306047
  0.          0.          0.          0.          0.          0.
  0.          0.          0.          0.          0.          0.
  0.          0.          0.          0.          0.          0.        ]
更新后概率: [0.14671501 0.00876626 0.00876626 0.00876626 0.12489174 0.00876626
 0.00876626 0.00876626 0.00876626 0.00876626 0.00876626 0.43699687
 0.05453068 0.01770928 0.00876626 0.00876626 0.00876626 0.00876626
 0.00876626 0.00876626 0.00876626 0.00876626 0.00876626 0.00876626
 0.00876626 0.00876626 0.00876626 0.00876626 0.00876626 0.00876626]
Classification: 0.999829960891005 0.9440108585001696 345
本轮采样概率阵: [0.14671501 0.00876626 0.00876626 0.00876626 0.12489174 0.00876626
 0.00876626 0.00876626 0.00876626 0.00876626 0.00876626 0.43699687
 0.05453068 0.01770928 0.00876626 0.00876626 0.00876626 0.00876626
 0.00876626 0.00876626 0.00876626 0.00876626 0.00876626 0.00876626
 0.00876626 0.00876626 0.00876626 0.00876626 0.00876626 0.00876626]
客户端选择掩码: [1.0, 1.0, 0.0, 1.0, 1.0, 1.0, 0.0, 1.0, 1.0, 1.0, 1.0, 1.0, 1.0, 1.0, 1.0, 1.0, 0.0, 0.0, 0.0, 1.0, 1.0, 0.0, 1.0, 1.0, 1.0, 0.0, 0.0, 0.0, 1.0, 1.0]
/mnt/data/user_liangzhiyu/envs/fedcsl/lib/python3.8/site-packages/sklearn/utils/validation.py:63: RuntimeWarning:  Orthogonal matching pursuit ended prematurely due to linear
dependence in the dictionary. The requested precision might not have been met.

  return f(*args, **kwargs)
稀疏向量: [ 0.          0.          0.          0.         -0.13804507  0.
  0.          0.          0.          1.05823725  0.          0.
  0.          0.          0.          0.          0.          0.
  0.          0.          0.          0.          0.0812289   0.
  0.          0.          0.          0.          0.          0.        ]
更新后概率: [0.02589814 0.008826   0.008826   0.008826   0.09232374 0.008826
 0.008826   0.008826   0.008826   0.54028917 0.008826   0.07713868
 0.00962576 0.008826   0.008826   0.008826   0.008826   0.008826
 0.008826   0.008826   0.008826   0.008826   0.04290053 0.008826
 0.008826   0.008826   0.008826   0.008826   0.008826   0.008826  ]
Classification: 0.9994898826730148 0.9446895147607737 346
本轮采样概率阵: [0.02589814 0.008826   0.008826   0.008826   0.09232374 0.008826
 0.008826   0.008826   0.008826   0.54028917 0.008826   0.07713868
 0.00962576 0.008826   0.008826   0.008826   0.008826   0.008826
 0.008826   0.008826   0.008826   0.008826   0.04290053 0.008826
 0.008826   0.008826   0.008826   0.008826   0.008826   0.008826  ]
客户端选择掩码: [1.0, 1.0, 1.0, 1.0, 1.0, 0.0, 1.0, 1.0, 0.0, 1.0, 0.0, 1.0, 1.0, 0.0, 1.0, 1.0, 1.0, 0.0, 0.0, 0.0, 0.0, 1.0, 1.0, 1.0, 1.0, 0.0, 1.0, 1.0, 1.0, 1.0]
/mnt/data/user_liangzhiyu/envs/fedcsl/lib/python3.8/site-packages/sklearn/utils/validation.py:63: RuntimeWarning:  Orthogonal matching pursuit ended prematurely due to linear
dependence in the dictionary. The requested precision might not have been met.

  return f(*args, **kwargs)
稀疏向量: [-0.0473213   0.          0.          0.          0.07727358  0.
  0.          0.          0.          0.          0.          0.97008958
  0.          0.          0.          0.          0.          0.
  0.          0.          0.          0.          0.          0.
  0.          0.          0.          0.          0.          0.        ]
更新后概率: [0.03236775 0.00874445 0.00874445 0.00874445 0.06160535 0.00874445
 0.00874445 0.00874445 0.00874445 0.09449063 0.00874445 0.5841806
 0.00874445 0.00874445 0.00874445 0.00874445 0.00874445 0.00874445
 0.00874445 0.00874445 0.00874445 0.00874445 0.00874445 0.00874445
 0.00874445 0.00874445 0.00874445 0.00874445 0.00874445 0.00874445]
Classification: 0.999829960891005 0.9453681710213777 347
本轮采样概率阵: [0.03236775 0.00874445 0.00874445 0.00874445 0.06160535 0.00874445
 0.00874445 0.00874445 0.00874445 0.09449063 0.00874445 0.5841806
 0.00874445 0.00874445 0.00874445 0.00874445 0.00874445 0.00874445
 0.00874445 0.00874445 0.00874445 0.00874445 0.00874445 0.00874445
 0.00874445 0.00874445 0.00874445 0.00874445 0.00874445 0.00874445]
客户端选择掩码: [1.0, 1.0, 1.0, 1.0, 1.0, 1.0, 0.0, 0.0, 0.0, 1.0, 1.0, 1.0, 1.0, 0.0, 1.0, 1.0, 0.0, 1.0, 1.0, 1.0, 1.0, 0.0, 0.0, 0.0, 1.0, 1.0, 1.0, 1.0, 1.0, 0.0]
/mnt/data/user_liangzhiyu/envs/fedcsl/lib/python3.8/site-packages/sklearn/utils/validation.py:63: RuntimeWarning:  Orthogonal matching pursuit ended prematurely due to linear
dependence in the dictionary. The requested precision might not have been met.

  return f(*args, **kwargs)
稀疏向量: [-0.25852857  0.          0.          0.          0.08821556  0.
  0.          0.          0.          0.          0.          0.26599087
  0.          0.          0.          0.          0.          0.90540993
  0.          0.          0.          0.          0.          0.
  0.          0.          0.          0.          0.          0.        ]
更新后概率: [0.1154411  0.00874648 0.00874648 0.00874648 0.04823558 0.00874648
 0.00874648 0.00874648 0.00874648 0.0165292  0.00874648 0.21513818
 0.00874648 0.00874648 0.00874648 0.00874648 0.00874648 0.38599404
 0.00874648 0.00874648 0.00874648 0.00874648 0.00874648 0.00874648
 0.00874648 0.00874648 0.00874648 0.00874648 0.00874648 0.00874648]
Classification: 0.999829960891005 0.9450288428910757 348
本轮采样概率阵: [0.1154411  0.00874648 0.00874648 0.00874648 0.04823558 0.00874648
 0.00874648 0.00874648 0.00874648 0.0165292  0.00874648 0.21513818
 0.00874648 0.00874648 0.00874648 0.00874648 0.00874648 0.38599404
 0.00874648 0.00874648 0.00874648 0.00874648 0.00874648 0.00874648
 0.00874648 0.00874648 0.00874648 0.00874648 0.00874648 0.00874648]
客户端选择掩码: [1.0, 1.0, 1.0, 1.0, 1.0, 1.0, 1.0, 1.0, 1.0, 1.0, 0.0, 1.0, 0.0, 1.0, 1.0, 1.0, 1.0, 1.0, 0.0, 0.0, 0.0, 1.0, 1.0, 0.0, 0.0, 0.0, 1.0, 0.0, 1.0, 1.0]
/mnt/data/user_liangzhiyu/envs/fedcsl/lib/python3.8/site-packages/sklearn/utils/validation.py:63: RuntimeWarning:  Orthogonal matching pursuit ended prematurely due to linear
dependence in the dictionary. The requested precision might not have been met.

  return f(*args, **kwargs)
稀疏向量: [ 0.38935956  0.          0.          0.          0.28634608  0.
  0.          0.          0.         -0.19289034  0.          0.
  0.51672074  0.          0.          0.          0.          0.
  0.          0.          0.          0.          0.          0.
  0.          0.          0.          0.          0.          0.        ]
更新后概率: [0.30916791 0.00874667 0.00874667 0.00874667 0.22095727 0.00874667
 0.00874667 0.00874667 0.00874667 0.14605013 0.00874667 0.03763484
 0.00874667 0.00874667 0.00874667 0.00874667 0.00874667 0.06752322
 0.00874667 0.00874667 0.00874667 0.00874667 0.00874667 0.00874667
 0.00874667 0.00874667 0.00874667 0.00874667 0.00874667 0.00874667]
Classification: 0.999829960891005 0.9443501866304717 349
本轮采样概率阵: [0.30916791 0.00874667 0.00874667 0.00874667 0.22095727 0.00874667
 0.00874667 0.00874667 0.00874667 0.14605013 0.00874667 0.03763484
 0.00874667 0.00874667 0.00874667 0.00874667 0.00874667 0.06752322
 0.00874667 0.00874667 0.00874667 0.00874667 0.00874667 0.00874667
 0.00874667 0.00874667 0.00874667 0.00874667 0.00874667 0.00874667]
客户端选择掩码: [1.0, 1.0, 1.0, 0.0, 1.0, 1.0, 1.0, 0.0, 1.0, 1.0, 0.0, 1.0, 0.0, 1.0, 1.0, 0.0, 1.0, 1.0, 1.0, 0.0, 1.0, 1.0, 0.0, 1.0, 0.0, 1.0, 1.0, 1.0, 1.0, 0.0]
/mnt/data/user_liangzhiyu/envs/fedcsl/lib/python3.8/site-packages/sklearn/utils/validation.py:63: RuntimeWarning:  Orthogonal matching pursuit ended prematurely due to linear
dependence in the dictionary. The requested precision might not have been met.

  return f(*args, **kwargs)
稀疏向量: [ 0.          0.          0.          0.          0.          0.
  0.          0.          0.          0.          0.          0.
  0.          0.          0.          0.          0.          0.
 -0.05026202  1.04555571  0.          0.          0.          0.
  0.          0.          0.          0.          0.          0.        ]
更新后概率: [0.05435881 0.00879113 0.00879113 0.00879113 0.03884939 0.00879113
 0.00879113 0.00879113 0.00879113 0.02567903 0.00879113 0.00879113
 0.00879113 0.00879113 0.00879113 0.00879113 0.00879113 0.01187223
 0.64946238 0.00879113 0.00879113 0.00879113 0.00879113 0.00879113
 0.00879113 0.00879113 0.00879113 0.00879113 0.00879113 0.00879113]
Classification: 0.999829960891005 0.9436715303698676 350
本轮采样概率阵: [0.05435881 0.00879113 0.00879113 0.00879113 0.03884939 0.00879113
 0.00879113 0.00879113 0.00879113 0.02567903 0.00879113 0.00879113
 0.00879113 0.00879113 0.00879113 0.00879113 0.00879113 0.01187223
 0.64946238 0.00879113 0.00879113 0.00879113 0.00879113 0.00879113
 0.00879113 0.00879113 0.00879113 0.00879113 0.00879113 0.00879113]
客户端选择掩码: [1.0, 1.0, 0.0, 0.0, 1.0, 0.0, 1.0, 1.0, 0.0, 1.0, 1.0, 1.0, 0.0, 1.0, 0.0, 1.0, 1.0, 1.0, 1.0, 1.0, 1.0, 0.0, 0.0, 0.0, 1.0, 1.0, 1.0, 1.0, 1.0, 1.0]
/mnt/data/user_liangzhiyu/envs/fedcsl/lib/python3.8/site-packages/sklearn/utils/validation.py:63: RuntimeWarning:  Orthogonal matching pursuit ended prematurely due to linear
dependence in the dictionary. The requested precision might not have been met.

  return f(*args, **kwargs)
稀疏向量: [-0.36807134  1.14761297  0.          0.         -0.10481608  0.
  0.          0.          0.          0.          0.          0.
  0.          0.37093823  0.          0.          0.          0.
 -0.04481015  0.          0.          0.          0.          0.
  0.          0.          0.          0.          0.          0.        ]
更新后概率: [0.12648732 0.36615306 0.00878152 0.00878152 0.04012434 0.00878152
 0.00878152 0.00878152 0.00878152 0.00878152 0.00878152 0.00878152
 0.00878152 0.11939509 0.00878152 0.00878152 0.00878152 0.00878152
 0.12830207 0.00878152 0.00878152 0.00878152 0.00878152 0.00878152
 0.00878152 0.00878152 0.00878152 0.00878152 0.00878152 0.00878152]
Classification: 0.999829960891005 0.9446895147607737 351
本轮采样概率阵: [0.12648732 0.36615306 0.00878152 0.00878152 0.04012434 0.00878152
 0.00878152 0.00878152 0.00878152 0.00878152 0.00878152 0.00878152
 0.00878152 0.11939509 0.00878152 0.00878152 0.00878152 0.00878152
 0.12830207 0.00878152 0.00878152 0.00878152 0.00878152 0.00878152
 0.00878152 0.00878152 0.00878152 0.00878152 0.00878152 0.00878152]
客户端选择掩码: [1.0, 1.0, 0.0, 1.0, 1.0, 1.0, 0.0, 1.0, 0.0, 1.0, 1.0, 0.0, 1.0, 1.0, 1.0, 0.0, 1.0, 1.0, 1.0, 1.0, 1.0, 1.0, 0.0, 0.0, 1.0, 0.0, 1.0, 1.0, 0.0, 1.0]
/mnt/data/user_liangzhiyu/envs/fedcsl/lib/python3.8/site-packages/sklearn/utils/validation.py:63: RuntimeWarning:  Orthogonal matching pursuit ended prematurely due to linear
dependence in the dictionary. The requested precision might not have been met.

  return f(*args, **kwargs)
稀疏向量: [0.0536733  0.         0.         0.         0.         0.94525249
 0.         0.         0.         0.         0.         0.
 0.         0.         0.         0.         0.         0.
 0.         0.         0.         0.         0.         0.
 0.         0.         0.         0.         0.         0.        ]
更新后概率: [0.05708711 0.06442973 0.0087982  0.0087982  0.0087982  0.6149425
 0.0087982  0.0087982  0.0087982  0.0087982  0.0087982  0.0087982
 0.0087982  0.02100923 0.0087982  0.0087982  0.0087982  0.0087982
 0.02257654 0.0087982  0.0087982  0.0087982  0.0087982  0.0087982
 0.0087982  0.0087982  0.0087982  0.0087982  0.0087982  0.0087982 ]
Classification: 0.9993198435640197 0.9450288428910757 352
本轮采样概率阵: [0.05708711 0.06442973 0.0087982  0.0087982  0.0087982  0.6149425
 0.0087982  0.0087982  0.0087982  0.0087982  0.0087982  0.0087982
 0.0087982  0.02100923 0.0087982  0.0087982  0.0087982  0.0087982
 0.02257654 0.0087982  0.0087982  0.0087982  0.0087982  0.0087982
 0.0087982  0.0087982  0.0087982  0.0087982  0.0087982  0.0087982 ]
客户端选择掩码: [1.0, 1.0, 0.0, 1.0, 1.0, 1.0, 1.0, 1.0, 1.0, 0.0, 0.0, 0.0, 0.0, 1.0, 1.0, 1.0, 0.0, 0.0, 1.0, 1.0, 1.0, 1.0, 1.0, 1.0, 1.0, 0.0, 1.0, 0.0, 1.0, 1.0]
/mnt/data/user_liangzhiyu/envs/fedcsl/lib/python3.8/site-packages/sklearn/utils/validation.py:63: RuntimeWarning:  Orthogonal matching pursuit ended prematurely due to linear
dependence in the dictionary. The requested precision might not have been met.

  return f(*args, **kwargs)
稀疏向量: [-0.36724733  0.          0.          0.         -0.6999511   0.
  0.          0.          0.          0.          0.          0.
 -0.31207156  0.          0.          0.          0.          0.
  0.          0.          0.          0.          0.          0.
 -0.17929108  0.          0.          0.          0.          2.56248134]
更新后概率: [0.07300844 0.01141133 0.00885564 0.00885564 0.12143724 0.1089142
 0.00885564 0.00885564 0.00885564 0.00885564 0.00885564 0.00885564
 0.00885564 0.00885564 0.00885564 0.00885564 0.00885564 0.00885564
 0.00885564 0.00885564 0.00885564 0.00885564 0.00885564 0.00885564
 0.03226503 0.00885564 0.00885564 0.00885564 0.00885564 0.44042838]
Classification: 0.999829960891005 0.9446895147607737 353
本轮采样概率阵: [0.07300844 0.01141133 0.00885564 0.00885564 0.12143724 0.1089142
 0.00885564 0.00885564 0.00885564 0.00885564 0.00885564 0.00885564
 0.00885564 0.00885564 0.00885564 0.00885564 0.00885564 0.00885564
 0.00885564 0.00885564 0.00885564 0.00885564 0.00885564 0.00885564
 0.03226503 0.00885564 0.00885564 0.00885564 0.00885564 0.44042838]
客户端选择掩码: [1.0, 1.0, 0.0, 1.0, 1.0, 1.0, 0.0, 1.0, 1.0, 0.0, 1.0, 1.0, 1.0, 0.0, 0.0, 1.0, 1.0, 1.0, 1.0, 1.0, 0.0, 0.0, 1.0, 1.0, 1.0, 1.0, 0.0, 1.0, 0.0, 1.0]
/mnt/data/user_liangzhiyu/envs/fedcsl/lib/python3.8/site-packages/sklearn/utils/validation.py:63: RuntimeWarning:  Orthogonal matching pursuit ended prematurely due to linear
dependence in the dictionary. The requested precision might not have been met.

  return f(*args, **kwargs)
稀疏向量: [0.01827439 0.         0.         0.         0.13776551 0.
 0.         0.         0.         0.         0.         0.
 0.         0.         0.         0.         0.         0.
 0.         0.         0.         0.         0.         0.
 0.         0.         0.84498901 0.         0.         0.        ]
更新后概率: [0.08805722 0.00873365 0.00873365 0.00873365 0.58891236 0.01902442
 0.00873365 0.00873365 0.00873365 0.00873365 0.00873365 0.00873365
 0.00873365 0.00873365 0.00873365 0.00873365 0.00873365 0.00873365
 0.00873365 0.00873365 0.00873365 0.00873365 0.00873365 0.00873365
 0.00873365 0.00873365 0.00873365 0.00873365 0.00873365 0.07693102]
Classification: 0.999829960891005 0.9446895147607737 354
本轮采样概率阵: [0.08805722 0.00873365 0.00873365 0.00873365 0.58891236 0.01902442
 0.00873365 0.00873365 0.00873365 0.00873365 0.00873365 0.00873365
 0.00873365 0.00873365 0.00873365 0.00873365 0.00873365 0.00873365
 0.00873365 0.00873365 0.00873365 0.00873365 0.00873365 0.00873365
 0.00873365 0.00873365 0.00873365 0.00873365 0.00873365 0.07693102]
客户端选择掩码: [1.0, 0.0, 0.0, 1.0, 1.0, 1.0, 1.0, 1.0, 1.0, 1.0, 1.0, 1.0, 0.0, 1.0, 0.0, 0.0, 1.0, 1.0, 1.0, 1.0, 1.0, 0.0, 1.0, 0.0, 0.0, 1.0, 0.0, 1.0, 1.0, 1.0]
/mnt/data/user_liangzhiyu/envs/fedcsl/lib/python3.8/site-packages/sklearn/utils/validation.py:63: RuntimeWarning:  Orthogonal matching pursuit ended prematurely due to linear
dependence in the dictionary. The requested precision might not have been met.

  return f(*args, **kwargs)
稀疏向量: [-0.71437551  0.          0.          0.44405588  0.          0.
  0.          1.26964027  0.          0.          0.          0.
  0.          0.          0.          0.          0.          0.
  0.          0.          0.          0.          0.          0.
  0.          0.          0.          0.          0.          0.        ]
更新后概率: [0.20543581 0.00876124 0.00876124 0.1196381  0.10319203 0.00876124
 0.00876124 0.33922289 0.00876124 0.00876124 0.00876124 0.00876124
 0.00876124 0.00876124 0.00876124 0.00876124 0.00876124 0.00876124
 0.00876124 0.00876124 0.00876124 0.00876124 0.00876124 0.00876124
 0.00876124 0.00876124 0.00876124 0.00876124 0.00876124 0.01348022]
Classification: 0.9994898826730148 0.9436715303698676 355
本轮采样概率阵: [0.20543581 0.00876124 0.00876124 0.1196381  0.10319203 0.00876124
 0.00876124 0.33922289 0.00876124 0.00876124 0.00876124 0.00876124
 0.00876124 0.00876124 0.00876124 0.00876124 0.00876124 0.00876124
 0.00876124 0.00876124 0.00876124 0.00876124 0.00876124 0.00876124
 0.00876124 0.00876124 0.00876124 0.00876124 0.00876124 0.01348022]
客户端选择掩码: [1.0, 1.0, 1.0, 1.0, 1.0, 1.0, 1.0, 1.0, 1.0, 0.0, 1.0, 1.0, 0.0, 0.0, 0.0, 0.0, 1.0, 1.0, 1.0, 0.0, 0.0, 0.0, 0.0, 1.0, 1.0, 1.0, 1.0, 1.0, 1.0, 1.0]
/mnt/data/user_liangzhiyu/envs/fedcsl/lib/python3.8/site-packages/sklearn/utils/validation.py:63: RuntimeWarning:  Orthogonal matching pursuit ended prematurely due to linear
dependence in the dictionary. The requested precision might not have been met.

  return f(*args, **kwargs)
稀疏向量: [ 0.07657979  0.          0.          0.         -0.27487899  0.
  0.          0.          0.          1.20016157  0.          0.
  0.          0.          0.          0.          0.          0.
  0.          0.          0.          0.          0.          0.
  0.          0.          0.          0.          0.          0.        ]
更新后概率: [0.17528894 0.0086925  0.0086925  0.02079911 0.5189329  0.0086925
 0.0086925  0.05897394 0.0086925  0.0086925  0.0086925  0.0086925
 0.0086925  0.0086925  0.0086925  0.0086925  0.0086925  0.0086925
 0.0086925  0.0086925  0.0086925  0.0086925  0.0086925  0.0086925
 0.0086925  0.0086925  0.0086925  0.0086925  0.0086925  0.0086925 ]
Classification: 0.999829960891005 0.9446895147607737 356
本轮采样概率阵: [0.17528894 0.0086925  0.0086925  0.02079911 0.5189329  0.0086925
 0.0086925  0.05897394 0.0086925  0.0086925  0.0086925  0.0086925
 0.0086925  0.0086925  0.0086925  0.0086925  0.0086925  0.0086925
 0.0086925  0.0086925  0.0086925  0.0086925  0.0086925  0.0086925
 0.0086925  0.0086925  0.0086925  0.0086925  0.0086925  0.0086925 ]
客户端选择掩码: [1.0, 1.0, 0.0, 1.0, 1.0, 1.0, 1.0, 1.0, 1.0, 1.0, 0.0, 1.0, 1.0, 1.0, 0.0, 1.0, 0.0, 0.0, 1.0, 1.0, 0.0, 1.0, 1.0, 1.0, 0.0, 1.0, 1.0, 0.0, 1.0, 0.0]
/mnt/data/user_liangzhiyu/envs/fedcsl/lib/python3.8/site-packages/sklearn/utils/validation.py:63: RuntimeWarning:  Orthogonal matching pursuit ended prematurely due to linear
dependence in the dictionary. The requested precision might not have been met.

  return f(*args, **kwargs)
稀疏向量: [ 0.          0.          0.          0.         -0.36798636  0.
  0.          0.          0.          0.          0.          0.
  0.          0.          0.          0.          0.          0.
  0.          0.          0.          0.         -0.07618509  0.
  0.          1.44669215  0.          0.          0.          0.        ]
更新后概率: [0.03071123 0.00876017 0.00876017 0.00876017 0.21663626 0.00876017
 0.00876017 0.01033244 0.00876017 0.00876017 0.00876017 0.00876017
 0.00876017 0.00876017 0.00876017 0.00876017 0.00876017 0.00876017
 0.00876017 0.00876017 0.00876017 0.00876017 0.02755053 0.00876017
 0.00876017 0.49576523 0.00876017 0.00876017 0.00876017 0.00876017]
Classification: 0.999829960891005 0.9450288428910757 357
本轮采样概率阵: [0.03071123 0.00876017 0.00876017 0.00876017 0.21663626 0.00876017
 0.00876017 0.01033244 0.00876017 0.00876017 0.00876017 0.00876017
 0.00876017 0.00876017 0.00876017 0.00876017 0.00876017 0.00876017
 0.00876017 0.00876017 0.00876017 0.00876017 0.02755053 0.00876017
 0.00876017 0.49576523 0.00876017 0.00876017 0.00876017 0.00876017]
客户端选择掩码: [1.0, 1.0, 0.0, 0.0, 1.0, 1.0, 0.0, 1.0, 0.0, 1.0, 1.0, 1.0, 1.0, 1.0, 0.0, 0.0, 0.0, 1.0, 0.0, 1.0, 0.0, 1.0, 1.0, 1.0, 1.0, 1.0, 1.0, 1.0, 1.0, 1.0]
/mnt/data/user_liangzhiyu/envs/fedcsl/lib/python3.8/site-packages/sklearn/utils/validation.py:63: RuntimeWarning:  Orthogonal matching pursuit ended prematurely due to linear
dependence in the dictionary. The requested precision might not have been met.

  return f(*args, **kwargs)
稀疏向量: [ 0.16681295  0.          0.          0.         -0.04598064  0.
  0.          0.          0.          0.          0.          0.
  0.          0.          0.          0.          0.2371348   0.
  0.          0.          0.          0.          0.          0.
  0.64219337  0.          0.          0.          0.          0.        ]
更新后概率: [0.13067269 0.00871611 0.00871611 0.00871611 0.07230768 0.00871611
 0.00871611 0.00871611 0.00871611 0.00871611 0.00871611 0.00871611
 0.00871611 0.00871611 0.00871611 0.00871611 0.00871611 0.00871611
 0.00871611 0.00871611 0.00871611 0.00871611 0.00871611 0.00871611
 0.48397799 0.08642286 0.00871611 0.00871611 0.00871611 0.00871611]
Classification: 0.9993198435640197 0.9433322022395657 358
本轮采样概率阵: [0.13067269 0.00871611 0.00871611 0.00871611 0.07230768 0.00871611
 0.00871611 0.00871611 0.00871611 0.00871611 0.00871611 0.00871611
 0.00871611 0.00871611 0.00871611 0.00871611 0.00871611 0.00871611
 0.00871611 0.00871611 0.00871611 0.00871611 0.00871611 0.00871611
 0.48397799 0.08642286 0.00871611 0.00871611 0.00871611 0.00871611]
客户端选择掩码: [1.0, 1.0, 1.0, 0.0, 1.0, 1.0, 0.0, 1.0, 1.0, 1.0, 0.0, 0.0, 0.0, 1.0, 0.0, 1.0, 1.0, 1.0, 1.0, 1.0, 0.0, 1.0, 1.0, 1.0, 1.0, 1.0, 1.0, 0.0, 0.0, 1.0]
/mnt/data/user_liangzhiyu/envs/fedcsl/lib/python3.8/site-packages/sklearn/utils/validation.py:63: RuntimeWarning:  Orthogonal matching pursuit ended prematurely due to linear
dependence in the dictionary. The requested precision might not have been met.

  return f(*args, **kwargs)
稀疏向量: [ 0.          0.          0.          0.         -0.42213252  0.
  0.          0.          0.          0.          0.          0.
  0.          0.          0.          0.          0.          0.
  0.          0.          0.          0.         -0.0733175   0.
  0.          0.          0.          1.49467286  0.          0.        ]
更新后概率: [0.02285161 0.00874383 0.00874383 0.00874383 0.56188459 0.00874383
 0.00874383 0.00874383 0.00874383 0.00874383 0.00874383 0.00874383
 0.00874383 0.00874383 0.00874383 0.00874383 0.00874383 0.00874383
 0.00874383 0.00874383 0.00874383 0.00874383 0.09691817 0.00874383
 0.08463646 0.01511335 0.00874383 0.00874383 0.00874383 0.00874383]
Classification: 0.9996599217820099 0.9440108585001696 359
本轮采样概率阵: [0.02285161 0.00874383 0.00874383 0.00874383 0.56188459 0.00874383
 0.00874383 0.00874383 0.00874383 0.00874383 0.00874383 0.00874383
 0.00874383 0.00874383 0.00874383 0.00874383 0.00874383 0.00874383
 0.00874383 0.00874383 0.00874383 0.00874383 0.09691817 0.00874383
 0.08463646 0.01511335 0.00874383 0.00874383 0.00874383 0.00874383]
客户端选择掩码: [1.0, 1.0, 1.0, 0.0, 1.0, 0.0, 1.0, 1.0, 1.0, 1.0, 1.0, 1.0, 1.0, 0.0, 1.0, 1.0, 0.0, 1.0, 1.0, 0.0, 0.0, 1.0, 1.0, 1.0, 1.0, 1.0, 1.0, 0.0, 0.0, 0.0]
/mnt/data/user_liangzhiyu/envs/fedcsl/lib/python3.8/site-packages/sklearn/utils/validation.py:63: RuntimeWarning:  Orthogonal matching pursuit ended prematurely due to linear
dependence in the dictionary. The requested precision might not have been met.

  return f(*args, **kwargs)
稀疏向量: [ 0.08267604  0.          0.          0.         -0.2215576   0.
  0.          0.          0.          0.          0.          0.64449009
  0.          0.          0.          0.          0.          0.
  0.          0.          0.          0.49317395  0.          0.
  0.          0.          0.          0.          0.          0.        ]
更新后概率: [0.04130466 0.0088199  0.0088199  0.0088199  0.19900238 0.0088199
 0.0088199  0.0088199  0.0088199  0.0088199  0.0088199  0.29210448
 0.0088199  0.0088199  0.0088199  0.0088199  0.0088199  0.0088199
 0.0088199  0.0088199  0.0088199  0.22388507 0.01709617 0.0088199
 0.0149297  0.0088199  0.0088199  0.0088199  0.0088199  0.0088199 ]
Classification: 0.999829960891005 0.9453681710213777 360
本轮采样概率阵: [0.04130466 0.0088199  0.0088199  0.0088199  0.19900238 0.0088199
 0.0088199  0.0088199  0.0088199  0.0088199  0.0088199  0.29210448
 0.0088199  0.0088199  0.0088199  0.0088199  0.0088199  0.0088199
 0.0088199  0.0088199  0.0088199  0.22388507 0.01709617 0.0088199
 0.0149297  0.0088199  0.0088199  0.0088199  0.0088199  0.0088199 ]
客户端选择掩码: [1.0, 1.0, 1.0, 0.0, 1.0, 0.0, 1.0, 1.0, 1.0, 1.0, 0.0, 1.0, 0.0, 0.0, 0.0, 1.0, 1.0, 1.0, 0.0, 1.0, 1.0, 1.0, 1.0, 1.0, 1.0, 1.0, 0.0, 1.0, 0.0, 1.0]
/mnt/data/user_liangzhiyu/envs/fedcsl/lib/python3.8/site-packages/sklearn/utils/validation.py:63: RuntimeWarning:  Orthogonal matching pursuit ended prematurely due to linear
dependence in the dictionary. The requested precision might not have been met.

  return f(*args, **kwargs)
稀疏向量: [0.         0.         0.         0.         0.12052027 0.
 0.         0.         0.         0.         0.04958881 0.
 0.         0.         0.         0.         0.         0.83087576
 0.         0.         0.         0.         0.         0.
 0.         0.         0.         0.         0.         0.        ]
更新后概率: [0.00876225 0.00876225 0.00876225 0.00876225 0.11662372 0.00876225
 0.00876225 0.00876225 0.00876225 0.00876225 0.00876225 0.05118987
 0.00876225 0.00876225 0.00876225 0.00876225 0.00876225 0.56513306
 0.00876225 0.00876225 0.00876225 0.03923476 0.00876225 0.00876225
 0.00876225 0.00876225 0.00876225 0.00876225 0.00876225 0.00876225]
Classification: 0.999829960891005 0.9446895147607737 361
本轮采样概率阵: [0.00876225 0.00876225 0.00876225 0.00876225 0.11662372 0.00876225
 0.00876225 0.00876225 0.00876225 0.00876225 0.00876225 0.05118987
 0.00876225 0.00876225 0.00876225 0.00876225 0.00876225 0.56513306
 0.00876225 0.00876225 0.00876225 0.03923476 0.00876225 0.00876225
 0.00876225 0.00876225 0.00876225 0.00876225 0.00876225 0.00876225]
客户端选择掩码: [1.0, 0.0, 0.0, 1.0, 1.0, 0.0, 1.0, 1.0, 1.0, 0.0, 1.0, 1.0, 1.0, 0.0, 1.0, 1.0, 1.0, 1.0, 1.0, 0.0, 1.0, 1.0, 1.0, 0.0, 1.0, 1.0, 0.0, 1.0, 0.0, 1.0]
/mnt/data/user_liangzhiyu/envs/fedcsl/lib/python3.8/site-packages/sklearn/utils/validation.py:63: RuntimeWarning:  Orthogonal matching pursuit ended prematurely due to linear
dependence in the dictionary. The requested precision might not have been met.

  return f(*args, **kwargs)
稀疏向量: [ 0.83316927  0.          0.         -1.27363446  0.11308624  0.
  0.          0.          0.          0.          0.          0.
  0.          0.          0.          0.          0.          0.
  0.          0.          0.          0.          1.32024402  0.
  0.          0.          0.          0.          0.          0.        ]
更新后概率: [0.15520094 0.00885929 0.00885929 0.23642905 0.0415188  0.00885929
 0.00885929 0.00885929 0.00885929 0.00885929 0.00885929 0.00907012
 0.00885929 0.00885929 0.00885929 0.00885929 0.00885929 0.10013357
 0.00885929 0.00885929 0.00885929 0.00885929 0.24502452 0.00885929
 0.00885929 0.00885929 0.00885929 0.00885929 0.00885929 0.00885929]
Classification: 0.9996599217820099 0.9436715303698676 362
本轮采样概率阵: [0.15520094 0.00885929 0.00885929 0.23642905 0.0415188  0.00885929
 0.00885929 0.00885929 0.00885929 0.00885929 0.00885929 0.00907012
 0.00885929 0.00885929 0.00885929 0.00885929 0.00885929 0.10013357
 0.00885929 0.00885929 0.00885929 0.00885929 0.24502452 0.00885929
 0.00885929 0.00885929 0.00885929 0.00885929 0.00885929 0.00885929]
客户端选择掩码: [1.0, 0.0, 1.0, 1.0, 1.0, 1.0, 0.0, 1.0, 1.0, 0.0, 1.0, 1.0, 0.0, 0.0, 1.0, 1.0, 1.0, 1.0, 0.0, 1.0, 1.0, 1.0, 1.0, 1.0, 1.0, 1.0, 0.0, 0.0, 1.0, 0.0]
/mnt/data/user_liangzhiyu/envs/fedcsl/lib/python3.8/site-packages/sklearn/utils/validation.py:63: RuntimeWarning:  Orthogonal matching pursuit ended prematurely due to linear
dependence in the dictionary. The requested precision might not have been met.

  return f(*args, **kwargs)
稀疏向量: [0.14291241 0.         0.         0.         0.         0.
 0.         0.         0.         0.         0.         0.
 0.         0.         0.         0.         0.         0.
 0.24055869 0.         0.         0.         0.         0.
 0.61694191 0.         0.         0.         0.         0.        ]
更新后概率: [0.14929959 0.00880792 0.00880792 0.04164895 0.00880792 0.00880792
 0.00880792 0.00880792 0.00880792 0.00880792 0.00880792 0.00880792
 0.00880792 0.00880792 0.00880792 0.00880792 0.00880792 0.01763937
 0.00880792 0.00880792 0.00880792 0.00880792 0.04316311 0.00880792
 0.52805109 0.00880792 0.00880792 0.00880792 0.00880792 0.00880792]
Classification: 0.9994898826730148 0.9429928741092637 363
本轮采样概率阵: [0.14929959 0.00880792 0.00880792 0.04164895 0.00880792 0.00880792
 0.00880792 0.00880792 0.00880792 0.00880792 0.00880792 0.00880792
 0.00880792 0.00880792 0.00880792 0.00880792 0.00880792 0.01763937
 0.00880792 0.00880792 0.00880792 0.00880792 0.04316311 0.00880792
 0.52805109 0.00880792 0.00880792 0.00880792 0.00880792 0.00880792]
客户端选择掩码: [1.0, 1.0, 0.0, 1.0, 1.0, 0.0, 1.0, 0.0, 0.0, 0.0, 1.0, 1.0, 1.0, 0.0, 1.0, 1.0, 1.0, 1.0, 0.0, 1.0, 0.0, 1.0, 1.0, 0.0, 1.0, 1.0, 1.0, 1.0, 1.0, 1.0]
/mnt/data/user_liangzhiyu/envs/fedcsl/lib/python3.8/site-packages/sklearn/utils/validation.py:63: RuntimeWarning:  Orthogonal matching pursuit ended prematurely due to linear
dependence in the dictionary. The requested precision might not have been met.

  return f(*args, **kwargs)
稀疏向量: [ 0.06226805  0.          0.          0.         -0.13709521  1.07357408
  0.          0.          0.          0.          0.          0.
  0.          0.          0.          0.          0.          0.
  0.          0.          0.          0.          0.          0.
  0.          0.          0.          0.          0.          0.        ]
更新后概率: [0.2272398  0.00874268 0.00874268 0.00874268 0.44437618 0.00874268
 0.00874268 0.00874268 0.00874268 0.00874268 0.00874268 0.00874268
 0.00874268 0.00874268 0.00874268 0.00874268 0.00874268 0.00874268
 0.00874268 0.00874268 0.00874268 0.00874268 0.00874268 0.00874268
 0.09233166 0.00874268 0.00874268 0.00874268 0.00874268 0.00874268]
Classification: 0.9996599217820099 0.9429928741092637 364
本轮采样概率阵: [0.2272398  0.00874268 0.00874268 0.00874268 0.44437618 0.00874268
 0.00874268 0.00874268 0.00874268 0.00874268 0.00874268 0.00874268
 0.00874268 0.00874268 0.00874268 0.00874268 0.00874268 0.00874268
 0.00874268 0.00874268 0.00874268 0.00874268 0.00874268 0.00874268
 0.09233166 0.00874268 0.00874268 0.00874268 0.00874268 0.00874268]
客户端选择掩码: [1.0, 0.0, 1.0, 1.0, 1.0, 1.0, 0.0, 1.0, 0.0, 1.0, 0.0, 1.0, 1.0, 1.0, 1.0, 0.0, 0.0, 1.0, 0.0, 1.0, 1.0, 1.0, 1.0, 1.0, 1.0, 0.0, 1.0, 0.0, 1.0, 1.0]
/mnt/data/user_liangzhiyu/envs/fedcsl/lib/python3.8/site-packages/sklearn/utils/validation.py:63: RuntimeWarning:  Orthogonal matching pursuit ended prematurely due to linear
dependence in the dictionary. The requested precision might not have been met.

  return f(*args, **kwargs)
稀疏向量: [0.1234238  0.         0.         0.57350351 0.         0.
 0.         0.         0.         0.         0.         0.
 0.         0.30417971 0.         0.         0.         0.
 0.         0.         0.         0.         0.         0.
 0.         0.         0.         0.         0.         0.        ]
更新后概率: [0.11922726 0.00874631 0.00874631 0.37082902 0.07773305 0.00874631
 0.00874631 0.00874631 0.00874631 0.00874631 0.00874631 0.00874631
 0.00874631 0.19740167 0.00874631 0.00874631 0.00874631 0.00874631
 0.00874631 0.00874631 0.00874631 0.00874631 0.00874631 0.00874631
 0.01615124 0.00874631 0.00874631 0.00874631 0.00874631 0.00874631]
Classification: 0.9994898826730148 0.9423142178486597 365
本轮采样概率阵: [0.11922726 0.00874631 0.00874631 0.37082902 0.07773305 0.00874631
 0.00874631 0.00874631 0.00874631 0.00874631 0.00874631 0.00874631
 0.00874631 0.19740167 0.00874631 0.00874631 0.00874631 0.00874631
 0.00874631 0.00874631 0.00874631 0.00874631 0.00874631 0.00874631
 0.01615124 0.00874631 0.00874631 0.00874631 0.00874631 0.00874631]
客户端选择掩码: [1.0, 1.0, 1.0, 1.0, 1.0, 0.0, 1.0, 1.0, 1.0, 0.0, 0.0, 0.0, 1.0, 1.0, 1.0, 1.0, 0.0, 1.0, 0.0, 1.0, 1.0, 1.0, 1.0, 0.0, 1.0, 1.0, 0.0, 0.0, 1.0, 1.0]
/mnt/data/user_liangzhiyu/envs/fedcsl/lib/python3.8/site-packages/sklearn/utils/validation.py:63: RuntimeWarning:  Orthogonal matching pursuit ended prematurely due to linear
dependence in the dictionary. The requested precision might not have been met.

  return f(*args, **kwargs)
稀疏向量: [ 0.          0.          0.          0.         -0.2645793   0.
  0.          0.          0.          1.26152521  0.          0.
  0.00497091  0.          0.          0.          0.          0.
  0.          0.          0.          0.          0.          0.
  0.          0.          0.          0.          0.          0.        ]
更新后概率: [0.02088386 0.008758   0.008758   0.06495441 0.64719916 0.008758
 0.008758   0.008758   0.008758   0.008758   0.008758   0.008758
 0.01343575 0.03457689 0.008758   0.008758   0.008758   0.008758
 0.008758   0.008758   0.008758   0.008758   0.008758   0.008758
 0.008758   0.008758   0.008758   0.008758   0.008758   0.008758  ]
Classification: 0.999829960891005 0.9443501866304717 366
本轮采样概率阵: [0.02088386 0.008758   0.008758   0.06495441 0.64719916 0.008758
 0.008758   0.008758   0.008758   0.008758   0.008758   0.008758
 0.01343575 0.03457689 0.008758   0.008758   0.008758   0.008758
 0.008758   0.008758   0.008758   0.008758   0.008758   0.008758
 0.008758   0.008758   0.008758   0.008758   0.008758   0.008758  ]
客户端选择掩码: [1.0, 1.0, 1.0, 1.0, 1.0, 0.0, 1.0, 1.0, 1.0, 1.0, 0.0, 0.0, 1.0, 1.0, 1.0, 1.0, 1.0, 1.0, 1.0, 1.0, 1.0, 0.0, 0.0, 0.0, 0.0, 1.0, 1.0, 0.0, 0.0, 1.0]
/mnt/data/user_liangzhiyu/envs/fedcsl/lib/python3.8/site-packages/sklearn/utils/validation.py:63: RuntimeWarning:  Orthogonal matching pursuit ended prematurely due to linear
dependence in the dictionary. The requested precision might not have been met.

  return f(*args, **kwargs)
稀疏向量: [-0.04535562  0.          0.          0.          0.          0.
  0.          0.          0.          0.          0.          0.
  0.          0.          0.          0.          0.          0.
  0.          1.04082721  0.          0.          0.          0.
  0.          0.          0.          0.          0.          0.        ]
更新后概率: [0.03051528 0.00873133 0.00873133 0.01134277 0.11301814 0.00873133
 0.00873133 0.00873133 0.00873133 0.00873133 0.00873133 0.00873133
 0.00873133 0.00873133 0.00873133 0.00873133 0.00873133 0.00873133
 0.00873133 0.61810933 0.00873133 0.00873133 0.00873133 0.00873133
 0.00873133 0.00873133 0.00873133 0.00873133 0.00873133 0.00873133]
Classification: 1.0 0.9450288428910757 367
本轮采样概率阵: [0.03051528 0.00873133 0.00873133 0.01134277 0.11301814 0.00873133
 0.00873133 0.00873133 0.00873133 0.00873133 0.00873133 0.00873133
 0.00873133 0.00873133 0.00873133 0.00873133 0.00873133 0.00873133
 0.00873133 0.61810933 0.00873133 0.00873133 0.00873133 0.00873133
 0.00873133 0.00873133 0.00873133 0.00873133 0.00873133 0.00873133]
客户端选择掩码: [1.0, 0.0, 0.0, 0.0, 1.0, 1.0, 1.0, 1.0, 1.0, 0.0, 1.0, 1.0, 1.0, 1.0, 1.0, 1.0, 1.0, 0.0, 0.0, 1.0, 1.0, 1.0, 1.0, 1.0, 0.0, 1.0, 0.0, 0.0, 1.0, 1.0]
/mnt/data/user_liangzhiyu/envs/fedcsl/lib/python3.8/site-packages/sklearn/utils/validation.py:63: RuntimeWarning:  Orthogonal matching pursuit ended prematurely due to linear
dependence in the dictionary. The requested precision might not have been met.

  return f(*args, **kwargs)
稀疏向量: [-0.01822702  0.          0.          1.01988514  0.          0.
  0.          0.          0.          0.          0.          0.
  0.          0.          0.          0.          0.          0.
  0.          0.          0.          0.          0.          0.
  0.          0.          0.          0.          0.          0.        ]
更新后概率: [0.6396257  0.00863029 0.00863029 0.00978914 0.01950794 0.00863029
 0.00863029 0.00863029 0.00863029 0.00863029 0.00863029 0.00863029
 0.00863029 0.00863029 0.00863029 0.00863029 0.00863029 0.00863029
 0.00863029 0.10668963 0.00863029 0.00863029 0.00863029 0.00863029
 0.00863029 0.00863029 0.00863029 0.00863029 0.00863029 0.00863029]
Classification: 0.9996599217820099 0.9423142178486597 368
本轮采样概率阵: [0.6396257  0.00863029 0.00863029 0.00978914 0.01950794 0.00863029
 0.00863029 0.00863029 0.00863029 0.00863029 0.00863029 0.00863029
 0.00863029 0.00863029 0.00863029 0.00863029 0.00863029 0.00863029
 0.00863029 0.10668963 0.00863029 0.00863029 0.00863029 0.00863029
 0.00863029 0.00863029 0.00863029 0.00863029 0.00863029 0.00863029]
客户端选择掩码: [1.0, 1.0, 1.0, 1.0, 1.0, 0.0, 0.0, 1.0, 0.0, 1.0, 1.0, 0.0, 1.0, 1.0, 0.0, 0.0, 1.0, 0.0, 1.0, 1.0, 1.0, 0.0, 1.0, 1.0, 1.0, 1.0, 1.0, 1.0, 0.0, 1.0]
/mnt/data/user_liangzhiyu/envs/fedcsl/lib/python3.8/site-packages/sklearn/utils/validation.py:63: RuntimeWarning:  Orthogonal matching pursuit ended prematurely due to linear
dependence in the dictionary. The requested precision might not have been met.

  return f(*args, **kwargs)
稀疏向量: [-0.00792237  0.          0.          0.         -0.27502933  0.
  0.          0.          0.          1.28488658  0.          0.
  0.          0.          0.          0.          0.          0.
  0.          0.          0.          0.          0.          0.
  0.          0.          0.          0.          0.          0.        ]
更新后概率: [0.11420803 0.00867489 0.00867489 0.00867489 0.11566828 0.00867489
 0.00867489 0.00867489 0.00867489 0.52606616 0.00867489 0.00867489
 0.00867489 0.00867489 0.00867489 0.00867489 0.00867489 0.00867489
 0.00867489 0.01851042 0.00867489 0.00867489 0.00867489 0.00867489
 0.00867489 0.00867489 0.00867489 0.00867489 0.00867489 0.00867489]
Classification: 0.9994898826730148 0.9429928741092637 369
本轮采样概率阵: [0.11420803 0.00867489 0.00867489 0.00867489 0.11566828 0.00867489
 0.00867489 0.00867489 0.00867489 0.52606616 0.00867489 0.00867489
 0.00867489 0.00867489 0.00867489 0.00867489 0.00867489 0.00867489
 0.00867489 0.01851042 0.00867489 0.00867489 0.00867489 0.00867489
 0.00867489 0.00867489 0.00867489 0.00867489 0.00867489 0.00867489]
客户端选择掩码: [1.0, 1.0, 1.0, 0.0, 1.0, 0.0, 1.0, 1.0, 0.0, 1.0, 1.0, 1.0, 1.0, 1.0, 0.0, 1.0, 1.0, 0.0, 1.0, 1.0, 0.0, 1.0, 1.0, 0.0, 1.0, 0.0, 1.0, 1.0, 1.0, 0.0]
/mnt/data/user_liangzhiyu/envs/fedcsl/lib/python3.8/site-packages/sklearn/utils/validation.py:63: RuntimeWarning:  Orthogonal matching pursuit ended prematurely due to linear
dependence in the dictionary. The requested precision might not have been met.

  return f(*args, **kwargs)
稀疏向量: [0.16929009 0.         0.         0.         0.         0.
 0.         0.         0.         0.52464343 0.         0.
 0.30674955 0.         0.         0.         0.         0.
 0.         0.         0.         0.         0.         0.
 0.         0.         0.         0.         0.         0.        ]
更新后概率: [0.12830882 0.00869214 0.00869214 0.00869214 0.02010811 0.00869214
 0.00869214 0.00869214 0.00869214 0.42756219 0.00869214 0.00869214
 0.19802513 0.00869214 0.00869214 0.00869214 0.00869214 0.00869214
 0.00869214 0.00869214 0.00869214 0.00869214 0.00869214 0.00869214
 0.00869214 0.00869214 0.00869214 0.00869214 0.00869214 0.00869214]
Classification: 0.999829960891005 0.9436715303698676 370
本轮采样概率阵: [0.12830882 0.00869214 0.00869214 0.00869214 0.02010811 0.00869214
 0.00869214 0.00869214 0.00869214 0.42756219 0.00869214 0.00869214
 0.19802513 0.00869214 0.00869214 0.00869214 0.00869214 0.00869214
 0.00869214 0.00869214 0.00869214 0.00869214 0.00869214 0.00869214
 0.00869214 0.00869214 0.00869214 0.00869214 0.00869214 0.00869214]
客户端选择掩码: [1.0, 1.0, 1.0, 0.0, 1.0, 0.0, 0.0, 0.0, 0.0, 1.0, 1.0, 0.0, 1.0, 1.0, 1.0, 0.0, 1.0, 1.0, 1.0, 0.0, 1.0, 1.0, 1.0, 0.0, 1.0, 1.0, 1.0, 1.0, 1.0, 1.0]
/mnt/data/user_liangzhiyu/envs/fedcsl/lib/python3.8/site-packages/sklearn/utils/validation.py:63: RuntimeWarning:  Orthogonal matching pursuit ended prematurely due to linear
dependence in the dictionary. The requested precision might not have been met.

  return f(*args, **kwargs)
稀疏向量: [-1.24709448  0.          0.         -2.2957573   0.44746219  0.
  0.          0.          0.          0.          0.          0.
  0.          0.          0.          0.          0.          4.09632886
  0.          0.          0.          0.          0.          0.
  0.          0.          0.          0.          0.          0.        ]
更新后概率: [0.16125438 0.0087416  0.0087416  0.0087416  0.05332536 0.0087416
 0.0087416  0.0087416  0.0087416  0.07475152 0.0087416  0.0087416
 0.03462112 0.0087416  0.0087416  0.0087416  0.0087416  0.45750771
 0.0087416  0.0087416  0.0087416  0.0087416  0.0087416  0.0087416
 0.0087416  0.0087416  0.0087416  0.0087416  0.0087416  0.0087416 ]
Classification: 0.9993198435640197 0.9433322022395657 371
本轮采样概率阵: [0.16125438 0.0087416  0.0087416  0.0087416  0.05332536 0.0087416
 0.0087416  0.0087416  0.0087416  0.07475152 0.0087416  0.0087416
 0.03462112 0.0087416  0.0087416  0.0087416  0.0087416  0.45750771
 0.0087416  0.0087416  0.0087416  0.0087416  0.0087416  0.0087416
 0.0087416  0.0087416  0.0087416  0.0087416  0.0087416  0.0087416 ]
客户端选择掩码: [1.0, 1.0, 1.0, 0.0, 1.0, 1.0, 0.0, 1.0, 1.0, 1.0, 1.0, 0.0, 1.0, 1.0, 1.0, 1.0, 1.0, 1.0, 1.0, 0.0, 1.0, 1.0, 0.0, 1.0, 0.0, 0.0, 1.0, 0.0, 0.0, 1.0]
/mnt/data/user_liangzhiyu/envs/fedcsl/lib/python3.8/site-packages/sklearn/utils/validation.py:63: RuntimeWarning:  Orthogonal matching pursuit ended prematurely due to linear
dependence in the dictionary. The requested precision might not have been met.

  return f(*args, **kwargs)
稀疏向量: [ 0.07877437  0.          0.          0.         -0.22562009  1.14549596
  0.          0.          0.          0.          0.          0.
  0.          0.          0.          0.          0.          0.
  0.          0.          0.          0.          0.          0.
  0.          0.          0.          0.          0.          0.        ]
更新后概率: [0.0635194  0.00878598 0.00878598 0.00878598 0.11014142 0.51316117
 0.00878598 0.00878598 0.00878598 0.01313532 0.00878598 0.00878598
 0.00878598 0.00878598 0.00878598 0.00878598 0.00878598 0.08039311
 0.00878598 0.00878598 0.00878598 0.00878598 0.00878598 0.00878598
 0.00878598 0.00878598 0.00878598 0.00878598 0.00878598 0.00878598]
Classification: 0.9996599217820099 0.9429928741092637 372
本轮采样概率阵: [0.0635194  0.00878598 0.00878598 0.00878598 0.11014142 0.51316117
 0.00878598 0.00878598 0.00878598 0.01313532 0.00878598 0.00878598
 0.00878598 0.00878598 0.00878598 0.00878598 0.00878598 0.08039311
 0.00878598 0.00878598 0.00878598 0.00878598 0.00878598 0.00878598
 0.00878598 0.00878598 0.00878598 0.00878598 0.00878598 0.00878598]
客户端选择掩码: [1.0, 1.0, 1.0, 0.0, 1.0, 1.0, 1.0, 1.0, 1.0, 1.0, 1.0, 0.0, 1.0, 1.0, 0.0, 1.0, 1.0, 1.0, 1.0, 1.0, 1.0, 0.0, 1.0, 1.0, 0.0, 0.0, 0.0, 0.0, 0.0, 1.0]
/mnt/data/user_liangzhiyu/envs/fedcsl/lib/python3.8/site-packages/sklearn/utils/validation.py:63: RuntimeWarning:  Orthogonal matching pursuit ended prematurely due to linear
dependence in the dictionary. The requested precision might not have been met.

  return f(*args, **kwargs)
稀疏向量: [ 0.05666426  0.          0.          0.         -0.25291597  0.
  0.          0.          0.          1.19803907  0.          0.
  0.          0.          0.          0.          0.          0.
  0.          0.          0.          0.          0.          0.
  0.          0.          0.          0.          0.          0.        ]
更新后概率: [0.03534659 0.00875035 0.00875035 0.00875035 0.12742513 0.08980684
 0.00875035 0.00875035 0.00875035 0.51459322 0.00875035 0.00875035
 0.00875035 0.00875035 0.00875035 0.00875035 0.00875035 0.01406937
 0.00875035 0.00875035 0.00875035 0.00875035 0.00875035 0.00875035
 0.00875035 0.00875035 0.00875035 0.00875035 0.00875035 0.00875035]
Classification: 0.999829960891005 0.9433322022395657 373
本轮采样概率阵: [0.03534659 0.00875035 0.00875035 0.00875035 0.12742513 0.08980684
 0.00875035 0.00875035 0.00875035 0.51459322 0.00875035 0.00875035
 0.00875035 0.00875035 0.00875035 0.00875035 0.00875035 0.01406937
 0.00875035 0.00875035 0.00875035 0.00875035 0.00875035 0.00875035
 0.00875035 0.00875035 0.00875035 0.00875035 0.00875035 0.00875035]
客户端选择掩码: [1.0, 1.0, 1.0, 1.0, 1.0, 1.0, 1.0, 1.0, 0.0, 1.0, 0.0, 1.0, 0.0, 0.0, 0.0, 1.0, 1.0, 1.0, 0.0, 1.0, 1.0, 1.0, 1.0, 0.0, 1.0, 1.0, 0.0, 1.0, 1.0, 0.0]
/mnt/data/user_liangzhiyu/envs/fedcsl/lib/python3.8/site-packages/sklearn/utils/validation.py:63: RuntimeWarning:  Orthogonal matching pursuit ended prematurely due to linear
dependence in the dictionary. The requested precision might not have been met.

  return f(*args, **kwargs)
稀疏向量: [-0.03624041  0.          0.          0.          0.          0.
  0.          0.          0.          0.          0.          1.03624016
  0.          0.          0.          0.          0.          0.
  0.          0.          0.          0.          0.          0.
  0.          0.          0.          0.          0.          0.        ]
更新后概率: [0.02799322 0.00875517 0.00875517 0.00875517 0.02231259 0.0157255
 0.00875517 0.00875517 0.00875517 0.09010707 0.00875517 0.62498228
 0.00875517 0.00875517 0.00875517 0.00875517 0.00875517 0.00875517
 0.00875517 0.00875517 0.00875517 0.00875517 0.00875517 0.00875517
 0.00875517 0.00875517 0.00875517 0.00875517 0.00875517 0.00875517]
Classification: 0.9996599217820099 0.9426535459789617 374
本轮采样概率阵: [0.02799322 0.00875517 0.00875517 0.00875517 0.02231259 0.0157255
 0.00875517 0.00875517 0.00875517 0.09010707 0.00875517 0.62498228
 0.00875517 0.00875517 0.00875517 0.00875517 0.00875517 0.00875517
 0.00875517 0.00875517 0.00875517 0.00875517 0.00875517 0.00875517
 0.00875517 0.00875517 0.00875517 0.00875517 0.00875517 0.00875517]
客户端选择掩码: [1.0, 1.0, 0.0, 1.0, 1.0, 1.0, 0.0, 0.0, 0.0, 1.0, 1.0, 1.0, 1.0, 1.0, 0.0, 1.0, 1.0, 1.0, 0.0, 1.0, 1.0, 0.0, 1.0, 1.0, 1.0, 1.0, 1.0, 0.0, 0.0, 1.0]
/mnt/data/user_liangzhiyu/envs/fedcsl/lib/python3.8/site-packages/sklearn/utils/validation.py:63: RuntimeWarning:  Orthogonal matching pursuit ended prematurely due to linear
dependence in the dictionary. The requested precision might not have been met.

  return f(*args, **kwargs)
稀疏向量: [ 0.09015168  0.          0.          0.         -0.18391658  1.09250385
  0.          0.          0.          0.          0.          0.
  0.          0.          0.          0.          0.          0.
  0.          0.          0.          0.          0.          0.
  0.          0.          0.          0.          0.          0.        ]
更新后概率: [0.04742487 0.00874748 0.00874748 0.00874748 0.09066299 0.51812066
 0.00874748 0.00874748 0.00874748 0.01576419 0.00874748 0.10934036
 0.00874748 0.00874748 0.00874748 0.00874748 0.00874748 0.00874748
 0.00874748 0.00874748 0.00874748 0.00874748 0.00874748 0.00874748
 0.00874748 0.00874748 0.00874748 0.00874748 0.00874748 0.00874748]
Classification: 0.9994898826730148 0.9409569053274517 375
本轮采样概率阵: [0.04742487 0.00874748 0.00874748 0.00874748 0.09066299 0.51812066
 0.00874748 0.00874748 0.00874748 0.01576419 0.00874748 0.10934036
 0.00874748 0.00874748 0.00874748 0.00874748 0.00874748 0.00874748
 0.00874748 0.00874748 0.00874748 0.00874748 0.00874748 0.00874748
 0.00874748 0.00874748 0.00874748 0.00874748 0.00874748 0.00874748]
客户端选择掩码: [1.0, 0.0, 1.0, 1.0, 1.0, 1.0, 0.0, 0.0, 1.0, 1.0, 1.0, 1.0, 0.0, 1.0, 1.0, 0.0, 1.0, 1.0, 0.0, 1.0, 1.0, 1.0, 0.0, 1.0, 1.0, 1.0, 0.0, 0.0, 1.0, 1.0]
/mnt/data/user_liangzhiyu/envs/fedcsl/lib/python3.8/site-packages/sklearn/utils/validation.py:63: RuntimeWarning:  Orthogonal matching pursuit ended prematurely due to linear
dependence in the dictionary. The requested precision might not have been met.

  return f(*args, **kwargs)
稀疏向量: [ 0.08782579  0.          0.          0.         -0.22528864  0.
  0.          0.          0.          0.          0.          0.
  0.          0.          0.          0.          0.          0.
  0.          0.          0.          0.          0.          0.
  1.13855167  0.          0.          0.          0.          0.        ]
更新后概率: [0.04735584 0.00875751 0.00875751 0.00875751 0.11604815 0.09074892
 0.00875751 0.00875751 0.00875751 0.00875751 0.00875751 0.01915099
 0.00875751 0.00875751 0.00875751 0.00875751 0.00875751 0.00875751
 0.00875751 0.00875751 0.00875751 0.00875751 0.00875751 0.00875751
 0.5077584  0.00875751 0.00875751 0.00875751 0.00875751 0.00875751]
Classification: 0.9993198435640197 0.9416355615880556 376
本轮采样概率阵: [0.04735584 0.00875751 0.00875751 0.00875751 0.11604815 0.09074892
 0.00875751 0.00875751 0.00875751 0.00875751 0.00875751 0.01915099
 0.00875751 0.00875751 0.00875751 0.00875751 0.00875751 0.00875751
 0.00875751 0.00875751 0.00875751 0.00875751 0.00875751 0.00875751
 0.5077584  0.00875751 0.00875751 0.00875751 0.00875751 0.00875751]
客户端选择掩码: [1.0, 0.0, 1.0, 0.0, 1.0, 1.0, 1.0, 0.0, 1.0, 1.0, 0.0, 1.0, 0.0, 0.0, 1.0, 0.0, 1.0, 1.0, 0.0, 0.0, 1.0, 1.0, 1.0, 1.0, 1.0, 1.0, 1.0, 1.0, 1.0, 1.0]
/mnt/data/user_liangzhiyu/envs/fedcsl/lib/python3.8/site-packages/sklearn/utils/validation.py:63: RuntimeWarning:  Orthogonal matching pursuit ended prematurely due to linear
dependence in the dictionary. The requested precision might not have been met.

  return f(*args, **kwargs)
稀疏向量: [ 0.1201372   0.          0.          0.         -0.29786073  0.
  0.          0.          0.          0.          0.          0.
  0.          0.          0.          0.          0.          0.
  0.          0.          1.17756619  0.          0.          0.
  0.          0.          0.          0.          0.          0.        ]
更新后概率: [0.05692778 0.00876363 0.00876363 0.00876363 0.14090433 0.0159058
 0.00876363 0.00876363 0.00876363 0.00876363 0.00876363 0.00876363
 0.00876363 0.00876363 0.00876363 0.00876363 0.00876363 0.00876363
 0.00876363 0.00876363 0.47817518 0.00876363 0.00876363 0.00876363
 0.08899614 0.00876363 0.00876363 0.00876363 0.00876363 0.00876363]
Classification: 0.9994898826730148 0.9419748897183576 377
本轮采样概率阵: [0.05692778 0.00876363 0.00876363 0.00876363 0.14090433 0.0159058
 0.00876363 0.00876363 0.00876363 0.00876363 0.00876363 0.00876363
 0.00876363 0.00876363 0.00876363 0.00876363 0.00876363 0.00876363
 0.00876363 0.00876363 0.47817518 0.00876363 0.00876363 0.00876363
 0.08899614 0.00876363 0.00876363 0.00876363 0.00876363 0.00876363]
客户端选择掩码: [1.0, 0.0, 1.0, 1.0, 1.0, 1.0, 0.0, 0.0, 0.0, 1.0, 0.0, 1.0, 1.0, 1.0, 1.0, 0.0, 1.0, 1.0, 1.0, 0.0, 1.0, 1.0, 1.0, 0.0, 1.0, 1.0, 0.0, 1.0, 1.0, 1.0]
/mnt/data/user_liangzhiyu/envs/fedcsl/lib/python3.8/site-packages/sklearn/utils/validation.py:63: RuntimeWarning:  Orthogonal matching pursuit ended prematurely due to linear
dependence in the dictionary. The requested precision might not have been met.

  return f(*args, **kwargs)
稀疏向量: [ 0.08629909  0.          0.          0.         -0.13820556  0.
  0.          0.          0.          0.          0.          0.
  0.          0.          0.          0.          0.          0.
  0.          0.          0.          0.          0.          0.
  0.          0.          0.          1.05127823  0.          0.        ]
更新后概率: [0.0536349  0.00875921 0.00875921 0.00875921 0.09460775 0.00875921
 0.00875921 0.00875921 0.00875921 0.00875921 0.00875921 0.00875921
 0.00875921 0.00875921 0.00875921 0.00875921 0.00875921 0.00875921
 0.00875921 0.00875921 0.08376876 0.00875921 0.00875921 0.00875921
 0.01559073 0.00875921 0.00875921 0.53341755 0.00875921 0.00875921]
Classification: 0.9993198435640197 0.9419748897183576 378
本轮采样概率阵: [0.0536349  0.00875921 0.00875921 0.00875921 0.09460775 0.00875921
 0.00875921 0.00875921 0.00875921 0.00875921 0.00875921 0.00875921
 0.00875921 0.00875921 0.00875921 0.00875921 0.00875921 0.00875921
 0.00875921 0.00875921 0.08376876 0.00875921 0.00875921 0.00875921
 0.01559073 0.00875921 0.00875921 0.53341755 0.00875921 0.00875921]
客户端选择掩码: [1.0, 0.0, 1.0, 0.0, 1.0, 1.0, 1.0, 1.0, 1.0, 1.0, 0.0, 0.0, 1.0, 1.0, 1.0, 0.0, 1.0, 1.0, 1.0, 1.0, 1.0, 0.0, 0.0, 0.0, 1.0, 1.0, 1.0, 1.0, 0.0, 1.0]
/mnt/data/user_liangzhiyu/envs/fedcsl/lib/python3.8/site-packages/sklearn/utils/validation.py:63: RuntimeWarning:  Orthogonal matching pursuit ended prematurely due to linear
dependence in the dictionary. The requested precision might not have been met.

  return f(*args, **kwargs)
稀疏向量: [-0.91421608  0.          0.          0.         -0.79083523  0.
  0.          0.          0.          0.          0.          1.87485036
  0.          0.          0.          0.          0.          0.
  0.          0.          1.91789637  0.         -1.08412009  0.
  0.          0.          0.          0.          0.          0.        ]
更新后概率: [0.17102764 0.00869551 0.00869551 0.00869551 0.15633051 0.00869551
 0.00869551 0.00869551 0.00869551 0.00869551 0.00869551 0.00869551
 0.00869551 0.00869551 0.00869551 0.00869551 0.00869551 0.00869551
 0.00869551 0.00869551 0.353792   0.00869551 0.00869551 0.00869551
 0.00869551 0.00869551 0.00869551 0.0927667  0.00869551 0.00869551]
Classification: 0.999829960891005 0.9423142178486597 379
本轮采样概率阵: [0.17102764 0.00869551 0.00869551 0.00869551 0.15633051 0.00869551
 0.00869551 0.00869551 0.00869551 0.00869551 0.00869551 0.00869551
 0.00869551 0.00869551 0.00869551 0.00869551 0.00869551 0.00869551
 0.00869551 0.00869551 0.353792   0.00869551 0.00869551 0.00869551
 0.00869551 0.00869551 0.00869551 0.0927667  0.00869551 0.00869551]
客户端选择掩码: [1.0, 1.0, 0.0, 1.0, 1.0, 1.0, 1.0, 1.0, 1.0, 0.0, 1.0, 0.0, 1.0, 1.0, 0.0, 0.0, 1.0, 1.0, 1.0, 1.0, 1.0, 0.0, 1.0, 1.0, 0.0, 1.0, 1.0, 1.0, 0.0, 0.0]
/mnt/data/user_liangzhiyu/envs/fedcsl/lib/python3.8/site-packages/sklearn/utils/validation.py:63: RuntimeWarning:  Orthogonal matching pursuit ended prematurely due to linear
dependence in the dictionary. The requested precision might not have been met.

  return f(*args, **kwargs)
稀疏向量: [ 0.06527457  0.          0.          0.         -0.26812506  0.
  0.          0.          0.          0.          0.          0.
  0.          0.          0.          0.          0.          0.
  0.          0.          0.          0.          0.          0.
  0.          0.          0.          1.20207742  0.          0.        ]
更新后概率: [0.05689477 0.00867923 0.00867923 0.00867923 0.13889338 0.00867923
 0.00867923 0.00867923 0.00867923 0.00867923 0.00867923 0.00867923
 0.00867923 0.00867923 0.00867923 0.00867923 0.00867923 0.00867923
 0.00867923 0.00867923 0.06141286 0.00867923 0.00867923 0.00867923
 0.00867923 0.00867923 0.00867923 0.51713896 0.00867923 0.00867923]
Classification: 0.9996599217820099 0.9412962334577536 380
本轮采样概率阵: [0.05689477 0.00867923 0.00867923 0.00867923 0.13889338 0.00867923
 0.00867923 0.00867923 0.00867923 0.00867923 0.00867923 0.00867923
 0.00867923 0.00867923 0.00867923 0.00867923 0.00867923 0.00867923
 0.00867923 0.00867923 0.06141286 0.00867923 0.00867923 0.00867923
 0.00867923 0.00867923 0.00867923 0.51713896 0.00867923 0.00867923]
客户端选择掩码: [1.0, 1.0, 1.0, 1.0, 1.0, 0.0, 1.0, 1.0, 0.0, 0.0, 1.0, 1.0, 1.0, 0.0, 1.0, 1.0, 0.0, 1.0, 1.0, 0.0, 1.0, 1.0, 0.0, 1.0, 0.0, 1.0, 1.0, 1.0, 0.0, 1.0]
/mnt/data/user_liangzhiyu/envs/fedcsl/lib/python3.8/site-packages/sklearn/utils/validation.py:63: RuntimeWarning:  Orthogonal matching pursuit ended prematurely due to linear
dependence in the dictionary. The requested precision might not have been met.

  return f(*args, **kwargs)
稀疏向量: [-1.90643379  0.          0.          0.          0.          0.
  0.          0.          0.          0.          0.          4.76887029
 -1.86148436  0.          0.          0.          0.          0.
  0.          0.          0.          0.          0.          0.
  0.          0.          0.          0.          0.          0.        ]
更新后概率: [0.15502007 0.00880399 0.00880399 0.00880399 0.02445631 0.00880399
 0.00880399 0.00880399 0.00880399 0.00880399 0.00880399 0.36424526
 0.14311147 0.00880399 0.00880399 0.00880399 0.00880399 0.00880399
 0.00880399 0.00880399 0.01081356 0.00880399 0.00880399 0.00880399
 0.00880399 0.00880399 0.00880399 0.09105768 0.00880399 0.00880399]
Classification: 0.999829960891005 0.9429928741092637 381
本轮采样概率阵: [0.15502007 0.00880399 0.00880399 0.00880399 0.02445631 0.00880399
 0.00880399 0.00880399 0.00880399 0.00880399 0.00880399 0.36424526
 0.14311147 0.00880399 0.00880399 0.00880399 0.00880399 0.00880399
 0.00880399 0.00880399 0.01081356 0.00880399 0.00880399 0.00880399
 0.00880399 0.00880399 0.00880399 0.09105768 0.00880399 0.00880399]
客户端选择掩码: [1.0, 1.0, 1.0, 0.0, 0.0, 1.0, 1.0, 0.0, 1.0, 1.0, 0.0, 1.0, 1.0, 1.0, 0.0, 1.0, 1.0, 1.0, 1.0, 1.0, 1.0, 1.0, 0.0, 0.0, 1.0, 0.0, 0.0, 1.0, 1.0, 1.0]
/mnt/data/user_liangzhiyu/envs/fedcsl/lib/python3.8/site-packages/sklearn/utils/validation.py:63: RuntimeWarning:  Orthogonal matching pursuit ended prematurely due to linear
dependence in the dictionary. The requested precision might not have been met.

  return f(*args, **kwargs)
稀疏向量: [0.01934263 0.         0.         0.         0.08274515 0.
 0.         0.         0.         0.         0.         0.89795338
 0.         0.         0.         0.         0.         0.
 0.         0.         0.         0.         0.         0.
 0.         0.         0.         0.         0.         0.        ]
更新后概率: [0.04026389 0.00870146 0.00870146 0.00870146 0.02128056 0.00870146
 0.00870146 0.00870146 0.00870146 0.00870146 0.00870146 0.68016679
 0.02490558 0.00870146 0.00870146 0.00870146 0.00870146 0.00870146
 0.00870146 0.00870146 0.00870146 0.00870146 0.00870146 0.00870146
 0.00870146 0.00870146 0.00870146 0.0158467  0.00870146 0.00870146]
Classification: 0.999829960891005 0.9429928741092637 382
本轮采样概率阵: [0.04026389 0.00870146 0.00870146 0.00870146 0.02128056 0.00870146
 0.00870146 0.00870146 0.00870146 0.00870146 0.00870146 0.68016679
 0.02490558 0.00870146 0.00870146 0.00870146 0.00870146 0.00870146
 0.00870146 0.00870146 0.00870146 0.00870146 0.00870146 0.00870146
 0.00870146 0.00870146 0.00870146 0.0158467  0.00870146 0.00870146]
客户端选择掩码: [1.0, 1.0, 0.0, 1.0, 1.0, 0.0, 1.0, 0.0, 0.0, 0.0, 1.0, 1.0, 1.0, 0.0, 1.0, 1.0, 0.0, 1.0, 1.0, 1.0, 0.0, 1.0, 1.0, 1.0, 1.0, 1.0, 1.0, 1.0, 0.0, 1.0]
/mnt/data/user_liangzhiyu/envs/fedcsl/lib/python3.8/site-packages/sklearn/utils/validation.py:63: RuntimeWarning:  Orthogonal matching pursuit ended prematurely due to linear
dependence in the dictionary. The requested precision might not have been met.

  return f(*args, **kwargs)
稀疏向量: [0.25038839 0.         0.         0.         0.16944405 0.
 0.         0.         0.         0.         0.         0.
 0.48223048 0.         0.         0.         0.         0.
 0.         0.         0.         0.         0.         0.
 0.         0.09792613 0.         0.         0.         0.        ]
更新后概率: [0.16865924 0.0087534  0.0087534  0.0087534  0.11309127 0.0087534
 0.0087534  0.0087534  0.0087534  0.0087534  0.0087534  0.11907547
 0.31561033 0.0087534  0.0087534  0.0087534  0.0087534  0.0087534
 0.0087534  0.0087534  0.0087534  0.0087534  0.0087534  0.0087534
 0.0087534  0.06472865 0.0087534  0.0087534  0.0087534  0.0087534 ]
Classification: 0.999829960891005 0.9426535459789617 383
本轮采样概率阵: [0.16865924 0.0087534  0.0087534  0.0087534  0.11309127 0.0087534
 0.0087534  0.0087534  0.0087534  0.0087534  0.0087534  0.11907547
 0.31561033 0.0087534  0.0087534  0.0087534  0.0087534  0.0087534
 0.0087534  0.0087534  0.0087534  0.0087534  0.0087534  0.0087534
 0.0087534  0.06472865 0.0087534  0.0087534  0.0087534  0.0087534 ]
客户端选择掩码: [1.0, 1.0, 1.0, 1.0, 1.0, 1.0, 1.0, 1.0, 0.0, 1.0, 0.0, 1.0, 1.0, 0.0, 1.0, 0.0, 0.0, 0.0, 0.0, 1.0, 1.0, 1.0, 0.0, 1.0, 1.0, 1.0, 0.0, 1.0, 1.0, 1.0]
/mnt/data/user_liangzhiyu/envs/fedcsl/lib/python3.8/site-packages/sklearn/utils/validation.py:63: RuntimeWarning:  Orthogonal matching pursuit ended prematurely due to linear
dependence in the dictionary. The requested precision might not have been met.

  return f(*args, **kwargs)
稀疏向量: [ 0.          0.          0.          0.         -0.27356727  0.
  0.          0.          0.          0.          0.          0.
  0.03962714  0.          0.          0.          0.          0.
  0.          0.          0.          0.          0.          0.
  0.          0.          0.          0.          0.          1.23570334]
更新后概率: [0.02972077 0.00881089 0.00881089 0.00881089 0.13461569 0.00881089
 0.00881089 0.00881089 0.00881089 0.00881089 0.00881089 0.02098322
 0.07222896 0.00881089 0.00881089 0.00881089 0.00881089 0.00881089
 0.00881089 0.00881089 0.00881089 0.00881089 0.00881089 0.00881089
 0.00881089 0.01140634 0.00881089 0.00881089 0.00881089 0.51958366]
Classification: 0.999829960891005 0.9426535459789617 384
本轮采样概率阵: [0.02972077 0.00881089 0.00881089 0.00881089 0.13461569 0.00881089
 0.00881089 0.00881089 0.00881089 0.00881089 0.00881089 0.02098322
 0.07222896 0.00881089 0.00881089 0.00881089 0.00881089 0.00881089
 0.00881089 0.00881089 0.00881089 0.00881089 0.00881089 0.00881089
 0.00881089 0.01140634 0.00881089 0.00881089 0.00881089 0.51958366]
客户端选择掩码: [1.0, 0.0, 1.0, 0.0, 1.0, 0.0, 0.0, 0.0, 1.0, 1.0, 1.0, 1.0, 1.0, 1.0, 1.0, 1.0, 1.0, 1.0, 0.0, 1.0, 1.0, 1.0, 0.0, 1.0, 0.0, 1.0, 0.0, 1.0, 1.0, 1.0]
/mnt/data/user_liangzhiyu/envs/fedcsl/lib/python3.8/site-packages/sklearn/utils/validation.py:63: RuntimeWarning:  Orthogonal matching pursuit ended prematurely due to linear
dependence in the dictionary. The requested precision might not have been met.

  return f(*args, **kwargs)
稀疏向量: [-0.04088147  0.          0.         -1.8025738  -0.68819474  0.
  0.          0.          0.          0.          0.          0.
  0.          0.          0.          0.          0.          0.
  0.          0.          0.          0.          0.          0.
  3.53215132  0.          0.          0.          0.          0.        ]
更新后概率: [0.04116196 0.00871239 0.00871239 0.00871239 0.62919399 0.00871239
 0.00871239 0.00871239 0.00871239 0.00871239 0.00871239 0.00871239
 0.01258574 0.00871239 0.00871239 0.00871239 0.00871239 0.00871239
 0.00871239 0.00871239 0.00871239 0.00871239 0.00871239 0.00871239
 0.00871239 0.00871239 0.00871239 0.00871239 0.00871239 0.09053627]
Classification: 0.9994898826730148 0.9426535459789617 385
本轮采样概率阵: [0.04116196 0.00871239 0.00871239 0.00871239 0.62919399 0.00871239
 0.00871239 0.00871239 0.00871239 0.00871239 0.00871239 0.00871239
 0.01258574 0.00871239 0.00871239 0.00871239 0.00871239 0.00871239
 0.00871239 0.00871239 0.00871239 0.00871239 0.00871239 0.00871239
 0.00871239 0.00871239 0.00871239 0.00871239 0.00871239 0.09053627]
客户端选择掩码: [1.0, 1.0, 0.0, 1.0, 1.0, 1.0, 1.0, 1.0, 1.0, 0.0, 1.0, 1.0, 1.0, 1.0, 0.0, 1.0, 1.0, 1.0, 0.0, 0.0, 0.0, 0.0, 1.0, 1.0, 1.0, 0.0, 1.0, 1.0, 0.0, 1.0]
/mnt/data/user_liangzhiyu/envs/fedcsl/lib/python3.8/site-packages/sklearn/utils/validation.py:63: RuntimeWarning:  Orthogonal matching pursuit ended prematurely due to linear
dependence in the dictionary. The requested precision might not have been met.

  return f(*args, **kwargs)
稀疏向量: [-0.11114803  0.          0.          0.          0.          0.
  0.          0.          0.          0.          0.          1.11114623
  0.          0.          0.          0.          0.          0.
  0.          0.          0.          0.          0.          0.
  0.          0.          0.          0.          0.          0.        ]
更新后概率: [0.06538904 0.00868665 0.00868665 0.00868665 0.10931178 0.00868665
 0.00868665 0.00868665 0.00868665 0.00868665 0.00868665 0.58371711
 0.00868665 0.00868665 0.00868665 0.00868665 0.00868665 0.00868665
 0.00868665 0.00868665 0.00868665 0.00868665 0.00868665 0.00868665
 0.00868665 0.00868665 0.00868665 0.00868665 0.00868665 0.01572915]
Classification: 0.999829960891005 0.9423142178486597 386
本轮采样概率阵: [0.06538904 0.00868665 0.00868665 0.00868665 0.10931178 0.00868665
 0.00868665 0.00868665 0.00868665 0.00868665 0.00868665 0.58371711
 0.00868665 0.00868665 0.00868665 0.00868665 0.00868665 0.00868665
 0.00868665 0.00868665 0.00868665 0.00868665 0.00868665 0.00868665
 0.00868665 0.00868665 0.00868665 0.00868665 0.00868665 0.01572915]
客户端选择掩码: [1.0, 1.0, 1.0, 0.0, 1.0, 1.0, 1.0, 1.0, 0.0, 1.0, 1.0, 1.0, 0.0, 0.0, 1.0, 0.0, 0.0, 1.0, 1.0, 1.0, 0.0, 0.0, 1.0, 1.0, 1.0, 1.0, 1.0, 1.0, 0.0, 1.0]
/mnt/data/user_liangzhiyu/envs/fedcsl/lib/python3.8/site-packages/sklearn/utils/validation.py:63: RuntimeWarning:  Orthogonal matching pursuit ended prematurely due to linear
dependence in the dictionary. The requested precision might not have been met.

  return f(*args, **kwargs)
稀疏向量: [-0.05955346  0.          0.          0.         -0.19310506  0.
  0.          0.          0.          1.25449679  0.          0.
  0.          0.          0.          0.          0.          0.
  0.          0.          0.          0.          0.          0.
  0.          0.          0.          0.          0.          0.        ]
更新后概率: [0.03668291 0.00868903 0.00868903 0.00868903 0.10109621 0.00868903
 0.00868903 0.00868903 0.00868903 0.53486753 0.00868903 0.10143867
 0.00868903 0.00868903 0.00868903 0.00868903 0.00868903 0.00868903
 0.00868903 0.00868903 0.00868903 0.00868903 0.00868903 0.00868903
 0.00868903 0.00868903 0.00868903 0.00868903 0.00868903 0.00868903]
Classification: 0.999829960891005 0.9423142178486597 387
本轮采样概率阵: [0.03668291 0.00868903 0.00868903 0.00868903 0.10109621 0.00868903
 0.00868903 0.00868903 0.00868903 0.53486753 0.00868903 0.10143867
 0.00868903 0.00868903 0.00868903 0.00868903 0.00868903 0.00868903
 0.00868903 0.00868903 0.00868903 0.00868903 0.00868903 0.00868903
 0.00868903 0.00868903 0.00868903 0.00868903 0.00868903 0.00868903]
客户端选择掩码: [1.0, 1.0, 1.0, 1.0, 1.0, 0.0, 1.0, 0.0, 1.0, 1.0, 0.0, 1.0, 1.0, 1.0, 0.0, 1.0, 1.0, 1.0, 1.0, 0.0, 1.0, 0.0, 1.0, 1.0, 1.0, 0.0, 1.0, 0.0, 0.0, 1.0]
/mnt/data/user_liangzhiyu/envs/fedcsl/lib/python3.8/site-packages/sklearn/utils/validation.py:63: RuntimeWarning:  Orthogonal matching pursuit ended prematurely due to linear
dependence in the dictionary. The requested precision might not have been met.

  return f(*args, **kwargs)
稀疏向量: [-0.02808652  0.          0.          0.         -0.18579131  0.
  0.          0.          0.          0.          0.          0.66528938
  0.          0.          0.          0.          0.          0.
  0.          0.          0.          0.          0.          0.
  0.54905691  0.          0.          0.          0.          0.        ]
更新后概率: [0.01908976 0.00874131 0.00874131 0.00874131 0.10152973 0.00874131
 0.00874131 0.00874131 0.00874131 0.09350882 0.00874131 0.31800736
 0.00874131 0.00874131 0.00874131 0.00874131 0.00874131 0.00874131
 0.00874131 0.00874131 0.00874131 0.00874131 0.00874131 0.00874131
 0.24933167 0.00874131 0.00874131 0.00874131 0.00874131 0.00874131]
Classification: 0.999829960891005 0.9436715303698676 388
本轮采样概率阵: [0.01908976 0.00874131 0.00874131 0.00874131 0.10152973 0.00874131
 0.00874131 0.00874131 0.00874131 0.09350882 0.00874131 0.31800736
 0.00874131 0.00874131 0.00874131 0.00874131 0.00874131 0.00874131
 0.00874131 0.00874131 0.00874131 0.00874131 0.00874131 0.00874131
 0.24933167 0.00874131 0.00874131 0.00874131 0.00874131 0.00874131]
客户端选择掩码: [0.0, 1.0, 1.0, 1.0, 1.0, 0.0, 1.0, 1.0, 1.0, 1.0, 1.0, 1.0, 1.0, 1.0, 0.0, 1.0, 0.0, 1.0, 0.0, 1.0, 1.0, 0.0, 0.0, 0.0, 1.0, 1.0, 0.0, 1.0, 1.0, 1.0]
/mnt/data/user_liangzhiyu/envs/fedcsl/lib/python3.8/site-packages/sklearn/utils/validation.py:63: RuntimeWarning:  Orthogonal matching pursuit ended prematurely due to linear
dependence in the dictionary. The requested precision might not have been met.

  return f(*args, **kwargs)
稀疏向量: [ 0.08095411  0.          0.          0.         -0.14538684  0.
  0.          0.          0.          1.06599657  0.          0.
  0.          0.          0.          0.          0.          0.
  0.          0.          0.          0.          0.          0.
  0.          0.          0.          0.          0.          0.        ]
更新后概率: [0.01659476 0.00869301 0.00869301 0.00869301 0.09368681 0.00869301
 0.00869301 0.00869301 0.00869301 0.57375535 0.00869301 0.05528885
 0.00869301 0.00869301 0.00869301 0.00869301 0.00869301 0.00869301
 0.00869301 0.00869301 0.00869301 0.00869301 0.00869301 0.00869301
 0.04334888 0.00869301 0.00869301 0.00869301 0.00869301 0.00869301]
Classification: 0.999829960891005 0.9426535459789617 389
本轮采样概率阵: [0.01659476 0.00869301 0.00869301 0.00869301 0.09368681 0.00869301
 0.00869301 0.00869301 0.00869301 0.57375535 0.00869301 0.05528885
 0.00869301 0.00869301 0.00869301 0.00869301 0.00869301 0.00869301
 0.00869301 0.00869301 0.00869301 0.00869301 0.00869301 0.00869301
 0.04334888 0.00869301 0.00869301 0.00869301 0.00869301 0.00869301]
客户端选择掩码: [1.0, 1.0, 0.0, 0.0, 1.0, 1.0, 1.0, 0.0, 1.0, 1.0, 1.0, 1.0, 0.0, 1.0, 1.0, 1.0, 0.0, 1.0, 0.0, 1.0, 0.0, 1.0, 1.0, 0.0, 1.0, 1.0, 0.0, 1.0, 1.0, 1.0]
/mnt/data/user_liangzhiyu/envs/fedcsl/lib/python3.8/site-packages/sklearn/utils/validation.py:63: RuntimeWarning:  Orthogonal matching pursuit ended prematurely due to linear
dependence in the dictionary. The requested precision might not have been met.

  return f(*args, **kwargs)
稀疏向量: [-0.334287    0.          0.          0.          0.          0.
  0.          0.76958376  0.          0.          0.          0.
 -0.13377689  0.          0.71276251  0.          0.          0.
  0.          0.          0.          0.          0.          0.
  0.          0.          0.         -0.01536014  0.          0.        ]
更新后概率: [0.20850002 0.00885934 0.00885934 0.00885934 0.01660007 0.00885934
 0.00885934 0.00885934 0.00885934 0.10166185 0.00885934 0.00979646
 0.00885934 0.00885934 0.43983196 0.00885934 0.00885934 0.00885934
 0.00885934 0.00885934 0.00885934 0.00885934 0.00885934 0.00885934
 0.00885934 0.00885934 0.00885934 0.01098554 0.00885934 0.00885934]
Classification: 0.9996599217820099 0.9429928741092637 390
本轮采样概率阵: [0.20850002 0.00885934 0.00885934 0.00885934 0.01660007 0.00885934
 0.00885934 0.00885934 0.00885934 0.10166185 0.00885934 0.00979646
 0.00885934 0.00885934 0.43983196 0.00885934 0.00885934 0.00885934
 0.00885934 0.00885934 0.00885934 0.00885934 0.00885934 0.00885934
 0.00885934 0.00885934 0.00885934 0.01098554 0.00885934 0.00885934]
客户端选择掩码: [1.0, 1.0, 1.0, 1.0, 1.0, 1.0, 0.0, 0.0, 0.0, 1.0, 1.0, 1.0, 1.0, 1.0, 1.0, 1.0, 1.0, 0.0, 1.0, 1.0, 1.0, 1.0, 0.0, 0.0, 0.0, 1.0, 0.0, 1.0, 0.0, 1.0]
/mnt/data/user_liangzhiyu/envs/fedcsl/lib/python3.8/site-packages/sklearn/utils/validation.py:63: RuntimeWarning:  Orthogonal matching pursuit ended prematurely due to linear
dependence in the dictionary. The requested precision might not have been met.

  return f(*args, **kwargs)
稀疏向量: [ 0.11036464  0.          0.          0.         -0.10069277  0.
  0.          0.          0.          0.          0.          0.
  0.15113949  0.          0.          0.          0.          0.
  0.          0.          0.          0.          0.          0.
  0.          0.84034595  0.          0.          0.          0.        ]
更新后概率: [0.09643376 0.00882554 0.00882554 0.00882554 0.05733552 0.00882554
 0.00882554 0.00882554 0.00882554 0.01794442 0.00882554 0.00882554
 0.08322613 0.00882554 0.07763509 0.00882554 0.00882554 0.00882554
 0.00882554 0.00882554 0.00882554 0.00882554 0.00882554 0.00882554
 0.00882554 0.45561212 0.00882554 0.00882554 0.00882554 0.00882554]
Classification: 0.9994898826730148 0.9426535459789617 391
本轮采样概率阵: [0.09643376 0.00882554 0.00882554 0.00882554 0.05733552 0.00882554
 0.00882554 0.00882554 0.00882554 0.01794442 0.00882554 0.00882554
 0.08322613 0.00882554 0.07763509 0.00882554 0.00882554 0.00882554
 0.00882554 0.00882554 0.00882554 0.00882554 0.00882554 0.00882554
 0.00882554 0.45561212 0.00882554 0.00882554 0.00882554 0.00882554]
客户端选择掩码: [1.0, 1.0, 1.0, 1.0, 1.0, 1.0, 0.0, 1.0, 1.0, 0.0, 1.0, 0.0, 1.0, 0.0, 1.0, 1.0, 1.0, 1.0, 1.0, 0.0, 0.0, 0.0, 0.0, 1.0, 1.0, 1.0, 1.0, 0.0, 1.0, 1.0]
/mnt/data/user_liangzhiyu/envs/fedcsl/lib/python3.8/site-packages/sklearn/utils/validation.py:63: RuntimeWarning:  Orthogonal matching pursuit ended prematurely due to linear
dependence in the dictionary. The requested precision might not have been met.

  return f(*args, **kwargs)
稀疏向量: [0.02397904 0.         0.         0.         0.         0.
 0.         0.         0.         0.         0.         0.97602038
 0.         0.         0.         0.         0.         0.
 0.         0.         0.         0.         0.         0.
 0.         0.         0.         0.         0.         0.        ]
更新后概率: [0.65586669 0.0087631  0.0087631  0.0087631  0.010049   0.0087631
 0.0087631  0.0087631  0.0087631  0.01572487 0.0087631  0.0087631
 0.01458664 0.0087631  0.01360674 0.0087631  0.0087631  0.0087631
 0.0087631  0.0087631  0.0087631  0.0087631  0.0087631  0.0087631
 0.0087631  0.07985173 0.0087631  0.0087631  0.0087631  0.0087631 ]
Classification: 0.999829960891005 0.9423142178486597 392
本轮采样概率阵: [0.65586669 0.0087631  0.0087631  0.0087631  0.010049   0.0087631
 0.0087631  0.0087631  0.0087631  0.01572487 0.0087631  0.0087631
 0.01458664 0.0087631  0.01360674 0.0087631  0.0087631  0.0087631
 0.0087631  0.0087631  0.0087631  0.0087631  0.0087631  0.0087631
 0.0087631  0.07985173 0.0087631  0.0087631  0.0087631  0.0087631 ]
客户端选择掩码: [1.0, 1.0, 0.0, 1.0, 1.0, 0.0, 1.0, 0.0, 0.0, 1.0, 1.0, 1.0, 1.0, 1.0, 1.0, 1.0, 0.0, 1.0, 0.0, 0.0, 0.0, 1.0, 0.0, 1.0, 1.0, 1.0, 1.0, 1.0, 1.0, 1.0]
/mnt/data/user_liangzhiyu/envs/fedcsl/lib/python3.8/site-packages/sklearn/utils/validation.py:63: RuntimeWarning:  Orthogonal matching pursuit ended prematurely due to linear
dependence in the dictionary. The requested precision might not have been met.

  return f(*args, **kwargs)
稀疏向量: [-0.56665993  0.          0.          0.          0.          0.
  1.10541336  0.          0.          0.          0.          0.
 -0.3041205   0.          0.          0.          0.          0.
  0.          0.          0.          0.          0.          0.
  0.          0.76331444  0.          0.          0.          0.        ]
更新后概率: [0.2468839  0.00870535 0.00870535 0.00870535 0.00870535 0.00870535
 0.26037685 0.00870535 0.00870535 0.00870535 0.00870535 0.00870535
 0.07375457 0.00870535 0.00870535 0.00870535 0.00870535 0.00870535
 0.00870535 0.00870535 0.00870535 0.00870535 0.00870535 0.00870535
 0.00870535 0.19264566 0.00870535 0.00870535 0.00870535 0.00870535]
Classification: 0.999829960891005 0.9433322022395657 393
本轮采样概率阵: [0.2468839  0.00870535 0.00870535 0.00870535 0.00870535 0.00870535
 0.26037685 0.00870535 0.00870535 0.00870535 0.00870535 0.00870535
 0.07375457 0.00870535 0.00870535 0.00870535 0.00870535 0.00870535
 0.00870535 0.00870535 0.00870535 0.00870535 0.00870535 0.00870535
 0.00870535 0.19264566 0.00870535 0.00870535 0.00870535 0.00870535]
客户端选择掩码: [1.0, 0.0, 1.0, 0.0, 0.0, 1.0, 1.0, 1.0, 0.0, 1.0, 0.0, 1.0, 1.0, 1.0, 1.0, 1.0, 1.0, 0.0, 0.0, 1.0, 1.0, 1.0, 0.0, 1.0, 0.0, 1.0, 1.0, 1.0, 1.0, 1.0]
/mnt/data/user_liangzhiyu/envs/fedcsl/lib/python3.8/site-packages/sklearn/utils/validation.py:63: RuntimeWarning:  Orthogonal matching pursuit ended prematurely due to linear
dependence in the dictionary. The requested precision might not have been met.

  return f(*args, **kwargs)
稀疏向量: [0.29444339 0.         0.         0.18922314 0.         0.
 0.         0.         0.         0.         0.         0.
 0.         0.         0.51635841 0.         0.         0.
 0.         0.         0.         0.         0.         0.
 0.         0.         0.         0.         0.         0.        ]
更新后概率: [0.27726627 0.00874283 0.00874283 0.00874283 0.00874283 0.00874283
 0.04552861 0.00874283 0.00874283 0.00874283 0.00874283 0.00874283
 0.01289648 0.00874283 0.41205257 0.00874283 0.00874283 0.00874283
 0.00874283 0.00874283 0.00874283 0.00874283 0.00874283 0.00874283
 0.00874283 0.03368537 0.00874283 0.00874283 0.00874283 0.00874283]
Classification: 0.999829960891005 0.9429928741092637 394
本轮采样概率阵: [0.27726627 0.00874283 0.00874283 0.00874283 0.00874283 0.00874283
 0.04552861 0.00874283 0.00874283 0.00874283 0.00874283 0.00874283
 0.01289648 0.00874283 0.41205257 0.00874283 0.00874283 0.00874283
 0.00874283 0.00874283 0.00874283 0.00874283 0.00874283 0.00874283
 0.00874283 0.03368537 0.00874283 0.00874283 0.00874283 0.00874283]
客户端选择掩码: [1.0, 1.0, 0.0, 1.0, 1.0, 1.0, 1.0, 1.0, 1.0, 1.0, 1.0, 0.0, 1.0, 1.0, 1.0, 1.0, 1.0, 1.0, 0.0, 0.0, 0.0, 0.0, 0.0, 0.0, 0.0, 1.0, 1.0, 1.0, 1.0, 1.0]
/mnt/data/user_liangzhiyu/envs/fedcsl/lib/python3.8/site-packages/sklearn/utils/validation.py:63: RuntimeWarning:  Orthogonal matching pursuit ended prematurely due to linear
dependence in the dictionary. The requested precision might not have been met.

  return f(*args, **kwargs)
稀疏向量: [ 0.          0.          0.          0.         -0.23319365  0.94065351
  0.          0.          0.          0.          0.          0.44225141
  0.          0.          0.          0.          0.          0.
  0.          0.          0.          0.         -0.1502463   0.
  0.          0.          0.          0.          0.          0.        ]
更新后概率: [0.04871105 0.00878416 0.00878416 0.00878416 0.13015445 0.52035553
 0.00878416 0.00878416 0.00878416 0.00878416 0.00878416 0.00878416
 0.00878416 0.00878416 0.07239074 0.00878416 0.00878416 0.00878416
 0.00878416 0.00878416 0.00878416 0.00878416 0.00878416 0.00878416
 0.00878416 0.00878416 0.00878416 0.00878416 0.00878416 0.00878416]
Classification: 0.999829960891005 0.9429928741092637 395
本轮采样概率阵: [0.04871105 0.00878416 0.00878416 0.00878416 0.13015445 0.52035553
 0.00878416 0.00878416 0.00878416 0.00878416 0.00878416 0.00878416
 0.00878416 0.00878416 0.07239074 0.00878416 0.00878416 0.00878416
 0.00878416 0.00878416 0.00878416 0.00878416 0.00878416 0.00878416
 0.00878416 0.00878416 0.00878416 0.00878416 0.00878416 0.00878416]
客户端选择掩码: [1.0, 0.0, 0.0, 1.0, 1.0, 1.0, 1.0, 1.0, 0.0, 1.0, 1.0, 1.0, 1.0, 1.0, 1.0, 1.0, 1.0, 1.0, 1.0, 1.0, 0.0, 1.0, 1.0, 0.0, 0.0, 0.0, 0.0, 0.0, 1.0, 1.0]
/mnt/data/user_liangzhiyu/envs/fedcsl/lib/python3.8/site-packages/sklearn/utils/validation.py:63: RuntimeWarning:  Orthogonal matching pursuit ended prematurely due to linear
dependence in the dictionary. The requested precision might not have been met.

  return f(*args, **kwargs)
稀疏向量: [ 0.12916568  0.          0.          0.         -0.84003961  0.
  0.          0.          0.          0.          0.          0.05617047
  0.          0.          0.          0.          0.          0.
  0.          0.          0.          1.65095279  0.          0.
  0.          0.          0.          0.          0.          0.        ]
更新后概率: [0.03992599 0.00881376 0.00881376 0.00881376 0.22676162 0.09172574
 0.00881376 0.00881376 0.00881376 0.00881376 0.00881376 0.01517706
 0.00881376 0.00881376 0.01276069 0.00881376 0.00881376 0.00881376
 0.00881376 0.00881376 0.00881376 0.40211875 0.00881376 0.00881376
 0.00881376 0.00881376 0.00881376 0.00881376 0.00881376 0.00881376]
Classification: 0.999829960891005 0.9429928741092637 396
本轮采样概率阵: [0.03992599 0.00881376 0.00881376 0.00881376 0.22676162 0.09172574
 0.00881376 0.00881376 0.00881376 0.00881376 0.00881376 0.01517706
 0.00881376 0.00881376 0.01276069 0.00881376 0.00881376 0.00881376
 0.00881376 0.00881376 0.00881376 0.40211875 0.00881376 0.00881376
 0.00881376 0.00881376 0.00881376 0.00881376 0.00881376 0.00881376]
客户端选择掩码: [1.0, 1.0, 0.0, 0.0, 1.0, 1.0, 0.0, 0.0, 1.0, 1.0, 1.0, 1.0, 0.0, 1.0, 1.0, 1.0, 1.0, 0.0, 1.0, 1.0, 0.0, 1.0, 0.0, 0.0, 1.0, 1.0, 1.0, 1.0, 1.0, 1.0]
/mnt/data/user_liangzhiyu/envs/fedcsl/lib/python3.8/site-packages/sklearn/utils/validation.py:63: RuntimeWarning:  Orthogonal matching pursuit ended prematurely due to linear
dependence in the dictionary. The requested precision might not have been met.

  return f(*args, **kwargs)
稀疏向量: [ 0.          0.          0.          0.         -0.52994252  1.73624817
  0.          0.          0.          0.          0.          0.
  0.          0.          0.          0.          0.          0.
  0.          0.          0.          0.         -0.20757792  0.
  0.          0.          0.          0.          0.          0.        ]
更新后概率: [0.00869065 0.00869065 0.00869065 0.00869065 0.18910017 0.50635886
 0.00869065 0.00869065 0.00869065 0.00869065 0.00869065 0.00869065
 0.00869065 0.00869065 0.00869065 0.00869065 0.00869065 0.00869065
 0.00869065 0.00869065 0.00869065 0.06989346 0.00869065 0.00869065
 0.00869065 0.00869065 0.00869065 0.00869065 0.00869065 0.00869065]
Classification: 0.9993198435640197 0.9426535459789617 397
本轮采样概率阵: [0.00869065 0.00869065 0.00869065 0.00869065 0.18910017 0.50635886
 0.00869065 0.00869065 0.00869065 0.00869065 0.00869065 0.00869065
 0.00869065 0.00869065 0.00869065 0.00869065 0.00869065 0.00869065
 0.00869065 0.00869065 0.00869065 0.06989346 0.00869065 0.00869065
 0.00869065 0.00869065 0.00869065 0.00869065 0.00869065 0.00869065]
客户端选择掩码: [1.0, 1.0, 1.0, 1.0, 1.0, 1.0, 1.0, 1.0, 0.0, 0.0, 0.0, 0.0, 1.0, 1.0, 1.0, 0.0, 0.0, 0.0, 1.0, 1.0, 1.0, 1.0, 0.0, 1.0, 1.0, 1.0, 1.0, 1.0, 0.0, 1.0]
/mnt/data/user_liangzhiyu/envs/fedcsl/lib/python3.8/site-packages/sklearn/utils/validation.py:63: RuntimeWarning:  Orthogonal matching pursuit ended prematurely due to linear
dependence in the dictionary. The requested precision might not have been met.

  return f(*args, **kwargs)
稀疏向量: [ 0.          0.          0.          0.         -0.49218237  0.
  0.          0.          0.          1.61266569  0.          0.
  0.          0.          0.          0.          0.          0.
  0.          0.          0.          0.         -0.1178846   0.
  0.          0.          0.          0.          0.          0.        ]
更新后概率: [0.00861699 0.00861699 0.00861699 0.00861699 0.6680299  0.08726583
 0.00861699 0.00861699 0.00861699 0.00861699 0.00861699 0.00861699
 0.00861699 0.00861699 0.00861699 0.00861699 0.00861699 0.00861699
 0.00861699 0.00861699 0.00861699 0.01204544 0.00861699 0.00861699
 0.00861699 0.00861699 0.00861699 0.00861699 0.00861699 0.00861699]
Classification: 0.999829960891005 0.9433322022395657 398
本轮采样概率阵: [0.00861699 0.00861699 0.00861699 0.00861699 0.6680299  0.08726583
 0.00861699 0.00861699 0.00861699 0.00861699 0.00861699 0.00861699
 0.00861699 0.00861699 0.00861699 0.00861699 0.00861699 0.00861699
 0.00861699 0.00861699 0.00861699 0.01204544 0.00861699 0.00861699
 0.00861699 0.00861699 0.00861699 0.00861699 0.00861699 0.00861699]
客户端选择掩码: [1.0, 1.0, 1.0, 1.0, 1.0, 1.0, 1.0, 1.0, 0.0, 1.0, 1.0, 1.0, 0.0, 1.0, 0.0, 1.0, 0.0, 1.0, 0.0, 0.0, 1.0, 1.0, 0.0, 0.0, 1.0, 0.0, 1.0, 1.0, 1.0, 1.0]
/mnt/data/user_liangzhiyu/envs/fedcsl/lib/python3.8/site-packages/sklearn/utils/validation.py:63: RuntimeWarning:  Orthogonal matching pursuit ended prematurely due to linear
dependence in the dictionary. The requested precision might not have been met.

  return f(*args, **kwargs)
稀疏向量: [0.05842894 0.         0.         0.         0.11589266 0.
 0.         0.         0.         0.         0.         0.82573441
 0.         0.         0.         0.         0.         0.
 0.         0.         0.         0.         0.         0.
 0.         0.         0.         0.         0.         0.        ]
更新后概率: [0.03890714 0.00867706 0.00867706 0.00867706 0.19013622 0.01514423
 0.00867706 0.00867706 0.00867706 0.00867706 0.00867706 0.53020872
 0.00867706 0.00867706 0.00867706 0.00867706 0.00867706 0.00867706
 0.00867706 0.00867706 0.00867706 0.00867706 0.00867706 0.00867706
 0.00867706 0.00867706 0.00867706 0.00867706 0.00867706 0.00867706]
Classification: 0.999829960891005 0.9429928741092637 399
本轮采样概率阵: [0.03890714 0.00867706 0.00867706 0.00867706 0.19013622 0.01514423
 0.00867706 0.00867706 0.00867706 0.00867706 0.00867706 0.53020872
 0.00867706 0.00867706 0.00867706 0.00867706 0.00867706 0.00867706
 0.00867706 0.00867706 0.00867706 0.00867706 0.00867706 0.00867706
 0.00867706 0.00867706 0.00867706 0.00867706 0.00867706 0.00867706]
客户端选择掩码: [1.0, 1.0, 0.0, 1.0, 1.0, 1.0, 1.0, 0.0, 0.0, 1.0, 1.0, 1.0, 1.0, 0.0, 1.0, 0.0, 1.0, 0.0, 1.0, 0.0, 1.0, 1.0, 1.0, 1.0, 1.0, 0.0, 1.0, 1.0, 0.0, 1.0]
/mnt/data/user_liangzhiyu/envs/fedcsl/lib/python3.8/site-packages/sklearn/utils/validation.py:63: RuntimeWarning:  Orthogonal matching pursuit ended prematurely due to linear
dependence in the dictionary. The requested precision might not have been met.

  return f(*args, **kwargs)
稀疏向量: [-0.08541595  0.          0.          0.          0.19628973  0.
  0.          0.          0.          0.          0.          0.
  0.          0.          0.          0.          0.          0.
  0.          0.          0.          0.          0.          0.
  0.          0.          0.89011004  0.          0.          0.        ]
更新后概率: [0.05346234 0.00868726 0.00868726 0.00868726 0.14035951 0.00868726
 0.00868726 0.00868726 0.00868726 0.00868726 0.00868726 0.09212123
 0.00868726 0.00868726 0.00868726 0.00868726 0.00868726 0.00868726
 0.00868726 0.00868726 0.00868726 0.00868726 0.00868726 0.00868726
 0.00868726 0.00868726 0.48818814 0.00868726 0.00868726 0.00868726]
Classification: 0.9994898826730148 0.9433322022395657 400
本轮采样概率阵: [0.05346234 0.00868726 0.00868726 0.00868726 0.14035951 0.00868726
 0.00868726 0.00868726 0.00868726 0.00868726 0.00868726 0.09212123
 0.00868726 0.00868726 0.00868726 0.00868726 0.00868726 0.00868726
 0.00868726 0.00868726 0.00868726 0.00868726 0.00868726 0.00868726
 0.00868726 0.00868726 0.48818814 0.00868726 0.00868726 0.00868726]
客户端选择掩码: [1.0, 1.0, 0.0, 0.0, 1.0, 0.0, 1.0, 0.0, 0.0, 1.0, 1.0, 1.0, 1.0, 1.0, 0.0, 1.0, 1.0, 1.0, 0.0, 1.0, 0.0, 0.0, 1.0, 1.0, 1.0, 1.0, 1.0, 1.0, 1.0, 1.0]
/mnt/data/user_liangzhiyu/envs/fedcsl/lib/python3.8/site-packages/sklearn/utils/validation.py:63: RuntimeWarning:  Orthogonal matching pursuit ended prematurely due to linear
dependence in the dictionary. The requested precision might not have been met.

  return f(*args, **kwargs)
稀疏向量: [ 0.          0.          0.          0.          0.          0.
  0.          0.          0.          0.         -0.02888716  0.84425333
  0.          0.          0.          0.          0.          0.
  0.          0.          0.          0.18426562  0.          0.
  0.          0.          0.          0.          0.          0.        ]
更新后概率: [0.00934644 0.00874114 0.00874114 0.00874114 0.02453806 0.00874114
 0.00874114 0.00874114 0.00874114 0.00874114 0.02284537 0.63939513
 0.00874114 0.00874114 0.00874114 0.00874114 0.00874114 0.00874114
 0.00874114 0.00874114 0.00874114 0.00874114 0.00874114 0.00874114
 0.00874114 0.00874114 0.08534644 0.00874114 0.00874114 0.00874114]
Classification: 0.999829960891005 0.9433322022395657 401
本轮采样概率阵: [0.00934644 0.00874114 0.00874114 0.00874114 0.02453806 0.00874114
 0.00874114 0.00874114 0.00874114 0.00874114 0.02284537 0.63939513
 0.00874114 0.00874114 0.00874114 0.00874114 0.00874114 0.00874114
 0.00874114 0.00874114 0.00874114 0.00874114 0.00874114 0.00874114
 0.00874114 0.00874114 0.08534644 0.00874114 0.00874114 0.00874114]
客户端选择掩码: [1.0, 1.0, 1.0, 0.0, 1.0, 1.0, 1.0, 0.0, 1.0, 1.0, 0.0, 1.0, 1.0, 0.0, 1.0, 1.0, 1.0, 1.0, 0.0, 0.0, 0.0, 1.0, 1.0, 1.0, 1.0, 1.0, 1.0, 1.0, 0.0, 0.0]
/mnt/data/user_liangzhiyu/envs/fedcsl/lib/python3.8/site-packages/sklearn/utils/validation.py:63: RuntimeWarning:  Orthogonal matching pursuit ended prematurely due to linear
dependence in the dictionary. The requested precision might not have been met.

  return f(*args, **kwargs)
稀疏向量: [0.06245955 0.         0.         0.         0.         0.
 0.         0.         0.         0.         0.         0.93754227
 0.         0.         0.         0.         0.         0.
 0.         0.         0.         0.         0.         0.
 0.         0.         0.         0.         0.         0.        ]
更新后概率: [0.04085109 0.00865469 0.00865469 0.00865469 0.00865469 0.00865469
 0.00865469 0.00865469 0.00865469 0.00865469 0.01977195 0.69958215
 0.00865469 0.00865469 0.00865469 0.00865469 0.00865469 0.00865469
 0.00865469 0.00865469 0.00865469 0.00865469 0.00865469 0.00865469
 0.00865469 0.00865469 0.01477294 0.00865469 0.00865469 0.00865469]
Classification: 0.999829960891005 0.9436715303698676 402
本轮采样概率阵: [0.04085109 0.00865469 0.00865469 0.00865469 0.00865469 0.00865469
 0.00865469 0.00865469 0.00865469 0.00865469 0.01977195 0.69958215
 0.00865469 0.00865469 0.00865469 0.00865469 0.00865469 0.00865469
 0.00865469 0.00865469 0.00865469 0.00865469 0.00865469 0.00865469
 0.00865469 0.00865469 0.01477294 0.00865469 0.00865469 0.00865469]
客户端选择掩码: [1.0, 1.0, 0.0, 1.0, 1.0, 0.0, 1.0, 1.0, 1.0, 1.0, 1.0, 1.0, 1.0, 0.0, 0.0, 1.0, 1.0, 1.0, 0.0, 0.0, 0.0, 0.0, 1.0, 1.0, 0.0, 1.0, 1.0, 1.0, 1.0, 1.0]
/mnt/data/user_liangzhiyu/envs/fedcsl/lib/python3.8/site-packages/sklearn/utils/validation.py:63: RuntimeWarning:  Orthogonal matching pursuit ended prematurely due to linear
dependence in the dictionary. The requested precision might not have been met.

  return f(*args, **kwargs)
稀疏向量: [-0.04064915  0.          0.          1.04219588  0.          0.
  0.          0.          0.          0.          0.          0.
  0.          0.          0.          0.          0.          0.
  0.          0.          0.          0.          0.          0.
  0.          0.          0.          0.          0.          0.        ]
更新后概率: [0.03098251 0.00863928 0.00863928 0.61487915 0.00863928 0.00863928
 0.00863928 0.00863928 0.00863928 0.00863928 0.00863928 0.12087774
 0.00863928 0.00863928 0.00863928 0.00863928 0.00863928 0.00863928
 0.00863928 0.00863928 0.00863928 0.00863928 0.00863928 0.00863928
 0.00863928 0.00863928 0.00863928 0.00863928 0.00863928 0.00863928]
Classification: 0.999829960891005 0.9433322022395657 403
本轮采样概率阵: [0.03098251 0.00863928 0.00863928 0.61487915 0.00863928 0.00863928
 0.00863928 0.00863928 0.00863928 0.00863928 0.00863928 0.12087774
 0.00863928 0.00863928 0.00863928 0.00863928 0.00863928 0.00863928
 0.00863928 0.00863928 0.00863928 0.00863928 0.00863928 0.00863928
 0.00863928 0.00863928 0.00863928 0.00863928 0.00863928 0.00863928]
客户端选择掩码: [1.0, 1.0, 1.0, 1.0, 1.0, 1.0, 0.0, 1.0, 1.0, 0.0, 1.0, 1.0, 1.0, 0.0, 1.0, 1.0, 0.0, 0.0, 1.0, 1.0, 1.0, 1.0, 1.0, 0.0, 1.0, 0.0, 1.0, 0.0, 1.0, 0.0]
/mnt/data/user_liangzhiyu/envs/fedcsl/lib/python3.8/site-packages/sklearn/utils/validation.py:63: RuntimeWarning:  Orthogonal matching pursuit ended prematurely due to linear
dependence in the dictionary. The requested precision might not have been met.

  return f(*args, **kwargs)
稀疏向量: [0.16648458 0.         0.         0.         0.         0.61420425
 0.         0.         0.         0.         0.         0.
 0.21859506 0.         0.         0.         0.         0.
 0.         0.         0.         0.         0.         0.
 0.         0.         0.         0.         0.         0.        ]
更新后概率: [0.11280472 0.00873667 0.00873667 0.10743995 0.00873667 0.39770262
 0.00873667 0.00873667 0.00873667 0.00873667 0.00873667 0.02112139
 0.14251453 0.00873667 0.00873667 0.00873667 0.00873667 0.00873667
 0.00873667 0.00873667 0.00873667 0.00873667 0.00873667 0.00873667
 0.00873667 0.00873667 0.00873667 0.00873667 0.00873667 0.00873667]
Classification: 0.999829960891005 0.9436715303698676 404
本轮采样概率阵: [0.11280472 0.00873667 0.00873667 0.10743995 0.00873667 0.39770262
 0.00873667 0.00873667 0.00873667 0.00873667 0.00873667 0.02112139
 0.14251453 0.00873667 0.00873667 0.00873667 0.00873667 0.00873667
 0.00873667 0.00873667 0.00873667 0.00873667 0.00873667 0.00873667
 0.00873667 0.00873667 0.00873667 0.00873667 0.00873667 0.00873667]
客户端选择掩码: [1.0, 1.0, 0.0, 1.0, 0.0, 1.0, 0.0, 1.0, 1.0, 1.0, 1.0, 0.0, 1.0, 1.0, 1.0, 0.0, 0.0, 0.0, 1.0, 1.0, 1.0, 0.0, 1.0, 1.0, 1.0, 1.0, 1.0, 1.0, 0.0, 1.0]
/mnt/data/user_liangzhiyu/envs/fedcsl/lib/python3.8/site-packages/sklearn/utils/validation.py:63: RuntimeWarning:  Orthogonal matching pursuit ended prematurely due to linear
dependence in the dictionary. The requested precision might not have been met.

  return f(*args, **kwargs)
稀疏向量: [0.28192619 0.         0.         0.         0.         0.
 0.         0.         0.         0.         0.         0.
 0.         0.         0.         0.         0.         0.
 0.         0.         0.         0.         0.36614305 0.
 0.35101285 0.         0.         0.         0.         0.        ]
更新后概率: [0.20086724 0.00881915 0.00881915 0.01895058 0.00881915 0.07014796
 0.00881915 0.00881915 0.00881915 0.00881915 0.00881915 0.01862726
 0.02513714 0.00881915 0.00881915 0.00881915 0.00881915 0.00881915
 0.00881915 0.00881915 0.00881915 0.00881915 0.23657081 0.00881915
 0.22685862 0.00881915 0.00881915 0.00881915 0.00881915 0.00881915]
Classification: 0.9994898826730148 0.9426535459789617 405
本轮采样概率阵: [0.20086724 0.00881915 0.00881915 0.01895058 0.00881915 0.07014796
 0.00881915 0.00881915 0.00881915 0.00881915 0.00881915 0.01862726
 0.02513714 0.00881915 0.00881915 0.00881915 0.00881915 0.00881915
 0.00881915 0.00881915 0.00881915 0.00881915 0.23657081 0.00881915
 0.22685862 0.00881915 0.00881915 0.00881915 0.00881915 0.00881915]
客户端选择掩码: [1.0, 1.0, 0.0, 1.0, 0.0, 1.0, 0.0, 1.0, 1.0, 1.0, 0.0, 0.0, 1.0, 1.0, 0.0, 0.0, 1.0, 1.0, 1.0, 1.0, 0.0, 1.0, 1.0, 1.0, 1.0, 1.0, 1.0, 0.0, 1.0, 1.0]
/mnt/data/user_liangzhiyu/envs/fedcsl/lib/python3.8/site-packages/sklearn/utils/validation.py:63: RuntimeWarning:  Orthogonal matching pursuit ended prematurely due to linear
dependence in the dictionary. The requested precision might not have been met.

  return f(*args, **kwargs)
稀疏向量: [-0.0792262   0.          0.          0.          0.          0.
  0.          0.          0.          0.          0.          0.
  0.          0.          0.          0.          0.          0.
  0.          1.07499788  0.          0.          0.          0.
  0.          0.          0.          0.          0.          0.        ]
更新后概率: [0.07939581 0.00880332 0.00880332 0.00880332 0.00880332 0.0123507
 0.00880332 0.00880332 0.00880332 0.00880332 0.00880332 0.01639817
 0.00880332 0.00880332 0.00880332 0.00880332 0.00880332 0.00880332
 0.00880332 0.5989814  0.00880332 0.00880332 0.04165216 0.00880332
 0.03994217 0.00880332 0.00880332 0.00880332 0.00880332 0.00880332]
Classification: 1.0 0.9443501866304717 406
本轮采样概率阵: [0.07939581 0.00880332 0.00880332 0.00880332 0.00880332 0.0123507
 0.00880332 0.00880332 0.00880332 0.00880332 0.00880332 0.01639817
 0.00880332 0.00880332 0.00880332 0.00880332 0.00880332 0.00880332
 0.00880332 0.5989814  0.00880332 0.00880332 0.04165216 0.00880332
 0.03994217 0.00880332 0.00880332 0.00880332 0.00880332 0.00880332]
客户端选择掩码: [1.0, 1.0, 1.0, 1.0, 0.0, 0.0, 0.0, 1.0, 1.0, 1.0, 1.0, 1.0, 1.0, 0.0, 1.0, 1.0, 1.0, 1.0, 0.0, 1.0, 1.0, 0.0, 1.0, 1.0, 1.0, 0.0, 0.0, 0.0, 1.0, 1.0]
/mnt/data/user_liangzhiyu/envs/fedcsl/lib/python3.8/site-packages/sklearn/utils/validation.py:63: RuntimeWarning:  Orthogonal matching pursuit ended prematurely due to linear
dependence in the dictionary. The requested precision might not have been met.

  return f(*args, **kwargs)
稀疏向量: [-0.0226138   0.          0.          1.02411694  0.          0.
  0.          0.          0.          0.          0.          0.
  0.          0.          0.          0.          0.          0.
  0.          0.          0.          0.          0.          0.
  0.          0.          0.          0.          0.          0.        ]
更新后概率: [0.02774819 0.00874458 0.00874458 0.62933555 0.00874458 0.01080017
 0.00874458 0.00874458 0.00874458 0.00874458 0.00874458 0.00874458
 0.00874458 0.00874458 0.00874458 0.00874458 0.00874458 0.00874458
 0.00874458 0.10475688 0.00874458 0.00874458 0.00874458 0.00874458
 0.00874458 0.00874458 0.00874458 0.00874458 0.00874458 0.00874458]
Classification: 1.0 0.9443501866304717 407
本轮采样概率阵: [0.02774819 0.00874458 0.00874458 0.62933555 0.00874458 0.01080017
 0.00874458 0.00874458 0.00874458 0.00874458 0.00874458 0.00874458
 0.00874458 0.00874458 0.00874458 0.00874458 0.00874458 0.00874458
 0.00874458 0.10475688 0.00874458 0.00874458 0.00874458 0.00874458
 0.00874458 0.00874458 0.00874458 0.00874458 0.00874458 0.00874458]
客户端选择掩码: [1.0, 1.0, 0.0, 1.0, 1.0, 1.0, 1.0, 0.0, 1.0, 1.0, 1.0, 1.0, 0.0, 1.0, 1.0, 1.0, 1.0, 1.0, 0.0, 1.0, 1.0, 1.0, 1.0, 1.0, 0.0, 0.0, 1.0, 0.0, 0.0, 0.0]
/mnt/data/user_liangzhiyu/envs/fedcsl/lib/python3.8/site-packages/sklearn/utils/validation.py:63: RuntimeWarning:  Orthogonal matching pursuit ended prematurely due to linear
dependence in the dictionary. The requested precision might not have been met.

  return f(*args, **kwargs)
稀疏向量: [-0.19761986  0.          0.          0.          0.          0.
  0.          0.          0.          0.          0.          0.2730095
  0.          0.          0.          0.          0.          0.
  0.          0.92100621  0.          0.          0.          0.
  0.          0.          0.          0.          0.          0.        ]
更新后概率: [0.09574132 0.00868692 0.00868692 0.10933976 0.00868692 0.00868692
 0.00868692 0.00868692 0.00868692 0.00868692 0.00868692 0.12712472
 0.00868692 0.00868692 0.00868692 0.00868692 0.00868692 0.00868692
 0.00868692 0.44193427 0.00868692 0.00868692 0.00868692 0.00868692
 0.00868692 0.00868692 0.00868692 0.00868692 0.00868692 0.00868692]
Classification: 0.9996599217820099 0.9412962334577536 408
本轮采样概率阵: [0.09574132 0.00868692 0.00868692 0.10933976 0.00868692 0.00868692
 0.00868692 0.00868692 0.00868692 0.00868692 0.00868692 0.12712472
 0.00868692 0.00868692 0.00868692 0.00868692 0.00868692 0.00868692
 0.00868692 0.44193427 0.00868692 0.00868692 0.00868692 0.00868692
 0.00868692 0.00868692 0.00868692 0.00868692 0.00868692 0.00868692]
客户端选择掩码: [1.0, 1.0, 1.0, 1.0, 0.0, 1.0, 1.0, 1.0, 1.0, 1.0, 1.0, 1.0, 1.0, 1.0, 1.0, 0.0, 0.0, 0.0, 0.0, 1.0, 0.0, 1.0, 0.0, 1.0, 0.0, 1.0, 1.0, 1.0, 0.0, 1.0]
/mnt/data/user_liangzhiyu/envs/fedcsl/lib/python3.8/site-packages/sklearn/utils/validation.py:63: RuntimeWarning:  Orthogonal matching pursuit ended prematurely due to linear
dependence in the dictionary. The requested precision might not have been met.

  return f(*args, **kwargs)
稀疏向量: [-0.02882464  0.          0.          0.          0.          0.
  0.          0.          0.          0.          0.          0.
  0.          0.          0.          0.          0.          0.
  0.          1.02482321  0.          0.          0.          0.
  0.          0.          0.          0.          0.          0.        ]
更新后概率: [0.03412601 0.00867843 0.00867843 0.01897796 0.00867843 0.00867843
 0.00867843 0.00867843 0.00867843 0.00867843 0.00867843 0.02206487
 0.00867843 0.00867843 0.00867843 0.00867843 0.00867843 0.00867843
 0.00867843 0.69919197 0.00867843 0.00867843 0.00867843 0.00867843
 0.00867843 0.00867843 0.00867843 0.00867843 0.00867843 0.00867843]
Classification: 0.999829960891005 0.9419748897183576 409
本轮采样概率阵: [0.03412601 0.00867843 0.00867843 0.01897796 0.00867843 0.00867843
 0.00867843 0.00867843 0.00867843 0.00867843 0.00867843 0.02206487
 0.00867843 0.00867843 0.00867843 0.00867843 0.00867843 0.00867843
 0.00867843 0.69919197 0.00867843 0.00867843 0.00867843 0.00867843
 0.00867843 0.00867843 0.00867843 0.00867843 0.00867843 0.00867843]
客户端选择掩码: [1.0, 1.0, 0.0, 1.0, 1.0, 0.0, 1.0, 1.0, 1.0, 1.0, 0.0, 1.0, 0.0, 0.0, 1.0, 1.0, 1.0, 1.0, 1.0, 1.0, 1.0, 1.0, 0.0, 1.0, 1.0, 0.0, 0.0, 1.0, 1.0, 0.0]
/mnt/data/user_liangzhiyu/envs/fedcsl/lib/python3.8/site-packages/sklearn/utils/validation.py:63: RuntimeWarning:  Orthogonal matching pursuit ended prematurely due to linear
dependence in the dictionary. The requested precision might not have been met.

  return f(*args, **kwargs)
稀疏向量: [ 0.13491847  0.          0.          0.         -0.14669374  0.
  0.          0.          0.          0.          0.          0.
  0.06359888  0.          0.          0.          0.          0.
  0.          0.          0.          0.          0.          0.
  0.          0.          0.          0.94761121  0.          0.        ]
更新后概率: [0.07648168 0.00871346 0.00871346 0.00871346 0.07820299 0.00871346
 0.00871346 0.00871346 0.00871346 0.00871346 0.00871346 0.00871346
 0.00871346 0.00871346 0.00871346 0.00871346 0.00871346 0.00871346
 0.00871346 0.12184758 0.00871346 0.00871346 0.00871346 0.00871346
 0.00871346 0.00871346 0.00871346 0.49691787 0.00871346 0.00871346]
Classification: 0.9996599217820099 0.9426535459789617 410
本轮采样概率阵: [0.07648168 0.00871346 0.00871346 0.00871346 0.07820299 0.00871346
 0.00871346 0.00871346 0.00871346 0.00871346 0.00871346 0.00871346
 0.00871346 0.00871346 0.00871346 0.00871346 0.00871346 0.00871346
 0.00871346 0.12184758 0.00871346 0.00871346 0.00871346 0.00871346
 0.00871346 0.00871346 0.00871346 0.49691787 0.00871346 0.00871346]
客户端选择掩码: [1.0, 0.0, 1.0, 1.0, 1.0, 1.0, 1.0, 1.0, 0.0, 1.0, 0.0, 1.0, 1.0, 1.0, 1.0, 1.0, 0.0, 1.0, 0.0, 1.0, 0.0, 1.0, 1.0, 1.0, 1.0, 0.0, 0.0, 1.0, 0.0, 1.0]
/mnt/data/user_liangzhiyu/envs/fedcsl/lib/python3.8/site-packages/sklearn/utils/validation.py:63: RuntimeWarning:  Orthogonal matching pursuit ended prematurely due to linear
dependence in the dictionary. The requested precision might not have been met.

  return f(*args, **kwargs)
稀疏向量: [0.01891287 0.         0.         0.         0.         0.
 0.         0.         0.         0.         0.         0.
 0.         0.         0.         0.         0.         0.
 0.         0.97729129 0.         0.         0.         0.
 0.         0.         0.         0.         0.         0.        ]
更新后概率: [0.02542918 0.00868091 0.00868091 0.00868091 0.01357747 0.00868091
 0.00868091 0.00868091 0.00868091 0.00868091 0.00868091 0.00868091
 0.00868091 0.00868091 0.00868091 0.00868091 0.00868091 0.00868091
 0.00868091 0.64901571 0.00868091 0.00868091 0.00868091 0.00868091
 0.00868091 0.00868091 0.00868091 0.08627399 0.00868091 0.00868091]
Classification: 0.9996599217820099 0.9429928741092637 411
本轮采样概率阵: [0.02542918 0.00868091 0.00868091 0.00868091 0.01357747 0.00868091
 0.00868091 0.00868091 0.00868091 0.00868091 0.00868091 0.00868091
 0.00868091 0.00868091 0.00868091 0.00868091 0.00868091 0.00868091
 0.00868091 0.64901571 0.00868091 0.00868091 0.00868091 0.00868091
 0.00868091 0.00868091 0.00868091 0.08627399 0.00868091 0.00868091]
客户端选择掩码: [1.0, 0.0, 0.0, 0.0, 1.0, 1.0, 1.0, 1.0, 1.0, 1.0, 0.0, 0.0, 1.0, 0.0, 1.0, 1.0, 1.0, 1.0, 1.0, 1.0, 1.0, 1.0, 0.0, 1.0, 1.0, 0.0, 1.0, 1.0, 1.0, 0.0]
/mnt/data/user_liangzhiyu/envs/fedcsl/lib/python3.8/site-packages/sklearn/utils/validation.py:63: RuntimeWarning:  Orthogonal matching pursuit ended prematurely due to linear
dependence in the dictionary. The requested precision might not have been met.

  return f(*args, **kwargs)
稀疏向量: [ 0.0641551   0.          0.          0.         -0.30436208  0.
  0.          0.          0.          0.          0.          0.
  0.          0.          0.          0.          0.          0.
  0.          0.          0.          0.          0.          0.
  1.24126251  0.          0.          0.          0.          0.        ]
更新后概率: [0.03013529 0.00874055 0.00874055 0.00874055 0.12425093 0.00874055
 0.00874055 0.00874055 0.00874055 0.00874055 0.00874055 0.00874055
 0.00874055 0.00874055 0.00874055 0.00874055 0.00874055 0.00874055
 0.00874055 0.11345508 0.00874055 0.00874055 0.00874055 0.00874055
 0.49856332 0.00874055 0.00874055 0.01508165 0.00874055 0.00874055]
Classification: 0.9996599217820099 0.9433322022395657 412
本轮采样概率阵: [0.03013529 0.00874055 0.00874055 0.00874055 0.12425093 0.00874055
 0.00874055 0.00874055 0.00874055 0.00874055 0.00874055 0.00874055
 0.00874055 0.00874055 0.00874055 0.00874055 0.00874055 0.00874055
 0.00874055 0.11345508 0.00874055 0.00874055 0.00874055 0.00874055
 0.49856332 0.00874055 0.00874055 0.01508165 0.00874055 0.00874055]
客户端选择掩码: [1.0, 1.0, 1.0, 1.0, 1.0, 0.0, 1.0, 1.0, 0.0, 0.0, 1.0, 1.0, 1.0, 1.0, 0.0, 1.0, 0.0, 0.0, 1.0, 1.0, 0.0, 1.0, 1.0, 1.0, 1.0, 1.0, 0.0, 1.0, 1.0, 0.0]
/mnt/data/user_liangzhiyu/envs/fedcsl/lib/python3.8/site-packages/sklearn/utils/validation.py:63: RuntimeWarning:  Orthogonal matching pursuit ended prematurely due to linear
dependence in the dictionary. The requested precision might not have been met.

  return f(*args, **kwargs)
稀疏向量: [-0.18893998  0.97578882  0.          0.          0.00223186  0.
  0.          0.          0.          0.          0.          0.21139107
  0.          0.          0.          0.          0.          0.
  0.          0.          0.          0.          0.          0.
  0.          0.          0.          0.          0.          0.        ]
更新后概率: [0.09442378 0.4617449  0.00881955 0.00881955 0.02296933 0.00881955
 0.00881955 0.00881955 0.00881955 0.00881955 0.00881955 0.10123836
 0.00881955 0.00881955 0.00881955 0.00881955 0.00881955 0.00881955
 0.00881955 0.02001245 0.00881955 0.00881955 0.00881955 0.00881955
 0.08794205 0.00881955 0.00881955 0.00881955 0.00881955 0.00881955]
Classification: 0.999829960891005 0.9433322022395657 413
本轮采样概率阵: [0.09442378 0.4617449  0.00881955 0.00881955 0.02296933 0.00881955
 0.00881955 0.00881955 0.00881955 0.00881955 0.00881955 0.10123836
 0.00881955 0.00881955 0.00881955 0.00881955 0.00881955 0.00881955
 0.00881955 0.02001245 0.00881955 0.00881955 0.00881955 0.00881955
 0.08794205 0.00881955 0.00881955 0.00881955 0.00881955 0.00881955]
客户端选择掩码: [1.0, 1.0, 1.0, 1.0, 1.0, 0.0, 1.0, 1.0, 1.0, 0.0, 1.0, 1.0, 1.0, 0.0, 0.0, 1.0, 1.0, 1.0, 0.0, 1.0, 1.0, 0.0, 0.0, 1.0, 1.0, 0.0, 0.0, 1.0, 1.0, 1.0]
/mnt/data/user_liangzhiyu/envs/fedcsl/lib/python3.8/site-packages/sklearn/utils/validation.py:63: RuntimeWarning:  Orthogonal matching pursuit ended prematurely due to linear
dependence in the dictionary. The requested precision might not have been met.

  return f(*args, **kwargs)
稀疏向量: [ -6.97853134   0.           0.           0.           0.
   0.           0.           0.           0.           0.
   0.           0.           0.           0.           0.
   0.           0.           0.           0.           0.
   0.         -22.30539929   0.           0.           0.
  30.37089498   0.           0.           0.           0.        ]
更新后概率: [0.6593963  0.08061407 0.00872929 0.00872929 0.00872929 0.00872929
 0.00872929 0.00872929 0.00872929 0.00872929 0.00872929 0.01767477
 0.00872929 0.00872929 0.00872929 0.00872929 0.00872929 0.00872929
 0.00872929 0.00872929 0.00872929 0.00872929 0.00872929 0.00872929
 0.01535343 0.00872929 0.00872929 0.00872929 0.00872929 0.00872929]
Classification: 0.999829960891005 0.9433322022395657 414
本轮采样概率阵: [0.6593963  0.08061407 0.00872929 0.00872929 0.00872929 0.00872929
 0.00872929 0.00872929 0.00872929 0.00872929 0.00872929 0.01767477
 0.00872929 0.00872929 0.00872929 0.00872929 0.00872929 0.00872929
 0.00872929 0.00872929 0.00872929 0.00872929 0.00872929 0.00872929
 0.01535343 0.00872929 0.00872929 0.00872929 0.00872929 0.00872929]
客户端选择掩码: [1.0, 1.0, 0.0, 0.0, 0.0, 1.0, 1.0, 1.0, 1.0, 1.0, 1.0, 1.0, 1.0, 0.0, 1.0, 1.0, 0.0, 0.0, 0.0, 0.0, 0.0, 1.0, 1.0, 1.0, 1.0, 1.0, 1.0, 1.0, 1.0, 1.0]
/mnt/data/user_liangzhiyu/envs/fedcsl/lib/python3.8/site-packages/sklearn/utils/validation.py:63: RuntimeWarning:  Orthogonal matching pursuit ended prematurely due to linear
dependence in the dictionary. The requested precision might not have been met.

  return f(*args, **kwargs)
稀疏向量: [-1.00196902  0.          0.          0.         -2.80591627  0.
  0.          0.          0.          0.          0.          0.
 -3.06071018  0.          0.          0.          0.          0.
  0.          0.          0.          0.          0.          0.
  7.87629241  0.          0.          0.          0.          0.        ]
更新后概率: [0.16847771 0.01402023 0.0086959  0.0086959  0.0086959  0.0086959
 0.0086959  0.0086959  0.0086959  0.0086959  0.0086959  0.0086959
 0.16585126 0.0086959  0.0086959  0.0086959  0.0086959  0.0086959
 0.0086959  0.0086959  0.0086959  0.0086959  0.0086959  0.0086959
 0.4255575  0.0086959  0.0086959  0.0086959  0.0086959  0.0086959 ]
Classification: 0.9996599217820099 0.9433322022395657 415
本轮采样概率阵: [0.16847771 0.01402023 0.0086959  0.0086959  0.0086959  0.0086959
 0.0086959  0.0086959  0.0086959  0.0086959  0.0086959  0.0086959
 0.16585126 0.0086959  0.0086959  0.0086959  0.0086959  0.0086959
 0.0086959  0.0086959  0.0086959  0.0086959  0.0086959  0.0086959
 0.4255575  0.0086959  0.0086959  0.0086959  0.0086959  0.0086959 ]
客户端选择掩码: [1.0, 1.0, 0.0, 1.0, 1.0, 1.0, 0.0, 1.0, 1.0, 1.0, 0.0, 1.0, 1.0, 0.0, 1.0, 1.0, 0.0, 1.0, 1.0, 0.0, 1.0, 1.0, 0.0, 1.0, 1.0, 0.0, 1.0, 1.0, 1.0, 0.0]
/mnt/data/user_liangzhiyu/envs/fedcsl/lib/python3.8/site-packages/sklearn/utils/validation.py:63: RuntimeWarning:  Orthogonal matching pursuit ended prematurely due to linear
dependence in the dictionary. The requested precision might not have been met.

  return f(*args, **kwargs)
稀疏向量: [ 0.          0.          0.          0.         -0.81940601  0.
  0.          0.          0.          0.          0.          0.
  0.          0.          0.          0.          0.          0.
  0.          0.          0.          0.         -0.2796561   0.
  0.          0.          0.          2.09861276  0.          0.        ]
更新后概率: [0.02948391 0.00875009 0.00875009 0.00875009 0.18270612 0.00875009
 0.00875009 0.00875009 0.00875009 0.00875009 0.00875009 0.00875009
 0.02902428 0.00875009 0.00875009 0.00875009 0.00875009 0.00875009
 0.00875009 0.00875009 0.00875009 0.00875009 0.00875009 0.00875009
 0.07447335 0.00875009 0.00875009 0.46556005 0.00875009 0.00875009]
Classification: 0.9996599217820099 0.9443501866304717 416
本轮采样概率阵: [0.02948391 0.00875009 0.00875009 0.00875009 0.18270612 0.00875009
 0.00875009 0.00875009 0.00875009 0.00875009 0.00875009 0.00875009
 0.02902428 0.00875009 0.00875009 0.00875009 0.00875009 0.00875009
 0.00875009 0.00875009 0.00875009 0.00875009 0.00875009 0.00875009
 0.07447335 0.00875009 0.00875009 0.46556005 0.00875009 0.00875009]
客户端选择掩码: [1.0, 1.0, 1.0, 0.0, 1.0, 1.0, 0.0, 1.0, 1.0, 1.0, 0.0, 1.0, 1.0, 0.0, 0.0, 1.0, 1.0, 1.0, 1.0, 1.0, 0.0, 0.0, 1.0, 1.0, 1.0, 0.0, 0.0, 1.0, 1.0, 1.0]
/mnt/data/user_liangzhiyu/envs/fedcsl/lib/python3.8/site-packages/sklearn/utils/validation.py:63: RuntimeWarning:  Orthogonal matching pursuit ended prematurely due to linear
dependence in the dictionary. The requested precision might not have been met.

  return f(*args, **kwargs)
稀疏向量: [-0.0328364   0.          0.          0.          0.          0.
  0.          0.          0.          0.          0.          1.03283432
  0.          0.          0.          0.          0.          0.
  0.          0.          0.          0.          0.          0.
  0.          0.          0.          0.          0.          0.        ]
更新后概率: [0.02511061 0.00877814 0.00877814 0.00877814 0.03207639 0.00877814
 0.00877814 0.00877814 0.00877814 0.00877814 0.00877814 0.62854983
 0.00877814 0.00877814 0.00877814 0.00877814 0.00877814 0.00877814
 0.00877814 0.00877814 0.00877814 0.00877814 0.00877814 0.00877814
 0.01307475 0.00877814 0.00877814 0.081735   0.00877814 0.00877814]
Classification: 0.9996599217820099 0.9440108585001696 417
本轮采样概率阵: [0.02511061 0.00877814 0.00877814 0.00877814 0.03207639 0.00877814
 0.00877814 0.00877814 0.00877814 0.00877814 0.00877814 0.62854983
 0.00877814 0.00877814 0.00877814 0.00877814 0.00877814 0.00877814
 0.00877814 0.00877814 0.00877814 0.00877814 0.00877814 0.00877814
 0.01307475 0.00877814 0.00877814 0.081735   0.00877814 0.00877814]
客户端选择掩码: [1.0, 0.0, 0.0, 1.0, 1.0, 0.0, 1.0, 0.0, 0.0, 1.0, 0.0, 1.0, 1.0, 1.0, 1.0, 1.0, 1.0, 0.0, 0.0, 1.0, 1.0, 1.0, 1.0, 1.0, 1.0, 1.0, 1.0, 1.0, 0.0, 1.0]
/mnt/data/user_liangzhiyu/envs/fedcsl/lib/python3.8/site-packages/sklearn/utils/validation.py:63: RuntimeWarning:  Orthogonal matching pursuit ended prematurely due to linear
dependence in the dictionary. The requested precision might not have been met.

  return f(*args, **kwargs)
稀疏向量: [ 0.0459061   0.          0.          0.         -0.25853167  0.
  0.          0.          0.          0.          0.          0.
  0.          0.          0.          0.          0.          0.
  0.          0.          0.          0.          0.          0.
  1.21365978  0.          0.          0.          0.          0.        ]
更新后概率: [0.02388848 0.00874962 0.00874962 0.00874962 0.11540024 0.00874962
 0.00874962 0.00874962 0.00874962 0.00874962 0.00874962 0.10999146
 0.00874962 0.00874962 0.00874962 0.00874962 0.00874962 0.00874962
 0.00874962 0.00874962 0.00874962 0.00874962 0.00874962 0.00874962
 0.51767629 0.00874962 0.00874962 0.01430301 0.00874962 0.00874962]
Classification: 0.9994898826730148 0.9433322022395657 418
本轮采样概率阵: [0.02388848 0.00874962 0.00874962 0.00874962 0.11540024 0.00874962
 0.00874962 0.00874962 0.00874962 0.00874962 0.00874962 0.10999146
 0.00874962 0.00874962 0.00874962 0.00874962 0.00874962 0.00874962
 0.00874962 0.00874962 0.00874962 0.00874962 0.00874962 0.00874962
 0.51767629 0.00874962 0.00874962 0.01430301 0.00874962 0.00874962]
客户端选择掩码: [1.0, 1.0, 1.0, 1.0, 1.0, 0.0, 1.0, 1.0, 0.0, 1.0, 0.0, 1.0, 1.0, 0.0, 1.0, 1.0, 1.0, 1.0, 1.0, 0.0, 0.0, 0.0, 0.0, 1.0, 1.0, 1.0, 0.0, 1.0, 1.0, 1.0]
/mnt/data/user_liangzhiyu/envs/fedcsl/lib/python3.8/site-packages/sklearn/utils/validation.py:63: RuntimeWarning:  Orthogonal matching pursuit ended prematurely due to linear
dependence in the dictionary. The requested precision might not have been met.

  return f(*args, **kwargs)
稀疏向量: [ 0.12395356  0.          0.          0.         -0.25994927  0.
  0.          0.          0.          0.          0.          0.
  0.          0.          0.          0.          0.          0.
  0.          0.          0.          0.          0.          0.
  0.          1.13749503  0.          0.          0.          0.        ]
更新后概率: [0.0567563  0.00875546 0.00875546 0.00875546 0.13046157 0.00875546
 0.00875546 0.00875546 0.00875546 0.00875546 0.00875546 0.01926053
 0.00875546 0.00875546 0.00875546 0.00875546 0.00875546 0.00875546
 0.00875546 0.00875546 0.00875546 0.00875546 0.00875546 0.00875546
 0.09064993 0.48398506 0.00875546 0.00875546 0.00875546 0.00875546]
Classification: 0.999829960891005 0.9433322022395657 419
本轮采样概率阵: [0.0567563  0.00875546 0.00875546 0.00875546 0.13046157 0.00875546
 0.00875546 0.00875546 0.00875546 0.00875546 0.00875546 0.01926053
 0.00875546 0.00875546 0.00875546 0.00875546 0.00875546 0.00875546
 0.00875546 0.00875546 0.00875546 0.00875546 0.00875546 0.00875546
 0.09064993 0.48398506 0.00875546 0.00875546 0.00875546 0.00875546]
客户端选择掩码: [1.0, 1.0, 1.0, 0.0, 1.0, 1.0, 1.0, 0.0, 1.0, 1.0, 1.0, 1.0, 0.0, 1.0, 1.0, 1.0, 1.0, 1.0, 1.0, 0.0, 1.0, 1.0, 0.0, 1.0, 1.0, 1.0, 0.0, 0.0, 0.0, 0.0]
/mnt/data/user_liangzhiyu/envs/fedcsl/lib/python3.8/site-packages/sklearn/utils/validation.py:63: RuntimeWarning:  Orthogonal matching pursuit ended prematurely due to linear
dependence in the dictionary. The requested precision might not have been met.

  return f(*args, **kwargs)
稀疏向量: [ 0.          0.          0.          0.         -0.37142664  0.
  0.          0.          0.          0.          0.          0.
  0.          0.          0.          0.          0.          0.
  0.          0.          0.          0.         -0.05463976  0.
  0.          1.42810844  0.          0.          0.          0.        ]
更新后概率: [0.00987641 0.00870071 0.00870071 0.00870071 0.15504847 0.00870071
 0.00870071 0.00870071 0.00870071 0.00870071 0.00870071 0.00870071
 0.00870071 0.00870071 0.00870071 0.00870071 0.00870071 0.00870071
 0.00870071 0.00870071 0.00870071 0.00870071 0.00870071 0.00870071
 0.01577438 0.59308221 0.00870071 0.00870071 0.00870071 0.00870071]
Classification: 0.9996599217820099 0.9429928741092637 420
本轮采样概率阵: [0.00987641 0.00870071 0.00870071 0.00870071 0.15504847 0.00870071
 0.00870071 0.00870071 0.00870071 0.00870071 0.00870071 0.00870071
 0.00870071 0.00870071 0.00870071 0.00870071 0.00870071 0.00870071
 0.00870071 0.00870071 0.00870071 0.00870071 0.00870071 0.00870071
 0.01577438 0.59308221 0.00870071 0.00870071 0.00870071 0.00870071]
客户端选择掩码: [1.0, 1.0, 1.0, 1.0, 1.0, 1.0, 0.0, 1.0, 1.0, 0.0, 1.0, 1.0, 0.0, 0.0, 1.0, 0.0, 0.0, 0.0, 1.0, 1.0, 0.0, 1.0, 1.0, 0.0, 1.0, 1.0, 1.0, 1.0, 1.0, 1.0]
/mnt/data/user_liangzhiyu/envs/fedcsl/lib/python3.8/site-packages/sklearn/utils/validation.py:63: RuntimeWarning:  Orthogonal matching pursuit ended prematurely due to linear
dependence in the dictionary. The requested precision might not have been met.

  return f(*args, **kwargs)
稀疏向量: [-0.58311122  0.          0.          0.          0.          0.
  0.          0.          0.          0.76414509  0.          0.
 -1.15043791  0.          0.          0.          0.          0.
  0.          0.          0.          0.          0.          0.
  0.          0.          1.97290296  0.          0.          0.        ]
更新后概率: [0.14790197 0.00869039 0.00869039 0.00869039 0.02694864 0.00869039
 0.00869039 0.00869039 0.00869039 0.00869039 0.00869039 0.00869039
 0.00869039 0.00869039 0.00869039 0.00869039 0.00869039 0.00869039
 0.00869039 0.00869039 0.00869039 0.00869039 0.00869039 0.00869039
 0.00869039 0.10308231 0.49611695 0.00869039 0.00869039 0.00869039]
Classification: 0.9996599217820099 0.9429928741092637 421
本轮采样概率阵: [0.14790197 0.00869039 0.00869039 0.00869039 0.02694864 0.00869039
 0.00869039 0.00869039 0.00869039 0.00869039 0.00869039 0.00869039
 0.00869039 0.00869039 0.00869039 0.00869039 0.00869039 0.00869039
 0.00869039 0.00869039 0.00869039 0.00869039 0.00869039 0.00869039
 0.00869039 0.10308231 0.49611695 0.00869039 0.00869039 0.00869039]
客户端选择掩码: [1.0, 1.0, 0.0, 1.0, 1.0, 1.0, 1.0, 1.0, 0.0, 1.0, 1.0, 0.0, 1.0, 1.0, 0.0, 1.0, 1.0, 1.0, 1.0, 0.0, 0.0, 0.0, 1.0, 1.0, 0.0, 1.0, 1.0, 1.0, 1.0, 0.0]
/mnt/data/user_liangzhiyu/envs/fedcsl/lib/python3.8/site-packages/sklearn/utils/validation.py:63: RuntimeWarning:  Orthogonal matching pursuit ended prematurely due to linear
dependence in the dictionary. The requested precision might not have been met.

  return f(*args, **kwargs)
稀疏向量: [ 0.07953686  0.          0.          0.         -0.35584559  0.
  0.          0.          0.          0.          0.          0.
  0.          0.          0.          0.          0.          0.
  0.          0.          0.          0.          0.          0.
  1.27734892  0.          0.          0.          0.          0.        ]
更新后概率: [0.14258842 0.00867876 0.00867876 0.00867876 0.52775782 0.00867876
 0.00867876 0.00867876 0.00867876 0.00867876 0.00867876 0.00867876
 0.00867876 0.00867876 0.00867876 0.00867876 0.00867876 0.00867876
 0.00867876 0.00867876 0.00867876 0.00867876 0.00867876 0.00867876
 0.00867876 0.01789254 0.08611357 0.00867876 0.00867876 0.00867876]
Classification: 0.9996599217820099 0.9433322022395657 422
本轮采样概率阵: [0.14258842 0.00867876 0.00867876 0.00867876 0.52775782 0.00867876
 0.00867876 0.00867876 0.00867876 0.00867876 0.00867876 0.00867876
 0.00867876 0.00867876 0.00867876 0.00867876 0.00867876 0.00867876
 0.00867876 0.00867876 0.00867876 0.00867876 0.00867876 0.00867876
 0.00867876 0.01789254 0.08611357 0.00867876 0.00867876 0.00867876]
客户端选择掩码: [1.0, 1.0, 0.0, 0.0, 1.0, 0.0, 1.0, 1.0, 1.0, 1.0, 0.0, 1.0, 0.0, 1.0, 1.0, 1.0, 0.0, 1.0, 0.0, 0.0, 1.0, 1.0, 0.0, 1.0, 1.0, 1.0, 1.0, 1.0, 1.0, 1.0]
/mnt/data/user_liangzhiyu/envs/fedcsl/lib/python3.8/site-packages/sklearn/utils/validation.py:63: RuntimeWarning:  Orthogonal matching pursuit ended prematurely due to linear
dependence in the dictionary. The requested precision might not have been met.

  return f(*args, **kwargs)
稀疏向量: [ 0.          0.          0.          0.         -0.52950263  0.
  0.          0.          0.          0.          0.          0.
 -0.16138817  0.          0.          0.          0.          0.
  0.          0.          0.          0.          0.          0.
  0.          1.69311856  0.          0.          0.          0.        ]
更新后概率: [0.0247467  0.00867767 0.00867767 0.00867767 0.24406095 0.00867767
 0.00867767 0.00867767 0.00867767 0.00867767 0.00867767 0.00867767
 0.00867767 0.00867767 0.00867767 0.00867767 0.00867767 0.00867767
 0.00867767 0.00867767 0.00867767 0.00867767 0.00867767 0.00867767
 0.00867767 0.49062769 0.0149453  0.00867767 0.00867767 0.00867767]
Classification: 0.999829960891005 0.9433322022395657 423
本轮采样概率阵: [0.0247467  0.00867767 0.00867767 0.00867767 0.24406095 0.00867767
 0.00867767 0.00867767 0.00867767 0.00867767 0.00867767 0.00867767
 0.00867767 0.00867767 0.00867767 0.00867767 0.00867767 0.00867767
 0.00867767 0.00867767 0.00867767 0.00867767 0.00867767 0.00867767
 0.00867767 0.49062769 0.0149453  0.00867767 0.00867767 0.00867767]
客户端选择掩码: [1.0, 1.0, 1.0, 1.0, 1.0, 1.0, 1.0, 1.0, 1.0, 1.0, 1.0, 1.0, 0.0, 0.0, 0.0, 1.0, 1.0, 1.0, 1.0, 1.0, 1.0, 0.0, 0.0, 1.0, 0.0, 1.0, 1.0, 0.0, 0.0, 0.0]
/mnt/data/user_liangzhiyu/envs/fedcsl/lib/python3.8/site-packages/sklearn/utils/validation.py:63: RuntimeWarning:  Orthogonal matching pursuit ended prematurely due to linear
dependence in the dictionary. The requested precision might not have been met.

  return f(*args, **kwargs)
稀疏向量: [ 0.19985121  0.          0.          0.         -0.12129276  0.
  0.          0.          0.          0.71291894  0.          0.
  0.          0.          0.          0.          0.          0.
  0.          0.          0.          0.          0.20878285  0.
  0.          0.          0.          0.          0.          0.        ]
更新后概率: [0.12812345 0.00868702 0.00868702 0.00868702 0.11755387 0.00868702
 0.00868702 0.00868702 0.00868702 0.44321845 0.00868702 0.00868702
 0.00868702 0.00868702 0.00868702 0.00868702 0.00868702 0.00868702
 0.00868702 0.00868702 0.00868702 0.00868702 0.00868702 0.00868702
 0.00868702 0.08524182 0.00868702 0.00868702 0.00868702 0.00868702]
Classification: 0.999829960891005 0.9436715303698676 424
本轮采样概率阵: [0.12812345 0.00868702 0.00868702 0.00868702 0.11755387 0.00868702
 0.00868702 0.00868702 0.00868702 0.44321845 0.00868702 0.00868702
 0.00868702 0.00868702 0.00868702 0.00868702 0.00868702 0.00868702
 0.00868702 0.00868702 0.00868702 0.00868702 0.00868702 0.00868702
 0.00868702 0.08524182 0.00868702 0.00868702 0.00868702 0.00868702]
客户端选择掩码: [1.0, 1.0, 1.0, 0.0, 1.0, 0.0, 1.0, 0.0, 1.0, 1.0, 1.0, 0.0, 1.0, 1.0, 1.0, 0.0, 1.0, 1.0, 1.0, 1.0, 0.0, 0.0, 1.0, 0.0, 1.0, 1.0, 1.0, 1.0, 1.0, 0.0]
/mnt/data/user_liangzhiyu/envs/fedcsl/lib/python3.8/site-packages/sklearn/utils/validation.py:63: RuntimeWarning:  Orthogonal matching pursuit ended prematurely due to linear
dependence in the dictionary. The requested precision might not have been met.

  return f(*args, **kwargs)
稀疏向量: [0.0547704  0.         0.         0.94656205 0.         0.
 0.         0.         0.         0.         0.         0.
 0.         0.         0.         0.         0.         0.
 0.         0.         0.         0.         0.         0.
 0.         0.         0.         0.         0.         0.        ]
更新后概率: [0.66223169 0.00867846 0.00867846 0.00867846 0.02040384 0.00867846
 0.00867846 0.00867846 0.00867846 0.07692915 0.00867846 0.00867846
 0.00867846 0.00867846 0.00867846 0.00867846 0.00867846 0.00867846
 0.00867846 0.00867846 0.00867846 0.00867846 0.00867846 0.00867846
 0.00867846 0.01479546 0.00867846 0.00867846 0.00867846 0.00867846]
Classification: 0.999829960891005 0.9429928741092637 425
本轮采样概率阵: [0.66223169 0.00867846 0.00867846 0.00867846 0.02040384 0.00867846
 0.00867846 0.00867846 0.00867846 0.07692915 0.00867846 0.00867846
 0.00867846 0.00867846 0.00867846 0.00867846 0.00867846 0.00867846
 0.00867846 0.00867846 0.00867846 0.00867846 0.00867846 0.00867846
 0.00867846 0.01479546 0.00867846 0.00867846 0.00867846 0.00867846]
客户端选择掩码: [1.0, 1.0, 1.0, 0.0, 1.0, 1.0, 1.0, 1.0, 0.0, 1.0, 0.0, 1.0, 0.0, 0.0, 1.0, 0.0, 0.0, 1.0, 1.0, 1.0, 1.0, 0.0, 1.0, 1.0, 1.0, 1.0, 0.0, 1.0, 1.0, 1.0]
/mnt/data/user_liangzhiyu/envs/fedcsl/lib/python3.8/site-packages/sklearn/utils/validation.py:63: RuntimeWarning:  Orthogonal matching pursuit ended prematurely due to linear
dependence in the dictionary. The requested precision might not have been met.

  return f(*args, **kwargs)
稀疏向量: [ 0.          0.          0.          0.         -0.27663615  0.
  0.          0.          0.          1.41061099  0.          0.
  0.          0.          0.          0.          0.          0.
 -0.13199635  0.          0.          0.          0.          0.
  0.          0.          0.          0.          0.          0.        ]
更新后概率: [0.11505431 0.00868686 0.00868686 0.00868686 0.10096576 0.00868686
 0.00868686 0.00868686 0.00868686 0.5101296  0.00868686 0.00868686
 0.00868686 0.00868686 0.00868686 0.00868686 0.00868686 0.00868686
 0.04799192 0.00868686 0.00868686 0.00868686 0.00868686 0.00868686
 0.00868686 0.00868686 0.00868686 0.00868686 0.00868686 0.00868686]
Classification: 0.999829960891005 0.9433322022395657 426
本轮采样概率阵: [0.11505431 0.00868686 0.00868686 0.00868686 0.10096576 0.00868686
 0.00868686 0.00868686 0.00868686 0.5101296  0.00868686 0.00868686
 0.00868686 0.00868686 0.00868686 0.00868686 0.00868686 0.00868686
 0.04799192 0.00868686 0.00868686 0.00868686 0.00868686 0.00868686
 0.00868686 0.00868686 0.00868686 0.00868686 0.00868686 0.00868686]
客户端选择掩码: [1.0, 1.0, 1.0, 1.0, 1.0, 1.0, 1.0, 1.0, 0.0, 1.0, 0.0, 1.0, 1.0, 1.0, 1.0, 1.0, 1.0, 0.0, 1.0, 1.0, 0.0, 1.0, 0.0, 1.0, 0.0, 0.0, 0.0, 1.0, 0.0, 1.0]
/mnt/data/user_liangzhiyu/envs/fedcsl/lib/python3.8/site-packages/sklearn/utils/validation.py:63: RuntimeWarning:  Orthogonal matching pursuit ended prematurely due to linear
dependence in the dictionary. The requested precision might not have been met.

  return f(*args, **kwargs)
稀疏向量: [ 0.09571212  0.          0.          0.         -0.19311973  0.
  0.          0.          0.          0.          0.          0.
  0.          0.          0.          0.          0.          0.
  0.          0.          0.          0.          0.          0.
  0.          1.09885746  0.          0.          0.          0.        ]
更新后概率: [0.23196807 0.0086754  0.0086754  0.0086754  0.44528439 0.0086754
 0.0086754  0.0086754  0.0086754  0.08851163 0.0086754  0.0086754
 0.0086754  0.0086754  0.0086754  0.0086754  0.0086754  0.0086754
 0.0086754  0.0086754  0.0086754  0.0086754  0.0086754  0.0086754
 0.0086754  0.0086754  0.0086754  0.0086754  0.0086754  0.0086754 ]
Classification: 0.999829960891005 0.9426535459789617 427
本轮采样概率阵: [0.23196807 0.0086754  0.0086754  0.0086754  0.44528439 0.0086754
 0.0086754  0.0086754  0.0086754  0.08851163 0.0086754  0.0086754
 0.0086754  0.0086754  0.0086754  0.0086754  0.0086754  0.0086754
 0.0086754  0.0086754  0.0086754  0.0086754  0.0086754  0.0086754
 0.0086754  0.0086754  0.0086754  0.0086754  0.0086754  0.0086754 ]
客户端选择掩码: [1.0, 1.0, 1.0, 1.0, 1.0, 0.0, 1.0, 1.0, 0.0, 1.0, 1.0, 1.0, 0.0, 1.0, 0.0, 1.0, 1.0, 1.0, 0.0, 0.0, 1.0, 1.0, 1.0, 0.0, 1.0, 1.0, 1.0, 0.0, 0.0, 1.0]
/mnt/data/user_liangzhiyu/envs/fedcsl/lib/python3.8/site-packages/sklearn/utils/validation.py:63: RuntimeWarning:  Orthogonal matching pursuit ended prematurely due to linear
dependence in the dictionary. The requested precision might not have been met.

  return f(*args, **kwargs)
稀疏向量: [0.06503434 0.         0.         0.93627539 0.         0.
 0.         0.         0.         0.         0.         0.
 0.         0.         0.         0.         0.         0.
 0.         0.         0.         0.         0.         0.
 0.         0.         0.         0.         0.         0.        ]
更新后概率: [0.08182408 0.00867736 0.00867736 0.59992591 0.07727782 0.00867736
 0.00867736 0.00867736 0.00867736 0.01536094 0.00867736 0.00867736
 0.00867736 0.00867736 0.00867736 0.00867736 0.00867736 0.00867736
 0.00867736 0.00867736 0.00867736 0.00867736 0.00867736 0.00867736
 0.00867736 0.00867736 0.00867736 0.00867736 0.00867736 0.00867736]
Classification: 0.9996599217820099 0.9423142178486597 428
本轮采样概率阵: [0.08182408 0.00867736 0.00867736 0.59992591 0.07727782 0.00867736
 0.00867736 0.00867736 0.00867736 0.01536094 0.00867736 0.00867736
 0.00867736 0.00867736 0.00867736 0.00867736 0.00867736 0.00867736
 0.00867736 0.00867736 0.00867736 0.00867736 0.00867736 0.00867736
 0.00867736 0.00867736 0.00867736 0.00867736 0.00867736 0.00867736]
客户端选择掩码: [1.0, 1.0, 0.0, 1.0, 1.0, 1.0, 0.0, 1.0, 1.0, 1.0, 1.0, 0.0, 0.0, 0.0, 0.0, 1.0, 1.0, 0.0, 1.0, 1.0, 1.0, 1.0, 1.0, 1.0, 1.0, 1.0, 1.0, 0.0, 1.0, 0.0]
/mnt/data/user_liangzhiyu/envs/fedcsl/lib/python3.8/site-packages/sklearn/utils/validation.py:63: RuntimeWarning:  Orthogonal matching pursuit ended prematurely due to linear
dependence in the dictionary. The requested precision might not have been met.

  return f(*args, **kwargs)
稀疏向量: [ 0.24690538  0.          0.          0.         -0.29961244  0.
  0.          0.          0.          0.          0.          0.
  0.          0.          0.          0.          0.          0.
  0.          0.          1.05256713  0.          0.          0.
  0.          0.          0.          0.          0.          0.        ]
更新后概率: [0.11314873 0.00868761 0.00868761 0.1042385  0.13347781 0.00868761
 0.00868761 0.00868761 0.00868761 0.00868761 0.00868761 0.00868761
 0.00868761 0.00868761 0.00868761 0.00868761 0.00868761 0.00868761
 0.00868761 0.00868761 0.42325698 0.00868761 0.00868761 0.00868761
 0.00868761 0.00868761 0.00868761 0.00868761 0.00868761 0.00868761]
Classification: 0.9993198435640197 0.9419748897183576 429
本轮采样概率阵: [0.11314873 0.00868761 0.00868761 0.1042385  0.13347781 0.00868761
 0.00868761 0.00868761 0.00868761 0.00868761 0.00868761 0.00868761
 0.00868761 0.00868761 0.00868761 0.00868761 0.00868761 0.00868761
 0.00868761 0.00868761 0.42325698 0.00868761 0.00868761 0.00868761
 0.00868761 0.00868761 0.00868761 0.00868761 0.00868761 0.00868761]
客户端选择掩码: [1.0, 1.0, 1.0, 1.0, 1.0, 1.0, 1.0, 1.0, 1.0, 1.0, 1.0, 0.0, 1.0, 0.0, 0.0, 1.0, 0.0, 0.0, 1.0, 0.0, 1.0, 1.0, 0.0, 1.0, 1.0, 0.0, 1.0, 1.0, 0.0, 1.0]
/mnt/data/user_liangzhiyu/envs/fedcsl/lib/python3.8/site-packages/sklearn/utils/validation.py:63: RuntimeWarning:  Orthogonal matching pursuit ended prematurely due to linear
dependence in the dictionary. The requested precision might not have been met.

  return f(*args, **kwargs)
稀疏向量: [0.         0.         0.         0.         0.         0.
 0.         0.         0.         0.         0.07255221 0.92744736
 0.         0.         0.         0.         0.         0.
 0.         0.         0.         0.         0.         0.
 0.         0.         0.         0.         0.         0.        ]
更新后概率: [0.01978117 0.00874119 0.00874119 0.01822345 0.02333518 0.00874119
 0.00874119 0.00874119 0.00874119 0.00874119 0.64613509 0.00874119
 0.00874119 0.00874119 0.00874119 0.00874119 0.00874119 0.00874119
 0.00874119 0.00874119 0.07399545 0.00874119 0.00874119 0.00874119
 0.00874119 0.00874119 0.00874119 0.00874119 0.00874119 0.00874119]
Classification: 0.9996599217820099 0.9429928741092637 430
本轮采样概率阵: [0.01978117 0.00874119 0.00874119 0.01822345 0.02333518 0.00874119
 0.00874119 0.00874119 0.00874119 0.00874119 0.64613509 0.00874119
 0.00874119 0.00874119 0.00874119 0.00874119 0.00874119 0.00874119
 0.00874119 0.00874119 0.07399545 0.00874119 0.00874119 0.00874119
 0.00874119 0.00874119 0.00874119 0.00874119 0.00874119 0.00874119]
客户端选择掩码: [1.0, 1.0, 1.0, 1.0, 1.0, 0.0, 1.0, 0.0, 1.0, 0.0, 1.0, 1.0, 0.0, 1.0, 1.0, 1.0, 0.0, 1.0, 1.0, 1.0, 1.0, 1.0, 0.0, 1.0, 0.0, 1.0, 0.0, 0.0, 1.0, 1.0]
/mnt/data/user_liangzhiyu/envs/fedcsl/lib/python3.8/site-packages/sklearn/utils/validation.py:63: RuntimeWarning:  Orthogonal matching pursuit ended prematurely due to linear
dependence in the dictionary. The requested precision might not have been met.

  return f(*args, **kwargs)
稀疏向量: [ 0.06785909  0.          0.          0.         -0.45369373  0.
  0.          0.          0.          0.          0.          0.
  0.          0.          0.          0.          0.          0.
  0.          0.          0.          0.          0.          0.
  0.          1.38755246  0.          0.          0.          0.        ]
更新后概率: [0.02641801 0.0087607  0.0087607  0.0087607  0.1575421  0.0087607
 0.0087607  0.0087607  0.0087607  0.0087607  0.11321195 0.0087607
 0.0087607  0.0087607  0.0087607  0.0087607  0.0087607  0.0087607
 0.0087607  0.0087607  0.01296505 0.0087607  0.0087607  0.0087607
 0.0087607  0.47084534 0.0087607  0.0087607  0.0087607  0.0087607 ]
Classification: 0.999829960891005 0.9436715303698676 431
本轮采样概率阵: [0.02641801 0.0087607  0.0087607  0.0087607  0.1575421  0.0087607
 0.0087607  0.0087607  0.0087607  0.0087607  0.11321195 0.0087607
 0.0087607  0.0087607  0.0087607  0.0087607  0.0087607  0.0087607
 0.0087607  0.0087607  0.01296505 0.0087607  0.0087607  0.0087607
 0.0087607  0.47084534 0.0087607  0.0087607  0.0087607  0.0087607 ]
客户端选择掩码: [1.0, 1.0, 1.0, 1.0, 1.0, 0.0, 1.0, 1.0, 0.0, 0.0, 1.0, 0.0, 0.0, 1.0, 1.0, 1.0, 0.0, 1.0, 1.0, 1.0, 1.0, 0.0, 1.0, 1.0, 1.0, 1.0, 0.0, 1.0, 1.0, 0.0]
/mnt/data/user_liangzhiyu/envs/fedcsl/lib/python3.8/site-packages/sklearn/utils/validation.py:63: RuntimeWarning:  Orthogonal matching pursuit ended prematurely due to linear
dependence in the dictionary. The requested precision might not have been met.

  return f(*args, **kwargs)
稀疏向量: [ 0.46561099  0.          0.          0.         -0.09254309  0.
  0.          0.          0.          0.          0.86948187  0.
  0.          0.          0.          0.          0.          0.
  0.         -0.24170064  0.          0.          0.          0.
  0.          0.          0.          0.          0.          0.        ]
更新后概率: [0.18456617 0.00875443 0.00875443 0.00875443 0.06334816 0.00875443
 0.00875443 0.00875443 0.00875443 0.00875443 0.35584331 0.00875443
 0.00875443 0.00875443 0.00875443 0.00875443 0.00875443 0.00875443
 0.00875443 0.09494187 0.00875443 0.00875443 0.00875443 0.00875443
 0.00875443 0.08243968 0.00875443 0.00875443 0.00875443 0.00875443]
Classification: 0.9996599217820099 0.9440108585001696 432
本轮采样概率阵: [0.18456617 0.00875443 0.00875443 0.00875443 0.06334816 0.00875443
 0.00875443 0.00875443 0.00875443 0.00875443 0.35584331 0.00875443
 0.00875443 0.00875443 0.00875443 0.00875443 0.00875443 0.00875443
 0.00875443 0.09494187 0.00875443 0.00875443 0.00875443 0.00875443
 0.00875443 0.08243968 0.00875443 0.00875443 0.00875443 0.00875443]
客户端选择掩码: [1.0, 1.0, 1.0, 0.0, 1.0, 1.0, 0.0, 0.0, 0.0, 1.0, 1.0, 1.0, 0.0, 1.0, 1.0, 1.0, 1.0, 1.0, 1.0, 1.0, 1.0, 0.0, 0.0, 0.0, 1.0, 1.0, 1.0, 1.0, 1.0, 0.0]
/mnt/data/user_liangzhiyu/envs/fedcsl/lib/python3.8/site-packages/sklearn/utils/validation.py:63: RuntimeWarning:  Orthogonal matching pursuit ended prematurely due to linear
dependence in the dictionary. The requested precision might not have been met.

  return f(*args, **kwargs)
稀疏向量: [-0.12363615  0.          0.          0.          0.          0.
  0.74224431  0.          0.          0.          0.          0.
  0.          0.          0.          0.          0.          0.
  0.          0.          0.          0.          0.          0.
  0.          0.          0.          0.37916504  0.          0.        ]
更新后概率: [0.19219381 0.00881099 0.00881099 0.00881099 0.01116321 0.00881099
 0.00881099 0.00881099 0.00881099 0.00881099 0.06270663 0.00881099
 0.00881099 0.00881099 0.00881099 0.00881099 0.00881099 0.00881099
 0.00881099 0.01673064 0.00881099 0.00881099 0.00881099 0.00881099
 0.00881099 0.01452751 0.00881099 0.49121449 0.00881099 0.00881099]
Classification: 0.9996599217820099 0.9436715303698676 433
本轮采样概率阵: [0.19219381 0.00881099 0.00881099 0.00881099 0.01116321 0.00881099
 0.00881099 0.00881099 0.00881099 0.00881099 0.06270663 0.00881099
 0.00881099 0.00881099 0.00881099 0.00881099 0.00881099 0.00881099
 0.00881099 0.01673064 0.00881099 0.00881099 0.00881099 0.00881099
 0.00881099 0.01452751 0.00881099 0.49121449 0.00881099 0.00881099]
客户端选择掩码: [1.0, 1.0, 0.0, 1.0, 1.0, 1.0, 1.0, 0.0, 1.0, 0.0, 1.0, 1.0, 1.0, 0.0, 1.0, 1.0, 1.0, 0.0, 1.0, 1.0, 1.0, 1.0, 1.0, 0.0, 1.0, 1.0, 0.0, 1.0, 0.0, 0.0]
/mnt/data/user_liangzhiyu/envs/fedcsl/lib/python3.8/site-packages/sklearn/utils/validation.py:63: RuntimeWarning:  Orthogonal matching pursuit ended prematurely due to linear
dependence in the dictionary. The requested precision might not have been met.

  return f(*args, **kwargs)
稀疏向量: [-0.03483779  0.          0.          1.03626655  0.          0.
  0.          0.          0.          0.          0.          0.
  0.          0.          0.          0.          0.          0.
  0.          0.          0.          0.          0.          0.
  0.          0.          0.          0.          0.          0.        ]
更新后概率: [0.05437297 0.00871425 0.00871425 0.62251645 0.00871425 0.00871425
 0.00871425 0.00871425 0.00871425 0.00871425 0.01092883 0.00871425
 0.00871425 0.00871425 0.00871425 0.00871425 0.00871425 0.00871425
 0.00871425 0.00871425 0.00871425 0.00871425 0.00871425 0.00871425
 0.00871425 0.00871425 0.00871425 0.0856113  0.00871425 0.00871425]
Classification: 0.9994898826730148 0.9433322022395657 434
本轮采样概率阵: [0.05437297 0.00871425 0.00871425 0.62251645 0.00871425 0.00871425
 0.00871425 0.00871425 0.00871425 0.00871425 0.01092883 0.00871425
 0.00871425 0.00871425 0.00871425 0.00871425 0.00871425 0.00871425
 0.00871425 0.00871425 0.00871425 0.00871425 0.00871425 0.00871425
 0.00871425 0.00871425 0.00871425 0.0856113  0.00871425 0.00871425]
客户端选择掩码: [1.0, 1.0, 0.0, 1.0, 0.0, 1.0, 1.0, 0.0, 1.0, 1.0, 1.0, 0.0, 0.0, 1.0, 1.0, 0.0, 1.0, 0.0, 1.0, 1.0, 1.0, 1.0, 1.0, 1.0, 0.0, 1.0, 0.0, 1.0, 1.0, 1.0]
/mnt/data/user_liangzhiyu/envs/fedcsl/lib/python3.8/site-packages/sklearn/utils/validation.py:63: RuntimeWarning:  Orthogonal matching pursuit ended prematurely due to linear
dependence in the dictionary. The requested precision might not have been met.

  return f(*args, **kwargs)
稀疏向量: [ 0.42746325  0.          0.         -0.40459472  0.28881778  0.
  0.          0.          0.          0.          0.          0.
  0.68757283  0.          0.          0.          0.          0.
  0.          0.          0.          0.          0.          0.
  0.          0.          0.          0.          0.          0.        ]
更新后概率: [0.33596226 0.00862249 0.00862249 0.41646677 0.00862249 0.00862249
 0.00862249 0.00862249 0.00862249 0.00862249 0.00862249 0.00862249
 0.00862249 0.00862249 0.00862249 0.00862249 0.00862249 0.00862249
 0.00862249 0.00862249 0.00862249 0.00862249 0.00862249 0.00862249
 0.00862249 0.00862249 0.00862249 0.01476366 0.00862249 0.00862249]
Classification: 0.9993198435640197 0.9416355615880556 435
本轮采样概率阵: [0.33596226 0.00862249 0.00862249 0.41646677 0.00862249 0.00862249
 0.00862249 0.00862249 0.00862249 0.00862249 0.00862249 0.00862249
 0.00862249 0.00862249 0.00862249 0.00862249 0.00862249 0.00862249
 0.00862249 0.00862249 0.00862249 0.00862249 0.00862249 0.00862249
 0.00862249 0.00862249 0.00862249 0.01476366 0.00862249 0.00862249]
客户端选择掩码: [1.0, 1.0, 1.0, 1.0, 1.0, 0.0, 0.0, 0.0, 1.0, 0.0, 1.0, 1.0, 1.0, 1.0, 0.0, 1.0, 1.0, 0.0, 1.0, 1.0, 0.0, 1.0, 1.0, 1.0, 0.0, 1.0, 0.0, 1.0, 1.0, 1.0]
/mnt/data/user_liangzhiyu/envs/fedcsl/lib/python3.8/site-packages/sklearn/utils/validation.py:63: RuntimeWarning:  Orthogonal matching pursuit ended prematurely due to linear
dependence in the dictionary. The requested precision might not have been met.

  return f(*args, **kwargs)
稀疏向量: [ 0.09504309  0.          0.          0.         -0.42034203  0.
  0.          0.          0.          0.          0.          0.
  0.          0.          0.          0.          0.          0.
  0.          0.          0.          0.          0.          0.
  1.32632146  0.          0.          0.          0.          0.        ]
更新后概率: [0.17521616 0.00861974 0.00861974 0.0717967  0.52025422 0.00861974
 0.00861974 0.00861974 0.00861974 0.00861974 0.00861974 0.00861974
 0.00861974 0.00861974 0.00861974 0.00861974 0.00861974 0.00861974
 0.00861974 0.00861974 0.00861974 0.00861974 0.00861974 0.00861974
 0.00861974 0.00861974 0.00861974 0.00861974 0.00861974 0.00861974]
Classification: 0.9994898826730148 0.9419748897183576 436
本轮采样概率阵: [0.17521616 0.00861974 0.00861974 0.0717967  0.52025422 0.00861974
 0.00861974 0.00861974 0.00861974 0.00861974 0.00861974 0.00861974
 0.00861974 0.00861974 0.00861974 0.00861974 0.00861974 0.00861974
 0.00861974 0.00861974 0.00861974 0.00861974 0.00861974 0.00861974
 0.00861974 0.00861974 0.00861974 0.00861974 0.00861974 0.00861974]
客户端选择掩码: [1.0, 0.0, 1.0, 1.0, 1.0, 1.0, 1.0, 1.0, 1.0, 1.0, 1.0, 1.0, 1.0, 1.0, 0.0, 0.0, 0.0, 0.0, 1.0, 1.0, 1.0, 1.0, 1.0, 1.0, 0.0, 0.0, 0.0, 1.0, 0.0, 1.0]
/mnt/data/user_liangzhiyu/envs/fedcsl/lib/python3.8/site-packages/sklearn/utils/validation.py:63: RuntimeWarning:  Orthogonal matching pursuit ended prematurely due to linear
dependence in the dictionary. The requested precision might not have been met.

  return f(*args, **kwargs)
稀疏向量: [-0.06375487  0.          0.          0.          0.11225419  0.
  0.          0.          0.          0.          0.          0.
  0.          0.          0.          0.          0.          0.
  0.          0.94808654  0.          0.          0.          0.
  0.          0.          0.          0.          0.          0.        ]
更新后概率: [0.06668592 0.00867216 0.00867216 0.01245266 0.15414126 0.00867216
 0.00867216 0.00867216 0.00867216 0.00867216 0.00867216 0.00867216
 0.00867216 0.00867216 0.00867216 0.00867216 0.00867216 0.00867216
 0.00867216 0.54124398 0.00867216 0.00867216 0.00867216 0.00867216
 0.00867216 0.00867216 0.00867216 0.00867216 0.00867216 0.00867216]
Classification: 0.9994898826730148 0.9423142178486597 437
本轮采样概率阵: [0.06668592 0.00867216 0.00867216 0.01245266 0.15414126 0.00867216
 0.00867216 0.00867216 0.00867216 0.00867216 0.00867216 0.00867216
 0.00867216 0.00867216 0.00867216 0.00867216 0.00867216 0.00867216
 0.00867216 0.54124398 0.00867216 0.00867216 0.00867216 0.00867216
 0.00867216 0.00867216 0.00867216 0.00867216 0.00867216 0.00867216]
客户端选择掩码: [1.0, 0.0, 1.0, 1.0, 1.0, 1.0, 1.0, 0.0, 0.0, 1.0, 1.0, 1.0, 0.0, 1.0, 0.0, 1.0, 1.0, 1.0, 0.0, 1.0, 1.0, 0.0, 0.0, 1.0, 1.0, 1.0, 0.0, 1.0, 1.0, 1.0]
/mnt/data/user_liangzhiyu/envs/fedcsl/lib/python3.8/site-packages/sklearn/utils/validation.py:63: RuntimeWarning:  Orthogonal matching pursuit ended prematurely due to linear
dependence in the dictionary. The requested precision might not have been met.

  return f(*args, **kwargs)
稀疏向量: [ 0.          0.          0.          0.         -0.25396342  0.
  0.          0.          0.          1.22350497  0.          0.
  0.          0.          0.          0.          0.          0.
  0.          0.          0.          0.          0.03191338  0.
  0.          0.          0.          0.          0.          0.        ]
更新后概率: [0.01158035 0.00868275 0.00868275 0.00868275 0.13684723 0.00868275
 0.00868275 0.00868275 0.00868275 0.53183124 0.00868275 0.00868275
 0.00868275 0.00868275 0.00868275 0.00868275 0.00868275 0.00868275
 0.00868275 0.09398971 0.00868275 0.00868275 0.00868275 0.00868275
 0.00868275 0.00868275 0.00868275 0.00868275 0.00868275 0.00868275]
Classification: 0.9996599217820099 0.9409569053274517 438
本轮采样概率阵: [0.01158035 0.00868275 0.00868275 0.00868275 0.13684723 0.00868275
 0.00868275 0.00868275 0.00868275 0.53183124 0.00868275 0.00868275
 0.00868275 0.00868275 0.00868275 0.00868275 0.00868275 0.00868275
 0.00868275 0.09398971 0.00868275 0.00868275 0.00868275 0.00868275
 0.00868275 0.00868275 0.00868275 0.00868275 0.00868275 0.00868275]
客户端选择掩码: [1.0, 1.0, 1.0, 1.0, 1.0, 0.0, 1.0, 0.0, 1.0, 1.0, 0.0, 1.0, 1.0, 1.0, 1.0, 1.0, 1.0, 0.0, 1.0, 1.0, 0.0, 1.0, 0.0, 0.0, 1.0, 1.0, 0.0, 1.0, 1.0, 0.0]
/mnt/data/user_liangzhiyu/envs/fedcsl/lib/python3.8/site-packages/sklearn/utils/validation.py:63: RuntimeWarning:  Orthogonal matching pursuit ended prematurely due to linear
dependence in the dictionary. The requested precision might not have been met.

  return f(*args, **kwargs)
稀疏向量: [-0.0322975   0.          0.          0.          0.          0.
  0.          0.          0.          0.          0.          1.03229673
  0.          0.          0.          0.          0.          0.
  0.          0.          0.          0.          0.          0.
  0.          0.          0.          0.          0.          0.        ]
更新后概率: [0.02158062 0.00874072 0.00874072 0.00874072 0.02392288 0.00874072
 0.00874072 0.00874072 0.00874072 0.09297178 0.00874072 0.62657593
 0.00874072 0.00874072 0.00874072 0.00874072 0.00874072 0.00874072
 0.00874072 0.01643076 0.00874072 0.00874072 0.00874072 0.00874072
 0.00874072 0.00874072 0.00874072 0.00874072 0.00874072 0.00874072]
Classification: 0.999829960891005 0.9419748897183576 439
本轮采样概率阵: [0.02158062 0.00874072 0.00874072 0.00874072 0.02392288 0.00874072
 0.00874072 0.00874072 0.00874072 0.09297178 0.00874072 0.62657593
 0.00874072 0.00874072 0.00874072 0.00874072 0.00874072 0.00874072
 0.00874072 0.01643076 0.00874072 0.00874072 0.00874072 0.00874072
 0.00874072 0.00874072 0.00874072 0.00874072 0.00874072 0.00874072]
客户端选择掩码: [1.0, 0.0, 1.0, 1.0, 1.0, 0.0, 0.0, 1.0, 0.0, 1.0, 1.0, 1.0, 1.0, 0.0, 1.0, 1.0, 1.0, 1.0, 0.0, 0.0, 0.0, 1.0, 0.0, 1.0, 1.0, 1.0, 1.0, 1.0, 1.0, 1.0]
/mnt/data/user_liangzhiyu/envs/fedcsl/lib/python3.8/site-packages/sklearn/utils/validation.py:63: RuntimeWarning:  Orthogonal matching pursuit ended prematurely due to linear
dependence in the dictionary. The requested precision might not have been met.

  return f(*args, **kwargs)
稀疏向量: [ 0.05754557  0.          0.          0.         -0.19062425  0.
  0.          0.          0.          0.          0.          0.
  0.          0.          0.          0.          0.          0.
  0.          0.          0.          0.          0.          0.
  0.          1.13453378  0.          0.          0.          0.        ]
更新后概率: [0.03041356 0.00875577 0.00875577 0.00875577 0.09241802 0.00875577
 0.00875577 0.00875577 0.00875577 0.0162808  0.00875577 0.10972312
 0.00875577 0.00875577 0.00875577 0.00875577 0.00875577 0.00875577
 0.00875577 0.0143864  0.00875577 0.00875577 0.00875577 0.00875577
 0.00875577 0.5266396  0.00875577 0.00875577 0.00875577 0.00875577]
Classification: 0.9996599217820099 0.9416355615880556 440
本轮采样概率阵: [0.03041356 0.00875577 0.00875577 0.00875577 0.09241802 0.00875577
 0.00875577 0.00875577 0.00875577 0.0162808  0.00875577 0.10972312
 0.00875577 0.00875577 0.00875577 0.00875577 0.00875577 0.00875577
 0.00875577 0.0143864  0.00875577 0.00875577 0.00875577 0.00875577
 0.00875577 0.5266396  0.00875577 0.00875577 0.00875577 0.00875577]
客户端选择掩码: [1.0, 1.0, 1.0, 1.0, 1.0, 1.0, 0.0, 1.0, 1.0, 1.0, 0.0, 1.0, 1.0, 0.0, 0.0, 0.0, 0.0, 1.0, 1.0, 1.0, 1.0, 1.0, 0.0, 1.0, 0.0, 1.0, 1.0, 1.0, 1.0, 0.0]
/mnt/data/user_liangzhiyu/envs/fedcsl/lib/python3.8/site-packages/sklearn/utils/validation.py:63: RuntimeWarning:  Orthogonal matching pursuit ended prematurely due to linear
dependence in the dictionary. The requested precision might not have been met.

  return f(*args, **kwargs)
稀疏向量: [0.11629419 0.         0.         0.         0.         0.
 0.         0.         0.         0.6874851  0.         0.
 0.19706195 0.         0.         0.         0.         0.
 0.         0.         0.         0.         0.         0.
 0.         0.         0.         0.         0.         0.        ]
更新后概率: [0.08089106 0.00881986 0.00881986 0.00881986 0.01630229 0.00881986
 0.00881986 0.00881986 0.00881986 0.44935274 0.00881986 0.01935486
 0.12952456 0.00881986 0.00881986 0.00881986 0.00881986 0.00881986
 0.00881986 0.00881986 0.00881986 0.00881986 0.00881986 0.00881986
 0.00881986 0.09289778 0.00881986 0.00881986 0.00881986 0.00881986]
Classification: 0.9996599217820099 0.9426535459789617 441
本轮采样概率阵: [0.08089106 0.00881986 0.00881986 0.00881986 0.01630229 0.00881986
 0.00881986 0.00881986 0.00881986 0.44935274 0.00881986 0.01935486
 0.12952456 0.00881986 0.00881986 0.00881986 0.00881986 0.00881986
 0.00881986 0.00881986 0.00881986 0.00881986 0.00881986 0.00881986
 0.00881986 0.09289778 0.00881986 0.00881986 0.00881986 0.00881986]
客户端选择掩码: [1.0, 1.0, 0.0, 0.0, 1.0, 1.0, 0.0, 1.0, 0.0, 1.0, 0.0, 1.0, 1.0, 1.0, 1.0, 0.0, 1.0, 1.0, 1.0, 1.0, 0.0, 1.0, 0.0, 1.0, 1.0, 1.0, 1.0, 1.0, 0.0, 1.0]
/mnt/data/user_liangzhiyu/envs/fedcsl/lib/python3.8/site-packages/sklearn/utils/validation.py:63: RuntimeWarning:  Orthogonal matching pursuit ended prematurely due to linear
dependence in the dictionary. The requested precision might not have been met.

  return f(*args, **kwargs)
稀疏向量: [0.3259405  0.         0.         0.         0.18677732 0.
 0.         0.         0.         0.07978889 0.         0.
 0.         0.         0.         0.         0.         0.
 0.         0.         0.         0.         0.40639873 0.
 0.         0.         0.         0.         0.         0.        ]
更新后概率: [0.36949205 0.0087697  0.0087697  0.0087697  0.20646328 0.0087697
 0.0087697  0.0087697  0.0087697  0.16579074 0.0087697  0.0087697
 0.02271783 0.0087697  0.0087697  0.0087697  0.0087697  0.0087697
 0.0087697  0.0087697  0.0087697  0.0087697  0.0087697  0.0087697
 0.0087697  0.01629372 0.0087697  0.0087697  0.0087697  0.0087697 ]
Classification: 0.9994898826730148 0.9423142178486597 442
本轮采样概率阵: [0.36949205 0.0087697  0.0087697  0.0087697  0.20646328 0.0087697
 0.0087697  0.0087697  0.0087697  0.16579074 0.0087697  0.0087697
 0.02271783 0.0087697  0.0087697  0.0087697  0.0087697  0.0087697
 0.0087697  0.0087697  0.0087697  0.0087697  0.0087697  0.0087697
 0.0087697  0.01629372 0.0087697  0.0087697  0.0087697  0.0087697 ]
客户端选择掩码: [1.0, 0.0, 1.0, 1.0, 1.0, 1.0, 1.0, 1.0, 1.0, 1.0, 1.0, 1.0, 1.0, 1.0, 0.0, 1.0, 1.0, 0.0, 0.0, 0.0, 0.0, 0.0, 1.0, 1.0, 1.0, 1.0, 0.0, 1.0, 1.0, 0.0]
/mnt/data/user_liangzhiyu/envs/fedcsl/lib/python3.8/site-packages/sklearn/utils/validation.py:63: RuntimeWarning:  Orthogonal matching pursuit ended prematurely due to linear
dependence in the dictionary. The requested precision might not have been met.

  return f(*args, **kwargs)
稀疏向量: [0.02175406 0.         0.         0.         0.10242314 0.
 0.         0.         0.         0.         0.         0.87586659
 0.         0.         0.         0.         0.         0.
 0.         0.         0.         0.         0.         0.
 0.         0.         0.         0.         0.         0.        ]
更新后概率: [0.07840488 0.00871869 0.00871869 0.00871869 0.10180002 0.00871869
 0.00871869 0.00871869 0.00871869 0.02890957 0.00871869 0.56419958
 0.00871869 0.00871869 0.00871869 0.00871869 0.00871869 0.00871869
 0.00871869 0.00871869 0.00871869 0.00871869 0.00871869 0.00871869
 0.00871869 0.00871869 0.00871869 0.00871869 0.00871869 0.00871869]
Classification: 0.999829960891005 0.9440108585001696 443
本轮采样概率阵: [0.07840488 0.00871869 0.00871869 0.00871869 0.10180002 0.00871869
 0.00871869 0.00871869 0.00871869 0.02890957 0.00871869 0.56419958
 0.00871869 0.00871869 0.00871869 0.00871869 0.00871869 0.00871869
 0.00871869 0.00871869 0.00871869 0.00871869 0.00871869 0.00871869
 0.00871869 0.00871869 0.00871869 0.00871869 0.00871869 0.00871869]
客户端选择掩码: [1.0, 1.0, 0.0, 1.0, 1.0, 1.0, 1.0, 0.0, 0.0, 1.0, 1.0, 1.0, 1.0, 1.0, 0.0, 1.0, 1.0, 1.0, 0.0, 1.0, 1.0, 1.0, 0.0, 0.0, 0.0, 1.0, 0.0, 1.0, 1.0, 1.0]
/mnt/data/user_liangzhiyu/envs/fedcsl/lib/python3.8/site-packages/sklearn/utils/validation.py:63: RuntimeWarning:  Orthogonal matching pursuit ended prematurely due to linear
dependence in the dictionary. The requested precision might not have been met.

  return f(*args, **kwargs)
稀疏向量: [ 0.00675148  0.          0.          0.         -0.15203705  0.
  0.          0.          0.          1.14676281  0.          0.
  0.          0.          0.          0.          0.          0.
  0.          0.          0.          0.          0.          0.
  0.          0.          0.          0.          0.          0.        ]
更新后概率: [0.01692303 0.0086814  0.0086814  0.0086814  0.09220779 0.0086814
 0.0086814  0.0086814  0.0086814  0.56719199 0.0086814  0.09796083
 0.0086814  0.0086814  0.0086814  0.0086814  0.0086814  0.0086814
 0.0086814  0.0086814  0.0086814  0.0086814  0.0086814  0.0086814
 0.0086814  0.0086814  0.0086814  0.0086814  0.0086814  0.0086814 ]
Classification: 0.9996599217820099 0.9426535459789617 444
本轮采样概率阵: [0.01692303 0.0086814  0.0086814  0.0086814  0.09220779 0.0086814
 0.0086814  0.0086814  0.0086814  0.56719199 0.0086814  0.09796083
 0.0086814  0.0086814  0.0086814  0.0086814  0.0086814  0.0086814
 0.0086814  0.0086814  0.0086814  0.0086814  0.0086814  0.0086814
 0.0086814  0.0086814  0.0086814  0.0086814  0.0086814  0.0086814 ]
客户端选择掩码: [1.0, 0.0, 1.0, 1.0, 1.0, 1.0, 0.0, 1.0, 0.0, 1.0, 0.0, 1.0, 0.0, 0.0, 1.0, 1.0, 1.0, 0.0, 1.0, 1.0, 1.0, 0.0, 0.0, 1.0, 1.0, 1.0, 1.0, 1.0, 1.0, 1.0]
/mnt/data/user_liangzhiyu/envs/fedcsl/lib/python3.8/site-packages/sklearn/utils/validation.py:63: RuntimeWarning:  Orthogonal matching pursuit ended prematurely due to linear
dependence in the dictionary. The requested precision might not have been met.

  return f(*args, **kwargs)
稀疏向量: [-0.04275032  0.          0.          0.          0.          0.
  0.          0.          0.          0.          0.          1.04275003
  0.          0.          0.          0.          0.          0.
  0.          0.          0.          0.          0.          0.
  0.          0.          0.          0.          0.          0.        ]
更新后概率: [0.02814193 0.00867791 0.00867791 0.00867791 0.01600343 0.00867791
 0.00867791 0.00867791 0.00867791 0.09844088 0.00867791 0.63178797
 0.00867791 0.00867791 0.00867791 0.00867791 0.00867791 0.00867791
 0.00867791 0.00867791 0.00867791 0.00867791 0.00867791 0.00867791
 0.00867791 0.00867791 0.00867791 0.00867791 0.00867791 0.00867791]
Classification: 0.9996599217820099 0.9426535459789617 445
本轮采样概率阵: [0.02814193 0.00867791 0.00867791 0.00867791 0.01600343 0.00867791
 0.00867791 0.00867791 0.00867791 0.09844088 0.00867791 0.63178797
 0.00867791 0.00867791 0.00867791 0.00867791 0.00867791 0.00867791
 0.00867791 0.00867791 0.00867791 0.00867791 0.00867791 0.00867791
 0.00867791 0.00867791 0.00867791 0.00867791 0.00867791 0.00867791]
客户端选择掩码: [1.0, 1.0, 1.0, 1.0, 1.0, 1.0, 1.0, 0.0, 0.0, 1.0, 1.0, 1.0, 0.0, 1.0, 0.0, 1.0, 0.0, 1.0, 1.0, 1.0, 0.0, 1.0, 0.0, 0.0, 1.0, 1.0, 1.0, 1.0, 1.0, 0.0]
/mnt/data/user_liangzhiyu/envs/fedcsl/lib/python3.8/site-packages/sklearn/utils/validation.py:63: RuntimeWarning:  Orthogonal matching pursuit ended prematurely due to linear
dependence in the dictionary. The requested precision might not have been met.

  return f(*args, **kwargs)
稀疏向量: [ 0.08475878  0.          0.          0.         -0.24046553  0.
  0.          0.          0.          0.          0.          0.
  0.          0.          0.          0.          0.          0.
  0.          0.          0.          0.          0.          0.
  0.          1.15715173  0.          0.          0.          0.        ]
更新后概率: [0.04177673 0.00874027 0.00874027 0.00874027 0.10736396 0.00874027
 0.00874027 0.00874027 0.00874027 0.017208   0.00874027 0.11043996
 0.00874027 0.00874027 0.00874027 0.00874027 0.00874027 0.00874027
 0.00874027 0.00874027 0.00874027 0.00874027 0.00874027 0.00874027
 0.00874027 0.50470458 0.00874027 0.00874027 0.00874027 0.00874027]
Classification: 0.999829960891005 0.9440108585001696 446
本轮采样概率阵: [0.04177673 0.00874027 0.00874027 0.00874027 0.10736396 0.00874027
 0.00874027 0.00874027 0.00874027 0.017208   0.00874027 0.11043996
 0.00874027 0.00874027 0.00874027 0.00874027 0.00874027 0.00874027
 0.00874027 0.00874027 0.00874027 0.00874027 0.00874027 0.00874027
 0.00874027 0.50470458 0.00874027 0.00874027 0.00874027 0.00874027]
客户端选择掩码: [1.0, 1.0, 0.0, 1.0, 1.0, 0.0, 1.0, 1.0, 1.0, 0.0, 0.0, 1.0, 0.0, 1.0, 0.0, 1.0, 1.0, 1.0, 1.0, 1.0, 1.0, 0.0, 1.0, 0.0, 1.0, 1.0, 1.0, 1.0, 1.0, 0.0]
/mnt/data/user_liangzhiyu/envs/fedcsl/lib/python3.8/site-packages/sklearn/utils/validation.py:63: RuntimeWarning:  Orthogonal matching pursuit ended prematurely due to linear
dependence in the dictionary. The requested precision might not have been met.

  return f(*args, **kwargs)
稀疏向量: [0.05370891 0.         0.         0.         0.         0.
 0.         0.         0.         0.         0.         0.94629067
 0.         0.         0.         0.         0.         0.
 0.         0.         0.         0.         0.         0.
 0.         0.         0.         0.         0.         0.        ]
更新后概率: [0.04135985 0.00869292 0.00869292 0.00869292 0.01866614 0.00869292
 0.00869292 0.00869292 0.00869292 0.01495879 0.00869292 0.61994491
 0.00869292 0.00869292 0.00869292 0.00869292 0.00869292 0.00869292
 0.00869292 0.00869292 0.00869292 0.00869292 0.00869292 0.00869292
 0.00869292 0.08774719 0.00869292 0.00869292 0.00869292 0.00869292]
Classification: 0.9996599217820099 0.9443501866304717 447
本轮采样概率阵: [0.04135985 0.00869292 0.00869292 0.00869292 0.01866614 0.00869292
 0.00869292 0.00869292 0.00869292 0.01495879 0.00869292 0.61994491
 0.00869292 0.00869292 0.00869292 0.00869292 0.00869292 0.00869292
 0.00869292 0.00869292 0.00869292 0.00869292 0.00869292 0.00869292
 0.00869292 0.08774719 0.00869292 0.00869292 0.00869292 0.00869292]
客户端选择掩码: [0.0, 0.0, 1.0, 0.0, 1.0, 1.0, 1.0, 0.0, 1.0, 1.0, 0.0, 1.0, 1.0, 1.0, 1.0, 1.0, 1.0, 0.0, 1.0, 0.0, 1.0, 1.0, 1.0, 1.0, 0.0, 1.0, 1.0, 1.0, 1.0, 0.0]
/mnt/data/user_liangzhiyu/envs/fedcsl/lib/python3.8/site-packages/sklearn/utils/validation.py:63: RuntimeWarning:  Orthogonal matching pursuit ended prematurely due to linear
dependence in the dictionary. The requested precision might not have been met.

  return f(*args, **kwargs)
稀疏向量: [ 0.83882721  0.          0.         -1.4866119   0.30182753  0.
  0.          0.          0.          0.          0.          0.
  0.          0.          0.          0.          0.          0.
  0.          0.          0.          0.          1.33992326  0.
  0.          0.          0.          0.          0.          0.        ]
更新后概率: [0.03597612 0.00869832 0.00869832 0.00869832 0.1169906  0.00869832
 0.00869832 0.00869832 0.00869832 0.00869832 0.00869832 0.10784958
 0.00869832 0.00869832 0.00869832 0.00869832 0.00869832 0.00869832
 0.00869832 0.00869832 0.00869832 0.00869832 0.50646066 0.00869832
 0.00869832 0.01526506 0.00869832 0.00869832 0.00869832 0.00869832]
Classification: 0.9996599217820099 0.9436715303698676 448
本轮采样概率阵: [0.03597612 0.00869832 0.00869832 0.00869832 0.1169906  0.00869832
 0.00869832 0.00869832 0.00869832 0.00869832 0.00869832 0.10784958
 0.00869832 0.00869832 0.00869832 0.00869832 0.00869832 0.00869832
 0.00869832 0.00869832 0.00869832 0.00869832 0.50646066 0.00869832
 0.00869832 0.01526506 0.00869832 0.00869832 0.00869832 0.00869832]
客户端选择掩码: [1.0, 1.0, 0.0, 1.0, 1.0, 1.0, 1.0, 0.0, 0.0, 1.0, 1.0, 1.0, 0.0, 1.0, 1.0, 1.0, 0.0, 1.0, 0.0, 1.0, 1.0, 1.0, 1.0, 0.0, 0.0, 1.0, 1.0, 1.0, 0.0, 1.0]
/mnt/data/user_liangzhiyu/envs/fedcsl/lib/python3.8/site-packages/sklearn/utils/validation.py:63: RuntimeWarning:  Orthogonal matching pursuit ended prematurely due to linear
dependence in the dictionary. The requested precision might not have been met.

  return f(*args, **kwargs)
稀疏向量: [0.31880376 0.         0.         0.         0.12070278 0.02888655
 0.         0.         0.         0.         0.         0.
 0.         0.         0.         0.         0.         0.
 0.         0.         0.         0.         0.52998399 0.
 0.         0.         0.         0.         0.         0.        ]
更新后概率: [0.21237643 0.00875222 0.00875222 0.00875222 0.09850244 0.02019524
 0.00875222 0.00875222 0.00875222 0.00875222 0.00875222 0.01887847
 0.00875222 0.00875222 0.00875222 0.00875222 0.00875222 0.00875222
 0.00875222 0.00875222 0.00875222 0.00875222 0.43124186 0.00875222
 0.00875222 0.00875222 0.00875222 0.00875222 0.00875222 0.00875222]
Classification: 0.9993198435640197 0.9433322022395657 449
本轮采样概率阵: [0.21237643 0.00875222 0.00875222 0.00875222 0.09850244 0.02019524
 0.00875222 0.00875222 0.00875222 0.00875222 0.00875222 0.01887847
 0.00875222 0.00875222 0.00875222 0.00875222 0.00875222 0.00875222
 0.00875222 0.00875222 0.00875222 0.00875222 0.43124186 0.00875222
 0.00875222 0.00875222 0.00875222 0.00875222 0.00875222 0.00875222]
客户端选择掩码: [1.0, 1.0, 1.0, 1.0, 1.0, 1.0, 0.0, 0.0, 0.0, 1.0, 1.0, 1.0, 1.0, 1.0, 0.0, 0.0, 0.0, 0.0, 0.0, 1.0, 1.0, 1.0, 1.0, 1.0, 0.0, 1.0, 1.0, 1.0, 1.0, 1.0]
/mnt/data/user_liangzhiyu/envs/fedcsl/lib/python3.8/site-packages/sklearn/utils/validation.py:63: RuntimeWarning:  Orthogonal matching pursuit ended prematurely due to linear
dependence in the dictionary. The requested precision might not have been met.

  return f(*args, **kwargs)
稀疏向量: [ 0.69522758  0.          0.          0.          0.          0.
  0.          0.          0.          0.          1.8680755   0.
  0.          0.          0.          0.          0.          0.
 -0.86282734  0.         -0.69971556  0.          0.          0.
  0.          0.          0.          0.          0.          0.        ]
更新后概率: [0.17516683 0.00878033 0.00878033 0.00878033 0.01729769 0.00878033
 0.00878033 0.00878033 0.00878033 0.00878033 0.37199913 0.00878033
 0.00878033 0.00878033 0.00878033 0.00878033 0.00878033 0.00878033
 0.00878033 0.00878033 0.14029909 0.00878033 0.07572894 0.00878033
 0.00878033 0.00878033 0.00878033 0.00878033 0.00878033 0.00878033]
Classification: 0.9993198435640197 0.9429928741092637 450
本轮采样概率阵: [0.17516683 0.00878033 0.00878033 0.00878033 0.01729769 0.00878033
 0.00878033 0.00878033 0.00878033 0.00878033 0.37199913 0.00878033
 0.00878033 0.00878033 0.00878033 0.00878033 0.00878033 0.00878033
 0.00878033 0.00878033 0.14029909 0.00878033 0.07572894 0.00878033
 0.00878033 0.00878033 0.00878033 0.00878033 0.00878033 0.00878033]
客户端选择掩码: [1.0, 1.0, 0.0, 0.0, 1.0, 1.0, 1.0, 0.0, 1.0, 1.0, 1.0, 1.0, 0.0, 1.0, 1.0, 1.0, 1.0, 0.0, 1.0, 0.0, 1.0, 1.0, 1.0, 1.0, 1.0, 0.0, 0.0, 1.0, 1.0, 0.0]
/mnt/data/user_liangzhiyu/envs/fedcsl/lib/python3.8/site-packages/sklearn/utils/validation.py:63: RuntimeWarning:  Orthogonal matching pursuit ended prematurely due to linear
dependence in the dictionary. The requested precision might not have been met.

  return f(*args, **kwargs)
稀疏向量: [ 0.21392024  0.          0.          0.          0.          0.
  0.          0.          0.          0.          0.          0.
  0.          0.          0.          0.         -2.45407716  0.
  0.          0.          0.          0.          1.74983018  0.
  0.          0.          0.          1.48858714  0.          0.        ]
更新后概率: [0.05447662 0.00882665 0.00882665 0.00882665 0.00882665 0.00882665
 0.00882665 0.00882665 0.00882665 0.00882665 0.06567013 0.00882665
 0.00882665 0.00882665 0.00882665 0.00882665 0.27175851 0.00882665
 0.00882665 0.00882665 0.02476742 0.00882665 0.20603537 0.00882665
 0.00882665 0.00882665 0.00882665 0.16545232 0.00882665 0.00882665]
Classification: 0.9993198435640197 0.9433322022395657 451
本轮采样概率阵: [0.05447662 0.00882665 0.00882665 0.00882665 0.00882665 0.00882665
 0.00882665 0.00882665 0.00882665 0.00882665 0.06567013 0.00882665
 0.00882665 0.00882665 0.00882665 0.00882665 0.27175851 0.00882665
 0.00882665 0.00882665 0.02476742 0.00882665 0.20603537 0.00882665
 0.00882665 0.00882665 0.00882665 0.16545232 0.00882665 0.00882665]
客户端选择掩码: [1.0, 1.0, 1.0, 1.0, 1.0, 1.0, 0.0, 0.0, 0.0, 1.0, 1.0, 0.0, 1.0, 1.0, 1.0, 1.0, 1.0, 0.0, 1.0, 1.0, 1.0, 0.0, 1.0, 1.0, 0.0, 1.0, 0.0, 1.0, 0.0, 1.0]
/mnt/data/user_liangzhiyu/envs/fedcsl/lib/python3.8/site-packages/sklearn/utils/validation.py:63: RuntimeWarning:  Orthogonal matching pursuit ended prematurely due to linear
dependence in the dictionary. The requested precision might not have been met.

  return f(*args, **kwargs)
稀疏向量: [ 0.03730307  0.          0.          1.0867443  -0.12266147  0.
  0.          0.          0.          0.          0.          0.
  0.          0.          0.          0.          0.          0.
  0.          0.          0.          0.          0.          0.
  0.          0.          0.          0.          0.          0.        ]
更新后概率: [0.02933287 0.00890744 0.00890744 0.57338967 0.0661138  0.00890744
 0.00890744 0.00890744 0.00890744 0.00890744 0.01169906 0.00890744
 0.00890744 0.00890744 0.00890744 0.00890744 0.04841345 0.00890744
 0.00890744 0.00890744 0.00890744 0.00890744 0.03670495 0.00890744
 0.00890744 0.00890744 0.00890744 0.02947513 0.00890744 0.00890744]
Classification: 0.9994898826730148 0.9426535459789617 452
本轮采样概率阵: [0.02933287 0.00890744 0.00890744 0.57338967 0.0661138  0.00890744
 0.00890744 0.00890744 0.00890744 0.00890744 0.01169906 0.00890744
 0.00890744 0.00890744 0.00890744 0.00890744 0.04841345 0.00890744
 0.00890744 0.00890744 0.00890744 0.00890744 0.03670495 0.00890744
 0.00890744 0.00890744 0.00890744 0.02947513 0.00890744 0.00890744]
客户端选择掩码: [1.0, 1.0, 0.0, 1.0, 1.0, 1.0, 1.0, 1.0, 1.0, 1.0, 1.0, 0.0, 1.0, 0.0, 1.0, 1.0, 1.0, 0.0, 0.0, 0.0, 1.0, 1.0, 1.0, 1.0, 0.0, 0.0, 1.0, 1.0, 1.0, 0.0]
/mnt/data/user_liangzhiyu/envs/fedcsl/lib/python3.8/site-packages/sklearn/utils/validation.py:63: RuntimeWarning:  Orthogonal matching pursuit ended prematurely due to linear
dependence in the dictionary. The requested precision might not have been met.

  return f(*args, **kwargs)
稀疏向量: [0.24729422 0.         0.         0.         0.         0.47057858
 0.         0.         0.         0.         0.         0.
 0.28158845 0.         0.         0.         0.         0.
 0.         0.         0.         0.         0.         0.
 0.         0.         0.         0.         0.         0.        ]
更新后概率: [0.16732615 0.00890316 0.00890316 0.10209962 0.01177244 0.31005354
 0.00890316 0.00890316 0.00890316 0.00890316 0.00890316 0.00890316
 0.18616923 0.00890316 0.00890316 0.00890316 0.00890316 0.00890316
 0.00890316 0.00890316 0.00890316 0.00890316 0.00890316 0.00890316
 0.00890316 0.00890316 0.00890316 0.00890316 0.00890316 0.00890316]
Classification: 0.9994898826730148 0.9426535459789617 453
本轮采样概率阵: [0.16732615 0.00890316 0.00890316 0.10209962 0.01177244 0.31005354
 0.00890316 0.00890316 0.00890316 0.00890316 0.00890316 0.00890316
 0.18616923 0.00890316 0.00890316 0.00890316 0.00890316 0.00890316
 0.00890316 0.00890316 0.00890316 0.00890316 0.00890316 0.00890316
 0.00890316 0.00890316 0.00890316 0.00890316 0.00890316 0.00890316]
客户端选择掩码: [1.0, 1.0, 1.0, 1.0, 1.0, 1.0, 0.0, 1.0, 1.0, 0.0, 1.0, 0.0, 1.0, 0.0, 1.0, 0.0, 1.0, 1.0, 1.0, 1.0, 1.0, 1.0, 1.0, 0.0, 1.0, 0.0, 0.0, 1.0, 1.0, 0.0]
/mnt/data/user_liangzhiyu/envs/fedcsl/lib/python3.8/site-packages/sklearn/utils/validation.py:63: RuntimeWarning:  Orthogonal matching pursuit ended prematurely due to linear
dependence in the dictionary. The requested precision might not have been met.

  return f(*args, **kwargs)
稀疏向量: [-0.04169662  0.          0.          0.          0.          0.
  0.          0.          0.          0.          0.          0.
  0.          1.04215224  0.          0.          0.          0.
  0.          0.          0.          0.          0.          0.
  0.          0.          0.          0.          0.          0.        ]
更新后概率: [0.66957607 0.00870304 0.00870304 0.01777169 0.00870304 0.05396831
 0.00870304 0.00870304 0.00870304 0.00870304 0.00870304 0.00870304
 0.03240491 0.00870304 0.00870304 0.00870304 0.00870304 0.00870304
 0.00870304 0.00870304 0.00870304 0.00870304 0.00870304 0.00870304
 0.00870304 0.00870304 0.00870304 0.00870304 0.00870304 0.00870304]
Classification: 0.9993198435640197 0.9429928741092637 454
本轮采样概率阵: [0.66957607 0.00870304 0.00870304 0.01777169 0.00870304 0.05396831
 0.00870304 0.00870304 0.00870304 0.00870304 0.00870304 0.00870304
 0.03240491 0.00870304 0.00870304 0.00870304 0.00870304 0.00870304
 0.00870304 0.00870304 0.00870304 0.00870304 0.00870304 0.00870304
 0.00870304 0.00870304 0.00870304 0.00870304 0.00870304 0.00870304]
客户端选择掩码: [1.0, 1.0, 0.0, 1.0, 1.0, 1.0, 0.0, 1.0, 1.0, 1.0, 1.0, 1.0, 1.0, 0.0, 1.0, 1.0, 1.0, 1.0, 1.0, 0.0, 0.0, 1.0, 0.0, 0.0, 1.0, 1.0, 0.0, 0.0, 1.0, 1.0]
/mnt/data/user_liangzhiyu/envs/fedcsl/lib/python3.8/site-packages/sklearn/utils/validation.py:63: RuntimeWarning:  Orthogonal matching pursuit ended prematurely due to linear
dependence in the dictionary. The requested precision might not have been met.

  return f(*args, **kwargs)
稀疏向量: [ 0.08962439  0.          0.          0.         -0.19470123  0.
  0.          0.          0.          0.          0.          0.
  0.          0.          0.          0.          0.          0.
  0.          0.          0.          0.          0.          0.
  1.10596026  0.          0.          0.          0.          0.        ]
更新后概率: [0.15839638 0.0087296  0.0087296  0.0087296  0.09166112 0.00942244
 0.0087296  0.0087296  0.0087296  0.0087296  0.0087296  0.0087296
 0.0087296  0.0087296  0.0087296  0.0087296  0.0087296  0.0087296
 0.0087296  0.0087296  0.0087296  0.0087296  0.0087296  0.0087296
 0.51355051 0.0087296  0.0087296  0.0087296  0.0087296  0.0087296 ]
Classification: 0.9996599217820099 0.9423142178486597 455
本轮采样概率阵: [0.15839638 0.0087296  0.0087296  0.0087296  0.09166112 0.00942244
 0.0087296  0.0087296  0.0087296  0.0087296  0.0087296  0.0087296
 0.0087296  0.0087296  0.0087296  0.0087296  0.0087296  0.0087296
 0.0087296  0.0087296  0.0087296  0.0087296  0.0087296  0.0087296
 0.51355051 0.0087296  0.0087296  0.0087296  0.0087296  0.0087296 ]
客户端选择掩码: [1.0, 0.0, 1.0, 1.0, 1.0, 1.0, 1.0, 1.0, 1.0, 0.0, 0.0, 1.0, 1.0, 1.0, 1.0, 0.0, 0.0, 1.0, 0.0, 0.0, 1.0, 1.0, 1.0, 1.0, 1.0, 1.0, 1.0, 0.0, 0.0, 1.0]
/mnt/data/user_liangzhiyu/envs/fedcsl/lib/python3.8/site-packages/sklearn/utils/validation.py:63: RuntimeWarning:  Orthogonal matching pursuit ended prematurely due to linear
dependence in the dictionary. The requested precision might not have been met.

  return f(*args, **kwargs)
稀疏向量: [0.04548421 0.         0.         0.         0.         0.
 0.         0.         0.         0.         0.         0.95451586
 0.         0.         0.         0.         0.         0.
 0.         0.         0.         0.         0.         0.
 0.         0.         0.         0.         0.         0.        ]
更新后概率: [0.05662296 0.00868346 0.00868346 0.00868346 0.01591873 0.00868346
 0.00868346 0.00868346 0.00868346 0.00868346 0.00868346 0.61250033
 0.00868346 0.00868346 0.00868346 0.00868346 0.00868346 0.00868346
 0.00868346 0.00868346 0.00868346 0.00868346 0.00868346 0.00868346
 0.08918794 0.00868346 0.00868346 0.00868346 0.00868346 0.00868346]
Classification: 0.999829960891005 0.9426535459789617 456
本轮采样概率阵: [0.05662296 0.00868346 0.00868346 0.00868346 0.01591873 0.00868346
 0.00868346 0.00868346 0.00868346 0.00868346 0.00868346 0.61250033
 0.00868346 0.00868346 0.00868346 0.00868346 0.00868346 0.00868346
 0.00868346 0.00868346 0.00868346 0.00868346 0.00868346 0.00868346
 0.08918794 0.00868346 0.00868346 0.00868346 0.00868346 0.00868346]
客户端选择掩码: [1.0, 1.0, 1.0, 1.0, 0.0, 0.0, 1.0, 1.0, 1.0, 0.0, 1.0, 1.0, 1.0, 1.0, 1.0, 1.0, 0.0, 1.0, 0.0, 1.0, 1.0, 1.0, 0.0, 1.0, 1.0, 1.0, 0.0, 1.0, 0.0, 0.0]
/mnt/data/user_liangzhiyu/envs/fedcsl/lib/python3.8/site-packages/sklearn/utils/validation.py:63: RuntimeWarning:  Orthogonal matching pursuit ended prematurely due to linear
dependence in the dictionary. The requested precision might not have been met.

  return f(*args, **kwargs)
稀疏向量: [ 0.          0.          0.          0.          0.          0.
  0.          0.          0.          0.          0.          0.
  0.          0.          0.          0.         -0.09602926  0.
  0.          1.09238192  0.          0.          0.          0.
  0.          0.          0.          0.          0.          0.        ]
更新后概率: [0.00983885 0.00868803 0.00868803 0.00868803 0.01383024 0.00868803
 0.00868803 0.00868803 0.00868803 0.00868803 0.00868803 0.10642848
 0.00868803 0.00868803 0.00868803 0.00868803 0.00868803 0.00868803
 0.00868803 0.63720422 0.00868803 0.00868803 0.00868803 0.00868803
 0.01549736 0.00868803 0.00868803 0.00868803 0.00868803 0.00868803]
Classification: 0.999829960891005 0.9423142178486597 457
本轮采样概率阵: [0.00983885 0.00868803 0.00868803 0.00868803 0.01383024 0.00868803
 0.00868803 0.00868803 0.00868803 0.00868803 0.00868803 0.10642848
 0.00868803 0.00868803 0.00868803 0.00868803 0.00868803 0.00868803
 0.00868803 0.63720422 0.00868803 0.00868803 0.00868803 0.00868803
 0.01549736 0.00868803 0.00868803 0.00868803 0.00868803 0.00868803]
客户端选择掩码: [1.0, 1.0, 1.0, 1.0, 1.0, 0.0, 1.0, 0.0, 1.0, 1.0, 1.0, 1.0, 1.0, 1.0, 1.0, 0.0, 0.0, 1.0, 0.0, 1.0, 0.0, 1.0, 0.0, 1.0, 1.0, 1.0, 0.0, 1.0, 0.0, 1.0]
/mnt/data/user_liangzhiyu/envs/fedcsl/lib/python3.8/site-packages/sklearn/utils/validation.py:63: RuntimeWarning:  Orthogonal matching pursuit ended prematurely due to linear
dependence in the dictionary. The requested precision might not have been met.

  return f(*args, **kwargs)
稀疏向量: [0.         0.         0.         0.         0.         0.
 0.         0.         0.         0.95684572 0.04439978 0.
 0.         0.         0.         0.         0.         0.
 0.         0.         0.         0.         0.         0.
 0.         0.         0.         0.         0.         0.        ]
更新后概率: [0.00869832 0.00869832 0.00869832 0.00869832 0.00869832 0.00869832
 0.00869832 0.00869832 0.00869832 0.61452031 0.02995641 0.01851498
 0.00869832 0.00869832 0.00869832 0.00869832 0.00869832 0.00869832
 0.00869832 0.11085208 0.00869832 0.00869832 0.00869832 0.00869832
 0.00869832 0.00869832 0.00869832 0.00869832 0.00869832 0.00869832]
Classification: 0.999829960891005 0.9426535459789617 458
本轮采样概率阵: [0.00869832 0.00869832 0.00869832 0.00869832 0.00869832 0.00869832
 0.00869832 0.00869832 0.00869832 0.61452031 0.02995641 0.01851498
 0.00869832 0.00869832 0.00869832 0.00869832 0.00869832 0.00869832
 0.00869832 0.11085208 0.00869832 0.00869832 0.00869832 0.00869832
 0.00869832 0.00869832 0.00869832 0.00869832 0.00869832 0.00869832]
客户端选择掩码: [0.0, 1.0, 1.0, 1.0, 1.0, 1.0, 1.0, 0.0, 1.0, 1.0, 1.0, 1.0, 1.0, 1.0, 0.0, 1.0, 0.0, 1.0, 0.0, 1.0, 0.0, 1.0, 1.0, 0.0, 1.0, 1.0, 1.0, 1.0, 0.0, 0.0]
/mnt/data/user_liangzhiyu/envs/fedcsl/lib/python3.8/site-packages/sklearn/utils/validation.py:63: RuntimeWarning:  Orthogonal matching pursuit ended prematurely due to linear
dependence in the dictionary. The requested precision might not have been met.

  return f(*args, **kwargs)
稀疏向量: [ 0.28085985  0.          0.          0.         -0.94878438  0.
  0.          0.          0.          0.          0.          0.
  0.          0.          0.          0.          0.          0.
  0.          0.          0.          1.66461822  0.          0.
  0.          0.          0.          0.          0.          0.        ]
更新后概率: [0.00872657 0.00872657 0.00872657 0.00872657 0.23512809 0.00872657
 0.00872657 0.00872657 0.00872657 0.10725307 0.00872657 0.00872657
 0.00872657 0.00872657 0.00872657 0.00872657 0.00872657 0.00872657
 0.00872657 0.01934717 0.00872657 0.41138091 0.00872657 0.00872657
 0.00872657 0.00872657 0.00872657 0.00872657 0.00872657 0.00872657]
Classification: 0.9996599217820099 0.9429928741092637 459
本轮采样概率阵: [0.00872657 0.00872657 0.00872657 0.00872657 0.23512809 0.00872657
 0.00872657 0.00872657 0.00872657 0.10725307 0.00872657 0.00872657
 0.00872657 0.00872657 0.00872657 0.00872657 0.00872657 0.00872657
 0.00872657 0.01934717 0.00872657 0.41138091 0.00872657 0.00872657
 0.00872657 0.00872657 0.00872657 0.00872657 0.00872657 0.00872657]
客户端选择掩码: [1.0, 1.0, 0.0, 1.0, 1.0, 1.0, 0.0, 1.0, 1.0, 1.0, 1.0, 1.0, 0.0, 1.0, 0.0, 1.0, 1.0, 1.0, 1.0, 1.0, 0.0, 1.0, 0.0, 0.0, 0.0, 1.0, 1.0, 0.0, 1.0, 1.0]
/mnt/data/user_liangzhiyu/envs/fedcsl/lib/python3.8/site-packages/sklearn/utils/validation.py:63: RuntimeWarning:  Orthogonal matching pursuit ended prematurely due to linear
dependence in the dictionary. The requested precision might not have been met.

  return f(*args, **kwargs)
稀疏向量: [ 0.24565995  0.          0.          0.         -0.50831662  0.
  0.          0.          0.          0.          0.          0.
  0.          0.          0.          0.          0.          0.
  0.          0.          1.26243729  0.          0.          0.
  0.          0.          0.          0.          0.          0.        ]
更新后概率: [0.21043401 0.00869818 0.00869818 0.00869818 0.47318999 0.00869818
 0.00869818 0.00869818 0.00869818 0.01865813 0.00869818 0.00869818
 0.00869818 0.00869818 0.00869818 0.00869818 0.00869818 0.00869818
 0.00869818 0.00869818 0.00869818 0.07156528 0.00869818 0.00869818
 0.00869818 0.00869818 0.00869818 0.00869818 0.00869818 0.00869818]
Classification: 0.9996599217820099 0.9423142178486597 460
本轮采样概率阵: [0.21043401 0.00869818 0.00869818 0.00869818 0.47318999 0.00869818
 0.00869818 0.00869818 0.00869818 0.01865813 0.00869818 0.00869818
 0.00869818 0.00869818 0.00869818 0.00869818 0.00869818 0.00869818
 0.00869818 0.00869818 0.00869818 0.07156528 0.00869818 0.00869818
 0.00869818 0.00869818 0.00869818 0.00869818 0.00869818 0.00869818]
客户端选择掩码: [1.0, 0.0, 1.0, 1.0, 1.0, 1.0, 1.0, 0.0, 0.0, 1.0, 1.0, 1.0, 0.0, 1.0, 1.0, 1.0, 0.0, 1.0, 1.0, 0.0, 0.0, 1.0, 1.0, 1.0, 1.0, 1.0, 1.0, 0.0, 1.0, 0.0]
/mnt/data/user_liangzhiyu/envs/fedcsl/lib/python3.8/site-packages/sklearn/utils/validation.py:63: RuntimeWarning:  Orthogonal matching pursuit ended prematurely due to linear
dependence in the dictionary. The requested precision might not have been met.

  return f(*args, **kwargs)
稀疏向量: [ 0.07830573  0.          0.          0.         -0.25717394  0.
  0.          0.          0.          0.          0.          0.
  0.          0.          0.          0.          0.          0.
  0.          0.          0.          0.          0.          0.
  1.17977697  0.          0.          0.          0.          0.        ]
更新后概率: [0.06972384 0.00869451 0.00869451 0.00869451 0.19109427 0.00869451
 0.00869451 0.00869451 0.00869451 0.00869451 0.00869451 0.00869451
 0.00869451 0.00869451 0.00869451 0.00869451 0.00869451 0.00869451
 0.00869451 0.00869451 0.00869451 0.01244451 0.00869451 0.00869451
 0.50068001 0.00869451 0.00869451 0.00869451 0.00869451 0.00869451]
Classification: 0.999829960891005 0.9426535459789617 461
本轮采样概率阵: [0.06972384 0.00869451 0.00869451 0.00869451 0.19109427 0.00869451
 0.00869451 0.00869451 0.00869451 0.00869451 0.00869451 0.00869451
 0.00869451 0.00869451 0.00869451 0.00869451 0.00869451 0.00869451
 0.00869451 0.00869451 0.00869451 0.01244451 0.00869451 0.00869451
 0.50068001 0.00869451 0.00869451 0.00869451 0.00869451 0.00869451]
客户端选择掩码: [1.0, 1.0, 1.0, 1.0, 1.0, 0.0, 0.0, 1.0, 0.0, 1.0, 1.0, 1.0, 0.0, 0.0, 1.0, 0.0, 1.0, 1.0, 0.0, 0.0, 1.0, 1.0, 1.0, 0.0, 1.0, 1.0, 1.0, 1.0, 1.0, 1.0]
/mnt/data/user_liangzhiyu/envs/fedcsl/lib/python3.8/site-packages/sklearn/utils/validation.py:63: RuntimeWarning:  Orthogonal matching pursuit ended prematurely due to linear
dependence in the dictionary. The requested precision might not have been met.

  return f(*args, **kwargs)
稀疏向量: [ 0.          0.          0.          0.          0.          0.
  0.          0.          0.          0.         -0.11301834  0.
  0.          0.          0.          0.          0.          0.
  0.          0.          0.          0.          0.          0.
  0.          0.          0.          1.11253654  0.          0.        ]
更新后概率: [0.01219826 0.00874755 0.00874755 0.00874755 0.03343215 0.00874755
 0.00874755 0.00874755 0.00874755 0.00874755 0.06100585 0.00874755
 0.00874755 0.00874755 0.00874755 0.00874755 0.00874755 0.00874755
 0.00874755 0.00874755 0.00874755 0.00874755 0.00874755 0.00874755
 0.0875945  0.00874755 0.00874755 0.58708041 0.00874755 0.00874755]
Classification: 0.9993198435640197 0.9429928741092637 462
本轮采样概率阵: [0.01219826 0.00874755 0.00874755 0.00874755 0.03343215 0.00874755
 0.00874755 0.00874755 0.00874755 0.00874755 0.06100585 0.00874755
 0.00874755 0.00874755 0.00874755 0.00874755 0.00874755 0.00874755
 0.00874755 0.00874755 0.00874755 0.00874755 0.00874755 0.00874755
 0.0875945  0.00874755 0.00874755 0.58708041 0.00874755 0.00874755]
客户端选择掩码: [1.0, 1.0, 1.0, 0.0, 1.0, 1.0, 1.0, 1.0, 1.0, 1.0, 1.0, 0.0, 0.0, 0.0, 0.0, 0.0, 0.0, 1.0, 1.0, 1.0, 1.0, 0.0, 0.0, 1.0, 1.0, 1.0, 1.0, 1.0, 1.0, 1.0]
/mnt/data/user_liangzhiyu/envs/fedcsl/lib/python3.8/site-packages/sklearn/utils/validation.py:63: RuntimeWarning:  Orthogonal matching pursuit ended prematurely due to linear
dependence in the dictionary. The requested precision might not have been met.

  return f(*args, **kwargs)
稀疏向量: [ 0.4391903   0.          0.          0.          0.          0.
  0.          0.          0.         -0.05733491  0.          0.
  0.          0.          0.61780369  0.          0.          0.
  0.          0.          0.          0.          0.          0.
  0.          0.          0.          0.          0.          0.        ]
更新后概率: [0.57482857 0.0087847  0.0087847  0.0087847  0.0087847  0.0087847
 0.0087847  0.0087847  0.0087847  0.07629916 0.01071838 0.0087847
 0.0087847  0.0087847  0.0087847  0.0087847  0.0087847  0.0087847
 0.0087847  0.0087847  0.0087847  0.0087847  0.0087847  0.0087847
 0.01538984 0.0087847  0.0087847  0.10314653 0.0087847  0.0087847 ]
Classification: 0.999829960891005 0.9429928741092637 463
本轮采样概率阵: [0.57482857 0.0087847  0.0087847  0.0087847  0.0087847  0.0087847
 0.0087847  0.0087847  0.0087847  0.07629916 0.01071838 0.0087847
 0.0087847  0.0087847  0.0087847  0.0087847  0.0087847  0.0087847
 0.0087847  0.0087847  0.0087847  0.0087847  0.0087847  0.0087847
 0.01538984 0.0087847  0.0087847  0.10314653 0.0087847  0.0087847 ]
客户端选择掩码: [1.0, 0.0, 1.0, 0.0, 0.0, 1.0, 1.0, 1.0, 0.0, 1.0, 1.0, 1.0, 1.0, 1.0, 0.0, 1.0, 0.0, 1.0, 1.0, 0.0, 1.0, 1.0, 0.0, 1.0, 1.0, 0.0, 1.0, 1.0, 1.0, 1.0]
/mnt/data/user_liangzhiyu/envs/fedcsl/lib/python3.8/site-packages/sklearn/utils/validation.py:63: RuntimeWarning:  Orthogonal matching pursuit ended prematurely due to linear
dependence in the dictionary. The requested precision might not have been met.

  return f(*args, **kwargs)
稀疏向量: [0.11128434 0.         0.         0.         0.         0.
 0.         0.         0.         0.         0.         0.
 0.         0.         0.         0.         0.         0.
 0.         0.         0.         0.         0.         0.
 0.88947553 0.         0.         0.         0.         0.        ]
更新后概率: [0.17110901 0.00869049 0.00869049 0.00869049 0.00869049 0.00869049
 0.00869049 0.00869049 0.00869049 0.01326155 0.00869049 0.00869049
 0.00869049 0.00869049 0.00869049 0.00869049 0.00869049 0.00869049
 0.00869049 0.00869049 0.00869049 0.00869049 0.00869049 0.00869049
 0.57174877 0.00869049 0.00869049 0.01792789 0.00869049 0.00869049]
Classification: 0.999829960891005 0.9429928741092637 464
本轮采样概率阵: [0.17110901 0.00869049 0.00869049 0.00869049 0.00869049 0.00869049
 0.00869049 0.00869049 0.00869049 0.01326155 0.00869049 0.00869049
 0.00869049 0.00869049 0.00869049 0.00869049 0.00869049 0.00869049
 0.00869049 0.00869049 0.00869049 0.00869049 0.00869049 0.00869049
 0.57174877 0.00869049 0.00869049 0.01792789 0.00869049 0.00869049]
客户端选择掩码: [1.0, 1.0, 1.0, 1.0, 0.0, 1.0, 1.0, 1.0, 0.0, 1.0, 0.0, 0.0, 1.0, 1.0, 1.0, 0.0, 1.0, 1.0, 0.0, 0.0, 1.0, 1.0, 1.0, 1.0, 1.0, 1.0, 0.0, 1.0, 1.0, 0.0]
/mnt/data/user_liangzhiyu/envs/fedcsl/lib/python3.8/site-packages/sklearn/utils/validation.py:63: RuntimeWarning:  Orthogonal matching pursuit ended prematurely due to linear
dependence in the dictionary. The requested precision might not have been met.

  return f(*args, **kwargs)
稀疏向量: [-0.04331191  0.          0.          0.          0.          0.
  0.          0.          0.          0.          0.          1.04331182
  0.          0.          0.          0.          0.          0.
  0.          0.          0.          0.          0.          0.
  0.          0.          0.          0.          0.          0.        ]
更新后概率: [0.66179158 0.00857635 0.00857635 0.00857635 0.00857635 0.00857635
 0.00857635 0.00857635 0.00857635 0.00857635 0.00857635 0.00857635
 0.00857635 0.00857635 0.00857635 0.00857635 0.00857635 0.00857635
 0.00857635 0.00857635 0.00857635 0.00857635 0.00857635 0.00857635
 0.09807053 0.00857635 0.00857635 0.00857635 0.00857635 0.00857635]
Classification: 0.9996599217820099 0.9429928741092637 465
本轮采样概率阵: [0.66179158 0.00857635 0.00857635 0.00857635 0.00857635 0.00857635
 0.00857635 0.00857635 0.00857635 0.00857635 0.00857635 0.00857635
 0.00857635 0.00857635 0.00857635 0.00857635 0.00857635 0.00857635
 0.00857635 0.00857635 0.00857635 0.00857635 0.00857635 0.00857635
 0.09807053 0.00857635 0.00857635 0.00857635 0.00857635 0.00857635]
客户端选择掩码: [1.0, 1.0, 1.0, 0.0, 1.0, 1.0, 1.0, 1.0, 1.0, 1.0, 1.0, 1.0, 0.0, 1.0, 1.0, 1.0, 1.0, 0.0, 1.0, 1.0, 0.0, 0.0, 0.0, 1.0, 1.0, 1.0, 0.0, 0.0, 1.0, 0.0]
/mnt/data/user_liangzhiyu/envs/fedcsl/lib/python3.8/site-packages/sklearn/utils/validation.py:63: RuntimeWarning:  Orthogonal matching pursuit ended prematurely due to linear
dependence in the dictionary. The requested precision might not have been met.

  return f(*args, **kwargs)
稀疏向量: [ 0.         -4.24060001  0.          0.          0.          0.
  0.          0.          0.          0.         -1.38849767  0.
  0.          0.          0.          0.          0.          0.
  0.          0.          0.          0.          0.          0.
  0.          6.63577819  0.          0.          0.          0.        ]
更新后概率: [0.11555959 0.22435264 0.00873081 0.00873081 0.00873081 0.00873081
 0.00873081 0.00873081 0.00873081 0.00873081 0.0744669  0.00873081
 0.00873081 0.00873081 0.00873081 0.00873081 0.00873081 0.00873081
 0.00873081 0.00873081 0.00873081 0.00873081 0.00873081 0.00873081
 0.01712471 0.35022578 0.00873081 0.00873081 0.00873081 0.00873081]
Classification: 0.999829960891005 0.9423142178486597 466
本轮采样概率阵: [0.11555959 0.22435264 0.00873081 0.00873081 0.00873081 0.00873081
 0.00873081 0.00873081 0.00873081 0.00873081 0.0744669  0.00873081
 0.00873081 0.00873081 0.00873081 0.00873081 0.00873081 0.00873081
 0.00873081 0.00873081 0.00873081 0.00873081 0.00873081 0.00873081
 0.01712471 0.35022578 0.00873081 0.00873081 0.00873081 0.00873081]
客户端选择掩码: [1.0, 1.0, 0.0, 1.0, 0.0, 1.0, 1.0, 1.0, 0.0, 1.0, 1.0, 0.0, 1.0, 1.0, 1.0, 1.0, 0.0, 0.0, 0.0, 1.0, 0.0, 1.0, 1.0, 1.0, 1.0, 1.0, 1.0, 1.0, 0.0, 1.0]
/mnt/data/user_liangzhiyu/envs/fedcsl/lib/python3.8/site-packages/sklearn/utils/validation.py:63: RuntimeWarning:  Orthogonal matching pursuit ended prematurely due to linear
dependence in the dictionary. The requested precision might not have been met.

  return f(*args, **kwargs)
稀疏向量: [0.00784784 0.         0.         0.         0.         0.
 0.         0.         0.         0.60733793 0.         0.
 0.         0.         0.         0.         0.         0.
 0.         0.         0.         0.         0.         0.
 0.         0.         0.38592004 0.         0.         0.        ]
更新后概率: [0.02548669 0.03958404 0.00882183 0.00882183 0.00882183 0.00882183
 0.00882183 0.00882183 0.00882183 0.39605045 0.0131387  0.00882183
 0.00882183 0.00882183 0.00882183 0.00882183 0.00882183 0.00882183
 0.00882183 0.00882183 0.00882183 0.00882183 0.00882183 0.00882183
 0.00882183 0.06179267 0.25222348 0.00882183 0.00882183 0.00882183]
Classification: 0.9996599217820099 0.9436715303698676 467
本轮采样概率阵: [0.02548669 0.03958404 0.00882183 0.00882183 0.00882183 0.00882183
 0.00882183 0.00882183 0.00882183 0.39605045 0.0131387  0.00882183
 0.00882183 0.00882183 0.00882183 0.00882183 0.00882183 0.00882183
 0.00882183 0.00882183 0.00882183 0.00882183 0.00882183 0.00882183
 0.00882183 0.06179267 0.25222348 0.00882183 0.00882183 0.00882183]
客户端选择掩码: [1.0, 1.0, 1.0, 1.0, 0.0, 1.0, 1.0, 0.0, 1.0, 1.0, 0.0, 1.0, 0.0, 0.0, 1.0, 0.0, 1.0, 1.0, 1.0, 1.0, 1.0, 1.0, 1.0, 1.0, 1.0, 1.0, 1.0, 0.0, 0.0, 0.0]
/mnt/data/user_liangzhiyu/envs/fedcsl/lib/python3.8/site-packages/sklearn/utils/validation.py:63: RuntimeWarning:  Orthogonal matching pursuit ended prematurely due to linear
dependence in the dictionary. The requested precision might not have been met.

  return f(*args, **kwargs)
稀疏向量: [-0.07810294  0.          0.          0.          0.11213446  0.
  0.          0.          0.          0.          0.          0.96601409
  0.          0.          0.          0.          0.          0.
  0.          0.          0.          0.          0.          0.
  0.          0.          0.          0.          0.          0.        ]
更新后概率: [0.05279978 0.00881024 0.00881024 0.00881024 0.00881024 0.00881024
 0.00881024 0.00881024 0.00881024 0.06978599 0.01157551 0.59906181
 0.00881024 0.00881024 0.00881024 0.00881024 0.00881024 0.00881024
 0.00881024 0.00881024 0.00881024 0.00881024 0.00881024 0.00881024
 0.00881024 0.01088817 0.04444299 0.00881024 0.00881024 0.00881024]
Classification: 0.9996599217820099 0.9426535459789617 468
本轮采样概率阵: [0.05279978 0.00881024 0.00881024 0.00881024 0.00881024 0.00881024
 0.00881024 0.00881024 0.00881024 0.06978599 0.01157551 0.59906181
 0.00881024 0.00881024 0.00881024 0.00881024 0.00881024 0.00881024
 0.00881024 0.00881024 0.00881024 0.00881024 0.00881024 0.00881024
 0.00881024 0.01088817 0.04444299 0.00881024 0.00881024 0.00881024]
客户端选择掩码: [1.0, 1.0, 0.0, 0.0, 1.0, 1.0, 1.0, 0.0, 1.0, 1.0, 1.0, 1.0, 1.0, 1.0, 0.0, 1.0, 1.0, 0.0, 1.0, 1.0, 1.0, 1.0, 0.0, 1.0, 0.0, 1.0, 1.0, 0.0, 1.0, 0.0]
/mnt/data/user_liangzhiyu/envs/fedcsl/lib/python3.8/site-packages/sklearn/utils/validation.py:63: RuntimeWarning:  Orthogonal matching pursuit ended prematurely due to linear
dependence in the dictionary. The requested precision might not have been met.

  return f(*args, **kwargs)
稀疏向量: [-1.32293402  0.          0.          0.          0.          0.
  0.          0.          0.          0.         -1.31782811  3.64076305
  0.          0.          0.          0.          0.          0.
  0.          0.          0.          0.          0.          0.
  0.          0.          0.          0.          0.          0.        ]
更新后概率: [0.14493045 0.00874729 0.00874729 0.00874729 0.00874729 0.00874729
 0.00874729 0.00874729 0.00874729 0.01220877 0.13719472 0.47823645
 0.00874729 0.00874729 0.00874729 0.00874729 0.00874729 0.00874729
 0.00874729 0.00874729 0.00874729 0.00874729 0.00874729 0.00874729
 0.00874729 0.00874729 0.00874729 0.00874729 0.00874729 0.00874729]
Classification: 0.9996599217820099 0.9426535459789617 469
本轮采样概率阵: [0.14493045 0.00874729 0.00874729 0.00874729 0.00874729 0.00874729
 0.00874729 0.00874729 0.00874729 0.01220877 0.13719472 0.47823645
 0.00874729 0.00874729 0.00874729 0.00874729 0.00874729 0.00874729
 0.00874729 0.00874729 0.00874729 0.00874729 0.00874729 0.00874729
 0.00874729 0.00874729 0.00874729 0.00874729 0.00874729 0.00874729]
客户端选择掩码: [1.0, 1.0, 0.0, 0.0, 0.0, 1.0, 1.0, 0.0, 1.0, 1.0, 1.0, 1.0, 0.0, 1.0, 1.0, 1.0, 1.0, 1.0, 1.0, 1.0, 1.0, 1.0, 0.0, 1.0, 0.0, 0.0, 1.0, 1.0, 0.0, 1.0]
/mnt/data/user_liangzhiyu/envs/fedcsl/lib/python3.8/site-packages/sklearn/utils/validation.py:63: RuntimeWarning:  Orthogonal matching pursuit ended prematurely due to linear
dependence in the dictionary. The requested precision might not have been met.

  return f(*args, **kwargs)
稀疏向量: [-0.23757603  0.          0.          0.          0.          0.
  0.          0.          0.          0.          0.          0.95611863
 -1.13864664  0.          0.          0.          1.41817294  0.
  0.          0.          0.          0.          0.          0.
  0.          0.          0.          0.          0.          0.        ]
更新后概率: [0.08343943 0.0086893  0.0086893  0.0086893  0.0086893  0.0086893
 0.0086893  0.0086893  0.0086893  0.0086893  0.02384251 0.31754668
 0.0086893  0.0086893  0.0086893  0.0086893  0.34924968 0.0086893
 0.0086893  0.0086893  0.0086893  0.0086893  0.0086893  0.0086893
 0.0086893  0.0086893  0.0086893  0.0086893  0.0086893  0.0086893 ]
Classification: 0.9996599217820099 0.9423142178486597 470
本轮采样概率阵: [0.08343943 0.0086893  0.0086893  0.0086893  0.0086893  0.0086893
 0.0086893  0.0086893  0.0086893  0.0086893  0.02384251 0.31754668
 0.0086893  0.0086893  0.0086893  0.0086893  0.34924968 0.0086893
 0.0086893  0.0086893  0.0086893  0.0086893  0.0086893  0.0086893
 0.0086893  0.0086893  0.0086893  0.0086893  0.0086893  0.0086893 ]
客户端选择掩码: [1.0, 1.0, 1.0, 1.0, 0.0, 1.0, 1.0, 1.0, 1.0, 0.0, 0.0, 1.0, 1.0, 0.0, 1.0, 0.0, 1.0, 1.0, 1.0, 0.0, 1.0, 1.0, 1.0, 1.0, 0.0, 0.0, 0.0, 1.0, 1.0, 1.0]
/mnt/data/user_liangzhiyu/envs/fedcsl/lib/python3.8/site-packages/sklearn/utils/validation.py:63: RuntimeWarning:  Orthogonal matching pursuit ended prematurely due to linear
dependence in the dictionary. The requested precision might not have been met.

  return f(*args, **kwargs)
稀疏向量: [ 0.          0.          0.          0.          0.          0.
  0.         -0.03266211  0.          0.          0.          1.03268826
  0.          0.          0.          0.          0.          0.
  0.          0.          0.          0.          0.          0.
  0.          0.          0.          0.          0.          0.        ]
更新后概率: [0.01449934 0.00868854 0.00868854 0.00868854 0.00868854 0.00868854
 0.00868854 0.02083073 0.00868854 0.00868854 0.02071565 0.66605152
 0.00868854 0.00868854 0.00868854 0.00868854 0.06068937 0.00868854
 0.00868854 0.00868854 0.00868854 0.00868854 0.00868854 0.00868854
 0.00868854 0.00868854 0.00868854 0.00868854 0.00868854 0.00868854]
Classification: 0.9996599217820099 0.9426535459789617 471
本轮采样概率阵: [0.01449934 0.00868854 0.00868854 0.00868854 0.00868854 0.00868854
 0.00868854 0.02083073 0.00868854 0.00868854 0.02071565 0.66605152
 0.00868854 0.00868854 0.00868854 0.00868854 0.06068937 0.00868854
 0.00868854 0.00868854 0.00868854 0.00868854 0.00868854 0.00868854
 0.00868854 0.00868854 0.00868854 0.00868854 0.00868854 0.00868854]
客户端选择掩码: [1.0, 0.0, 0.0, 1.0, 1.0, 0.0, 1.0, 1.0, 1.0, 1.0, 1.0, 1.0, 1.0, 0.0, 1.0, 1.0, 1.0, 1.0, 0.0, 1.0, 0.0, 1.0, 1.0, 1.0, 0.0, 0.0, 1.0, 1.0, 1.0, 0.0]
/mnt/data/user_liangzhiyu/envs/fedcsl/lib/python3.8/site-packages/sklearn/utils/validation.py:63: RuntimeWarning:  Orthogonal matching pursuit ended prematurely due to linear
dependence in the dictionary. The requested precision might not have been met.

  return f(*args, **kwargs)
稀疏向量: [0.03882149 0.         0.         0.         0.         0.96036107
 0.         0.         0.         0.         0.         0.
 0.         0.         0.         0.         0.         0.
 0.         0.         0.         0.         0.         0.
 0.         0.         0.         0.         0.         0.        ]
更新后概率: [0.64060468 0.00865286 0.00865286 0.00865286 0.00865286 0.00865286
 0.00865286 0.00865286 0.00865286 0.00865286 0.00865286 0.11526518
 0.00865286 0.00865286 0.00865286 0.00865286 0.0105029  0.00865286
 0.00865286 0.00865286 0.00865286 0.00865286 0.00865286 0.00865286
 0.00865286 0.00865286 0.00865286 0.00865286 0.00865286 0.00865286]
Classification: 0.9996599217820099 0.9429928741092637 472
本轮采样概率阵: [0.64060468 0.00865286 0.00865286 0.00865286 0.00865286 0.00865286
 0.00865286 0.00865286 0.00865286 0.00865286 0.00865286 0.11526518
 0.00865286 0.00865286 0.00865286 0.00865286 0.0105029  0.00865286
 0.00865286 0.00865286 0.00865286 0.00865286 0.00865286 0.00865286
 0.00865286 0.00865286 0.00865286 0.00865286 0.00865286 0.00865286]
客户端选择掩码: [1.0, 1.0, 0.0, 1.0, 1.0, 1.0, 1.0, 1.0, 1.0, 1.0, 0.0, 1.0, 0.0, 0.0, 1.0, 1.0, 1.0, 0.0, 1.0, 1.0, 1.0, 1.0, 0.0, 0.0, 1.0, 1.0, 0.0, 1.0, 0.0, 1.0]
/mnt/data/user_liangzhiyu/envs/fedcsl/lib/python3.8/site-packages/sklearn/utils/validation.py:63: RuntimeWarning:  Orthogonal matching pursuit ended prematurely due to linear
dependence in the dictionary. The requested precision might not have been met.

  return f(*args, **kwargs)
稀疏向量: [-1.1124443   0.          0.          0.580591   -0.00428104  0.
  0.          0.          0.          0.          0.          0.
 -0.81847319  0.          0.          0.          0.          2.35767313
  0.          0.          0.          0.          0.          0.
  0.          0.          0.          0.          0.          0.        ]
更新后概率: [0.52782975 0.00863004 0.00863004 0.21926431 0.00863004 0.00863004
 0.00863004 0.00863004 0.00863004 0.00863004 0.00863004 0.01989487
 0.00863004 0.00863004 0.00863004 0.00863004 0.00863004 0.00863004
 0.00863004 0.00863004 0.00863004 0.00863004 0.00863004 0.00863004
 0.00863004 0.00863004 0.00863004 0.00863004 0.00863004 0.00863004]
Classification: 0.9996599217820099 0.9429928741092637 473
本轮采样概率阵: [0.52782975 0.00863004 0.00863004 0.21926431 0.00863004 0.00863004
 0.00863004 0.00863004 0.00863004 0.00863004 0.00863004 0.01989487
 0.00863004 0.00863004 0.00863004 0.00863004 0.00863004 0.00863004
 0.00863004 0.00863004 0.00863004 0.00863004 0.00863004 0.00863004
 0.00863004 0.00863004 0.00863004 0.00863004 0.00863004 0.00863004]
客户端选择掩码: [1.0, 0.0, 1.0, 1.0, 1.0, 0.0, 1.0, 0.0, 1.0, 1.0, 0.0, 1.0, 1.0, 1.0, 0.0, 1.0, 1.0, 1.0, 1.0, 0.0, 1.0, 0.0, 1.0, 1.0, 1.0, 0.0, 1.0, 0.0, 1.0, 1.0]
/mnt/data/user_liangzhiyu/envs/fedcsl/lib/python3.8/site-packages/sklearn/utils/validation.py:63: RuntimeWarning:  Orthogonal matching pursuit ended prematurely due to linear
dependence in the dictionary. The requested precision might not have been met.

  return f(*args, **kwargs)
稀疏向量: [ 0.04646208  0.          0.          0.         -0.23764495  0.
  0.          0.          0.          0.          0.          0.
  0.          0.          0.          0.          0.          0.
  0.          0.          0.          0.          0.          0.
  1.19208377  0.          0.          0.          0.          0.        ]
更新后概率: [0.11191956 0.0086901  0.0086901  0.03810859 0.10472544 0.0086901
 0.0086901  0.0086901  0.0086901  0.0086901  0.0086901  0.0086901
 0.0086901  0.0086901  0.0086901  0.0086901  0.0086901  0.0086901
 0.0086901  0.0086901  0.0086901  0.0086901  0.0086901  0.0086901
 0.51930376 0.0086901  0.0086901  0.0086901  0.0086901  0.0086901 ]
Classification: 0.999829960891005 0.9440108585001696 474
本轮采样概率阵: [0.11191956 0.0086901  0.0086901  0.03810859 0.10472544 0.0086901
 0.0086901  0.0086901  0.0086901  0.0086901  0.0086901  0.0086901
 0.0086901  0.0086901  0.0086901  0.0086901  0.0086901  0.0086901
 0.0086901  0.0086901  0.0086901  0.0086901  0.0086901  0.0086901
 0.51930376 0.0086901  0.0086901  0.0086901  0.0086901  0.0086901 ]
客户端选择掩码: [1.0, 1.0, 0.0, 1.0, 1.0, 0.0, 1.0, 1.0, 1.0, 1.0, 1.0, 1.0, 0.0, 0.0, 1.0, 1.0, 1.0, 1.0, 0.0, 1.0, 1.0, 0.0, 0.0, 1.0, 1.0, 0.0, 0.0, 1.0, 1.0, 1.0]
/mnt/data/user_liangzhiyu/envs/fedcsl/lib/python3.8/site-packages/sklearn/utils/validation.py:63: RuntimeWarning:  Orthogonal matching pursuit ended prematurely due to linear
dependence in the dictionary. The requested precision might not have been met.

  return f(*args, **kwargs)
稀疏向量: [-7.53763569  0.          0.          0.          0.          0.
  0.          0.          0.          0.          0.          0.
 -7.0172875   0.          0.          0.          0.          0.
  0.          0.          0.          0.          0.          0.
  0.          0.          0.          0.         15.5774522   0.        ]
更新后概率: [0.22929469 0.00872327 0.00872327 0.00872327 0.01827097 0.00872327
 0.00872327 0.00872327 0.00872327 0.00872327 0.00872327 0.00872327
 0.00872327 0.00872327 0.00872327 0.00872327 0.00872327 0.00872327
 0.00872327 0.00872327 0.00872327 0.00872327 0.00872327 0.00872327
 0.09060054 0.00872327 0.00872327 0.00872327 0.43502876 0.00872327]
Classification: 0.999829960891005 0.9433322022395657 475
本轮采样概率阵: [0.22929469 0.00872327 0.00872327 0.00872327 0.01827097 0.00872327
 0.00872327 0.00872327 0.00872327 0.00872327 0.00872327 0.00872327
 0.00872327 0.00872327 0.00872327 0.00872327 0.00872327 0.00872327
 0.00872327 0.00872327 0.00872327 0.00872327 0.00872327 0.00872327
 0.09060054 0.00872327 0.00872327 0.00872327 0.43502876 0.00872327]
客户端选择掩码: [1.0, 1.0, 1.0, 1.0, 1.0, 0.0, 0.0, 0.0, 1.0, 1.0, 1.0, 1.0, 1.0, 1.0, 0.0, 1.0, 0.0, 1.0, 1.0, 0.0, 1.0, 0.0, 0.0, 1.0, 1.0, 1.0, 0.0, 1.0, 1.0, 1.0]
/mnt/data/user_liangzhiyu/envs/fedcsl/lib/python3.8/site-packages/sklearn/utils/validation.py:63: RuntimeWarning:  Orthogonal matching pursuit ended prematurely due to linear
dependence in the dictionary. The requested precision might not have been met.

  return f(*args, **kwargs)
稀疏向量: [-1.61537958  0.          0.          0.          0.          0.
  0.          0.          0.          0.          0.          0.
  0.          0.          0.          0.          0.          0.
  0.          4.31680431  0.          0.         -1.71088676  0.
  0.          0.          0.          0.          0.          0.        ]
更新后概率: [0.67610666 0.00863426 0.00863426 0.00863426 0.00863426 0.00863426
 0.00863426 0.00863426 0.00863426 0.00863426 0.00863426 0.00863426
 0.00863426 0.00863426 0.00863426 0.00863426 0.00863426 0.00863426
 0.00863426 0.00863426 0.00863426 0.00863426 0.00863426 0.00863426
 0.01564537 0.00863426 0.00863426 0.00863426 0.07512301 0.00863426]
Classification: 0.999829960891005 0.9436715303698676 476
本轮采样概率阵: [0.67610666 0.00863426 0.00863426 0.00863426 0.00863426 0.00863426
 0.00863426 0.00863426 0.00863426 0.00863426 0.00863426 0.00863426
 0.00863426 0.00863426 0.00863426 0.00863426 0.00863426 0.00863426
 0.00863426 0.00863426 0.00863426 0.00863426 0.00863426 0.00863426
 0.01564537 0.00863426 0.00863426 0.00863426 0.07512301 0.00863426]
客户端选择掩码: [1.0, 1.0, 1.0, 1.0, 1.0, 0.0, 1.0, 0.0, 1.0, 1.0, 1.0, 0.0, 0.0, 0.0, 1.0, 1.0, 0.0, 1.0, 1.0, 1.0, 1.0, 0.0, 0.0, 1.0, 1.0, 0.0, 1.0, 1.0, 1.0, 1.0]
/mnt/data/user_liangzhiyu/envs/fedcsl/lib/python3.8/site-packages/sklearn/utils/validation.py:63: RuntimeWarning:  Orthogonal matching pursuit ended prematurely due to linear
dependence in the dictionary. The requested precision might not have been met.

  return f(*args, **kwargs)
稀疏向量: [-1.48786667  0.          0.          0.          0.          0.
  0.          0.          0.          0.          0.          0.
  0.          0.          0.          0.          0.          3.47378831
  0.          0.          0.          0.         -0.98014183  0.
  0.          0.          0.          0.          0.          0.        ]
更新后概率: [0.30735971 0.00862213 0.00862213 0.00862213 0.00862213 0.00862213
 0.00862213 0.00862213 0.00862213 0.00862213 0.00862213 0.00862213
 0.00862213 0.00862213 0.00862213 0.00862213 0.00862213 0.44688835
 0.00862213 0.00862213 0.00862213 0.00862213 0.00862213 0.00862213
 0.00862213 0.00862213 0.00862213 0.00862213 0.01295441 0.00862213]
Classification: 0.999829960891005 0.9440108585001696 477
本轮采样概率阵: [0.30735971 0.00862213 0.00862213 0.00862213 0.00862213 0.00862213
 0.00862213 0.00862213 0.00862213 0.00862213 0.00862213 0.00862213
 0.00862213 0.00862213 0.00862213 0.00862213 0.00862213 0.44688835
 0.00862213 0.00862213 0.00862213 0.00862213 0.00862213 0.00862213
 0.00862213 0.00862213 0.00862213 0.00862213 0.01295441 0.00862213]
客户端选择掩码: [1.0, 1.0, 1.0, 1.0, 0.0, 0.0, 1.0, 0.0, 1.0, 0.0, 1.0, 0.0, 1.0, 1.0, 1.0, 1.0, 1.0, 1.0, 0.0, 0.0, 1.0, 1.0, 1.0, 1.0, 1.0, 1.0, 0.0, 1.0, 1.0, 0.0]
/mnt/data/user_liangzhiyu/envs/fedcsl/lib/python3.8/site-packages/sklearn/utils/validation.py:63: RuntimeWarning:  Orthogonal matching pursuit ended prematurely due to linear
dependence in the dictionary. The requested precision might not have been met.

  return f(*args, **kwargs)
稀疏向量: [-1.46358769  0.          0.          0.          0.          0.
  0.          0.          0.          0.          0.          4.52659863
 -2.06215931  0.          0.          0.          0.          0.
  0.          0.          0.          0.          0.          0.
  0.          0.          0.          0.          0.          0.        ]
更新后概率: [0.31692802 0.00861702 0.00861702 0.00861702 0.00861702 0.00861702
 0.00861702 0.00861702 0.00861702 0.00861702 0.00861702 0.00861702
 0.37339569 0.00861702 0.00861702 0.00861702 0.00861702 0.07701687
 0.00861702 0.00861702 0.00861702 0.00861702 0.00861702 0.00861702
 0.00861702 0.00861702 0.00861702 0.00861702 0.00861702 0.00861702]
Classification: 0.9996599217820099 0.9443501866304717 478
本轮采样概率阵: [0.31692802 0.00861702 0.00861702 0.00861702 0.00861702 0.00861702
 0.00861702 0.00861702 0.00861702 0.00861702 0.00861702 0.00861702
 0.37339569 0.00861702 0.00861702 0.00861702 0.00861702 0.07701687
 0.00861702 0.00861702 0.00861702 0.00861702 0.00861702 0.00861702
 0.00861702 0.00861702 0.00861702 0.00861702 0.00861702 0.00861702]
客户端选择掩码: [1.0, 1.0, 0.0, 1.0, 0.0, 1.0, 1.0, 1.0, 0.0, 1.0, 0.0, 0.0, 1.0, 1.0, 1.0, 1.0, 0.0, 1.0, 1.0, 1.0, 1.0, 0.0, 1.0, 0.0, 1.0, 1.0, 0.0, 1.0, 1.0, 1.0]
/mnt/data/user_liangzhiyu/envs/fedcsl/lib/python3.8/site-packages/sklearn/utils/validation.py:63: RuntimeWarning:  Orthogonal matching pursuit ended prematurely due to linear
dependence in the dictionary. The requested precision might not have been met.

  return f(*args, **kwargs)
稀疏向量: [-3.84114711  0.          0.          0.          0.          0.
  0.          0.          0.          0.         -4.27470781  0.
  0.          0.          0.          0.          0.          0.
  0.          9.08556261  0.          0.          0.          0.
  0.          0.          0.          0.          0.          0.        ]
更新后概率: [0.24512726 0.00867191 0.00867191 0.00867191 0.00867191 0.00867191
 0.00867191 0.00867191 0.00867191 0.00867191 0.00867191 0.00867191
 0.06476105 0.00867191 0.00867191 0.00867191 0.00867191 0.01335766
 0.00867191 0.45128446 0.00867191 0.00867191 0.00867191 0.00867191
 0.00867191 0.00867191 0.00867191 0.00867191 0.00867191 0.00867191]
Classification: 0.999829960891005 0.9440108585001696 479
本轮采样概率阵: [0.24512726 0.00867191 0.00867191 0.00867191 0.00867191 0.00867191
 0.00867191 0.00867191 0.00867191 0.00867191 0.00867191 0.00867191
 0.06476105 0.00867191 0.00867191 0.00867191 0.00867191 0.01335766
 0.00867191 0.45128446 0.00867191 0.00867191 0.00867191 0.00867191
 0.00867191 0.00867191 0.00867191 0.00867191 0.00867191 0.00867191]
客户端选择掩码: [1.0, 1.0, 0.0, 1.0, 1.0, 1.0, 0.0, 1.0, 0.0, 1.0, 1.0, 0.0, 1.0, 1.0, 1.0, 1.0, 0.0, 1.0, 1.0, 1.0, 1.0, 1.0, 1.0, 0.0, 1.0, 0.0, 1.0, 1.0, 0.0, 0.0]
/mnt/data/user_liangzhiyu/envs/fedcsl/lib/python3.8/site-packages/sklearn/utils/validation.py:63: RuntimeWarning:  Orthogonal matching pursuit ended prematurely due to linear
dependence in the dictionary. The requested precision might not have been met.

  return f(*args, **kwargs)
稀疏向量: [-0.01644638  0.          0.          0.          0.          0.
  0.          0.          0.          0.          0.          0.
  0.          0.          0.          0.          0.          0.
  0.          0.          0.          0.          0.          0.
  0.          0.          0.          1.01601907  0.          0.        ]
更新后概率: [0.05277691 0.00868409 0.00868409 0.00868409 0.00868409 0.00868409
 0.00868409 0.00868409 0.00868409 0.00868409 0.00868409 0.00868409
 0.01124782 0.00868409 0.00868409 0.00868409 0.00868409 0.00868409
 0.00868409 0.07837991 0.00868409 0.00868409 0.00868409 0.00868409
 0.00868409 0.00868409 0.00868409 0.63180902 0.00868409 0.00868409]
Classification: 0.9993198435640197 0.9436715303698676 480
本轮采样概率阵: [0.05277691 0.00868409 0.00868409 0.00868409 0.00868409 0.00868409
 0.00868409 0.00868409 0.00868409 0.00868409 0.00868409 0.00868409
 0.01124782 0.00868409 0.00868409 0.00868409 0.00868409 0.00868409
 0.00868409 0.07837991 0.00868409 0.00868409 0.00868409 0.00868409
 0.00868409 0.00868409 0.00868409 0.63180902 0.00868409 0.00868409]
客户端选择掩码: [1.0, 1.0, 1.0, 0.0, 1.0, 0.0, 1.0, 0.0, 1.0, 1.0, 1.0, 1.0, 1.0, 0.0, 1.0, 0.0, 1.0, 1.0, 0.0, 1.0, 1.0, 1.0, 1.0, 1.0, 0.0, 0.0, 1.0, 1.0, 1.0, 0.0]
/mnt/data/user_liangzhiyu/envs/fedcsl/lib/python3.8/site-packages/sklearn/utils/validation.py:63: RuntimeWarning:  Orthogonal matching pursuit ended prematurely due to linear
dependence in the dictionary. The requested precision might not have been met.

  return f(*args, **kwargs)
稀疏向量: [-7.55856491  0.          0.          0.         -2.85182046  0.
  0.          0.          0.          0.          0.         20.23065034
  0.          0.          0.          0.          0.          0.
  0.          0.          0.          0.         -8.79586291  0.
  0.          0.          0.          0.          0.          0.        ]
更新后概率: [0.13380105 0.00880841 0.00880841 0.00880841 0.04850458 0.00880841
 0.00880841 0.00880841 0.00880841 0.00880841 0.00880841 0.33476581
 0.00880841 0.00880841 0.00880841 0.00880841 0.00880841 0.00880841
 0.00880841 0.01380805 0.00880841 0.00880841 0.14641387 0.00880841
 0.00880841 0.00880841 0.00880841 0.11130471 0.00880841 0.00880841]
Classification: 0.9996599217820099 0.9433322022395657 481
本轮采样概率阵: [0.13380105 0.00880841 0.00880841 0.00880841 0.04850458 0.00880841
 0.00880841 0.00880841 0.00880841 0.00880841 0.00880841 0.33476581
 0.00880841 0.00880841 0.00880841 0.00880841 0.00880841 0.00880841
 0.00880841 0.01380805 0.00880841 0.00880841 0.14641387 0.00880841
 0.00880841 0.00880841 0.00880841 0.11130471 0.00880841 0.00880841]
客户端选择掩码: [1.0, 0.0, 1.0, 1.0, 1.0, 0.0, 0.0, 1.0, 1.0, 0.0, 0.0, 1.0, 0.0, 1.0, 1.0, 1.0, 1.0, 1.0, 0.0, 1.0, 1.0, 1.0, 1.0, 1.0, 1.0, 0.0, 0.0, 1.0, 1.0, 1.0]
/mnt/data/user_liangzhiyu/envs/fedcsl/lib/python3.8/site-packages/sklearn/utils/validation.py:63: RuntimeWarning:  Orthogonal matching pursuit ended prematurely due to linear
dependence in the dictionary. The requested precision might not have been met.

  return f(*args, **kwargs)
稀疏向量: [-1.90550239  0.          0.          0.         -3.05600747  0.
  0.          0.          0.          0.          0.          0.
  0.          0.          0.          0.         -2.64147563  0.
  0.          0.          0.          0.          0.          0.
  8.613235    0.          0.          0.          0.          0.        ]
更新后概率: [0.10071694 0.00888841 0.00888841 0.00888841 0.13200359 0.00888841
 0.00888841 0.00888841 0.00888841 0.00888841 0.00888841 0.05951071
 0.00888841 0.00888841 0.00888841 0.00888841 0.10821087 0.00888841
 0.00888841 0.00888841 0.00888841 0.00888841 0.02602773 0.00888841
 0.34931034 0.00888841 0.00888841 0.01978643 0.00888841 0.00888841]
Classification: 0.9993198435640197 0.9426535459789617 482
本轮采样概率阵: [0.10071694 0.00888841 0.00888841 0.00888841 0.13200359 0.00888841
 0.00888841 0.00888841 0.00888841 0.00888841 0.00888841 0.05951071
 0.00888841 0.00888841 0.00888841 0.00888841 0.10821087 0.00888841
 0.00888841 0.00888841 0.00888841 0.00888841 0.02602773 0.00888841
 0.34931034 0.00888841 0.00888841 0.01978643 0.00888841 0.00888841]
客户端选择掩码: [1.0, 0.0, 0.0, 0.0, 1.0, 1.0, 1.0, 1.0, 0.0, 0.0, 1.0, 1.0, 0.0, 1.0, 0.0, 1.0, 1.0, 1.0, 1.0, 1.0, 1.0, 1.0, 1.0, 1.0, 1.0, 1.0, 0.0, 0.0, 1.0, 1.0]
/mnt/data/user_liangzhiyu/envs/fedcsl/lib/python3.8/site-packages/sklearn/utils/validation.py:63: RuntimeWarning:  Orthogonal matching pursuit ended prematurely due to linear
dependence in the dictionary. The requested precision might not have been met.

  return f(*args, **kwargs)
稀疏向量: [ 0.          0.          0.          0.         -0.73755887  0.
  0.          0.          0.          0.          0.          0.
  0.          0.          0.          0.          0.          0.
  0.          0.          0.          0.         -0.33979299  0.
  2.07975969  0.          0.          0.          0.          0.        ]
更新后概率: [0.01779094 0.00883215 0.00883215 0.00883215 0.17338191 0.00883215
 0.00883215 0.00883215 0.00883215 0.00883215 0.00883215 0.01051215
 0.00883215 0.00883215 0.00883215 0.00883215 0.01911469 0.00883215
 0.00883215 0.00883215 0.00883215 0.00883215 0.07373221 0.00883215
 0.48485304 0.00883215 0.00883215 0.01747567 0.00883215 0.00883215]
Classification: 0.9994898826730148 0.9426535459789617 483
本轮采样概率阵: [0.01779094 0.00883215 0.00883215 0.00883215 0.17338191 0.00883215
 0.00883215 0.00883215 0.00883215 0.00883215 0.00883215 0.01051215
 0.00883215 0.00883215 0.00883215 0.00883215 0.01911469 0.00883215
 0.00883215 0.00883215 0.00883215 0.00883215 0.07373221 0.00883215
 0.48485304 0.00883215 0.00883215 0.01747567 0.00883215 0.00883215]
客户端选择掩码: [1.0, 1.0, 0.0, 0.0, 1.0, 0.0, 1.0, 1.0, 0.0, 1.0, 0.0, 0.0, 1.0, 1.0, 1.0, 1.0, 1.0, 0.0, 0.0, 1.0, 1.0, 1.0, 1.0, 1.0, 1.0, 1.0, 1.0, 1.0, 0.0, 1.0]
/mnt/data/user_liangzhiyu/envs/fedcsl/lib/python3.8/site-packages/sklearn/utils/validation.py:63: RuntimeWarning:  Orthogonal matching pursuit ended prematurely due to linear
dependence in the dictionary. The requested precision might not have been met.

  return f(*args, **kwargs)
稀疏向量: [0.04921042 0.         0.         0.95196705 0.         0.
 0.         0.         0.         0.         0.         0.
 0.         0.         0.         0.         0.         0.
 0.         0.         0.         0.         0.         0.
 0.         0.         0.         0.         0.         0.        ]
更新后概率: [0.64478666 0.00872962 0.00872962 0.00872962 0.03027128 0.00872962
 0.00872962 0.00872962 0.00872962 0.00872962 0.00872962 0.0091767
 0.00872962 0.00872962 0.00872962 0.00872962 0.00872962 0.00872962
 0.00872962 0.00872962 0.00872962 0.00872962 0.01287321 0.00872962
 0.08465175 0.00872962 0.00872962 0.00872962 0.00872962 0.00872962]
Classification: 0.9996599217820099 0.9429928741092637 484
本轮采样概率阵: [0.64478666 0.00872962 0.00872962 0.00872962 0.03027128 0.00872962
 0.00872962 0.00872962 0.00872962 0.00872962 0.00872962 0.0091767
 0.00872962 0.00872962 0.00872962 0.00872962 0.00872962 0.00872962
 0.00872962 0.00872962 0.00872962 0.00872962 0.01287321 0.00872962
 0.08465175 0.00872962 0.00872962 0.00872962 0.00872962 0.00872962]
客户端选择掩码: [1.0, 0.0, 0.0, 1.0, 1.0, 1.0, 1.0, 0.0, 1.0, 1.0, 1.0, 1.0, 0.0, 1.0, 1.0, 1.0, 0.0, 0.0, 1.0, 1.0, 1.0, 1.0, 0.0, 1.0, 1.0, 0.0, 1.0, 0.0, 1.0, 1.0]
/mnt/data/user_liangzhiyu/envs/fedcsl/lib/python3.8/site-packages/sklearn/utils/validation.py:63: RuntimeWarning:  Orthogonal matching pursuit ended prematurely due to linear
dependence in the dictionary. The requested precision might not have been met.

  return f(*args, **kwargs)
稀疏向量: [ 0.          0.          0.          0.         -0.45729249  0.
  0.          0.          0.          0.          0.          0.
  0.          0.          0.          0.          0.          0.
  0.          0.          0.          0.         -0.15902998  0.
  0.          1.61859451  0.          0.          0.          0.        ]
更新后概率: [0.11129997 0.00863076 0.00863076 0.00863076 0.63857757 0.00863076
 0.00863076 0.00863076 0.00863076 0.00863076 0.00863076 0.00863076
 0.00863076 0.00863076 0.00863076 0.00863076 0.00863076 0.00863076
 0.00863076 0.00863076 0.00863076 0.00863076 0.01111055 0.00863076
 0.01461219 0.00863076 0.00863076 0.00863076 0.00863076 0.00863076]
Classification: 0.9996599217820099 0.9436715303698676 485
本轮采样概率阵: [0.11129997 0.00863076 0.00863076 0.00863076 0.63857757 0.00863076
 0.00863076 0.00863076 0.00863076 0.00863076 0.00863076 0.00863076
 0.00863076 0.00863076 0.00863076 0.00863076 0.00863076 0.00863076
 0.00863076 0.00863076 0.00863076 0.00863076 0.01111055 0.00863076
 0.01461219 0.00863076 0.00863076 0.00863076 0.00863076 0.00863076]
客户端选择掩码: [1.0, 0.0, 1.0, 1.0, 1.0, 1.0, 0.0, 0.0, 1.0, 1.0, 0.0, 1.0, 1.0, 1.0, 1.0, 1.0, 1.0, 0.0, 1.0, 1.0, 1.0, 1.0, 1.0, 1.0, 1.0, 0.0, 0.0, 1.0, 0.0, 0.0]
/mnt/data/user_liangzhiyu/envs/fedcsl/lib/python3.8/site-packages/sklearn/utils/validation.py:63: RuntimeWarning:  Orthogonal matching pursuit ended prematurely due to linear
dependence in the dictionary. The requested precision might not have been met.

  return f(*args, **kwargs)
稀疏向量: [ 0.          0.          0.          0.          0.          0.
  0.          0.         -0.39976773  0.          0.          0.
  0.          1.39984095  0.          0.          0.          0.
  0.          0.          0.          0.          0.          0.
  0.          0.          0.          0.          0.          0.        ]
更新后概率: [0.01933489 0.00868594 0.00868594 0.00868594 0.11093289 0.00868594
 0.00868594 0.00868594 0.14386962 0.00868594 0.00868594 0.00868594
 0.00868594 0.50002823 0.00868594 0.00868594 0.00868594 0.00868594
 0.00868594 0.00868594 0.00868594 0.00868594 0.00868594 0.00868594
 0.00868594 0.00868594 0.00868594 0.00868594 0.00868594 0.00868594]
Classification: 0.9994898826730148 0.9433322022395657 486
本轮采样概率阵: [0.01933489 0.00868594 0.00868594 0.00868594 0.11093289 0.00868594
 0.00868594 0.00868594 0.14386962 0.00868594 0.00868594 0.00868594
 0.00868594 0.50002823 0.00868594 0.00868594 0.00868594 0.00868594
 0.00868594 0.00868594 0.00868594 0.00868594 0.00868594 0.00868594
 0.00868594 0.00868594 0.00868594 0.00868594 0.00868594 0.00868594]
客户端选择掩码: [1.0, 1.0, 1.0, 1.0, 1.0, 0.0, 1.0, 0.0, 1.0, 1.0, 1.0, 0.0, 0.0, 1.0, 1.0, 1.0, 1.0, 1.0, 0.0, 1.0, 1.0, 1.0, 1.0, 1.0, 1.0, 0.0, 0.0, 0.0, 1.0, 0.0]
/mnt/data/user_liangzhiyu/envs/fedcsl/lib/python3.8/site-packages/sklearn/utils/validation.py:63: RuntimeWarning:  Orthogonal matching pursuit ended prematurely due to linear
dependence in the dictionary. The requested precision might not have been met.

  return f(*args, **kwargs)
稀疏向量: [ 0.          0.          0.          0.          0.          0.
  0.          0.          0.          0.          0.          1.03991434
  0.          0.          0.          0.          0.          0.
  0.          0.          0.          0.         -0.03979606  0.
  0.          0.          0.          0.          0.          0.        ]
更新后概率: [0.00869443 0.00869443 0.00869443 0.00869443 0.01929013 0.00869443
 0.00869443 0.00869443 0.02501745 0.00869443 0.00869443 0.00869443
 0.00869443 0.08694939 0.00869443 0.00869443 0.00869443 0.00869443
 0.00869443 0.00869443 0.00869443 0.00869443 0.64268781 0.00869443
 0.00869443 0.00869443 0.00869443 0.00869443 0.00869443 0.00869443]
Classification: 0.9994898826730148 0.9433322022395657 487
本轮采样概率阵: [0.00869443 0.00869443 0.00869443 0.00869443 0.01929013 0.00869443
 0.00869443 0.00869443 0.02501745 0.00869443 0.00869443 0.00869443
 0.00869443 0.08694939 0.00869443 0.00869443 0.00869443 0.00869443
 0.00869443 0.00869443 0.00869443 0.00869443 0.64268781 0.00869443
 0.00869443 0.00869443 0.00869443 0.00869443 0.00869443 0.00869443]
客户端选择掩码: [1.0, 1.0, 1.0, 1.0, 1.0, 0.0, 0.0, 0.0, 1.0, 1.0, 1.0, 1.0, 0.0, 1.0, 1.0, 1.0, 1.0, 1.0, 1.0, 1.0, 0.0, 0.0, 1.0, 1.0, 1.0, 1.0, 0.0, 1.0, 0.0, 0.0]
/mnt/data/user_liangzhiyu/envs/fedcsl/lib/python3.8/site-packages/sklearn/utils/validation.py:63: RuntimeWarning:  Orthogonal matching pursuit ended prematurely due to linear
dependence in the dictionary. The requested precision might not have been met.

  return f(*args, **kwargs)
稀疏向量: [ 0.          0.          0.          0.         -0.46173024  0.
  0.          0.          0.          1.61659433 -0.15306296  0.
  0.          0.          0.          0.          0.          0.
  0.          0.          0.          0.          0.          0.
  0.          0.          0.          0.          0.          0.        ]
更新后概率: [0.00876683 0.00876683 0.00876683 0.00876683 0.13715235 0.00876683
 0.00876683 0.00876683 0.00876683 0.46987577 0.04586906 0.00876683
 0.00876683 0.01524541 0.00876683 0.00876683 0.00876683 0.00876683
 0.00876683 0.00876683 0.00876683 0.00876683 0.11268669 0.00876683
 0.00876683 0.00876683 0.00876683 0.00876683 0.00876683 0.00876683]
Classification: 0.9994898826730148 0.9423142178486597 488
本轮采样概率阵: [0.00876683 0.00876683 0.00876683 0.00876683 0.13715235 0.00876683
 0.00876683 0.00876683 0.00876683 0.46987577 0.04586906 0.00876683
 0.00876683 0.01524541 0.00876683 0.00876683 0.00876683 0.00876683
 0.00876683 0.00876683 0.00876683 0.00876683 0.11268669 0.00876683
 0.00876683 0.00876683 0.00876683 0.00876683 0.00876683 0.00876683]
客户端选择掩码: [1.0, 0.0, 0.0, 1.0, 1.0, 1.0, 0.0, 1.0, 1.0, 1.0, 1.0, 1.0, 1.0, 1.0, 1.0, 0.0, 1.0, 0.0, 1.0, 0.0, 1.0, 1.0, 1.0, 1.0, 1.0, 1.0, 1.0, 0.0, 0.0, 0.0]
/mnt/data/user_liangzhiyu/envs/fedcsl/lib/python3.8/site-packages/sklearn/utils/validation.py:63: RuntimeWarning:  Orthogonal matching pursuit ended prematurely due to linear
dependence in the dictionary. The requested precision might not have been met.

  return f(*args, **kwargs)
稀疏向量: [-0.02993938  0.          0.          0.          0.          0.
  0.          0.          0.          0.          0.          0.
  0.          0.          0.          0.          0.          0.
  0.          0.          0.          0.          0.          0.
  1.03077766  0.          0.          0.          0.          0.        ]
更新后概率: [0.01988156 0.00881579 0.00881579 0.00881579 0.02418213 0.00881579
 0.00881579 0.00881579 0.00881579 0.08284652 0.00881579 0.00881579
 0.00881579 0.00881579 0.00881579 0.00881579 0.00881579 0.00881579
 0.00881579 0.00881579 0.00881579 0.00881579 0.01986845 0.00881579
 0.63282662 0.00881579 0.00881579 0.00881579 0.00881579 0.00881579]
Classification: 0.9993198435640197 0.9450288428910757 489
本轮采样概率阵: [0.01988156 0.00881579 0.00881579 0.00881579 0.02418213 0.00881579
 0.00881579 0.00881579 0.00881579 0.08284652 0.00881579 0.00881579
 0.00881579 0.00881579 0.00881579 0.00881579 0.00881579 0.00881579
 0.00881579 0.00881579 0.00881579 0.00881579 0.01986845 0.00881579
 0.63282662 0.00881579 0.00881579 0.00881579 0.00881579 0.00881579]
客户端选择掩码: [1.0, 1.0, 1.0, 1.0, 1.0, 1.0, 1.0, 1.0, 1.0, 1.0, 1.0, 0.0, 1.0, 1.0, 0.0, 1.0, 0.0, 0.0, 0.0, 1.0, 0.0, 1.0, 1.0, 1.0, 1.0, 0.0, 1.0, 0.0, 0.0, 1.0]
/mnt/data/user_liangzhiyu/envs/fedcsl/lib/python3.8/site-packages/sklearn/utils/validation.py:63: RuntimeWarning:  Orthogonal matching pursuit ended prematurely due to linear
dependence in the dictionary. The requested precision might not have been met.

  return f(*args, **kwargs)
稀疏向量: [ 0.          0.          0.          0.         -0.9968011   0.
  0.          0.          0.          0.          0.          0.
  0.          0.          0.          0.         -0.22701108  0.
  0.          0.          0.          0.          0.          0.
  2.2255998   0.          0.          0.          0.          0.        ]
更新后概率: [0.00866178 0.00866178 0.00866178 0.00866178 0.20153335 0.00866178
 0.00866178 0.00866178 0.00866178 0.01435197 0.00866178 0.00866178
 0.00866178 0.00866178 0.00866178 0.00866178 0.00866178 0.00866178
 0.00866178 0.00866178 0.00866178 0.00866178 0.00866178 0.00866178
 0.55024667 0.00866178 0.00866178 0.00866178 0.00866178 0.00866178]
Classification: 0.9996599217820099 0.9450288428910757 490
本轮采样概率阵: [0.00866178 0.00866178 0.00866178 0.00866178 0.20153335 0.00866178
 0.00866178 0.00866178 0.00866178 0.01435197 0.00866178 0.00866178
 0.00866178 0.00866178 0.00866178 0.00866178 0.00866178 0.00866178
 0.00866178 0.00866178 0.00866178 0.00866178 0.00866178 0.00866178
 0.55024667 0.00866178 0.00866178 0.00866178 0.00866178 0.00866178]
客户端选择掩码: [0.0, 1.0, 1.0, 1.0, 1.0, 1.0, 0.0, 1.0, 1.0, 1.0, 1.0, 1.0, 0.0, 0.0, 1.0, 0.0, 1.0, 1.0, 1.0, 0.0, 1.0, 0.0, 1.0, 0.0, 1.0, 0.0, 1.0, 1.0, 1.0, 1.0]
/mnt/data/user_liangzhiyu/envs/fedcsl/lib/python3.8/site-packages/sklearn/utils/validation.py:63: RuntimeWarning:  Orthogonal matching pursuit ended prematurely due to linear
dependence in the dictionary. The requested precision might not have been met.

  return f(*args, **kwargs)
稀疏向量: [-0.05164454  0.          0.          0.         -0.71497034  0.
  0.          0.          0.          0.          0.          0.
  0.          0.          0.          0.          0.          0.
  0.          0.          0.          0.          0.          0.
  1.76776482  0.          0.          0.          0.          0.        ]
更新后概率: [0.00856171 0.00856171 0.00856171 0.00856171 0.21637882 0.00856171
 0.00856171 0.00856171 0.00856171 0.00856171 0.00856171 0.00856171
 0.00856171 0.00856171 0.00856171 0.00856171 0.00856171 0.00856171
 0.00856171 0.00856171 0.00856171 0.00856171 0.00856171 0.00856171
 0.54389334 0.00856171 0.00856171 0.00856171 0.00856171 0.00856171]
Classification: 0.9994898826730148 0.9443501866304717 491
本轮采样概率阵: [0.00856171 0.00856171 0.00856171 0.00856171 0.21637882 0.00856171
 0.00856171 0.00856171 0.00856171 0.00856171 0.00856171 0.00856171
 0.00856171 0.00856171 0.00856171 0.00856171 0.00856171 0.00856171
 0.00856171 0.00856171 0.00856171 0.00856171 0.00856171 0.00856171
 0.54389334 0.00856171 0.00856171 0.00856171 0.00856171 0.00856171]
客户端选择掩码: [1.0, 1.0, 0.0, 0.0, 1.0, 1.0, 0.0, 1.0, 1.0, 1.0, 1.0, 0.0, 1.0, 0.0, 1.0, 1.0, 1.0, 1.0, 0.0, 1.0, 1.0, 0.0, 0.0, 1.0, 1.0, 0.0, 1.0, 1.0, 1.0, 1.0]
/mnt/data/user_liangzhiyu/envs/fedcsl/lib/python3.8/site-packages/sklearn/utils/validation.py:63: RuntimeWarning:  Orthogonal matching pursuit ended prematurely due to linear
dependence in the dictionary. The requested precision might not have been met.

  return f(*args, **kwargs)
稀疏向量: [-0.04299211  0.          0.          0.         -1.17619814  0.
  0.          0.          0.          0.          0.          0.
  0.          0.          0.          0.          0.          0.
  0.          0.          0.          0.          0.          0.
  0.          0.          0.          0.          0.          2.22142313]
更新后概率: [0.00948008 0.00866675 0.00866675 0.00866675 0.25626537 0.00866675
 0.00866675 0.00866675 0.00866675 0.00866675 0.00866675 0.00866675
 0.00866675 0.00866675 0.00866675 0.00866675 0.00866675 0.00866675
 0.00866675 0.00866675 0.00866675 0.00866675 0.00866675 0.00866675
 0.09427578 0.00866675 0.00866675 0.00866675 0.00866675 0.41464322]
Classification: 0.9996599217820099 0.9446895147607737 492
本轮采样概率阵: [0.00948008 0.00866675 0.00866675 0.00866675 0.25626537 0.00866675
 0.00866675 0.00866675 0.00866675 0.00866675 0.00866675 0.00866675
 0.00866675 0.00866675 0.00866675 0.00866675 0.00866675 0.00866675
 0.00866675 0.00866675 0.00866675 0.00866675 0.00866675 0.00866675
 0.09427578 0.00866675 0.00866675 0.00866675 0.00866675 0.41464322]
客户端选择掩码: [1.0, 0.0, 1.0, 1.0, 1.0, 1.0, 1.0, 0.0, 1.0, 1.0, 0.0, 1.0, 0.0, 0.0, 1.0, 1.0, 0.0, 1.0, 1.0, 1.0, 1.0, 0.0, 1.0, 1.0, 1.0, 1.0, 1.0, 0.0, 0.0, 1.0]
/mnt/data/user_liangzhiyu/envs/fedcsl/lib/python3.8/site-packages/sklearn/utils/validation.py:63: RuntimeWarning:  Orthogonal matching pursuit ended prematurely due to linear
dependence in the dictionary. The requested precision might not have been met.

  return f(*args, **kwargs)
稀疏向量: [ 0.          0.          0.          0.         -1.30253053  0.
  0.          0.          0.          0.          0.          0.
  0.          0.          0.          0.          0.          0.
  0.          0.          0.          0.         -0.32732798  0.
  2.63240252  0.          0.          0.          0.          0.        ]
更新后概率: [0.00867777 0.00867777 0.00867777 0.00867777 0.24007974 0.00867777
 0.00867777 0.00867777 0.00867777 0.00867777 0.00867777 0.00867777
 0.00867777 0.00867777 0.00867777 0.00867777 0.00867777 0.00867777
 0.00867777 0.00867777 0.00867777 0.00867777 0.05065963 0.00867777
 0.41167498 0.00867777 0.00867777 0.00867777 0.00867777 0.07196358]
Classification: 0.999829960891005 0.9436715303698676 493
本轮采样概率阵: [0.00867777 0.00867777 0.00867777 0.00867777 0.24007974 0.00867777
 0.00867777 0.00867777 0.00867777 0.00867777 0.00867777 0.00867777
 0.00867777 0.00867777 0.00867777 0.00867777 0.00867777 0.00867777
 0.00867777 0.00867777 0.00867777 0.00867777 0.05065963 0.00867777
 0.41167498 0.00867777 0.00867777 0.00867777 0.00867777 0.07196358]
客户端选择掩码: [1.0, 1.0, 0.0, 0.0, 1.0, 1.0, 1.0, 0.0, 1.0, 1.0, 1.0, 0.0, 1.0, 1.0, 0.0, 1.0, 1.0, 1.0, 0.0, 0.0, 1.0, 0.0, 1.0, 1.0, 1.0, 1.0, 1.0, 0.0, 1.0, 1.0]
/mnt/data/user_liangzhiyu/envs/fedcsl/lib/python3.8/site-packages/sklearn/utils/validation.py:63: RuntimeWarning:  Orthogonal matching pursuit ended prematurely due to linear
dependence in the dictionary. The requested precision might not have been met.

  return f(*args, **kwargs)
稀疏向量: [ 0.0610914   0.          0.          0.         -0.28932425  1.22712439
  0.          0.          0.          0.          0.          0.
  0.          0.          0.          0.          0.          0.
  0.          0.          0.          0.          0.          0.
  0.          0.          0.          0.          0.          0.        ]
更新后概率: [0.02667264 0.00880385 0.00880385 0.00880385 0.16135582 0.5066015
 0.00880385 0.00880385 0.00880385 0.00880385 0.00880385 0.00880385
 0.00880385 0.00880385 0.00880385 0.00880385 0.00880385 0.00880385
 0.00880385 0.00880385 0.00880385 0.00880385 0.00892    0.00880385
 0.0724865  0.00880385 0.00880385 0.00880385 0.00880385 0.01267114]
Classification: 0.9996599217820099 0.9436715303698676 494
本轮采样概率阵: [0.02667264 0.00880385 0.00880385 0.00880385 0.16135582 0.5066015
 0.00880385 0.00880385 0.00880385 0.00880385 0.00880385 0.00880385
 0.00880385 0.00880385 0.00880385 0.00880385 0.00880385 0.00880385
 0.00880385 0.00880385 0.00880385 0.00880385 0.00892    0.00880385
 0.0724865  0.00880385 0.00880385 0.00880385 0.00880385 0.01267114]
客户端选择掩码: [1.0, 1.0, 1.0, 0.0, 1.0, 1.0, 0.0, 1.0, 1.0, 1.0, 0.0, 1.0, 0.0, 0.0, 1.0, 1.0, 0.0, 1.0, 1.0, 1.0, 0.0, 0.0, 0.0, 1.0, 1.0, 1.0, 1.0, 1.0, 1.0, 1.0]
/mnt/data/user_liangzhiyu/envs/fedcsl/lib/python3.8/site-packages/sklearn/utils/validation.py:63: RuntimeWarning:  Orthogonal matching pursuit ended prematurely due to linear
dependence in the dictionary. The requested precision might not have been met.

  return f(*args, **kwargs)
稀疏向量: [ 0.          0.         -1.12737153  0.          0.          0.
  0.          0.          0.          0.          0.          0.
  0.          0.          0.          0.          0.          0.
  0.          0.          0.          0.          0.          0.
  0.          0.          0.          0.          2.13129854  0.        ]
更新后概率: [0.00878635 0.00878635 0.22542902 0.00878635 0.02835456 0.08902352
 0.00878635 0.00878635 0.00878635 0.00878635 0.00878635 0.00878635
 0.00878635 0.00878635 0.00878635 0.00878635 0.00878635 0.00878635
 0.00878635 0.00878635 0.00878635 0.00878635 0.00878635 0.00878635
 0.01273783 0.00878635 0.00878635 0.00878635 0.42479643 0.00878635]
Classification: 0.999829960891005 0.9436715303698676 495
本轮采样概率阵: [0.00878635 0.00878635 0.22542902 0.00878635 0.02835456 0.08902352
 0.00878635 0.00878635 0.00878635 0.00878635 0.00878635 0.00878635
 0.00878635 0.00878635 0.00878635 0.00878635 0.00878635 0.00878635
 0.00878635 0.00878635 0.00878635 0.00878635 0.00878635 0.00878635
 0.01273783 0.00878635 0.00878635 0.00878635 0.42479643 0.00878635]
客户端选择掩码: [0.0, 1.0, 1.0, 0.0, 1.0, 1.0, 1.0, 0.0, 1.0, 1.0, 1.0, 1.0, 1.0, 1.0, 1.0, 1.0, 1.0, 1.0, 0.0, 0.0, 1.0, 1.0, 0.0, 0.0, 1.0, 0.0, 1.0, 0.0, 1.0, 1.0]
/mnt/data/user_liangzhiyu/envs/fedcsl/lib/python3.8/site-packages/sklearn/utils/validation.py:63: RuntimeWarning:  Orthogonal matching pursuit ended prematurely due to linear
dependence in the dictionary. The requested precision might not have been met.

  return f(*args, **kwargs)
稀疏向量: [-0.12944352  0.          0.          0.          0.          0.
  0.          0.          0.          0.          0.          0.
  0.          0.          0.          0.          0.          1.13035604
  0.          0.          0.          0.          0.          0.
  0.          0.          0.          0.          0.          0.        ]
更新后概率: [0.00872338 0.00872338 0.03933005 0.00872338 0.00872338 0.01553172
 0.00872338 0.00872338 0.00872338 0.00872338 0.00872338 0.00872338
 0.00872338 0.00872338 0.00872338 0.00872338 0.00872338 0.6442173
 0.00872338 0.00872338 0.00872338 0.00872338 0.00872338 0.00872338
 0.00872338 0.00872338 0.00872338 0.00872338 0.07411318 0.00872338]
Classification: 0.9996599217820099 0.9440108585001696 496
本轮采样概率阵: [0.00872338 0.00872338 0.03933005 0.00872338 0.00872338 0.01553172
 0.00872338 0.00872338 0.00872338 0.00872338 0.00872338 0.00872338
 0.00872338 0.00872338 0.00872338 0.00872338 0.00872338 0.6442173
 0.00872338 0.00872338 0.00872338 0.00872338 0.00872338 0.00872338
 0.00872338 0.00872338 0.00872338 0.00872338 0.07411318 0.00872338]
客户端选择掩码: [0.0, 1.0, 1.0, 0.0, 1.0, 1.0, 0.0, 1.0, 1.0, 0.0, 1.0, 1.0, 1.0, 0.0, 1.0, 0.0, 1.0, 1.0, 1.0, 1.0, 0.0, 0.0, 1.0, 0.0, 1.0, 1.0, 1.0, 1.0, 1.0, 1.0]
/mnt/data/user_liangzhiyu/envs/fedcsl/lib/python3.8/site-packages/sklearn/utils/validation.py:63: RuntimeWarning:  Orthogonal matching pursuit ended prematurely due to linear
dependence in the dictionary. The requested precision might not have been met.

  return f(*args, **kwargs)
稀疏向量: [-0.1698316   0.          0.          0.         -0.37591762  3.45655311
  0.          0.          0.          0.         -1.91372828  0.
  0.          0.          0.          0.          0.          0.
  0.          0.          0.          0.          0.          0.
  0.          0.          0.          0.          0.          0.        ]
更新后概率: [0.00879157 0.00879157 0.00879157 0.00879157 0.04393315 0.39259157
 0.00879157 0.00879157 0.00879157 0.00879157 0.21738103 0.00879157
 0.00879157 0.00879157 0.00879157 0.00879157 0.00879157 0.11327361
 0.00879157 0.00879157 0.00879157 0.00879157 0.00879157 0.00879157
 0.00879157 0.00879157 0.00879157 0.00879157 0.01303142 0.00879157]
Classification: 0.9994898826730148 0.9440108585001696 497
本轮采样概率阵: [0.00879157 0.00879157 0.00879157 0.00879157 0.04393315 0.39259157
 0.00879157 0.00879157 0.00879157 0.00879157 0.21738103 0.00879157
 0.00879157 0.00879157 0.00879157 0.00879157 0.00879157 0.11327361
 0.00879157 0.00879157 0.00879157 0.00879157 0.00879157 0.00879157
 0.00879157 0.00879157 0.00879157 0.00879157 0.01303142 0.00879157]
客户端选择掩码: [1.0, 1.0, 1.0, 1.0, 1.0, 1.0, 0.0, 0.0, 1.0, 1.0, 1.0, 0.0, 1.0, 1.0, 0.0, 0.0, 1.0, 1.0, 1.0, 1.0, 1.0, 0.0, 0.0, 0.0, 0.0, 1.0, 1.0, 1.0, 1.0, 1.0]
/mnt/data/user_liangzhiyu/envs/fedcsl/lib/python3.8/site-packages/sklearn/utils/validation.py:63: RuntimeWarning:  Orthogonal matching pursuit ended prematurely due to linear
dependence in the dictionary. The requested precision might not have been met.

  return f(*args, **kwargs)
稀疏向量: [ 0.          0.          0.          0.         -3.84288613  0.
  0.          0.          0.          0.          0.          0.
 -2.2361917   0.          0.          0.          0.          0.
  0.          0.          0.          0.          0.          0.
  7.08415905  0.          0.          0.          0.          0.        ]
更新后概率: [0.00875737 0.00875737 0.00875737 0.00875737 0.41553003 0.06876142
 0.00875737 0.00875737 0.00875737 0.00875737 0.03807374 0.00875737
 0.23886088 0.00875737 0.00875737 0.00875737 0.00875737 0.01983959
 0.00875737 0.00875737 0.00875737 0.00875737 0.00875737 0.00875737
 0.00875737 0.00875737 0.00875737 0.00875737 0.00875737 0.00875737]
Classification: 0.9996599217820099 0.9426535459789617 498
本轮采样概率阵: [0.00875737 0.00875737 0.00875737 0.00875737 0.41553003 0.06876142
 0.00875737 0.00875737 0.00875737 0.00875737 0.03807374 0.00875737
 0.23886088 0.00875737 0.00875737 0.00875737 0.00875737 0.01983959
 0.00875737 0.00875737 0.00875737 0.00875737 0.00875737 0.00875737
 0.00875737 0.00875737 0.00875737 0.00875737 0.00875737 0.00875737]
客户端选择掩码: [1.0, 1.0, 1.0, 0.0, 1.0, 1.0, 1.0, 0.0, 0.0, 0.0, 0.0, 1.0, 1.0, 0.0, 1.0, 1.0, 1.0, 1.0, 1.0, 0.0, 1.0, 1.0, 0.0, 1.0, 1.0, 0.0, 1.0, 1.0, 1.0, 1.0]
/mnt/data/user_liangzhiyu/envs/fedcsl/lib/python3.8/site-packages/sklearn/utils/validation.py:63: RuntimeWarning:  Orthogonal matching pursuit ended prematurely due to linear
dependence in the dictionary. The requested precision might not have been met.

  return f(*args, **kwargs)
稀疏向量: [ 0.          0.          0.          0.          0.          0.
  0.          0.          0.          0.          0.          1.01736562
  0.          0.          0.          0.          0.          0.
  0.          0.          0.          0.         -0.01731529  0.
  0.          0.          0.          0.          0.          0.        ]
更新后概率: [0.00871119 0.00871119 0.00871119 0.00871119 0.07239519 0.01197988
 0.00871119 0.00871119 0.00871119 0.00871119 0.03316674 0.62306332
 0.04161523 0.00871119 0.00871119 0.00871119 0.00871119 0.00871119
 0.00871119 0.00871119 0.00871119 0.00871119 0.00871119 0.00871119
 0.00871119 0.00871119 0.00871119 0.00871119 0.00871119 0.00871119]
Classification: 0.999829960891005 0.9436715303698676 499
best round is 228, acc is 0.946725
Model saved to ./checkpoint/HAR/2026-01-31-21prob0.01_ema0.8_HAR_model.pt
