nohup: 忽略输入
/mnt/data/user_liangzhiyu/envs/fedcsl/lib/python3.8/site-packages/scipy/__init__.py:146: UserWarning: A NumPy version >=1.16.5 and <1.23.0 is required for this version of SciPy (detected version 1.23.5
  warnings.warn(f"A NumPy version >={np_minversion} and <{np_maxversion}"
[0.09514033 0.10277917 0.11127909 0.12035814 0.12964186 0.13872091
 0.14722083 0.15485967]
/data/user_lixiongfei/CSL-main/dataset_utils.py:133: FutureWarning: You are using `torch.load` with `weights_only=False` (the current default value), which uses the default pickle module implicitly. It is possible to construct malicious pickle data which will execute arbitrary code during unpickling (See https://github.com/pytorch/pytorch/blob/main/SECURITY.md#untrusted-models for more details). In a future release, the default value for `weights_only` will be flipped to `True`. This limits the functions that could be executed during unpickling. Arbitrary objects will no longer be allowed to be loaded via this mode unless they are explicitly allowlisted by the user via `torch.serialization.add_safe_globals`. We recommend you start setting `weights_only=True` for any use case where you don't have full control of the loaded file. Please open an issue on GitHub for any issues related to this experimental feature.
  X = torch.load("./HAR/train.pt")
/data/user_lixiongfei/CSL-main/dataset_utils.py:136: FutureWarning: You are using `torch.load` with `weights_only=False` (the current default value), which uses the default pickle module implicitly. It is possible to construct malicious pickle data which will execute arbitrary code during unpickling (See https://github.com/pytorch/pytorch/blob/main/SECURITY.md#untrusted-models for more details). In a future release, the default value for `weights_only` will be flipped to `True`. This limits the functions that could be executed during unpickling. Arbitrary objects will no longer be allowed to be loaded via this mode unless they are explicitly allowlisted by the user via `torch.serialization.add_safe_globals`. We recommend you start setting `weights_only=True` for any use case where you don't have full control of the loaded file. Please open an issue on GitHub for any issues related to this experimental feature.
  X2= torch.load("./HAR/test.pt")
[5 1 1 ... 0 4 0]
[  0   3   4   5   6   7   9  10  11  12  13  14  15  17  18  20  21  22
  23  24  25  27  28  29  30  31  33  34  35  36  37  38  39  45  47  48
  49  50  53  54  55  56  57  61  67  68  70  71  76  77  78  79  81  84
  87  92  93  94  98 101 103 104 105 108 109 111 114 115 116 119 121 122
 124 126 127 128 129 130 136 142 144 145 146 147 149 151 155 156 157 158
 159 160 161 162 164 165 167 168 169 171 174 176 177 180 184 185 186 187
 190 191 192 196 198 199 201 202 203 204 205 207 209 211 212 214 215 216
 217 219 220 222 223 225 228 229 230 231 234 235 238 240 242 243 246 253
 261 266 267 269 270 271 272 277 287 289 294 305 313 318 323 324 327 329]
[5, 4, 4, 0, 3, 4, 2, 3, 2, 3, 5, 3, 5, 5, 0, 2, 0, 4, 2, 5, 2, 5, 4, 3, 4, 3, 5, 4, 5, 0, 4, 3, 5, 5, 4, 4, 5, 3, 3, 5, 5, 4, 5, 4, 3, 3, 5, 4, 4, 4, 4, 5, 4, 5, 4, 5, 3, 3, 4, 5, 3, 5, 3, 4, 3, 3, 3, 3, 3, 4, 4, 4, 4, 5, 5, 5, 3, 3, 4, 4, 3, 5, 4, 3, 3, 4, 4, 5, 4, 4, 4, 4, 4, 4, 3, 3, 4, 5, 5, 5, 5, 3, 5, 5, 4, 4, 4, 4, 4, 4, 5, 3, 5, 5, 5, 4, 3, 5, 4, 5, 4, 3, 4, 3, 4, 3, 5, 3, 3, 3, 4, 5, 3, 5, 4, 5, 4, 4, 5, 3, 3, 4, 3, 3, 3, 3, 3, 3, 3, 3, 3, 3, 3, 3, 3, 3, 3, 3, 3, 3, 3, 3]
[1, 1, 1, 1, 1, 2, 1, 0, 1, 0, 2, 2, 1, 1, 0, 0, 0, 2, 0, 0, 0, 0, 0, 0, 2, 0, 1, 2, 1, 0, 0, 0, 0, 0, 0, 1, 0, 0, 1, 1, 1, 1, 0, 0, 1, 0, 0, 1, 0, 0, 0, 0, 0, 0, 0, 0, 5, 4, 5, 4, 5, 5, 4, 4, 5, 4, 5, 4, 5, 5, 5, 5, 4, 4, 4, 4, 4, 3, 3, 3, 3, 3, 3, 3, 3, 3, 3, 3, 3, 3, 3, 3, 3, 3, 3, 3, 3, 3, 3, 3, 3, 3, 3, 3, 3, 3, 3, 3, 3, 3, 3, 3, 3, 3, 3, 3, 3, 3, 3, 3, 3, 3, 3, 3, 3, 3, 3, 3, 3, 3, 3, 3, 3, 3, 3, 3, 3, 3, 3, 3]
[2, 2, 2, 2, 2, 2, 2, 2, 2, 1, 2, 1, 1, 1, 2, 1, 1, 2, 2, 2, 1, 2, 1, 1, 1, 1, 1, 2, 2, 1, 1, 1, 0, 2, 2, 0, 0, 2, 0, 2, 2, 0, 2, 2, 2, 2, 2, 2, 5, 2, 2, 2, 2, 5, 5, 2, 2, 5, 4, 2, 4, 4, 5, 4, 2, 5, 4, 4, 5, 2, 5, 4, 4, 2, 5, 5, 4, 4, 4, 4, 2, 5, 4, 2, 5, 4, 5, 5, 2, 4, 5, 5, 5, 5, 4, 5, 4, 4, 5, 5, 5, 5, 5, 5, 5, 5, 5, 4, 5, 4, 4, 5, 5, 4, 5, 4, 5, 4, 4, 5, 4, 4, 4, 4, 5, 5, 5, 5, 4, 4, 5, 5, 4, 4, 4, 4, 4, 4, 4, 4, 4, 4, 4, 4, 4, 4, 4, 4, 4, 4, 4, 4, 4, 4, 4, 4, 4, 4, 4, 4, 4, 4, 4, 4, 4, 4, 4, 4, 4, 4, 4, 3, 3, 3, 3, 3, 3, 3, 3, 3, 3, 3, 3, 3, 3, 3, 3, 3, 3, 3, 3, 3, 3, 3, 3, 3, 3, 3, 3, 3, 3, 3, 3, 3, 3, 3, 3, 3, 3, 3, 3, 3, 3, 3, 3, 3, 3, 3, 3, 3, 3, 3, 3, 3, 3, 3, 3, 3, 3, 3, 3, 3, 3, 3, 3, 3, 3, 3, 3, 3, 3, 3, 3, 3, 3, 3, 3, 3, 3, 3, 3, 3, 3, 3, 3, 3, 3, 3, 3, 3, 3]
FedCSL_Epilepsy.py:202: FutureWarning: You are using `torch.load` with `weights_only=False` (the current default value), which uses the default pickle module implicitly. It is possible to construct malicious pickle data which will execute arbitrary code during unpickling (See https://github.com/pytorch/pytorch/blob/main/SECURITY.md#untrusted-models for more details). In a future release, the default value for `weights_only` will be flipped to `True`. This limits the functions that could be executed during unpickling. Arbitrary objects will no longer be allowed to be loaded via this mode unless they are explicitly allowlisted by the user via `torch.serialization.add_safe_globals`. We recommend you start setting `weights_only=True` for any use case where you don't have full control of the loaded file. Please open an issue on GitHub for any issues related to this experimental feature.
  val_data = torch.load("./HAR/val.pt")
(5881, 9, 128)
(58, 9, 128)
1% 样本数量: 58
各类别出现次数:
 [11  7  5  4 19 12]
shapelet initialized! 

All 30 clinet initialized! 

clinet %d score: %f (0, 1.791759469228055)
clinet %d score: %f (1, 1.9459101490553132)
clinet %d score: %f (2, 1.9459101490553132)
clinet %d score: %f (3, 1.9459101490553132)
clinet %d score: %f (4, 1.791759469228055)
clinet %d score: %f (5, 1.9459101490553132)
clinet %d score: %f (6, 1.9459101490553132)
clinet %d score: %f (7, 1.9459101490553132)
clinet %d score: %f (8, 1.9459101490553132)
clinet %d score: %f (9, 1.9459101490553132)
clinet %d score: %f (10, 1.9459101490553132)
clinet %d score: %f (11, 1.9459101490553132)
clinet %d score: %f (12, 1.9459101490553132)
clinet %d score: %f (13, 1.9459101490553132)
clinet %d score: %f (14, 1.9459101490553132)
clinet %d score: %f (15, 1.9459101490553132)
clinet %d score: %f (16, 1.9459101490553132)
clinet %d score: %f (17, 1.9459101490553132)
clinet %d score: %f (18, 1.9459101490553132)
clinet %d score: %f (19, 1.9459101490553132)
clinet %d score: %f (20, 1.9459101490553132)
clinet %d score: %f (21, 1.9459101490553132)
clinet %d score: %f (22, 1.9459101490553132)
clinet %d score: %f (23, 1.791759469228055)
clinet %d score: %f (24, 1.9459101490553132)
clinet %d score: %f (25, 1.9459101490553132)
clinet %d score: %f (26, 1.9459101490553132)
clinet %d score: %f (27, 1.9459101490553132)
clinet %d score: %f (28, 1.791759469228055)
clinet %d score: %f (29, 1.9459101490553132)
客户端选择已启用，采样比例: 0.7, 选择方法: OMP自适应采样
最低选择概率: 0.01, EMA平滑系数: 1.0
第一轮：全选所有客户端（OMP自适应采样模式）
稀疏向量: [0.03756246 0.0352293  0.0482652  0.         0.         0.04518815
 0.05859449 0.04804267 0.         0.         0.04265759 0.03817348
 0.04613755 0.03537938 0.04449427 0.03427839 0.05154119 0.03401372
 0.04712284 0.06690375 0.04168082 0.05099825 0.06302677 0.05719717
 0.         0.         0.         0.04428846 0.         0.        ]
更新后概率: [0.03549838 0.03329343 0.045613   0.00917431 0.00917431 0.04270503
 0.05537469 0.04540269 0.00917431 0.00917431 0.04031353 0.03607582
 0.04360226 0.03343526 0.04204929 0.03239477 0.04870897 0.03214465
 0.04453342 0.06322735 0.03939043 0.04819587 0.05956342 0.05405415
 0.00917431 0.00917431 0.00917431 0.04185479 0.00917431 0.00917431]
Classification: 1.0 0.9229725144214456 0
本轮采样概率阵: [0.03549838 0.03329343 0.045613   0.00917431 0.00917431 0.04270503
 0.05537469 0.04540269 0.00917431 0.00917431 0.04031353 0.03607582
 0.04360226 0.03343526 0.04204929 0.03239477 0.04870897 0.03214465
 0.04453342 0.06322735 0.03939043 0.04819587 0.05956342 0.05405415
 0.00917431 0.00917431 0.00917431 0.04185479 0.00917431 0.00917431]
客户端选择掩码: [1.0, 1.0, 0.0, 1.0, 1.0, 1.0, 1.0, 1.0, 0.0, 0.0, 0.0, 1.0, 1.0, 1.0, 1.0, 1.0, 1.0, 1.0, 1.0, 1.0, 0.0, 1.0, 1.0, 1.0, 0.0, 0.0, 0.0, 1.0, 0.0, 1.0]
稀疏向量: [ 0.19763091  0.          0.          0.         -0.19227256  0.17984604
 -0.38953879  0.          0.55624452 -0.33639872  0.03353409  0.19173899
  0.          0.08438858  0.          0.4674536   0.22081183 -0.46521208
  0.35100088  0.10599499  0.59711861 -0.10920171  0.         -0.09194786
  0.          0.928738   -0.56543732  0.         -0.59213375 -0.17384926]
更新后概率: [0.04678547 0.00930272 0.04243251 0.00930272 0.04551697 0.04257522
 0.09221611 0.00930272 0.00930272 0.00930272 0.03750256 0.04539066
 0.00930272 0.01997744 0.00930272 0.110661   0.05227312 0.11013036
 0.08309297 0.02509235 0.03664383 0.02585149 0.00930272 0.02176696
 0.00930272 0.00930272 0.00930272 0.00930272 0.00930272 0.0411556 ]
Classification: 1.0 0.9243298269426535 1
本轮采样概率阵: [0.04678547 0.00930272 0.04243251 0.00930272 0.04551697 0.04257522
 0.09221611 0.00930272 0.00930272 0.00930272 0.03750256 0.04539066
 0.00930272 0.01997744 0.00930272 0.110661   0.05227312 0.11013036
 0.08309297 0.02509235 0.03664383 0.02585149 0.00930272 0.02176696
 0.00930272 0.00930272 0.00930272 0.00930272 0.00930272 0.0411556 ]
客户端选择掩码: [1.0, 0.0, 1.0, 1.0, 1.0, 1.0, 1.0, 1.0, 0.0, 0.0, 1.0, 0.0, 1.0, 1.0, 0.0, 1.0, 1.0, 1.0, 1.0, 1.0, 0.0, 1.0, 1.0, 1.0, 0.0, 0.0, 1.0, 1.0, 0.0, 1.0]
稀疏向量: [ 0.06120322  0.16651993  0.          0.         -0.05771531  0.44038239
  0.          0.          0.09373452  0.20987584  0.01943917  0.0923109
  0.          0.22624334  0.          0.          0.          0.22204492
 -0.12005277 -0.07216254  0.          0.24233676 -0.02803381 -0.05103732
 -0.2253851   0.08877764  0.2488431  -0.0388882  -0.33286705 -0.18898219]
更新后概率: [0.0240315  0.00928796 0.00928796 0.00928796 0.02266197 0.17291653
 0.00928796 0.00928796 0.00928796 0.00928796 0.00928796 0.04215865
 0.00928796 0.08883465 0.00928796 0.00928796 0.00928796 0.08718613
 0.04713883 0.02833468 0.03403463 0.09515374 0.0110075  0.02003985
 0.00928796 0.00928796 0.09770846 0.01526949 0.00928796 0.07420402]
Classification: 1.0 0.9290804207668816 2
本轮采样概率阵: [0.0240315  0.00928796 0.00928796 0.00928796 0.02266197 0.17291653
 0.00928796 0.00928796 0.00928796 0.00928796 0.00928796 0.04215865
 0.00928796 0.08883465 0.00928796 0.00928796 0.00928796 0.08718613
 0.04713883 0.02833468 0.03403463 0.09515374 0.0110075  0.02003985
 0.00928796 0.00928796 0.09770846 0.01526949 0.00928796 0.07420402]
客户端选择掩码: [1.0, 1.0, 0.0, 0.0, 1.0, 1.0, 1.0, 0.0, 1.0, 0.0, 1.0, 1.0, 0.0, 1.0, 0.0, 1.0, 0.0, 1.0, 1.0, 1.0, 1.0, 1.0, 1.0, 1.0, 1.0, 1.0, 1.0, 0.0, 0.0, 1.0]
稀疏向量: [ 0.          0.          0.          0.51847183  0.12644992  0.
  1.41330214  0.          0.49279385  0.         -0.19823687  0.04469917
  0.29169634  0.88976092  0.33108688  0.6347977  -0.56700765 -2.31483448
 -0.77068191 -1.26227081 -1.79456346  0.          0.74940921 -0.28588862
  0.         -1.22348325  0.          2.36337883  0.70948443  0.85039067]
更新后概率: [0.00931309 0.00931309 0.00931309 0.00931309 0.00931309 0.00931309
 0.0918145  0.00931309 0.03201412 0.00931309 0.01287836 0.00931309
 0.00931309 0.0578029  0.00931309 0.04123933 0.00931309 0.15038212
 0.05006698 0.08200282 0.11658296 0.00931309 0.04868501 0.01857262
 0.00931309 0.07948301 0.00931309 0.01422061 0.00931309 0.05524523]
Classification: 1.0 0.9307770614183916 3
本轮采样概率阵: [0.00931309 0.00931309 0.00931309 0.00931309 0.00931309 0.00931309
 0.0918145  0.00931309 0.03201412 0.00931309 0.01287836 0.00931309
 0.00931309 0.0578029  0.00931309 0.04123933 0.00931309 0.15038212
 0.05006698 0.08200282 0.11658296 0.00931309 0.04868501 0.01857262
 0.00931309 0.07948301 0.00931309 0.01422061 0.00931309 0.05524523]
客户端选择掩码: [1.0, 0.0, 0.0, 1.0, 1.0, 1.0, 1.0, 1.0, 1.0, 0.0, 0.0, 1.0, 0.0, 1.0, 1.0, 1.0, 0.0, 1.0, 1.0, 1.0, 1.0, 0.0, 0.0, 1.0, 1.0, 1.0, 1.0, 0.0, 1.0, 1.0]
稀疏向量: [-0.21575618  0.42900994  0.         -0.40947651  0.65829848  0.
  0.80275722  0.69292724 -0.36789047  0.          0.12566962  0.76346574
 -1.34395543  0.01047148  0.          0.          0.87101597  0.8015583
  0.73654162  0.         -0.72008498 -0.89603918 -0.17117527 -1.38471159
 -0.44383175  0.          0.          1.49675806  0.         -0.43776334]
更新后概率: [0.02048228 0.00923323 0.00923323 0.03887263 0.06249393 0.00923323
 0.07620776 0.06578132 0.03492476 0.00923323 0.01189089 0.07247772
 0.00923323 0.00923323 0.00923323 0.00923323 0.00923323 0.07609394
 0.06992174 0.00923323 0.06835947 0.00923323 0.04495198 0.13145414
 0.04213406 0.00923323 0.00923323 0.01313021 0.00923323 0.04155797]
Classification: 1.0 0.9304377332880895 4
本轮采样概率阵: [0.02048228 0.00923323 0.00923323 0.03887263 0.06249393 0.00923323
 0.07620776 0.06578132 0.03492476 0.00923323 0.01189089 0.07247772
 0.00923323 0.00923323 0.00923323 0.00923323 0.00923323 0.07609394
 0.06992174 0.00923323 0.06835947 0.00923323 0.04495198 0.13145414
 0.04213406 0.00923323 0.00923323 0.01313021 0.00923323 0.04155797]
客户端选择掩码: [1.0, 0.0, 1.0, 1.0, 1.0, 1.0, 1.0, 1.0, 0.0, 1.0, 1.0, 1.0, 0.0, 0.0, 0.0, 0.0, 1.0, 1.0, 1.0, 1.0, 1.0, 0.0, 0.0, 1.0, 1.0, 0.0, 1.0, 1.0, 1.0, 1.0]
稀疏向量: [ 0.2785594   0.         -0.43688404  0.79811983 -0.18228376  0.
 -1.25498935 -0.67346931  0.5344744   0.33664381 -0.46385308  0.
  0.16143574  0.          0.          0.          0.          0.
  1.59041985  2.64995708  1.14992226 -0.19342573 -0.83759749 -0.77359711
  0.20461555  0.         -1.02014501 -0.60841749 -0.6216358   0.36026809]
更新后概率: [0.01700736 0.00956601 0.02667382 0.04872896 0.01112928 0.00956601
 0.07662298 0.04111846 0.03340908 0.02055368 0.0283204  0.00956601
 0.00956601 0.00956601 0.00956601 0.00956601 0.00956601 0.00956601
 0.09710258 0.1617923  0.07020814 0.00956601 0.04300113 0.04723173
 0.01249274 0.00956601 0.06228463 0.03714674 0.03795378 0.02199605]
Classification: 1.0 0.9324737020699015 5
本轮采样概率阵: [0.01700736 0.00956601 0.02667382 0.04872896 0.01112928 0.00956601
 0.07662298 0.04111846 0.03340908 0.02055368 0.0283204  0.00956601
 0.00956601 0.00956601 0.00956601 0.00956601 0.00956601 0.00956601
 0.09710258 0.1617923  0.07020814 0.00956601 0.04300113 0.04723173
 0.01249274 0.00956601 0.06228463 0.03714674 0.03795378 0.02199605]
客户端选择掩码: [1.0, 1.0, 1.0, 1.0, 1.0, 1.0, 1.0, 1.0, 1.0, 1.0, 1.0, 0.0, 1.0, 0.0, 0.0, 0.0, 0.0, 0.0, 1.0, 1.0, 1.0, 1.0, 1.0, 1.0, 1.0, 0.0, 1.0, 1.0, 0.0, 0.0]
稀疏向量: [ 0.11469956  0.66397676  0.         -0.28905737 -0.03461361  0.77879804
 -0.64918628  1.184055   -1.22523853  0.          0.          0.
  0.26950089 -0.09693554  0.          0.          1.4093483   0.
  0.         -1.72427577  0.42571813  0.74600123 -0.13920502  0.43689005
 -1.0522033   0.          0.951922   -0.80334039  0.64476973 -0.61421261]
更新后概率: [0.0095085  0.04797916 0.0095085  0.02088737 0.0095085  0.05627618
 0.0469104  0.08556017 0.08853611 0.0095085  0.0095085  0.0095085
 0.01947422 0.0095085  0.0095085  0.0095085  0.0095085  0.0095085
 0.0095085  0.12459669 0.03076252 0.05390628 0.010059   0.03156981
 0.07603253 0.0095085  0.06878617 0.05804962 0.03608834 0.02091495]
Classification: 1.0 0.9300984051577876 6
本轮采样概率阵: [0.0095085  0.04797916 0.0095085  0.02088737 0.0095085  0.05627618
 0.0469104  0.08556017 0.08853611 0.0095085  0.0095085  0.0095085
 0.01947422 0.0095085  0.0095085  0.0095085  0.0095085  0.0095085
 0.0095085  0.12459669 0.03076252 0.05390628 0.010059   0.03156981
 0.07603253 0.0095085  0.06878617 0.05804962 0.03608834 0.02091495]
客户端选择掩码: [1.0, 1.0, 0.0, 0.0, 0.0, 1.0, 1.0, 1.0, 1.0, 0.0, 1.0, 1.0, 1.0, 1.0, 0.0, 0.0, 1.0, 1.0, 0.0, 1.0, 1.0, 1.0, 1.0, 1.0, 1.0, 0.0, 1.0, 1.0, 1.0, 0.0]
稀疏向量: [ 0.8192023   0.         -2.35252029  3.8632989  -1.13260272 -2.89634039
  0.          0.          1.95556352  0.          0.05186385  2.37158786
  0.          1.4449906   0.          0.          0.         -1.98148324
  0.          2.58965566  2.59918239  2.92075475 -1.93745335 -2.77691758
 -2.89827683 -8.37005825 -1.79995353  3.86245378  2.10001423  2.5699753 ]
更新后概率: [0.01964571 0.00941514 0.00941514 0.01966575 0.00941514 0.06945863
 0.00941514 0.00941514 0.04689737 0.00941514 0.00941514 0.05687427
 0.00941514 0.03465306 0.00941514 0.00941514 0.00941514 0.04751897
 0.00941514 0.06210386 0.06233233 0.07004412 0.04646306 0.06659469
 0.06950507 0.00941514 0.04316561 0.09262749 0.05036152 0.01969171]
Classification: 1.0 0.9300984051577876 7
本轮采样概率阵: [0.01964571 0.00941514 0.00941514 0.01966575 0.00941514 0.06945863
 0.00941514 0.00941514 0.04689737 0.00941514 0.00941514 0.05687427
 0.00941514 0.03465306 0.00941514 0.00941514 0.00941514 0.04751897
 0.00941514 0.06210386 0.06233233 0.07004412 0.04646306 0.06659469
 0.06950507 0.00941514 0.04316561 0.09262749 0.05036152 0.01969171]
客户端选择掩码: [1.0, 1.0, 1.0, 1.0, 1.0, 1.0, 1.0, 0.0, 1.0, 0.0, 0.0, 1.0, 1.0, 0.0, 0.0, 1.0, 0.0, 0.0, 0.0, 1.0, 1.0, 1.0, 1.0, 1.0, 1.0, 0.0, 1.0, 1.0, 1.0, 1.0]
稀疏向量: [ 0.79971913  0.         -1.40069198  1.54213017 -0.16777047  0.
 -1.33841385 -3.46595048  1.30822869 -2.75871261 -0.15895227  0.
  0.37805603 -1.42296539 -2.30302028  0.         -1.07004773 -1.56828914
  0.96800807  0.          5.72468186  0.          0.          4.15970346
 -3.32658729  0.          2.19691624  0.16026123  2.73970423  0.        ]
更新后概率: [0.02469274 0.00914894 0.04324884 0.04761599 0.00914894 0.00914894
 0.04132589 0.00914894 0.04039387 0.00914894 0.00914894 0.00914894
 0.01167315 0.03170386 0.00914894 0.00914894 0.00914894 0.0434748
 0.00914894 0.00914894 0.17675965 0.00914894 0.00914894 0.12843818
 0.10271425 0.00914894 0.06783366 0.00914894 0.0845932  0.00914894]
Classification: 1.0 0.9321343739395996 8
本轮采样概率阵: [0.02469274 0.00914894 0.04324884 0.04761599 0.00914894 0.00914894
 0.04132589 0.00914894 0.04039387 0.00914894 0.00914894 0.00914894
 0.01167315 0.03170386 0.00914894 0.00914894 0.00914894 0.0434748
 0.00914894 0.00914894 0.17675965 0.00914894 0.00914894 0.12843818
 0.10271425 0.00914894 0.06783366 0.00914894 0.0845932  0.00914894]
客户端选择掩码: [1.0, 0.0, 1.0, 1.0, 1.0, 0.0, 1.0, 1.0, 1.0, 0.0, 0.0, 1.0, 1.0, 1.0, 0.0, 0.0, 0.0, 1.0, 1.0, 0.0, 1.0, 1.0, 1.0, 1.0, 1.0, 1.0, 1.0, 1.0, 1.0, 0.0]
稀疏向量: [-0.22790998  0.         -0.31016272 -0.89647457 -0.34558108  0.
  0.81892724  0.          0.          0.         -0.93361181 -0.53456119
 -0.86310203  0.71682744 -0.81777956  0.         -0.81076087 -1.14218368
  1.97862752 -1.96689854  0.         -0.38137635  1.18037952  1.81099834
  1.06579237  4.48867959  0.98023525  0.         -2.81765766  0.        ]
更新后概率: [0.00970985 0.00954509 0.01321414 0.03819331 0.0147231  0.00954509
 0.03488949 0.00954509 0.00954509 0.00954509 0.00954509 0.02277439
 0.03677151 0.03053964 0.00954509 0.00954509 0.00954509 0.04866148
 0.08429725 0.00954509 0.00954509 0.01624812 0.05028877 0.07715559
 0.04540691 0.19123526 0.04176184 0.00954509 0.12004321 0.00954509]
Classification: 1.0 0.9317950458092976 9
本轮采样概率阵: [0.00970985 0.00954509 0.01321414 0.03819331 0.0147231  0.00954509
 0.03488949 0.00954509 0.00954509 0.00954509 0.00954509 0.02277439
 0.03677151 0.03053964 0.00954509 0.00954509 0.00954509 0.04866148
 0.08429725 0.00954509 0.00954509 0.01624812 0.05028877 0.07715559
 0.04540691 0.19123526 0.04176184 0.00954509 0.12004321 0.00954509]
客户端选择掩码: [1.0, 1.0, 0.0, 1.0, 0.0, 0.0, 1.0, 1.0, 1.0, 1.0, 1.0, 0.0, 1.0, 1.0, 0.0, 1.0, 0.0, 1.0, 1.0, 0.0, 0.0, 1.0, 1.0, 1.0, 1.0, 1.0, 1.0, 1.0, 1.0, 0.0]
稀疏向量: [ 1.4407009   0.          0.         -2.03341399  0.1623451  -2.04104177
  3.75766754  0.          0.         -2.73942753  1.28569279  1.66388944
 -2.25004723  0.          0.          0.          4.61881546 -2.94269066
  0.         -3.6909621   3.91537904 -3.67980266 -0.25487862 -1.39326777
  6.85051329  0.         -3.18805222  2.83145793  3.89974918 -5.20850763]
更新后概率: [0.03096029 0.0092865  0.01227132 0.04369754 0.01367262 0.0092865
 0.0807513  0.0092865  0.0092865  0.05886959 0.0276292  0.02114945
 0.04835293 0.0092865  0.0092865  0.0092865  0.0092865  0.06323766
 0.0092865  0.0092865  0.0092865  0.07907801 0.0092865  0.02994096
 0.14721575 0.0092865  0.06851042 0.0608473  0.0838046  0.0092865 ]
Classification: 1.0 0.9328130302002036 10
本轮采样概率阵: [0.03096029 0.0092865  0.01227132 0.04369754 0.01367262 0.0092865
 0.0807513  0.0092865  0.0092865  0.05886959 0.0276292  0.02114945
 0.04835293 0.0092865  0.0092865  0.0092865  0.0092865  0.06323766
 0.0092865  0.0092865  0.0092865  0.07907801 0.0092865  0.02994096
 0.14721575 0.0092865  0.06851042 0.0608473  0.0838046  0.0092865 ]
客户端选择掩码: [1.0, 0.0, 1.0, 0.0, 1.0, 1.0, 1.0, 0.0, 0.0, 1.0, 1.0, 0.0, 1.0, 1.0, 0.0, 1.0, 0.0, 1.0, 0.0, 1.0, 1.0, 1.0, 0.0, 1.0, 1.0, 1.0, 1.0, 1.0, 1.0, 1.0]
稀疏向量: [-0.56868993  0.         -1.29932485  3.34809636  2.91606511  1.90518479
  1.42071101 -2.2886007  -1.89454959  1.68909169 -1.20199061  0.
 -0.63764876 -0.57178943  0.          0.          0.          2.54653424
  0.          0.         -4.55130753 -3.12128765  2.33011199  1.33433346
 -0.99320692 -3.73285453  1.01668197  0.          0.          3.36714839]
更新后概率: [0.01440469 0.00956943 0.03291138 0.04181605 0.07386276 0.04825756
 0.03598604 0.00956943 0.00956943 0.04278401 0.03044594 0.02023882
 0.01615139 0.0144832  0.00956943 0.00956943 0.00956943 0.06450269
 0.00956943 0.00956943 0.11528279 0.07906096 0.00956943 0.03379813
 0.02515753 0.0945517  0.02575215 0.00956943 0.00956943 0.08528851]
Classification: 1.0 0.9328130302002036 11
本轮采样概率阵: [0.01440469 0.00956943 0.03291138 0.04181605 0.07386276 0.04825756
 0.03598604 0.00956943 0.00956943 0.04278401 0.03044594 0.02023882
 0.01615139 0.0144832  0.00956943 0.00956943 0.00956943 0.06450269
 0.00956943 0.00956943 0.11528279 0.07906096 0.00956943 0.03379813
 0.02515753 0.0945517  0.02575215 0.00956943 0.00956943 0.08528851]
客户端选择掩码: [1.0, 1.0, 1.0, 1.0, 1.0, 1.0, 1.0, 1.0, 0.0, 1.0, 1.0, 0.0, 0.0, 0.0, 0.0, 1.0, 0.0, 1.0, 1.0, 0.0, 1.0, 1.0, 0.0, 1.0, 1.0, 1.0, 1.0, 1.0, 0.0, 1.0]
稀疏向量: [ 1.09065046 -1.71252044  0.          0.          2.12510749  0.
 -1.94552176  0.          2.42496945 -3.11227622 -1.3692921   2.16971884
  0.         -1.325155    0.         -1.44973409  4.53151302 -2.94371731
 -2.64201473 -0.06479964  1.4152624  -3.42091194  0.67565166  1.95548328
  0.          0.          0.81303473  0.          4.96234355 -1.18998781]
更新后概率: [0.03335344 0.05237099 0.00932328 0.00932328 0.06498841 0.00932328
 0.05949646 0.00932328 0.00932328 0.09517725 0.04187464 0.01886922
 0.0150584  0.0135031  0.00932328 0.04433466 0.00932328 0.09002251
 0.08079607 0.00932328 0.04328047 0.10461571 0.00932328 0.05980109
 0.00932328 0.00932328 0.02486361 0.00932328 0.00932328 0.0363913 ]
Classification: 1.0 0.9358669833729216 12
本轮采样概率阵: [0.03335344 0.05237099 0.00932328 0.00932328 0.06498841 0.00932328
 0.05949646 0.00932328 0.00932328 0.09517725 0.04187464 0.01886922
 0.0150584  0.0135031  0.00932328 0.04433466 0.00932328 0.09002251
 0.08079607 0.00932328 0.04328047 0.10461571 0.00932328 0.05980109
 0.00932328 0.00932328 0.02486361 0.00932328 0.00932328 0.0363913 ]
客户端选择掩码: [1.0, 1.0, 0.0, 1.0, 1.0, 1.0, 1.0, 0.0, 0.0, 1.0, 1.0, 1.0, 0.0, 0.0, 1.0, 1.0, 0.0, 1.0, 1.0, 1.0, 1.0, 1.0, 0.0, 1.0, 1.0, 1.0, 1.0, 0.0, 0.0, 1.0]
稀疏向量: [ 1.25434499  0.          1.81963361 -1.52814672 -0.0160271   0.
  0.          0.          0.         -2.84511354 -1.0510931   0.
 -0.56672988  0.98002448  3.18378157  0.          0.         -0.72407753
 -3.36702927  0.         -1.85569451 -3.43901405  0.64319384  0.68712945
  2.23131994  4.73028267  1.85630666  2.64069868 -6.13090138  2.48232667]
更新后概率: [0.03385645 0.00930863 0.00930863 0.04124673 0.00930863 0.00930863
 0.00930863 0.00930863 0.00930863 0.07679343 0.02837041 0.00930863
 0.0140173  0.01256953 0.08593454 0.00930863 0.00930863 0.01954382
 0.09088064 0.00930863 0.05008768 0.0928236  0.00930863 0.01854655
 0.06022632 0.12767668 0.05010421 0.00930863 0.00930863 0.06700133]
Classification: 0.9991498044550247 0.9348489989820156 13
本轮采样概率阵: [0.03385645 0.00930863 0.00930863 0.04124673 0.00930863 0.00930863
 0.00930863 0.00930863 0.00930863 0.07679343 0.02837041 0.00930863
 0.0140173  0.01256953 0.08593454 0.00930863 0.00930863 0.01954382
 0.09088064 0.00930863 0.05008768 0.0928236  0.00930863 0.01854655
 0.06022632 0.12767668 0.05010421 0.00930863 0.00930863 0.06700133]
客户端选择掩码: [1.0, 1.0, 1.0, 1.0, 0.0, 1.0, 0.0, 0.0, 1.0, 1.0, 1.0, 0.0, 0.0, 1.0, 1.0, 1.0, 0.0, 1.0, 1.0, 0.0, 1.0, 1.0, 0.0, 1.0, 1.0, 1.0, 1.0, 1.0, 0.0, 1.0]
稀疏向量: [  0.           3.39937099   2.94621626  -0.19806813   2.38340809
   2.73000211   1.05280127   4.99630576   0.           0.
  -1.01734063   0.          -2.75779092  -1.65140006   0.
   1.40312478   0.          -1.27024182   0.           3.91003829
  -1.31078902  -5.55963793   4.65718879 -11.22734157  -7.13972562
   8.08510125  -4.62160159   2.17472858   0.           0.        ]
更新后概率: [0.00932634 0.05279711 0.04575896 0.00932634 0.00932634 0.04240085
 0.00932634 0.00932634 0.00932634 0.00932634 0.01580076 0.00932634
 0.013073   0.02564861 0.00932634 0.02179254 0.00932634 0.01972868
 0.00932634 0.00932634 0.02035843 0.08634915 0.00932634 0.17437672
 0.11089018 0.12557322 0.0717801  0.03377665 0.00932634 0.00932634]
Classification: 0.9991498044550247 0.9355276552426196 14
本轮采样概率阵: [0.00932634 0.05279711 0.04575896 0.00932634 0.00932634 0.04240085
 0.00932634 0.00932634 0.00932634 0.00932634 0.01580076 0.00932634
 0.013073   0.02564861 0.00932634 0.02179254 0.00932634 0.01972868
 0.00932634 0.00932634 0.02035843 0.08634915 0.00932634 0.17437672
 0.11089018 0.12557322 0.0717801  0.03377665 0.00932634 0.00932634]
客户端选择掩码: [0.0, 1.0, 1.0, 0.0, 0.0, 1.0, 0.0, 1.0, 0.0, 0.0, 1.0, 1.0, 1.0, 1.0, 0.0, 1.0, 1.0, 1.0, 0.0, 1.0, 1.0, 1.0, 0.0, 1.0, 1.0, 1.0, 1.0, 1.0, 1.0, 1.0]
稀疏向量: [-3.5589909   0.          1.13310252 -1.38022315  2.32582852 -2.8712278
  0.         -3.49456263  0.          1.70268061  0.         -4.91118231
  0.92398309  3.0137541   2.68565171  4.00451381  1.67033721  3.22380771
 -2.10003777  0.          0.         -2.24645186  0.          5.88074855
 -3.46758134  4.06518666  0.         -4.51035238 -1.08623172  0.        ]
更新后概率: [0.00938031 0.00938031 0.02093777 0.00938031 0.00938031 0.05305532
 0.00938031 0.06457347 0.00938031 0.00938031 0.00938031 0.09075015
 0.01707361 0.05568896 0.00938031 0.07399648 0.03086494 0.05957039
 0.00938031 0.00938031 0.00938031 0.04151054 0.00938031 0.10866605
 0.0640749  0.07511761 0.00938031 0.0833435  0.02007168 0.00938031]
Classification: 1.0 0.9365456396335257 15
本轮采样概率阵: [0.00938031 0.00938031 0.02093777 0.00938031 0.00938031 0.05305532
 0.00938031 0.06457347 0.00938031 0.00938031 0.00938031 0.09075015
 0.01707361 0.05568896 0.00938031 0.07399648 0.03086494 0.05957039
 0.00938031 0.00938031 0.00938031 0.04151054 0.00938031 0.10866605
 0.0640749  0.07511761 0.00938031 0.0833435  0.02007168 0.00938031]
客户端选择掩码: [0.0, 1.0, 1.0, 0.0, 0.0, 1.0, 0.0, 1.0, 0.0, 1.0, 0.0, 1.0, 1.0, 1.0, 0.0, 1.0, 1.0, 1.0, 1.0, 0.0, 1.0, 1.0, 1.0, 1.0, 1.0, 0.0, 1.0, 1.0, 1.0, 1.0]
稀疏向量: [ 2.47432614 -5.16182634 -3.6263488   0.         -2.74889173 12.39536478
  1.07015278  0.          0.          0.         -3.99813751 -3.84920158
  0.         -2.16619952  0.          0.         -7.68396615  0.
  3.69903725 -6.05963672 -7.02639941  5.43508644  3.89215572  5.38059366
  5.73346341 10.71775535  1.82479727 -4.83582623 -4.48041215  0.        ]
更新后概率: [0.00939005 0.05336338 0.03748949 0.00939005 0.00939005 0.1281443
 0.00939005 0.00939005 0.00939005 0.00939005 0.00939005 0.03979336
 0.00939005 0.02239435 0.00939005 0.00939005 0.07943747 0.00939005
 0.03824095 0.00939005 0.07263949 0.05618837 0.04023743 0.05562502
 0.05927302 0.07053578 0.0188649  0.04999317 0.04631887 0.00939005]
Classification: 0.9991498044550247 0.9375636240244316 16
本轮采样概率阵: [0.00939005 0.05336338 0.03748949 0.00939005 0.00939005 0.1281443
 0.00939005 0.00939005 0.00939005 0.00939005 0.00939005 0.03979336
 0.00939005 0.02239435 0.00939005 0.00939005 0.07943747 0.00939005
 0.03824095 0.00939005 0.07263949 0.05618837 0.04023743 0.05562502
 0.05927302 0.07053578 0.0188649  0.04999317 0.04631887 0.00939005]
客户端选择掩码: [1.0, 1.0, 1.0, 1.0, 0.0, 1.0, 0.0, 0.0, 1.0, 0.0, 1.0, 1.0, 0.0, 1.0, 0.0, 0.0, 1.0, 1.0, 1.0, 0.0, 1.0, 1.0, 1.0, 1.0, 1.0, 1.0, 1.0, 1.0, 1.0, 0.0]
稀疏向量: [ 1.06940487  0.          0.         -3.98572248  0.44148947  2.98762058
  0.31789138  0.         -3.96871752  0.         -0.98005061  0.
  2.71503874  2.22323314  0.         -3.06728897  6.55028872  2.81598364
 -2.20861099 -6.89212522 -7.1569516   3.03276888 -2.15095719  3.23332889
  0.          0.          5.17591447  0.          2.78827149 -1.93465506]
更新后概率: [0.01825737 0.00938536 0.00938536 0.06804608 0.00938536 0.05100602
 0.00938536 0.00938536 0.06775576 0.00938536 0.01673187 0.00938536
 0.00938536 0.03795605 0.00938536 0.00938536 0.11182952 0.04807576
 0.03770642 0.00938536 0.12218675 0.05177682 0.03672212 0.05520087
 0.00938536 0.00938536 0.08836558 0.00938536 0.04760265 0.00938536]
Classification: 0.9991498044550247 0.9385816084153377 17
本轮采样概率阵: [0.01825737 0.00938536 0.00938536 0.06804608 0.00938536 0.05100602
 0.00938536 0.00938536 0.06775576 0.00938536 0.01673187 0.00938536
 0.00938536 0.03795605 0.00938536 0.00938536 0.11182952 0.04807576
 0.03770642 0.00938536 0.12218675 0.05177682 0.03672212 0.05520087
 0.00938536 0.00938536 0.08836558 0.00938536 0.04760265 0.00938536]
客户端选择掩码: [1.0, 0.0, 1.0, 1.0, 1.0, 1.0, 0.0, 0.0, 1.0, 1.0, 1.0, 1.0, 0.0, 1.0, 0.0, 1.0, 1.0, 1.0, 1.0, 0.0, 1.0, 1.0, 1.0, 1.0, 1.0, 0.0, 1.0, 0.0, 1.0, 0.0]
稀疏向量: [-16.90421064   0.         -17.10425748  13.47115398  13.05933397
   0.          15.79315507   0.           2.32940911  48.5147454
 -14.35057736 -31.6816689   16.98044143  -0.26026634 -29.70667323
   8.9088235    0.           0.          14.63927701   4.52034334
   0.           0.          15.22936351  13.3096141  -33.2092915
  15.82233424   0.         -52.04637414   0.          13.75248472]
更新后概率: [0.05866415 0.00921002 0.05935839 0.04675011 0.04532094 0.00921002
 0.00921002 0.00921002 0.00921002 0.16836493 0.04980205 0.10994764
 0.00921002 0.00921002 0.00921002 0.03091706 0.00921002 0.00921002
 0.05080395 0.00921002 0.00921002 0.00921002 0.05285178 0.04618951
 0.11524908 0.00921002 0.00921002 0.00921002 0.00921002 0.00921002]
Classification: 0.9991498044550247 0.9385816084153377 18
本轮采样概率阵: [0.05866415 0.00921002 0.05935839 0.04675011 0.04532094 0.00921002
 0.00921002 0.00921002 0.00921002 0.16836493 0.04980205 0.10994764
 0.00921002 0.00921002 0.00921002 0.03091706 0.00921002 0.00921002
 0.05080395 0.00921002 0.00921002 0.00921002 0.05285178 0.04618951
 0.11524908 0.00921002 0.00921002 0.00921002 0.00921002 0.00921002]
客户端选择掩码: [1.0, 0.0, 1.0, 1.0, 1.0, 1.0, 0.0, 1.0, 1.0, 1.0, 1.0, 1.0, 0.0, 0.0, 0.0, 0.0, 1.0, 1.0, 1.0, 1.0, 1.0, 1.0, 1.0, 1.0, 1.0, 1.0, 1.0, 0.0, 0.0, 0.0]
稀疏向量: [ -7.96018013   0.           0.           0.         -19.41939906
   0.          -8.59625805   0.          30.3155847   -0.53315594
   4.60373166   0.          18.21491972  -5.11140534 -25.82121259
  23.68133908  -5.31692971  16.84717532  18.16426654  82.24017753
  64.04911667  17.58587975 -42.3947773  -71.97240573 -17.06120321
   0.         -63.97599376   0.          -6.69355055   0.        ]
更新后概率: [0.01431934 0.00929046 0.00929046 0.00929046 0.034933   0.00929046
 0.00929046 0.00929046 0.05453383 0.00929046 0.00929046 0.00929046
 0.00929046 0.00929046 0.00929046 0.02872336 0.00956447 0.0303059
 0.03267518 0.14793949 0.11521611 0.03163473 0.07626274 0.12946909
 0.03069091 0.00929046 0.11508457 0.00929046 0.00929046 0.00929046]
Classification: 0.9991498044550247 0.9382422802850356 19
本轮采样概率阵: [0.01431934 0.00929046 0.00929046 0.00929046 0.034933   0.00929046
 0.00929046 0.00929046 0.05453383 0.00929046 0.00929046 0.00929046
 0.00929046 0.00929046 0.00929046 0.02872336 0.00956447 0.0303059
 0.03267518 0.14793949 0.11521611 0.03163473 0.07626274 0.12946909
 0.03069091 0.00929046 0.11508457 0.00929046 0.00929046 0.00929046]
客户端选择掩码: [1.0, 1.0, 0.0, 0.0, 1.0, 1.0, 0.0, 0.0, 1.0, 1.0, 0.0, 1.0, 1.0, 0.0, 1.0, 1.0, 0.0, 1.0, 1.0, 1.0, 1.0, 1.0, 1.0, 1.0, 1.0, 1.0, 1.0, 1.0, 0.0, 0.0]
稀疏向量: [-33.78528653 -22.68014871   0.         -13.96589579  -3.70353774
 -57.53773333  24.27978423 -25.06963542   0.           0.
   0.           0.          -3.3159983   45.60774044   0.
   0.          11.06971929 -10.46106343  13.62681957 -40.18766443
   0.          17.60242278 -29.46065321  73.14595752  24.64359453
  30.36436275  20.96342848  12.2032384    0.         -32.34695508]
更新后概率: [0.07349154 0.04933506 0.00934774 0.00934774 0.00934774 0.12515911
 0.00934774 0.00934774 0.00934774 0.00934774 0.00934774 0.00934774
 0.00934774 0.00934774 0.00934774 0.00934774 0.00934774 0.02275546
 0.02964178 0.08741833 0.00934774 0.03828972 0.06408437 0.15911095
 0.05360605 0.06605016 0.04560076 0.02654513 0.00934774 0.00934774]
Classification: 0.9993198435640197 0.9382422802850356 20
本轮采样概率阵: [0.07349154 0.04933506 0.00934774 0.00934774 0.00934774 0.12515911
 0.00934774 0.00934774 0.00934774 0.00934774 0.00934774 0.00934774
 0.00934774 0.00934774 0.00934774 0.00934774 0.00934774 0.02275546
 0.02964178 0.08741833 0.00934774 0.03828972 0.06408437 0.15911095
 0.05360605 0.06605016 0.04560076 0.02654513 0.00934774 0.00934774]
客户端选择掩码: [1.0, 1.0, 0.0, 1.0, 1.0, 1.0, 0.0, 0.0, 1.0, 0.0, 1.0, 1.0, 0.0, 0.0, 0.0, 0.0, 0.0, 1.0, 1.0, 1.0, 1.0, 1.0, 1.0, 1.0, 1.0, 1.0, 1.0, 1.0, 1.0, 1.0]
稀疏向量: [  8.50661627 -20.75527084   5.66772886  13.83840225   4.57794382
   0.           0.           0.          -5.77119132 -10.68104924
   1.50615538  -4.31885649   6.80669784   2.38486154  21.64781906
   0.          -5.77488975   0.         -26.76208331   0.
 -26.85210688 -16.77808411  14.96836417   5.18722355   9.45107784
  17.71266788   0.           6.49494966   0.           0.        ]
更新后概率: [0.03974526 0.09697435 0.00936021 0.06465683 0.02138942 0.00936021
 0.00936021 0.00936021 0.0269646  0.00936021 0.00936021 0.02017889
 0.00936021 0.00936021 0.00936021 0.00936021 0.00936021 0.00936021
 0.12503984 0.00936021 0.12546045 0.07839184 0.06993633 0.02423614
 0.04415804 0.08275847 0.00936021 0.0303462  0.00936021 0.00936021]
Classification: 0.9991498044550247 0.9385816084153377 21
本轮采样概率阵: [0.03974526 0.09697435 0.00936021 0.06465683 0.02138942 0.00936021
 0.00936021 0.00936021 0.0269646  0.00936021 0.00936021 0.02017889
 0.00936021 0.00936021 0.00936021 0.00936021 0.00936021 0.00936021
 0.12503984 0.00936021 0.12546045 0.07839184 0.06993633 0.02423614
 0.04415804 0.08275847 0.00936021 0.0303462  0.00936021 0.00936021]
客户端选择掩码: [1.0, 1.0, 1.0, 1.0, 1.0, 1.0, 1.0, 0.0, 1.0, 1.0, 0.0, 1.0, 0.0, 0.0, 1.0, 0.0, 0.0, 0.0, 1.0, 1.0, 1.0, 1.0, 1.0, 1.0, 1.0, 1.0, 0.0, 1.0, 0.0, 1.0]
/mnt/data/user_liangzhiyu/envs/fedcsl/lib/python3.8/site-packages/sklearn/utils/validation.py:63: RuntimeWarning:  Orthogonal matching pursuit ended prematurely due to linear
dependence in the dictionary. The requested precision might not have been met.

  return f(*args, **kwargs)
稀疏向量: [  2.50597866   0.           0.           3.68190361  -0.90566731
   0.          -4.83015682   0.           4.4584591   12.65679078
   0.           0.43155448   4.73884706  -0.42165431   0.
   0.           0.          -2.13876512   0.           9.89400014
  -3.64352067   0.          -1.33593172  -4.1938193  -10.72864206
   0.          -5.75213562   0.         -11.86792836   8.39009026]
更新后概率: [0.03112112 0.00917501 0.00917501 0.04572463 0.01124725 0.00917501
 0.0599845  0.00917501 0.05536848 0.15718148 0.00917501 0.00917501
 0.00917501 0.00917501 0.00917501 0.00917501 0.00917501 0.00917501
 0.00917501 0.12287109 0.04524796 0.00917501 0.0165906  0.05208198
 0.13323629 0.00917501 0.00917501 0.00917501 0.00917501 0.10419441]
Classification: 0.9993198435640197 0.9375636240244316 22
本轮采样概率阵: [0.03112112 0.00917501 0.00917501 0.04572463 0.01124725 0.00917501
 0.0599845  0.00917501 0.05536848 0.15718148 0.00917501 0.00917501
 0.00917501 0.00917501 0.00917501 0.00917501 0.00917501 0.00917501
 0.00917501 0.12287109 0.04524796 0.00917501 0.0165906  0.05208198
 0.13323629 0.00917501 0.00917501 0.00917501 0.00917501 0.10419441]
客户端选择掩码: [1.0, 0.0, 1.0, 0.0, 0.0, 0.0, 1.0, 0.0, 1.0, 1.0, 0.0, 0.0, 1.0, 0.0, 1.0, 1.0, 1.0, 1.0, 1.0, 1.0, 1.0, 1.0, 1.0, 1.0, 1.0, 1.0, 1.0, 1.0, 0.0, 1.0]
/mnt/data/user_liangzhiyu/envs/fedcsl/lib/python3.8/site-packages/sklearn/utils/validation.py:63: RuntimeWarning:  Orthogonal matching pursuit ended prematurely due to linear
dependence in the dictionary. The requested precision might not have been met.

  return f(*args, **kwargs)
稀疏向量: [ 28.86647778   0.           0.           5.69390283  -5.15366616
  16.66061188 -32.03398663 -17.95250129  22.28937245   0.
  -2.23640965  23.49815682  -1.60740158 -15.33672017   0.
 -44.96470536   0.          -2.93723193  16.03923531  27.00693315
   0.           0.          -7.65457193   0.          -3.00336099
   0.           0.          -3.57203541  -2.56606453   0.        ]
更新后概率: [0.12048014 0.00902251 0.00902251 0.04125508 0.01014784 0.00902251
 0.13370038 0.00902251 0.09302925 0.00902251 0.00902251 0.00902251
 0.00902251 0.00902251 0.00902251 0.18766938 0.00902251 0.01225914
 0.06694302 0.11271895 0.00902251 0.00902251 0.03194792 0.00902251
 0.01253514 0.00902251 0.00902251 0.01490862 0.00902251 0.00902251]
Classification: 0.9994898826730148 0.9375636240244316 23
本轮采样概率阵: [0.12048014 0.00902251 0.00902251 0.04125508 0.01014784 0.00902251
 0.13370038 0.00902251 0.09302925 0.00902251 0.00902251 0.00902251
 0.00902251 0.00902251 0.00902251 0.18766938 0.00902251 0.01225914
 0.06694302 0.11271895 0.00902251 0.00902251 0.03194792 0.00902251
 0.01253514 0.00902251 0.00902251 0.01490862 0.00902251 0.00902251]
客户端选择掩码: [1.0, 1.0, 1.0, 1.0, 1.0, 1.0, 1.0, 0.0, 1.0, 0.0, 1.0, 0.0, 1.0, 1.0, 1.0, 1.0, 0.0, 1.0, 1.0, 1.0, 0.0, 1.0, 1.0, 1.0, 0.0, 0.0, 0.0, 1.0, 1.0, 0.0]
/mnt/data/user_liangzhiyu/envs/fedcsl/lib/python3.8/site-packages/sklearn/utils/validation.py:63: RuntimeWarning:  Orthogonal matching pursuit ended prematurely due to linear
dependence in the dictionary. The requested precision might not have been met.

  return f(*args, **kwargs)
稀疏向量: [ 3.31427533e+01 -3.68386213e+02  0.00000000e+00  3.42281869e+01
 -5.62545599e+01  0.00000000e+00  2.23490000e+02  0.00000000e+00
 -8.86585876e+01  0.00000000e+00 -9.57426775e+01  0.00000000e+00
  9.55295340e-02  2.63090809e+02  0.00000000e+00  0.00000000e+00
  1.23118946e+02  0.00000000e+00  1.29135502e+01 -3.04420753e+02
  0.00000000e+00  7.39198950e+01 -1.61655257e+02  7.81551845e+01
  0.00000000e+00  0.00000000e+00  0.00000000e+00  4.09992604e+02
 -4.48075597e+01 -1.33835177e+02]
更新后概率: [0.01257641 0.13978849 0.00932379 0.01298829 0.02134646 0.00932379
 0.08480591 0.00932379 0.03364255 0.00932379 0.03633069 0.00932379
 0.00932379 0.09983291 0.00932379 0.00932379 0.00932379 0.00932379
 0.00932379 0.11551604 0.00932379 0.02804977 0.06134199 0.02965691
 0.0116875  0.00932379 0.00932379 0.15557652 0.01700276 0.00932379]
Classification: 0.9996599217820099 0.9372242958941296 24
本轮采样概率阵: [0.01257641 0.13978849 0.00932379 0.01298829 0.02134646 0.00932379
 0.08480591 0.00932379 0.03364255 0.00932379 0.03633069 0.00932379
 0.00932379 0.09983291 0.00932379 0.00932379 0.00932379 0.00932379
 0.00932379 0.11551604 0.00932379 0.02804977 0.06134199 0.02965691
 0.0116875  0.00932379 0.00932379 0.15557652 0.01700276 0.00932379]
客户端选择掩码: [0.0, 1.0, 0.0, 0.0, 1.0, 1.0, 1.0, 0.0, 1.0, 1.0, 1.0, 1.0, 0.0, 1.0, 0.0, 1.0, 1.0, 1.0, 1.0, 1.0, 1.0, 0.0, 1.0, 1.0, 1.0, 0.0, 1.0, 1.0, 1.0, 0.0]
/mnt/data/user_liangzhiyu/envs/fedcsl/lib/python3.8/site-packages/sklearn/utils/validation.py:63: RuntimeWarning:  Orthogonal matching pursuit ended prematurely due to linear
dependence in the dictionary. The requested precision might not have been met.

  return f(*args, **kwargs)
稀疏向量: [-60.70967754   0.           0.         -74.43733847  26.2416725
   0.           0.           0.         -23.64228437   0.
 -27.32767956  56.18975475 -69.78631606   0.           0.
   0.           0.           6.01462776  24.57099956 -35.53855083
 -26.81752234   0.          23.85049894  64.2757163   59.91342041
   0.         117.62933426 -92.48664039  33.39807778   0.        ]
更新后概率: [0.01169475 0.00929895 0.00929895 0.01207775 0.03516541 0.00929895
 0.00929895 0.00929895 0.03168208 0.00929895 0.03662073 0.07529764
 0.00929895 0.00929895 0.00929895 0.00929895 0.00929895 0.00929895
 0.03292661 0.04762379 0.03593709 0.02608336 0.0319611  0.08613331
 0.08028758 0.00929895 0.15763036 0.12393764 0.04475543 0.00929895]
Classification: 0.9993198435640197 0.9382422802850356 25
本轮采样概率阵: [0.01169475 0.00929895 0.00929895 0.01207775 0.03516541 0.00929895
 0.00929895 0.00929895 0.03168208 0.00929895 0.03662073 0.07529764
 0.00929895 0.00929895 0.00929895 0.00929895 0.00929895 0.00929895
 0.03292661 0.04762379 0.03593709 0.02608336 0.0319611  0.08613331
 0.08028758 0.00929895 0.15763036 0.12393764 0.04475543 0.00929895]
客户端选择掩码: [1.0, 1.0, 0.0, 1.0, 1.0, 0.0, 0.0, 1.0, 1.0, 0.0, 0.0, 1.0, 0.0, 1.0, 0.0, 1.0, 0.0, 1.0, 1.0, 1.0, 1.0, 1.0, 1.0, 1.0, 1.0, 0.0, 1.0, 1.0, 1.0, 1.0]
/mnt/data/user_liangzhiyu/envs/fedcsl/lib/python3.8/site-packages/sklearn/utils/validation.py:63: RuntimeWarning:  Orthogonal matching pursuit ended prematurely due to linear
dependence in the dictionary. The requested precision might not have been met.

  return f(*args, **kwargs)
稀疏向量: [-11.73949686   0.          58.6950412   -1.01355081 -15.43254357
   0.          23.0427253    0.           0.          53.8688784
   0.           0.          19.43120189  54.42765666   0.
   0.           0.         -93.60926587 -13.32229079 -73.670073
   0.          49.46634462 -30.3130464   26.39030159   0.
 -46.60813126  34.97898389  -6.11551667 -27.45869362   0.        ]
更新后概率: [0.02179183 0.00914452 0.00914452 0.00914452 0.02864718 0.00914452
 0.00914452 0.00914452 0.00914452 0.00914452 0.03348791 0.00914452
 0.00914452 0.10103316 0.00914452 0.00914452 0.00914452 0.17376534
 0.02472995 0.13675254 0.00914452 0.09182356 0.05626961 0.04898788
 0.00914452 0.00914452 0.06493091 0.01135213 0.05097112 0.00914452]
Classification: 0.9993198435640197 0.9379029521547336 26
本轮采样概率阵: [0.02179183 0.00914452 0.00914452 0.00914452 0.02864718 0.00914452
 0.00914452 0.00914452 0.00914452 0.00914452 0.03348791 0.00914452
 0.00914452 0.10103316 0.00914452 0.00914452 0.00914452 0.17376534
 0.02472995 0.13675254 0.00914452 0.09182356 0.05626961 0.04898788
 0.00914452 0.00914452 0.06493091 0.01135213 0.05097112 0.00914452]
客户端选择掩码: [1.0, 0.0, 0.0, 1.0, 1.0, 1.0, 1.0, 0.0, 0.0, 0.0, 0.0, 1.0, 1.0, 1.0, 1.0, 1.0, 0.0, 1.0, 0.0, 1.0, 0.0, 1.0, 1.0, 1.0, 1.0, 1.0, 1.0, 1.0, 1.0, 1.0]
/mnt/data/user_liangzhiyu/envs/fedcsl/lib/python3.8/site-packages/sklearn/utils/validation.py:63: RuntimeWarning:  Orthogonal matching pursuit ended prematurely due to linear
dependence in the dictionary. The requested precision might not have been met.

  return f(*args, **kwargs)
稀疏向量: [ 17.71449085   0.           0.           0.           4.52334147
 -73.41835149  17.31807664   0.           0.          -0.53455337
   7.61056565  28.73789719   0.          38.12960198   0.
   0.27049403   0.         -44.32387422 -11.07744022   0.
 -27.57820265   0.          10.8006233  -15.62531145   1.08233835
   0.           0.          47.30456858   0.           0.        ]
更新后概率: [0.04672662 0.00899264 0.00899264 0.00899264 0.0119315  0.19366016
 0.04568097 0.00899264 0.00899264 0.00899264 0.03011448 0.07580374
 0.00899264 0.10057683 0.00899264 0.00899264 0.00899264 0.11691584
 0.02223876 0.00899264 0.00899264 0.00899264 0.02848948 0.04121586
 0.00899264 0.00899264 0.00899264 0.12477821 0.00899264 0.00899264]
Classification: 0.9996599217820099 0.9385816084153377 27
本轮采样概率阵: [0.04672662 0.00899264 0.00899264 0.00899264 0.0119315  0.19366016
 0.04568097 0.00899264 0.00899264 0.00899264 0.03011448 0.07580374
 0.00899264 0.10057683 0.00899264 0.00899264 0.00899264 0.11691584
 0.02223876 0.00899264 0.00899264 0.00899264 0.02848948 0.04121586
 0.00899264 0.00899264 0.00899264 0.12477821 0.00899264 0.00899264]
客户端选择掩码: [1.0, 1.0, 1.0, 1.0, 1.0, 1.0, 1.0, 1.0, 1.0, 1.0, 1.0, 1.0, 1.0, 1.0, 1.0, 0.0, 0.0, 1.0, 0.0, 0.0, 0.0, 1.0, 1.0, 1.0, 0.0, 0.0, 0.0, 1.0, 0.0, 1.0]
/mnt/data/user_liangzhiyu/envs/fedcsl/lib/python3.8/site-packages/sklearn/utils/validation.py:63: RuntimeWarning:  Orthogonal matching pursuit ended prematurely due to linear
dependence in the dictionary. The requested precision might not have been met.

  return f(*args, **kwargs)
稀疏向量: [  56.40212038  -62.38359207    0.           23.61850949    3.13016498
   66.75043089  -72.10347283    0.          -22.82334319    0.
  -16.68741935   72.3210134   -38.85232103  -37.65066797    0.
    0.           46.88736917   42.10103036    0.           50.26257993
    0.            0.            3.3123941   -65.1383822     0.
 -102.67680018    0.            0.           54.25764606    0.        ]
更新后概率: [0.08050333 0.08904074 0.00919072 0.03371094 0.00919072 0.09527358
 0.10291403 0.00919072 0.03257599 0.00919072 0.02381813 0.10322453
 0.05545432 0.05373919 0.00919072 0.00919072 0.00919072 0.06009123
 0.02043903 0.00919072 0.00919072 0.00919072 0.00919072 0.09297268
 0.00919072 0.00919072 0.00919072 0.00919072 0.00919072 0.00919072]
Classification: 0.9996599217820099 0.9385816084153377 28
本轮采样概率阵: [0.08050333 0.08904074 0.00919072 0.03371094 0.00919072 0.09527358
 0.10291403 0.00919072 0.03257599 0.00919072 0.02381813 0.10322453
 0.05545432 0.05373919 0.00919072 0.00919072 0.00919072 0.06009123
 0.02043903 0.00919072 0.00919072 0.00919072 0.00919072 0.09297268
 0.00919072 0.00919072 0.00919072 0.00919072 0.00919072 0.00919072]
客户端选择掩码: [1.0, 1.0, 1.0, 1.0, 1.0, 1.0, 1.0, 1.0, 1.0, 0.0, 1.0, 1.0, 0.0, 1.0, 1.0, 0.0, 0.0, 1.0, 1.0, 1.0, 1.0, 0.0, 0.0, 1.0, 1.0, 1.0, 0.0, 0.0, 1.0, 0.0]
/mnt/data/user_liangzhiyu/envs/fedcsl/lib/python3.8/site-packages/sklearn/utils/validation.py:63: RuntimeWarning:  Orthogonal matching pursuit ended prematurely due to linear
dependence in the dictionary. The requested precision might not have been met.

  return f(*args, **kwargs)
稀疏向量: [  53.96641421    0.         -124.47398023    0.           -3.3152463
    0.          -90.98414633    0.            0.         -105.22093279
    0.          157.16946142 -102.07732162 -159.55991719 -124.46439491
    0.            0.           63.29484383  143.83319523    0.
   66.89844411    0.          129.03580976  -23.89214632    0.
    0.            0.            0.          121.52587011    0.        ]
更新后概率: [0.03756961 0.00905857 0.08665462 0.00905857 0.00905857 0.00905857
 0.06334012 0.00905857 0.00905857 0.00905857 0.00905857 0.10941612
 0.05023371 0.11108028 0.08664795 0.00905857 0.00905857 0.04406375
 0.10013186 0.00905857 0.04657246 0.00905857 0.00905857 0.01663291
 0.00905857 0.00905857 0.00905857 0.00905857 0.08460225 0.00905857]
Classification: 0.999829960891005 0.9385816084153377 29
本轮采样概率阵: [0.03756961 0.00905857 0.08665462 0.00905857 0.00905857 0.00905857
 0.06334012 0.00905857 0.00905857 0.00905857 0.00905857 0.10941612
 0.05023371 0.11108028 0.08664795 0.00905857 0.00905857 0.04406375
 0.10013186 0.00905857 0.04657246 0.00905857 0.00905857 0.01663291
 0.00905857 0.00905857 0.00905857 0.00905857 0.08460225 0.00905857]
客户端选择掩码: [1.0, 1.0, 1.0, 0.0, 1.0, 1.0, 1.0, 1.0, 0.0, 0.0, 0.0, 1.0, 0.0, 1.0, 1.0, 1.0, 0.0, 1.0, 1.0, 0.0, 1.0, 1.0, 1.0, 1.0, 0.0, 1.0, 0.0, 1.0, 1.0, 1.0]
/mnt/data/user_liangzhiyu/envs/fedcsl/lib/python3.8/site-packages/sklearn/utils/validation.py:63: RuntimeWarning:  Orthogonal matching pursuit ended prematurely due to linear
dependence in the dictionary. The requested precision might not have been met.

  return f(*args, **kwargs)
稀疏向量: [-22.3196029    0.           0.         -21.45002374  -1.75174334
   0.           0.           0.           0.         -33.49045246
  -9.77188561   0.           9.14600361  23.87149413 -22.82216161
   0.          20.65991524   2.35929272   0.         -89.67068545
   0.          39.38070515 -15.25055113  80.51549553   0.
   0.          41.98358999   0.           0.           0.        ]
更新后概率: [0.08245519 0.00877028 0.00877028 0.00877028 0.00877028 0.00877028
 0.00877028 0.00877028 0.00877028 0.00877028 0.00877028 0.00877028
 0.04405637 0.08818833 0.08431179 0.00877028 0.00877028 0.00877028
 0.00877028 0.00877028 0.00877028 0.14548392 0.05634003 0.29744795
 0.00877028 0.00877028 0.00877028 0.00877028 0.00877028 0.00877028]
Classification: 0.999829960891005 0.9389209365456397 30
本轮采样概率阵: [0.08245519 0.00877028 0.00877028 0.00877028 0.00877028 0.00877028
 0.00877028 0.00877028 0.00877028 0.00877028 0.00877028 0.00877028
 0.04405637 0.08818833 0.08431179 0.00877028 0.00877028 0.00877028
 0.00877028 0.00877028 0.00877028 0.14548392 0.05634003 0.29744795
 0.00877028 0.00877028 0.00877028 0.00877028 0.00877028 0.00877028]
客户端选择掩码: [1.0, 1.0, 1.0, 0.0, 0.0, 1.0, 1.0, 0.0, 1.0, 0.0, 1.0, 1.0, 1.0, 1.0, 1.0, 0.0, 0.0, 1.0, 1.0, 1.0, 0.0, 1.0, 1.0, 1.0, 0.0, 1.0, 1.0, 0.0, 1.0, 1.0]
/mnt/data/user_liangzhiyu/envs/fedcsl/lib/python3.8/site-packages/sklearn/utils/validation.py:63: RuntimeWarning:  Orthogonal matching pursuit ended prematurely due to linear
dependence in the dictionary. The requested precision might not have been met.

  return f(*args, **kwargs)
稀疏向量: [  2.84747357   0.           0.          -8.5455925   -0.1738985
   0.           0.           0.           0.         -38.52599358
   0.           0.         -20.11496814  -8.0256598    0.
   0.           7.52199112  17.14403621  -7.92227323 -33.43100552
  36.44374909   0.          10.03830667  30.9202176   13.86033085
   0.          21.28013194 -22.34802443   0.           0.        ]
更新后概率: [0.01528298 0.00884121 0.00884121 0.00884121 0.00884121 0.00884121
 0.00884121 0.00884121 0.00884121 0.00884121 0.00884121 0.00884121
 0.10796122 0.04307539 0.00884121 0.00884121 0.00884121 0.09201561
 0.04252049 0.17943117 0.00884121 0.00884121 0.05387768 0.16595525
 0.00884121 0.00884121 0.1142149  0.00884121 0.00884121 0.00884121]
Classification: 0.999829960891005 0.9385816084153377 31
本轮采样概率阵: [0.01528298 0.00884121 0.00884121 0.00884121 0.00884121 0.00884121
 0.00884121 0.00884121 0.00884121 0.00884121 0.00884121 0.00884121
 0.10796122 0.04307539 0.00884121 0.00884121 0.00884121 0.09201561
 0.04252049 0.17943117 0.00884121 0.00884121 0.05387768 0.16595525
 0.00884121 0.00884121 0.1142149  0.00884121 0.00884121 0.00884121]
客户端选择掩码: [1.0, 1.0, 1.0, 1.0, 0.0, 0.0, 1.0, 1.0, 0.0, 1.0, 1.0, 1.0, 1.0, 1.0, 0.0, 1.0, 1.0, 1.0, 1.0, 1.0, 0.0, 0.0, 1.0, 1.0, 1.0, 1.0, 1.0, 0.0, 0.0, 0.0]
/mnt/data/user_liangzhiyu/envs/fedcsl/lib/python3.8/site-packages/sklearn/utils/validation.py:63: RuntimeWarning:  Orthogonal matching pursuit ended prematurely due to linear
dependence in the dictionary. The requested precision might not have been met.

  return f(*args, **kwargs)
稀疏向量: [ 52.33437719   0.           0.          27.63721669 -18.26229367
   0.           0.          63.97978427   0.           0.
  51.46020701  37.39146913  -0.63353238  15.19627922  30.95186328
   0.           0.         -32.38730277 -56.56595116   0.
   0.           0.           0.         -88.30060447   0.
 -59.55798515 -59.88883783  81.78948254   0.         -44.22390121]
更新后概率: [0.07962377 0.00901421 0.00901421 0.04204845 0.00901421 0.00901421
 0.00901421 0.0973416  0.00901421 0.00901421 0.07829377 0.05688899
 0.00901421 0.02312027 0.00901421 0.00901421 0.00901421 0.04927544
 0.08606187 0.00901421 0.00901421 0.00901421 0.00901421 0.13434434
 0.00901421 0.09061408 0.09111746 0.00901421 0.00901421 0.00901421]
Classification: 0.999829960891005 0.9382422802850356 32
本轮采样概率阵: [0.07962377 0.00901421 0.00901421 0.04204845 0.00901421 0.00901421
 0.00901421 0.0973416  0.00901421 0.00901421 0.07829377 0.05688899
 0.00901421 0.02312027 0.00901421 0.00901421 0.00901421 0.04927544
 0.08606187 0.00901421 0.00901421 0.00901421 0.00901421 0.13434434
 0.00901421 0.09061408 0.09111746 0.00901421 0.00901421 0.00901421]
客户端选择掩码: [1.0, 0.0, 0.0, 1.0, 1.0, 0.0, 1.0, 1.0, 0.0, 0.0, 1.0, 1.0, 1.0, 1.0, 1.0, 1.0, 1.0, 0.0, 1.0, 1.0, 1.0, 0.0, 1.0, 1.0, 0.0, 1.0, 1.0, 0.0, 1.0, 1.0]
/mnt/data/user_liangzhiyu/envs/fedcsl/lib/python3.8/site-packages/sklearn/utils/validation.py:63: RuntimeWarning:  Orthogonal matching pursuit ended prematurely due to linear
dependence in the dictionary. The requested precision might not have been met.

  return f(*args, **kwargs)
稀疏向量: [ -1.5362901    0.           0.           9.91917656   4.62701699
 -30.93552266  25.21244056   0.           0.          21.21776242
   5.94525731 -13.5710383    9.7383917   23.65579948   0.
   0.           0.         -12.77532919   0.           0.
   0.           0.          -5.40129379  -4.35973086   0.
   0.         -21.9861096    0.           0.          -8.80555719]
更新后概率: [0.00912342 0.00910841 0.00910841 0.05890606 0.02747802 0.00910841
 0.14972668 0.00910841 0.00910841 0.00910841 0.03530653 0.08059301
 0.05783245 0.14048241 0.00910841 0.00910841 0.00910841 0.04488209
 0.00910841 0.00910841 0.00910841 0.00910841 0.03207614 0.02589071
 0.00910841 0.00910841 0.13056678 0.00910841 0.00910841 0.05229271]
Classification: 0.999829960891005 0.9389209365456397 33
本轮采样概率阵: [0.00912342 0.00910841 0.00910841 0.05890606 0.02747802 0.00910841
 0.14972668 0.00910841 0.00910841 0.00910841 0.03530653 0.08059301
 0.05783245 0.14048241 0.00910841 0.00910841 0.00910841 0.04488209
 0.00910841 0.00910841 0.00910841 0.00910841 0.03207614 0.02589071
 0.00910841 0.00910841 0.13056678 0.00910841 0.00910841 0.05229271]
客户端选择掩码: [1.0, 1.0, 0.0, 1.0, 1.0, 0.0, 1.0, 0.0, 0.0, 0.0, 1.0, 1.0, 1.0, 1.0, 1.0, 1.0, 1.0, 1.0, 1.0, 0.0, 0.0, 1.0, 1.0, 1.0, 0.0, 1.0, 1.0, 1.0, 0.0, 1.0]
/mnt/data/user_liangzhiyu/envs/fedcsl/lib/python3.8/site-packages/sklearn/utils/validation.py:63: RuntimeWarning:  Orthogonal matching pursuit ended prematurely due to linear
dependence in the dictionary. The requested precision might not have been met.

  return f(*args, **kwargs)
稀疏向量: [  20.50112485  152.13813492  -33.48009585   44.78426446  -19.82662984
    0.            0.          143.56532709    0.            0.
    0.           59.30233507   48.00400727   24.5648084     0.
  -60.54721903    0.          -99.21636114    0.            0.
    0.            0.            0.         -113.8679249     0.
    0.         -120.22235929    0.            0.          -44.0825964 ]
更新后概率: [0.02123808 0.15760707 0.00910727 0.04639413 0.02053934 0.00910727
 0.00910727 0.00910727 0.00910727 0.00910727 0.00910727 0.06143409
 0.04972962 0.02544784 0.00910727 0.06272372 0.00910727 0.10278291
 0.00910727 0.00910727 0.00910727 0.00910727 0.00910727 0.11796115
 0.00910727 0.00910727 0.12454401 0.00910727 0.00910727 0.04566724]
Classification: 0.999829960891005 0.9392602646759416 34
本轮采样概率阵: [0.02123808 0.15760707 0.00910727 0.04639413 0.02053934 0.00910727
 0.00910727 0.00910727 0.00910727 0.00910727 0.00910727 0.06143409
 0.04972962 0.02544784 0.00910727 0.06272372 0.00910727 0.10278291
 0.00910727 0.00910727 0.00910727 0.00910727 0.00910727 0.11796115
 0.00910727 0.00910727 0.12454401 0.00910727 0.00910727 0.04566724]
客户端选择掩码: [0.0, 1.0, 1.0, 1.0, 1.0, 1.0, 0.0, 0.0, 1.0, 0.0, 1.0, 1.0, 1.0, 1.0, 1.0, 1.0, 0.0, 1.0, 1.0, 0.0, 1.0, 1.0, 1.0, 1.0, 1.0, 0.0, 1.0, 0.0, 0.0, 1.0]
/mnt/data/user_liangzhiyu/envs/fedcsl/lib/python3.8/site-packages/sklearn/utils/validation.py:63: RuntimeWarning:  Orthogonal matching pursuit ended prematurely due to linear
dependence in the dictionary. The requested precision might not have been met.

  return f(*args, **kwargs)
稀疏向量: [ 0.77727202  0.          0.          0.          1.56300259 -0.36519591
  0.          0.          0.          6.24305052  0.          0.
  0.5965736   0.          0.          0.          0.          0.
 -1.8017391   0.          0.          0.          4.32117307  1.63089274
 -6.39850539  0.          0.21325237 -5.85735973 -3.12601864  3.0779283 ]
更新后概率: [0.01883698 0.00886944 0.00886944 0.00886944 0.06289231 0.0146948
 0.00886944 0.00886944 0.00886944 0.00886944 0.00886944 0.00886944
 0.02400501 0.00886944 0.00886944 0.00886944 0.00886944 0.00886944
 0.07249862 0.00886944 0.00886944 0.00886944 0.17387595 0.06562409
 0.25746394 0.00886944 0.00886944 0.00886944 0.00886944 0.1238501 ]
Classification: 0.999829960891005 0.9385816084153377 35
本轮采样概率阵: [0.01883698 0.00886944 0.00886944 0.00886944 0.06289231 0.0146948
 0.00886944 0.00886944 0.00886944 0.00886944 0.00886944 0.00886944
 0.02400501 0.00886944 0.00886944 0.00886944 0.00886944 0.00886944
 0.07249862 0.00886944 0.00886944 0.00886944 0.17387595 0.06562409
 0.25746394 0.00886944 0.00886944 0.00886944 0.00886944 0.1238501 ]
客户端选择掩码: [1.0, 0.0, 0.0, 1.0, 1.0, 1.0, 0.0, 1.0, 1.0, 0.0, 1.0, 0.0, 1.0, 0.0, 1.0, 1.0, 1.0, 1.0, 1.0, 0.0, 1.0, 0.0, 1.0, 1.0, 1.0, 1.0, 1.0, 1.0, 0.0, 1.0]
/mnt/data/user_liangzhiyu/envs/fedcsl/lib/python3.8/site-packages/sklearn/utils/validation.py:63: RuntimeWarning:  Orthogonal matching pursuit ended prematurely due to linear
dependence in the dictionary. The requested precision might not have been met.

  return f(*args, **kwargs)
稀疏向量: [ 2.04906402  0.          0.          2.25182311  0.59592608 -2.37624686
 -6.8475802   0.          0.          0.         -0.78120934  0.
  0.74960904  0.          0.          0.          0.          0.
  0.          5.40851296  7.39321477  0.          2.3653607   2.07914434
 -5.58379144  0.          0.         -7.26894452  0.85069801  0.        ]
更新后概率: [0.05070645 0.00900759 0.00900759 0.05572395 0.01474688 0.05880296
 0.00900759 0.00900759 0.00900759 0.00900759 0.01933192 0.00900759
 0.01854994 0.00900759 0.00900759 0.00900759 0.00900759 0.00900759
 0.00900759 0.00900759 0.1829536  0.00900759 0.05853357 0.05145082
 0.13817734 0.00900759 0.00900759 0.17987839 0.00900759 0.00900759]
Classification: 0.999829960891005 0.9389209365456397 36
本轮采样概率阵: [0.05070645 0.00900759 0.00900759 0.05572395 0.01474688 0.05880296
 0.00900759 0.00900759 0.00900759 0.00900759 0.01933192 0.00900759
 0.01854994 0.00900759 0.00900759 0.00900759 0.00900759 0.00900759
 0.00900759 0.00900759 0.1829536  0.00900759 0.05853357 0.05145082
 0.13817734 0.00900759 0.00900759 0.17987839 0.00900759 0.00900759]
客户端选择掩码: [1.0, 1.0, 1.0, 1.0, 1.0, 1.0, 1.0, 1.0, 0.0, 0.0, 0.0, 1.0, 0.0, 0.0, 1.0, 1.0, 1.0, 0.0, 1.0, 1.0, 1.0, 0.0, 1.0, 1.0, 1.0, 1.0, 0.0, 1.0, 1.0, 0.0]
/mnt/data/user_liangzhiyu/envs/fedcsl/lib/python3.8/site-packages/sklearn/utils/validation.py:63: RuntimeWarning:  Orthogonal matching pursuit ended prematurely due to linear
dependence in the dictionary. The requested precision might not have been met.

  return f(*args, **kwargs)
稀疏向量: [  3.48064954 -19.68291289   0.           8.68865404 -11.06241619
   0.         -19.89786422   0.           0.           0.
   0.           0.          15.37778316  -4.56017911   0.
   0.           0.           0.           0.           0.
   0.          21.20626751 -11.26102969  18.59134158   0.
   0.           0.           0.           0.           0.        ]
更新后概率: [0.02944374 0.166503   0.0087188  0.07349964 0.09357992 0.0087188
 0.16832133 0.0087188  0.0087188  0.0087188  0.01685512 0.0087188
 0.01617332 0.0087188  0.0087188  0.0087188  0.0087188  0.0087188
 0.0087188  0.0087188  0.0087188  0.0087188  0.09526005 0.1572691
 0.0087188  0.0087188  0.0087188  0.0087188  0.0087188  0.0087188 ]
Classification: 1.0 0.9379029521547336 37
本轮采样概率阵: [0.02944374 0.166503   0.0087188  0.07349964 0.09357992 0.0087188
 0.16832133 0.0087188  0.0087188  0.0087188  0.01685512 0.0087188
 0.01617332 0.0087188  0.0087188  0.0087188  0.0087188  0.0087188
 0.0087188  0.0087188  0.0087188  0.0087188  0.09526005 0.1572691
 0.0087188  0.0087188  0.0087188  0.0087188  0.0087188  0.0087188 ]
客户端选择掩码: [1.0, 1.0, 1.0, 1.0, 1.0, 1.0, 1.0, 1.0, 1.0, 1.0, 1.0, 1.0, 1.0, 1.0, 0.0, 0.0, 1.0, 0.0, 1.0, 0.0, 1.0, 0.0, 1.0, 1.0, 0.0, 1.0, 0.0, 0.0, 1.0, 0.0]
/mnt/data/user_liangzhiyu/envs/fedcsl/lib/python3.8/site-packages/sklearn/utils/validation.py:63: RuntimeWarning:  Orthogonal matching pursuit ended prematurely due to linear
dependence in the dictionary. The requested precision might not have been met.

  return f(*args, **kwargs)
稀疏向量: [-3.79091225  0.          0.          0.          0.49722817  0.
  0.          0.          7.12091381 -3.58021404  0.          0.28956424
  0.26605082 -8.4235974  -7.06221249  0.          0.          0.
  0.          3.19988911  0.          0.          2.74576838  0.
  0.          4.2091721   0.          0.          0.          5.49661584]
更新后概率: [0.09953606 0.00881078 0.00881078 0.00881078 0.01305547 0.00881078
 0.00881078 0.00881078 0.18697021 0.09400386 0.00881078 0.00881078
 0.00881078 0.22117412 0.00881078 0.00881078 0.00881078 0.00881078
 0.00881078 0.00881078 0.00881078 0.00881078 0.07209424 0.00881078
 0.00881078 0.11051809 0.00881078 0.00881078 0.00881078 0.00881078]
Classification: 1.0 0.9375636240244316 38
本轮采样概率阵: [0.09953606 0.00881078 0.00881078 0.00881078 0.01305547 0.00881078
 0.00881078 0.00881078 0.18697021 0.09400386 0.00881078 0.00881078
 0.00881078 0.22117412 0.00881078 0.00881078 0.00881078 0.00881078
 0.00881078 0.00881078 0.00881078 0.00881078 0.07209424 0.00881078
 0.00881078 0.11051809 0.00881078 0.00881078 0.00881078 0.00881078]
客户端选择掩码: [1.0, 0.0, 0.0, 0.0, 1.0, 1.0, 1.0, 1.0, 1.0, 1.0, 0.0, 0.0, 0.0, 1.0, 1.0, 1.0, 1.0, 1.0, 1.0, 0.0, 1.0, 1.0, 1.0, 1.0, 0.0, 1.0, 1.0, 0.0, 1.0, 1.0]
/mnt/data/user_liangzhiyu/envs/fedcsl/lib/python3.8/site-packages/sklearn/utils/validation.py:63: RuntimeWarning:  Orthogonal matching pursuit ended prematurely due to linear
dependence in the dictionary. The requested precision might not have been met.

  return f(*args, **kwargs)
稀疏向量: [-170.44188732    0.            0.         -149.99211704   44.5644645
    0.          194.9887303     0.         -164.31757457    0.
  -23.74804639 -142.67062498  -84.254576      2.24489662    0.
    0.            0.          291.75012505    0.            0.
    0.            0.            0.          -26.22365484    0.
    1.1349429   224.02294228    0.            0.            0.        ]
更新后概率: [0.12209147 0.00871138 0.00871138 0.00871138 0.03192256 0.00871138
 0.13967494 0.00871138 0.11770448 0.00871138 0.00871138 0.00871138
 0.00871138 0.00871138 0.00871138 0.00871138 0.00871138 0.20898737
 0.00871138 0.00871138 0.00871138 0.00871138 0.00871138 0.01878461
 0.00871138 0.00871138 0.16047282 0.00871138 0.00871138 0.00871138]
Classification: 1.0 0.9375636240244316 39
本轮采样概率阵: [0.12209147 0.00871138 0.00871138 0.00871138 0.03192256 0.00871138
 0.13967494 0.00871138 0.11770448 0.00871138 0.00871138 0.00871138
 0.00871138 0.00871138 0.00871138 0.00871138 0.00871138 0.20898737
 0.00871138 0.00871138 0.00871138 0.00871138 0.00871138 0.01878461
 0.00871138 0.00871138 0.16047282 0.00871138 0.00871138 0.00871138]
客户端选择掩码: [1.0, 1.0, 1.0, 1.0, 1.0, 1.0, 1.0, 0.0, 1.0, 0.0, 1.0, 1.0, 0.0, 1.0, 1.0, 1.0, 0.0, 1.0, 0.0, 0.0, 0.0, 0.0, 1.0, 1.0, 0.0, 1.0, 1.0, 1.0, 1.0, 1.0]
/mnt/data/user_liangzhiyu/envs/fedcsl/lib/python3.8/site-packages/sklearn/utils/validation.py:63: RuntimeWarning:  Orthogonal matching pursuit ended prematurely due to linear
dependence in the dictionary. The requested precision might not have been met.

  return f(*args, **kwargs)
稀疏向量: [-25.8465976    0.           0.         -16.22343465   1.69882369
 -22.61016067   0.38822981   0.           0.         -20.23637833
 -14.23422296   0.         -15.22286928   1.0439129    0.
   0.           0.          18.51365769   0.           0.
  33.29954841   0.           0.          29.54100619   0.
   0.          18.94621882   0.          11.37342974   0.        ]
更新后概率: [0.13215124 0.00889988 0.00889988 0.08294891 0.00889988 0.11560364
 0.00889988 0.00889988 0.00889988 0.00889988 0.07277825 0.00889988
 0.00889988 0.00889988 0.00889988 0.00889988 0.00889988 0.09465861
 0.00889988 0.00889988 0.00889988 0.00889988 0.00889988 0.15104041
 0.00889988 0.00889988 0.09687025 0.00889988 0.05815129 0.00889988]
Classification: 1.0 0.9379029521547336 40
本轮采样概率阵: [0.13215124 0.00889988 0.00889988 0.08294891 0.00889988 0.11560364
 0.00889988 0.00889988 0.00889988 0.00889988 0.07277825 0.00889988
 0.00889988 0.00889988 0.00889988 0.00889988 0.00889988 0.09465861
 0.00889988 0.00889988 0.00889988 0.00889988 0.00889988 0.15104041
 0.00889988 0.00889988 0.09687025 0.00889988 0.05815129 0.00889988]
客户端选择掩码: [1.0, 0.0, 0.0, 1.0, 0.0, 1.0, 1.0, 1.0, 1.0, 1.0, 1.0, 1.0, 1.0, 1.0, 0.0, 1.0, 1.0, 1.0, 0.0, 1.0, 0.0, 1.0, 0.0, 1.0, 1.0, 0.0, 1.0, 0.0, 1.0, 1.0]
/mnt/data/user_liangzhiyu/envs/fedcsl/lib/python3.8/site-packages/sklearn/utils/validation.py:63: RuntimeWarning:  Orthogonal matching pursuit ended prematurely due to linear
dependence in the dictionary. The requested precision might not have been met.

  return f(*args, **kwargs)
稀疏向量: [-167.57480292  -50.82825473    0.            0.           38.67084031
    0.            0.            0.          176.62379602    0.
    0.            0.          -20.04358771 -158.93364631 -199.81686784
    0.            0.          122.18524516   76.58583692  107.09997429
    0.            0.            0.            0.           76.87324803
    0.            0.            0.            0.            0.        ]
更新后概率: [0.16164405 0.0086964  0.0086964  0.0086964  0.0086964  0.0086964
 0.0086964  0.0086964  0.17037279 0.0086964  0.0086964  0.0086964
 0.01933421 0.15330872 0.0086964  0.0086964  0.0086964  0.11786091
 0.0086964  0.10330953 0.0086964  0.0086964  0.0086964  0.0086964
 0.07415258 0.0086964  0.0086964  0.0086964  0.0086964  0.0086964 ]
Classification: 1.0 0.9382422802850356 41
本轮采样概率阵: [0.16164405 0.0086964  0.0086964  0.0086964  0.0086964  0.0086964
 0.0086964  0.0086964  0.17037279 0.0086964  0.0086964  0.0086964
 0.01933421 0.15330872 0.0086964  0.0086964  0.0086964  0.11786091
 0.0086964  0.10330953 0.0086964  0.0086964  0.0086964  0.0086964
 0.07415258 0.0086964  0.0086964  0.0086964  0.0086964  0.0086964 ]
客户端选择掩码: [1.0, 0.0, 0.0, 0.0, 0.0, 0.0, 1.0, 1.0, 1.0, 1.0, 0.0, 1.0, 1.0, 1.0, 0.0, 0.0, 1.0, 1.0, 1.0, 1.0, 1.0, 1.0, 1.0, 0.0, 1.0, 1.0, 1.0, 1.0, 1.0, 1.0]
/mnt/data/user_liangzhiyu/envs/fedcsl/lib/python3.8/site-packages/sklearn/utils/validation.py:63: RuntimeWarning:  Orthogonal matching pursuit ended prematurely due to linear
dependence in the dictionary. The requested precision might not have been met.

  return f(*args, **kwargs)
稀疏向量: [ -43.97997711 -116.89673255  -48.26574096    0.          -37.32798655
    0.            0.            0.            0.            0.
   28.64735303    0.           -5.69982307 -136.88466981    0.
    0.         -142.87436405  176.70199988    0.          106.16516888
    0.            0.           73.06751598    0.           72.39534452
   -1.44028161    7.88031154    0.            0.           68.51377197]
更新后概率: [0.04311655 0.0088876  0.0088876  0.0088876  0.0088876  0.0088876
 0.0088876  0.0088876  0.0088876  0.0088876  0.0088876  0.0088876
 0.0088876  0.13419731 0.0088876  0.0088876  0.14006942 0.17323294
 0.0088876  0.10408091 0.0088876  0.0088876  0.07163303 0.0088876
 0.07097406 0.0088876  0.0088876  0.0088876  0.0088876  0.06716869]
Classification: 1.0 0.9385816084153377 42
本轮采样概率阵: [0.04311655 0.0088876  0.0088876  0.0088876  0.0088876  0.0088876
 0.0088876  0.0088876  0.0088876  0.0088876  0.0088876  0.0088876
 0.0088876  0.13419731 0.0088876  0.0088876  0.14006942 0.17323294
 0.0088876  0.10408091 0.0088876  0.0088876  0.07163303 0.0088876
 0.07097406 0.0088876  0.0088876  0.0088876  0.0088876  0.06716869]
客户端选择掩码: [1.0, 1.0, 1.0, 1.0, 1.0, 1.0, 0.0, 1.0, 0.0, 1.0, 1.0, 0.0, 1.0, 1.0, 1.0, 0.0, 1.0, 1.0, 1.0, 1.0, 0.0, 1.0, 1.0, 0.0, 1.0, 0.0, 1.0, 0.0, 0.0, 1.0]
/mnt/data/user_liangzhiyu/envs/fedcsl/lib/python3.8/site-packages/sklearn/utils/validation.py:63: RuntimeWarning:  Orthogonal matching pursuit ended prematurely due to linear
dependence in the dictionary. The requested precision might not have been met.

  return f(*args, **kwargs)
稀疏向量: [-207.10161075    0.            0.            0.            5.64962488
    0.            0.            0.            0.            0.
 -158.473453      0.         -237.56523244    0.            0.
    0.            0.            0.          392.61241356    0.
    0.            0.          -81.57513831    0.            0.
    0.          156.48098699   29.65045879    0.          104.15780003]
更新后概率: [0.12372648 0.00872491 0.00872491 0.00872491 0.00872491 0.00872491
 0.00872491 0.00872491 0.00872491 0.00872491 0.09467509 0.00872491
 0.14192604 0.00872491 0.00872491 0.00872491 0.00872491 0.00872491
 0.2345542  0.00872491 0.00872491 0.00872491 0.04873456 0.00872491
 0.00872491 0.00872491 0.09348475 0.00872491 0.00872491 0.06222587]
Classification: 0.999829960891005 0.9389209365456397 43
本轮采样概率阵: [0.12372648 0.00872491 0.00872491 0.00872491 0.00872491 0.00872491
 0.00872491 0.00872491 0.00872491 0.00872491 0.09467509 0.00872491
 0.14192604 0.00872491 0.00872491 0.00872491 0.00872491 0.00872491
 0.2345542  0.00872491 0.00872491 0.00872491 0.04873456 0.00872491
 0.00872491 0.00872491 0.09348475 0.00872491 0.00872491 0.06222587]
客户端选择掩码: [1.0, 0.0, 0.0, 1.0, 0.0, 1.0, 0.0, 0.0, 1.0, 1.0, 1.0, 1.0, 1.0, 1.0, 0.0, 0.0, 0.0, 0.0, 1.0, 1.0, 1.0, 1.0, 1.0, 1.0, 1.0, 1.0, 1.0, 1.0, 1.0, 1.0]
/mnt/data/user_liangzhiyu/envs/fedcsl/lib/python3.8/site-packages/sklearn/utils/validation.py:63: RuntimeWarning:  Orthogonal matching pursuit ended prematurely due to linear
dependence in the dictionary. The requested precision might not have been met.

  return f(*args, **kwargs)
稀疏向量: [ -1.92359504   0.           0.           0.         -21.9035206
   0.           0.           0.           0.           0.
   0.         -66.04175265  22.63192274 -98.47672319   0.
   0.           0.           0.           0.           0.
   0.           0.          20.36304149   0.           0.
   0.           0.           3.6652258    0.         143.31043411]
更新后概率: [0.00864285 0.00864285 0.00864285 0.00864285 0.00864285 0.00864285
 0.00864285 0.00864285 0.00864285 0.00864285 0.00864285 0.14757273
 0.05057186 0.22004986 0.00864285 0.00864285 0.00864285 0.00864285
 0.00864285 0.00864285 0.00864285 0.00864285 0.04550197 0.00864285
 0.00864285 0.00864285 0.00864285 0.00864285 0.00864285 0.32023244]
Classification: 0.9993198435640197 0.9385816084153377 44
本轮采样概率阵: [0.00864285 0.00864285 0.00864285 0.00864285 0.00864285 0.00864285
 0.00864285 0.00864285 0.00864285 0.00864285 0.00864285 0.14757273
 0.05057186 0.22004986 0.00864285 0.00864285 0.00864285 0.00864285
 0.00864285 0.00864285 0.00864285 0.00864285 0.04550197 0.00864285
 0.00864285 0.00864285 0.00864285 0.00864285 0.00864285 0.32023244]
客户端选择掩码: [0.0, 1.0, 1.0, 1.0, 0.0, 1.0, 1.0, 1.0, 1.0, 0.0, 0.0, 1.0, 1.0, 1.0, 1.0, 0.0, 0.0, 1.0, 0.0, 1.0, 0.0, 1.0, 1.0, 1.0, 0.0, 1.0, 1.0, 1.0, 1.0, 1.0]
/mnt/data/user_liangzhiyu/envs/fedcsl/lib/python3.8/site-packages/sklearn/utils/validation.py:63: RuntimeWarning:  Orthogonal matching pursuit ended prematurely due to linear
dependence in the dictionary. The requested precision might not have been met.

  return f(*args, **kwargs)
稀疏向量: [ -39.27605895    0.            0.            0.          -32.44535576
    0.            0.            0.            0.         -342.42834818
    9.45073612    0.          -36.36910047 -121.10013547    0.
    0.            0.            0.            0.            0.
    0.            0.            0.            0.          157.63476427
    0.            0.          259.62429055  143.04501956    0.        ]
更新后概率: [0.0084587  0.0084587  0.0084587  0.0084587  0.0084587  0.0084587
 0.0084587  0.0084587  0.0084587  0.0084587  0.0084587  0.0084587
 0.05064922 0.16864941 0.0084587  0.0084587  0.0084587  0.0084587
 0.0084587  0.0084587  0.0084587  0.0084587  0.0084587  0.0084587
 0.0084587  0.0084587  0.0084587  0.36156428 0.19921083 0.0084587 ]
Classification: 0.999829960891005 0.9389209365456397 45
本轮采样概率阵: [0.0084587  0.0084587  0.0084587  0.0084587  0.0084587  0.0084587
 0.0084587  0.0084587  0.0084587  0.0084587  0.0084587  0.0084587
 0.05064922 0.16864941 0.0084587  0.0084587  0.0084587  0.0084587
 0.0084587  0.0084587  0.0084587  0.0084587  0.0084587  0.0084587
 0.0084587  0.0084587  0.0084587  0.36156428 0.19921083 0.0084587 ]
客户端选择掩码: [1.0, 0.0, 1.0, 1.0, 0.0, 1.0, 1.0, 1.0, 1.0, 1.0, 1.0, 1.0, 1.0, 1.0, 1.0, 0.0, 1.0, 1.0, 1.0, 1.0, 0.0, 0.0, 0.0, 0.0, 0.0, 0.0, 1.0, 1.0, 1.0, 1.0]
/mnt/data/user_liangzhiyu/envs/fedcsl/lib/python3.8/site-packages/sklearn/utils/validation.py:63: RuntimeWarning:  Orthogonal matching pursuit ended prematurely due to linear
dependence in the dictionary. The requested precision might not have been met.

  return f(*args, **kwargs)
稀疏向量: [-13.21761633   0.           0.           0.         -21.5551435
   0.           0.           0.           0.           0.
   0.         -30.62569042  36.71023728  13.14788372   0.
   0.           0.           0.           0.           0.
   0.          49.95713374 -59.66648247  26.5228427    0.
   0.           0.          -0.21440146   0.           0.        ]
更新后概率: [0.11002611 0.00846194 0.00846194 0.00846194 0.00846194 0.00846194
 0.00846194 0.00846194 0.00846194 0.00846194 0.00846194 0.25493444
 0.30558344 0.10944564 0.00846194 0.00846194 0.00846194 0.00846194
 0.00846194 0.00846194 0.00846194 0.00846194 0.00846194 0.00846194
 0.00846194 0.00846194 0.00846194 0.00846194 0.00846194 0.00846194]
Classification: 1.0 0.9392602646759416 46
本轮采样概率阵: [0.11002611 0.00846194 0.00846194 0.00846194 0.00846194 0.00846194
 0.00846194 0.00846194 0.00846194 0.00846194 0.00846194 0.25493444
 0.30558344 0.10944564 0.00846194 0.00846194 0.00846194 0.00846194
 0.00846194 0.00846194 0.00846194 0.00846194 0.00846194 0.00846194
 0.00846194 0.00846194 0.00846194 0.00846194 0.00846194 0.00846194]
客户端选择掩码: [1.0, 0.0, 0.0, 1.0, 1.0, 1.0, 0.0, 1.0, 0.0, 0.0, 1.0, 1.0, 1.0, 1.0, 1.0, 1.0, 1.0, 0.0, 1.0, 1.0, 1.0, 0.0, 1.0, 0.0, 1.0, 1.0, 1.0, 0.0, 1.0, 1.0]
/mnt/data/user_liangzhiyu/envs/fedcsl/lib/python3.8/site-packages/sklearn/utils/validation.py:63: RuntimeWarning:  Orthogonal matching pursuit ended prematurely due to linear
dependence in the dictionary. The requested precision might not have been met.

  return f(*args, **kwargs)
稀疏向量: [  86.19274663  304.79435139    0.            0.         -134.4544484
    0.            0.            0.            0.            0.
  237.90487925    0.            0.         -183.04021129    0.
    0.         -429.2662282   303.41163443 -198.21453631  632.63620048
    0.            0.            0.         -709.81870921   99.61422127
    0.            0.            0.            0.            0.        ]
更新后概率: [0.03478445 0.00874246 0.00874246 0.00874246 0.05426123 0.00874246
 0.00874246 0.00874246 0.00874246 0.00874246 0.09601029 0.00874246
 0.00874246 0.07386878 0.00874246 0.00874246 0.1732372  0.00874246
 0.07999262 0.25531038 0.00874246 0.00874246 0.00874246 0.00874246
 0.0402009  0.00874246 0.00874246 0.00874246 0.00874246 0.00874246]
Classification: 0.999829960891005 0.9399389209365456 47
本轮采样概率阵: [0.03478445 0.00874246 0.00874246 0.00874246 0.05426123 0.00874246
 0.00874246 0.00874246 0.00874246 0.00874246 0.09601029 0.00874246
 0.00874246 0.07386878 0.00874246 0.00874246 0.1732372  0.00874246
 0.07999262 0.25531038 0.00874246 0.00874246 0.00874246 0.00874246
 0.0402009  0.00874246 0.00874246 0.00874246 0.00874246 0.00874246]
客户端选择掩码: [1.0, 0.0, 0.0, 0.0, 1.0, 1.0, 1.0, 1.0, 1.0, 1.0, 1.0, 1.0, 0.0, 1.0, 0.0, 1.0, 1.0, 1.0, 1.0, 1.0, 0.0, 1.0, 1.0, 1.0, 1.0, 1.0, 0.0, 0.0, 0.0, 1.0]
/mnt/data/user_liangzhiyu/envs/fedcsl/lib/python3.8/site-packages/sklearn/utils/validation.py:63: RuntimeWarning:  Orthogonal matching pursuit ended prematurely due to linear
dependence in the dictionary. The requested precision might not have been met.

  return f(*args, **kwargs)
稀疏向量: [   76.280111       0.             0.             0.
  -419.59684257     0.             0.          1089.71801854
     0.           890.03873292     0.             0.
     0.          -260.72768279     0.             0.
     0.         -1352.86556215   454.77269846     0.
     0.             0.             0.          -919.70699933
  -369.6906269   1124.12028381  -654.04359172     0.
   359.48847904     0.        ]
更新后概率: [0.00900819 0.00891808 0.00891808 0.00891808 0.04955171 0.00891808
 0.00891808 0.12868875 0.00891808 0.1051079  0.00891808 0.00891808
 0.00891808 0.03079028 0.00891808 0.00891808 0.00891808 0.15976479
 0.05370575 0.00891808 0.00891808 0.00891808 0.00891808 0.10861153
 0.0436581  0.13275143 0.00891808 0.00891808 0.00891808 0.00891808]
Classification: 1.0 0.9395995928062436 48
本轮采样概率阵: [0.00900819 0.00891808 0.00891808 0.00891808 0.04955171 0.00891808
 0.00891808 0.12868875 0.00891808 0.1051079  0.00891808 0.00891808
 0.00891808 0.03079028 0.00891808 0.00891808 0.00891808 0.15976479
 0.05370575 0.00891808 0.00891808 0.00891808 0.00891808 0.10861153
 0.0436581  0.13275143 0.00891808 0.00891808 0.00891808 0.00891808]
客户端选择掩码: [1.0, 1.0, 1.0, 1.0, 1.0, 0.0, 0.0, 1.0, 1.0, 1.0, 0.0, 1.0, 1.0, 1.0, 1.0, 1.0, 1.0, 1.0, 1.0, 0.0, 0.0, 0.0, 0.0, 1.0, 1.0, 1.0, 0.0, 1.0, 1.0, 0.0]
/mnt/data/user_liangzhiyu/envs/fedcsl/lib/python3.8/site-packages/sklearn/utils/validation.py:63: RuntimeWarning:  Orthogonal matching pursuit ended prematurely due to linear
dependence in the dictionary. The requested precision might not have been met.

  return f(*args, **kwargs)
稀疏向量: [ -72.47619837    0.            0.            0.          -18.66113313
    0.            0.          665.67087902    0.          372.03768593
    0.          -84.00903102    0.         -164.76628789    0.
    0.            0.         -147.85150629  159.35191152    0.
    0.          271.39922034    0.         -384.94554626 -644.49648858
    0.         -109.01521718    0.            0.          155.4460204 ]
更新后概率: [0.02186084 0.00890144 0.00890144 0.00890144 0.00890144 0.00890144
 0.00890144 0.2007849  0.00890144 0.11221694 0.00890144 0.02533947
 0.00890144 0.04969811 0.00890144 0.00890144 0.00890144 0.04459614
 0.04806498 0.00890144 0.00890144 0.00890144 0.00890144 0.11611031
 0.19439811 0.00890144 0.00890144 0.00890144 0.00890144 0.00890144]
Classification: 0.999829960891005 0.9402782490668476 49
本轮采样概率阵: [0.02186084 0.00890144 0.00890144 0.00890144 0.00890144 0.00890144
 0.00890144 0.2007849  0.00890144 0.11221694 0.00890144 0.02533947
 0.00890144 0.04969811 0.00890144 0.00890144 0.00890144 0.04459614
 0.04806498 0.00890144 0.00890144 0.00890144 0.00890144 0.11611031
 0.19439811 0.00890144 0.00890144 0.00890144 0.00890144 0.00890144]
客户端选择掩码: [1.0, 0.0, 0.0, 1.0, 1.0, 0.0, 0.0, 1.0, 0.0, 1.0, 0.0, 1.0, 1.0, 1.0, 1.0, 1.0, 1.0, 1.0, 1.0, 0.0, 1.0, 0.0, 1.0, 1.0, 1.0, 1.0, 1.0, 1.0, 0.0, 1.0]
/mnt/data/user_liangzhiyu/envs/fedcsl/lib/python3.8/site-packages/sklearn/utils/validation.py:63: RuntimeWarning:  Orthogonal matching pursuit ended prematurely due to linear
dependence in the dictionary. The requested precision might not have been met.

  return f(*args, **kwargs)
稀疏向量: [ 20.45697203   0.           0.           0.          -1.10299841
   0.           0.           0.           0.           0.
  27.56028275  28.72919141   0.          28.19138539   0.
   0.           0.           0.           0.           0.
   0.           0.          -9.93082459 -22.55327937   0.
   6.59725956 -29.23320213   0.           0.         -47.51603016]
更新后概率: [0.08535134 0.00881317 0.00881317 0.00881317 0.00881317 0.00881317
 0.00881317 0.00881317 0.00881317 0.00881317 0.00881317 0.119865
 0.00881317 0.11762115 0.00881317 0.00881317 0.00881317 0.00881317
 0.00881317 0.00881317 0.00881317 0.00881317 0.04143376 0.09409763
 0.00881317 0.02752533 0.12196786 0.00881317 0.00881317 0.19824815]
Classification: 1.0 0.9395995928062436 50
本轮采样概率阵: [0.08535134 0.00881317 0.00881317 0.00881317 0.00881317 0.00881317
 0.00881317 0.00881317 0.00881317 0.00881317 0.00881317 0.119865
 0.00881317 0.11762115 0.00881317 0.00881317 0.00881317 0.00881317
 0.00881317 0.00881317 0.00881317 0.00881317 0.04143376 0.09409763
 0.00881317 0.02752533 0.12196786 0.00881317 0.00881317 0.19824815]
客户端选择掩码: [1.0, 1.0, 1.0, 0.0, 0.0, 1.0, 1.0, 1.0, 1.0, 0.0, 1.0, 1.0, 0.0, 1.0, 1.0, 0.0, 1.0, 0.0, 1.0, 1.0, 0.0, 1.0, 0.0, 1.0, 0.0, 1.0, 1.0, 1.0, 1.0, 1.0]
/mnt/data/user_liangzhiyu/envs/fedcsl/lib/python3.8/site-packages/sklearn/utils/validation.py:63: RuntimeWarning:  Orthogonal matching pursuit ended prematurely due to linear
dependence in the dictionary. The requested precision might not have been met.

  return f(*args, **kwargs)
稀疏向量: [  1.57893311   0.           0.           0.           6.86699294
   0.           0.           0.           0.          40.15095103
   4.40332727   0.           7.4186345   10.80278438   0.
   0.           0.           0.           0.           0.
   0.           0.           0.           0.         -38.94040704
 -31.4406934    0.           0.           0.           0.        ]
更新后概率: [0.02465083 0.00847821 0.00847821 0.00847821 0.00847821 0.00847821
 0.00847821 0.00847821 0.00847821 0.00847821 0.06874622 0.00847821
 0.00847821 0.1686567  0.00847821 0.00847821 0.00847821 0.00847821
 0.00847821 0.00847821 0.00847821 0.00847821 0.0351284  0.00847821
 0.00847821 0.49086266 0.00847821 0.00847821 0.00847821 0.00847821]
Classification: 1.0 0.9399389209365456 51
本轮采样概率阵: [0.02465083 0.00847821 0.00847821 0.00847821 0.00847821 0.00847821
 0.00847821 0.00847821 0.00847821 0.00847821 0.06874622 0.00847821
 0.00847821 0.1686567  0.00847821 0.00847821 0.00847821 0.00847821
 0.00847821 0.00847821 0.00847821 0.00847821 0.0351284  0.00847821
 0.00847821 0.49086266 0.00847821 0.00847821 0.00847821 0.00847821]
客户端选择掩码: [1.0, 1.0, 1.0, 1.0, 1.0, 1.0, 1.0, 1.0, 1.0, 1.0, 1.0, 1.0, 1.0, 1.0, 0.0, 1.0, 0.0, 0.0, 0.0, 0.0, 0.0, 1.0, 1.0, 1.0, 0.0, 1.0, 1.0, 0.0, 0.0, 1.0]
/mnt/data/user_liangzhiyu/envs/fedcsl/lib/python3.8/site-packages/sklearn/utils/validation.py:63: RuntimeWarning:  Orthogonal matching pursuit ended prematurely due to linear
dependence in the dictionary. The requested precision might not have been met.

  return f(*args, **kwargs)
稀疏向量: [ 22.66100177   0.           0.           0.          -4.75198219
   0.           0.           0.           0.          48.3459202
   0.           0.           5.48245174  12.46143909   0.
   0.           0.         -35.3410288    0.           0.
   0.           0.           0.         -19.30250783 -28.04148789
   0.           0.           0.           0.           0.        ]
更新后概率: [0.15917315 0.00859331 0.00859331 0.00859331 0.0333784  0.00859331
 0.00859331 0.00859331 0.00859331 0.3395866  0.00859331 0.00859331
 0.03850929 0.0875304  0.00859331 0.00859331 0.00859331 0.00859331
 0.00859331 0.00859331 0.00859331 0.00859331 0.00859331 0.13558275
 0.00859331 0.00859331 0.00859331 0.00859331 0.00859331 0.00859331]
Classification: 1.0 0.9395995928062436 52
本轮采样概率阵: [0.15917315 0.00859331 0.00859331 0.00859331 0.0333784  0.00859331
 0.00859331 0.00859331 0.00859331 0.3395866  0.00859331 0.00859331
 0.03850929 0.0875304  0.00859331 0.00859331 0.00859331 0.00859331
 0.00859331 0.00859331 0.00859331 0.00859331 0.00859331 0.13558275
 0.00859331 0.00859331 0.00859331 0.00859331 0.00859331 0.00859331]
客户端选择掩码: [1.0, 1.0, 1.0, 0.0, 1.0, 1.0, 0.0, 0.0, 1.0, 1.0, 0.0, 1.0, 1.0, 1.0, 1.0, 1.0, 1.0, 0.0, 1.0, 1.0, 0.0, 1.0, 1.0, 1.0, 1.0, 0.0, 1.0, 0.0, 1.0, 0.0]
/mnt/data/user_liangzhiyu/envs/fedcsl/lib/python3.8/site-packages/sklearn/utils/validation.py:63: RuntimeWarning:  Orthogonal matching pursuit ended prematurely due to linear
dependence in the dictionary. The requested precision might not have been met.

  return f(*args, **kwargs)
稀疏向量: [ 12.63269268   0.           0.          13.27155108  -1.17814972
   0.           0.           0.           0.           0.
  10.29107498   0.           2.28460027   4.67338197   0.
  10.52955223   0.           0.           0.           0.
   0.           0.           0.         -20.40677172   0.
  -7.95434573 -22.75640539   0.           0.           0.        ]
更新后概率: [0.13580142 0.00867558 0.00867558 0.00867558 0.01266511 0.00867558
 0.00867558 0.00867558 0.00867558 0.00867558 0.00867558 0.00867558
 0.02455945 0.05023885 0.00867558 0.11319267 0.00867558 0.00867558
 0.00867558 0.00867558 0.00867558 0.00867558 0.00867558 0.21937276
 0.00867558 0.00867558 0.24463132 0.00867558 0.00867558 0.00867558]
Classification: 1.0 0.9395995928062436 53
本轮采样概率阵: [0.13580142 0.00867558 0.00867558 0.00867558 0.01266511 0.00867558
 0.00867558 0.00867558 0.00867558 0.00867558 0.00867558 0.00867558
 0.02455945 0.05023885 0.00867558 0.11319267 0.00867558 0.00867558
 0.00867558 0.00867558 0.00867558 0.00867558 0.00867558 0.21937276
 0.00867558 0.00867558 0.24463132 0.00867558 0.00867558 0.00867558]
客户端选择掩码: [1.0, 1.0, 1.0, 1.0, 0.0, 1.0, 1.0, 0.0, 0.0, 1.0, 1.0, 1.0, 1.0, 1.0, 1.0, 1.0, 1.0, 1.0, 1.0, 0.0, 0.0, 1.0, 0.0, 1.0, 1.0, 0.0, 1.0, 0.0, 0.0, 1.0]
/mnt/data/user_liangzhiyu/envs/fedcsl/lib/python3.8/site-packages/sklearn/utils/validation.py:63: RuntimeWarning:  Orthogonal matching pursuit ended prematurely due to linear
dependence in the dictionary. The requested precision might not have been met.

  return f(*args, **kwargs)
稀疏向量: [  0.           0.           0.           0.           0.98310985
   0.           6.68876957   0.           0.          14.35520986
   7.85901011   0.           0.           5.33143306   0.
   0.           0.           0.           0.          -9.92057846
   0.           0.          -4.21523928   0.           0.
 -19.86906047   0.           0.           0.           0.        ]
更新后概率: [0.0084703  0.0084703  0.0084703  0.0084703  0.01072773 0.0084703
 0.15191191 0.0084703  0.0084703  0.32602818 0.17848982 0.0084703
 0.0084703  0.12108478 0.0084703  0.0084703  0.0084703  0.0084703
 0.0084703  0.0084703  0.0084703  0.0084703  0.0084703  0.0084703
 0.0084703  0.0084703  0.0084703  0.0084703  0.0084703  0.0084703 ]
Classification: 1.0 0.9402782490668476 54
本轮采样概率阵: [0.0084703  0.0084703  0.0084703  0.0084703  0.01072773 0.0084703
 0.15191191 0.0084703  0.0084703  0.32602818 0.17848982 0.0084703
 0.0084703  0.12108478 0.0084703  0.0084703  0.0084703  0.0084703
 0.0084703  0.0084703  0.0084703  0.0084703  0.0084703  0.0084703
 0.0084703  0.0084703  0.0084703  0.0084703  0.0084703  0.0084703 ]
客户端选择掩码: [1.0, 1.0, 1.0, 1.0, 0.0, 1.0, 1.0, 1.0, 1.0, 1.0, 1.0, 1.0, 1.0, 1.0, 0.0, 0.0, 1.0, 1.0, 1.0, 1.0, 0.0, 0.0, 0.0, 0.0, 1.0, 1.0, 0.0, 0.0, 1.0, 1.0]
/mnt/data/user_liangzhiyu/envs/fedcsl/lib/python3.8/site-packages/sklearn/utils/validation.py:63: RuntimeWarning:  Orthogonal matching pursuit ended prematurely due to linear
dependence in the dictionary. The requested precision might not have been met.

  return f(*args, **kwargs)
稀疏向量: [ 31.99103114   0.           0.          33.76670925  19.87627776
   0.           0.           0.           0.           0.
  29.37114889   0.           0.           0.           0.
   0.         -28.0842696    0.           0.           0.
   0.           0.          16.34783011 -23.56008768   0.
 -78.62051632   0.           0.           0.           0.        ]
更新后概率: [0.12460026 0.00853069 0.00853069 0.13151626 0.0091515  0.00853069
 0.00853069 0.00853069 0.00853069 0.00853069 0.11439621 0.00853069
 0.00853069 0.00853069 0.00853069 0.00853069 0.10938401 0.00853069
 0.00853069 0.00853069 0.00853069 0.00853069 0.00853069 0.00853069
 0.00853069 0.3062151  0.00853069 0.00853069 0.00853069 0.00853069]
Classification: 1.0 0.9395995928062436 55
本轮采样概率阵: [0.12460026 0.00853069 0.00853069 0.13151626 0.0091515  0.00853069
 0.00853069 0.00853069 0.00853069 0.00853069 0.11439621 0.00853069
 0.00853069 0.00853069 0.00853069 0.00853069 0.10938401 0.00853069
 0.00853069 0.00853069 0.00853069 0.00853069 0.00853069 0.00853069
 0.00853069 0.3062151  0.00853069 0.00853069 0.00853069 0.00853069]
客户端选择掩码: [1.0, 1.0, 1.0, 1.0, 0.0, 0.0, 0.0, 1.0, 1.0, 0.0, 1.0, 0.0, 0.0, 1.0, 1.0, 0.0, 1.0, 1.0, 1.0, 1.0, 1.0, 0.0, 1.0, 1.0, 1.0, 1.0, 0.0, 1.0, 1.0, 1.0]
/mnt/data/user_liangzhiyu/envs/fedcsl/lib/python3.8/site-packages/sklearn/utils/validation.py:63: RuntimeWarning:  Orthogonal matching pursuit ended prematurely due to linear
dependence in the dictionary. The requested precision might not have been met.

  return f(*args, **kwargs)
稀疏向量: [ 12.26520619   0.           0.           0.           5.10784795
  43.5579306    0.           0.           0.           0.
   0.           0.           5.40671659   0.           0.
   0.           0.           0.           0.           0.
 -38.24127336   0.          -3.20870393 -23.61850868   0.
   0.           0.           0.           0.           0.        ]
更新后概率: [0.12373199 0.00845592 0.00845592 0.00845592 0.00845592 0.00845592
 0.00845592 0.00845592 0.00845592 0.00845592 0.00845592 0.00845592
 0.00845592 0.00845592 0.00845592 0.00845592 0.00845592 0.00845592
 0.00845592 0.00845592 0.3857798  0.00845592 0.03236956 0.23826465
 0.00845592 0.00845592 0.00845592 0.00845592 0.00845592 0.00845592]
Classification: 1.0 0.9392602646759416 56
本轮采样概率阵: [0.12373199 0.00845592 0.00845592 0.00845592 0.00845592 0.00845592
 0.00845592 0.00845592 0.00845592 0.00845592 0.00845592 0.00845592
 0.00845592 0.00845592 0.00845592 0.00845592 0.00845592 0.00845592
 0.00845592 0.00845592 0.3857798  0.00845592 0.03236956 0.23826465
 0.00845592 0.00845592 0.00845592 0.00845592 0.00845592 0.00845592]
客户端选择掩码: [1.0, 1.0, 1.0, 1.0, 1.0, 1.0, 1.0, 1.0, 0.0, 0.0, 0.0, 1.0, 0.0, 1.0, 1.0, 1.0, 0.0, 1.0, 1.0, 1.0, 1.0, 0.0, 1.0, 1.0, 1.0, 0.0, 1.0, 1.0, 0.0, 0.0]
/mnt/data/user_liangzhiyu/envs/fedcsl/lib/python3.8/site-packages/sklearn/utils/validation.py:63: RuntimeWarning:  Orthogonal matching pursuit ended prematurely due to linear
dependence in the dictionary. The requested precision might not have been met.

  return f(*args, **kwargs)
稀疏向量: [ -72.22635412  127.55535139    0.            0.           27.7116297
    0.            0.            0.            0.            0.
    0.           57.0562395    27.73335175   49.93450976    0.
    0.            0.            0.            0.            0.
    0.            0.          -56.98513667    0.            0.
 -159.44151875    0.            0.            0.            0.        ]
更新后概率: [0.14645596 0.25864854 0.00859183 0.00859183 0.05619186 0.00859183
 0.00859183 0.00859183 0.00859183 0.00859183 0.00859183 0.11569498
 0.00859183 0.10125399 0.00859183 0.00859183 0.00859183 0.00859183
 0.00859183 0.00859183 0.00859183 0.00859183 0.1155508  0.00859183
 0.00859183 0.00859183 0.00859183 0.00859183 0.00859183 0.00859183]
Classification: 1.0 0.9399389209365456 57
本轮采样概率阵: [0.14645596 0.25864854 0.00859183 0.00859183 0.05619186 0.00859183
 0.00859183 0.00859183 0.00859183 0.00859183 0.00859183 0.11569498
 0.00859183 0.10125399 0.00859183 0.00859183 0.00859183 0.00859183
 0.00859183 0.00859183 0.00859183 0.00859183 0.1155508  0.00859183
 0.00859183 0.00859183 0.00859183 0.00859183 0.00859183 0.00859183]
客户端选择掩码: [1.0, 1.0, 1.0, 0.0, 1.0, 1.0, 0.0, 1.0, 0.0, 1.0, 1.0, 1.0, 0.0, 1.0, 1.0, 1.0, 1.0, 0.0, 1.0, 0.0, 1.0, 1.0, 1.0, 0.0, 1.0, 1.0, 0.0, 0.0, 1.0, 1.0]
/mnt/data/user_liangzhiyu/envs/fedcsl/lib/python3.8/site-packages/sklearn/utils/validation.py:63: RuntimeWarning:  Orthogonal matching pursuit ended prematurely due to linear
dependence in the dictionary. The requested precision might not have been met.

  return f(*args, **kwargs)
稀疏向量: [  7.08746823   0.           0.          14.76793526   5.10626654
   0.           0.           0.           0.           0.
   2.82818305   0.          -2.50986632   2.7866079    0.
   0.           0.          -4.47057739   0.           0.
   0.           0.           1.1260409   -4.49542848   0.
 -21.22249302   0.           0.           0.           0.        ]
更新后概率: [0.14006173 0.00860087 0.00860087 0.00860087 0.10090945 0.00860087
 0.00860087 0.00860087 0.00860087 0.00860087 0.05589023 0.00860087
 0.00860087 0.05506863 0.00860087 0.00860087 0.00860087 0.00860087
 0.00860087 0.00860087 0.00860087 0.00860087 0.02225269 0.00860087
 0.00860087 0.41939647 0.00860087 0.00860087 0.00860087 0.00860087]
Classification: 1.0 0.9395995928062436 58
本轮采样概率阵: [0.14006173 0.00860087 0.00860087 0.00860087 0.10090945 0.00860087
 0.00860087 0.00860087 0.00860087 0.00860087 0.05589023 0.00860087
 0.00860087 0.05506863 0.00860087 0.00860087 0.00860087 0.00860087
 0.00860087 0.00860087 0.00860087 0.00860087 0.02225269 0.00860087
 0.00860087 0.41939647 0.00860087 0.00860087 0.00860087 0.00860087]
客户端选择掩码: [1.0, 0.0, 0.0, 1.0, 1.0, 1.0, 1.0, 1.0, 0.0, 1.0, 1.0, 0.0, 1.0, 1.0, 0.0, 1.0, 1.0, 0.0, 1.0, 0.0, 1.0, 1.0, 1.0, 1.0, 1.0, 1.0, 1.0, 0.0, 1.0, 0.0]
/mnt/data/user_liangzhiyu/envs/fedcsl/lib/python3.8/site-packages/sklearn/utils/validation.py:63: RuntimeWarning:  Orthogonal matching pursuit ended prematurely due to linear
dependence in the dictionary. The requested precision might not have been met.

  return f(*args, **kwargs)
稀疏向量: [  77.69332415    0.            0.          119.03067237   -8.70978364
    0.            0.            0.            0.            0.
    0.            0.           54.35859158   92.93306844    0.
    0.            0.          -95.86021403    0.            0.
    0.            0.            0.          -50.17201982    0.
    0.         -131.88694966    0.            0.          -56.17330763]
更新后概率: [0.11628912 0.0086761  0.0086761  0.17816166 0.01303655 0.0086761
 0.0086761  0.0086761  0.0086761  0.0086761  0.0086761  0.0086761
 0.08136236 0.13909952 0.0086761  0.0086761  0.0086761  0.0086761
 0.0086761  0.0086761  0.0086761  0.0086761  0.0086761  0.07509603
 0.0086761  0.0086761  0.19740456 0.0086761  0.0086761  0.0086761 ]
Classification: 1.0 0.9399389209365456 59
本轮采样概率阵: [0.11628912 0.0086761  0.0086761  0.17816166 0.01303655 0.0086761
 0.0086761  0.0086761  0.0086761  0.0086761  0.0086761  0.0086761
 0.08136236 0.13909952 0.0086761  0.0086761  0.0086761  0.0086761
 0.0086761  0.0086761  0.0086761  0.0086761  0.0086761  0.07509603
 0.0086761  0.0086761  0.19740456 0.0086761  0.0086761  0.0086761 ]
客户端选择掩码: [1.0, 0.0, 1.0, 1.0, 1.0, 0.0, 0.0, 0.0, 0.0, 0.0, 1.0, 1.0, 1.0, 1.0, 1.0, 1.0, 1.0, 1.0, 1.0, 1.0, 0.0, 1.0, 1.0, 1.0, 1.0, 0.0, 1.0, 0.0, 1.0, 1.0]
/mnt/data/user_liangzhiyu/envs/fedcsl/lib/python3.8/site-packages/sklearn/utils/validation.py:63: RuntimeWarning:  Orthogonal matching pursuit ended prematurely due to linear
dependence in the dictionary. The requested precision might not have been met.

  return f(*args, **kwargs)
稀疏向量: [  3.32618883   0.           0.           7.26886877   3.6470172
   0.           0.           0.           0.           0.
   0.           0.           4.83996223   6.32526412   0.
   0.           0.           0.          -7.98968556   0.
   0.           0.           0.           0.           0.
 -16.43856867   0.           0.           0.           0.        ]
更新后概率: [0.07902348 0.00860648 0.00860648 0.17269354 0.08664571 0.00860648
 0.00860648 0.00860648 0.00860648 0.00860648 0.00860648 0.00860648
 0.11498766 0.15027541 0.00860648 0.00860648 0.00860648 0.00860648
 0.18981868 0.00860648 0.00860648 0.00860648 0.00860648 0.00860648
 0.00860648 0.00860648 0.00860648 0.00860648 0.00860648 0.00860648]
Classification: 1.0 0.9402782490668476 60
本轮采样概率阵: [0.07902348 0.00860648 0.00860648 0.17269354 0.08664571 0.00860648
 0.00860648 0.00860648 0.00860648 0.00860648 0.00860648 0.00860648
 0.11498766 0.15027541 0.00860648 0.00860648 0.00860648 0.00860648
 0.18981868 0.00860648 0.00860648 0.00860648 0.00860648 0.00860648
 0.00860648 0.00860648 0.00860648 0.00860648 0.00860648 0.00860648]
客户端选择掩码: [1.0, 1.0, 1.0, 1.0, 1.0, 0.0, 1.0, 1.0, 1.0, 1.0, 0.0, 1.0, 1.0, 1.0, 0.0, 1.0, 0.0, 0.0, 1.0, 1.0, 1.0, 1.0, 1.0, 0.0, 0.0, 1.0, 0.0, 1.0, 0.0, 1.0]
/mnt/data/user_liangzhiyu/envs/fedcsl/lib/python3.8/site-packages/sklearn/utils/validation.py:63: RuntimeWarning:  Orthogonal matching pursuit ended prematurely due to linear
dependence in the dictionary. The requested precision might not have been met.

  return f(*args, **kwargs)
稀疏向量: [ 0.38321658  0.          0.          0.          0.31609147  0.
  0.          0.          0.          6.30407378  0.          0.
  0.          6.03597246  0.          0.          0.          0.
 -2.90771146  0.          0.          0.          0.          0.
  0.          0.          0.          0.          0.         -9.11965711]
更新后概率: [0.01213177 0.00860184 0.00860184 0.00860184 0.01000674 0.00860184
 0.00860184 0.00860184 0.00860184 0.19957273 0.00860184 0.00860184
 0.00860184 0.19108524 0.00860184 0.00860184 0.00860184 0.00860184
 0.09205157 0.00860184 0.00860184 0.00860184 0.00860184 0.00860184
 0.00860184 0.00860184 0.00860184 0.00860184 0.00860184 0.28870773]
Classification: 1.0 0.9402782490668476 61
本轮采样概率阵: [0.01213177 0.00860184 0.00860184 0.00860184 0.01000674 0.00860184
 0.00860184 0.00860184 0.00860184 0.19957273 0.00860184 0.00860184
 0.00860184 0.19108524 0.00860184 0.00860184 0.00860184 0.00860184
 0.09205157 0.00860184 0.00860184 0.00860184 0.00860184 0.00860184
 0.00860184 0.00860184 0.00860184 0.00860184 0.00860184 0.28870773]
客户端选择掩码: [1.0, 0.0, 1.0, 1.0, 1.0, 0.0, 1.0, 1.0, 0.0, 1.0, 0.0, 0.0, 1.0, 1.0, 1.0, 1.0, 0.0, 1.0, 1.0, 1.0, 1.0, 1.0, 0.0, 1.0, 1.0, 0.0, 1.0, 0.0, 1.0, 1.0]
/mnt/data/user_liangzhiyu/envs/fedcsl/lib/python3.8/site-packages/sklearn/utils/validation.py:63: RuntimeWarning:  Orthogonal matching pursuit ended prematurely due to linear
dependence in the dictionary. The requested precision might not have been met.

  return f(*args, **kwargs)
稀疏向量: [ 24.49787924   0.           0.           0.          -9.92741382
   0.           0.           0.           0.          38.91877785
   9.06330357   0.           0.          18.87643368   0.
   0.           0.           0.           0.           0.
   0.           0.         -14.30139241 -27.03040374   0.
   0.           0.           0.         -38.23000154   0.        ]
更新后概率: [0.12344744 0.00860153 0.00860153 0.00860153 0.0500253  0.00860153
 0.00860153 0.00860153 0.00860153 0.1961159  0.00860153 0.00860153
 0.00860153 0.09512037 0.00860153 0.00860153 0.00860153 0.00860153
 0.00860153 0.00860153 0.00860153 0.00860153 0.00860153 0.1362091
 0.00860153 0.00860153 0.00860153 0.00860153 0.19264508 0.00860153]
Classification: 1.0 0.9402782490668476 62
本轮采样概率阵: [0.12344744 0.00860153 0.00860153 0.00860153 0.0500253  0.00860153
 0.00860153 0.00860153 0.00860153 0.1961159  0.00860153 0.00860153
 0.00860153 0.09512037 0.00860153 0.00860153 0.00860153 0.00860153
 0.00860153 0.00860153 0.00860153 0.00860153 0.00860153 0.1362091
 0.00860153 0.00860153 0.00860153 0.00860153 0.19264508 0.00860153]
客户端选择掩码: [1.0, 1.0, 0.0, 1.0, 1.0, 0.0, 1.0, 1.0, 1.0, 1.0, 1.0, 1.0, 0.0, 1.0, 0.0, 1.0, 1.0, 0.0, 1.0, 0.0, 1.0, 0.0, 0.0, 1.0, 1.0, 1.0, 1.0, 1.0, 1.0, 0.0]
/mnt/data/user_liangzhiyu/envs/fedcsl/lib/python3.8/site-packages/sklearn/utils/validation.py:63: RuntimeWarning:  Orthogonal matching pursuit ended prematurely due to linear
dependence in the dictionary. The requested precision might not have been met.

  return f(*args, **kwargs)
稀疏向量: [  20.03062504    0.            0.          -54.44380226  -13.08269895
    0.          -18.40401667    0.            0.          128.45508262
    9.74547002    0.           -9.50670444   48.43693038    0.
    0.            0.            0.            0.            0.
    0.           50.31224507    0.            0.          -36.11768605
    0.            0.            0.            0.         -125.274833  ]
更新后概率: [0.04920296 0.00875207 0.00875207 0.13373503 0.03213617 0.00875207
 0.04520738 0.00875207 0.00875207 0.31553535 0.02393864 0.00875207
 0.00875207 0.11897983 0.00875207 0.00875207 0.00875207 0.00875207
 0.00875207 0.00875207 0.00875207 0.00875207 0.00875207 0.00875207
 0.088719   0.00875207 0.00875207 0.00875207 0.00875207 0.00875207]
Classification: 1.0 0.9406175771971497 63
本轮采样概率阵: [0.04920296 0.00875207 0.00875207 0.13373503 0.03213617 0.00875207
 0.04520738 0.00875207 0.00875207 0.31553535 0.02393864 0.00875207
 0.00875207 0.11897983 0.00875207 0.00875207 0.00875207 0.00875207
 0.00875207 0.00875207 0.00875207 0.00875207 0.00875207 0.00875207
 0.088719   0.00875207 0.00875207 0.00875207 0.00875207 0.00875207]
客户端选择掩码: [1.0, 0.0, 0.0, 1.0, 1.0, 0.0, 1.0, 1.0, 1.0, 1.0, 0.0, 1.0, 1.0, 1.0, 0.0, 1.0, 0.0, 1.0, 1.0, 0.0, 1.0, 1.0, 0.0, 1.0, 1.0, 1.0, 1.0, 1.0, 1.0, 0.0]
/mnt/data/user_liangzhiyu/envs/fedcsl/lib/python3.8/site-packages/sklearn/utils/validation.py:63: RuntimeWarning:  Orthogonal matching pursuit ended prematurely due to linear
dependence in the dictionary. The requested precision might not have been met.

  return f(*args, **kwargs)
稀疏向量: [-1.61851827  0.          0.          0.          2.49904563  0.
  0.          0.          8.99125339 -2.67654746  0.          0.
  0.         -4.35276679 -9.47453797  0.          0.          0.
  0.          0.          0.          0.          6.40999458  1.14468397
  0.          0.          0.          0.          0.          0.        ]
更新后概率: [0.05939999 0.00862081 0.00862081 0.00862081 0.09171555 0.00862081
 0.00862081 0.00862081 0.32998108 0.09822991 0.02063706 0.00862081
 0.00862081 0.15974755 0.00862081 0.00862081 0.00862081 0.00862081
 0.00862081 0.00862081 0.00862081 0.00862081 0.00862081 0.04201017
 0.00862081 0.00862081 0.00862081 0.00862081 0.00862081 0.00862081]
Classification: 1.0 0.9409569053274517 64
本轮采样概率阵: [0.05939999 0.00862081 0.00862081 0.00862081 0.09171555 0.00862081
 0.00862081 0.00862081 0.32998108 0.09822991 0.02063706 0.00862081
 0.00862081 0.15974755 0.00862081 0.00862081 0.00862081 0.00862081
 0.00862081 0.00862081 0.00862081 0.00862081 0.00862081 0.04201017
 0.00862081 0.00862081 0.00862081 0.00862081 0.00862081 0.00862081]
客户端选择掩码: [1.0, 1.0, 1.0, 1.0, 1.0, 1.0, 0.0, 0.0, 1.0, 1.0, 1.0, 1.0, 1.0, 1.0, 1.0, 1.0, 1.0, 1.0, 1.0, 1.0, 0.0, 0.0, 0.0, 1.0, 0.0, 0.0, 1.0, 0.0, 0.0, 1.0]
/mnt/data/user_liangzhiyu/envs/fedcsl/lib/python3.8/site-packages/sklearn/utils/validation.py:63: RuntimeWarning:  Orthogonal matching pursuit ended prematurely due to linear
dependence in the dictionary. The requested precision might not have been met.

  return f(*args, **kwargs)
稀疏向量: [-3.08275102  0.          0.          0.          2.65862873  0.
  0.          0.          0.         -8.11933027 -2.74605248  3.90139005
  0.          0.          0.          0.          0.          0.
  0.          7.59294479  0.          0.          0.53414368  0.
  0.          0.          0.          0.          0.          0.        ]
更新后概率: [0.08705227 0.0086028  0.0086028  0.0086028  0.07507569 0.0086028
 0.0086028  0.0086028  0.0086028  0.22927772 0.07754441 0.11016941
 0.0086028  0.0086028  0.0086028  0.0086028  0.0086028  0.0086028
 0.0086028  0.21441338 0.0086028  0.0086028  0.0086028  0.0086028
 0.0086028  0.0086028  0.0086028  0.0086028  0.0086028  0.0086028 ]
Classification: 1.0 0.9406175771971497 65
本轮采样概率阵: [0.08705227 0.0086028  0.0086028  0.0086028  0.07507569 0.0086028
 0.0086028  0.0086028  0.0086028  0.22927772 0.07754441 0.11016941
 0.0086028  0.0086028  0.0086028  0.0086028  0.0086028  0.0086028
 0.0086028  0.21441338 0.0086028  0.0086028  0.0086028  0.0086028
 0.0086028  0.0086028  0.0086028  0.0086028  0.0086028  0.0086028 ]
客户端选择掩码: [1.0, 1.0, 1.0, 0.0, 1.0, 0.0, 1.0, 0.0, 0.0, 1.0, 1.0, 1.0, 1.0, 1.0, 1.0, 1.0, 1.0, 0.0, 1.0, 1.0, 0.0, 1.0, 0.0, 1.0, 0.0, 1.0, 1.0, 1.0, 1.0, 0.0]
/mnt/data/user_liangzhiyu/envs/fedcsl/lib/python3.8/site-packages/sklearn/utils/validation.py:63: RuntimeWarning:  Orthogonal matching pursuit ended prematurely due to linear
dependence in the dictionary. The requested precision might not have been met.

  return f(*args, **kwargs)
稀疏向量: [ 1.54397529  0.          0.          0.         -0.49296371  0.
  0.          0.          0.          0.          2.70758047  1.13264392
  0.         -6.46607816  0.          0.          0.          0.
 -4.06112581  0.          0.          0.          4.99807851  1.50995348
  0.          0.          0.          0.          0.          0.        ]
更新后概率: [0.06898783 0.00867623 0.00867623 0.00867623 0.02202658 0.00867623
 0.00867623 0.00867623 0.00867623 0.00867623 0.12097998 0.05060874
 0.00867623 0.28891698 0.00867623 0.00867623 0.00867623 0.00867623
 0.18145902 0.00867623 0.00867623 0.00867623 0.00867623 0.06746767
 0.00867623 0.00867623 0.00867623 0.00867623 0.00867623 0.00867623]
Classification: 1.0 0.9419748897183576 66
本轮采样概率阵: [0.06898783 0.00867623 0.00867623 0.00867623 0.02202658 0.00867623
 0.00867623 0.00867623 0.00867623 0.00867623 0.12097998 0.05060874
 0.00867623 0.28891698 0.00867623 0.00867623 0.00867623 0.00867623
 0.18145902 0.00867623 0.00867623 0.00867623 0.00867623 0.06746767
 0.00867623 0.00867623 0.00867623 0.00867623 0.00867623 0.00867623]
客户端选择掩码: [1.0, 1.0, 1.0, 1.0, 1.0, 0.0, 0.0, 1.0, 1.0, 1.0, 1.0, 1.0, 1.0, 1.0, 1.0, 1.0, 1.0, 0.0, 1.0, 1.0, 0.0, 1.0, 0.0, 1.0, 0.0, 0.0, 0.0, 1.0, 0.0, 1.0]
/mnt/data/user_liangzhiyu/envs/fedcsl/lib/python3.8/site-packages/sklearn/utils/validation.py:63: RuntimeWarning:  Orthogonal matching pursuit ended prematurely due to linear
dependence in the dictionary. The requested precision might not have been met.

  return f(*args, **kwargs)
稀疏向量: [ 0.19672171  0.          0.          0.         -0.06767159  0.
  0.          0.          0.          0.          0.          1.99886874
  0.         -0.63694119  0.          0.          0.          0.
  0.          6.36622508  0.          0.          0.08667426 -4.20887697
  0.          0.         -2.83097441  0.          0.          0.        ]
更新后概率: [0.01152995 0.00856689 0.00856689 0.00856689 0.00856689 0.00856689
 0.00856689 0.00856689 0.00856689 0.00856689 0.00856689 0.11715463
 0.00856689 0.03733142 0.00856689 0.00856689 0.00856689 0.00856689
 0.00856689 0.37312741 0.00856689 0.00856689 0.00856689 0.24668424
 0.00856689 0.00856689 0.00856689 0.00856689 0.00856689 0.00856689]
Classification: 1.0 0.9416355615880556 67
本轮采样概率阵: [0.01152995 0.00856689 0.00856689 0.00856689 0.00856689 0.00856689
 0.00856689 0.00856689 0.00856689 0.00856689 0.00856689 0.11715463
 0.00856689 0.03733142 0.00856689 0.00856689 0.00856689 0.00856689
 0.00856689 0.37312741 0.00856689 0.00856689 0.00856689 0.24668424
 0.00856689 0.00856689 0.00856689 0.00856689 0.00856689 0.00856689]
客户端选择掩码: [1.0, 1.0, 1.0, 1.0, 0.0, 1.0, 0.0, 1.0, 1.0, 0.0, 1.0, 1.0, 0.0, 1.0, 1.0, 0.0, 1.0, 1.0, 0.0, 1.0, 1.0, 1.0, 0.0, 1.0, 1.0, 0.0, 1.0, 1.0, 1.0, 0.0]
/mnt/data/user_liangzhiyu/envs/fedcsl/lib/python3.8/site-packages/sklearn/utils/validation.py:63: RuntimeWarning:  Orthogonal matching pursuit ended prematurely due to linear
dependence in the dictionary. The requested precision might not have been met.

  return f(*args, **kwargs)
稀疏向量: [ 1.57380265  0.          0.          0.         -0.37465762  0.
  0.          0.          0.          2.09288333  1.55155363  0.
  0.11207141  0.          1.0243946   0.          0.          0.
  0.          0.          0.          0.          0.         -1.30081319
  0.         -1.67680934 -1.99211736  0.          0.          0.        ]
更新后概率: [0.16638505 0.00852589 0.00852589 0.00852589 0.00852589 0.00852589
 0.00852589 0.00852589 0.00852589 0.00852589 0.16403284 0.00852589
 0.00852589 0.00852589 0.10830071 0.00852589 0.00852589 0.00852589
 0.00852589 0.00852589 0.00852589 0.00852589 0.00852589 0.13752415
 0.00852589 0.00852589 0.21060998 0.00852589 0.00852589 0.00852589]
Classification: 1.0 0.9416355615880556 68
本轮采样概率阵: [0.16638505 0.00852589 0.00852589 0.00852589 0.00852589 0.00852589
 0.00852589 0.00852589 0.00852589 0.00852589 0.16403284 0.00852589
 0.00852589 0.00852589 0.10830071 0.00852589 0.00852589 0.00852589
 0.00852589 0.00852589 0.00852589 0.00852589 0.00852589 0.13752415
 0.00852589 0.00852589 0.21060998 0.00852589 0.00852589 0.00852589]
客户端选择掩码: [1.0, 1.0, 1.0, 1.0, 1.0, 1.0, 0.0, 1.0, 1.0, 1.0, 1.0, 1.0, 0.0, 1.0, 1.0, 1.0, 1.0, 0.0, 0.0, 0.0, 1.0, 1.0, 0.0, 1.0, 0.0, 1.0, 1.0, 1.0, 0.0, 0.0]
/mnt/data/user_liangzhiyu/envs/fedcsl/lib/python3.8/site-packages/sklearn/utils/validation.py:63: RuntimeWarning:  Orthogonal matching pursuit ended prematurely due to linear
dependence in the dictionary. The requested precision might not have been met.

  return f(*args, **kwargs)
稀疏向量: [ 1.37080679  0.          0.          0.         -0.19803812  0.
  0.          0.          0.          0.          1.93240544  0.
  1.90043848 -0.31550042  0.          0.          0.          0.
 -3.22252522  0.          0.          0.          0.          0.
  0.         -0.46001924  0.          0.          0.          0.        ]
更新后概率: [0.25222655 0.00852321 0.00852321 0.00852321 0.03643874 0.00852321
 0.00852321 0.00852321 0.00852321 0.00852321 0.35555993 0.00852321
 0.00852321 0.05805164 0.00852321 0.00852321 0.00852321 0.00852321
 0.00852321 0.00852321 0.00852321 0.00852321 0.00852321 0.00852321
 0.00852321 0.0846429  0.00852321 0.00852321 0.00852321 0.00852321]
Classification: 1.0 0.9429928741092637 69
本轮采样概率阵: [0.25222655 0.00852321 0.00852321 0.00852321 0.03643874 0.00852321
 0.00852321 0.00852321 0.00852321 0.00852321 0.35555993 0.00852321
 0.00852321 0.05805164 0.00852321 0.00852321 0.00852321 0.00852321
 0.00852321 0.00852321 0.00852321 0.00852321 0.00852321 0.00852321
 0.00852321 0.0846429  0.00852321 0.00852321 0.00852321 0.00852321]
客户端选择掩码: [1.0, 1.0, 1.0, 1.0, 1.0, 0.0, 1.0, 1.0, 0.0, 0.0, 1.0, 0.0, 1.0, 1.0, 1.0, 0.0, 1.0, 1.0, 1.0, 0.0, 1.0, 0.0, 1.0, 0.0, 0.0, 1.0, 1.0, 1.0, 1.0, 1.0]
/mnt/data/user_liangzhiyu/envs/fedcsl/lib/python3.8/site-packages/sklearn/utils/validation.py:63: RuntimeWarning:  Orthogonal matching pursuit ended prematurely due to linear
dependence in the dictionary. The requested precision might not have been met.

  return f(*args, **kwargs)
稀疏向量: [-1.38647946  0.          0.          0.          2.19779954  0.
  7.47849204  0.          0.          0.          0.68001668  0.
 -3.82916675  0.          0.          0.          0.          0.
  0.          0.          0.          0.          4.74891929  0.
  0.          0.         -2.24596701  0.          0.         -6.91764595]
更新后概率: [0.03797534 0.00874668 0.00874668 0.00874668 0.06019721 0.00874668
 0.20483412 0.00874668 0.00874668 0.00874668 0.01862549 0.00874668
 0.10487997 0.00874668 0.00874668 0.00874668 0.00874668 0.00874668
 0.00874668 0.00874668 0.00874668 0.00874668 0.13007177 0.00874668
 0.00874668 0.00874668 0.0615165  0.00874668 0.00874668 0.18947267]
Classification: 1.0 0.9423142178486597 70
本轮采样概率阵: [0.03797534 0.00874668 0.00874668 0.00874668 0.06019721 0.00874668
 0.20483412 0.00874668 0.00874668 0.00874668 0.01862549 0.00874668
 0.10487997 0.00874668 0.00874668 0.00874668 0.00874668 0.00874668
 0.00874668 0.00874668 0.00874668 0.00874668 0.13007177 0.00874668
 0.00874668 0.00874668 0.0615165  0.00874668 0.00874668 0.18947267]
客户端选择掩码: [1.0, 0.0, 1.0, 1.0, 1.0, 1.0, 1.0, 0.0, 1.0, 1.0, 1.0, 1.0, 1.0, 0.0, 1.0, 1.0, 1.0, 0.0, 1.0, 1.0, 1.0, 0.0, 1.0, 0.0, 0.0, 1.0, 1.0, 0.0, 0.0, 1.0]
/mnt/data/user_liangzhiyu/envs/fedcsl/lib/python3.8/site-packages/sklearn/utils/validation.py:63: RuntimeWarning:  Orthogonal matching pursuit ended prematurely due to linear
dependence in the dictionary. The requested precision might not have been met.

  return f(*args, **kwargs)
稀疏向量: [ 2.16245156  0.          0.          0.         -0.2503384   3.65474443
  0.          0.          0.          0.          0.          0.48876755
  0.          0.          0.          0.          0.          0.
  0.          0.          0.          0.         -0.67991728 -2.47543303
  0.          0.          0.          0.         -1.88249367  0.        ]
更新后概率: [0.23505288 0.00853767 0.00853767 0.00853767 0.02721114 0.39726125
 0.00853767 0.00853767 0.00853767 0.00853767 0.00853767 0.05312777
 0.00853767 0.00853767 0.00853767 0.00853767 0.00853767 0.00853767
 0.00853767 0.00853767 0.00853767 0.00853767 0.07390525 0.00853767
 0.00853767 0.00853767 0.00853767 0.00853767 0.00853767 0.00853767]
Classification: 1.0 0.9416355615880556 71
本轮采样概率阵: [0.23505288 0.00853767 0.00853767 0.00853767 0.02721114 0.39726125
 0.00853767 0.00853767 0.00853767 0.00853767 0.00853767 0.05312777
 0.00853767 0.00853767 0.00853767 0.00853767 0.00853767 0.00853767
 0.00853767 0.00853767 0.00853767 0.00853767 0.07390525 0.00853767
 0.00853767 0.00853767 0.00853767 0.00853767 0.00853767 0.00853767]
客户端选择掩码: [1.0, 0.0, 1.0, 0.0, 1.0, 1.0, 0.0, 1.0, 0.0, 1.0, 0.0, 1.0, 1.0, 1.0, 1.0, 0.0, 1.0, 0.0, 1.0, 0.0, 1.0, 1.0, 1.0, 1.0, 1.0, 1.0, 1.0, 1.0, 0.0, 1.0]
/mnt/data/user_liangzhiyu/envs/fedcsl/lib/python3.8/site-packages/sklearn/utils/validation.py:63: RuntimeWarning:  Orthogonal matching pursuit ended prematurely due to linear
dependence in the dictionary. The requested precision might not have been met.

  return f(*args, **kwargs)
稀疏向量: [  8.07510574   0.           0.           0.          -1.08440441
  11.09964644   0.           0.           0.           0.
   0.           0.           7.30093958   0.          -1.97493148
   0.           0.           0.          -6.21721253   0.
   0.           0.           4.26468529   0.           0.
   0.          -8.91522473   0.         -11.8205827    0.        ]
更新后概率: [0.13326741 0.00874767 0.00874767 0.00874767 0.01789646 0.18318288
 0.00874767 0.00874767 0.00874767 0.00874767 0.00874767 0.00874767
 0.12049097 0.00874767 0.03259326 0.00874767 0.00874767 0.00874767
 0.10260569 0.00874767 0.00874767 0.00874767 0.07038218 0.00874767
 0.00874767 0.00874767 0.14713231 0.00874767 0.00874767 0.00874767]
Classification: 1.0 0.9416355615880556 72
本轮采样概率阵: [0.13326741 0.00874767 0.00874767 0.00874767 0.01789646 0.18318288
 0.00874767 0.00874767 0.00874767 0.00874767 0.00874767 0.00874767
 0.12049097 0.00874767 0.03259326 0.00874767 0.00874767 0.00874767
 0.10260569 0.00874767 0.00874767 0.00874767 0.07038218 0.00874767
 0.00874767 0.00874767 0.14713231 0.00874767 0.00874767 0.00874767]
客户端选择掩码: [1.0, 1.0, 1.0, 1.0, 1.0, 1.0, 0.0, 1.0, 1.0, 1.0, 1.0, 1.0, 1.0, 1.0, 1.0, 0.0, 0.0, 0.0, 1.0, 1.0, 1.0, 0.0, 1.0, 0.0, 0.0, 1.0, 1.0, 1.0, 0.0, 0.0]
/mnt/data/user_liangzhiyu/envs/fedcsl/lib/python3.8/site-packages/sklearn/utils/validation.py:63: RuntimeWarning:  Orthogonal matching pursuit ended prematurely due to linear
dependence in the dictionary. The requested precision might not have been met.

  return f(*args, **kwargs)
稀疏向量: [-1.9709075   0.          0.          0.2584702   0.58544719  0.
  4.20117466  0.          0.          0.          0.          0.
  0.          1.32029925  0.          0.          0.          0.
 -1.53429907  0.          0.          0.         -0.45964953  0.
  0.          0.          0.          0.          0.         -1.45621167]
更新后概率: [0.2551087  0.00861126 0.00861126 0.03345565 0.07577863 0.00861126
 0.00861126 0.00861126 0.00861126 0.00861126 0.00861126 0.00861126
 0.00861126 0.17089581 0.00861126 0.00861126 0.00861126 0.00861126
 0.19859534 0.00861126 0.00861126 0.00861126 0.05949574 0.00861126
 0.00861126 0.00861126 0.00861126 0.00861126 0.00861126 0.00861126]
Classification: 1.0 0.9423142178486597 73
本轮采样概率阵: [0.2551087  0.00861126 0.00861126 0.03345565 0.07577863 0.00861126
 0.00861126 0.00861126 0.00861126 0.00861126 0.00861126 0.00861126
 0.00861126 0.17089581 0.00861126 0.00861126 0.00861126 0.00861126
 0.19859534 0.00861126 0.00861126 0.00861126 0.05949574 0.00861126
 0.00861126 0.00861126 0.00861126 0.00861126 0.00861126 0.00861126]
客户端选择掩码: [1.0, 1.0, 1.0, 1.0, 1.0, 1.0, 1.0, 0.0, 0.0, 1.0, 0.0, 1.0, 0.0, 1.0, 1.0, 1.0, 1.0, 1.0, 1.0, 1.0, 1.0, 1.0, 1.0, 0.0, 0.0, 1.0, 0.0, 0.0, 1.0, 0.0]
/mnt/data/user_liangzhiyu/envs/fedcsl/lib/python3.8/site-packages/sklearn/utils/validation.py:63: RuntimeWarning:  Orthogonal matching pursuit ended prematurely due to linear
dependence in the dictionary. The requested precision might not have been met.

  return f(*args, **kwargs)
稀疏向量: [ 2.2452789   0.          0.          0.         -0.11381697  1.9688047
  0.          0.          0.          0.          0.          0.
  3.84965632  0.          0.          0.          0.          0.
  0.          0.          0.          0.          1.86660992  0.
  0.          0.         -8.91998414  0.          0.          0.        ]
更新后概率: [0.28276678 0.00845667 0.00845667 0.00845667 0.01433392 0.24794807
 0.00845667 0.00845667 0.00845667 0.00845667 0.00845667 0.00845667
 0.00845667 0.00845667 0.00845667 0.00845667 0.00845667 0.00845667
 0.00845667 0.00845667 0.00845667 0.00845667 0.23507783 0.00845667
 0.00845667 0.00845667 0.00845667 0.00845667 0.00845667 0.00845667]
Classification: 1.0 0.9419748897183576 74
本轮采样概率阵: [0.28276678 0.00845667 0.00845667 0.00845667 0.01433392 0.24794807
 0.00845667 0.00845667 0.00845667 0.00845667 0.00845667 0.00845667
 0.00845667 0.00845667 0.00845667 0.00845667 0.00845667 0.00845667
 0.00845667 0.00845667 0.00845667 0.00845667 0.23507783 0.00845667
 0.00845667 0.00845667 0.00845667 0.00845667 0.00845667 0.00845667]
客户端选择掩码: [1.0, 1.0, 1.0, 1.0, 1.0, 1.0, 1.0, 0.0, 1.0, 1.0, 1.0, 1.0, 0.0, 1.0, 1.0, 0.0, 0.0, 0.0, 1.0, 1.0, 0.0, 1.0, 1.0, 0.0, 1.0, 0.0, 0.0, 1.0, 1.0, 1.0]
/mnt/data/user_liangzhiyu/envs/fedcsl/lib/python3.8/site-packages/sklearn/utils/validation.py:63: RuntimeWarning:  Orthogonal matching pursuit ended prematurely due to linear
dependence in the dictionary. The requested precision might not have been met.

  return f(*args, **kwargs)
稀疏向量: [ 22.14323072   0.           0.          31.01193763  15.05978115
   0.           0.           0.           0.           0.
  -2.25705083   0.          12.92443974  59.81566637   0.
   0.           0.           0.           0.           0.
   0.           0.           0.           0.           0.
   0.         -63.78481363   0.           0.         -74.42827009]
更新后概率: [0.08586134 0.00859188 0.00859188 0.12025014 0.05839496 0.00859188
 0.00859188 0.00859188 0.00859188 0.00859188 0.00875181 0.00859188
 0.00859188 0.23193785 0.00859188 0.00859188 0.00859188 0.00859188
 0.00859188 0.00859188 0.00859188 0.00859188 0.00859188 0.00859188
 0.00859188 0.00859188 0.00859188 0.00859188 0.00859188 0.28859885]
Classification: 1.0 0.9412962334577536 75
本轮采样概率阵: [0.08586134 0.00859188 0.00859188 0.12025014 0.05839496 0.00859188
 0.00859188 0.00859188 0.00859188 0.00859188 0.00875181 0.00859188
 0.00859188 0.23193785 0.00859188 0.00859188 0.00859188 0.00859188
 0.00859188 0.00859188 0.00859188 0.00859188 0.00859188 0.00859188
 0.00859188 0.00859188 0.00859188 0.00859188 0.00859188 0.28859885]
客户端选择掩码: [1.0, 0.0, 0.0, 1.0, 1.0, 1.0, 1.0, 0.0, 1.0, 1.0, 1.0, 1.0, 1.0, 1.0, 0.0, 0.0, 1.0, 1.0, 1.0, 1.0, 0.0, 1.0, 1.0, 1.0, 0.0, 1.0, 0.0, 0.0, 1.0, 1.0]
/mnt/data/user_liangzhiyu/envs/fedcsl/lib/python3.8/site-packages/sklearn/utils/validation.py:63: RuntimeWarning:  Orthogonal matching pursuit ended prematurely due to linear
dependence in the dictionary. The requested precision might not have been met.

  return f(*args, **kwargs)
稀疏向量: [ 0.97976276  0.          0.          0.          0.36066665  3.78832571
  0.          0.          0.          0.          0.          0.
  1.57612229  1.36684289  0.          0.          0.          0.
  0.          0.          0.          0.          0.          0.
  0.          0.         -3.48862474  0.          0.         -3.6489034 ]
更新后概率: [0.0663377  0.00860087 0.00860087 0.00860087 0.02441999 0.25649968
 0.00860087 0.00860087 0.00860087 0.00860087 0.00860087 0.00860087
 0.10671597 0.0925461  0.00860087 0.00860087 0.00860087 0.00860087
 0.00860087 0.00860087 0.00860087 0.00860087 0.00860087 0.00860087
 0.00860087 0.00860087 0.00860087 0.00860087 0.00860087 0.24705968]
Classification: 1.0 0.9416355615880556 76
本轮采样概率阵: [0.0663377  0.00860087 0.00860087 0.00860087 0.02441999 0.25649968
 0.00860087 0.00860087 0.00860087 0.00860087 0.00860087 0.00860087
 0.10671597 0.0925461  0.00860087 0.00860087 0.00860087 0.00860087
 0.00860087 0.00860087 0.00860087 0.00860087 0.00860087 0.00860087
 0.00860087 0.00860087 0.00860087 0.00860087 0.00860087 0.24705968]
客户端选择掩码: [1.0, 1.0, 1.0, 0.0, 0.0, 1.0, 1.0, 1.0, 0.0, 1.0, 1.0, 1.0, 1.0, 1.0, 0.0, 0.0, 1.0, 1.0, 1.0, 0.0, 0.0, 1.0, 0.0, 1.0, 1.0, 1.0, 0.0, 1.0, 1.0, 1.0]
/mnt/data/user_liangzhiyu/envs/fedcsl/lib/python3.8/site-packages/sklearn/utils/validation.py:63: RuntimeWarning:  Orthogonal matching pursuit ended prematurely due to linear
dependence in the dictionary. The requested precision might not have been met.

  return f(*args, **kwargs)
稀疏向量: [  0.           0.          10.82238933   0.          -3.00153635
   0.           0.           0.           0.          12.6798905
   6.26133589   0.           0.           0.           0.
   0.           0.           0.           0.           0.
   0.           0.         -11.78863956 -13.54699346   0.
   0.           0.           0.           0.           0.        ]
更新后概率: [0.00846602 0.00846602 0.19182561 0.00846602 0.02067401 0.00846602
 0.00846602 0.00846602 0.00846602 0.2247496  0.11098146 0.00846602
 0.00846602 0.00846602 0.00846602 0.00846602 0.00846602 0.00846602
 0.00846602 0.00846602 0.00846602 0.00846602 0.00846602 0.2401189
 0.00846602 0.00846602 0.00846602 0.00846602 0.00846602 0.00846602]
Classification: 1.0 0.9419748897183576 77
本轮采样概率阵: [0.00846602 0.00846602 0.19182561 0.00846602 0.02067401 0.00846602
 0.00846602 0.00846602 0.00846602 0.2247496  0.11098146 0.00846602
 0.00846602 0.00846602 0.00846602 0.00846602 0.00846602 0.00846602
 0.00846602 0.00846602 0.00846602 0.00846602 0.00846602 0.2401189
 0.00846602 0.00846602 0.00846602 0.00846602 0.00846602 0.00846602]
客户端选择掩码: [0.0, 1.0, 1.0, 1.0, 1.0, 0.0, 0.0, 1.0, 1.0, 1.0, 1.0, 0.0, 1.0, 1.0, 1.0, 1.0, 0.0, 1.0, 1.0, 0.0, 1.0, 0.0, 0.0, 1.0, 1.0, 1.0, 1.0, 1.0, 1.0, 0.0]
/mnt/data/user_liangzhiyu/envs/fedcsl/lib/python3.8/site-packages/sklearn/utils/validation.py:63: RuntimeWarning:  Orthogonal matching pursuit ended prematurely due to linear
dependence in the dictionary. The requested precision might not have been met.

  return f(*args, **kwargs)
稀疏向量: [ 29.08677963   0.           0.           0.         -12.56903502
   0.           0.           0.           0.           0.
  32.58749376  42.97046583   0.           0.           0.
   0.           0.           0.         -45.8716661    0.
   0.           0.           0.         -44.33046182   0.
   0.           0.           0.           0.           0.        ]
更新后概率: [0.00844733 0.00844733 0.00844733 0.00844733 0.07246297 0.00844733
 0.00844733 0.00844733 0.00844733 0.00844733 0.18787334 0.00844733
 0.00844733 0.00844733 0.00844733 0.00844733 0.00844733 0.00844733
 0.26445922 0.00844733 0.00844733 0.00844733 0.00844733 0.25557387
 0.00844733 0.00844733 0.00844733 0.00844733 0.00844733 0.00844733]
Classification: 1.0 0.9423142178486597 78
本轮采样概率阵: [0.00844733 0.00844733 0.00844733 0.00844733 0.07246297 0.00844733
 0.00844733 0.00844733 0.00844733 0.00844733 0.18787334 0.00844733
 0.00844733 0.00844733 0.00844733 0.00844733 0.00844733 0.00844733
 0.26445922 0.00844733 0.00844733 0.00844733 0.00844733 0.25557387
 0.00844733 0.00844733 0.00844733 0.00844733 0.00844733 0.00844733]
客户端选择掩码: [0.0, 1.0, 0.0, 0.0, 1.0, 0.0, 1.0, 1.0, 1.0, 1.0, 1.0, 1.0, 0.0, 1.0, 0.0, 1.0, 1.0, 1.0, 1.0, 1.0, 0.0, 1.0, 0.0, 1.0, 0.0, 1.0, 1.0, 1.0, 1.0, 1.0]
/mnt/data/user_liangzhiyu/envs/fedcsl/lib/python3.8/site-packages/sklearn/utils/validation.py:63: RuntimeWarning:  Orthogonal matching pursuit ended prematurely due to linear
dependence in the dictionary. The requested precision might not have been met.

  return f(*args, **kwargs)
稀疏向量: [ -3.57738971   0.           0.           0.          16.71286568
   0.           0.           0.           0.          13.52804382
   0.           0.           4.10543562   6.78852184   0.
   0.           0.           0.           0.           0.
   0.         -36.04726879   0.           0.           0.
   0.           0.           0.           0.           0.        ]
更新后概率: [0.00844613 0.00844613 0.00844613 0.00844613 0.17848001 0.00844613
 0.00844613 0.00844613 0.00844613 0.14446867 0.00844613 0.00844613
 0.00844613 0.07249597 0.00844613 0.00844613 0.00844613 0.00844613
 0.00844613 0.00844613 0.00844613 0.38495594 0.00844613 0.00844613
 0.00844613 0.00844613 0.00844613 0.00844613 0.00844613 0.00844613]
Classification: 1.0 0.9426535459789617 79
本轮采样概率阵: [0.00844613 0.00844613 0.00844613 0.00844613 0.17848001 0.00844613
 0.00844613 0.00844613 0.00844613 0.14446867 0.00844613 0.00844613
 0.00844613 0.07249597 0.00844613 0.00844613 0.00844613 0.00844613
 0.00844613 0.00844613 0.00844613 0.38495594 0.00844613 0.00844613
 0.00844613 0.00844613 0.00844613 0.00844613 0.00844613 0.00844613]
客户端选择掩码: [0.0, 1.0, 1.0, 0.0, 1.0, 1.0, 0.0, 1.0, 1.0, 1.0, 1.0, 0.0, 1.0, 1.0, 0.0, 0.0, 1.0, 1.0, 0.0, 1.0, 1.0, 1.0, 1.0, 1.0, 1.0, 1.0, 0.0, 1.0, 0.0, 1.0]
/mnt/data/user_liangzhiyu/envs/fedcsl/lib/python3.8/site-packages/sklearn/utils/validation.py:63: RuntimeWarning:  Orthogonal matching pursuit ended prematurely due to linear
dependence in the dictionary. The requested precision might not have been met.

  return f(*args, **kwargs)
稀疏向量: [  2.29284609   0.           0.           0.          15.04410249
  24.53724569   0.           0.           0.           0.
   0.           0.           0.           0.           0.
   0.           0.           0.           0.           0.
   0.         -40.55773617   0.           0.           0.
   0.           0.           0.           0.           0.        ]
更新后概率: [0.00837532 0.00837532 0.00837532 0.00837532 0.14527401 0.23694495
 0.00837532 0.00837532 0.00837532 0.00837532 0.00837532 0.00837532
 0.00837532 0.00837532 0.00837532 0.00837532 0.00837532 0.00837532
 0.00837532 0.00837532 0.00837532 0.3916475  0.00837532 0.00837532
 0.00837532 0.00837532 0.00837532 0.00837532 0.00837532 0.00837532]
Classification: 1.0 0.9426535459789617 80
本轮采样概率阵: [0.00837532 0.00837532 0.00837532 0.00837532 0.14527401 0.23694495
 0.00837532 0.00837532 0.00837532 0.00837532 0.00837532 0.00837532
 0.00837532 0.00837532 0.00837532 0.00837532 0.00837532 0.00837532
 0.00837532 0.00837532 0.00837532 0.3916475  0.00837532 0.00837532
 0.00837532 0.00837532 0.00837532 0.00837532 0.00837532 0.00837532]
客户端选择掩码: [1.0, 1.0, 0.0, 1.0, 1.0, 1.0, 0.0, 0.0, 1.0, 0.0, 0.0, 0.0, 1.0, 1.0, 1.0, 1.0, 1.0, 1.0, 0.0, 1.0, 1.0, 1.0, 1.0, 0.0, 1.0, 0.0, 1.0, 1.0, 1.0, 1.0]
/mnt/data/user_liangzhiyu/envs/fedcsl/lib/python3.8/site-packages/sklearn/utils/validation.py:63: RuntimeWarning:  Orthogonal matching pursuit ended prematurely due to linear
dependence in the dictionary. The requested precision might not have been met.

  return f(*args, **kwargs)
稀疏向量: [ 189.75996368    0.            0.          532.70955688  162.42202949
    0.            0.            0.            0.            0.
    0.            0.            0.          244.27270747    0.
    0.            0.            0.            0.            0.
    0.           10.56341686    0.         -201.79305888    0.
 -752.80069533 -182.79328531    0.            0.            0.        ]
更新后概率: [0.11365991 0.00856724 0.00856724 0.31907532 0.0972854  0.00856724
 0.00856724 0.00856724 0.00856724 0.00856724 0.00856724 0.00856724
 0.00856724 0.14631123 0.00856724 0.00856724 0.00856724 0.00856724
 0.00856724 0.00856724 0.00856724 0.00856724 0.00856724 0.00856724
 0.00856724 0.00856724 0.1094871  0.00856724 0.00856724 0.00856724]
Classification: 1.0 0.9436715303698676 81
本轮采样概率阵: [0.11365991 0.00856724 0.00856724 0.31907532 0.0972854  0.00856724
 0.00856724 0.00856724 0.00856724 0.00856724 0.00856724 0.00856724
 0.00856724 0.14631123 0.00856724 0.00856724 0.00856724 0.00856724
 0.00856724 0.00856724 0.00856724 0.00856724 0.00856724 0.00856724
 0.00856724 0.00856724 0.1094871  0.00856724 0.00856724 0.00856724]
客户端选择掩码: [1.0, 0.0, 1.0, 1.0, 1.0, 0.0, 1.0, 1.0, 1.0, 1.0, 1.0, 1.0, 0.0, 1.0, 0.0, 0.0, 0.0, 1.0, 1.0, 1.0, 1.0, 1.0, 1.0, 0.0, 1.0, 0.0, 1.0, 1.0, 1.0, 0.0]
/mnt/data/user_liangzhiyu/envs/fedcsl/lib/python3.8/site-packages/sklearn/utils/validation.py:63: RuntimeWarning:  Orthogonal matching pursuit ended prematurely due to linear
dependence in the dictionary. The requested precision might not have been met.

  return f(*args, **kwargs)
稀疏向量: [  0.           0.           0.           0.           3.8365467
   0.           0.           0.           0.           0.
   8.2752718   43.9563292    0.          45.51502928   0.
   0.           0.           0.           0.           0.
   0.           0.         -29.27230127 -19.52964963   0.
   0.           0.           0.           0.         -51.25709664]
更新后概率: [0.00852591 0.00852591 0.00852591 0.00852591 0.02306969 0.00852591
 0.00852591 0.00852591 0.00852591 0.00852591 0.04976036 0.26431551
 0.00852591 0.27368819 0.00852591 0.00852591 0.00852591 0.00852591
 0.00852591 0.00852591 0.00852591 0.00852591 0.17601841 0.00852591
 0.00852591 0.00852591 0.00852591 0.00852591 0.00852591 0.00852591]
Classification: 1.0 0.9419748897183576 82
本轮采样概率阵: [0.00852591 0.00852591 0.00852591 0.00852591 0.02306969 0.00852591
 0.00852591 0.00852591 0.00852591 0.00852591 0.04976036 0.26431551
 0.00852591 0.27368819 0.00852591 0.00852591 0.00852591 0.00852591
 0.00852591 0.00852591 0.00852591 0.00852591 0.17601841 0.00852591
 0.00852591 0.00852591 0.00852591 0.00852591 0.00852591 0.00852591]
客户端选择掩码: [1.0, 1.0, 1.0, 0.0, 1.0, 1.0, 1.0, 1.0, 1.0, 0.0, 1.0, 1.0, 1.0, 1.0, 0.0, 1.0, 0.0, 0.0, 1.0, 0.0, 0.0, 1.0, 1.0, 1.0, 0.0, 0.0, 1.0, 1.0, 1.0, 1.0]
/mnt/data/user_liangzhiyu/envs/fedcsl/lib/python3.8/site-packages/sklearn/utils/validation.py:63: RuntimeWarning:  Orthogonal matching pursuit ended prematurely due to linear
dependence in the dictionary. The requested precision might not have been met.

  return f(*args, **kwargs)
稀疏向量: [ -6.68862285   0.           0.           0.          -3.87790099
   0.           0.           0.           0.           0.
   0.          23.99806032   0.           0.           0.
   0.           0.           0.         -12.38185421   0.
   0.           0.           0.           0.           0.
   0.           0.           0.           0.           0.        ]
更新后概率: [0.11116769 0.00845118 0.00845118 0.00845118 0.06445233 0.00845118
 0.00845118 0.00845118 0.00845118 0.00845118 0.00845118 0.39885774
 0.00845118 0.00845118 0.00845118 0.00845118 0.00845118 0.00845118
 0.20579157 0.00845118 0.00845118 0.00845118 0.00845118 0.00845118
 0.00845118 0.00845118 0.00845118 0.00845118 0.00845118 0.00845118]
Classification: 1.0 0.9423142178486597 83
本轮采样概率阵: [0.11116769 0.00845118 0.00845118 0.00845118 0.06445233 0.00845118
 0.00845118 0.00845118 0.00845118 0.00845118 0.00845118 0.39885774
 0.00845118 0.00845118 0.00845118 0.00845118 0.00845118 0.00845118
 0.20579157 0.00845118 0.00845118 0.00845118 0.00845118 0.00845118
 0.00845118 0.00845118 0.00845118 0.00845118 0.00845118 0.00845118]
客户端选择掩码: [1.0, 1.0, 1.0, 0.0, 1.0, 1.0, 0.0, 0.0, 1.0, 1.0, 1.0, 1.0, 0.0, 1.0, 1.0, 1.0, 1.0, 0.0, 1.0, 1.0, 1.0, 0.0, 1.0, 0.0, 0.0, 0.0, 1.0, 1.0, 1.0, 1.0]
/mnt/data/user_liangzhiyu/envs/fedcsl/lib/python3.8/site-packages/sklearn/utils/validation.py:63: RuntimeWarning:  Orthogonal matching pursuit ended prematurely due to linear
dependence in the dictionary. The requested precision might not have been met.

  return f(*args, **kwargs)
稀疏向量: [ 27.54043798   0.           0.          23.54558601  -5.47426258
   0.           0.           0.           0.           0.
  16.08139082   0.           0.           0.           0.
   0.           0.         -26.18861482   0.           0.
   0.           0.           0.         -33.99475427   0.
   0.           0.           0.           0.           0.        ]
更新后概率: [0.43409534 0.00837563 0.00837563 0.00837563 0.08628591 0.00837563
 0.00837563 0.00837563 0.00837563 0.00837563 0.25347661 0.00837563
 0.00837563 0.00837563 0.00837563 0.00837563 0.00837563 0.00837563
 0.00837563 0.00837563 0.00837563 0.00837563 0.00837563 0.00837563
 0.00837563 0.00837563 0.00837563 0.00837563 0.00837563 0.00837563]
Classification: 1.0 0.9423142178486597 84
本轮采样概率阵: [0.43409534 0.00837563 0.00837563 0.00837563 0.08628591 0.00837563
 0.00837563 0.00837563 0.00837563 0.00837563 0.25347661 0.00837563
 0.00837563 0.00837563 0.00837563 0.00837563 0.00837563 0.00837563
 0.00837563 0.00837563 0.00837563 0.00837563 0.00837563 0.00837563
 0.00837563 0.00837563 0.00837563 0.00837563 0.00837563 0.00837563]
客户端选择掩码: [1.0, 1.0, 0.0, 1.0, 1.0, 1.0, 1.0, 0.0, 0.0, 1.0, 1.0, 1.0, 1.0, 0.0, 1.0, 0.0, 1.0, 1.0, 0.0, 0.0, 1.0, 1.0, 0.0, 1.0, 0.0, 1.0, 1.0, 1.0, 1.0, 1.0]
/mnt/data/user_liangzhiyu/envs/fedcsl/lib/python3.8/site-packages/sklearn/utils/validation.py:63: RuntimeWarning:  Orthogonal matching pursuit ended prematurely due to linear
dependence in the dictionary. The requested precision might not have been met.

  return f(*args, **kwargs)
稀疏向量: [  -9.54230111    0.            0.            0.           54.3775065
  118.54888234    0.            0.            0.            0.
    0.            0.           44.46355262    0.            0.
    0.            0.            0.            0.            0.
    0.          -94.48600436    0.            0.         -112.53458666
    0.            0.            0.            0.            0.        ]
更新后概率: [0.02336945 0.0085134  0.0085134  0.0085134  0.13317251 0.29033056
 0.0085134  0.0085134  0.0085134  0.0085134  0.0085134  0.0085134
 0.10889287 0.0085134  0.0085134  0.0085134  0.0085134  0.0085134
 0.0085134  0.0085134  0.0085134  0.23139969 0.0085134  0.0085134
 0.0085134  0.0085134  0.0085134  0.0085134  0.0085134  0.0085134 ]
Classification: 1.0 0.9429928741092637 85
本轮采样概率阵: [0.02336945 0.0085134  0.0085134  0.0085134  0.13317251 0.29033056
 0.0085134  0.0085134  0.0085134  0.0085134  0.0085134  0.0085134
 0.10889287 0.0085134  0.0085134  0.0085134  0.0085134  0.0085134
 0.0085134  0.0085134  0.0085134  0.23139969 0.0085134  0.0085134
 0.0085134  0.0085134  0.0085134  0.0085134  0.0085134  0.0085134 ]
客户端选择掩码: [1.0, 1.0, 1.0, 1.0, 1.0, 1.0, 1.0, 1.0, 1.0, 0.0, 0.0, 0.0, 1.0, 0.0, 0.0, 1.0, 1.0, 1.0, 0.0, 1.0, 1.0, 1.0, 1.0, 0.0, 1.0, 1.0, 0.0, 0.0, 1.0, 1.0]
/mnt/data/user_liangzhiyu/envs/fedcsl/lib/python3.8/site-packages/sklearn/utils/validation.py:63: RuntimeWarning:  Orthogonal matching pursuit ended prematurely due to linear
dependence in the dictionary. The requested precision might not have been met.

  return f(*args, **kwargs)
稀疏向量: [ 3.21412460e+01  0.00000000e+00  0.00000000e+00  0.00000000e+00
  0.00000000e+00  0.00000000e+00  0.00000000e+00  0.00000000e+00
  0.00000000e+00  6.95730553e+01  3.74550735e+01  0.00000000e+00
 -5.44823489e-02  0.00000000e+00  0.00000000e+00  0.00000000e+00
  0.00000000e+00  0.00000000e+00  0.00000000e+00  0.00000000e+00
  0.00000000e+00 -1.19352224e+01  0.00000000e+00 -5.84626245e+01
 -6.66277146e+01  0.00000000e+00  0.00000000e+00  0.00000000e+00
  0.00000000e+00  0.00000000e+00]
更新后概率: [0.22462184 0.00838276 0.00838276 0.00838276 0.00838276 0.00838276
 0.00838276 0.00838276 0.00838276 0.00838276 0.00838276 0.00838276
 0.00838276 0.00838276 0.00838276 0.00838276 0.00838276 0.00838276
 0.00838276 0.00838276 0.00838276 0.08341032 0.00838276 0.00838276
 0.46563346 0.00838276 0.00838276 0.00838276 0.00838276 0.00838276]
Classification: 1.0 0.9436715303698676 86
本轮采样概率阵: [0.22462184 0.00838276 0.00838276 0.00838276 0.00838276 0.00838276
 0.00838276 0.00838276 0.00838276 0.00838276 0.00838276 0.00838276
 0.00838276 0.00838276 0.00838276 0.00838276 0.00838276 0.00838276
 0.00838276 0.00838276 0.00838276 0.08341032 0.00838276 0.00838276
 0.46563346 0.00838276 0.00838276 0.00838276 0.00838276 0.00838276]
客户端选择掩码: [1.0, 1.0, 0.0, 1.0, 1.0, 1.0, 1.0, 0.0, 0.0, 0.0, 1.0, 1.0, 0.0, 1.0, 1.0, 0.0, 0.0, 1.0, 1.0, 1.0, 1.0, 1.0, 1.0, 1.0, 1.0, 0.0, 1.0, 1.0, 0.0, 1.0]
/mnt/data/user_liangzhiyu/envs/fedcsl/lib/python3.8/site-packages/sklearn/utils/validation.py:63: RuntimeWarning:  Orthogonal matching pursuit ended prematurely due to linear
dependence in the dictionary. The requested precision might not have been met.

  return f(*args, **kwargs)
稀疏向量: [ 23.69686939   0.           0.           0.         -10.78138383
   0.           0.           0.           0.           0.
  27.39705538  27.98962281   0.           0.           0.
   0.           0.           0.         -27.05157559   0.
   0.           0.           0.         -39.61231366   0.
   0.           0.           0.           0.           0.        ]
更新后概率: [0.1201903  0.00858697 0.00858697 0.00858697 0.05468308 0.00858697
 0.00858697 0.00858697 0.00858697 0.00858697 0.13895761 0.14196311
 0.00858697 0.00858697 0.00858697 0.00858697 0.00858697 0.00858697
 0.13720534 0.00858697 0.00858697 0.00858697 0.00858697 0.20091329
 0.00858697 0.00858697 0.00858697 0.00858697 0.00858697 0.00858697]
Classification: 1.0 0.9436715303698676 87
本轮采样概率阵: [0.1201903  0.00858697 0.00858697 0.00858697 0.05468308 0.00858697
 0.00858697 0.00858697 0.00858697 0.00858697 0.13895761 0.14196311
 0.00858697 0.00858697 0.00858697 0.00858697 0.00858697 0.00858697
 0.13720534 0.00858697 0.00858697 0.00858697 0.00858697 0.20091329
 0.00858697 0.00858697 0.00858697 0.00858697 0.00858697 0.00858697]
客户端选择掩码: [1.0, 0.0, 1.0, 0.0, 1.0, 0.0, 0.0, 1.0, 0.0, 1.0, 1.0, 1.0, 0.0, 0.0, 1.0, 0.0, 1.0, 1.0, 1.0, 1.0, 1.0, 1.0, 1.0, 1.0, 1.0, 1.0, 1.0, 1.0, 1.0, 0.0]
/mnt/data/user_liangzhiyu/envs/fedcsl/lib/python3.8/site-packages/sklearn/utils/validation.py:63: RuntimeWarning:  Orthogonal matching pursuit ended prematurely due to linear
dependence in the dictionary. The requested precision might not have been met.

  return f(*args, **kwargs)
稀疏向量: [ -2.45264722   0.           0.           0.           1.61412342
   0.           0.           0.           0.           0.
   0.          20.40574803   0.           0.           0.
   0.           0.           0.          -7.17330388   0.
   0.           0.           0.           0.           0.
   0.           0.           0.           0.         -11.43505093]
更新后概率: [0.06046533 0.00845511 0.00845511 0.00845511 0.03979313 0.00845511
 0.00845511 0.00845511 0.00845511 0.00845511 0.00845511 0.5030647
 0.00845511 0.00845511 0.00845511 0.00845511 0.00845511 0.00845511
 0.17684409 0.00845511 0.00845511 0.00845511 0.00845511 0.00845511
 0.00845511 0.00845511 0.00845511 0.00845511 0.00845511 0.00845511]
Classification: 1.0 0.9426535459789617 88
本轮采样概率阵: [0.06046533 0.00845511 0.00845511 0.00845511 0.03979313 0.00845511
 0.00845511 0.00845511 0.00845511 0.00845511 0.00845511 0.5030647
 0.00845511 0.00845511 0.00845511 0.00845511 0.00845511 0.00845511
 0.17684409 0.00845511 0.00845511 0.00845511 0.00845511 0.00845511
 0.00845511 0.00845511 0.00845511 0.00845511 0.00845511 0.00845511]
客户端选择掩码: [1.0, 0.0, 0.0, 1.0, 1.0, 0.0, 0.0, 1.0, 1.0, 1.0, 1.0, 1.0, 1.0, 1.0, 1.0, 1.0, 1.0, 0.0, 1.0, 1.0, 0.0, 1.0, 1.0, 1.0, 1.0, 1.0, 1.0, 0.0, 0.0, 0.0]
/mnt/data/user_liangzhiyu/envs/fedcsl/lib/python3.8/site-packages/sklearn/utils/validation.py:63: RuntimeWarning:  Orthogonal matching pursuit ended prematurely due to linear
dependence in the dictionary. The requested precision might not have been met.

  return f(*args, **kwargs)
稀疏向量: [  0.           0.           0.          76.25753954 -10.99025126
   0.           0.           0.           0.           0.
   0.           0.           0.          31.9420048    0.
   0.           0.           0.           0.           0.
   0.           0.         -54.03672758 -40.24132288   0.
   0.           0.           0.           0.           0.        ]
更新后概率: [0.00851858 0.00851858 0.00851858 0.28115421 0.04052    0.00851858
 0.00851858 0.00851858 0.00851858 0.00851858 0.00851858 0.00851858
 0.00851858 0.1177671  0.00851858 0.00851858 0.00851858 0.00851858
 0.00851858 0.00851858 0.00851858 0.00851858 0.19922821 0.14836588
 0.00851858 0.00851858 0.00851858 0.00851858 0.00851858 0.00851858]
Classification: 1.0 0.9429928741092637 89
本轮采样概率阵: [0.00851858 0.00851858 0.00851858 0.28115421 0.04052    0.00851858
 0.00851858 0.00851858 0.00851858 0.00851858 0.00851858 0.00851858
 0.00851858 0.1177671  0.00851858 0.00851858 0.00851858 0.00851858
 0.00851858 0.00851858 0.00851858 0.00851858 0.19922821 0.14836588
 0.00851858 0.00851858 0.00851858 0.00851858 0.00851858 0.00851858]
客户端选择掩码: [1.0, 1.0, 1.0, 1.0, 1.0, 1.0, 0.0, 1.0, 0.0, 0.0, 0.0, 1.0, 0.0, 1.0, 1.0, 0.0, 1.0, 0.0, 1.0, 0.0, 1.0, 1.0, 1.0, 1.0, 0.0, 1.0, 1.0, 1.0, 1.0, 1.0]
/mnt/data/user_liangzhiyu/envs/fedcsl/lib/python3.8/site-packages/sklearn/utils/validation.py:63: RuntimeWarning:  Orthogonal matching pursuit ended prematurely due to linear
dependence in the dictionary. The requested precision might not have been met.

  return f(*args, **kwargs)
稀疏向量: [   2.92810941    0.            0.            0.           90.62468452
    0.            0.            0.            0.            0.
    0.            0.            0.          247.16773235    0.
    0.            0.            0.            0.            0.
    0.            0.            0.            0.            0.
    0.            0.            0.            0.         -341.22835861]
更新后概率: [0.00840783 0.00840783 0.00840783 0.00840783 0.103166   0.00840783
 0.00840783 0.00840783 0.00840783 0.00840783 0.00840783 0.00840783
 0.00840783 0.28137264 0.00840783 0.00840783 0.00840783 0.00840783
 0.00840783 0.00840783 0.00840783 0.00840783 0.00840783 0.00840783
 0.00840783 0.00840783 0.00840783 0.00840783 0.00840783 0.38845008]
Classification: 1.0 0.9426535459789617 90
本轮采样概率阵: [0.00840783 0.00840783 0.00840783 0.00840783 0.103166   0.00840783
 0.00840783 0.00840783 0.00840783 0.00840783 0.00840783 0.00840783
 0.00840783 0.28137264 0.00840783 0.00840783 0.00840783 0.00840783
 0.00840783 0.00840783 0.00840783 0.00840783 0.00840783 0.00840783
 0.00840783 0.00840783 0.00840783 0.00840783 0.00840783 0.38845008]
客户端选择掩码: [1.0, 0.0, 0.0, 1.0, 1.0, 1.0, 0.0, 1.0, 1.0, 1.0, 1.0, 0.0, 0.0, 1.0, 0.0, 1.0, 0.0, 1.0, 0.0, 0.0, 1.0, 1.0, 1.0, 1.0, 1.0, 1.0, 1.0, 1.0, 1.0, 1.0]
/mnt/data/user_liangzhiyu/envs/fedcsl/lib/python3.8/site-packages/sklearn/utils/validation.py:63: RuntimeWarning:  Orthogonal matching pursuit ended prematurely due to linear
dependence in the dictionary. The requested precision might not have been met.

  return f(*args, **kwargs)
稀疏向量: [ 165.50149238    0.            0.            0.            0.
    0.            0.            0.            0.            0.
  173.22525445   29.34578753    0.            0.            0.
    0.            0.            0.          -45.58865011    0.
    0.          -39.40157695    0.         -133.30588379    0.
    0.            0.            0.         -147.45841041    0.        ]
更新后概率: [0.19770795 0.0085155  0.0085155  0.0085155  0.0085155  0.0085155
 0.0085155  0.0085155  0.0085155  0.0085155  0.20693475 0.0085155
 0.0085155  0.0085155  0.0085155  0.0085155  0.0085155  0.0085155
 0.0085155  0.0085155  0.0085155  0.04706909 0.0085155  0.1592471
 0.0085155  0.0085155  0.0085155  0.0085155  0.17615369 0.0085155 ]
Classification: 1.0 0.9429928741092637 91
本轮采样概率阵: [0.19770795 0.0085155  0.0085155  0.0085155  0.0085155  0.0085155
 0.0085155  0.0085155  0.0085155  0.0085155  0.20693475 0.0085155
 0.0085155  0.0085155  0.0085155  0.0085155  0.0085155  0.0085155
 0.0085155  0.0085155  0.0085155  0.04706909 0.0085155  0.1592471
 0.0085155  0.0085155  0.0085155  0.0085155  0.17615369 0.0085155 ]
客户端选择掩码: [1.0, 0.0, 1.0, 1.0, 1.0, 1.0, 1.0, 1.0, 1.0, 0.0, 1.0, 1.0, 1.0, 1.0, 1.0, 0.0, 0.0, 0.0, 1.0, 0.0, 0.0, 1.0, 1.0, 1.0, 1.0, 0.0, 1.0, 0.0, 1.0, 1.0]
/mnt/data/user_liangzhiyu/envs/fedcsl/lib/python3.8/site-packages/sklearn/utils/validation.py:63: RuntimeWarning:  Orthogonal matching pursuit ended prematurely due to linear
dependence in the dictionary. The requested precision might not have been met.

  return f(*args, **kwargs)
稀疏向量: [  19.46616154    0.            0.            0.           13.28489272
    0.            0.            0.            0.            0.
    0.           74.29170111    0.           93.98988051    0.
    0.            0.            0.          -55.13889489    0.
    0.            0.            0.          -38.53705252    0.
    0.            0.            0.            0.         -106.07624119]
更新后概率: [0.03888439 0.00867032 0.00867032 0.00867032 0.02653707 0.00867032
 0.00867032 0.00867032 0.00867032 0.00867032 0.00867032 0.14840046
 0.00867032 0.18774832 0.00867032 0.00867032 0.00867032 0.00867032
 0.11014201 0.00867032 0.00867032 0.00867032 0.00867032 0.07697921
 0.00867032 0.00867032 0.00867032 0.00867032 0.00867032 0.21189127]
Classification: 1.0 0.9436715303698676 92
本轮采样概率阵: [0.03888439 0.00867032 0.00867032 0.00867032 0.02653707 0.00867032
 0.00867032 0.00867032 0.00867032 0.00867032 0.00867032 0.14840046
 0.00867032 0.18774832 0.00867032 0.00867032 0.00867032 0.00867032
 0.11014201 0.00867032 0.00867032 0.00867032 0.00867032 0.07697921
 0.00867032 0.00867032 0.00867032 0.00867032 0.00867032 0.21189127]
客户端选择掩码: [1.0, 0.0, 0.0, 1.0, 1.0, 1.0, 0.0, 1.0, 0.0, 1.0, 1.0, 1.0, 1.0, 1.0, 1.0, 1.0, 1.0, 0.0, 1.0, 0.0, 1.0, 0.0, 0.0, 1.0, 1.0, 1.0, 1.0, 1.0, 0.0, 1.0]
/mnt/data/user_liangzhiyu/envs/fedcsl/lib/python3.8/site-packages/sklearn/utils/validation.py:63: RuntimeWarning:  Orthogonal matching pursuit ended prematurely due to linear
dependence in the dictionary. The requested precision might not have been met.

  return f(*args, **kwargs)
稀疏向量: [ 14.75078158   0.           0.           0.           3.31310615
   0.           0.           0.           0.          41.19709727
   0.           0.           0.           0.           0.
   0.           0.           0.           0.           0.
   0.         -22.93555637   0.         -34.42109536   0.
   0.           0.           0.           0.           0.        ]
更新后概率: [0.12281985 0.00846047 0.00846047 0.00846047 0.02758601 0.00846047
 0.00846047 0.00846047 0.00846047 0.34302054 0.00846047 0.00846047
 0.00846047 0.00846047 0.00846047 0.00846047 0.00846047 0.00846047
 0.00846047 0.00846047 0.00846047 0.00846047 0.00846047 0.28660133
 0.00846047 0.00846047 0.00846047 0.00846047 0.00846047 0.00846047]
Classification: 1.0 0.9433322022395657 93
本轮采样概率阵: [0.12281985 0.00846047 0.00846047 0.00846047 0.02758601 0.00846047
 0.00846047 0.00846047 0.00846047 0.34302054 0.00846047 0.00846047
 0.00846047 0.00846047 0.00846047 0.00846047 0.00846047 0.00846047
 0.00846047 0.00846047 0.00846047 0.00846047 0.00846047 0.28660133
 0.00846047 0.00846047 0.00846047 0.00846047 0.00846047 0.00846047]
客户端选择掩码: [1.0, 1.0, 1.0, 0.0, 1.0, 1.0, 0.0, 1.0, 1.0, 1.0, 1.0, 1.0, 1.0, 0.0, 1.0, 1.0, 0.0, 1.0, 0.0, 1.0, 1.0, 0.0, 1.0, 1.0, 0.0, 1.0, 1.0, 0.0, 0.0, 1.0]
/mnt/data/user_liangzhiyu/envs/fedcsl/lib/python3.8/site-packages/sklearn/utils/validation.py:63: RuntimeWarning:  Orthogonal matching pursuit ended prematurely due to linear
dependence in the dictionary. The requested precision might not have been met.

  return f(*args, **kwargs)
稀疏向量: [-16.71515815   0.           0.           0.           0.
   0.           0.           0.           0.         116.16867957
   0.           0.          -0.42123921  12.5194796    0.
   0.           0.           0.           0.           0.
   0.         -72.84222868   0.         -35.88261704   0.
   0.           0.           0.           0.           0.        ]
更新后概率: [0.0766005  0.00839239 0.00839239 0.00839239 0.00839239 0.00839239
 0.00839239 0.00839239 0.00839239 0.5323658  0.00839239 0.00839239
 0.00839239 0.00839239 0.00839239 0.00839239 0.00839239 0.00839239
 0.00839239 0.00839239 0.00839239 0.00839239 0.00839239 0.16443914
 0.00839239 0.00839239 0.00839239 0.00839239 0.00839239 0.00839239]
Classification: 1.0 0.9429928741092637 94
本轮采样概率阵: [0.0766005  0.00839239 0.00839239 0.00839239 0.00839239 0.00839239
 0.00839239 0.00839239 0.00839239 0.5323658  0.00839239 0.00839239
 0.00839239 0.00839239 0.00839239 0.00839239 0.00839239 0.00839239
 0.00839239 0.00839239 0.00839239 0.00839239 0.00839239 0.16443914
 0.00839239 0.00839239 0.00839239 0.00839239 0.00839239 0.00839239]
客户端选择掩码: [1.0, 1.0, 0.0, 0.0, 0.0, 1.0, 1.0, 0.0, 1.0, 1.0, 1.0, 1.0, 1.0, 0.0, 1.0, 0.0, 1.0, 1.0, 1.0, 0.0, 1.0, 1.0, 0.0, 1.0, 1.0, 1.0, 1.0, 0.0, 1.0, 1.0]
/mnt/data/user_liangzhiyu/envs/fedcsl/lib/python3.8/site-packages/sklearn/utils/validation.py:63: RuntimeWarning:  Orthogonal matching pursuit ended prematurely due to linear
dependence in the dictionary. The requested precision might not have been met.

  return f(*args, **kwargs)
稀疏向量: [  7.89489571   0.           0.           0.          -7.91714149
   0.           0.           0.           0.           0.
  13.48539324   9.75230124  19.91802801   0.           0.
   0.           0.           0.         -42.01649546   0.
   0.           0.           0.           0.           0.
   0.           0.           0.           0.           0.        ]
更新后概率: [0.066773   0.00851449 0.00851449 0.00851449 0.00851449 0.00851449
 0.00851449 0.00851449 0.00851449 0.00851449 0.11405599 0.08248246
 0.16846157 0.00851449 0.00851449 0.00851449 0.00851449 0.00851449
 0.35536473 0.00851449 0.00851449 0.00851449 0.00851449 0.00851449
 0.00851449 0.00851449 0.00851449 0.00851449 0.00851449 0.00851449]
Classification: 1.0 0.9429928741092637 95
本轮采样概率阵: [0.066773   0.00851449 0.00851449 0.00851449 0.00851449 0.00851449
 0.00851449 0.00851449 0.00851449 0.00851449 0.11405599 0.08248246
 0.16846157 0.00851449 0.00851449 0.00851449 0.00851449 0.00851449
 0.35536473 0.00851449 0.00851449 0.00851449 0.00851449 0.00851449
 0.00851449 0.00851449 0.00851449 0.00851449 0.00851449 0.00851449]
客户端选择掩码: [1.0, 0.0, 0.0, 1.0, 0.0, 1.0, 0.0, 1.0, 1.0, 0.0, 1.0, 1.0, 1.0, 0.0, 0.0, 1.0, 1.0, 1.0, 1.0, 1.0, 1.0, 1.0, 1.0, 0.0, 0.0, 1.0, 1.0, 1.0, 1.0, 1.0]
/mnt/data/user_liangzhiyu/envs/fedcsl/lib/python3.8/site-packages/sklearn/utils/validation.py:63: RuntimeWarning:  Orthogonal matching pursuit ended prematurely due to linear
dependence in the dictionary. The requested precision might not have been met.

  return f(*args, **kwargs)
稀疏向量: [ -2.72968285   0.           0.          43.29100386  24.27087475
   0.           0.           0.           0.           0.
   0.           0.           0.          11.02664484   0.
   0.           0.           0.           0.           0.
   0.         -59.93893529   0.         -13.91311532   0.
   0.           0.           0.           0.           0.        ]
更新后概率: [0.01993299 0.00837963 0.00837963 0.31612428 0.00837963 0.00837963
 0.00837963 0.00837963 0.00837963 0.00837963 0.00837963 0.00837963
 0.00837963 0.00837963 0.00837963 0.00837963 0.00837963 0.00837963
 0.00837963 0.00837963 0.00837963 0.43769262 0.00837963 0.00837963
 0.00837963 0.00837963 0.00837963 0.00837963 0.00837963 0.00837963]
Classification: 1.0 0.9440108585001696 96
本轮采样概率阵: [0.01993299 0.00837963 0.00837963 0.31612428 0.00837963 0.00837963
 0.00837963 0.00837963 0.00837963 0.00837963 0.00837963 0.00837963
 0.00837963 0.00837963 0.00837963 0.00837963 0.00837963 0.00837963
 0.00837963 0.00837963 0.00837963 0.43769262 0.00837963 0.00837963
 0.00837963 0.00837963 0.00837963 0.00837963 0.00837963 0.00837963]
客户端选择掩码: [1.0, 1.0, 1.0, 1.0, 0.0, 0.0, 1.0, 1.0, 1.0, 0.0, 0.0, 1.0, 1.0, 0.0, 1.0, 0.0, 1.0, 1.0, 1.0, 0.0, 1.0, 1.0, 1.0, 1.0, 0.0, 1.0, 1.0, 0.0, 1.0, 1.0]
/mnt/data/user_liangzhiyu/envs/fedcsl/lib/python3.8/site-packages/sklearn/utils/validation.py:63: RuntimeWarning:  Orthogonal matching pursuit ended prematurely due to linear
dependence in the dictionary. The requested precision might not have been met.

  return f(*args, **kwargs)
稀疏向量: [  7.59365316   0.           0.           0.           0.
   0.           0.           0.           0.           0.
   0.          22.26581299   0.           0.           0.
   0.           0.           0.          -6.86691199   0.
   0.           0.           0.         -21.69941964   0.
   0.           0.           0.           0.           0.        ]
更新后概率: [0.10144404 0.00844179 0.00844179 0.00844179 0.00844179 0.00844179
 0.00844179 0.00844179 0.00844179 0.00844179 0.00844179 0.29745025
 0.00844179 0.00844179 0.00844179 0.00844179 0.00844179 0.00844179
 0.09173547 0.00844179 0.00844179 0.00844179 0.00844179 0.28988377
 0.00844179 0.00844179 0.00844179 0.00844179 0.00844179 0.00844179]
Classification: 1.0 0.9433322022395657 97
本轮采样概率阵: [0.10144404 0.00844179 0.00844179 0.00844179 0.00844179 0.00844179
 0.00844179 0.00844179 0.00844179 0.00844179 0.00844179 0.29745025
 0.00844179 0.00844179 0.00844179 0.00844179 0.00844179 0.00844179
 0.09173547 0.00844179 0.00844179 0.00844179 0.00844179 0.28988377
 0.00844179 0.00844179 0.00844179 0.00844179 0.00844179 0.00844179]
客户端选择掩码: [1.0, 0.0, 0.0, 1.0, 1.0, 1.0, 1.0, 0.0, 1.0, 1.0, 0.0, 1.0, 1.0, 1.0, 1.0, 1.0, 0.0, 0.0, 1.0, 1.0, 1.0, 1.0, 1.0, 1.0, 1.0, 0.0, 1.0, 0.0, 0.0, 1.0]
/mnt/data/user_liangzhiyu/envs/fedcsl/lib/python3.8/site-packages/sklearn/utils/validation.py:63: RuntimeWarning:  Orthogonal matching pursuit ended prematurely due to linear
dependence in the dictionary. The requested precision might not have been met.

  return f(*args, **kwargs)
稀疏向量: [ 168.41718127    0.            0.            0.          -14.3914265
    0.            0.            0.            0.            0.
  163.31899807   97.41169729    0.            0.            0.
    0.            0.            0.          -36.3040947     0.
    0.            0.            0.         -134.81204604    0.
    0.         -142.06456927    0.            0.         -100.00380668]
更新后概率: [0.19447686 0.00866533 0.00866533 0.00866533 0.01661825 0.00866533
 0.00866533 0.00866533 0.00866533 0.00866533 0.00866533 0.11248449
 0.00866533 0.00866533 0.00866533 0.00866533 0.00866533 0.00866533
 0.04192153 0.00866533 0.00866533 0.00866533 0.00866533 0.15567191
 0.00866533 0.00866533 0.16404663 0.00866533 0.00866533 0.11547769]
Classification: 1.0 0.9426535459789617 98
本轮采样概率阵: [0.19447686 0.00866533 0.00866533 0.00866533 0.01661825 0.00866533
 0.00866533 0.00866533 0.00866533 0.00866533 0.00866533 0.11248449
 0.00866533 0.00866533 0.00866533 0.00866533 0.00866533 0.00866533
 0.04192153 0.00866533 0.00866533 0.00866533 0.00866533 0.15567191
 0.00866533 0.00866533 0.16404663 0.00866533 0.00866533 0.11547769]
客户端选择掩码: [1.0, 1.0, 1.0, 0.0, 0.0, 1.0, 1.0, 0.0, 0.0, 1.0, 0.0, 1.0, 1.0, 0.0, 0.0, 0.0, 1.0, 1.0, 1.0, 1.0, 1.0, 1.0, 0.0, 1.0, 1.0, 1.0, 1.0, 1.0, 1.0, 1.0]
/mnt/data/user_liangzhiyu/envs/fedcsl/lib/python3.8/site-packages/sklearn/utils/validation.py:63: RuntimeWarning:  Orthogonal matching pursuit ended prematurely due to linear
dependence in the dictionary. The requested precision might not have been met.

  return f(*args, **kwargs)
稀疏向量: [ 188.21332772    0.            0.            0.         -142.2588161
    0.            0.            0.            0.            0.
  255.38744124  250.42559627  328.71919107    0.            0.
    0.            0.            0.         -876.92080326    0.
    0.            0.            0.            0.            0.
    0.            0.            0.            0.            0.        ]
更新后概率: [0.08861718 0.00846971 0.00846971 0.00846971 0.01407519 0.00846971
 0.00846971 0.00846971 0.00846971 0.00846971 0.00846971 0.11790881
 0.15477208 0.00846971 0.00846971 0.00846971 0.00846971 0.00846971
 0.41288388 0.00846971 0.00846971 0.00846971 0.00846971 0.00846971
 0.00846971 0.00846971 0.00846971 0.00846971 0.00846971 0.00846971]
Classification: 1.0 0.9426535459789617 99
本轮采样概率阵: [0.08861718 0.00846971 0.00846971 0.00846971 0.01407519 0.00846971
 0.00846971 0.00846971 0.00846971 0.00846971 0.00846971 0.11790881
 0.15477208 0.00846971 0.00846971 0.00846971 0.00846971 0.00846971
 0.41288388 0.00846971 0.00846971 0.00846971 0.00846971 0.00846971
 0.00846971 0.00846971 0.00846971 0.00846971 0.00846971 0.00846971]
客户端选择掩码: [1.0, 1.0, 1.0, 0.0, 1.0, 0.0, 0.0, 1.0, 1.0, 1.0, 1.0, 1.0, 1.0, 0.0, 1.0, 1.0, 0.0, 0.0, 1.0, 1.0, 1.0, 1.0, 0.0, 0.0, 0.0, 1.0, 1.0, 1.0, 1.0, 1.0]
/mnt/data/user_liangzhiyu/envs/fedcsl/lib/python3.8/site-packages/sklearn/utils/validation.py:63: RuntimeWarning:  Orthogonal matching pursuit ended prematurely due to linear
dependence in the dictionary. The requested precision might not have been met.

  return f(*args, **kwargs)
稀疏向量: [  0.           0.           0.           0.          16.57739156
   0.           0.           0.           0.           0.
   0.          20.03697272   0.          17.43788538   0.
   0.           0.           0.           0.           0.
   0.         -36.34536159  -6.0721304  -10.07573175   0.
   0.           0.           0.           0.           0.        ]
更新后概率: [0.0083768  0.0083768  0.0083768  0.0083768  0.17582332 0.0083768
 0.0083768  0.0083768  0.0083768  0.0083768  0.0083768  0.21251637
 0.0083768  0.0083768  0.0083768  0.0083768  0.0083768  0.0083768
 0.0083768  0.0083768  0.0083768  0.38548658 0.0083768  0.0083768
 0.0083768  0.0083768  0.0083768  0.0083768  0.0083768  0.0083768 ]
Classification: 1.0 0.9419748897183576 100
本轮采样概率阵: [0.0083768  0.0083768  0.0083768  0.0083768  0.17582332 0.0083768
 0.0083768  0.0083768  0.0083768  0.0083768  0.0083768  0.21251637
 0.0083768  0.0083768  0.0083768  0.0083768  0.0083768  0.0083768
 0.0083768  0.0083768  0.0083768  0.38548658 0.0083768  0.0083768
 0.0083768  0.0083768  0.0083768  0.0083768  0.0083768  0.0083768 ]
客户端选择掩码: [1.0, 0.0, 1.0, 1.0, 1.0, 0.0, 1.0, 0.0, 0.0, 1.0, 1.0, 1.0, 1.0, 1.0, 1.0, 1.0, 1.0, 1.0, 1.0, 0.0, 1.0, 1.0, 1.0, 0.0, 1.0, 1.0, 0.0, 0.0, 1.0, 0.0]
/mnt/data/user_liangzhiyu/envs/fedcsl/lib/python3.8/site-packages/sklearn/utils/validation.py:63: RuntimeWarning:  Orthogonal matching pursuit ended prematurely due to linear
dependence in the dictionary. The requested precision might not have been met.

  return f(*args, **kwargs)
稀疏向量: [  6.88615815   0.           0.          21.7617846   -0.67353435
   0.           0.           0.           0.           0.
   0.           0.           0.           0.           0.
   0.           0.           0.           0.           0.
   0.           0.          -7.51031894 -19.01075856   0.
   0.           0.           0.           0.           0.        ]
更新后概率: [0.14592751 0.00844161 0.00844161 0.46116323 0.01427315 0.00844161
 0.00844161 0.00844161 0.00844161 0.00844161 0.00844161 0.00844161
 0.00844161 0.00844161 0.00844161 0.00844161 0.00844161 0.00844161
 0.00844161 0.00844161 0.00844161 0.00844161 0.15915436 0.00844161
 0.00844161 0.00844161 0.00844161 0.00844161 0.00844161 0.00844161]
Classification: 1.0 0.9419748897183576 101
本轮采样概率阵: [0.14592751 0.00844161 0.00844161 0.46116323 0.01427315 0.00844161
 0.00844161 0.00844161 0.00844161 0.00844161 0.00844161 0.00844161
 0.00844161 0.00844161 0.00844161 0.00844161 0.00844161 0.00844161
 0.00844161 0.00844161 0.00844161 0.00844161 0.15915436 0.00844161
 0.00844161 0.00844161 0.00844161 0.00844161 0.00844161 0.00844161]
客户端选择掩码: [1.0, 0.0, 1.0, 1.0, 0.0, 0.0, 1.0, 1.0, 1.0, 1.0, 1.0, 1.0, 1.0, 0.0, 1.0, 1.0, 0.0, 1.0, 0.0, 1.0, 0.0, 0.0, 1.0, 1.0, 1.0, 0.0, 1.0, 1.0, 1.0, 1.0]
/mnt/data/user_liangzhiyu/envs/fedcsl/lib/python3.8/site-packages/sklearn/utils/validation.py:63: RuntimeWarning:  Orthogonal matching pursuit ended prematurely due to linear
dependence in the dictionary. The requested precision might not have been met.

  return f(*args, **kwargs)
稀疏向量: [  0.           0.           0.           0.          -2.45405826
   0.           0.           0.           0.           0.
   7.12685282  27.1848131    0.           8.91479845   0.
   0.           0.           0.           0.           0.
   0.           0.         -17.80390243 -21.46411487   0.
   0.           0.           0.           0.           0.        ]
更新后概率: [0.00845689 0.00845689 0.00845689 0.00845689 0.01207065 0.00845689
 0.00845689 0.00845689 0.00845689 0.00845689 0.07521167 0.28688894
 0.00845689 0.00845689 0.00845689 0.00845689 0.00845689 0.00845689
 0.00845689 0.00845689 0.00845689 0.00845689 0.18788956 0.22651681
 0.00845689 0.00845689 0.00845689 0.00845689 0.00845689 0.00845689]
Classification: 1.0 0.9419748897183576 102
本轮采样概率阵: [0.00845689 0.00845689 0.00845689 0.00845689 0.01207065 0.00845689
 0.00845689 0.00845689 0.00845689 0.00845689 0.07521167 0.28688894
 0.00845689 0.00845689 0.00845689 0.00845689 0.00845689 0.00845689
 0.00845689 0.00845689 0.00845689 0.00845689 0.18788956 0.22651681
 0.00845689 0.00845689 0.00845689 0.00845689 0.00845689 0.00845689]
客户端选择掩码: [1.0, 0.0, 1.0, 0.0, 0.0, 1.0, 1.0, 1.0, 1.0, 1.0, 1.0, 1.0, 1.0, 1.0, 1.0, 0.0, 0.0, 0.0, 1.0, 0.0, 0.0, 1.0, 1.0, 1.0, 1.0, 1.0, 1.0, 1.0, 1.0, 0.0]
/mnt/data/user_liangzhiyu/envs/fedcsl/lib/python3.8/site-packages/sklearn/utils/validation.py:63: RuntimeWarning:  Orthogonal matching pursuit ended prematurely due to linear
dependence in the dictionary. The requested precision might not have been met.

  return f(*args, **kwargs)
稀疏向量: [  9.52123275   0.           0.           0.          -5.8994929
   0.           0.           0.           0.           0.
   0.          19.14331126   0.          17.15022325   0.
   0.           0.         -39.04372431   0.           0.
   0.           0.           0.           0.           0.
   0.           0.           0.           0.           0.        ]
更新后概率: [0.16039952 0.00838684 0.00838684 0.00838684 0.01012346 0.00838684
 0.00838684 0.00838684 0.00838684 0.00838684 0.00838684 0.32249794
 0.00838684 0.28892136 0.00838684 0.00838684 0.00838684 0.00838684
 0.00838684 0.00838684 0.00838684 0.00838684 0.00838684 0.00838684
 0.00838684 0.00838684 0.00838684 0.00838684 0.00838684 0.00838684]
Classification: 1.0 0.9416355615880556 103
本轮采样概率阵: [0.16039952 0.00838684 0.00838684 0.00838684 0.01012346 0.00838684
 0.00838684 0.00838684 0.00838684 0.00838684 0.00838684 0.32249794
 0.00838684 0.28892136 0.00838684 0.00838684 0.00838684 0.00838684
 0.00838684 0.00838684 0.00838684 0.00838684 0.00838684 0.00838684
 0.00838684 0.00838684 0.00838684 0.00838684 0.00838684 0.00838684]
客户端选择掩码: [1.0, 1.0, 0.0, 0.0, 0.0, 0.0, 0.0, 1.0, 0.0, 0.0, 1.0, 1.0, 1.0, 1.0, 1.0, 1.0, 1.0, 1.0, 1.0, 1.0, 1.0, 1.0, 1.0, 0.0, 1.0, 1.0, 1.0, 0.0, 1.0, 1.0]
/mnt/data/user_liangzhiyu/envs/fedcsl/lib/python3.8/site-packages/sklearn/utils/validation.py:63: RuntimeWarning:  Orthogonal matching pursuit ended prematurely due to linear
dependence in the dictionary. The requested precision might not have been met.

  return f(*args, **kwargs)
稀疏向量: [  18.57745095    0.            0.            0.           61.32415323
  -38.07548887    0.            0.            0.            0.
   60.74805536    0.           16.52888519    0.            0.
    0.            0.            0.            0.            0.
    0.         -116.98141216    0.            0.            0.
    0.            0.            0.            0.            0.        ]
更新后概率: [0.06809112 0.00845376 0.00845376 0.00845376 0.00855813 0.00845376
 0.00845376 0.00845376 0.00845376 0.00845376 0.22265721 0.00845376
 0.0605826  0.00845376 0.00845376 0.00845376 0.00845376 0.00845376
 0.00845376 0.00845376 0.00845376 0.42876688 0.00845376 0.00845376
 0.00845376 0.00845376 0.00845376 0.00845376 0.00845376 0.00845376]
Classification: 1.0 0.9419748897183576 104
本轮采样概率阵: [0.06809112 0.00845376 0.00845376 0.00845376 0.00855813 0.00845376
 0.00845376 0.00845376 0.00845376 0.00845376 0.22265721 0.00845376
 0.0605826  0.00845376 0.00845376 0.00845376 0.00845376 0.00845376
 0.00845376 0.00845376 0.00845376 0.42876688 0.00845376 0.00845376
 0.00845376 0.00845376 0.00845376 0.00845376 0.00845376 0.00845376]
客户端选择掩码: [1.0, 1.0, 0.0, 1.0, 1.0, 0.0, 1.0, 0.0, 1.0, 1.0, 1.0, 1.0, 1.0, 1.0, 1.0, 1.0, 0.0, 1.0, 0.0, 1.0, 1.0, 1.0, 0.0, 1.0, 1.0, 0.0, 1.0, 0.0, 1.0, 0.0]
/mnt/data/user_liangzhiyu/envs/fedcsl/lib/python3.8/site-packages/sklearn/utils/validation.py:63: RuntimeWarning:  Orthogonal matching pursuit ended prematurely due to linear
dependence in the dictionary. The requested precision might not have been met.

  return f(*args, **kwargs)
稀疏向量: [  0.           0.           0.           0.          -2.54388204
   0.           0.           0.           0.           0.
   0.          28.13051522   0.          35.49648076   0.
   0.           0.           0.           0.           0.
   0.           0.         -18.92227126  -6.4341387    0.
   0.           0.           0.         -34.53736841   0.        ]
更新后概率: [0.0085185  0.0085185  0.0085185  0.0085185  0.01868664 0.0085185
 0.0085185  0.0085185  0.0085185  0.0085185  0.0085185  0.20663879
 0.0085185  0.26074709 0.0085185  0.0085185  0.0085185  0.0085185
 0.0085185  0.0085185  0.0085185  0.0085185  0.0085185  0.04726336
 0.0085185  0.0085185  0.0085185  0.0085185  0.25370172 0.0085185 ]
Classification: 1.0 0.9419748897183576 105
本轮采样概率阵: [0.0085185  0.0085185  0.0085185  0.0085185  0.01868664 0.0085185
 0.0085185  0.0085185  0.0085185  0.0085185  0.0085185  0.20663879
 0.0085185  0.26074709 0.0085185  0.0085185  0.0085185  0.0085185
 0.0085185  0.0085185  0.0085185  0.0085185  0.0085185  0.04726336
 0.0085185  0.0085185  0.0085185  0.0085185  0.25370172 0.0085185 ]
客户端选择掩码: [0.0, 1.0, 0.0, 0.0, 1.0, 0.0, 1.0, 1.0, 1.0, 1.0, 1.0, 1.0, 0.0, 1.0, 1.0, 0.0, 0.0, 1.0, 0.0, 1.0, 1.0, 1.0, 1.0, 1.0, 1.0, 1.0, 0.0, 1.0, 1.0, 1.0]
/mnt/data/user_liangzhiyu/envs/fedcsl/lib/python3.8/site-packages/sklearn/utils/validation.py:63: RuntimeWarning:  Orthogonal matching pursuit ended prematurely due to linear
dependence in the dictionary. The requested precision might not have been met.

  return f(*args, **kwargs)
稀疏向量: [ 11.95017816   0.           0.          94.98798873  -8.88326638
   0.           0.           0.           0.           0.
   0.           0.           0.           0.           0.
   0.         -27.00983449   0.           0.           0.
   0.           0.           0.         -68.55847101   0.
   0.           0.           0.           0.           0.        ]
更新后概率: [0.00831025 0.00831025 0.00831025 0.00831025 0.08801773 0.00831025
 0.00831025 0.00831025 0.00831025 0.00831025 0.00831025 0.00831025
 0.00831025 0.00831025 0.00831025 0.00831025 0.00831025 0.00831025
 0.00831025 0.00831025 0.00831025 0.00831025 0.00831025 0.67929532
 0.00831025 0.00831025 0.00831025 0.00831025 0.00831025 0.00831025]
Classification: 1.0 0.9423142178486597 106
本轮采样概率阵: [0.00831025 0.00831025 0.00831025 0.00831025 0.08801773 0.00831025
 0.00831025 0.00831025 0.00831025 0.00831025 0.00831025 0.00831025
 0.00831025 0.00831025 0.00831025 0.00831025 0.00831025 0.00831025
 0.00831025 0.00831025 0.00831025 0.00831025 0.00831025 0.67929532
 0.00831025 0.00831025 0.00831025 0.00831025 0.00831025 0.00831025]
客户端选择掩码: [1.0, 1.0, 0.0, 1.0, 1.0, 0.0, 1.0, 1.0, 0.0, 1.0, 0.0, 1.0, 1.0, 1.0, 0.0, 1.0, 0.0, 1.0, 1.0, 1.0, 1.0, 0.0, 1.0, 1.0, 0.0, 1.0, 0.0, 1.0, 1.0, 1.0]
/mnt/data/user_liangzhiyu/envs/fedcsl/lib/python3.8/site-packages/sklearn/utils/validation.py:63: RuntimeWarning:  Orthogonal matching pursuit ended prematurely due to linear
dependence in the dictionary. The requested precision might not have been met.

  return f(*args, **kwargs)
稀疏向量: [  3.04451561   0.           0.           0.          30.71520651
   0.           0.           0.           0.          10.49357933
   0.           0.           0.          27.77007958   0.
   0.           0.           0.          -7.18065218   0.
   0.         -63.18160238   0.           0.           0.
   0.           0.           0.           0.           0.        ]
更新后概率: [0.03026185 0.00850913 0.00850913 0.00850913 0.30530278 0.00850913
 0.00850913 0.00850913 0.00850913 0.104304   0.00850913 0.00850913
 0.00850913 0.27602883 0.00850913 0.00850913 0.00850913 0.00850913
 0.07137419 0.00850913 0.00850913 0.00850913 0.00850913 0.00850913
 0.00850913 0.00850913 0.00850913 0.00850913 0.00850913 0.00850913]
Classification: 1.0 0.9426535459789617 107
本轮采样概率阵: [0.03026185 0.00850913 0.00850913 0.00850913 0.30530278 0.00850913
 0.00850913 0.00850913 0.00850913 0.104304   0.00850913 0.00850913
 0.00850913 0.27602883 0.00850913 0.00850913 0.00850913 0.00850913
 0.07137419 0.00850913 0.00850913 0.00850913 0.00850913 0.00850913
 0.00850913 0.00850913 0.00850913 0.00850913 0.00850913 0.00850913]
客户端选择掩码: [1.0, 1.0, 1.0, 1.0, 1.0, 1.0, 1.0, 0.0, 1.0, 1.0, 0.0, 0.0, 1.0, 1.0, 0.0, 0.0, 1.0, 0.0, 1.0, 0.0, 1.0, 1.0, 1.0, 0.0, 0.0, 1.0, 1.0, 1.0, 1.0, 1.0]
/mnt/data/user_liangzhiyu/envs/fedcsl/lib/python3.8/site-packages/sklearn/utils/validation.py:63: RuntimeWarning:  Orthogonal matching pursuit ended prematurely due to linear
dependence in the dictionary. The requested precision might not have been met.

  return f(*args, **kwargs)
稀疏向量: [ 13.20933126   0.           0.           0.          15.65372881
   0.           0.           0.           0.           0.
   0.           0.           0.          26.67207308   0.
   0.           0.           0.           0.           0.
   0.           0.           0.           0.           0.
   0.           0.           0.           0.         -54.75878425]
更新后概率: [0.09345217 0.0084501  0.0084501  0.0084501  0.11074558 0.0084501
 0.0084501  0.0084501  0.0084501  0.0084501  0.0084501  0.0084501
 0.0084501  0.18869716 0.0084501  0.0084501  0.0084501  0.0084501
 0.0084501  0.0084501  0.0084501  0.0084501  0.0084501  0.0084501
 0.0084501  0.0084501  0.0084501  0.0084501  0.0084501  0.38740246]
Classification: 1.0 0.9429928741092637 108
本轮采样概率阵: [0.09345217 0.0084501  0.0084501  0.0084501  0.11074558 0.0084501
 0.0084501  0.0084501  0.0084501  0.0084501  0.0084501  0.0084501
 0.0084501  0.18869716 0.0084501  0.0084501  0.0084501  0.0084501
 0.0084501  0.0084501  0.0084501  0.0084501  0.0084501  0.0084501
 0.0084501  0.0084501  0.0084501  0.0084501  0.0084501  0.38740246]
客户端选择掩码: [1.0, 0.0, 1.0, 1.0, 1.0, 1.0, 1.0, 1.0, 0.0, 0.0, 1.0, 0.0, 1.0, 1.0, 1.0, 1.0, 1.0, 1.0, 1.0, 0.0, 1.0, 0.0, 0.0, 1.0, 1.0, 1.0, 0.0, 0.0, 1.0, 1.0]
/mnt/data/user_liangzhiyu/envs/fedcsl/lib/python3.8/site-packages/sklearn/utils/validation.py:63: RuntimeWarning:  Orthogonal matching pursuit ended prematurely due to linear
dependence in the dictionary. The requested precision might not have been met.

  return f(*args, **kwargs)
稀疏向量: [ -68.71438965    0.            0.            0.          -21.09625449
    0.            0.            0.            0.            0.
    0.          138.14912839    0.           90.08935948    0.
    0.            0.            0.            0.            0.
    0.            0.         -135.57749003    0.            0.
    0.            0.            0.            0.            0.        ]
更新后概率: [0.29558252 0.00837557 0.00837557 0.00837557 0.09074787 0.00837557
 0.00837557 0.00837557 0.00837557 0.00837557 0.00837557 0.00837557
 0.00837557 0.38752931 0.00837557 0.00837557 0.00837557 0.00837557
 0.00837557 0.00837557 0.00837557 0.00837557 0.00837557 0.00837557
 0.00837557 0.00837557 0.00837557 0.00837557 0.00837557 0.00837557]
Classification: 1.0 0.9436715303698676 109
本轮采样概率阵: [0.29558252 0.00837557 0.00837557 0.00837557 0.09074787 0.00837557
 0.00837557 0.00837557 0.00837557 0.00837557 0.00837557 0.00837557
 0.00837557 0.38752931 0.00837557 0.00837557 0.00837557 0.00837557
 0.00837557 0.00837557 0.00837557 0.00837557 0.00837557 0.00837557
 0.00837557 0.00837557 0.00837557 0.00837557 0.00837557 0.00837557]
客户端选择掩码: [1.0, 1.0, 1.0, 1.0, 1.0, 1.0, 0.0, 0.0, 0.0, 1.0, 1.0, 0.0, 1.0, 1.0, 0.0, 0.0, 1.0, 1.0, 1.0, 1.0, 1.0, 1.0, 0.0, 0.0, 0.0, 1.0, 1.0, 1.0, 1.0, 1.0]
/mnt/data/user_liangzhiyu/envs/fedcsl/lib/python3.8/site-packages/sklearn/utils/validation.py:63: RuntimeWarning:  Orthogonal matching pursuit ended prematurely due to linear
dependence in the dictionary. The requested precision might not have been met.

  return f(*args, **kwargs)
稀疏向量: [ -3.64081763   0.           0.           0.           0.
  23.72908875   0.           0.           0.           0.
   0.           0.           0.           0.           0.
   0.           0.           0.           0.           0.
   0.         -11.10273306  -7.89139356   0.           0.
   0.           0.           0.           0.           0.        ]
更新后概率: [0.07324541 0.00837086 0.00837086 0.00837086 0.00837086 0.47737819
 0.00837086 0.00837086 0.00837086 0.00837086 0.00837086 0.00837086
 0.00837086 0.00837086 0.00837086 0.00837086 0.00837086 0.00837086
 0.00837086 0.00837086 0.00837086 0.22336309 0.00837086 0.00837086
 0.00837086 0.00837086 0.00837086 0.00837086 0.00837086 0.00837086]
Classification: 1.0 0.9440108585001696 110
本轮采样概率阵: [0.07324541 0.00837086 0.00837086 0.00837086 0.00837086 0.47737819
 0.00837086 0.00837086 0.00837086 0.00837086 0.00837086 0.00837086
 0.00837086 0.00837086 0.00837086 0.00837086 0.00837086 0.00837086
 0.00837086 0.00837086 0.00837086 0.22336309 0.00837086 0.00837086
 0.00837086 0.00837086 0.00837086 0.00837086 0.00837086 0.00837086]
客户端选择掩码: [1.0, 1.0, 0.0, 1.0, 1.0, 1.0, 1.0, 0.0, 1.0, 1.0, 0.0, 1.0, 1.0, 0.0, 1.0, 1.0, 1.0, 1.0, 0.0, 1.0, 1.0, 1.0, 0.0, 1.0, 1.0, 0.0, 0.0, 1.0, 0.0, 1.0]
/mnt/data/user_liangzhiyu/envs/fedcsl/lib/python3.8/site-packages/sklearn/utils/validation.py:63: RuntimeWarning:  Orthogonal matching pursuit ended prematurely due to linear
dependence in the dictionary. The requested precision might not have been met.

  return f(*args, **kwargs)
稀疏向量: [ 379.06738609    0.            0.            0.         -117.14087447
    0.            0.            0.            0.          583.68319272
    0.            0.            0.            0.            0.
    0.            0.            0.            0.            0.
    0.            0.            0.         -832.77103524    0.
    0.            0.            0.            0.            0.        ]
更新后概率: [0.15469157 0.00844122 0.00844122 0.00844122 0.04780339 0.00844122
 0.00844122 0.00844122 0.00844122 0.23819214 0.00844122 0.00844122
 0.00844122 0.00844122 0.00844122 0.00844122 0.00844122 0.00844122
 0.00844122 0.00844122 0.00844122 0.00844122 0.00844122 0.33984106
 0.00844122 0.00844122 0.00844122 0.00844122 0.00844122 0.00844122]
Classification: 1.0 0.9440108585001696 111
本轮采样概率阵: [0.15469157 0.00844122 0.00844122 0.00844122 0.04780339 0.00844122
 0.00844122 0.00844122 0.00844122 0.23819214 0.00844122 0.00844122
 0.00844122 0.00844122 0.00844122 0.00844122 0.00844122 0.00844122
 0.00844122 0.00844122 0.00844122 0.00844122 0.00844122 0.33984106
 0.00844122 0.00844122 0.00844122 0.00844122 0.00844122 0.00844122]
客户端选择掩码: [1.0, 1.0, 1.0, 1.0, 1.0, 1.0, 1.0, 1.0, 1.0, 1.0, 0.0, 0.0, 1.0, 1.0, 0.0, 0.0, 1.0, 0.0, 0.0, 1.0, 1.0, 1.0, 0.0, 1.0, 1.0, 0.0, 1.0, 1.0, 0.0, 1.0]
/mnt/data/user_liangzhiyu/envs/fedcsl/lib/python3.8/site-packages/sklearn/utils/validation.py:63: RuntimeWarning:  Orthogonal matching pursuit ended prematurely due to linear
dependence in the dictionary. The requested precision might not have been met.

  return f(*args, **kwargs)
稀疏向量: [-3.1091854   0.          0.          0.          0.          0.
  0.          0.          0.         16.27419191  0.          0.
  0.          0.          0.          0.          0.          0.
  0.          0.          0.         -8.7673164  -3.20937188  0.
  0.          0.          0.          0.          0.          0.        ]
更新后概率: [0.08547286 0.00837501 0.00837501 0.00837501 0.00837501 0.00837501
 0.00837501 0.00837501 0.00837501 0.44738463 0.00837501 0.00837501
 0.00837501 0.00837501 0.00837501 0.00837501 0.00837501 0.00837501
 0.00837501 0.00837501 0.00837501 0.24101735 0.00837501 0.00837501
 0.00837501 0.00837501 0.00837501 0.00837501 0.00837501 0.00837501]
Classification: 0.999829960891005 0.9446895147607737 112
本轮采样概率阵: [0.08547286 0.00837501 0.00837501 0.00837501 0.00837501 0.00837501
 0.00837501 0.00837501 0.00837501 0.44738463 0.00837501 0.00837501
 0.00837501 0.00837501 0.00837501 0.00837501 0.00837501 0.00837501
 0.00837501 0.00837501 0.00837501 0.24101735 0.00837501 0.00837501
 0.00837501 0.00837501 0.00837501 0.00837501 0.00837501 0.00837501]
客户端选择掩码: [1.0, 1.0, 0.0, 1.0, 0.0, 0.0, 1.0, 1.0, 1.0, 1.0, 0.0, 1.0, 1.0, 1.0, 0.0, 1.0, 0.0, 1.0, 1.0, 0.0, 1.0, 1.0, 1.0, 1.0, 0.0, 1.0, 1.0, 0.0, 1.0, 1.0]
/mnt/data/user_liangzhiyu/envs/fedcsl/lib/python3.8/site-packages/sklearn/utils/validation.py:63: RuntimeWarning:  Orthogonal matching pursuit ended prematurely due to linear
dependence in the dictionary. The requested precision might not have been met.

  return f(*args, **kwargs)
稀疏向量: [ -41.72496875    0.            0.            0.          -12.48314074
    0.            0.            0.            0.            0.
   25.68117166    0.           76.43065348   76.35766883    0.
    0.            0.            0.            0.            0.
    0.            0.         -121.78813109    0.            0.
    0.            0.            0.            0.            0.        ]
更新后概率: [0.10296263 0.00844149 0.00844149 0.00844149 0.00844149 0.00844149
 0.00844149 0.00844149 0.00844149 0.00844149 0.00844149 0.00844149
 0.18860411 0.18842401 0.00844149 0.00844149 0.00844149 0.00844149
 0.00844149 0.00844149 0.00844149 0.00844149 0.3005305  0.00844149
 0.00844149 0.00844149 0.00844149 0.00844149 0.00844149 0.00844149]
Classification: 1.0 0.9426535459789617 113
本轮采样概率阵: [0.10296263 0.00844149 0.00844149 0.00844149 0.00844149 0.00844149
 0.00844149 0.00844149 0.00844149 0.00844149 0.00844149 0.00844149
 0.18860411 0.18842401 0.00844149 0.00844149 0.00844149 0.00844149
 0.00844149 0.00844149 0.00844149 0.00844149 0.3005305  0.00844149
 0.00844149 0.00844149 0.00844149 0.00844149 0.00844149 0.00844149]
客户端选择掩码: [1.0, 1.0, 1.0, 1.0, 0.0, 1.0, 0.0, 1.0, 0.0, 1.0, 1.0, 1.0, 1.0, 1.0, 1.0, 0.0, 0.0, 1.0, 1.0, 1.0, 1.0, 0.0, 1.0, 1.0, 0.0, 1.0, 1.0, 0.0, 0.0, 1.0]
/mnt/data/user_liangzhiyu/envs/fedcsl/lib/python3.8/site-packages/sklearn/utils/validation.py:63: RuntimeWarning:  Orthogonal matching pursuit ended prematurely due to linear
dependence in the dictionary. The requested precision might not have been met.

  return f(*args, **kwargs)
稀疏向量: [  9.33822717   0.           0.           0.           0.78729106
   0.           0.           0.           0.           0.
   0.          34.43219624   0.           0.           0.
   0.           0.           0.           0.           0.
   0.           0.          -7.74351432 -35.34967731   0.
   0.           0.           0.           0.           0.        ]
更新后概率: [0.0838976  0.00844576 0.00844576 0.00844576 0.00844576 0.00844576
 0.00844576 0.00844576 0.00844576 0.00844576 0.00844576 0.3093498
 0.00844576 0.00844576 0.00844576 0.00844576 0.00844576 0.00844576
 0.00844576 0.00844576 0.00844576 0.00844576 0.06957019 0.31759274
 0.00844576 0.00844576 0.00844576 0.00844576 0.00844576 0.00844576]
Classification: 1.0 0.9429928741092637 114
本轮采样概率阵: [0.0838976  0.00844576 0.00844576 0.00844576 0.00844576 0.00844576
 0.00844576 0.00844576 0.00844576 0.00844576 0.00844576 0.3093498
 0.00844576 0.00844576 0.00844576 0.00844576 0.00844576 0.00844576
 0.00844576 0.00844576 0.00844576 0.00844576 0.06957019 0.31759274
 0.00844576 0.00844576 0.00844576 0.00844576 0.00844576 0.00844576]
客户端选择掩码: [1.0, 1.0, 0.0, 0.0, 1.0, 1.0, 1.0, 0.0, 1.0, 1.0, 0.0, 1.0, 1.0, 1.0, 1.0, 0.0, 1.0, 0.0, 0.0, 1.0, 1.0, 1.0, 1.0, 1.0, 1.0, 0.0, 0.0, 1.0, 1.0, 1.0]
/mnt/data/user_liangzhiyu/envs/fedcsl/lib/python3.8/site-packages/sklearn/utils/validation.py:63: RuntimeWarning:  Orthogonal matching pursuit ended prematurely due to linear
dependence in the dictionary. The requested precision might not have been met.

  return f(*args, **kwargs)
稀疏向量: [-1.36124328  0.          0.          0.          0.          0.
  0.          0.          0.          0.          0.          0.
  0.          6.85052087  0.          0.          0.          0.
  0.          0.          0.         -2.02178446 -2.41260749  0.
  0.          0.          0.          0.          0.          0.        ]
更新后概率: [0.08400328 0.00844603 0.00844603 0.00844603 0.00844603 0.00844603
 0.00844603 0.00844603 0.00844603 0.00844603 0.00844603 0.00844603
 0.00844603 0.42275047 0.00844603 0.00844603 0.00844603 0.00844603
 0.00844603 0.00844603 0.00844603 0.12476575 0.14888371 0.00844603
 0.00844603 0.00844603 0.00844603 0.00844603 0.00844603 0.00844603]
Classification: 1.0 0.9426535459789617 115
本轮采样概率阵: [0.08400328 0.00844603 0.00844603 0.00844603 0.00844603 0.00844603
 0.00844603 0.00844603 0.00844603 0.00844603 0.00844603 0.00844603
 0.00844603 0.42275047 0.00844603 0.00844603 0.00844603 0.00844603
 0.00844603 0.00844603 0.00844603 0.12476575 0.14888371 0.00844603
 0.00844603 0.00844603 0.00844603 0.00844603 0.00844603 0.00844603]
客户端选择掩码: [1.0, 1.0, 1.0, 1.0, 1.0, 0.0, 1.0, 0.0, 1.0, 1.0, 1.0, 1.0, 0.0, 1.0, 1.0, 1.0, 1.0, 1.0, 1.0, 1.0, 0.0, 1.0, 1.0, 0.0, 1.0, 0.0, 0.0, 0.0, 1.0, 0.0]
/mnt/data/user_liangzhiyu/envs/fedcsl/lib/python3.8/site-packages/sklearn/utils/validation.py:63: RuntimeWarning:  Orthogonal matching pursuit ended prematurely due to linear
dependence in the dictionary. The requested precision might not have been met.

  return f(*args, **kwargs)
稀疏向量: [-3.19496217  0.          0.         13.76419648 -1.44287782  0.
  0.          0.          0.          0.          0.          0.
  0.          0.          0.          0.          0.          0.
  0.          0.          0.          0.         -7.96293245  0.
  0.          0.          0.          0.          0.          0.        ]
更新后概率: [0.09457084 0.00844605 0.00844605 0.40742005 0.04270917 0.00844605
 0.00844605 0.00844605 0.00844605 0.00844605 0.00844605 0.00844605
 0.00844605 0.00844605 0.00844605 0.00844605 0.00844605 0.00844605
 0.00844605 0.00844605 0.00844605 0.00844605 0.2357027  0.00844605
 0.00844605 0.00844605 0.00844605 0.00844605 0.00844605 0.00844605]
Classification: 1.0 0.9426535459789617 116
本轮采样概率阵: [0.09457084 0.00844605 0.00844605 0.40742005 0.04270917 0.00844605
 0.00844605 0.00844605 0.00844605 0.00844605 0.00844605 0.00844605
 0.00844605 0.00844605 0.00844605 0.00844605 0.00844605 0.00844605
 0.00844605 0.00844605 0.00844605 0.00844605 0.2357027  0.00844605
 0.00844605 0.00844605 0.00844605 0.00844605 0.00844605 0.00844605]
客户端选择掩码: [1.0, 1.0, 1.0, 1.0, 1.0, 1.0, 1.0, 1.0, 0.0, 0.0, 0.0, 1.0, 1.0, 1.0, 1.0, 1.0, 0.0, 0.0, 1.0, 1.0, 1.0, 0.0, 1.0, 1.0, 0.0, 0.0, 1.0, 1.0, 0.0, 1.0]
/mnt/data/user_liangzhiyu/envs/fedcsl/lib/python3.8/site-packages/sklearn/utils/validation.py:63: RuntimeWarning:  Orthogonal matching pursuit ended prematurely due to linear
dependence in the dictionary. The requested precision might not have been met.

  return f(*args, **kwargs)
稀疏向量: [   0.            0.            0.            0.            0.
    0.            0.            0.            0.            0.
    0.          426.66404099    0.            0.            0.
    0.            0.            0.            0.            0.
    0.            0.         -123.67628426 -297.49985308    0.
    0.            0.            0.            0.            0.        ]
更新后概率: [0.00837531 0.00837531 0.00837531 0.00837531 0.00837531 0.00837531
 0.00837531 0.00837531 0.00837531 0.00837531 0.00837531 0.38943785
 0.00837531 0.00837531 0.00837531 0.00837531 0.00837531 0.00837531
 0.00837531 0.00837531 0.00837531 0.00837531 0.1128856  0.27154316
 0.00837531 0.00837531 0.00837531 0.00837531 0.00837531 0.00837531]
Classification: 1.0 0.9419748897183576 117
本轮采样概率阵: [0.00837531 0.00837531 0.00837531 0.00837531 0.00837531 0.00837531
 0.00837531 0.00837531 0.00837531 0.00837531 0.00837531 0.38943785
 0.00837531 0.00837531 0.00837531 0.00837531 0.00837531 0.00837531
 0.00837531 0.00837531 0.00837531 0.00837531 0.1128856  0.27154316
 0.00837531 0.00837531 0.00837531 0.00837531 0.00837531 0.00837531]
客户端选择掩码: [1.0, 1.0, 1.0, 0.0, 1.0, 0.0, 1.0, 1.0, 1.0, 1.0, 1.0, 1.0, 1.0, 1.0, 1.0, 1.0, 0.0, 1.0, 0.0, 0.0, 0.0, 1.0, 1.0, 1.0, 0.0, 0.0, 0.0, 1.0, 1.0, 1.0]
/mnt/data/user_liangzhiyu/envs/fedcsl/lib/python3.8/site-packages/sklearn/utils/validation.py:63: RuntimeWarning:  Orthogonal matching pursuit ended prematurely due to linear
dependence in the dictionary. The requested precision might not have been met.

  return f(*args, **kwargs)
稀疏向量: [  0.           0.           0.           0.          -2.11810708
   0.           0.           0.           0.           0.
   0.          63.98628051   0.           0.           0.
   0.           0.           0.           0.           0.
   0.           0.         -25.12804662 -35.09422775   0.
   0.           0.           0.           0.           0.        ]
更新后概率: [0.00844151 0.00844151 0.00844151 0.00844151 0.01308692 0.00844151
 0.00844151 0.00844151 0.00844151 0.00844151 0.00844151 0.39534504
 0.00844151 0.00844151 0.00844151 0.00844151 0.00844151 0.00844151
 0.00844151 0.00844151 0.00844151 0.00844151 0.15525592 0.21683287
 0.00844151 0.00844151 0.00844151 0.00844151 0.00844151 0.00844151]
Classification: 1.0 0.9416355615880556 118
本轮采样概率阵: [0.00844151 0.00844151 0.00844151 0.00844151 0.01308692 0.00844151
 0.00844151 0.00844151 0.00844151 0.00844151 0.00844151 0.39534504
 0.00844151 0.00844151 0.00844151 0.00844151 0.00844151 0.00844151
 0.00844151 0.00844151 0.00844151 0.00844151 0.15525592 0.21683287
 0.00844151 0.00844151 0.00844151 0.00844151 0.00844151 0.00844151]
客户端选择掩码: [1.0, 0.0, 1.0, 1.0, 1.0, 1.0, 1.0, 0.0, 0.0, 1.0, 1.0, 1.0, 0.0, 1.0, 1.0, 0.0, 1.0, 0.0, 0.0, 0.0, 0.0, 1.0, 1.0, 1.0, 1.0, 1.0, 1.0, 1.0, 1.0, 1.0]
/mnt/data/user_liangzhiyu/envs/fedcsl/lib/python3.8/site-packages/sklearn/utils/validation.py:63: RuntimeWarning:  Orthogonal matching pursuit ended prematurely due to linear
dependence in the dictionary. The requested precision might not have been met.

  return f(*args, **kwargs)
稀疏向量: [ 11.3098116    0.           0.           0.           0.
  18.5085269    0.           0.           0.           0.
   0.           0.           0.           0.           0.
   0.          -2.50966014   0.           0.           0.
   0.           0.           0.         -26.093379     0.
   0.           0.           0.           0.           0.        ]
更新后概率: [0.15107986 0.00844576 0.00844576 0.00844576 0.00844576 0.24724246
 0.00844576 0.00844576 0.00844576 0.00844576 0.00844576 0.00844576
 0.00844576 0.00844576 0.00844576 0.00844576 0.03352479 0.00844576
 0.00844576 0.00844576 0.00844576 0.00844576 0.00844576 0.34856319
 0.00844576 0.00844576 0.00844576 0.00844576 0.00844576 0.00844576]
Classification: 1.0 0.9426535459789617 119
本轮采样概率阵: [0.15107986 0.00844576 0.00844576 0.00844576 0.00844576 0.24724246
 0.00844576 0.00844576 0.00844576 0.00844576 0.00844576 0.00844576
 0.00844576 0.00844576 0.00844576 0.00844576 0.03352479 0.00844576
 0.00844576 0.00844576 0.00844576 0.00844576 0.00844576 0.34856319
 0.00844576 0.00844576 0.00844576 0.00844576 0.00844576 0.00844576]
客户端选择掩码: [1.0, 1.0, 0.0, 0.0, 1.0, 1.0, 0.0, 1.0, 1.0, 1.0, 1.0, 0.0, 0.0, 1.0, 1.0, 0.0, 1.0, 1.0, 1.0, 1.0, 1.0, 1.0, 1.0, 1.0, 0.0, 0.0, 1.0, 1.0, 1.0, 0.0]
/mnt/data/user_liangzhiyu/envs/fedcsl/lib/python3.8/site-packages/sklearn/utils/validation.py:63: RuntimeWarning:  Orthogonal matching pursuit ended prematurely due to linear
dependence in the dictionary. The requested precision might not have been met.

  return f(*args, **kwargs)
稀疏向量: [  1.88359522   0.           0.           0.           0.
   0.           0.           0.          40.68068485 167.73785244
   0.           0.           0.           0.           0.
   0.           0.           0.         -39.95147684   0.
   0.         -91.53006115   0.         -75.30378247   0.
   0.           0.           0.           0.           0.        ]
更新后概率: [0.00854836 0.00854836 0.00854836 0.00854836 0.00854836 0.00854836
 0.00854836 0.00854836 0.07703893 0.31765306 0.00854836 0.00854836
 0.00854836 0.00854836 0.00854836 0.00854836 0.00854836 0.00854836
 0.07565799 0.00854836 0.00854836 0.17333478 0.00854836 0.14260631
 0.00854836 0.00854836 0.00854836 0.00854836 0.00854836 0.00854836]
Classification: 1.0 0.9419748897183576 120
本轮采样概率阵: [0.00854836 0.00854836 0.00854836 0.00854836 0.00854836 0.00854836
 0.00854836 0.00854836 0.07703893 0.31765306 0.00854836 0.00854836
 0.00854836 0.00854836 0.00854836 0.00854836 0.00854836 0.00854836
 0.07565799 0.00854836 0.00854836 0.17333478 0.00854836 0.14260631
 0.00854836 0.00854836 0.00854836 0.00854836 0.00854836 0.00854836]
客户端选择掩码: [1.0, 0.0, 1.0, 1.0, 1.0, 0.0, 1.0, 0.0, 1.0, 1.0, 1.0, 0.0, 1.0, 0.0, 1.0, 0.0, 1.0, 1.0, 1.0, 0.0, 1.0, 1.0, 0.0, 1.0, 1.0, 1.0, 1.0, 1.0, 1.0, 0.0]
/mnt/data/user_liangzhiyu/envs/fedcsl/lib/python3.8/site-packages/sklearn/utils/validation.py:63: RuntimeWarning:  Orthogonal matching pursuit ended prematurely due to linear
dependence in the dictionary. The requested precision might not have been met.

  return f(*args, **kwargs)
稀疏向量: [   0.            0.            0.            0.          -15.88839303
    0.            0.            0.            0.            0.
    0.          206.99983188    0.           94.73494077    0.
    0.            0.            0.            0.            0.
    0.            0.         -123.01974643 -158.72449979    0.
    0.            0.            0.            0.            0.        ]
更新后概率: [0.0083121  0.0083121  0.0083121  0.0083121  0.06981469 0.0083121
 0.0083121  0.0083121  0.0083121  0.0083121  0.0083121  0.0083121
 0.0083121  0.0083121  0.0083121  0.0083121  0.0083121  0.0083121
 0.0083121  0.0083121  0.0083121  0.0083121  0.0083121  0.69744639
 0.0083121  0.0083121  0.0083121  0.0083121  0.0083121  0.0083121 ]
Classification: 1.0 0.9436715303698676 121
本轮采样概率阵: [0.0083121  0.0083121  0.0083121  0.0083121  0.06981469 0.0083121
 0.0083121  0.0083121  0.0083121  0.0083121  0.0083121  0.0083121
 0.0083121  0.0083121  0.0083121  0.0083121  0.0083121  0.0083121
 0.0083121  0.0083121  0.0083121  0.0083121  0.0083121  0.69744639
 0.0083121  0.0083121  0.0083121  0.0083121  0.0083121  0.0083121 ]
客户端选择掩码: [1.0, 1.0, 0.0, 0.0, 1.0, 1.0, 1.0, 1.0, 1.0, 1.0, 0.0, 1.0, 0.0, 0.0, 1.0, 1.0, 1.0, 1.0, 1.0, 0.0, 1.0, 0.0, 1.0, 1.0, 1.0, 1.0, 1.0, 0.0, 1.0, 0.0]
/mnt/data/user_liangzhiyu/envs/fedcsl/lib/python3.8/site-packages/sklearn/utils/validation.py:63: RuntimeWarning:  Orthogonal matching pursuit ended prematurely due to linear
dependence in the dictionary. The requested precision might not have been met.

  return f(*args, **kwargs)
稀疏向量: [ -4.82191423   0.           0.           0.          -3.65393923
   0.           0.           0.           0.           0.
   0.          23.56908139   0.           0.           0.
   0.           0.           0.         -14.05343483   0.
   0.           0.           0.           0.           0.
   0.           0.           0.           0.           0.        ]
更新后概率: [0.08165391 0.00843746 0.00843746 0.00843746 0.06187551 0.00843746
 0.00843746 0.00843746 0.00843746 0.00843746 0.00843746 0.39911693
 0.00843746 0.00843746 0.00843746 0.00843746 0.00843746 0.00843746
 0.23797974 0.00843746 0.00843746 0.00843746 0.00843746 0.00843746
 0.00843746 0.00843746 0.00843746 0.00843746 0.00843746 0.00843746]
Classification: 1.0 0.9416355615880556 122
本轮采样概率阵: [0.08165391 0.00843746 0.00843746 0.00843746 0.06187551 0.00843746
 0.00843746 0.00843746 0.00843746 0.00843746 0.00843746 0.39911693
 0.00843746 0.00843746 0.00843746 0.00843746 0.00843746 0.00843746
 0.23797974 0.00843746 0.00843746 0.00843746 0.00843746 0.00843746
 0.00843746 0.00843746 0.00843746 0.00843746 0.00843746 0.00843746]
客户端选择掩码: [1.0, 1.0, 1.0, 1.0, 1.0, 0.0, 0.0, 1.0, 1.0, 0.0, 1.0, 1.0, 0.0, 1.0, 1.0, 1.0, 1.0, 0.0, 1.0, 1.0, 1.0, 0.0, 1.0, 0.0, 1.0, 0.0, 1.0, 0.0, 1.0, 1.0]
/mnt/data/user_liangzhiyu/envs/fedcsl/lib/python3.8/site-packages/sklearn/utils/validation.py:63: RuntimeWarning:  Orthogonal matching pursuit ended prematurely due to linear
dependence in the dictionary. The requested precision might not have been met.

  return f(*args, **kwargs)
稀疏向量: [ 0.          0.          0.          1.23662588  0.          0.
  0.          0.          0.          0.          0.          0.
  0.          0.          0.          0.          0.          0.
  0.          0.          0.          0.          0.         -0.22849683
  0.          0.          0.          0.          0.          0.        ]
更新后概率: [0.00823681 0.00823681 0.00823681 0.76113261 0.00823681 0.00823681
 0.00823681 0.00823681 0.00823681 0.00823681 0.00823681 0.00823681
 0.00823681 0.00823681 0.00823681 0.00823681 0.00823681 0.00823681
 0.00823681 0.00823681 0.00823681 0.00823681 0.00823681 0.00823681
 0.00823681 0.00823681 0.00823681 0.00823681 0.00823681 0.00823681]
Classification: 1.0 0.9419748897183576 123
本轮采样概率阵: [0.00823681 0.00823681 0.00823681 0.76113261 0.00823681 0.00823681
 0.00823681 0.00823681 0.00823681 0.00823681 0.00823681 0.00823681
 0.00823681 0.00823681 0.00823681 0.00823681 0.00823681 0.00823681
 0.00823681 0.00823681 0.00823681 0.00823681 0.00823681 0.00823681
 0.00823681 0.00823681 0.00823681 0.00823681 0.00823681 0.00823681]
客户端选择掩码: [1.0, 1.0, 1.0, 1.0, 1.0, 1.0, 1.0, 1.0, 0.0, 1.0, 1.0, 0.0, 1.0, 0.0, 1.0, 0.0, 1.0, 0.0, 1.0, 1.0, 0.0, 1.0, 0.0, 1.0, 1.0, 0.0, 1.0, 1.0, 0.0, 1.0]
/mnt/data/user_liangzhiyu/envs/fedcsl/lib/python3.8/site-packages/sklearn/utils/validation.py:63: RuntimeWarning:  Orthogonal matching pursuit ended prematurely due to linear
dependence in the dictionary. The requested precision might not have been met.

  return f(*args, **kwargs)
稀疏向量: [ 12.52349165   0.           0.           0.           0.
   0.           0.           0.           0.           0.
   0.          51.38993774   0.           0.           0.
   0.           0.           0.           0.           0.
   0.           0.         -16.49613207 -45.79273635   0.
   0.           0.           0.           0.           0.        ]
更新后概率: [0.16488661 0.00829278 0.00829278 0.00829278 0.00829278 0.00829278
 0.00829278 0.00829278 0.00829278 0.00829278 0.00829278 0.00829278
 0.00829278 0.00829278 0.00829278 0.00829278 0.00829278 0.00829278
 0.00829278 0.00829278 0.00829278 0.00829278 0.00829278 0.60291565
 0.00829278 0.00829278 0.00829278 0.00829278 0.00829278 0.00829278]
Classification: 1.0 0.9416355615880556 124
本轮采样概率阵: [0.16488661 0.00829278 0.00829278 0.00829278 0.00829278 0.00829278
 0.00829278 0.00829278 0.00829278 0.00829278 0.00829278 0.00829278
 0.00829278 0.00829278 0.00829278 0.00829278 0.00829278 0.00829278
 0.00829278 0.00829278 0.00829278 0.00829278 0.00829278 0.60291565
 0.00829278 0.00829278 0.00829278 0.00829278 0.00829278 0.00829278]
客户端选择掩码: [1.0, 0.0, 1.0, 1.0, 1.0, 1.0, 1.0, 1.0, 0.0, 0.0, 0.0, 0.0, 1.0, 1.0, 1.0, 1.0, 0.0, 0.0, 1.0, 1.0, 0.0, 1.0, 0.0, 1.0, 1.0, 1.0, 1.0, 1.0, 1.0, 1.0]
/mnt/data/user_liangzhiyu/envs/fedcsl/lib/python3.8/site-packages/sklearn/utils/validation.py:63: RuntimeWarning:  Orthogonal matching pursuit ended prematurely due to linear
dependence in the dictionary. The requested precision might not have been met.

  return f(*args, **kwargs)
稀疏向量: [ 0.          0.          0.          0.          0.          0.
  0.          0.          0.          0.          0.          1.25045832
  0.          0.          0.          0.          0.          0.
  0.          0.          0.          0.          0.         -0.24815848
  0.          0.          0.          0.          0.          0.        ]
更新后概率: [0.00822799 0.00822799 0.00822799 0.00822799 0.00822799 0.00822799
 0.00822799 0.00822799 0.00822799 0.00822799 0.00822799 0.00822799
 0.00822799 0.00822799 0.00822799 0.00822799 0.00822799 0.00822799
 0.00822799 0.00822799 0.00822799 0.00822799 0.00822799 0.76138841
 0.00822799 0.00822799 0.00822799 0.00822799 0.00822799 0.00822799]
Classification: 1.0 0.9412962334577536 125
本轮采样概率阵: [0.00822799 0.00822799 0.00822799 0.00822799 0.00822799 0.00822799
 0.00822799 0.00822799 0.00822799 0.00822799 0.00822799 0.00822799
 0.00822799 0.00822799 0.00822799 0.00822799 0.00822799 0.00822799
 0.00822799 0.00822799 0.00822799 0.00822799 0.00822799 0.76138841
 0.00822799 0.00822799 0.00822799 0.00822799 0.00822799 0.00822799]
客户端选择掩码: [1.0, 1.0, 1.0, 0.0, 1.0, 1.0, 1.0, 1.0, 0.0, 0.0, 1.0, 1.0, 1.0, 0.0, 1.0, 1.0, 0.0, 1.0, 1.0, 1.0, 1.0, 1.0, 1.0, 1.0, 0.0, 0.0, 1.0, 0.0, 0.0, 1.0]
/mnt/data/user_liangzhiyu/envs/fedcsl/lib/python3.8/site-packages/sklearn/utils/validation.py:63: RuntimeWarning:  Orthogonal matching pursuit ended prematurely due to linear
dependence in the dictionary. The requested precision might not have been met.

  return f(*args, **kwargs)
稀疏向量: [  0.           0.           0.           0.          -2.2464987
   0.           0.           0.           0.           0.
   0.          81.52414455   0.           0.           0.
   0.         -31.38402195   0.           0.           0.
   0.           0.           0.         -46.26216772   0.
   0.           0.           0.           0.           0.        ]
更新后概率: [0.00836157 0.00836157 0.00836157 0.00836157 0.01337604 0.00836157
 0.00836157 0.00836157 0.00836157 0.00836157 0.00836157 0.48540876
 0.00836157 0.00836157 0.00836157 0.00836157 0.00836157 0.00836157
 0.00836157 0.00836157 0.00836157 0.00836157 0.00836157 0.2754529
 0.00836157 0.00836157 0.00836157 0.00836157 0.00836157 0.00836157]
Classification: 1.0 0.9416355615880556 126
本轮采样概率阵: [0.00836157 0.00836157 0.00836157 0.00836157 0.01337604 0.00836157
 0.00836157 0.00836157 0.00836157 0.00836157 0.00836157 0.48540876
 0.00836157 0.00836157 0.00836157 0.00836157 0.00836157 0.00836157
 0.00836157 0.00836157 0.00836157 0.00836157 0.00836157 0.2754529
 0.00836157 0.00836157 0.00836157 0.00836157 0.00836157 0.00836157]
客户端选择掩码: [1.0, 1.0, 1.0, 1.0, 0.0, 1.0, 1.0, 1.0, 0.0, 0.0, 1.0, 1.0, 0.0, 0.0, 1.0, 1.0, 1.0, 1.0, 1.0, 1.0, 0.0, 0.0, 0.0, 1.0, 1.0, 1.0, 0.0, 1.0, 1.0, 1.0]
/mnt/data/user_liangzhiyu/envs/fedcsl/lib/python3.8/site-packages/sklearn/utils/validation.py:63: RuntimeWarning:  Orthogonal matching pursuit ended prematurely due to linear
dependence in the dictionary. The requested precision might not have been met.

  return f(*args, **kwargs)
稀疏向量: [-27.69989472   0.           0.           0.          -6.51164937
   0.           0.           0.           0.           0.
   0.          54.80467669   0.          44.90405278   0.
   0.           0.           0.           0.           0.
   0.           0.         -63.74003076   0.           0.
   0.           0.           0.           0.           0.        ]
更新后概率: [0.25665913 0.00831181 0.00831181 0.00831181 0.01111791 0.00831181
 0.00831181 0.00831181 0.00831181 0.00831181 0.00831181 0.50780411
 0.00831181 0.00831181 0.00831181 0.00831181 0.00831181 0.00831181
 0.00831181 0.00831181 0.00831181 0.00831181 0.00831181 0.00831181
 0.00831181 0.00831181 0.00831181 0.00831181 0.00831181 0.00831181]
Classification: 1.0 0.9429928741092637 127
本轮采样概率阵: [0.25665913 0.00831181 0.00831181 0.00831181 0.01111791 0.00831181
 0.00831181 0.00831181 0.00831181 0.00831181 0.00831181 0.50780411
 0.00831181 0.00831181 0.00831181 0.00831181 0.00831181 0.00831181
 0.00831181 0.00831181 0.00831181 0.00831181 0.00831181 0.00831181
 0.00831181 0.00831181 0.00831181 0.00831181 0.00831181 0.00831181]
客户端选择掩码: [1.0, 0.0, 1.0, 0.0, 1.0, 1.0, 0.0, 0.0, 1.0, 1.0, 0.0, 1.0, 1.0, 1.0, 1.0, 1.0, 1.0, 1.0, 0.0, 1.0, 0.0, 0.0, 1.0, 1.0, 1.0, 0.0, 1.0, 1.0, 1.0, 1.0]
/mnt/data/user_liangzhiyu/envs/fedcsl/lib/python3.8/site-packages/sklearn/utils/validation.py:63: RuntimeWarning:  Orthogonal matching pursuit ended prematurely due to linear
dependence in the dictionary. The requested precision might not have been met.

  return f(*args, **kwargs)
稀疏向量: [  86.11682136    0.            0.            0.          -23.31058082
  141.19474983    0.            0.            0.            0.
    0.            0.            0.            0.            0.
    0.            0.            0.            0.            0.
    0.            0.            0.         -201.6002351     0.
    0.            0.            0.            0.            0.        ]
更新后概率: [0.14865491 0.00843744 0.00843744 0.00843744 0.04023874 0.24373047
 0.00843744 0.00843744 0.00843744 0.00843744 0.00843744 0.00843744
 0.00843744 0.00843744 0.00843744 0.00843744 0.00843744 0.00843744
 0.00843744 0.00843744 0.00843744 0.00843744 0.00843744 0.34800246
 0.00843744 0.00843744 0.00843744 0.00843744 0.00843744 0.00843744]
Classification: 1.0 0.9416355615880556 128
本轮采样概率阵: [0.14865491 0.00843744 0.00843744 0.00843744 0.04023874 0.24373047
 0.00843744 0.00843744 0.00843744 0.00843744 0.00843744 0.00843744
 0.00843744 0.00843744 0.00843744 0.00843744 0.00843744 0.00843744
 0.00843744 0.00843744 0.00843744 0.00843744 0.00843744 0.34800246
 0.00843744 0.00843744 0.00843744 0.00843744 0.00843744 0.00843744]
客户端选择掩码: [1.0, 0.0, 1.0, 1.0, 1.0, 1.0, 1.0, 0.0, 1.0, 1.0, 1.0, 1.0, 1.0, 1.0, 0.0, 1.0, 1.0, 1.0, 0.0, 1.0, 0.0, 1.0, 0.0, 1.0, 1.0, 1.0, 0.0, 1.0, 0.0, 0.0]
/mnt/data/user_liangzhiyu/envs/fedcsl/lib/python3.8/site-packages/sklearn/utils/validation.py:63: RuntimeWarning:  Orthogonal matching pursuit ended prematurely due to linear
dependence in the dictionary. The requested precision might not have been met.

  return f(*args, **kwargs)
稀疏向量: [ 0.          0.          0.          0.          0.          0.
  0.          0.          0.          0.          0.          1.44214473
  0.          0.          0.          0.          0.          0.
  0.          0.          0.          0.          0.         -0.43818042
  0.          0.          0.          0.          0.          0.        ]
更新后概率: [0.00830521 0.00830521 0.00830521 0.00830521 0.00830521 0.00830521
 0.00830521 0.00830521 0.00830521 0.00830521 0.00830521 0.58861084
 0.00830521 0.00830521 0.00830521 0.00830521 0.00830521 0.00830521
 0.00830521 0.00830521 0.00830521 0.00830521 0.00830521 0.17884318
 0.00830521 0.00830521 0.00830521 0.00830521 0.00830521 0.00830521]
Classification: 0.999829960891005 0.9436715303698676 129
本轮采样概率阵: [0.00830521 0.00830521 0.00830521 0.00830521 0.00830521 0.00830521
 0.00830521 0.00830521 0.00830521 0.00830521 0.00830521 0.58861084
 0.00830521 0.00830521 0.00830521 0.00830521 0.00830521 0.00830521
 0.00830521 0.00830521 0.00830521 0.00830521 0.00830521 0.17884318
 0.00830521 0.00830521 0.00830521 0.00830521 0.00830521 0.00830521]
客户端选择掩码: [1.0, 0.0, 0.0, 1.0, 1.0, 1.0, 0.0, 1.0, 1.0, 0.0, 1.0, 1.0, 1.0, 1.0, 1.0, 1.0, 1.0, 1.0, 0.0, 0.0, 1.0, 1.0, 1.0, 1.0, 0.0, 0.0, 1.0, 1.0, 1.0, 0.0]
/mnt/data/user_liangzhiyu/envs/fedcsl/lib/python3.8/site-packages/sklearn/utils/validation.py:63: RuntimeWarning:  Orthogonal matching pursuit ended prematurely due to linear
dependence in the dictionary. The requested precision might not have been met.

  return f(*args, **kwargs)
稀疏向量: [  3.72704007   0.           0.           0.           0.
  11.60178597   0.           0.           0.           0.
   0.           0.           0.           0.           0.
   0.           0.           0.           0.           0.
   0.           0.           0.           0.           0.
   0.           0.           0.           0.         -14.4298489 ]
更新后概率: [0.18665407 0.00829701 0.00829701 0.00829701 0.00829701 0.58102958
 0.00829701 0.00829701 0.00829701 0.00829701 0.00829701 0.00829701
 0.00829701 0.00829701 0.00829701 0.00829701 0.00829701 0.00829701
 0.00829701 0.00829701 0.00829701 0.00829701 0.00829701 0.00829701
 0.00829701 0.00829701 0.00829701 0.00829701 0.00829701 0.00829701]
Classification: 1.0 0.9419748897183576 130
本轮采样概率阵: [0.18665407 0.00829701 0.00829701 0.00829701 0.00829701 0.58102958
 0.00829701 0.00829701 0.00829701 0.00829701 0.00829701 0.00829701
 0.00829701 0.00829701 0.00829701 0.00829701 0.00829701 0.00829701
 0.00829701 0.00829701 0.00829701 0.00829701 0.00829701 0.00829701
 0.00829701 0.00829701 0.00829701 0.00829701 0.00829701 0.00829701]
客户端选择掩码: [1.0, 1.0, 1.0, 1.0, 0.0, 1.0, 1.0, 1.0, 0.0, 1.0, 1.0, 0.0, 1.0, 1.0, 0.0, 1.0, 1.0, 1.0, 0.0, 1.0, 1.0, 0.0, 0.0, 1.0, 1.0, 1.0, 0.0, 1.0, 0.0, 1.0]
/mnt/data/user_liangzhiyu/envs/fedcsl/lib/python3.8/site-packages/sklearn/utils/validation.py:63: RuntimeWarning:  Orthogonal matching pursuit ended prematurely due to linear
dependence in the dictionary. The requested precision might not have been met.

  return f(*args, **kwargs)
稀疏向量: [ 0.          0.          0.          1.14513065  0.          0.
  0.          0.          0.          0.          0.          0.
  0.          0.          0.          0.          0.          0.
  0.          0.          0.          0.         -0.13842775  0.
  0.          0.          0.          0.          0.          0.        ]
更新后概率: [0.00822824 0.00822824 0.00822824 0.76138104 0.00822824 0.00822824
 0.00822824 0.00822824 0.00822824 0.00822824 0.00822824 0.00822824
 0.00822824 0.00822824 0.00822824 0.00822824 0.00822824 0.00822824
 0.00822824 0.00822824 0.00822824 0.00822824 0.00822824 0.00822824
 0.00822824 0.00822824 0.00822824 0.00822824 0.00822824 0.00822824]
Classification: 1.0 0.9436715303698676 131
本轮采样概率阵: [0.00822824 0.00822824 0.00822824 0.76138104 0.00822824 0.00822824
 0.00822824 0.00822824 0.00822824 0.00822824 0.00822824 0.00822824
 0.00822824 0.00822824 0.00822824 0.00822824 0.00822824 0.00822824
 0.00822824 0.00822824 0.00822824 0.00822824 0.00822824 0.00822824
 0.00822824 0.00822824 0.00822824 0.00822824 0.00822824 0.00822824]
客户端选择掩码: [0.0, 1.0, 1.0, 1.0, 1.0, 0.0, 1.0, 1.0, 0.0, 1.0, 1.0, 0.0, 1.0, 0.0, 1.0, 1.0, 1.0, 1.0, 1.0, 0.0, 0.0, 1.0, 0.0, 1.0, 1.0, 0.0, 1.0, 1.0, 1.0, 1.0]
/mnt/data/user_liangzhiyu/envs/fedcsl/lib/python3.8/site-packages/sklearn/utils/validation.py:63: RuntimeWarning:  Orthogonal matching pursuit ended prematurely due to linear
dependence in the dictionary. The requested precision might not have been met.

  return f(*args, **kwargs)
稀疏向量: [   0.            0.            0.            0.            0.
    0.            0.            0.            0.            0.
    0.          120.29181391    0.           67.18440059    0.
    0.            0.            0.            0.            0.
    0.            0.         -100.91944226  -83.64025748    0.
    0.            0.            0.            0.            0.        ]
更新后概率: [0.00822405 0.00822405 0.00822405 0.00822405 0.00822405 0.00822405
 0.00822405 0.00822405 0.00822405 0.00822405 0.00822405 0.00822405
 0.00822405 0.00822405 0.00822405 0.00822405 0.00822405 0.00822405
 0.00822405 0.00822405 0.00822405 0.00822405 0.00822405 0.76150253
 0.00822405 0.00822405 0.00822405 0.00822405 0.00822405 0.00822405]
Classification: 1.0 0.9429928741092637 132
本轮采样概率阵: [0.00822405 0.00822405 0.00822405 0.00822405 0.00822405 0.00822405
 0.00822405 0.00822405 0.00822405 0.00822405 0.00822405 0.00822405
 0.00822405 0.00822405 0.00822405 0.00822405 0.00822405 0.00822405
 0.00822405 0.00822405 0.00822405 0.00822405 0.00822405 0.76150253
 0.00822405 0.00822405 0.00822405 0.00822405 0.00822405 0.00822405]
客户端选择掩码: [0.0, 0.0, 0.0, 0.0, 0.0, 1.0, 1.0, 1.0, 0.0, 1.0, 1.0, 1.0, 1.0, 0.0, 1.0, 1.0, 1.0, 1.0, 1.0, 1.0, 1.0, 0.0, 0.0, 1.0, 1.0, 1.0, 1.0, 1.0, 1.0, 1.0]
/mnt/data/user_liangzhiyu/envs/fedcsl/lib/python3.8/site-packages/sklearn/utils/validation.py:63: RuntimeWarning:  Orthogonal matching pursuit ended prematurely due to linear
dependence in the dictionary. The requested precision might not have been met.

  return f(*args, **kwargs)
稀疏向量: [-1.65757455  0.          0.          0.          0.          0.
  0.          0.          0.          0.          0.          8.61170005
  0.          0.          0.          0.          0.          0.
 -5.93669817  0.          0.          0.          0.          0.
  0.          0.          0.          0.          0.          0.        ]
更新后概率: [0.00829199 0.00829199 0.00829199 0.00829199 0.00829199 0.00829199
 0.00829199 0.00829199 0.00829199 0.00829199 0.00829199 0.45450179
 0.00829199 0.00829199 0.00829199 0.00829199 0.00829199 0.00829199
 0.31332257 0.00829199 0.00829199 0.00829199 0.00829199 0.00829199
 0.00829199 0.00829199 0.00829199 0.00829199 0.00829199 0.00829199]
Classification: 1.0 0.9429928741092637 133
本轮采样概率阵: [0.00829199 0.00829199 0.00829199 0.00829199 0.00829199 0.00829199
 0.00829199 0.00829199 0.00829199 0.00829199 0.00829199 0.45450179
 0.00829199 0.00829199 0.00829199 0.00829199 0.00829199 0.00829199
 0.31332257 0.00829199 0.00829199 0.00829199 0.00829199 0.00829199
 0.00829199 0.00829199 0.00829199 0.00829199 0.00829199 0.00829199]
客户端选择掩码: [0.0, 1.0, 1.0, 1.0, 1.0, 1.0, 1.0, 1.0, 1.0, 1.0, 0.0, 1.0, 0.0, 0.0, 1.0, 0.0, 1.0, 1.0, 1.0, 0.0, 0.0, 1.0, 0.0, 1.0, 1.0, 1.0, 1.0, 1.0, 0.0, 1.0]
/mnt/data/user_liangzhiyu/envs/fedcsl/lib/python3.8/site-packages/sklearn/utils/validation.py:63: RuntimeWarning:  Orthogonal matching pursuit ended prematurely due to linear
dependence in the dictionary. The requested precision might not have been met.

  return f(*args, **kwargs)
稀疏向量: [ 0.          0.          0.          0.          0.          0.
  0.          0.          0.          4.71876041  0.          0.
  0.          0.          0.          0.          0.          0.
  0.          0.          0.          0.         -1.06272366 -2.60119724
  0.          0.          0.          0.          0.          0.        ]
更新后概率: [0.00829619 0.00829619 0.00829619 0.00829619 0.00829619 0.00829619
 0.00829619 0.00829619 0.00829619 0.49489678 0.00829619 0.00829619
 0.00829619 0.00829619 0.00829619 0.00829619 0.00829619 0.00829619
 0.00829619 0.00829619 0.00829619 0.00829619 0.00829619 0.27280981
 0.00829619 0.00829619 0.00829619 0.00829619 0.00829619 0.00829619]
Classification: 1.0 0.9433322022395657 134
本轮采样概率阵: [0.00829619 0.00829619 0.00829619 0.00829619 0.00829619 0.00829619
 0.00829619 0.00829619 0.00829619 0.49489678 0.00829619 0.00829619
 0.00829619 0.00829619 0.00829619 0.00829619 0.00829619 0.00829619
 0.00829619 0.00829619 0.00829619 0.00829619 0.00829619 0.27280981
 0.00829619 0.00829619 0.00829619 0.00829619 0.00829619 0.00829619]
客户端选择掩码: [1.0, 1.0, 1.0, 1.0, 1.0, 0.0, 1.0, 1.0, 0.0, 1.0, 1.0, 1.0, 0.0, 1.0, 1.0, 0.0, 1.0, 0.0, 0.0, 1.0, 1.0, 1.0, 1.0, 1.0, 1.0, 0.0, 1.0, 0.0, 1.0, 0.0]
/mnt/data/user_liangzhiyu/envs/fedcsl/lib/python3.8/site-packages/sklearn/utils/validation.py:63: RuntimeWarning:  Orthogonal matching pursuit ended prematurely due to linear
dependence in the dictionary. The requested precision might not have been met.

  return f(*args, **kwargs)
稀疏向量: [  0.           0.           0.           0.           0.
   0.           0.           0.           0.          61.79696658
   0.           0.          -8.74782302   0.           0.
   0.           0.           0.           0.           0.
   0.         -26.29093948   0.         -25.09661374   0.
   0.           0.           0.           0.           0.        ]
更新后概率: [0.00836586 0.00836586 0.00836586 0.00836586 0.00836586 0.00836586
 0.00836586 0.00836586 0.00836586 0.4226583  0.00836586 0.00836586
 0.00836586 0.00836586 0.00836586 0.00836586 0.00836586 0.00836586
 0.00836586 0.00836586 0.00836586 0.17981601 0.00836586 0.17164745
 0.00836586 0.00836586 0.00836586 0.00836586 0.00836586 0.00836586]
Classification: 0.999829960891005 0.9429928741092637 135
本轮采样概率阵: [0.00836586 0.00836586 0.00836586 0.00836586 0.00836586 0.00836586
 0.00836586 0.00836586 0.00836586 0.4226583  0.00836586 0.00836586
 0.00836586 0.00836586 0.00836586 0.00836586 0.00836586 0.00836586
 0.00836586 0.00836586 0.00836586 0.17981601 0.00836586 0.17164745
 0.00836586 0.00836586 0.00836586 0.00836586 0.00836586 0.00836586]
客户端选择掩码: [0.0, 1.0, 0.0, 1.0, 1.0, 1.0, 1.0, 1.0, 1.0, 1.0, 1.0, 1.0, 0.0, 0.0, 1.0, 0.0, 1.0, 1.0, 1.0, 1.0, 0.0, 1.0, 1.0, 1.0, 1.0, 1.0, 0.0, 1.0, 0.0, 0.0]
/mnt/data/user_liangzhiyu/envs/fedcsl/lib/python3.8/site-packages/sklearn/utils/validation.py:63: RuntimeWarning:  Orthogonal matching pursuit ended prematurely due to linear
dependence in the dictionary. The requested precision might not have been met.

  return f(*args, **kwargs)
稀疏向量: [-14.92950094   0.           0.           0.           0.
   0.           0.           0.           0.          74.24890009
   0.           0.           0.          25.21563946   0.
   0.           0.           0.         -27.66505496   0.
   0.         -55.1056567    0.           0.           0.
   0.           0.           0.           0.           0.        ]
更新后概率: [0.00837025 0.00837025 0.00837025 0.00837025 0.00837025 0.00837025
 0.00837025 0.00837025 0.00837025 0.36599815 0.00837025 0.00837025
 0.00837025 0.00837025 0.00837025 0.00837025 0.00837025 0.00837025
 0.13637049 0.00837025 0.00837025 0.27163457 0.00837025 0.00837025
 0.00837025 0.00837025 0.00837025 0.00837025 0.00837025 0.00837025]
Classification: 0.999829960891005 0.9419748897183576 136
本轮采样概率阵: [0.00837025 0.00837025 0.00837025 0.00837025 0.00837025 0.00837025
 0.00837025 0.00837025 0.00837025 0.36599815 0.00837025 0.00837025
 0.00837025 0.00837025 0.00837025 0.00837025 0.00837025 0.00837025
 0.13637049 0.00837025 0.00837025 0.27163457 0.00837025 0.00837025
 0.00837025 0.00837025 0.00837025 0.00837025 0.00837025 0.00837025]
客户端选择掩码: [0.0, 1.0, 1.0, 1.0, 0.0, 1.0, 1.0, 1.0, 1.0, 1.0, 1.0, 1.0, 0.0, 0.0, 1.0, 1.0, 1.0, 1.0, 1.0, 0.0, 1.0, 1.0, 0.0, 0.0, 0.0, 1.0, 1.0, 1.0, 1.0, 0.0]
/mnt/data/user_liangzhiyu/envs/fedcsl/lib/python3.8/site-packages/sklearn/utils/validation.py:63: RuntimeWarning:  Orthogonal matching pursuit ended prematurely due to linear
dependence in the dictionary. The requested precision might not have been met.

  return f(*args, **kwargs)
稀疏向量: [ -5.84759112   0.           0.           0.           0.
   0.           0.           0.           0.           0.
   0.          22.57528271   0.           0.           0.
   0.           0.           0.           0.           0.
   0.           0.           0.           0.           0.
   0.         -15.773967     0.           0.           0.        ]
更新后概率: [0.00830104 0.00830104 0.00830104 0.00830104 0.00830104 0.00830104
 0.00830104 0.00830104 0.00830104 0.00830104 0.00830104 0.45185048
 0.00830104 0.00830104 0.00830104 0.00830104 0.00830104 0.00830104
 0.00830104 0.00830104 0.00830104 0.00830104 0.00830104 0.00830104
 0.00830104 0.00830104 0.31572028 0.00830104 0.00830104 0.00830104]
Classification: 1.0 0.9423142178486597 137
本轮采样概率阵: [0.00830104 0.00830104 0.00830104 0.00830104 0.00830104 0.00830104
 0.00830104 0.00830104 0.00830104 0.00830104 0.00830104 0.45185048
 0.00830104 0.00830104 0.00830104 0.00830104 0.00830104 0.00830104
 0.00830104 0.00830104 0.00830104 0.00830104 0.00830104 0.00830104
 0.00830104 0.00830104 0.31572028 0.00830104 0.00830104 0.00830104]
客户端选择掩码: [1.0, 1.0, 1.0, 1.0, 1.0, 0.0, 0.0, 1.0, 1.0, 0.0, 1.0, 1.0, 0.0, 0.0, 1.0, 0.0, 1.0, 1.0, 1.0, 1.0, 1.0, 0.0, 1.0, 1.0, 1.0, 0.0, 1.0, 0.0, 1.0, 1.0]
/mnt/data/user_liangzhiyu/envs/fedcsl/lib/python3.8/site-packages/sklearn/utils/validation.py:63: RuntimeWarning:  Orthogonal matching pursuit ended prematurely due to linear
dependence in the dictionary. The requested precision might not have been met.

  return f(*args, **kwargs)
稀疏向量: [  0.           0.           0.          31.47978272  -4.36084524
   0.           0.           0.           0.           0.
   0.           0.           0.           0.           0.
   0.           0.           0.           0.           0.
   0.           0.          -9.30738574 -16.44619589   0.
   0.           0.           0.           0.           0.        ]
更新后概率: [0.00843675 0.00843675 0.00843675 0.39897451 0.05526932 0.00843675
 0.00843675 0.00843675 0.00843675 0.00843675 0.00843675 0.00843675
 0.00843675 0.00843675 0.00843675 0.00843675 0.00843675 0.00843675
 0.00843675 0.00843675 0.00843675 0.00843675 0.11796173 0.20843895
 0.00843675 0.00843675 0.00843675 0.00843675 0.00843675 0.00843675]
Classification: 1.0 0.9429928741092637 138
本轮采样概率阵: [0.00843675 0.00843675 0.00843675 0.39897451 0.05526932 0.00843675
 0.00843675 0.00843675 0.00843675 0.00843675 0.00843675 0.00843675
 0.00843675 0.00843675 0.00843675 0.00843675 0.00843675 0.00843675
 0.00843675 0.00843675 0.00843675 0.00843675 0.11796173 0.20843895
 0.00843675 0.00843675 0.00843675 0.00843675 0.00843675 0.00843675]
客户端选择掩码: [1.0, 1.0, 0.0, 1.0, 1.0, 1.0, 0.0, 0.0, 1.0, 0.0, 1.0, 1.0, 1.0, 1.0, 1.0, 1.0, 1.0, 0.0, 1.0, 1.0, 0.0, 1.0, 1.0, 1.0, 1.0, 1.0, 0.0, 1.0, 0.0, 0.0]
/mnt/data/user_liangzhiyu/envs/fedcsl/lib/python3.8/site-packages/sklearn/utils/validation.py:63: RuntimeWarning:  Orthogonal matching pursuit ended prematurely due to linear
dependence in the dictionary. The requested precision might not have been met.

  return f(*args, **kwargs)
稀疏向量: [  2.80387663   0.           0.           0.           0.
  10.81304278   0.           0.           0.           0.
   0.           0.           0.           0.           0.
   0.           0.           0.           0.           0.
   0.           0.           0.           0.         -12.68366913
   0.           0.           0.           0.           0.        ]
更新后概率: [0.08250275 0.00837472 0.00837472 0.00837472 0.00837472 0.3181687
 0.00837472 0.00837472 0.00837472 0.00837472 0.00837472 0.00837472
 0.00837472 0.00837472 0.00837472 0.00837472 0.00837472 0.00837472
 0.00837472 0.00837472 0.00837472 0.00837472 0.00837472 0.00837472
 0.373211   0.00837472 0.00837472 0.00837472 0.00837472 0.00837472]
Classification: 0.9996599217820099 0.9433322022395657 139
本轮采样概率阵: [0.08250275 0.00837472 0.00837472 0.00837472 0.00837472 0.3181687
 0.00837472 0.00837472 0.00837472 0.00837472 0.00837472 0.00837472
 0.00837472 0.00837472 0.00837472 0.00837472 0.00837472 0.00837472
 0.00837472 0.00837472 0.00837472 0.00837472 0.00837472 0.00837472
 0.373211   0.00837472 0.00837472 0.00837472 0.00837472 0.00837472]
客户端选择掩码: [1.0, 1.0, 1.0, 0.0, 0.0, 1.0, 1.0, 1.0, 1.0, 1.0, 1.0, 1.0, 0.0, 0.0, 1.0, 1.0, 0.0, 0.0, 1.0, 1.0, 0.0, 0.0, 1.0, 0.0, 1.0, 1.0, 1.0, 1.0, 1.0, 1.0]
/mnt/data/user_liangzhiyu/envs/fedcsl/lib/python3.8/site-packages/sklearn/utils/validation.py:63: RuntimeWarning:  Orthogonal matching pursuit ended prematurely due to linear
dependence in the dictionary. The requested precision might not have been met.

  return f(*args, **kwargs)
稀疏向量: [  0.           0.           0.          65.39126352  -3.8642925
   0.           0.           0.           0.           0.
   0.           0.           0.           0.           0.
   0.           0.           0.           0.           0.
   0.           0.         -24.17147431 -35.5400696    0.
   0.           0.           0.           0.           0.        ]
更新后概率: [0.00823298 0.00823298 0.00823298 0.00823298 0.00823298 0.00823298
 0.00823298 0.00823298 0.00823298 0.00823298 0.00823298 0.00823298
 0.00823298 0.00823298 0.00823298 0.00823298 0.00823298 0.00823298
 0.00823298 0.00823298 0.00823298 0.00823298 0.76124367 0.00823298
 0.00823298 0.00823298 0.00823298 0.00823298 0.00823298 0.00823298]
Classification: 1.0 0.9426535459789617 140
本轮采样概率阵: [0.00823298 0.00823298 0.00823298 0.00823298 0.00823298 0.00823298
 0.00823298 0.00823298 0.00823298 0.00823298 0.00823298 0.00823298
 0.00823298 0.00823298 0.00823298 0.00823298 0.00823298 0.00823298
 0.00823298 0.00823298 0.00823298 0.00823298 0.76124367 0.00823298
 0.00823298 0.00823298 0.00823298 0.00823298 0.00823298 0.00823298]
客户端选择掩码: [0.0, 0.0, 1.0, 1.0, 0.0, 1.0, 1.0, 1.0, 1.0, 0.0, 0.0, 0.0, 1.0, 1.0, 1.0, 1.0, 0.0, 1.0, 0.0, 1.0, 1.0, 1.0, 1.0, 1.0, 1.0, 1.0, 1.0, 1.0, 1.0, 0.0]
/mnt/data/user_liangzhiyu/envs/fedcsl/lib/python3.8/site-packages/sklearn/utils/validation.py:63: RuntimeWarning:  Orthogonal matching pursuit ended prematurely due to linear
dependence in the dictionary. The requested precision might not have been met.

  return f(*args, **kwargs)
稀疏向量: [-15.82991101   0.           0.           0.          17.5601881
   0.           0.           0.           0.          59.07882833
   0.           0.           0.           0.           0.
   0.           0.           0.           0.           0.
   0.         -59.20132637   0.           0.           0.
   0.           0.           0.           0.           0.        ]
更新后概率: [0.00822434 0.00822434 0.00822434 0.00822434 0.00822434 0.00822434
 0.00822434 0.00822434 0.00822434 0.00822434 0.00822434 0.00822434
 0.00822434 0.00822434 0.00822434 0.00822434 0.00822434 0.00822434
 0.00822434 0.00822434 0.00822434 0.76149417 0.00822434 0.00822434
 0.00822434 0.00822434 0.00822434 0.00822434 0.00822434 0.00822434]
Classification: 1.0 0.9429928741092637 141
本轮采样概率阵: [0.00822434 0.00822434 0.00822434 0.00822434 0.00822434 0.00822434
 0.00822434 0.00822434 0.00822434 0.00822434 0.00822434 0.00822434
 0.00822434 0.00822434 0.00822434 0.00822434 0.00822434 0.00822434
 0.00822434 0.00822434 0.00822434 0.76149417 0.00822434 0.00822434
 0.00822434 0.00822434 0.00822434 0.00822434 0.00822434 0.00822434]
客户端选择掩码: [0.0, 0.0, 0.0, 0.0, 0.0, 0.0, 1.0, 1.0, 1.0, 1.0, 1.0, 1.0, 1.0, 1.0, 1.0, 1.0, 0.0, 1.0, 1.0, 1.0, 1.0, 1.0, 1.0, 0.0, 1.0, 1.0, 1.0, 0.0, 1.0, 1.0]
/mnt/data/user_liangzhiyu/envs/fedcsl/lib/python3.8/site-packages/sklearn/utils/validation.py:63: RuntimeWarning:  Orthogonal matching pursuit ended prematurely due to linear
dependence in the dictionary. The requested precision might not have been met.

  return f(*args, **kwargs)
稀疏向量: [ -54.893164      0.            0.            0.          -52.18440058
    0.            0.            0.            0.            0.
    0.          337.28659783    0.            0.            0.
    0.            0.            0.         -228.64138683    0.
    0.            0.            0.            0.            0.
    0.            0.            0.            0.            0.        ]
更新后概率: [0.008292   0.008292   0.008292   0.008292   0.008292   0.008292
 0.008292   0.008292   0.008292   0.008292   0.008292   0.45761423
 0.008292   0.008292   0.008292   0.008292   0.008292   0.008292
 0.31020963 0.008292   0.008292   0.008292   0.008292   0.008292
 0.008292   0.008292   0.008292   0.008292   0.008292   0.008292  ]
Classification: 1.0 0.9416355615880556 142
本轮采样概率阵: [0.008292   0.008292   0.008292   0.008292   0.008292   0.008292
 0.008292   0.008292   0.008292   0.008292   0.008292   0.45761423
 0.008292   0.008292   0.008292   0.008292   0.008292   0.008292
 0.31020963 0.008292   0.008292   0.008292   0.008292   0.008292
 0.008292   0.008292   0.008292   0.008292   0.008292   0.008292  ]
客户端选择掩码: [1.0, 0.0, 1.0, 0.0, 1.0, 1.0, 1.0, 1.0, 1.0, 1.0, 1.0, 1.0, 0.0, 0.0, 1.0, 1.0, 0.0, 0.0, 1.0, 1.0, 1.0, 0.0, 1.0, 1.0, 1.0, 1.0, 0.0, 1.0, 1.0, 0.0]
/mnt/data/user_liangzhiyu/envs/fedcsl/lib/python3.8/site-packages/sklearn/utils/validation.py:63: RuntimeWarning:  Orthogonal matching pursuit ended prematurely due to linear
dependence in the dictionary. The requested precision might not have been met.

  return f(*args, **kwargs)
稀疏向量: [ 0.          0.          0.          0.          0.          0.
  0.          0.          0.          0.          0.          0.
  8.0341587   4.81105433  0.          0.          0.          0.
  0.          0.          0.          0.         -6.57152301 -5.17114877
  0.          0.          0.          0.          0.          0.        ]
更新后概率: [0.00829619 0.00829619 0.00829619 0.00829619 0.00829619 0.00829619
 0.00829619 0.00829619 0.00829619 0.00829619 0.00829619 0.00829619
 0.00829619 0.00829619 0.00829619 0.00829619 0.00829619 0.00829619
 0.00829619 0.00829619 0.00829619 0.00829619 0.42962976 0.33807679
 0.00829619 0.00829619 0.00829619 0.00829619 0.00829619 0.00829619]
Classification: 1.0 0.9426535459789617 143
本轮采样概率阵: [0.00829619 0.00829619 0.00829619 0.00829619 0.00829619 0.00829619
 0.00829619 0.00829619 0.00829619 0.00829619 0.00829619 0.00829619
 0.00829619 0.00829619 0.00829619 0.00829619 0.00829619 0.00829619
 0.00829619 0.00829619 0.00829619 0.00829619 0.42962976 0.33807679
 0.00829619 0.00829619 0.00829619 0.00829619 0.00829619 0.00829619]
客户端选择掩码: [0.0, 0.0, 1.0, 0.0, 1.0, 1.0, 1.0, 0.0, 0.0, 1.0, 1.0, 0.0, 0.0, 1.0, 1.0, 1.0, 1.0, 1.0, 1.0, 1.0, 1.0, 0.0, 1.0, 1.0, 0.0, 1.0, 1.0, 1.0, 1.0, 1.0]
/mnt/data/user_liangzhiyu/envs/fedcsl/lib/python3.8/site-packages/sklearn/utils/validation.py:63: RuntimeWarning:  Orthogonal matching pursuit ended prematurely due to linear
dependence in the dictionary. The requested precision might not have been met.

  return f(*args, **kwargs)
稀疏向量: [  7.44511963   0.           0.          40.75411692  -5.40393794
   0.           0.           0.           0.           0.
   0.           0.           0.           0.           0.
   0.           0.           0.         -20.73209027   0.
   0.           0.           0.         -20.67383935   0.
   0.           0.           0.           0.           0.        ]
更新后概率: [0.00836586 0.00836586 0.00836586 0.00836586 0.08936804 0.00836586
 0.00836586 0.00836586 0.00836586 0.00836586 0.00836586 0.00836586
 0.00836586 0.00836586 0.00836586 0.00836586 0.00836586 0.00836586
 0.34285852 0.00836586 0.00836586 0.00836586 0.00836586 0.3418952
 0.00836586 0.00836586 0.00836586 0.00836586 0.00836586 0.00836586]
Classification: 1.0 0.9399389209365456 144
本轮采样概率阵: [0.00836586 0.00836586 0.00836586 0.00836586 0.08936804 0.00836586
 0.00836586 0.00836586 0.00836586 0.00836586 0.00836586 0.00836586
 0.00836586 0.00836586 0.00836586 0.00836586 0.00836586 0.00836586
 0.34285852 0.00836586 0.00836586 0.00836586 0.00836586 0.3418952
 0.00836586 0.00836586 0.00836586 0.00836586 0.00836586 0.00836586]
客户端选择掩码: [1.0, 0.0, 1.0, 1.0, 1.0, 1.0, 0.0, 0.0, 1.0, 0.0, 0.0, 1.0, 1.0, 1.0, 1.0, 1.0, 1.0, 1.0, 1.0, 0.0, 1.0, 1.0, 0.0, 1.0, 0.0, 0.0, 1.0, 1.0, 1.0, 1.0]
/mnt/data/user_liangzhiyu/envs/fedcsl/lib/python3.8/site-packages/sklearn/utils/validation.py:63: RuntimeWarning:  Orthogonal matching pursuit ended prematurely due to linear
dependence in the dictionary. The requested precision might not have been met.

  return f(*args, **kwargs)
稀疏向量: [ 11.79670469   0.           0.           0.           1.37511446
   0.           0.           0.           0.           0.
   0.           0.           0.          31.46602457   0.
   0.           0.           0.           0.           0.
   0.           0.           0.           0.           0.
   0.           0.           0.         -43.77288131   0.        ]
更新后概率: [0.10414753 0.0084409  0.0084409  0.0084409  0.01214024 0.0084409
 0.0084409  0.0084409  0.0084409  0.0084409  0.0084409  0.0084409
 0.0084409  0.27779866 0.0084409  0.0084409  0.0084409  0.0084409
 0.0084409  0.0084409  0.0084409  0.0084409  0.0084409  0.0084409
 0.0084409  0.0084409  0.0084409  0.0084409  0.38645008 0.0084409 ]
Classification: 0.999829960891005 0.9416355615880556 145
本轮采样概率阵: [0.10414753 0.0084409  0.0084409  0.0084409  0.01214024 0.0084409
 0.0084409  0.0084409  0.0084409  0.0084409  0.0084409  0.0084409
 0.0084409  0.27779866 0.0084409  0.0084409  0.0084409  0.0084409
 0.0084409  0.0084409  0.0084409  0.0084409  0.0084409  0.0084409
 0.0084409  0.0084409  0.0084409  0.0084409  0.38645008 0.0084409 ]
客户端选择掩码: [1.0, 1.0, 1.0, 1.0, 1.0, 1.0, 0.0, 0.0, 1.0, 0.0, 1.0, 0.0, 1.0, 1.0, 1.0, 1.0, 0.0, 1.0, 1.0, 1.0, 1.0, 1.0, 1.0, 0.0, 0.0, 1.0, 0.0, 1.0, 1.0, 0.0]
/mnt/data/user_liangzhiyu/envs/fedcsl/lib/python3.8/site-packages/sklearn/utils/validation.py:63: RuntimeWarning:  Orthogonal matching pursuit ended prematurely due to linear
dependence in the dictionary. The requested precision might not have been met.

  return f(*args, **kwargs)
稀疏向量: [ 10.53675203   0.           0.          17.87874729   0.
   0.           0.           0.           0.           0.
   0.           0.           0.           0.           0.
   0.           0.           0.           0.           0.
   0.          -4.16561408   0.         -22.96655742   0.
   0.           0.           0.           0.           0.        ]
更新后概率: [0.25027177 0.00837499 0.00837499 0.42466082 0.00837499 0.00837499
 0.00837499 0.00837499 0.00837499 0.00837499 0.00837499 0.00837499
 0.00837499 0.00837499 0.00837499 0.00837499 0.00837499 0.00837499
 0.00837499 0.00837499 0.00837499 0.09894279 0.00837499 0.00837499
 0.00837499 0.00837499 0.00837499 0.00837499 0.00837499 0.00837499]
Classification: 0.999829960891005 0.9423142178486597 146
本轮采样概率阵: [0.25027177 0.00837499 0.00837499 0.42466082 0.00837499 0.00837499
 0.00837499 0.00837499 0.00837499 0.00837499 0.00837499 0.00837499
 0.00837499 0.00837499 0.00837499 0.00837499 0.00837499 0.00837499
 0.00837499 0.00837499 0.00837499 0.09894279 0.00837499 0.00837499
 0.00837499 0.00837499 0.00837499 0.00837499 0.00837499 0.00837499]
客户端选择掩码: [1.0, 1.0, 1.0, 1.0, 0.0, 0.0, 1.0, 0.0, 0.0, 1.0, 1.0, 1.0, 1.0, 0.0, 1.0, 1.0, 1.0, 1.0, 0.0, 1.0, 1.0, 1.0, 1.0, 0.0, 1.0, 0.0, 1.0, 1.0, 1.0, 0.0]
/mnt/data/user_liangzhiyu/envs/fedcsl/lib/python3.8/site-packages/sklearn/utils/validation.py:63: RuntimeWarning:  Orthogonal matching pursuit ended prematurely due to linear
dependence in the dictionary. The requested precision might not have been met.

  return f(*args, **kwargs)
稀疏向量: [ 0.          0.          0.          0.          0.          0.
  0.          0.          0.          0.          0.         17.94324466
  0.          0.          0.          0.          0.          0.
  0.          0.          0.          0.         -6.83359565 -9.96422842
  0.          0.          0.          0.          0.          0.        ]
更新后概率: [0.00830134 0.00830134 0.00830134 0.00830134 0.00830134 0.00830134
 0.00830134 0.00830134 0.00830134 0.00830134 0.00830134 0.55586436
 0.00830134 0.00830134 0.00830134 0.00830134 0.00830134 0.00830134
 0.00830134 0.00830134 0.00830134 0.00830134 0.21169818 0.00830134
 0.00830134 0.00830134 0.00830134 0.00830134 0.00830134 0.00830134]
Classification: 1.0 0.9412962334577536 147
本轮采样概率阵: [0.00830134 0.00830134 0.00830134 0.00830134 0.00830134 0.00830134
 0.00830134 0.00830134 0.00830134 0.00830134 0.00830134 0.55586436
 0.00830134 0.00830134 0.00830134 0.00830134 0.00830134 0.00830134
 0.00830134 0.00830134 0.00830134 0.00830134 0.21169818 0.00830134
 0.00830134 0.00830134 0.00830134 0.00830134 0.00830134 0.00830134]
客户端选择掩码: [0.0, 0.0, 0.0, 1.0, 1.0, 1.0, 1.0, 0.0, 1.0, 0.0, 1.0, 1.0, 1.0, 1.0, 1.0, 0.0, 1.0, 1.0, 1.0, 1.0, 1.0, 1.0, 1.0, 0.0, 1.0, 1.0, 1.0, 0.0, 1.0, 0.0]
/mnt/data/user_liangzhiyu/envs/fedcsl/lib/python3.8/site-packages/sklearn/utils/validation.py:63: RuntimeWarning:  Orthogonal matching pursuit ended prematurely due to linear
dependence in the dictionary. The requested precision might not have been met.

  return f(*args, **kwargs)
稀疏向量: [   0.            0.            0.          192.60812225   -9.91158975
    0.            0.           93.7509063     0.            0.
    0.            0.            0.            0.            0.
    0.            0.            0.            0.            0.
    0.            0.          -66.24774367 -206.40431365    0.
    0.            0.            0.            0.            0.        ]
更新后概率: [0.00836618 0.00836618 0.00836618 0.55475635 0.02854769 0.00836618
 0.00836618 0.00836618 0.00836618 0.00836618 0.00836618 0.00836618
 0.00836618 0.00836618 0.00836618 0.00836618 0.00836618 0.00836618
 0.00836618 0.00836618 0.00836618 0.00836618 0.19080897 0.00836618
 0.00836618 0.00836618 0.00836618 0.00836618 0.00836618 0.00836618]
Classification: 0.999829960891005 0.9416355615880556 148
本轮采样概率阵: [0.00836618 0.00836618 0.00836618 0.55475635 0.02854769 0.00836618
 0.00836618 0.00836618 0.00836618 0.00836618 0.00836618 0.00836618
 0.00836618 0.00836618 0.00836618 0.00836618 0.00836618 0.00836618
 0.00836618 0.00836618 0.00836618 0.00836618 0.19080897 0.00836618
 0.00836618 0.00836618 0.00836618 0.00836618 0.00836618 0.00836618]
客户端选择掩码: [0.0, 1.0, 0.0, 1.0, 1.0, 1.0, 1.0, 1.0, 1.0, 1.0, 1.0, 1.0, 0.0, 0.0, 0.0, 1.0, 0.0, 1.0, 0.0, 1.0, 1.0, 0.0, 1.0, 1.0, 1.0, 1.0, 0.0, 1.0, 1.0, 1.0]
/mnt/data/user_liangzhiyu/envs/fedcsl/lib/python3.8/site-packages/sklearn/utils/validation.py:63: RuntimeWarning:  Orthogonal matching pursuit ended prematurely due to linear
dependence in the dictionary. The requested precision might not have been met.

  return f(*args, **kwargs)
稀疏向量: [  0.           0.           0.           0.           0.
   0.           0.           0.           0.           0.
   0.          30.25194573   0.           0.           0.
   0.           0.           0.           0.           0.
   0.           0.         -10.61102668 -18.39461445   0.
   0.           0.           0.           0.           0.        ]
更新后概率: [0.00837027 0.00837027 0.00837027 0.00837027 0.00837027 0.00837027
 0.00837027 0.00837027 0.00837027 0.00837027 0.00837027 0.39514074
 0.00837027 0.00837027 0.00837027 0.00837027 0.00837027 0.00837027
 0.00837027 0.00837027 0.00837027 0.00837027 0.13859766 0.24026426
 0.00837027 0.00837027 0.00837027 0.00837027 0.00837027 0.00837027]
Classification: 0.999829960891005 0.9419748897183576 149
本轮采样概率阵: [0.00837027 0.00837027 0.00837027 0.00837027 0.00837027 0.00837027
 0.00837027 0.00837027 0.00837027 0.00837027 0.00837027 0.39514074
 0.00837027 0.00837027 0.00837027 0.00837027 0.00837027 0.00837027
 0.00837027 0.00837027 0.00837027 0.00837027 0.13859766 0.24026426
 0.00837027 0.00837027 0.00837027 0.00837027 0.00837027 0.00837027]
客户端选择掩码: [1.0, 0.0, 1.0, 1.0, 1.0, 0.0, 0.0, 1.0, 1.0, 1.0, 0.0, 1.0, 1.0, 1.0, 1.0, 0.0, 0.0, 1.0, 1.0, 1.0, 1.0, 0.0, 1.0, 1.0, 1.0, 1.0, 1.0, 0.0, 0.0, 1.0]
/mnt/data/user_liangzhiyu/envs/fedcsl/lib/python3.8/site-packages/sklearn/utils/validation.py:63: RuntimeWarning:  Orthogonal matching pursuit ended prematurely due to linear
dependence in the dictionary. The requested precision might not have been met.

  return f(*args, **kwargs)
稀疏向量: [ 0.471798    0.          0.          0.          0.          0.
  0.          0.          0.          0.          0.          0.
  0.          3.29922468  0.          0.          0.          0.
  0.          0.          0.          0.          0.          0.
  0.          0.          0.          0.          0.         -2.77758707]
更新后概率: [0.05576292 0.00837053 0.00837053 0.00837053 0.00837053 0.00837053
 0.00837053 0.00837053 0.00837053 0.00837053 0.00837053 0.00837053
 0.00837053 0.38994318 0.00837053 0.00837053 0.00837053 0.00837053
 0.00837053 0.00837053 0.00837053 0.00837053 0.00837053 0.00837053
 0.00837053 0.00837053 0.00837053 0.00837053 0.00837053 0.3282896 ]
Classification: 1.0 0.9423142178486597 150
本轮采样概率阵: [0.05576292 0.00837053 0.00837053 0.00837053 0.00837053 0.00837053
 0.00837053 0.00837053 0.00837053 0.00837053 0.00837053 0.00837053
 0.00837053 0.38994318 0.00837053 0.00837053 0.00837053 0.00837053
 0.00837053 0.00837053 0.00837053 0.00837053 0.00837053 0.00837053
 0.00837053 0.00837053 0.00837053 0.00837053 0.00837053 0.3282896 ]
客户端选择掩码: [1.0, 0.0, 1.0, 1.0, 1.0, 1.0, 1.0, 1.0, 1.0, 1.0, 1.0, 1.0, 0.0, 1.0, 0.0, 0.0, 0.0, 1.0, 0.0, 1.0, 1.0, 1.0, 0.0, 0.0, 1.0, 1.0, 1.0, 1.0, 0.0, 1.0]
/mnt/data/user_liangzhiyu/envs/fedcsl/lib/python3.8/site-packages/sklearn/utils/validation.py:63: RuntimeWarning:  Orthogonal matching pursuit ended prematurely due to linear
dependence in the dictionary. The requested precision might not have been met.

  return f(*args, **kwargs)
稀疏向量: [  0.           0.           0.           0.         -40.6527052
   0.           0.           0.           0.         138.43469401
   0.           0.           0.          72.08563356   0.
   0.           0.           0.           0.           0.
   0.           0.         -70.4898175  -96.38049044   0.
   0.           0.           0.           0.           0.        ]
更新后概率: [0.00837055 0.00837055 0.00837055 0.00837055 0.12527221 0.00837055
 0.00837055 0.00837055 0.00837055 0.42658958 0.00837055 0.00837055
 0.00837055 0.22213348 0.00837055 0.00837055 0.00837055 0.00837055
 0.00837055 0.00837055 0.00837055 0.00837055 0.00837055 0.00837055
 0.00837055 0.00837055 0.00837055 0.00837055 0.00837055 0.00837055]
Classification: 0.999829960891005 0.9416355615880556 151
本轮采样概率阵: [0.00837055 0.00837055 0.00837055 0.00837055 0.12527221 0.00837055
 0.00837055 0.00837055 0.00837055 0.42658958 0.00837055 0.00837055
 0.00837055 0.22213348 0.00837055 0.00837055 0.00837055 0.00837055
 0.00837055 0.00837055 0.00837055 0.00837055 0.00837055 0.00837055
 0.00837055 0.00837055 0.00837055 0.00837055 0.00837055 0.00837055]
客户端选择掩码: [0.0, 0.0, 1.0, 1.0, 1.0, 1.0, 1.0, 1.0, 0.0, 1.0, 1.0, 0.0, 1.0, 1.0, 1.0, 0.0, 0.0, 1.0, 1.0, 1.0, 0.0, 1.0, 1.0, 1.0, 1.0, 1.0, 1.0, 0.0, 1.0, 0.0]
/mnt/data/user_liangzhiyu/envs/fedcsl/lib/python3.8/site-packages/sklearn/utils/validation.py:63: RuntimeWarning:  Orthogonal matching pursuit ended prematurely due to linear
dependence in the dictionary. The requested precision might not have been met.

  return f(*args, **kwargs)
稀疏向量: [-1.33354291  0.          0.          0.         -1.52081157  0.
  0.          0.          0.          0.          0.         10.38491838
  0.          0.          0.          0.          0.          0.
 -6.51551105  0.          0.          0.          0.          0.
  0.          0.          0.          0.          0.          0.        ]
更新后概率: [0.00830106 0.00830106 0.00830106 0.00830106 0.1452567  0.00830106
 0.00830106 0.00830106 0.00830106 0.00830106 0.00830106 0.00830106
 0.00830106 0.00830106 0.00830106 0.00830106 0.00830106 0.00830106
 0.62231355 0.00830106 0.00830106 0.00830106 0.00830106 0.00830106
 0.00830106 0.00830106 0.00830106 0.00830106 0.00830106 0.00830106]
Classification: 0.999829960891005 0.9419748897183576 152
本轮采样概率阵: [0.00830106 0.00830106 0.00830106 0.00830106 0.1452567  0.00830106
 0.00830106 0.00830106 0.00830106 0.00830106 0.00830106 0.00830106
 0.00830106 0.00830106 0.00830106 0.00830106 0.00830106 0.00830106
 0.62231355 0.00830106 0.00830106 0.00830106 0.00830106 0.00830106
 0.00830106 0.00830106 0.00830106 0.00830106 0.00830106 0.00830106]
客户端选择掩码: [1.0, 1.0, 0.0, 1.0, 1.0, 0.0, 0.0, 1.0, 0.0, 0.0, 1.0, 1.0, 1.0, 1.0, 1.0, 0.0, 1.0, 1.0, 1.0, 1.0, 1.0, 0.0, 1.0, 1.0, 1.0, 1.0, 0.0, 0.0, 1.0, 1.0]
/mnt/data/user_liangzhiyu/envs/fedcsl/lib/python3.8/site-packages/sklearn/utils/validation.py:63: RuntimeWarning:  Orthogonal matching pursuit ended prematurely due to linear
dependence in the dictionary. The requested precision might not have been met.

  return f(*args, **kwargs)
稀疏向量: [  0.           0.           0.           0.           1.70105914
   0.           0.           0.           0.           0.
   0.           0.          12.40752053  15.08535797   0.
   0.           0.           0.           0.           0.
   0.           0.         -18.16618736  -9.78071273   0.
   0.           0.           0.           0.           0.        ]
更新后概率: [0.00850854 0.00850854 0.00850854 0.00850854 0.0234372  0.00850854
 0.00850854 0.00850854 0.00850854 0.00850854 0.00850854 0.00850854
 0.17095085 0.2078461  0.00850854 0.00850854 0.00850854 0.00850854
 0.00850854 0.00850854 0.00850854 0.00850854 0.25029378 0.13475869
 0.00850854 0.00850854 0.00850854 0.00850854 0.00850854 0.00850854]
Classification: 0.999829960891005 0.9419748897183576 153
本轮采样概率阵: [0.00850854 0.00850854 0.00850854 0.00850854 0.0234372  0.00850854
 0.00850854 0.00850854 0.00850854 0.00850854 0.00850854 0.00850854
 0.17095085 0.2078461  0.00850854 0.00850854 0.00850854 0.00850854
 0.00850854 0.00850854 0.00850854 0.00850854 0.25029378 0.13475869
 0.00850854 0.00850854 0.00850854 0.00850854 0.00850854 0.00850854]
客户端选择掩码: [0.0, 1.0, 1.0, 0.0, 1.0, 0.0, 1.0, 1.0, 1.0, 0.0, 1.0, 0.0, 1.0, 1.0, 1.0, 0.0, 0.0, 1.0, 0.0, 1.0, 1.0, 1.0, 1.0, 1.0, 1.0, 1.0, 1.0, 0.0, 1.0, 1.0]
/mnt/data/user_liangzhiyu/envs/fedcsl/lib/python3.8/site-packages/sklearn/utils/validation.py:63: RuntimeWarning:  Orthogonal matching pursuit ended prematurely due to linear
dependence in the dictionary. The requested precision might not have been met.

  return f(*args, **kwargs)
稀疏向量: [  0.           0.           0.          73.19221888   0.
   0.           0.           0.           0.           0.
   0.           0.           0.           0.           0.
   0.           0.           0.           0.           0.
   0.           0.         -30.89339906 -40.42484914   0.
   0.           0.           0.           0.           0.        ]
更新后概率: [0.00830963 0.00830963 0.00830963 0.00830963 0.00830963 0.00830963
 0.00830963 0.00830963 0.00830963 0.00830963 0.00830963 0.00830963
 0.00830963 0.00830963 0.00830963 0.00830963 0.00830963 0.00830963
 0.00830963 0.00830963 0.00830963 0.00830963 0.3323896  0.43494079
 0.00830963 0.00830963 0.00830963 0.00830963 0.00830963 0.00830963]
Classification: 0.999829960891005 0.9419748897183576 154
本轮采样概率阵: [0.00830963 0.00830963 0.00830963 0.00830963 0.00830963 0.00830963
 0.00830963 0.00830963 0.00830963 0.00830963 0.00830963 0.00830963
 0.00830963 0.00830963 0.00830963 0.00830963 0.00830963 0.00830963
 0.00830963 0.00830963 0.00830963 0.00830963 0.3323896  0.43494079
 0.00830963 0.00830963 0.00830963 0.00830963 0.00830963 0.00830963]
客户端选择掩码: [1.0, 1.0, 0.0, 0.0, 1.0, 0.0, 0.0, 1.0, 1.0, 1.0, 0.0, 1.0, 1.0, 0.0, 1.0, 1.0, 1.0, 0.0, 1.0, 1.0, 1.0, 1.0, 1.0, 1.0, 1.0, 0.0, 1.0, 1.0, 1.0, 0.0]
/mnt/data/user_liangzhiyu/envs/fedcsl/lib/python3.8/site-packages/sklearn/utils/validation.py:63: RuntimeWarning:  Orthogonal matching pursuit ended prematurely due to linear
dependence in the dictionary. The requested precision might not have been met.

  return f(*args, **kwargs)
稀疏向量: [  72.19881839    0.            0.            0.            0.
    0.            0.            0.            0.            0.
    0.            0.            0.          243.73976469    0.
    0.            0.            0.            0.            0.
    0.            0.            0.            0.            0.
    0.            0.            0.         -315.84095187    0.        ]
更新后概率: [0.14283407 0.00829729 0.00829729 0.00829729 0.00829729 0.00829729
 0.00829729 0.00829729 0.00829729 0.00829729 0.00829729 0.00829729
 0.00829729 0.00829729 0.00829729 0.00829729 0.00829729 0.00829729
 0.00829729 0.00829729 0.00829729 0.00829729 0.00829729 0.00829729
 0.00829729 0.00829729 0.00829729 0.00829729 0.62484192 0.00829729]
Classification: 0.999829960891005 0.9419748897183576 155
本轮采样概率阵: [0.14283407 0.00829729 0.00829729 0.00829729 0.00829729 0.00829729
 0.00829729 0.00829729 0.00829729 0.00829729 0.00829729 0.00829729
 0.00829729 0.00829729 0.00829729 0.00829729 0.00829729 0.00829729
 0.00829729 0.00829729 0.00829729 0.00829729 0.00829729 0.00829729
 0.00829729 0.00829729 0.00829729 0.00829729 0.62484192 0.00829729]
客户端选择掩码: [1.0, 1.0, 0.0, 0.0, 1.0, 1.0, 1.0, 1.0, 1.0, 1.0, 1.0, 0.0, 0.0, 1.0, 0.0, 1.0, 1.0, 1.0, 1.0, 1.0, 0.0, 0.0, 1.0, 0.0, 1.0, 1.0, 1.0, 0.0, 1.0, 1.0]
/mnt/data/user_liangzhiyu/envs/fedcsl/lib/python3.8/site-packages/sklearn/utils/validation.py:63: RuntimeWarning:  Orthogonal matching pursuit ended prematurely due to linear
dependence in the dictionary. The requested precision might not have been met.

  return f(*args, **kwargs)
稀疏向量: [ -2.09274666   0.           0.           0.           6.48371162
   0.           0.           0.           0.           9.14085373
   0.           0.           0.           6.15966331   0.
   0.           0.           0.           0.           0.
   0.         -18.54596877   0.           0.           0.
   0.           0.           0.           0.           0.        ]
更新后概率: [0.06842174 0.00843651 0.00843651 0.00843651 0.21198307 0.00843651
 0.00843651 0.00843651 0.00843651 0.29885756 0.00843651 0.00843651
 0.00843651 0.2013884  0.00843651 0.00843651 0.00843651 0.00843651
 0.00843651 0.00843651 0.00843651 0.00843651 0.00843651 0.00843651
 0.00843651 0.00843651 0.00843651 0.00843651 0.00843651 0.00843651]
Classification: 0.999829960891005 0.9419748897183576 156
本轮采样概率阵: [0.06842174 0.00843651 0.00843651 0.00843651 0.21198307 0.00843651
 0.00843651 0.00843651 0.00843651 0.29885756 0.00843651 0.00843651
 0.00843651 0.2013884  0.00843651 0.00843651 0.00843651 0.00843651
 0.00843651 0.00843651 0.00843651 0.00843651 0.00843651 0.00843651
 0.00843651 0.00843651 0.00843651 0.00843651 0.00843651 0.00843651]
客户端选择掩码: [1.0, 1.0, 1.0, 1.0, 1.0, 0.0, 1.0, 1.0, 1.0, 1.0, 1.0, 1.0, 0.0, 1.0, 1.0, 1.0, 0.0, 1.0, 1.0, 1.0, 1.0, 0.0, 0.0, 0.0, 1.0, 0.0, 1.0, 0.0, 1.0, 0.0]
/mnt/data/user_liangzhiyu/envs/fedcsl/lib/python3.8/site-packages/sklearn/utils/validation.py:63: RuntimeWarning:  Orthogonal matching pursuit ended prematurely due to linear
dependence in the dictionary. The requested precision might not have been met.

  return f(*args, **kwargs)
稀疏向量: [ 4.26718227  0.          0.          0.          0.10599684  0.
  0.          0.          0.          0.20735856  0.          4.8581432
  0.          0.          0.          0.          0.          0.
  0.          0.          0.          0.          0.         -8.37418208
  0.          0.          0.          0.          0.          0.        ]
更新后概率: [0.35282352 0.00844544 0.00844544 0.00844544 0.00876414 0.00844544
 0.00844544 0.00844544 0.00844544 0.01714503 0.00844544 0.40168596
 0.00844544 0.00844544 0.00844544 0.00844544 0.00844544 0.00844544
 0.00844544 0.00844544 0.00844544 0.00844544 0.00844544 0.00844544
 0.00844544 0.00844544 0.00844544 0.00844544 0.00844544 0.00844544]
Classification: 1.0 0.9412962334577536 157
本轮采样概率阵: [0.35282352 0.00844544 0.00844544 0.00844544 0.00876414 0.00844544
 0.00844544 0.00844544 0.00844544 0.01714503 0.00844544 0.40168596
 0.00844544 0.00844544 0.00844544 0.00844544 0.00844544 0.00844544
 0.00844544 0.00844544 0.00844544 0.00844544 0.00844544 0.00844544
 0.00844544 0.00844544 0.00844544 0.00844544 0.00844544 0.00844544]
客户端选择掩码: [1.0, 1.0, 1.0, 1.0, 1.0, 0.0, 1.0, 1.0, 1.0, 1.0, 1.0, 1.0, 1.0, 1.0, 0.0, 1.0, 1.0, 1.0, 0.0, 0.0, 0.0, 1.0, 0.0, 1.0, 1.0, 0.0, 1.0, 0.0, 1.0, 0.0]
/mnt/data/user_liangzhiyu/envs/fedcsl/lib/python3.8/site-packages/sklearn/utils/validation.py:63: RuntimeWarning:  Orthogonal matching pursuit ended prematurely due to linear
dependence in the dictionary. The requested precision might not have been met.

  return f(*args, **kwargs)
稀疏向量: [  0.           0.           0.           0.          -9.18685145
   0.           0.           0.           0.          41.92739797
   0.           0.           0.           0.           0.
   0.           0.           0.           0.           0.
   0.           0.          -9.46747358 -21.87798085   0.
   0.           0.           0.           0.           0.        ]
更新后概率: [0.00837527 0.00837527 0.00837527 0.00837527 0.09739951 0.00837527
 0.00837527 0.00837527 0.00837527 0.44451659 0.00837527 0.00837527
 0.00837527 0.00837527 0.00837527 0.00837527 0.00837527 0.00837527
 0.00837527 0.00837527 0.00837527 0.00837527 0.00837527 0.23195156
 0.00837527 0.00837527 0.00837527 0.00837527 0.00837527 0.00837527]
Classification: 1.0 0.9416355615880556 158
本轮采样概率阵: [0.00837527 0.00837527 0.00837527 0.00837527 0.09739951 0.00837527
 0.00837527 0.00837527 0.00837527 0.44451659 0.00837527 0.00837527
 0.00837527 0.00837527 0.00837527 0.00837527 0.00837527 0.00837527
 0.00837527 0.00837527 0.00837527 0.00837527 0.00837527 0.23195156
 0.00837527 0.00837527 0.00837527 0.00837527 0.00837527 0.00837527]
客户端选择掩码: [1.0, 1.0, 1.0, 0.0, 1.0, 1.0, 1.0, 1.0, 1.0, 1.0, 1.0, 1.0, 1.0, 1.0, 1.0, 1.0, 0.0, 1.0, 0.0, 0.0, 1.0, 0.0, 0.0, 1.0, 1.0, 1.0, 1.0, 0.0, 0.0, 0.0]
/mnt/data/user_liangzhiyu/envs/fedcsl/lib/python3.8/site-packages/sklearn/utils/validation.py:63: RuntimeWarning:  Orthogonal matching pursuit ended prematurely due to linear
dependence in the dictionary. The requested precision might not have been met.

  return f(*args, **kwargs)
稀疏向量: [ -1.98865432   0.           0.           0.           7.08785257
   0.           0.           0.           0.          14.865095
   0.           0.           0.           0.           0.
   0.           0.           0.           0.           0.
   0.         -18.80569452   0.           0.           0.
   0.           0.           0.           0.           0.        ]
更新后概率: [0.06428947 0.00837084 0.00837084 0.00837084 0.22913701 0.00837084
 0.00837084 0.00837084 0.00837084 0.4805607  0.00837084 0.00837084
 0.00837084 0.00837084 0.00837084 0.00837084 0.00837084 0.00837084
 0.00837084 0.00837084 0.00837084 0.00837084 0.00837084 0.00837084
 0.00837084 0.00837084 0.00837084 0.00837084 0.00837084 0.00837084]
Classification: 1.0 0.9416355615880556 159
本轮采样概率阵: [0.06428947 0.00837084 0.00837084 0.00837084 0.22913701 0.00837084
 0.00837084 0.00837084 0.00837084 0.4805607  0.00837084 0.00837084
 0.00837084 0.00837084 0.00837084 0.00837084 0.00837084 0.00837084
 0.00837084 0.00837084 0.00837084 0.00837084 0.00837084 0.00837084
 0.00837084 0.00837084 0.00837084 0.00837084 0.00837084 0.00837084]
客户端选择掩码: [1.0, 0.0, 1.0, 1.0, 1.0, 1.0, 0.0, 1.0, 1.0, 1.0, 0.0, 0.0, 1.0, 1.0, 1.0, 0.0, 1.0, 1.0, 1.0, 1.0, 1.0, 1.0, 0.0, 0.0, 0.0, 0.0, 1.0, 1.0, 1.0, 1.0]
/mnt/data/user_liangzhiyu/envs/fedcsl/lib/python3.8/site-packages/sklearn/utils/validation.py:63: RuntimeWarning:  Orthogonal matching pursuit ended prematurely due to linear
dependence in the dictionary. The requested precision might not have been met.

  return f(*args, **kwargs)
稀疏向量: [ -3.1386836    0.           0.           0.           1.16002187
   0.           0.           0.           0.           0.
   0.           0.           8.59084981   7.656019     0.
   0.           0.           0.           0.           0.
   0.           0.         -13.15355786   0.           0.
   0.           0.           0.           0.           0.        ]
更新后概率: [0.11923887 0.00844122 0.00844122 0.00844122 0.04406933 0.00844122
 0.00844122 0.00844122 0.00844122 0.00844122 0.00844122 0.00844122
 0.32636715 0.29085284 0.00844122 0.00844122 0.00844122 0.00844122
 0.00844122 0.00844122 0.00844122 0.00844122 0.00844122 0.00844122
 0.00844122 0.00844122 0.00844122 0.00844122 0.00844122 0.00844122]
Classification: 0.999829960891005 0.9419748897183576 160
本轮采样概率阵: [0.11923887 0.00844122 0.00844122 0.00844122 0.04406933 0.00844122
 0.00844122 0.00844122 0.00844122 0.00844122 0.00844122 0.00844122
 0.32636715 0.29085284 0.00844122 0.00844122 0.00844122 0.00844122
 0.00844122 0.00844122 0.00844122 0.00844122 0.00844122 0.00844122
 0.00844122 0.00844122 0.00844122 0.00844122 0.00844122 0.00844122]
客户端选择掩码: [1.0, 0.0, 1.0, 1.0, 1.0, 0.0, 1.0, 1.0, 1.0, 0.0, 1.0, 0.0, 1.0, 1.0, 1.0, 0.0, 1.0, 1.0, 0.0, 0.0, 1.0, 1.0, 1.0, 1.0, 1.0, 1.0, 0.0, 1.0, 1.0, 0.0]
/mnt/data/user_liangzhiyu/envs/fedcsl/lib/python3.8/site-packages/sklearn/utils/validation.py:63: RuntimeWarning:  Orthogonal matching pursuit ended prematurely due to linear
dependence in the dictionary. The requested precision might not have been met.

  return f(*args, **kwargs)
稀疏向量: [ -6.14086202   0.           0.          11.38374222  -1.30496135
   0.           0.           0.           0.           0.
   0.           0.           0.          14.42623969   0.
   0.           0.           0.           0.           0.
   0.           0.         -17.15754094   0.           0.
   0.           0.           0.           0.           0.        ]
更新后概率: [0.09587174 0.00851768 0.00851768 0.17772409 0.02037318 0.00851768
 0.00851768 0.00851768 0.00851768 0.00851768 0.00851768 0.00851768
 0.00851768 0.22522386 0.00851768 0.00851768 0.00851768 0.00851768
 0.00851768 0.00851768 0.00851768 0.00851768 0.2678652  0.00851768
 0.00851768 0.00851768 0.00851768 0.00851768 0.00851768 0.00851768]
Classification: 0.999829960891005 0.9416355615880556 161
本轮采样概率阵: [0.09587174 0.00851768 0.00851768 0.17772409 0.02037318 0.00851768
 0.00851768 0.00851768 0.00851768 0.00851768 0.00851768 0.00851768
 0.00851768 0.22522386 0.00851768 0.00851768 0.00851768 0.00851768
 0.00851768 0.00851768 0.00851768 0.00851768 0.2678652  0.00851768
 0.00851768 0.00851768 0.00851768 0.00851768 0.00851768 0.00851768]
客户端选择掩码: [1.0, 1.0, 0.0, 1.0, 1.0, 1.0, 1.0, 0.0, 0.0, 1.0, 1.0, 1.0, 1.0, 1.0, 1.0, 1.0, 0.0, 1.0, 1.0, 0.0, 1.0, 1.0, 1.0, 0.0, 1.0, 0.0, 1.0, 0.0, 0.0, 1.0]
/mnt/data/user_liangzhiyu/envs/fedcsl/lib/python3.8/site-packages/sklearn/utils/validation.py:63: RuntimeWarning:  Orthogonal matching pursuit ended prematurely due to linear
dependence in the dictionary. The requested precision might not have been met.

  return f(*args, **kwargs)
稀疏向量: [  2.1198964    0.           0.           0.           1.40263903
  12.04269678   0.           0.           0.           0.
   0.           0.           0.           0.           0.
   0.           0.           0.           0.           0.
   0.           0.           0.           0.           0.
   0.           0.           0.           0.         -14.64692809]
更新后概率: [0.05475012 0.00845065 0.00845065 0.00845065 0.03622566 0.31102419
 0.00845065 0.00845065 0.00845065 0.00845065 0.00845065 0.00845065
 0.00845065 0.00845065 0.00845065 0.00845065 0.00845065 0.00845065
 0.00845065 0.00845065 0.00845065 0.00845065 0.00845065 0.00845065
 0.00845065 0.00845065 0.00845065 0.00845065 0.00845065 0.37828312]
Classification: 0.999829960891005 0.9416355615880556 162
本轮采样概率阵: [0.05475012 0.00845065 0.00845065 0.00845065 0.03622566 0.31102419
 0.00845065 0.00845065 0.00845065 0.00845065 0.00845065 0.00845065
 0.00845065 0.00845065 0.00845065 0.00845065 0.00845065 0.00845065
 0.00845065 0.00845065 0.00845065 0.00845065 0.00845065 0.00845065
 0.00845065 0.00845065 0.00845065 0.00845065 0.00845065 0.37828312]
客户端选择掩码: [1.0, 1.0, 1.0, 1.0, 1.0, 1.0, 0.0, 1.0, 1.0, 0.0, 1.0, 0.0, 1.0, 1.0, 0.0, 0.0, 1.0, 0.0, 0.0, 1.0, 1.0, 1.0, 1.0, 0.0, 1.0, 1.0, 0.0, 1.0, 1.0, 1.0]
/mnt/data/user_liangzhiyu/envs/fedcsl/lib/python3.8/site-packages/sklearn/utils/validation.py:63: RuntimeWarning:  Orthogonal matching pursuit ended prematurely due to linear
dependence in the dictionary. The requested precision might not have been met.

  return f(*args, **kwargs)
稀疏向量: [0.00899058 0.         0.         0.         0.08826487 0.
 0.         0.         0.         0.         0.         0.
 0.         0.90393972 0.         0.         0.         0.
 0.         0.         0.         0.         0.         0.
 0.         0.         0.         0.         0.         0.        ]
更新后概率: [0.00836367 0.00836367 0.00836367 0.00836367 0.06812582 0.00836367
 0.00836367 0.00836367 0.00836367 0.00836367 0.00836367 0.00836367
 0.00836367 0.69769136 0.00836367 0.00836367 0.00836367 0.00836367
 0.00836367 0.00836367 0.00836367 0.00836367 0.00836367 0.00836367
 0.00836367 0.00836367 0.00836367 0.00836367 0.00836367 0.00836367]
Classification: 0.999829960891005 0.9412962334577536 163
本轮采样概率阵: [0.00836367 0.00836367 0.00836367 0.00836367 0.06812582 0.00836367
 0.00836367 0.00836367 0.00836367 0.00836367 0.00836367 0.00836367
 0.00836367 0.69769136 0.00836367 0.00836367 0.00836367 0.00836367
 0.00836367 0.00836367 0.00836367 0.00836367 0.00836367 0.00836367
 0.00836367 0.00836367 0.00836367 0.00836367 0.00836367 0.00836367]
客户端选择掩码: [1.0, 0.0, 0.0, 1.0, 1.0, 1.0, 0.0, 1.0, 1.0, 1.0, 1.0, 1.0, 0.0, 1.0, 0.0, 1.0, 1.0, 0.0, 1.0, 0.0, 1.0, 1.0, 1.0, 0.0, 1.0, 1.0, 1.0, 0.0, 1.0, 1.0]
/mnt/data/user_liangzhiyu/envs/fedcsl/lib/python3.8/site-packages/sklearn/utils/validation.py:63: RuntimeWarning:  Orthogonal matching pursuit ended prematurely due to linear
dependence in the dictionary. The requested precision might not have been met.

  return f(*args, **kwargs)
稀疏向量: [ -4.72872007   0.           0.           0.           9.60157177
   6.75164945   0.           0.          10.08195852   0.
   0.           0.           0.           0.           0.
   0.           0.           0.           0.           0.
   0.         -20.57479601   0.           0.           0.
   0.           0.           0.           0.           0.        ]
更新后概率: [0.07194568 0.00851262 0.00851262 0.00851262 0.14608426 0.10272378
 0.00851262 0.00851262 0.15339317 0.00851262 0.00851262 0.00851262
 0.00851262 0.00851262 0.00851262 0.00851262 0.00851262 0.00851262
 0.00851262 0.00851262 0.00851262 0.3130377  0.00851262 0.00851262
 0.00851262 0.00851262 0.00851262 0.00851262 0.00851262 0.00851262]
Classification: 0.999829960891005 0.9412962334577536 164
本轮采样概率阵: [0.07194568 0.00851262 0.00851262 0.00851262 0.14608426 0.10272378
 0.00851262 0.00851262 0.15339317 0.00851262 0.00851262 0.00851262
 0.00851262 0.00851262 0.00851262 0.00851262 0.00851262 0.00851262
 0.00851262 0.00851262 0.00851262 0.3130377  0.00851262 0.00851262
 0.00851262 0.00851262 0.00851262 0.00851262 0.00851262 0.00851262]
客户端选择掩码: [1.0, 0.0, 1.0, 1.0, 1.0, 1.0, 0.0, 1.0, 1.0, 0.0, 0.0, 1.0, 1.0, 1.0, 1.0, 0.0, 0.0, 1.0, 1.0, 1.0, 0.0, 1.0, 1.0, 1.0, 0.0, 1.0, 1.0, 1.0, 0.0, 1.0]
/mnt/data/user_liangzhiyu/envs/fedcsl/lib/python3.8/site-packages/sklearn/utils/validation.py:63: RuntimeWarning:  Orthogonal matching pursuit ended prematurely due to linear
dependence in the dictionary. The requested precision might not have been met.

  return f(*args, **kwargs)
稀疏向量: [ -6.91841403   0.           0.           0.          -4.92754219
   0.           0.           0.           0.           0.
   0.          26.03523695   0.           0.           0.
   0.           0.           0.         -13.16348622   0.
   0.           0.           0.           0.           0.
   0.           0.           0.           0.           0.        ]
更新后概率: [0.10575794 0.00845032 0.00845032 0.00845032 0.07532459 0.00845032
 0.00845032 0.00845032 0.00845032 0.00845032 0.00845032 0.39798615
 0.00845032 0.00845032 0.00845032 0.00845032 0.00845032 0.00845032
 0.20122287 0.00845032 0.00845032 0.00845032 0.00845032 0.00845032
 0.00845032 0.00845032 0.00845032 0.00845032 0.00845032 0.00845032]
Classification: 0.999829960891005 0.9406175771971497 165
本轮采样概率阵: [0.10575794 0.00845032 0.00845032 0.00845032 0.07532459 0.00845032
 0.00845032 0.00845032 0.00845032 0.00845032 0.00845032 0.39798615
 0.00845032 0.00845032 0.00845032 0.00845032 0.00845032 0.00845032
 0.20122287 0.00845032 0.00845032 0.00845032 0.00845032 0.00845032
 0.00845032 0.00845032 0.00845032 0.00845032 0.00845032 0.00845032]
客户端选择掩码: [1.0, 1.0, 1.0, 0.0, 1.0, 1.0, 1.0, 1.0, 0.0, 1.0, 1.0, 1.0, 1.0, 0.0, 0.0, 0.0, 1.0, 1.0, 1.0, 0.0, 0.0, 0.0, 1.0, 1.0, 1.0, 1.0, 1.0, 1.0, 0.0, 1.0]
/mnt/data/user_liangzhiyu/envs/fedcsl/lib/python3.8/site-packages/sklearn/utils/validation.py:63: RuntimeWarning:  Orthogonal matching pursuit ended prematurely due to linear
dependence in the dictionary. The requested precision might not have been met.

  return f(*args, **kwargs)
稀疏向量: [-0.99460162  0.          0.          0.         -0.28830997  0.
  0.          0.          0.          0.          0.          8.99416083
  0.          4.20494051  0.          0.          0.          0.
  0.          0.          0.          0.         -4.9984791  -5.82925275
  0.          0.          0.          0.          0.          0.        ]
更新后概率: [0.03709082 0.00851827 0.00851827 0.00851827 0.01075169 0.00851827
 0.00851827 0.00851827 0.00851827 0.00851827 0.00851827 0.33541146
 0.00851827 0.00851827 0.00851827 0.00851827 0.00851827 0.00851827
 0.00851827 0.00851827 0.00851827 0.00851827 0.18640396 0.21738528
 0.00851827 0.00851827 0.00851827 0.00851827 0.00851827 0.00851827]
Classification: 1.0 0.9409569053274517 166
本轮采样概率阵: [0.03709082 0.00851827 0.00851827 0.00851827 0.01075169 0.00851827
 0.00851827 0.00851827 0.00851827 0.00851827 0.00851827 0.33541146
 0.00851827 0.00851827 0.00851827 0.00851827 0.00851827 0.00851827
 0.00851827 0.00851827 0.00851827 0.00851827 0.18640396 0.21738528
 0.00851827 0.00851827 0.00851827 0.00851827 0.00851827 0.00851827]
客户端选择掩码: [1.0, 1.0, 1.0, 1.0, 1.0, 1.0, 1.0, 0.0, 0.0, 0.0, 1.0, 1.0, 0.0, 1.0, 0.0, 1.0, 1.0, 1.0, 0.0, 0.0, 1.0, 1.0, 1.0, 1.0, 1.0, 1.0, 1.0, 0.0, 1.0, 0.0]
/mnt/data/user_liangzhiyu/envs/fedcsl/lib/python3.8/site-packages/sklearn/utils/validation.py:63: RuntimeWarning:  Orthogonal matching pursuit ended prematurely due to linear
dependence in the dictionary. The requested precision might not have been met.

  return f(*args, **kwargs)
稀疏向量: [-0.41774472  0.          0.          0.          0.          0.
  0.          0.          0.          0.          0.          2.43911875
  0.          0.          0.          0.          0.          0.
 -1.01899026  0.          0.          0.          0.          0.
  0.          0.          0.          0.          0.          0.        ]
更新后概率: [0.11220037 0.00831023 0.00831023 0.00831023 0.00831023 0.00831023
 0.00831023 0.00831023 0.00831023 0.00831023 0.00831023 0.65511307
 0.00831023 0.00831023 0.00831023 0.00831023 0.00831023 0.00831023
 0.00831023 0.00831023 0.00831023 0.00831023 0.00831023 0.00831023
 0.00831023 0.00831023 0.00831023 0.00831023 0.00831023 0.00831023]
Classification: 0.999829960891005 0.9409569053274517 167
本轮采样概率阵: [0.11220037 0.00831023 0.00831023 0.00831023 0.00831023 0.00831023
 0.00831023 0.00831023 0.00831023 0.00831023 0.00831023 0.65511307
 0.00831023 0.00831023 0.00831023 0.00831023 0.00831023 0.00831023
 0.00831023 0.00831023 0.00831023 0.00831023 0.00831023 0.00831023
 0.00831023 0.00831023 0.00831023 0.00831023 0.00831023 0.00831023]
客户端选择掩码: [1.0, 0.0, 1.0, 1.0, 0.0, 1.0, 1.0, 0.0, 1.0, 0.0, 1.0, 1.0, 1.0, 1.0, 1.0, 1.0, 0.0, 1.0, 0.0, 1.0, 1.0, 0.0, 1.0, 1.0, 1.0, 1.0, 0.0, 1.0, 1.0, 0.0]
/mnt/data/user_liangzhiyu/envs/fedcsl/lib/python3.8/site-packages/sklearn/utils/validation.py:63: RuntimeWarning:  Orthogonal matching pursuit ended prematurely due to linear
dependence in the dictionary. The requested precision might not have been met.

  return f(*args, **kwargs)
稀疏向量: [ -1.19532365   0.           0.           0.          -1.91625022
   0.           0.           0.           0.           0.
   0.          17.03238952   0.           0.           0.
   0.           0.           0.         -12.89257045   0.
   0.           0.           0.           0.           0.
   0.           0.           0.           0.           0.        ]
更新后概率: [0.05034203 0.00829732 0.00829732 0.00829732 0.00829732 0.00829732
 0.00829732 0.00829732 0.00829732 0.00829732 0.00829732 0.71733291
 0.00829732 0.00829732 0.00829732 0.00829732 0.00829732 0.00829732
 0.00829732 0.00829732 0.00829732 0.00829732 0.00829732 0.00829732
 0.00829732 0.00829732 0.00829732 0.00829732 0.00829732 0.00829732]
Classification: 1.0 0.9406175771971497 168
本轮采样概率阵: [0.05034203 0.00829732 0.00829732 0.00829732 0.00829732 0.00829732
 0.00829732 0.00829732 0.00829732 0.00829732 0.00829732 0.71733291
 0.00829732 0.00829732 0.00829732 0.00829732 0.00829732 0.00829732
 0.00829732 0.00829732 0.00829732 0.00829732 0.00829732 0.00829732
 0.00829732 0.00829732 0.00829732 0.00829732 0.00829732 0.00829732]
客户端选择掩码: [1.0, 1.0, 0.0, 0.0, 0.0, 1.0, 1.0, 0.0, 1.0, 0.0, 1.0, 1.0, 0.0, 1.0, 1.0, 1.0, 1.0, 1.0, 0.0, 1.0, 0.0, 1.0, 1.0, 0.0, 1.0, 1.0, 1.0, 1.0, 1.0, 1.0]
/mnt/data/user_liangzhiyu/envs/fedcsl/lib/python3.8/site-packages/sklearn/utils/validation.py:63: RuntimeWarning:  Orthogonal matching pursuit ended prematurely due to linear
dependence in the dictionary. The requested precision might not have been met.

  return f(*args, **kwargs)
稀疏向量: [-0.58343674  0.          0.          0.          0.          0.
  0.          0.          0.          0.          0.          2.76416977
  0.          0.          0.          0.          0.          0.
 -1.17800435  0.          0.          0.          0.          0.
  0.          0.          0.          0.          0.          0.        ]
更新后概率: [0.13379793 0.00829652 0.00829652 0.00829652 0.00829652 0.00829652
 0.00829652 0.00829652 0.00829652 0.00829652 0.00829652 0.63389939
 0.00829652 0.00829652 0.00829652 0.00829652 0.00829652 0.00829652
 0.00829652 0.00829652 0.00829652 0.00829652 0.00829652 0.00829652
 0.00829652 0.00829652 0.00829652 0.00829652 0.00829652 0.00829652]
Classification: 0.999829960891005 0.9409569053274517 169
本轮采样概率阵: [0.13379793 0.00829652 0.00829652 0.00829652 0.00829652 0.00829652
 0.00829652 0.00829652 0.00829652 0.00829652 0.00829652 0.63389939
 0.00829652 0.00829652 0.00829652 0.00829652 0.00829652 0.00829652
 0.00829652 0.00829652 0.00829652 0.00829652 0.00829652 0.00829652
 0.00829652 0.00829652 0.00829652 0.00829652 0.00829652 0.00829652]
客户端选择掩码: [1.0, 1.0, 1.0, 1.0, 0.0, 1.0, 1.0, 1.0, 1.0, 1.0, 1.0, 1.0, 1.0, 1.0, 0.0, 0.0, 1.0, 0.0, 1.0, 0.0, 0.0, 1.0, 1.0, 1.0, 0.0, 1.0, 1.0, 0.0, 1.0, 0.0]
/mnt/data/user_liangzhiyu/envs/fedcsl/lib/python3.8/site-packages/sklearn/utils/validation.py:63: RuntimeWarning:  Orthogonal matching pursuit ended prematurely due to linear
dependence in the dictionary. The requested precision might not have been met.

  return f(*args, **kwargs)
稀疏向量: [-2.7372241   0.          0.          0.         -0.32162279  0.
  0.          0.          0.          0.          0.          9.67687154
  0.          0.          0.          0.          0.          0.
  0.          0.          0.          0.         -5.57276254  0.
  0.          0.          0.          0.          0.          0.        ]
更新后概率: [0.11780508 0.00836588 0.00836588 0.00836588 0.00836588 0.00836588
 0.00836588 0.00836588 0.00836588 0.00836588 0.00836588 0.4164747
 0.00836588 0.00836588 0.00836588 0.00836588 0.00836588 0.00836588
 0.00836588 0.00836588 0.00836588 0.00836588 0.23984142 0.00836588
 0.00836588 0.00836588 0.00836588 0.00836588 0.00836588 0.00836588]
Classification: 0.999829960891005 0.9406175771971497 170
本轮采样概率阵: [0.11780508 0.00836588 0.00836588 0.00836588 0.00836588 0.00836588
 0.00836588 0.00836588 0.00836588 0.00836588 0.00836588 0.4164747
 0.00836588 0.00836588 0.00836588 0.00836588 0.00836588 0.00836588
 0.00836588 0.00836588 0.00836588 0.00836588 0.23984142 0.00836588
 0.00836588 0.00836588 0.00836588 0.00836588 0.00836588 0.00836588]
客户端选择掩码: [1.0, 0.0, 1.0, 1.0, 0.0, 0.0, 0.0, 1.0, 1.0, 1.0, 0.0, 1.0, 1.0, 1.0, 1.0, 1.0, 1.0, 1.0, 1.0, 1.0, 1.0, 0.0, 1.0, 1.0, 0.0, 0.0, 1.0, 0.0, 1.0, 1.0]
/mnt/data/user_liangzhiyu/envs/fedcsl/lib/python3.8/site-packages/sklearn/utils/validation.py:63: RuntimeWarning:  Orthogonal matching pursuit ended prematurely due to linear
dependence in the dictionary. The requested precision might not have been met.

  return f(*args, **kwargs)
稀疏向量: [ 0.05180486  0.          0.          0.         -0.24224848  1.18739099
  0.          0.          0.          0.          0.          0.
  0.          0.          0.          0.          0.          0.
  0.          0.          0.          0.          0.          0.
  0.          0.          0.          0.          0.          0.        ]
更新后概率: [0.76125861 0.00823246 0.00823246 0.00823246 0.00823246 0.00823246
 0.00823246 0.00823246 0.00823246 0.00823246 0.00823246 0.00823246
 0.00823246 0.00823246 0.00823246 0.00823246 0.00823246 0.00823246
 0.00823246 0.00823246 0.00823246 0.00823246 0.00823246 0.00823246
 0.00823246 0.00823246 0.00823246 0.00823246 0.00823246 0.00823246]
Classification: 1.0 0.9406175771971497 171
本轮采样概率阵: [0.76125861 0.00823246 0.00823246 0.00823246 0.00823246 0.00823246
 0.00823246 0.00823246 0.00823246 0.00823246 0.00823246 0.00823246
 0.00823246 0.00823246 0.00823246 0.00823246 0.00823246 0.00823246
 0.00823246 0.00823246 0.00823246 0.00823246 0.00823246 0.00823246
 0.00823246 0.00823246 0.00823246 0.00823246 0.00823246 0.00823246]
客户端选择掩码: [1.0, 0.0, 0.0, 0.0, 1.0, 1.0, 0.0, 1.0, 1.0, 1.0, 1.0, 1.0, 1.0, 0.0, 1.0, 1.0, 1.0, 1.0, 1.0, 0.0, 0.0, 1.0, 0.0, 1.0, 1.0, 1.0, 0.0, 1.0, 1.0, 1.0]
/mnt/data/user_liangzhiyu/envs/fedcsl/lib/python3.8/site-packages/sklearn/utils/validation.py:63: RuntimeWarning:  Orthogonal matching pursuit ended prematurely due to linear
dependence in the dictionary. The requested precision might not have been met.

  return f(*args, **kwargs)
稀疏向量: [ -4.42350632   0.           0.          19.04719512  -4.80041844
   0.           0.           0.           8.2095533    0.
   0.           0.           0.           0.           0.
   0.           0.           0.         -16.90479371   0.
   0.           0.           0.           0.           0.
   0.           0.           0.           0.           0.        ]
更新后概率: [0.10057847 0.00843236 0.00843236 0.00843236 0.10914843 0.00843236
 0.00843236 0.00843236 0.18666286 0.00843236 0.00843236 0.00843236
 0.00843236 0.00843236 0.00843236 0.00843236 0.00843236 0.00843236
 0.38436892 0.00843236 0.00843236 0.00843236 0.00843236 0.00843236
 0.00843236 0.00843236 0.00843236 0.00843236 0.00843236 0.00843236]
Classification: 0.999829960891005 0.9399389209365456 172
本轮采样概率阵: [0.10057847 0.00843236 0.00843236 0.00843236 0.10914843 0.00843236
 0.00843236 0.00843236 0.18666286 0.00843236 0.00843236 0.00843236
 0.00843236 0.00843236 0.00843236 0.00843236 0.00843236 0.00843236
 0.38436892 0.00843236 0.00843236 0.00843236 0.00843236 0.00843236
 0.00843236 0.00843236 0.00843236 0.00843236 0.00843236 0.00843236]
客户端选择掩码: [1.0, 0.0, 0.0, 1.0, 1.0, 1.0, 1.0, 1.0, 1.0, 1.0, 0.0, 0.0, 0.0, 1.0, 1.0, 0.0, 1.0, 1.0, 1.0, 1.0, 0.0, 1.0, 1.0, 0.0, 1.0, 1.0, 1.0, 0.0, 1.0, 1.0]
/mnt/data/user_liangzhiyu/envs/fedcsl/lib/python3.8/site-packages/sklearn/utils/validation.py:63: RuntimeWarning:  Orthogonal matching pursuit ended prematurely due to linear
dependence in the dictionary. The requested precision might not have been met.

  return f(*args, **kwargs)
稀疏向量: [  7.67224027   0.           0.           0.           0.
   0.           0.           0.           0.           0.
   0.          48.58326015   0.          14.02430058   0.
   0.           0.           0.         -21.87664988   0.
   0.         -13.67166335   0.         -33.37207063   0.
   0.           0.           0.           0.           0.        ]
更新后概率: [0.10459652 0.00844517 0.00844517 0.00844517 0.00844517 0.00844517
 0.00844517 0.00844517 0.00844517 0.00844517 0.00844517 0.00844517
 0.00844517 0.19119488 0.00844517 0.00844517 0.00844517 0.00844517
 0.29824684 0.00844517 0.00844517 0.18638733 0.00844517 0.00844517
 0.00844517 0.00844517 0.00844517 0.00844517 0.00844517 0.00844517]
Classification: 0.999829960891005 0.9406175771971497 173
本轮采样概率阵: [0.10459652 0.00844517 0.00844517 0.00844517 0.00844517 0.00844517
 0.00844517 0.00844517 0.00844517 0.00844517 0.00844517 0.00844517
 0.00844517 0.19119488 0.00844517 0.00844517 0.00844517 0.00844517
 0.29824684 0.00844517 0.00844517 0.18638733 0.00844517 0.00844517
 0.00844517 0.00844517 0.00844517 0.00844517 0.00844517 0.00844517]
客户端选择掩码: [1.0, 1.0, 0.0, 1.0, 1.0, 0.0, 0.0, 0.0, 1.0, 0.0, 1.0, 1.0, 1.0, 1.0, 0.0, 1.0, 0.0, 0.0, 1.0, 1.0, 1.0, 1.0, 1.0, 1.0, 1.0, 1.0, 1.0, 0.0, 1.0, 1.0]
/mnt/data/user_liangzhiyu/envs/fedcsl/lib/python3.8/site-packages/sklearn/utils/validation.py:63: RuntimeWarning:  Orthogonal matching pursuit ended prematurely due to linear
dependence in the dictionary. The requested precision might not have been met.

  return f(*args, **kwargs)
稀疏向量: [  5.3536952    0.           0.           0.           4.13838078
   0.           0.           0.           0.           0.
   0.           0.           3.48749579  13.77308838   0.
   0.           0.           0.           0.         -10.09029942
   0.           0.           0.           0.           0.
   0.           0.           0.           0.         -15.60717278]
更新后概率: [0.08102619 0.00859111 0.00859111 0.00859111 0.06263286 0.00859111
 0.00859111 0.00859111 0.00859111 0.00859111 0.00859111 0.00859111
 0.05278195 0.20845058 0.00859111 0.00859111 0.00859111 0.00859111
 0.00859111 0.15271293 0.00859111 0.00859111 0.00859111 0.00859111
 0.00859111 0.00859111 0.00859111 0.00859111 0.00859111 0.23620876]
Classification: 0.999829960891005 0.9406175771971497 174
本轮采样概率阵: [0.08102619 0.00859111 0.00859111 0.00859111 0.06263286 0.00859111
 0.00859111 0.00859111 0.00859111 0.00859111 0.00859111 0.00859111
 0.05278195 0.20845058 0.00859111 0.00859111 0.00859111 0.00859111
 0.00859111 0.15271293 0.00859111 0.00859111 0.00859111 0.00859111
 0.00859111 0.00859111 0.00859111 0.00859111 0.00859111 0.23620876]
客户端选择掩码: [1.0, 1.0, 1.0, 1.0, 1.0, 1.0, 0.0, 1.0, 1.0, 0.0, 1.0, 1.0, 1.0, 1.0, 1.0, 0.0, 0.0, 1.0, 0.0, 1.0, 1.0, 0.0, 0.0, 1.0, 1.0, 0.0, 1.0, 0.0, 1.0, 1.0]
/mnt/data/user_liangzhiyu/envs/fedcsl/lib/python3.8/site-packages/sklearn/utils/validation.py:63: RuntimeWarning:  Orthogonal matching pursuit ended prematurely due to linear
dependence in the dictionary. The requested precision might not have been met.

  return f(*args, **kwargs)
稀疏向量: [-0.59569285  0.          0.          0.         -1.60339611  0.
  0.          0.          0.          5.68130871  0.          0.
  0.          0.          0.          0.          0.          0.
 -2.4590881   0.          0.          0.          0.          0.
  0.          0.          0.          0.          0.          0.        ]
更新后概率: [0.20781677 0.00831476 0.00831476 0.00831476 0.55936982 0.00831476
 0.00831476 0.00831476 0.00831476 0.00831476 0.00831476 0.00831476
 0.00831476 0.00831476 0.00831476 0.00831476 0.00831476 0.00831476
 0.00831476 0.00831476 0.00831476 0.00831476 0.00831476 0.00831476
 0.00831476 0.00831476 0.00831476 0.00831476 0.00831476 0.00831476]
Classification: 1.0 0.9406175771971497 175
本轮采样概率阵: [0.20781677 0.00831476 0.00831476 0.00831476 0.55936982 0.00831476
 0.00831476 0.00831476 0.00831476 0.00831476 0.00831476 0.00831476
 0.00831476 0.00831476 0.00831476 0.00831476 0.00831476 0.00831476
 0.00831476 0.00831476 0.00831476 0.00831476 0.00831476 0.00831476
 0.00831476 0.00831476 0.00831476 0.00831476 0.00831476 0.00831476]
客户端选择掩码: [1.0, 0.0, 1.0, 1.0, 1.0, 1.0, 0.0, 0.0, 1.0, 0.0, 1.0, 0.0, 1.0, 0.0, 1.0, 1.0, 1.0, 1.0, 0.0, 0.0, 1.0, 1.0, 0.0, 1.0, 1.0, 1.0, 1.0, 1.0, 1.0, 1.0]
/mnt/data/user_liangzhiyu/envs/fedcsl/lib/python3.8/site-packages/sklearn/utils/validation.py:63: RuntimeWarning:  Orthogonal matching pursuit ended prematurely due to linear
dependence in the dictionary. The requested precision might not have been met.

  return f(*args, **kwargs)
稀疏向量: [0.0876151  0.         0.         0.         0.         0.
 0.         0.         0.         0.70037757 0.         0.
 0.21413443 0.         0.         0.         0.         0.
 0.         0.         0.         0.         0.         0.
 0.         0.         0.         0.         0.         0.        ]
更新后概率: [0.22289751 0.00829761 0.00829761 0.00829761 0.00829761 0.00829761
 0.00829761 0.00829761 0.00829761 0.00829761 0.00829761 0.00829761
 0.54476945 0.00829761 0.00829761 0.00829761 0.00829761 0.00829761
 0.00829761 0.00829761 0.00829761 0.00829761 0.00829761 0.00829761
 0.00829761 0.00829761 0.00829761 0.00829761 0.00829761 0.00829761]
Classification: 0.999829960891005 0.9409569053274517 176
本轮采样概率阵: [0.22289751 0.00829761 0.00829761 0.00829761 0.00829761 0.00829761
 0.00829761 0.00829761 0.00829761 0.00829761 0.00829761 0.00829761
 0.54476945 0.00829761 0.00829761 0.00829761 0.00829761 0.00829761
 0.00829761 0.00829761 0.00829761 0.00829761 0.00829761 0.00829761
 0.00829761 0.00829761 0.00829761 0.00829761 0.00829761 0.00829761]
客户端选择掩码: [1.0, 1.0, 1.0, 1.0, 0.0, 1.0, 0.0, 0.0, 1.0, 0.0, 1.0, 0.0, 1.0, 1.0, 1.0, 1.0, 1.0, 1.0, 1.0, 1.0, 0.0, 1.0, 1.0, 1.0, 0.0, 0.0, 1.0, 0.0, 1.0, 1.0]
/mnt/data/user_liangzhiyu/envs/fedcsl/lib/python3.8/site-packages/sklearn/utils/validation.py:63: RuntimeWarning:  Orthogonal matching pursuit ended prematurely due to linear
dependence in the dictionary. The requested precision might not have been met.

  return f(*args, **kwargs)
稀疏向量: [ 26.07985068   0.           0.           0.          15.83568941
   0.           0.           0.           0.           0.
   0.           0.          62.75802074  18.46271243   0.
   0.           0.         -68.88872712   0.           0.
   0.           0.           0.           0.           0.
 -53.6152028    0.           0.           0.           0.        ]
更新后概率: [0.11555322 0.00843653 0.00843653 0.00843653 0.00843653 0.00843653
 0.00843653 0.00843653 0.00843653 0.00843653 0.00843653 0.00843653
 0.2780649  0.0818036  0.00843653 0.00843653 0.00843653 0.30522851
 0.00843653 0.00843653 0.00843653 0.00843653 0.00843653 0.00843653
 0.00843653 0.00843653 0.00843653 0.00843653 0.00843653 0.00843653]
Classification: 0.999829960891005 0.9406175771971497 177
本轮采样概率阵: [0.11555322 0.00843653 0.00843653 0.00843653 0.00843653 0.00843653
 0.00843653 0.00843653 0.00843653 0.00843653 0.00843653 0.00843653
 0.2780649  0.0818036  0.00843653 0.00843653 0.00843653 0.30522851
 0.00843653 0.00843653 0.00843653 0.00843653 0.00843653 0.00843653
 0.00843653 0.00843653 0.00843653 0.00843653 0.00843653 0.00843653]
客户端选择掩码: [1.0, 1.0, 1.0, 0.0, 1.0, 1.0, 1.0, 0.0, 1.0, 1.0, 1.0, 0.0, 1.0, 1.0, 0.0, 1.0, 0.0, 1.0, 0.0, 1.0, 1.0, 0.0, 1.0, 1.0, 1.0, 1.0, 1.0, 0.0, 1.0, 0.0]
/mnt/data/user_liangzhiyu/envs/fedcsl/lib/python3.8/site-packages/sklearn/utils/validation.py:63: RuntimeWarning:  Orthogonal matching pursuit ended prematurely due to linear
dependence in the dictionary. The requested precision might not have been met.

  return f(*args, **kwargs)
稀疏向量: [-1.67572513  0.          0.          0.         -1.30995005  0.
  0.          0.          0.          0.          0.         10.10898849
  0.          2.07656019  0.          0.          0.          0.
  0.          0.          0.          0.          0.          0.
  0.          0.         -8.21740478  0.          0.          0.        ]
更新后概率: [0.09847911 0.00844544 0.00844544 0.00844544 0.07698322 0.00844544
 0.00844544 0.00844544 0.00844544 0.00844544 0.00844544 0.00844544
 0.00844544 0.1220354  0.00844544 0.00844544 0.00844544 0.00844544
 0.00844544 0.00844544 0.00844544 0.00844544 0.00844544 0.00844544
 0.00844544 0.00844544 0.48292089 0.00844544 0.00844544 0.00844544]
Classification: 1.0 0.9409569053274517 178
本轮采样概率阵: [0.09847911 0.00844544 0.00844544 0.00844544 0.07698322 0.00844544
 0.00844544 0.00844544 0.00844544 0.00844544 0.00844544 0.00844544
 0.00844544 0.1220354  0.00844544 0.00844544 0.00844544 0.00844544
 0.00844544 0.00844544 0.00844544 0.00844544 0.00844544 0.00844544
 0.00844544 0.00844544 0.48292089 0.00844544 0.00844544 0.00844544]
客户端选择掩码: [1.0, 1.0, 0.0, 1.0, 1.0, 1.0, 1.0, 0.0, 1.0, 0.0, 1.0, 1.0, 1.0, 1.0, 1.0, 1.0, 1.0, 0.0, 1.0, 0.0, 0.0, 1.0, 1.0, 1.0, 0.0, 0.0, 1.0, 1.0, 0.0, 1.0]
/mnt/data/user_liangzhiyu/envs/fedcsl/lib/python3.8/site-packages/sklearn/utils/validation.py:63: RuntimeWarning:  Orthogonal matching pursuit ended prematurely due to linear
dependence in the dictionary. The requested precision might not have been met.

  return f(*args, **kwargs)
稀疏向量: [  4.82721946   0.           0.           9.66896651   0.
   0.           0.           0.           0.           0.
   0.           0.           0.           0.           0.
   0.           0.           0.           0.           0.
   0.           0.           0.         -13.3748938    0.
   0.           0.           0.           0.           0.        ]
更新后概率: [0.13403245 0.00837527 0.00837527 0.26846826 0.00837527 0.00837527
 0.00837527 0.00837527 0.00837527 0.00837527 0.00837527 0.00837527
 0.00837527 0.00837527 0.00837527 0.00837527 0.00837527 0.00837527
 0.00837527 0.00837527 0.00837527 0.00837527 0.00837527 0.37136694
 0.00837527 0.00837527 0.00837527 0.00837527 0.00837527 0.00837527]
Classification: 0.999829960891005 0.9409569053274517 179
本轮采样概率阵: [0.13403245 0.00837527 0.00837527 0.26846826 0.00837527 0.00837527
 0.00837527 0.00837527 0.00837527 0.00837527 0.00837527 0.00837527
 0.00837527 0.00837527 0.00837527 0.00837527 0.00837527 0.00837527
 0.00837527 0.00837527 0.00837527 0.00837527 0.00837527 0.37136694
 0.00837527 0.00837527 0.00837527 0.00837527 0.00837527 0.00837527]
客户端选择掩码: [1.0, 0.0, 0.0, 1.0, 0.0, 1.0, 1.0, 0.0, 0.0, 1.0, 1.0, 1.0, 1.0, 1.0, 1.0, 1.0, 1.0, 0.0, 1.0, 0.0, 1.0, 1.0, 0.0, 1.0, 1.0, 1.0, 1.0, 1.0, 0.0, 1.0]
/mnt/data/user_liangzhiyu/envs/fedcsl/lib/python3.8/site-packages/sklearn/utils/validation.py:63: RuntimeWarning:  Orthogonal matching pursuit ended prematurely due to linear
dependence in the dictionary. The requested precision might not have been met.

  return f(*args, **kwargs)
稀疏向量: [-0.39743849  0.          0.          5.95978913 -0.50978874  0.
  0.          0.          0.          0.          0.          0.
  0.          0.          0.          0.          0.          0.
  0.          0.          0.          0.          0.          0.
  0.          0.         -4.04230724  0.          0.          0.        ]
更新后概率: [0.02957943 0.00837084 0.00837084 0.44355834 0.00837084 0.00837084
 0.00837084 0.00837084 0.00837084 0.00837084 0.00837084 0.00837084
 0.00837084 0.00837084 0.00837084 0.00837084 0.00837084 0.00837084
 0.00837084 0.00837084 0.00837084 0.00837084 0.00837084 0.00837084
 0.00837084 0.00837084 0.30084942 0.00837084 0.00837084 0.00837084]
Classification: 0.999829960891005 0.9406175771971497 180
本轮采样概率阵: [0.02957943 0.00837084 0.00837084 0.44355834 0.00837084 0.00837084
 0.00837084 0.00837084 0.00837084 0.00837084 0.00837084 0.00837084
 0.00837084 0.00837084 0.00837084 0.00837084 0.00837084 0.00837084
 0.00837084 0.00837084 0.00837084 0.00837084 0.00837084 0.00837084
 0.00837084 0.00837084 0.30084942 0.00837084 0.00837084 0.00837084]
客户端选择掩码: [1.0, 1.0, 1.0, 1.0, 0.0, 1.0, 1.0, 1.0, 1.0, 0.0, 0.0, 0.0, 1.0, 0.0, 1.0, 1.0, 0.0, 1.0, 1.0, 0.0, 1.0, 1.0, 0.0, 1.0, 1.0, 1.0, 1.0, 1.0, 1.0, 0.0]
/mnt/data/user_liangzhiyu/envs/fedcsl/lib/python3.8/site-packages/sklearn/utils/validation.py:63: RuntimeWarning:  Orthogonal matching pursuit ended prematurely due to linear
dependence in the dictionary. The requested precision might not have been met.

  return f(*args, **kwargs)
稀疏向量: [ 0.08770539  0.          0.          0.         -0.15126061  0.
  0.          0.          0.          1.06690025  0.          0.
  0.          0.          0.          0.          0.          0.
  0.          0.          0.          0.          0.          0.
  0.          0.          0.          0.          0.          0.        ]
更新后概率: [0.76125012 0.00823275 0.00823275 0.00823275 0.00823275 0.00823275
 0.00823275 0.00823275 0.00823275 0.00823275 0.00823275 0.00823275
 0.00823275 0.00823275 0.00823275 0.00823275 0.00823275 0.00823275
 0.00823275 0.00823275 0.00823275 0.00823275 0.00823275 0.00823275
 0.00823275 0.00823275 0.00823275 0.00823275 0.00823275 0.00823275]
Classification: 1.0 0.9409569053274517 181
本轮采样概率阵: [0.76125012 0.00823275 0.00823275 0.00823275 0.00823275 0.00823275
 0.00823275 0.00823275 0.00823275 0.00823275 0.00823275 0.00823275
 0.00823275 0.00823275 0.00823275 0.00823275 0.00823275 0.00823275
 0.00823275 0.00823275 0.00823275 0.00823275 0.00823275 0.00823275
 0.00823275 0.00823275 0.00823275 0.00823275 0.00823275 0.00823275]
客户端选择掩码: [1.0, 1.0, 1.0, 0.0, 1.0, 0.0, 1.0, 1.0, 1.0, 1.0, 1.0, 0.0, 0.0, 1.0, 1.0, 1.0, 1.0, 1.0, 1.0, 1.0, 0.0, 1.0, 0.0, 1.0, 0.0, 1.0, 0.0, 1.0, 0.0, 1.0]
/mnt/data/user_liangzhiyu/envs/fedcsl/lib/python3.8/site-packages/sklearn/utils/validation.py:63: RuntimeWarning:  Orthogonal matching pursuit ended prematurely due to linear
dependence in the dictionary. The requested precision might not have been met.

  return f(*args, **kwargs)
稀疏向量: [-0.67516308  0.          0.          0.          1.79104307  0.
  0.          0.          0.          5.38175225  0.          0.
  0.          0.          0.          0.          0.          0.
  0.          0.          0.         -5.45419301  0.          0.
  0.          0.          0.          0.          0.          0.        ]
更新后概率: [0.03962811 0.00843238 0.00843238 0.00843238 0.10512371 0.00843238
 0.00843238 0.00843238 0.00843238 0.31587726 0.00843238 0.00843238
 0.00843238 0.00843238 0.00843238 0.00843238 0.00843238 0.00843238
 0.00843238 0.00843238 0.00843238 0.32012911 0.00843238 0.00843238
 0.00843238 0.00843238 0.00843238 0.00843238 0.00843238 0.00843238]
Classification: 1.0 0.9409569053274517 182
本轮采样概率阵: [0.03962811 0.00843238 0.00843238 0.00843238 0.10512371 0.00843238
 0.00843238 0.00843238 0.00843238 0.31587726 0.00843238 0.00843238
 0.00843238 0.00843238 0.00843238 0.00843238 0.00843238 0.00843238
 0.00843238 0.00843238 0.00843238 0.32012911 0.00843238 0.00843238
 0.00843238 0.00843238 0.00843238 0.00843238 0.00843238 0.00843238]
客户端选择掩码: [1.0, 1.0, 1.0, 1.0, 1.0, 1.0, 0.0, 1.0, 0.0, 1.0, 1.0, 0.0, 0.0, 1.0, 1.0, 1.0, 0.0, 1.0, 0.0, 1.0, 1.0, 1.0, 0.0, 1.0, 1.0, 0.0, 1.0, 0.0, 1.0, 1.0]
/mnt/data/user_liangzhiyu/envs/fedcsl/lib/python3.8/site-packages/sklearn/utils/validation.py:63: RuntimeWarning:  Orthogonal matching pursuit ended prematurely due to linear
dependence in the dictionary. The requested precision might not have been met.

  return f(*args, **kwargs)
稀疏向量: [ 0.          0.          0.          0.         -0.19580745  0.
  0.          0.          0.          1.30212219  0.          0.
  0.          0.          0.          0.          0.          0.
  0.          0.          0.          0.         -0.10150775  0.
  0.          0.          0.          0.          0.          0.        ]
更新后概率: [0.0083049  0.0083049  0.0083049  0.0083049  0.10032176 0.0083049
 0.0083049  0.0083049  0.0083049  0.66714105 0.0083049  0.0083049
 0.0083049  0.0083049  0.0083049  0.0083049  0.0083049  0.0083049
 0.0083049  0.0083049  0.0083049  0.0083049  0.0083049  0.0083049
 0.0083049  0.0083049  0.0083049  0.0083049  0.0083049  0.0083049 ]
Classification: 0.999829960891005 0.9409569053274517 183
本轮采样概率阵: [0.0083049  0.0083049  0.0083049  0.0083049  0.10032176 0.0083049
 0.0083049  0.0083049  0.0083049  0.66714105 0.0083049  0.0083049
 0.0083049  0.0083049  0.0083049  0.0083049  0.0083049  0.0083049
 0.0083049  0.0083049  0.0083049  0.0083049  0.0083049  0.0083049
 0.0083049  0.0083049  0.0083049  0.0083049  0.0083049  0.0083049 ]
客户端选择掩码: [0.0, 0.0, 1.0, 1.0, 1.0, 1.0, 0.0, 0.0, 1.0, 1.0, 0.0, 1.0, 1.0, 1.0, 1.0, 1.0, 0.0, 1.0, 1.0, 1.0, 1.0, 1.0, 0.0, 0.0, 0.0, 1.0, 1.0, 1.0, 1.0, 1.0]
/mnt/data/user_liangzhiyu/envs/fedcsl/lib/python3.8/site-packages/sklearn/utils/validation.py:63: RuntimeWarning:  Orthogonal matching pursuit ended prematurely due to linear
dependence in the dictionary. The requested precision might not have been met.

  return f(*args, **kwargs)
稀疏向量: [-0.09425124  0.          0.          0.          0.11903597  0.
  0.          0.          0.          0.          0.          0.97533819
  0.          0.          0.          0.          0.          0.
  0.          0.          0.          0.          0.          0.
  0.          0.          0.          0.          0.          0.        ]
更新后概率: [0.00829699 0.00829699 0.00829699 0.00829699 0.08350163 0.00829699
 0.00829699 0.00829699 0.00829699 0.00829699 0.00829699 0.68418253
 0.00829699 0.00829699 0.00829699 0.00829699 0.00829699 0.00829699
 0.00829699 0.00829699 0.00829699 0.00829699 0.00829699 0.00829699
 0.00829699 0.00829699 0.00829699 0.00829699 0.00829699 0.00829699]
Classification: 0.999829960891005 0.9412962334577536 184
本轮采样概率阵: [0.00829699 0.00829699 0.00829699 0.00829699 0.08350163 0.00829699
 0.00829699 0.00829699 0.00829699 0.00829699 0.00829699 0.68418253
 0.00829699 0.00829699 0.00829699 0.00829699 0.00829699 0.00829699
 0.00829699 0.00829699 0.00829699 0.00829699 0.00829699 0.00829699
 0.00829699 0.00829699 0.00829699 0.00829699 0.00829699 0.00829699]
客户端选择掩码: [1.0, 0.0, 1.0, 1.0, 1.0, 1.0, 1.0, 1.0, 1.0, 1.0, 0.0, 1.0, 0.0, 1.0, 1.0, 0.0, 1.0, 1.0, 0.0, 1.0, 1.0, 0.0, 0.0, 1.0, 1.0, 1.0, 1.0, 1.0, 0.0, 0.0]
/mnt/data/user_liangzhiyu/envs/fedcsl/lib/python3.8/site-packages/sklearn/utils/validation.py:63: RuntimeWarning:  Orthogonal matching pursuit ended prematurely due to linear
dependence in the dictionary. The requested precision might not have been met.

  return f(*args, **kwargs)
稀疏向量: [-0.45425291  0.          0.          0.          0.          0.
  0.          0.          0.          3.57738941  0.          0.
  0.          0.          0.          0.          0.          0.
  0.          0.          0.         -2.10252196  0.          0.
  0.          0.          0.          0.          0.          0.        ]
更新后概率: [0.086498   0.0082965  0.0082965  0.0082965  0.0082965  0.0082965
 0.0082965  0.0082965  0.0082965  0.68119989 0.0082965  0.0082965
 0.0082965  0.0082965  0.0082965  0.0082965  0.0082965  0.0082965
 0.0082965  0.0082965  0.0082965  0.0082965  0.0082965  0.0082965
 0.0082965  0.0082965  0.0082965  0.0082965  0.0082965  0.0082965 ]
Classification: 0.999829960891005 0.9412962334577536 185
本轮采样概率阵: [0.086498   0.0082965  0.0082965  0.0082965  0.0082965  0.0082965
 0.0082965  0.0082965  0.0082965  0.68119989 0.0082965  0.0082965
 0.0082965  0.0082965  0.0082965  0.0082965  0.0082965  0.0082965
 0.0082965  0.0082965  0.0082965  0.0082965  0.0082965  0.0082965
 0.0082965  0.0082965  0.0082965  0.0082965  0.0082965  0.0082965 ]
客户端选择掩码: [1.0, 1.0, 0.0, 1.0, 1.0, 1.0, 0.0, 1.0, 1.0, 1.0, 0.0, 0.0, 0.0, 1.0, 1.0, 1.0, 1.0, 0.0, 1.0, 1.0, 1.0, 1.0, 0.0, 0.0, 1.0, 1.0, 1.0, 1.0, 1.0, 0.0]
/mnt/data/user_liangzhiyu/envs/fedcsl/lib/python3.8/site-packages/sklearn/utils/validation.py:63: RuntimeWarning:  Orthogonal matching pursuit ended prematurely due to linear
dependence in the dictionary. The requested precision might not have been met.

  return f(*args, **kwargs)
稀疏向量: [  8.35286953   0.           0.           0.           0.
   0.           0.           0.           0.           0.
   0.          19.30487919   0.           0.           0.
   0.           0.           0.           0.           0.
   0.           0.          -3.65257682 -22.83128094   0.
   0.           0.           0.           0.           0.        ]
更新后概率: [0.76138197 0.00822821 0.00822821 0.00822821 0.00822821 0.00822821
 0.00822821 0.00822821 0.00822821 0.00822821 0.00822821 0.00822821
 0.00822821 0.00822821 0.00822821 0.00822821 0.00822821 0.00822821
 0.00822821 0.00822821 0.00822821 0.00822821 0.00822821 0.00822821
 0.00822821 0.00822821 0.00822821 0.00822821 0.00822821 0.00822821]
Classification: 0.999829960891005 0.9402782490668476 186
本轮采样概率阵: [0.76138197 0.00822821 0.00822821 0.00822821 0.00822821 0.00822821
 0.00822821 0.00822821 0.00822821 0.00822821 0.00822821 0.00822821
 0.00822821 0.00822821 0.00822821 0.00822821 0.00822821 0.00822821
 0.00822821 0.00822821 0.00822821 0.00822821 0.00822821 0.00822821
 0.00822821 0.00822821 0.00822821 0.00822821 0.00822821 0.00822821]
客户端选择掩码: [1.0, 1.0, 0.0, 1.0, 0.0, 1.0, 0.0, 0.0, 0.0, 1.0, 1.0, 0.0, 1.0, 1.0, 1.0, 0.0, 1.0, 1.0, 1.0, 1.0, 1.0, 1.0, 1.0, 1.0, 1.0, 0.0, 0.0, 1.0, 1.0, 1.0]
/mnt/data/user_liangzhiyu/envs/fedcsl/lib/python3.8/site-packages/sklearn/utils/validation.py:63: RuntimeWarning:  Orthogonal matching pursuit ended prematurely due to linear
dependence in the dictionary. The requested precision might not have been met.

  return f(*args, **kwargs)
稀疏向量: [ 0.02548262  0.          0.          0.         -0.12852081  1.10055524
  0.          0.          0.          0.          0.          0.
  0.          0.          0.          0.          0.          0.
  0.          0.          0.          0.          0.          0.
  0.          0.          0.          0.          0.          0.        ]
更新后概率: [0.01737597 0.00829225 0.00829225 0.00829225 0.00829225 0.75044116
 0.00829225 0.00829225 0.00829225 0.00829225 0.00829225 0.00829225
 0.00829225 0.00829225 0.00829225 0.00829225 0.00829225 0.00829225
 0.00829225 0.00829225 0.00829225 0.00829225 0.00829225 0.00829225
 0.00829225 0.00829225 0.00829225 0.00829225 0.00829225 0.00829225]
Classification: 0.999829960891005 0.9402782490668476 187
本轮采样概率阵: [0.01737597 0.00829225 0.00829225 0.00829225 0.00829225 0.75044116
 0.00829225 0.00829225 0.00829225 0.00829225 0.00829225 0.00829225
 0.00829225 0.00829225 0.00829225 0.00829225 0.00829225 0.00829225
 0.00829225 0.00829225 0.00829225 0.00829225 0.00829225 0.00829225
 0.00829225 0.00829225 0.00829225 0.00829225 0.00829225 0.00829225]
客户端选择掩码: [1.0, 1.0, 1.0, 0.0, 0.0, 1.0, 1.0, 1.0, 1.0, 0.0, 1.0, 1.0, 1.0, 1.0, 1.0, 1.0, 0.0, 1.0, 1.0, 1.0, 1.0, 1.0, 0.0, 1.0, 0.0, 0.0, 0.0, 1.0, 0.0, 1.0]
/mnt/data/user_liangzhiyu/envs/fedcsl/lib/python3.8/site-packages/sklearn/utils/validation.py:63: RuntimeWarning:  Orthogonal matching pursuit ended prematurely due to linear
dependence in the dictionary. The requested precision might not have been met.

  return f(*args, **kwargs)
稀疏向量: [0.         0.         0.         0.         0.11586502 0.
 0.         0.         0.83189364 0.         0.05499715 0.
 0.         0.         0.         0.         0.         0.
 0.         0.         0.         0.         0.         0.
 0.         0.         0.         0.         0.         0.        ]
更新后概率: [0.00829621 0.00829621 0.00829621 0.00829621 0.00829621 0.00829621
 0.00829621 0.00829621 0.72009974 0.00829621 0.04760637 0.00829621
 0.00829621 0.00829621 0.00829621 0.00829621 0.00829621 0.00829621
 0.00829621 0.00829621 0.00829621 0.00829621 0.00829621 0.00829621
 0.00829621 0.00829621 0.00829621 0.00829621 0.00829621 0.00829621]
Classification: 1.0 0.9412962334577536 188
本轮采样概率阵: [0.00829621 0.00829621 0.00829621 0.00829621 0.00829621 0.00829621
 0.00829621 0.00829621 0.72009974 0.00829621 0.04760637 0.00829621
 0.00829621 0.00829621 0.00829621 0.00829621 0.00829621 0.00829621
 0.00829621 0.00829621 0.00829621 0.00829621 0.00829621 0.00829621
 0.00829621 0.00829621 0.00829621 0.00829621 0.00829621 0.00829621]
客户端选择掩码: [0.0, 0.0, 1.0, 1.0, 1.0, 0.0, 1.0, 1.0, 1.0, 1.0, 1.0, 1.0, 0.0, 1.0, 1.0, 0.0, 1.0, 1.0, 1.0, 1.0, 0.0, 1.0, 1.0, 0.0, 1.0, 0.0, 0.0, 1.0, 1.0, 1.0]
/mnt/data/user_liangzhiyu/envs/fedcsl/lib/python3.8/site-packages/sklearn/utils/validation.py:63: RuntimeWarning:  Orthogonal matching pursuit ended prematurely due to linear
dependence in the dictionary. The requested precision might not have been met.

  return f(*args, **kwargs)
稀疏向量: [ 0.04550949  0.          0.          0.         -0.20824699  1.16007192
  0.          0.          0.          0.          0.          0.
  0.          0.          0.          0.          0.          0.
  0.          0.          0.          0.          0.          0.
  0.          0.          0.          0.          0.          0.        ]
更新后概率: [0.0082282  0.0082282  0.0082282  0.0082282  0.76138231 0.0082282
 0.0082282  0.0082282  0.0082282  0.0082282  0.0082282  0.0082282
 0.0082282  0.0082282  0.0082282  0.0082282  0.0082282  0.0082282
 0.0082282  0.0082282  0.0082282  0.0082282  0.0082282  0.0082282
 0.0082282  0.0082282  0.0082282  0.0082282  0.0082282  0.0082282 ]
Classification: 1.0 0.9402782490668476 189
本轮采样概率阵: [0.0082282  0.0082282  0.0082282  0.0082282  0.76138231 0.0082282
 0.0082282  0.0082282  0.0082282  0.0082282  0.0082282  0.0082282
 0.0082282  0.0082282  0.0082282  0.0082282  0.0082282  0.0082282
 0.0082282  0.0082282  0.0082282  0.0082282  0.0082282  0.0082282
 0.0082282  0.0082282  0.0082282  0.0082282  0.0082282  0.0082282 ]
客户端选择掩码: [1.0, 1.0, 1.0, 1.0, 1.0, 1.0, 0.0, 1.0, 1.0, 1.0, 1.0, 1.0, 0.0, 1.0, 1.0, 0.0, 1.0, 0.0, 0.0, 1.0, 0.0, 0.0, 1.0, 1.0, 1.0, 1.0, 1.0, 1.0, 0.0, 0.0]
/mnt/data/user_liangzhiyu/envs/fedcsl/lib/python3.8/site-packages/sklearn/utils/validation.py:63: RuntimeWarning:  Orthogonal matching pursuit ended prematurely due to linear
dependence in the dictionary. The requested precision might not have been met.

  return f(*args, **kwargs)
稀疏向量: [-2.32146079  0.          0.          0.         -1.89895975  0.
  0.          0.          0.          0.          0.         12.47075971
  0.          0.          0.          0.          0.          0.
 -7.23716753  0.          0.          0.          0.          0.
  0.          0.          0.          0.          0.          0.        ]
更新后概率: [0.10768332 0.00836158 0.00836158 0.00836158 0.08808518 0.00836158
 0.00836158 0.00836158 0.00836158 0.00836158 0.00836158 0.57846885
 0.00836158 0.00836158 0.00836158 0.00836158 0.00836158 0.00836158
 0.00836158 0.00836158 0.00836158 0.00836158 0.00836158 0.00836158
 0.00836158 0.00836158 0.00836158 0.00836158 0.00836158 0.00836158]
Classification: 1.0 0.9399389209365456 190
本轮采样概率阵: [0.10768332 0.00836158 0.00836158 0.00836158 0.08808518 0.00836158
 0.00836158 0.00836158 0.00836158 0.00836158 0.00836158 0.57846885
 0.00836158 0.00836158 0.00836158 0.00836158 0.00836158 0.00836158
 0.00836158 0.00836158 0.00836158 0.00836158 0.00836158 0.00836158
 0.00836158 0.00836158 0.00836158 0.00836158 0.00836158 0.00836158]
客户端选择掩码: [1.0, 0.0, 1.0, 1.0, 1.0, 1.0, 0.0, 1.0, 1.0, 1.0, 1.0, 1.0, 0.0, 0.0, 1.0, 0.0, 0.0, 0.0, 0.0, 1.0, 1.0, 0.0, 1.0, 1.0, 1.0, 1.0, 1.0, 1.0, 1.0, 1.0]
/mnt/data/user_liangzhiyu/envs/fedcsl/lib/python3.8/site-packages/sklearn/utils/validation.py:63: RuntimeWarning:  Orthogonal matching pursuit ended prematurely due to linear
dependence in the dictionary. The requested precision might not have been met.

  return f(*args, **kwargs)
稀疏向量: [-0.0631003   0.          0.          0.          0.11860694  0.
  0.          0.          0.          0.          0.          0.94461149
  0.          0.          0.          0.          0.          0.
  0.          0.          0.          0.          0.          0.
  0.          0.          0.          0.          0.          0.        ]
更新后概率: [0.04336276 0.00836998 0.00836998 0.00836998 0.08150713 0.00836998
 0.00836998 0.00836998 0.00836998 0.00836998 0.00836998 0.64914058
 0.00836998 0.00836998 0.00836998 0.00836998 0.00836998 0.00836998
 0.00836998 0.00836998 0.00836998 0.00836998 0.00836998 0.00836998
 0.00836998 0.00836998 0.00836998 0.00836998 0.00836998 0.00836998]
Classification: 1.0 0.9395995928062436 191
本轮采样概率阵: [0.04336276 0.00836998 0.00836998 0.00836998 0.08150713 0.00836998
 0.00836998 0.00836998 0.00836998 0.00836998 0.00836998 0.64914058
 0.00836998 0.00836998 0.00836998 0.00836998 0.00836998 0.00836998
 0.00836998 0.00836998 0.00836998 0.00836998 0.00836998 0.00836998
 0.00836998 0.00836998 0.00836998 0.00836998 0.00836998 0.00836998]
客户端选择掩码: [1.0, 0.0, 0.0, 1.0, 1.0, 1.0, 1.0, 1.0, 1.0, 1.0, 1.0, 1.0, 0.0, 0.0, 1.0, 0.0, 1.0, 1.0, 1.0, 1.0, 0.0, 1.0, 0.0, 1.0, 0.0, 1.0, 1.0, 1.0, 1.0, 0.0]
/mnt/data/user_liangzhiyu/envs/fedcsl/lib/python3.8/site-packages/sklearn/utils/validation.py:63: RuntimeWarning:  Orthogonal matching pursuit ended prematurely due to linear
dependence in the dictionary. The requested precision might not have been met.

  return f(*args, **kwargs)
稀疏向量: [  7.82462267   0.           0.           0.          -2.03086606
   0.           0.           0.           0.           0.
   0.           0.           5.13968908  14.74734041   0.
   0.           0.         -24.72417921   0.           0.
   0.           0.           0.           0.           0.
   0.           0.           0.           0.           0.        ]
更新后概率: [0.17513841 0.00837051 0.00837051 0.00837051 0.04545684 0.00837051
 0.00837051 0.00837051 0.00837051 0.00837051 0.00837051 0.00837051
 0.00837051 0.00837051 0.00837051 0.00837051 0.00837051 0.55340094
 0.00837051 0.00837051 0.00837051 0.00837051 0.00837051 0.00837051
 0.00837051 0.00837051 0.00837051 0.00837051 0.00837051 0.00837051]
Classification: 1.0 0.9399389209365456 192
本轮采样概率阵: [0.17513841 0.00837051 0.00837051 0.00837051 0.04545684 0.00837051
 0.00837051 0.00837051 0.00837051 0.00837051 0.00837051 0.00837051
 0.00837051 0.00837051 0.00837051 0.00837051 0.00837051 0.55340094
 0.00837051 0.00837051 0.00837051 0.00837051 0.00837051 0.00837051
 0.00837051 0.00837051 0.00837051 0.00837051 0.00837051 0.00837051]
客户端选择掩码: [1.0, 1.0, 1.0, 1.0, 1.0, 1.0, 0.0, 0.0, 1.0, 0.0, 0.0, 1.0, 1.0, 1.0, 1.0, 1.0, 1.0, 1.0, 1.0, 0.0, 1.0, 1.0, 0.0, 1.0, 0.0, 1.0, 1.0, 0.0, 0.0, 1.0]
/mnt/data/user_liangzhiyu/envs/fedcsl/lib/python3.8/site-packages/sklearn/utils/validation.py:63: RuntimeWarning:  Orthogonal matching pursuit ended prematurely due to linear
dependence in the dictionary. The requested precision might not have been met.

  return f(*args, **kwargs)
稀疏向量: [0.16419414 0.         0.         0.         0.         0.
 0.         0.         0.         0.58734014 0.         0.
 0.25001953 0.         0.         0.         0.         0.
 0.         0.         0.         0.         0.         0.
 0.         0.         0.         0.         0.         0.        ]
更新后概率: [0.30426454 0.00830106 0.00830106 0.00830106 0.00830106 0.00830106
 0.00830106 0.00830106 0.00830106 0.00830106 0.00830106 0.00830106
 0.46330569 0.00830106 0.00830106 0.00830106 0.00830106 0.00830106
 0.00830106 0.00830106 0.00830106 0.00830106 0.00830106 0.00830106
 0.00830106 0.00830106 0.00830106 0.00830106 0.00830106 0.00830106]
Classification: 0.999829960891005 0.9406175771971497 193
本轮采样概率阵: [0.30426454 0.00830106 0.00830106 0.00830106 0.00830106 0.00830106
 0.00830106 0.00830106 0.00830106 0.00830106 0.00830106 0.00830106
 0.46330569 0.00830106 0.00830106 0.00830106 0.00830106 0.00830106
 0.00830106 0.00830106 0.00830106 0.00830106 0.00830106 0.00830106
 0.00830106 0.00830106 0.00830106 0.00830106 0.00830106 0.00830106]
客户端选择掩码: [1.0, 1.0, 0.0, 1.0, 1.0, 1.0, 1.0, 0.0, 0.0, 1.0, 1.0, 1.0, 1.0, 1.0, 1.0, 1.0, 0.0, 1.0, 0.0, 0.0, 1.0, 1.0, 1.0, 1.0, 1.0, 0.0, 0.0, 1.0, 1.0, 0.0]
/mnt/data/user_liangzhiyu/envs/fedcsl/lib/python3.8/site-packages/sklearn/utils/validation.py:63: RuntimeWarning:  Orthogonal matching pursuit ended prematurely due to linear
dependence in the dictionary. The requested precision might not have been met.

  return f(*args, **kwargs)
稀疏向量: [-2.59778174  0.          0.          0.         -1.59246904  0.
  0.          0.          0.          0.          0.         10.37116835
  0.          0.          0.          0.          0.          0.
 -5.17194024  0.          0.          0.          0.          0.
  0.          0.          0.          0.          0.          0.        ]
更新后概率: [0.13810315 0.00836617 0.00836617 0.00836617 0.08465876 0.00836617
 0.00836617 0.00836617 0.00836617 0.00836617 0.00836617 0.55135156
 0.00836617 0.00836617 0.00836617 0.00836617 0.00836617 0.00836617
 0.00836617 0.00836617 0.00836617 0.00836617 0.00836617 0.00836617
 0.00836617 0.00836617 0.00836617 0.00836617 0.00836617 0.00836617]
Classification: 0.999829960891005 0.9409569053274517 194
本轮采样概率阵: [0.13810315 0.00836617 0.00836617 0.00836617 0.08465876 0.00836617
 0.00836617 0.00836617 0.00836617 0.00836617 0.00836617 0.55135156
 0.00836617 0.00836617 0.00836617 0.00836617 0.00836617 0.00836617
 0.00836617 0.00836617 0.00836617 0.00836617 0.00836617 0.00836617
 0.00836617 0.00836617 0.00836617 0.00836617 0.00836617 0.00836617]
客户端选择掩码: [1.0, 1.0, 1.0, 1.0, 1.0, 1.0, 1.0, 0.0, 1.0, 0.0, 1.0, 1.0, 1.0, 0.0, 1.0, 1.0, 0.0, 1.0, 1.0, 0.0, 0.0, 1.0, 1.0, 0.0, 1.0, 0.0, 1.0, 1.0, 1.0, 0.0]
/mnt/data/user_liangzhiyu/envs/fedcsl/lib/python3.8/site-packages/sklearn/utils/validation.py:63: RuntimeWarning:  Orthogonal matching pursuit ended prematurely due to linear
dependence in the dictionary. The requested precision might not have been met.

  return f(*args, **kwargs)
稀疏向量: [ 2.17251742  0.          0.          0.          0.22390082  0.
  0.          0.          0.          0.          0.          2.79537004
  0.          0.          0.          0.          0.          0.
  0.          0.          0.          0.          0.         -4.16605349
  0.          0.          0.          0.          0.          0.        ]
更新后概率: [0.32388345 0.00837027 0.00837027 0.00837027 0.0333796  0.00837027
 0.00837027 0.00837027 0.00837027 0.00837027 0.00837027 0.41673963
 0.00837027 0.00837027 0.00837027 0.00837027 0.00837027 0.00837027
 0.00837027 0.00837027 0.00837027 0.00837027 0.00837027 0.00837027
 0.00837027 0.00837027 0.00837027 0.00837027 0.00837027 0.00837027]
Classification: 1.0 0.9412962334577536 195
本轮采样概率阵: [0.32388345 0.00837027 0.00837027 0.00837027 0.0333796  0.00837027
 0.00837027 0.00837027 0.00837027 0.00837027 0.00837027 0.41673963
 0.00837027 0.00837027 0.00837027 0.00837027 0.00837027 0.00837027
 0.00837027 0.00837027 0.00837027 0.00837027 0.00837027 0.00837027
 0.00837027 0.00837027 0.00837027 0.00837027 0.00837027 0.00837027]
客户端选择掩码: [1.0, 1.0, 1.0, 0.0, 1.0, 1.0, 0.0, 1.0, 1.0, 1.0, 1.0, 1.0, 1.0, 0.0, 1.0, 0.0, 1.0, 0.0, 1.0, 0.0, 0.0, 1.0, 1.0, 1.0, 0.0, 1.0, 1.0, 1.0, 0.0, 1.0]
/mnt/data/user_liangzhiyu/envs/fedcsl/lib/python3.8/site-packages/sklearn/utils/validation.py:63: RuntimeWarning:  Orthogonal matching pursuit ended prematurely due to linear
dependence in the dictionary. The requested precision might not have been met.

  return f(*args, **kwargs)
稀疏向量: [  3.86320161   0.           0.           0.          -0.70235229
   0.           0.           0.           0.           0.
   0.          18.04893193  -4.48988185   0.           0.
   0.           0.           0.           0.           0.
   0.           0.           0.         -15.62089873   0.
   0.           0.           0.           0.           0.        ]
更新后概率: [0.07117594 0.00851305 0.00851305 0.00851305 0.0129402  0.00851305
 0.00851305 0.00851305 0.00851305 0.00851305 0.00851305 0.33253501
 0.08272195 0.00851305 0.00851305 0.00851305 0.00851305 0.00851305
 0.00851305 0.00851305 0.00851305 0.00851305 0.00851305 0.28780073
 0.00851305 0.00851305 0.00851305 0.00851305 0.00851305 0.00851305]
Classification: 1.0 0.9402782490668476 196
本轮采样概率阵: [0.07117594 0.00851305 0.00851305 0.00851305 0.0129402  0.00851305
 0.00851305 0.00851305 0.00851305 0.00851305 0.00851305 0.33253501
 0.08272195 0.00851305 0.00851305 0.00851305 0.00851305 0.00851305
 0.00851305 0.00851305 0.00851305 0.00851305 0.00851305 0.28780073
 0.00851305 0.00851305 0.00851305 0.00851305 0.00851305 0.00851305]
客户端选择掩码: [1.0, 0.0, 1.0, 0.0, 1.0, 0.0, 1.0, 1.0, 0.0, 1.0, 0.0, 1.0, 1.0, 1.0, 1.0, 1.0, 0.0, 1.0, 1.0, 0.0, 1.0, 0.0, 1.0, 1.0, 1.0, 1.0, 1.0, 1.0, 0.0, 1.0]
/mnt/data/user_liangzhiyu/envs/fedcsl/lib/python3.8/site-packages/sklearn/utils/validation.py:63: RuntimeWarning:  Orthogonal matching pursuit ended prematurely due to linear
dependence in the dictionary. The requested precision might not have been met.

  return f(*args, **kwargs)
稀疏向量: [  0.98747855   0.           0.           0.          -2.53551901
   0.           0.           0.           0.           0.
   0.          22.09440026   0.           0.           0.
   0.           0.           0.          -8.83509123   0.
   0.           0.           0.         -10.63154393   0.
   0.           0.           0.           0.           0.        ]
更新后概率: [0.01723642 0.00852237 0.00852237 0.00852237 0.04425743 0.00852237
 0.00852237 0.00852237 0.00852237 0.00852237 0.00852237 0.38565725
 0.00852237 0.00852237 0.00852237 0.00852237 0.00852237 0.00852237
 0.15421631 0.00852237 0.00852237 0.00852237 0.00852237 0.18557336
 0.00852237 0.00852237 0.00852237 0.00852237 0.00852237 0.00852237]
Classification: 1.0 0.9416355615880556 197
本轮采样概率阵: [0.01723642 0.00852237 0.00852237 0.00852237 0.04425743 0.00852237
 0.00852237 0.00852237 0.00852237 0.00852237 0.00852237 0.38565725
 0.00852237 0.00852237 0.00852237 0.00852237 0.00852237 0.00852237
 0.15421631 0.00852237 0.00852237 0.00852237 0.00852237 0.18557336
 0.00852237 0.00852237 0.00852237 0.00852237 0.00852237 0.00852237]
客户端选择掩码: [1.0, 0.0, 1.0, 1.0, 1.0, 0.0, 0.0, 1.0, 1.0, 1.0, 1.0, 1.0, 0.0, 1.0, 0.0, 1.0, 0.0, 1.0, 1.0, 0.0, 1.0, 1.0, 0.0, 1.0, 1.0, 1.0, 0.0, 1.0, 1.0, 1.0]
/mnt/data/user_liangzhiyu/envs/fedcsl/lib/python3.8/site-packages/sklearn/utils/validation.py:63: RuntimeWarning:  Orthogonal matching pursuit ended prematurely due to linear
dependence in the dictionary. The requested precision might not have been met.

  return f(*args, **kwargs)
稀疏向量: [ 0.39795989  0.          0.          0.          0.          0.
  0.          0.          0.          0.          0.          0.
  0.          5.13887931  0.          0.          0.          0.
  0.          0.          0.          0.          0.          0.
  0.          0.          0.          0.         -4.54540917  0.        ]
更新后概率: [0.03054042 0.00838013 0.00838013 0.00838013 0.00838013 0.00838013
 0.00838013 0.00838013 0.00838013 0.00838013 0.00838013 0.00838013
 0.00838013 0.39437019 0.00838013 0.00838013 0.00838013 0.00838013
 0.00838013 0.00838013 0.00838013 0.00838013 0.00838013 0.00838013
 0.00838013 0.00838013 0.00838013 0.00838013 0.34882584 0.00838013]
Classification: 0.999829960891005 0.9423142178486597 198
本轮采样概率阵: [0.03054042 0.00838013 0.00838013 0.00838013 0.00838013 0.00838013
 0.00838013 0.00838013 0.00838013 0.00838013 0.00838013 0.00838013
 0.00838013 0.39437019 0.00838013 0.00838013 0.00838013 0.00838013
 0.00838013 0.00838013 0.00838013 0.00838013 0.00838013 0.00838013
 0.00838013 0.00838013 0.00838013 0.00838013 0.34882584 0.00838013]
客户端选择掩码: [1.0, 1.0, 1.0, 1.0, 1.0, 1.0, 1.0, 0.0, 1.0, 0.0, 1.0, 0.0, 0.0, 1.0, 1.0, 1.0, 0.0, 1.0, 1.0, 1.0, 1.0, 0.0, 1.0, 1.0, 1.0, 1.0, 0.0, 0.0, 1.0, 0.0]
/mnt/data/user_liangzhiyu/envs/fedcsl/lib/python3.8/site-packages/sklearn/utils/validation.py:63: RuntimeWarning:  Orthogonal matching pursuit ended prematurely due to linear
dependence in the dictionary. The requested precision might not have been met.

  return f(*args, **kwargs)
稀疏向量: [ 2.54063009  0.          0.          0.          0.42728832  0.
  0.          0.          0.          0.          0.          3.3966677
  0.          0.          0.          0.          0.          0.
  0.          0.          0.          0.          0.         -5.3321729
  0.          0.          0.          0.          0.          0.        ]
更新后概率: [0.23691235 0.00837115 0.00837115 0.00837115 0.0398444  0.00837115
 0.00837115 0.00837115 0.00837115 0.00837115 0.00837115 0.00837115
 0.00837115 0.00837115 0.00837115 0.00837115 0.00837115 0.00837115
 0.00837115 0.00837115 0.00837115 0.00837115 0.00837115 0.49722217
 0.00837115 0.00837115 0.00837115 0.00837115 0.00837115 0.00837115]
Classification: 0.999829960891005 0.9409569053274517 199
本轮采样概率阵: [0.23691235 0.00837115 0.00837115 0.00837115 0.0398444  0.00837115
 0.00837115 0.00837115 0.00837115 0.00837115 0.00837115 0.00837115
 0.00837115 0.00837115 0.00837115 0.00837115 0.00837115 0.00837115
 0.00837115 0.00837115 0.00837115 0.00837115 0.00837115 0.49722217
 0.00837115 0.00837115 0.00837115 0.00837115 0.00837115 0.00837115]
客户端选择掩码: [1.0, 1.0, 1.0, 1.0, 1.0, 0.0, 1.0, 1.0, 1.0, 1.0, 1.0, 0.0, 0.0, 1.0, 0.0, 0.0, 1.0, 1.0, 1.0, 0.0, 1.0, 1.0, 1.0, 1.0, 1.0, 0.0, 1.0, 0.0, 0.0, 1.0]
/mnt/data/user_liangzhiyu/envs/fedcsl/lib/python3.8/site-packages/sklearn/utils/validation.py:63: RuntimeWarning:  Orthogonal matching pursuit ended prematurely due to linear
dependence in the dictionary. The requested precision might not have been met.

  return f(*args, **kwargs)
稀疏向量: [-0.28972774  0.          0.          0.          1.93372444  0.
  0.          0.          0.          0.          0.          5.1541955
  0.          0.          0.          0.          0.          0.
  0.          0.          0.          0.          0.          0.
 -5.80782826  0.          0.          0.          0.          0.        ]
更新后概率: [0.02792177 0.00837059 0.00837059 0.00837059 0.18635777 0.00837059
 0.00837059 0.00837059 0.00837059 0.00837059 0.00837059 0.00837059
 0.00837059 0.00837059 0.00837059 0.00837059 0.00837059 0.00837059
 0.00837059 0.00837059 0.00837059 0.00837059 0.00837059 0.00837059
 0.55971466 0.00837059 0.00837059 0.00837059 0.00837059 0.00837059]
Classification: 0.999829960891005 0.9406175771971497 200
本轮采样概率阵: [0.02792177 0.00837059 0.00837059 0.00837059 0.18635777 0.00837059
 0.00837059 0.00837059 0.00837059 0.00837059 0.00837059 0.00837059
 0.00837059 0.00837059 0.00837059 0.00837059 0.00837059 0.00837059
 0.00837059 0.00837059 0.00837059 0.00837059 0.00837059 0.00837059
 0.55971466 0.00837059 0.00837059 0.00837059 0.00837059 0.00837059]
客户端选择掩码: [1.0, 0.0, 0.0, 1.0, 1.0, 1.0, 0.0, 0.0, 1.0, 1.0, 1.0, 1.0, 1.0, 1.0, 0.0, 0.0, 0.0, 0.0, 1.0, 1.0, 0.0, 1.0, 1.0, 1.0, 1.0, 1.0, 1.0, 1.0, 1.0, 1.0]
/mnt/data/user_liangzhiyu/envs/fedcsl/lib/python3.8/site-packages/sklearn/utils/validation.py:63: RuntimeWarning:  Orthogonal matching pursuit ended prematurely due to linear
dependence in the dictionary. The requested precision might not have been met.

  return f(*args, **kwargs)
稀疏向量: [ 109.0313711     0.            0.            0.            6.91573056
    0.            0.            0.            0.            0.
    0.            0.           79.98547276   38.63359388    0.
    0.            0.         -234.06358296    0.            0.
    0.            0.            0.            0.            0.
    0.            0.            0.            0.            0.        ]
更新后概率: [0.3628064  0.00844121 0.00844121 0.00844121 0.02301238 0.00844121
 0.00844121 0.00844121 0.00844121 0.00844121 0.00844121 0.00844121
 0.26615497 0.12855488 0.00844121 0.00844121 0.00844121 0.00844121
 0.00844121 0.00844121 0.00844121 0.00844121 0.00844121 0.00844121
 0.00844121 0.00844121 0.00844121 0.00844121 0.00844121 0.00844121]
Classification: 1.0 0.9395995928062436 201
本轮采样概率阵: [0.3628064  0.00844121 0.00844121 0.00844121 0.02301238 0.00844121
 0.00844121 0.00844121 0.00844121 0.00844121 0.00844121 0.00844121
 0.26615497 0.12855488 0.00844121 0.00844121 0.00844121 0.00844121
 0.00844121 0.00844121 0.00844121 0.00844121 0.00844121 0.00844121
 0.00844121 0.00844121 0.00844121 0.00844121 0.00844121 0.00844121]
客户端选择掩码: [1.0, 0.0, 1.0, 1.0, 1.0, 0.0, 0.0, 0.0, 0.0, 0.0, 1.0, 1.0, 1.0, 1.0, 1.0, 1.0, 1.0, 0.0, 1.0, 1.0, 1.0, 1.0, 1.0, 1.0, 1.0, 0.0, 1.0, 1.0, 1.0, 0.0]
/mnt/data/user_liangzhiyu/envs/fedcsl/lib/python3.8/site-packages/sklearn/utils/validation.py:63: RuntimeWarning:  Orthogonal matching pursuit ended prematurely due to linear
dependence in the dictionary. The requested precision might not have been met.

  return f(*args, **kwargs)
稀疏向量: [ 1.50547647  0.          0.          4.60833552 -0.47889201  0.
  0.          0.          0.          0.          0.          0.
  0.          0.          0.          0.          0.         -4.63090409
  0.          0.          0.          0.          0.          0.
  0.          0.          0.          0.          0.          0.        ]
更新后概率: [0.17671814 0.00837501 0.00837501 0.54094269 0.05621403 0.00837501
 0.00837501 0.00837501 0.00837501 0.00837501 0.00837501 0.00837501
 0.00837501 0.00837501 0.00837501 0.00837501 0.00837501 0.00837501
 0.00837501 0.00837501 0.00837501 0.00837501 0.00837501 0.00837501
 0.00837501 0.00837501 0.00837501 0.00837501 0.00837501 0.00837501]
Classification: 1.0 0.9395995928062436 202
本轮采样概率阵: [0.17671814 0.00837501 0.00837501 0.54094269 0.05621403 0.00837501
 0.00837501 0.00837501 0.00837501 0.00837501 0.00837501 0.00837501
 0.00837501 0.00837501 0.00837501 0.00837501 0.00837501 0.00837501
 0.00837501 0.00837501 0.00837501 0.00837501 0.00837501 0.00837501
 0.00837501 0.00837501 0.00837501 0.00837501 0.00837501 0.00837501]
客户端选择掩码: [1.0, 0.0, 1.0, 1.0, 1.0, 1.0, 1.0, 0.0, 1.0, 1.0, 0.0, 1.0, 1.0, 1.0, 1.0, 0.0, 1.0, 1.0, 1.0, 0.0, 0.0, 1.0, 1.0, 1.0, 1.0, 1.0, 0.0, 1.0, 0.0, 0.0]
/mnt/data/user_liangzhiyu/envs/fedcsl/lib/python3.8/site-packages/sklearn/utils/validation.py:63: RuntimeWarning:  Orthogonal matching pursuit ended prematurely due to linear
dependence in the dictionary. The requested precision might not have been met.

  return f(*args, **kwargs)
稀疏向量: [ -1.4610287    0.           0.           0.           3.81865386
  10.32281041   0.           0.           0.           0.
   0.           0.           0.           0.           0.
   0.           0.           0.           0.           0.
   0.         -11.65125995   0.           0.           0.
   0.           0.           0.           0.           0.        ]
更新后概率: [0.04184246 0.00844149 0.00844149 0.00844149 0.10936257 0.29563535
 0.00844149 0.00844149 0.00844149 0.00844149 0.00844149 0.00844149
 0.00844149 0.00844149 0.00844149 0.00844149 0.00844149 0.00844149
 0.00844149 0.00844149 0.00844149 0.33368087 0.00844149 0.00844149
 0.00844149 0.00844149 0.00844149 0.00844149 0.00844149 0.00844149]
Classification: 0.9784050331576263 0.9392602646759416 203
本轮采样概率阵: [0.04184246 0.00844149 0.00844149 0.00844149 0.10936257 0.29563535
 0.00844149 0.00844149 0.00844149 0.00844149 0.00844149 0.00844149
 0.00844149 0.00844149 0.00844149 0.00844149 0.00844149 0.00844149
 0.00844149 0.00844149 0.00844149 0.33368087 0.00844149 0.00844149
 0.00844149 0.00844149 0.00844149 0.00844149 0.00844149 0.00844149]
客户端选择掩码: [1.0, 1.0, 0.0, 1.0, 1.0, 1.0, 1.0, 0.0, 1.0, 1.0, 1.0, 0.0, 0.0, 0.0, 1.0, 0.0, 1.0, 1.0, 1.0, 1.0, 1.0, 1.0, 1.0, 1.0, 0.0, 0.0, 1.0, 0.0, 1.0, 1.0]
/mnt/data/user_liangzhiyu/envs/fedcsl/lib/python3.8/site-packages/sklearn/utils/validation.py:63: RuntimeWarning:  Orthogonal matching pursuit ended prematurely due to linear
dependence in the dictionary. The requested precision might not have been met.

  return f(*args, **kwargs)
稀疏向量: [ 17.40947455   0.           0.           0.          -0.09474122
   0.           0.           0.           0.           0.
  10.43464109  -0.53798826   0.           0.           0.
   0.           0.           0.           0.           0.
   0.           0.           0.         -26.05892548   0.
   0.           0.           0.           0.           0.        ]
更新后概率: [0.24984479 0.00838641 0.00838641 0.00838641 0.00838641 0.00838641
 0.00838641 0.00838641 0.00838641 0.00838641 0.14974838 0.00838641
 0.00838641 0.00838641 0.00838641 0.00838641 0.00838641 0.00838641
 0.00838641 0.00838641 0.00838641 0.00838641 0.00838641 0.37397376
 0.00838641 0.00838641 0.00838641 0.00838641 0.00838641 0.00838641]
Classification: 1.0 0.9392602646759416 204
本轮采样概率阵: [0.24984479 0.00838641 0.00838641 0.00838641 0.00838641 0.00838641
 0.00838641 0.00838641 0.00838641 0.00838641 0.14974838 0.00838641
 0.00838641 0.00838641 0.00838641 0.00838641 0.00838641 0.00838641
 0.00838641 0.00838641 0.00838641 0.00838641 0.00838641 0.37397376
 0.00838641 0.00838641 0.00838641 0.00838641 0.00838641 0.00838641]
客户端选择掩码: [1.0, 1.0, 1.0, 1.0, 1.0, 1.0, 1.0, 1.0, 1.0, 1.0, 1.0, 1.0, 0.0, 1.0, 1.0, 0.0, 1.0, 0.0, 0.0, 0.0, 1.0, 1.0, 0.0, 1.0, 1.0, 0.0, 0.0, 0.0, 1.0, 1.0]
/mnt/data/user_liangzhiyu/envs/fedcsl/lib/python3.8/site-packages/sklearn/utils/validation.py:63: RuntimeWarning:  Orthogonal matching pursuit ended prematurely due to linear
dependence in the dictionary. The requested precision might not have been met.

  return f(*args, **kwargs)
稀疏向量: [-0.12007244  0.          0.          0.          0.          0.
  0.          0.          0.          2.34166474  0.          0.
  0.          0.          0.          0.          0.          0.
  0.          0.          0.         -1.21005412  0.          0.
  0.          0.          0.          0.          0.          0.        ]
更新后概率: [0.02530979 0.00837155 0.00837155 0.00837155 0.00837155 0.00837155
 0.00837155 0.00837155 0.00837155 0.49359398 0.00837155 0.00837155
 0.00837155 0.00837155 0.00837155 0.00837155 0.00837155 0.00837155
 0.00837155 0.00837155 0.00837155 0.25506445 0.00837155 0.00837155
 0.00837155 0.00837155 0.00837155 0.00837155 0.00837155 0.00837155]
Classification: 0.9784050331576263 0.9402782490668476 205
本轮采样概率阵: [0.02530979 0.00837155 0.00837155 0.00837155 0.00837155 0.00837155
 0.00837155 0.00837155 0.00837155 0.49359398 0.00837155 0.00837155
 0.00837155 0.00837155 0.00837155 0.00837155 0.00837155 0.00837155
 0.00837155 0.00837155 0.00837155 0.25506445 0.00837155 0.00837155
 0.00837155 0.00837155 0.00837155 0.00837155 0.00837155 0.00837155]
客户端选择掩码: [1.0, 0.0, 1.0, 1.0, 1.0, 1.0, 1.0, 0.0, 1.0, 1.0, 0.0, 0.0, 1.0, 0.0, 1.0, 1.0, 1.0, 0.0, 0.0, 1.0, 1.0, 1.0, 0.0, 0.0, 1.0, 1.0, 1.0, 1.0, 1.0, 1.0]
/mnt/data/user_liangzhiyu/envs/fedcsl/lib/python3.8/site-packages/sklearn/utils/validation.py:63: RuntimeWarning:  Orthogonal matching pursuit ended prematurely due to linear
dependence in the dictionary. The requested precision might not have been met.

  return f(*args, **kwargs)
稀疏向量: [0.01815303 0.         0.         0.         0.11665053 0.
 0.         0.         0.         0.         0.         0.86530386
 0.         0.         0.         0.         0.         0.
 0.         0.         0.         0.         0.         0.
 0.         0.         0.         0.         0.         0.        ]
更新后概率: [0.10336294 0.00830113 0.00830113 0.00830113 0.66420532 0.00830113
 0.00830113 0.00830113 0.00830113 0.00830113 0.00830113 0.00830113
 0.00830113 0.00830113 0.00830113 0.00830113 0.00830113 0.00830113
 0.00830113 0.00830113 0.00830113 0.00830113 0.00830113 0.00830113
 0.00830113 0.00830113 0.00830113 0.00830113 0.00830113 0.00830113]
Classification: 0.9785750722666213 0.9399389209365456 206
本轮采样概率阵: [0.10336294 0.00830113 0.00830113 0.00830113 0.66420532 0.00830113
 0.00830113 0.00830113 0.00830113 0.00830113 0.00830113 0.00830113
 0.00830113 0.00830113 0.00830113 0.00830113 0.00830113 0.00830113
 0.00830113 0.00830113 0.00830113 0.00830113 0.00830113 0.00830113
 0.00830113 0.00830113 0.00830113 0.00830113 0.00830113 0.00830113]
客户端选择掩码: [1.0, 0.0, 1.0, 1.0, 1.0, 1.0, 1.0, 1.0, 1.0, 1.0, 1.0, 0.0, 1.0, 0.0, 1.0, 1.0, 1.0, 0.0, 0.0, 1.0, 0.0, 1.0, 1.0, 0.0, 0.0, 1.0, 1.0, 1.0, 0.0, 1.0]
/mnt/data/user_liangzhiyu/envs/fedcsl/lib/python3.8/site-packages/sklearn/utils/validation.py:63: RuntimeWarning:  Orthogonal matching pursuit ended prematurely due to linear
dependence in the dictionary. The requested precision might not have been met.

  return f(*args, **kwargs)
稀疏向量: [ 3.31296968  0.          0.          8.03188737  0.          0.
  0.          0.          0.          0.          0.          0.
  0.          0.          0.          0.          0.         -3.58868271
  0.          0.          0.          0.          0.         -6.70126245
  0.          0.          0.          0.          0.          0.        ]
更新后概率: [0.22418406 0.00829676 0.00829676 0.54350666 0.00829676 0.00829676
 0.00829676 0.00829676 0.00829676 0.00829676 0.00829676 0.00829676
 0.00829676 0.00829676 0.00829676 0.00829676 0.00829676 0.00829676
 0.00829676 0.00829676 0.00829676 0.00829676 0.00829676 0.00829676
 0.00829676 0.00829676 0.00829676 0.00829676 0.00829676 0.00829676]
Classification: 0.9785750722666213 0.9406175771971497 207
本轮采样概率阵: [0.22418406 0.00829676 0.00829676 0.54350666 0.00829676 0.00829676
 0.00829676 0.00829676 0.00829676 0.00829676 0.00829676 0.00829676
 0.00829676 0.00829676 0.00829676 0.00829676 0.00829676 0.00829676
 0.00829676 0.00829676 0.00829676 0.00829676 0.00829676 0.00829676
 0.00829676 0.00829676 0.00829676 0.00829676 0.00829676 0.00829676]
客户端选择掩码: [1.0, 1.0, 1.0, 1.0, 1.0, 1.0, 1.0, 0.0, 1.0, 0.0, 1.0, 1.0, 0.0, 0.0, 1.0, 1.0, 1.0, 1.0, 1.0, 1.0, 0.0, 1.0, 1.0, 0.0, 0.0, 1.0, 1.0, 1.0, 0.0, 0.0]
/mnt/data/user_liangzhiyu/envs/fedcsl/lib/python3.8/site-packages/sklearn/utils/validation.py:63: RuntimeWarning:  Orthogonal matching pursuit ended prematurely due to linear
dependence in the dictionary. The requested precision might not have been met.

  return f(*args, **kwargs)
稀疏向量: [ 0.10382256  0.          0.          0.          0.          4.05428998
  0.          0.          0.          0.          0.          0.
  0.          0.          0.          0.          0.          0.
  0.          0.          0.         -3.15375231  0.          0.
  0.          0.          0.          0.          0.          0.        ]
更新后概率: [0.01099189 0.0083659  0.0083659  0.0083659  0.0083659  0.42923525
 0.0083659  0.0083659  0.0083659  0.0083659  0.0083659  0.0083659
 0.0083659  0.0083659  0.0083659  0.0083659  0.0083659  0.0083659
 0.0083659  0.0083659  0.0083659  0.33389365 0.0083659  0.0083659
 0.0083659  0.0083659  0.0083659  0.0083659  0.0083659  0.0083659 ]
Classification: 0.9784050331576263 0.9399389209365456 208
本轮采样概率阵: [0.01099189 0.0083659  0.0083659  0.0083659  0.0083659  0.42923525
 0.0083659  0.0083659  0.0083659  0.0083659  0.0083659  0.0083659
 0.0083659  0.0083659  0.0083659  0.0083659  0.0083659  0.0083659
 0.0083659  0.0083659  0.0083659  0.33389365 0.0083659  0.0083659
 0.0083659  0.0083659  0.0083659  0.0083659  0.0083659  0.0083659 ]
客户端选择掩码: [1.0, 1.0, 0.0, 1.0, 1.0, 1.0, 1.0, 0.0, 1.0, 0.0, 0.0, 1.0, 1.0, 1.0, 1.0, 1.0, 0.0, 1.0, 1.0, 1.0, 1.0, 1.0, 0.0, 0.0, 1.0, 0.0, 1.0, 0.0, 1.0, 1.0]
/mnt/data/user_liangzhiyu/envs/fedcsl/lib/python3.8/site-packages/sklearn/utils/validation.py:63: RuntimeWarning:  Orthogonal matching pursuit ended prematurely due to linear
dependence in the dictionary. The requested precision might not have been met.

  return f(*args, **kwargs)
稀疏向量: [0.18626789 0.         0.         0.         0.         0.
 0.         0.         0.         0.4727702  0.         0.
 0.3419853  0.         0.         0.         0.         0.
 0.         0.         0.         0.         0.         0.
 0.         0.         0.         0.         0.         0.        ]
更新后概率: [0.27065655 0.00830078 0.00830078 0.00830078 0.00830078 0.00830078
 0.00830078 0.00830078 0.00830078 0.00830078 0.00830078 0.00830078
 0.49692172 0.00830078 0.00830078 0.00830078 0.00830078 0.00830078
 0.00830078 0.00830078 0.00830078 0.00830078 0.00830078 0.00830078
 0.00830078 0.00830078 0.00830078 0.00830078 0.00830078 0.00830078]
Classification: 0.9785750722666213 0.9402782490668476 209
本轮采样概率阵: [0.27065655 0.00830078 0.00830078 0.00830078 0.00830078 0.00830078
 0.00830078 0.00830078 0.00830078 0.00830078 0.00830078 0.00830078
 0.49692172 0.00830078 0.00830078 0.00830078 0.00830078 0.00830078
 0.00830078 0.00830078 0.00830078 0.00830078 0.00830078 0.00830078
 0.00830078 0.00830078 0.00830078 0.00830078 0.00830078 0.00830078]
客户端选择掩码: [1.0, 1.0, 1.0, 1.0, 1.0, 1.0, 1.0, 1.0, 0.0, 1.0, 1.0, 0.0, 1.0, 1.0, 1.0, 1.0, 0.0, 0.0, 0.0, 0.0, 1.0, 1.0, 0.0, 0.0, 0.0, 1.0, 1.0, 1.0, 1.0, 1.0]
/mnt/data/user_liangzhiyu/envs/fedcsl/lib/python3.8/site-packages/sklearn/utils/validation.py:63: RuntimeWarning:  Orthogonal matching pursuit ended prematurely due to linear
dependence in the dictionary. The requested precision might not have been met.

  return f(*args, **kwargs)
稀疏向量: [  0.           0.           0.          11.99716624   0.
   0.           0.           0.           0.           0.
   0.           0.           0.           0.           0.
   0.          -0.71197791 -10.26799247   0.           0.
   0.           0.           0.           0.           0.
   0.           0.           0.           0.           0.        ]
更新后概率: [0.00822847 0.00822847 0.00822847 0.76137442 0.00822847 0.00822847
 0.00822847 0.00822847 0.00822847 0.00822847 0.00822847 0.00822847
 0.00822847 0.00822847 0.00822847 0.00822847 0.00822847 0.00822847
 0.00822847 0.00822847 0.00822847 0.00822847 0.00822847 0.00822847
 0.00822847 0.00822847 0.00822847 0.00822847 0.00822847 0.00822847]
Classification: 0.9787451113756164 0.9406175771971497 210
本轮采样概率阵: [0.00822847 0.00822847 0.00822847 0.76137442 0.00822847 0.00822847
 0.00822847 0.00822847 0.00822847 0.00822847 0.00822847 0.00822847
 0.00822847 0.00822847 0.00822847 0.00822847 0.00822847 0.00822847
 0.00822847 0.00822847 0.00822847 0.00822847 0.00822847 0.00822847
 0.00822847 0.00822847 0.00822847 0.00822847 0.00822847 0.00822847]
客户端选择掩码: [1.0, 0.0, 0.0, 1.0, 1.0, 0.0, 0.0, 1.0, 1.0, 1.0, 0.0, 1.0, 0.0, 1.0, 1.0, 1.0, 1.0, 1.0, 1.0, 1.0, 1.0, 0.0, 0.0, 0.0, 1.0, 1.0, 1.0, 1.0, 1.0, 1.0]
/mnt/data/user_liangzhiyu/envs/fedcsl/lib/python3.8/site-packages/sklearn/utils/validation.py:63: RuntimeWarning:  Orthogonal matching pursuit ended prematurely due to linear
dependence in the dictionary. The requested precision might not have been met.

  return f(*args, **kwargs)
稀疏向量: [-0.54089376  0.          0.          0.          0.          0.
  0.          0.          0.          0.          0.          2.49918238
  0.          0.          0.          0.          0.          0.
 -0.95650993  0.          0.          0.          0.          0.
  0.          0.          0.          0.          0.          0.        ]
更新后概率: [0.1047844  0.0083616  0.0083616  0.0083616  0.0083616  0.0083616
 0.0083616  0.0083616  0.0083616  0.0083616  0.0083616  0.484153
 0.0083616  0.0083616  0.0083616  0.0083616  0.0083616  0.0083616
 0.18529946 0.0083616  0.0083616  0.0083616  0.0083616  0.0083616
 0.0083616  0.0083616  0.0083616  0.0083616  0.0083616  0.0083616 ]
Classification: 0.9780649549396361 0.9406175771971497 211
本轮采样概率阵: [0.1047844  0.0083616  0.0083616  0.0083616  0.0083616  0.0083616
 0.0083616  0.0083616  0.0083616  0.0083616  0.0083616  0.484153
 0.0083616  0.0083616  0.0083616  0.0083616  0.0083616  0.0083616
 0.18529946 0.0083616  0.0083616  0.0083616  0.0083616  0.0083616
 0.0083616  0.0083616  0.0083616  0.0083616  0.0083616  0.0083616 ]
客户端选择掩码: [1.0, 1.0, 1.0, 1.0, 0.0, 0.0, 1.0, 1.0, 1.0, 1.0, 0.0, 1.0, 1.0, 0.0, 0.0, 1.0, 1.0, 1.0, 1.0, 0.0, 1.0, 1.0, 1.0, 0.0, 1.0, 1.0, 1.0, 0.0, 1.0, 0.0]
/mnt/data/user_liangzhiyu/envs/fedcsl/lib/python3.8/site-packages/sklearn/utils/validation.py:63: RuntimeWarning:  Orthogonal matching pursuit ended prematurely due to linear
dependence in the dictionary. The requested precision might not have been met.

  return f(*args, **kwargs)
稀疏向量: [ 0.          0.          0.          0.         -0.21652673  0.
  0.          0.          0.          0.          0.          7.45288046
  0.          0.          0.          0.          0.          0.
  0.          0.          0.          0.         -2.74320952 -3.45584059
  0.          0.          0.          0.          0.          0.        ]
更新后概率: [0.00830051 0.00830051 0.00830051 0.00830051 0.00830051 0.00830051
 0.00830051 0.00830051 0.00830051 0.00830051 0.00830051 0.56107048
 0.00830051 0.00830051 0.00830051 0.00830051 0.00830051 0.00830051
 0.00830051 0.00830051 0.00830051 0.00830051 0.20651531 0.00830051
 0.00830051 0.00830051 0.00830051 0.00830051 0.00830051 0.00830051]
Classification: 0.9789151504846114 0.9399389209365456 212
本轮采样概率阵: [0.00830051 0.00830051 0.00830051 0.00830051 0.00830051 0.00830051
 0.00830051 0.00830051 0.00830051 0.00830051 0.00830051 0.56107048
 0.00830051 0.00830051 0.00830051 0.00830051 0.00830051 0.00830051
 0.00830051 0.00830051 0.00830051 0.00830051 0.20651531 0.00830051
 0.00830051 0.00830051 0.00830051 0.00830051 0.00830051 0.00830051]
客户端选择掩码: [1.0, 0.0, 0.0, 1.0, 0.0, 1.0, 1.0, 1.0, 1.0, 1.0, 1.0, 1.0, 0.0, 1.0, 0.0, 1.0, 1.0, 1.0, 1.0, 1.0, 0.0, 1.0, 1.0, 1.0, 0.0, 1.0, 1.0, 0.0, 0.0, 1.0]
/mnt/data/user_liangzhiyu/envs/fedcsl/lib/python3.8/site-packages/sklearn/utils/validation.py:63: RuntimeWarning:  Orthogonal matching pursuit ended prematurely due to linear
dependence in the dictionary. The requested precision might not have been met.

  return f(*args, **kwargs)
稀疏向量: [-0.49824505  0.          0.          0.          4.17009981  0.
  0.          0.          0.          7.00868718  0.          0.
  0.          0.          0.          0.          0.          0.
  0.          0.          0.         -9.62102784  0.          0.
  0.          0.          0.          0.          0.          0.        ]
更新后概率: [0.02251866 0.00836613 0.00836613 0.00836613 0.00836613 0.00836613
 0.00836613 0.00836613 0.00836613 0.31676427 0.00836613 0.00836613
 0.00836613 0.00836613 0.00836613 0.00836613 0.00836613 0.00836613
 0.00836613 0.00836613 0.00836613 0.43483149 0.00836613 0.00836613
 0.00836613 0.00836613 0.00836613 0.00836613 0.00836613 0.00836613]
Classification: 0.9780649549396361 0.9406175771971497 213
本轮采样概率阵: [0.02251866 0.00836613 0.00836613 0.00836613 0.00836613 0.00836613
 0.00836613 0.00836613 0.00836613 0.31676427 0.00836613 0.00836613
 0.00836613 0.00836613 0.00836613 0.00836613 0.00836613 0.00836613
 0.00836613 0.00836613 0.00836613 0.43483149 0.00836613 0.00836613
 0.00836613 0.00836613 0.00836613 0.00836613 0.00836613 0.00836613]
客户端选择掩码: [1.0, 0.0, 0.0, 0.0, 1.0, 0.0, 1.0, 1.0, 1.0, 1.0, 1.0, 1.0, 1.0, 1.0, 1.0, 0.0, 1.0, 1.0, 0.0, 1.0, 0.0, 1.0, 1.0, 1.0, 1.0, 0.0, 1.0, 1.0, 1.0, 0.0]
/mnt/data/user_liangzhiyu/envs/fedcsl/lib/python3.8/site-packages/sklearn/utils/validation.py:63: RuntimeWarning:  Orthogonal matching pursuit ended prematurely due to linear
dependence in the dictionary. The requested precision might not have been met.

  return f(*args, **kwargs)
稀疏向量: [  4.47190293   0.           0.           0.           0.
   0.           0.           0.           0.           1.89408739
   0.           0.           3.2830529    3.43054175   0.
   0.           0.         -12.09667387   0.           0.
   0.           0.           0.           0.           0.
   0.           0.           0.           0.           0.        ]
更新后概率: [0.13982201 0.00851278 0.00851278 0.00851278 0.00851278 0.00851278
 0.00851278 0.00851278 0.00851278 0.05922202 0.00851278 0.00851278
 0.1026505  0.107262   0.00851278 0.00851278 0.00851278 0.37822405
 0.00851278 0.00851278 0.00851278 0.00851278 0.00851278 0.00851278
 0.00851278 0.00851278 0.00851278 0.00851278 0.00851278 0.00851278]
Classification: 1.0 0.9406175771971497 214
本轮采样概率阵: [0.13982201 0.00851278 0.00851278 0.00851278 0.00851278 0.00851278
 0.00851278 0.00851278 0.00851278 0.05922202 0.00851278 0.00851278
 0.1026505  0.107262   0.00851278 0.00851278 0.00851278 0.37822405
 0.00851278 0.00851278 0.00851278 0.00851278 0.00851278 0.00851278
 0.00851278 0.00851278 0.00851278 0.00851278 0.00851278 0.00851278]
客户端选择掩码: [1.0, 0.0, 0.0, 0.0, 0.0, 1.0, 1.0, 0.0, 0.0, 1.0, 1.0, 1.0, 1.0, 1.0, 1.0, 1.0, 1.0, 1.0, 0.0, 1.0, 1.0, 0.0, 1.0, 0.0, 1.0, 1.0, 1.0, 1.0, 1.0, 1.0]
/mnt/data/user_liangzhiyu/envs/fedcsl/lib/python3.8/site-packages/sklearn/utils/validation.py:63: RuntimeWarning:  Orthogonal matching pursuit ended prematurely due to linear
dependence in the dictionary. The requested precision might not have been met.

  return f(*args, **kwargs)
稀疏向量: [ 0.30730599  0.          0.          0.          0.          0.
  0.          0.          0.          0.          0.          0.
  0.          1.9971687   0.          0.          0.          0.
  0.          0.          0.          0.          0.          0.
  0.          0.          0.          0.          0.         -1.30623269]
更新后概率: [0.06585382 0.00837953 0.00837953 0.00837953 0.00837953 0.00837953
 0.00837953 0.00837953 0.00837953 0.00837953 0.00837953 0.00837953
 0.00837953 0.4279812  0.00837953 0.00837953 0.00837953 0.00837953
 0.00837953 0.00837953 0.00837953 0.00837953 0.00837953 0.00837953
 0.00837953 0.00837953 0.00837953 0.00837953 0.00837953 0.27991778]
Classification: 0.9780649549396361 0.9399389209365456 215
本轮采样概率阵: [0.06585382 0.00837953 0.00837953 0.00837953 0.00837953 0.00837953
 0.00837953 0.00837953 0.00837953 0.00837953 0.00837953 0.00837953
 0.00837953 0.4279812  0.00837953 0.00837953 0.00837953 0.00837953
 0.00837953 0.00837953 0.00837953 0.00837953 0.00837953 0.00837953
 0.00837953 0.00837953 0.00837953 0.00837953 0.00837953 0.27991778]
客户端选择掩码: [1.0, 1.0, 1.0, 1.0, 1.0, 0.0, 1.0, 0.0, 1.0, 1.0, 1.0, 1.0, 1.0, 1.0, 1.0, 1.0, 1.0, 1.0, 0.0, 0.0, 0.0, 0.0, 1.0, 0.0, 1.0, 0.0, 1.0, 0.0, 1.0, 1.0]
/mnt/data/user_liangzhiyu/envs/fedcsl/lib/python3.8/site-packages/sklearn/utils/validation.py:63: RuntimeWarning:  Orthogonal matching pursuit ended prematurely due to linear
dependence in the dictionary. The requested precision might not have been met.

  return f(*args, **kwargs)
稀疏向量: [ 0.0701775   0.          0.          0.         -0.22887741  1.1563531
  0.          0.          0.          0.          0.          0.
  0.          0.          0.          0.          0.          0.
  0.          0.          0.          0.          0.          0.
  0.          0.          0.          0.          0.          0.        ]
更新后概率: [0.18011762 0.00830162 0.00830162 0.00830162 0.58743693 0.00830162
 0.00830162 0.00830162 0.00830162 0.00830162 0.00830162 0.00830162
 0.00830162 0.00830162 0.00830162 0.00830162 0.00830162 0.00830162
 0.00830162 0.00830162 0.00830162 0.00830162 0.00830162 0.00830162
 0.00830162 0.00830162 0.00830162 0.00830162 0.00830162 0.00830162]
Classification: 0.9785750722666213 0.9395995928062436 216
本轮采样概率阵: [0.18011762 0.00830162 0.00830162 0.00830162 0.58743693 0.00830162
 0.00830162 0.00830162 0.00830162 0.00830162 0.00830162 0.00830162
 0.00830162 0.00830162 0.00830162 0.00830162 0.00830162 0.00830162
 0.00830162 0.00830162 0.00830162 0.00830162 0.00830162 0.00830162
 0.00830162 0.00830162 0.00830162 0.00830162 0.00830162 0.00830162]
客户端选择掩码: [1.0, 0.0, 1.0, 0.0, 1.0, 1.0, 0.0, 1.0, 0.0, 1.0, 1.0, 1.0, 1.0, 1.0, 1.0, 0.0, 1.0, 1.0, 1.0, 1.0, 1.0, 0.0, 0.0, 1.0, 1.0, 0.0, 1.0, 0.0, 1.0, 1.0]
/mnt/data/user_liangzhiyu/envs/fedcsl/lib/python3.8/site-packages/sklearn/utils/validation.py:63: RuntimeWarning:  Orthogonal matching pursuit ended prematurely due to linear
dependence in the dictionary. The requested precision might not have been met.

  return f(*args, **kwargs)
稀疏向量: [0.20297484 0.         0.         0.         0.14259766 0.
 0.         0.         0.         0.         0.         0.
 0.34607736 0.30844096 0.         0.         0.         0.
 0.         0.         0.         0.         0.         0.
 0.         0.         0.         0.         0.         0.        ]
更新后概率: [0.1584366  0.00843679 0.00843679 0.00843679 0.11130783 0.00843679
 0.00843679 0.00843679 0.00843679 0.00843679 0.00843679 0.00843679
 0.27013851 0.24076057 0.00843679 0.00843679 0.00843679 0.00843679
 0.00843679 0.00843679 0.00843679 0.00843679 0.00843679 0.00843679
 0.00843679 0.00843679 0.00843679 0.00843679 0.00843679 0.00843679]
Classification: 0.9780649549396361 0.9399389209365456 217
本轮采样概率阵: [0.1584366  0.00843679 0.00843679 0.00843679 0.11130783 0.00843679
 0.00843679 0.00843679 0.00843679 0.00843679 0.00843679 0.00843679
 0.27013851 0.24076057 0.00843679 0.00843679 0.00843679 0.00843679
 0.00843679 0.00843679 0.00843679 0.00843679 0.00843679 0.00843679
 0.00843679 0.00843679 0.00843679 0.00843679 0.00843679 0.00843679]
客户端选择掩码: [1.0, 0.0, 1.0, 0.0, 1.0, 1.0, 1.0, 1.0, 0.0, 1.0, 1.0, 0.0, 1.0, 1.0, 1.0, 1.0, 0.0, 1.0, 0.0, 0.0, 0.0, 1.0, 1.0, 0.0, 1.0, 1.0, 1.0, 1.0, 1.0, 1.0]
/mnt/data/user_liangzhiyu/envs/fedcsl/lib/python3.8/site-packages/sklearn/utils/validation.py:63: RuntimeWarning:  Orthogonal matching pursuit ended prematurely due to linear
dependence in the dictionary. The requested precision might not have been met.

  return f(*args, **kwargs)
稀疏向量: [ 2.73834424  0.          0.          0.          0.          0.
  0.          0.          0.          0.          0.          0.
  1.07613734  2.98856637  0.          0.          0.         -5.81193054
  0.          0.          0.          0.          0.          0.
  0.          0.          0.          0.          0.          0.        ]
更新后概率: [0.16940605 0.00844545 0.00844545 0.00844545 0.00844545 0.00844545
 0.00844545 0.00844545 0.00844545 0.00844545 0.00844545 0.00844545
 0.0665746  0.18488589 0.00844545 0.00844545 0.00844545 0.35955165
 0.00844545 0.00844545 0.00844545 0.00844545 0.00844545 0.00844545
 0.00844545 0.00844545 0.00844545 0.00844545 0.00844545 0.00844545]
Classification: 0.9780649549396361 0.9399389209365456 218
本轮采样概率阵: [0.16940605 0.00844545 0.00844545 0.00844545 0.00844545 0.00844545
 0.00844545 0.00844545 0.00844545 0.00844545 0.00844545 0.00844545
 0.0665746  0.18488589 0.00844545 0.00844545 0.00844545 0.35955165
 0.00844545 0.00844545 0.00844545 0.00844545 0.00844545 0.00844545
 0.00844545 0.00844545 0.00844545 0.00844545 0.00844545 0.00844545]
客户端选择掩码: [1.0, 0.0, 0.0, 1.0, 1.0, 0.0, 1.0, 0.0, 1.0, 0.0, 0.0, 1.0, 1.0, 1.0, 1.0, 0.0, 1.0, 1.0, 1.0, 1.0, 1.0, 1.0, 0.0, 1.0, 1.0, 1.0, 0.0, 1.0, 1.0, 1.0]
/mnt/data/user_liangzhiyu/envs/fedcsl/lib/python3.8/site-packages/sklearn/utils/validation.py:63: RuntimeWarning:  Orthogonal matching pursuit ended prematurely due to linear
dependence in the dictionary. The requested precision might not have been met.

  return f(*args, **kwargs)
稀疏向量: [ -3.20767411   0.           0.           0.          11.05432692
  22.59662019   0.           0.           0.           0.
   0.           0.           0.           0.           0.
   0.           0.           0.           0.           0.
   0.         -29.36747061   0.           0.           0.
   0.           0.           0.           0.           0.        ]
更新后概率: [0.05689537 0.00837527 0.00837527 0.00837527 0.19607356 0.00837527
 0.00837527 0.00837527 0.00837527 0.00837527 0.00837527 0.00837527
 0.00837527 0.00837527 0.00837527 0.00837527 0.00837527 0.00837527
 0.00837527 0.00837527 0.00837527 0.52089869 0.00837527 0.00837527
 0.00837527 0.00837527 0.00837527 0.00837527 0.00837527 0.00837527]
Classification: 0.9780649549396361 0.9399389209365456 219
本轮采样概率阵: [0.05689537 0.00837527 0.00837527 0.00837527 0.19607356 0.00837527
 0.00837527 0.00837527 0.00837527 0.00837527 0.00837527 0.00837527
 0.00837527 0.00837527 0.00837527 0.00837527 0.00837527 0.00837527
 0.00837527 0.00837527 0.00837527 0.52089869 0.00837527 0.00837527
 0.00837527 0.00837527 0.00837527 0.00837527 0.00837527 0.00837527]
客户端选择掩码: [1.0, 1.0, 1.0, 0.0, 1.0, 1.0, 1.0, 1.0, 0.0, 0.0, 1.0, 1.0, 0.0, 1.0, 0.0, 0.0, 1.0, 0.0, 0.0, 1.0, 1.0, 1.0, 1.0, 1.0, 1.0, 1.0, 1.0, 1.0, 0.0, 1.0]
/mnt/data/user_liangzhiyu/envs/fedcsl/lib/python3.8/site-packages/sklearn/utils/validation.py:63: RuntimeWarning:  Orthogonal matching pursuit ended prematurely due to linear
dependence in the dictionary. The requested precision might not have been met.

  return f(*args, **kwargs)
稀疏向量: [-0.0660191   0.          0.          0.          0.10225753  0.
  0.          0.          0.          0.          0.          0.96384964
  0.          0.          0.          0.          0.          0.
  0.          0.          0.          0.          0.          0.
  0.          0.          0.          0.          0.          0.        ]
更新后概率: [0.04513448 0.00837085 0.00837085 0.00837085 0.06990918 0.00837085
 0.00837085 0.00837085 0.00837085 0.00837085 0.00837085 0.6589435
 0.00837085 0.00837085 0.00837085 0.00837085 0.00837085 0.00837085
 0.00837085 0.00837085 0.00837085 0.00837085 0.00837085 0.00837085
 0.00837085 0.00837085 0.00837085 0.00837085 0.00837085 0.00837085]
Classification: 1.0 0.9399389209365456 220
本轮采样概率阵: [0.04513448 0.00837085 0.00837085 0.00837085 0.06990918 0.00837085
 0.00837085 0.00837085 0.00837085 0.00837085 0.00837085 0.6589435
 0.00837085 0.00837085 0.00837085 0.00837085 0.00837085 0.00837085
 0.00837085 0.00837085 0.00837085 0.00837085 0.00837085 0.00837085
 0.00837085 0.00837085 0.00837085 0.00837085 0.00837085 0.00837085]
客户端选择掩码: [1.0, 0.0, 0.0, 0.0, 1.0, 1.0, 0.0, 1.0, 1.0, 0.0, 1.0, 1.0, 1.0, 1.0, 1.0, 1.0, 0.0, 1.0, 0.0, 1.0, 1.0, 1.0, 1.0, 1.0, 1.0, 1.0, 1.0, 0.0, 0.0, 1.0]
/mnt/data/user_liangzhiyu/envs/fedcsl/lib/python3.8/site-packages/sklearn/utils/validation.py:63: RuntimeWarning:  Orthogonal matching pursuit ended prematurely due to linear
dependence in the dictionary. The requested precision might not have been met.

  return f(*args, **kwargs)
稀疏向量: [ 0.06573812  0.          0.          0.         -0.11659771  0.
  0.          0.          0.          1.05359764  0.          0.
  0.          0.          0.          0.          0.          0.
  0.          0.          0.          0.          0.          0.
  0.          0.          0.          0.          0.          0.        ]
更新后概率: [0.27673431 0.00830109 0.00830109 0.00830109 0.49083524 0.00830109
 0.00830109 0.00830109 0.00830109 0.00830109 0.00830109 0.00830109
 0.00830109 0.00830109 0.00830109 0.00830109 0.00830109 0.00830109
 0.00830109 0.00830109 0.00830109 0.00830109 0.00830109 0.00830109
 0.00830109 0.00830109 0.00830109 0.00830109 0.00830109 0.00830109]
Classification: 1.0 0.9395995928062436 221
本轮采样概率阵: [0.27673431 0.00830109 0.00830109 0.00830109 0.49083524 0.00830109
 0.00830109 0.00830109 0.00830109 0.00830109 0.00830109 0.00830109
 0.00830109 0.00830109 0.00830109 0.00830109 0.00830109 0.00830109
 0.00830109 0.00830109 0.00830109 0.00830109 0.00830109 0.00830109
 0.00830109 0.00830109 0.00830109 0.00830109 0.00830109 0.00830109]
客户端选择掩码: [1.0, 1.0, 1.0, 1.0, 1.0, 1.0, 0.0, 1.0, 0.0, 1.0, 1.0, 1.0, 0.0, 1.0, 1.0, 1.0, 0.0, 1.0, 1.0, 1.0, 0.0, 1.0, 0.0, 1.0, 0.0, 0.0, 0.0, 1.0, 1.0, 1.0]
/mnt/data/user_liangzhiyu/envs/fedcsl/lib/python3.8/site-packages/sklearn/utils/validation.py:63: RuntimeWarning:  Orthogonal matching pursuit ended prematurely due to linear
dependence in the dictionary. The requested precision might not have been met.

  return f(*args, **kwargs)
稀疏向量: [0.         0.         0.         0.         0.09711578 0.
 0.         0.         0.         0.         0.         0.89579999
 0.         0.         0.         0.         0.         0.
 0.         0.         0.         0.         0.00712149 0.
 0.         0.         0.         0.         0.         0.        ]
更新后概率: [0.00829676 0.00829676 0.00829676 0.00829676 0.07508682 0.00829676
 0.00829676 0.00829676 0.00829676 0.00829676 0.00829676 0.69260395
 0.00829676 0.00829676 0.00829676 0.00829676 0.00829676 0.00829676
 0.00829676 0.00829676 0.00829676 0.00829676 0.00829676 0.00829676
 0.00829676 0.00829676 0.00829676 0.00829676 0.00829676 0.00829676]
Classification: 1.0 0.9399389209365456 222
本轮采样概率阵: [0.00829676 0.00829676 0.00829676 0.00829676 0.07508682 0.00829676
 0.00829676 0.00829676 0.00829676 0.00829676 0.00829676 0.69260395
 0.00829676 0.00829676 0.00829676 0.00829676 0.00829676 0.00829676
 0.00829676 0.00829676 0.00829676 0.00829676 0.00829676 0.00829676
 0.00829676 0.00829676 0.00829676 0.00829676 0.00829676 0.00829676]
客户端选择掩码: [1.0, 1.0, 0.0, 0.0, 1.0, 1.0, 0.0, 1.0, 1.0, 1.0, 1.0, 1.0, 0.0, 0.0, 1.0, 1.0, 0.0, 0.0, 0.0, 1.0, 1.0, 1.0, 1.0, 1.0, 1.0, 1.0, 1.0, 1.0, 1.0, 0.0]
/mnt/data/user_liangzhiyu/envs/fedcsl/lib/python3.8/site-packages/sklearn/utils/validation.py:63: RuntimeWarning:  Orthogonal matching pursuit ended prematurely due to linear
dependence in the dictionary. The requested precision might not have been met.

  return f(*args, **kwargs)
稀疏向量: [0.18967183 0.         0.         0.         0.20827455 0.
 0.         0.         0.         0.         0.         0.
 0.30504022 0.297186   0.         0.         0.         0.
 0.         0.         0.         0.         0.         0.
 0.         0.         0.         0.         0.         0.        ]
更新后概率: [0.3659054  0.00829649 0.00829649 0.00829649 0.40179283 0.00829649
 0.00829649 0.00829649 0.00829649 0.00829649 0.00829649 0.00829649
 0.00829649 0.00829649 0.00829649 0.00829649 0.00829649 0.00829649
 0.00829649 0.00829649 0.00829649 0.00829649 0.00829649 0.00829649
 0.00829649 0.00829649 0.00829649 0.00829649 0.00829649 0.00829649]
Classification: 1.0 0.9399389209365456 223
本轮采样概率阵: [0.3659054  0.00829649 0.00829649 0.00829649 0.40179283 0.00829649
 0.00829649 0.00829649 0.00829649 0.00829649 0.00829649 0.00829649
 0.00829649 0.00829649 0.00829649 0.00829649 0.00829649 0.00829649
 0.00829649 0.00829649 0.00829649 0.00829649 0.00829649 0.00829649
 0.00829649 0.00829649 0.00829649 0.00829649 0.00829649 0.00829649]
客户端选择掩码: [1.0, 1.0, 1.0, 1.0, 1.0, 0.0, 0.0, 1.0, 1.0, 0.0, 1.0, 1.0, 1.0, 0.0, 0.0, 1.0, 1.0, 0.0, 1.0, 1.0, 1.0, 0.0, 0.0, 1.0, 1.0, 1.0, 1.0, 1.0, 1.0, 0.0]
/mnt/data/user_liangzhiyu/envs/fedcsl/lib/python3.8/site-packages/sklearn/utils/validation.py:63: RuntimeWarning:  Orthogonal matching pursuit ended prematurely due to linear
dependence in the dictionary. The requested precision might not have been met.

  return f(*args, **kwargs)
稀疏向量: [ 1.08319414  0.          0.          0.          0.          0.
  0.          0.          0.          0.          1.25677119 -1.33997305
  0.          0.          0.          0.          0.          0.
  0.          0.          0.          0.          0.          0.
  0.          0.          0.          0.          0.          0.        ]
更新后概率: [0.22786349 0.00836588 0.00836588 0.00836588 0.00836588 0.00836588
 0.00836588 0.00836588 0.00836588 0.00836588 0.2643776  0.28188016
 0.00836588 0.00836588 0.00836588 0.00836588 0.00836588 0.00836588
 0.00836588 0.00836588 0.00836588 0.00836588 0.00836588 0.00836588
 0.00836588 0.00836588 0.00836588 0.00836588 0.00836588 0.00836588]
Classification: 1.0 0.9406175771971497 224
本轮采样概率阵: [0.22786349 0.00836588 0.00836588 0.00836588 0.00836588 0.00836588
 0.00836588 0.00836588 0.00836588 0.00836588 0.2643776  0.28188016
 0.00836588 0.00836588 0.00836588 0.00836588 0.00836588 0.00836588
 0.00836588 0.00836588 0.00836588 0.00836588 0.00836588 0.00836588
 0.00836588 0.00836588 0.00836588 0.00836588 0.00836588 0.00836588]
客户端选择掩码: [1.0, 0.0, 0.0, 1.0, 1.0, 1.0, 1.0, 1.0, 0.0, 0.0, 1.0, 1.0, 1.0, 1.0, 1.0, 1.0, 1.0, 0.0, 1.0, 1.0, 0.0, 1.0, 0.0, 1.0, 1.0, 1.0, 1.0, 0.0, 1.0, 0.0]
/mnt/data/user_liangzhiyu/envs/fedcsl/lib/python3.8/site-packages/sklearn/utils/validation.py:63: RuntimeWarning:  Orthogonal matching pursuit ended prematurely due to linear
dependence in the dictionary. The requested precision might not have been met.

  return f(*args, **kwargs)
稀疏向量: [-0.33956343  0.          0.          0.          0.          0.
  0.          0.          0.          0.          0.          2.36209319
  0.          0.          0.          0.          0.          0.
 -1.02074654  0.          0.          0.          0.          0.
  0.          0.          0.          0.          0.          0.        ]
更新后概率: [0.07060578 0.00837025 0.00837025 0.00837025 0.00837025 0.00837025
 0.00837025 0.00837025 0.00837025 0.00837025 0.00837025 0.4911525
 0.00837025 0.00837025 0.00837025 0.00837025 0.00837025 0.00837025
 0.21224489 0.00837025 0.00837025 0.00837025 0.00837025 0.00837025
 0.00837025 0.00837025 0.00837025 0.00837025 0.00837025 0.00837025]
Classification: 1.0 0.9399389209365456 225
本轮采样概率阵: [0.07060578 0.00837025 0.00837025 0.00837025 0.00837025 0.00837025
 0.00837025 0.00837025 0.00837025 0.00837025 0.00837025 0.4911525
 0.00837025 0.00837025 0.00837025 0.00837025 0.00837025 0.00837025
 0.21224489 0.00837025 0.00837025 0.00837025 0.00837025 0.00837025
 0.00837025 0.00837025 0.00837025 0.00837025 0.00837025 0.00837025]
客户端选择掩码: [1.0, 0.0, 1.0, 0.0, 1.0, 0.0, 1.0, 1.0, 0.0, 1.0, 0.0, 1.0, 0.0, 1.0, 1.0, 1.0, 0.0, 1.0, 1.0, 1.0, 1.0, 0.0, 0.0, 1.0, 1.0, 1.0, 1.0, 1.0, 1.0, 1.0]
/mnt/data/user_liangzhiyu/envs/fedcsl/lib/python3.8/site-packages/sklearn/utils/validation.py:63: RuntimeWarning:  Orthogonal matching pursuit ended prematurely due to linear
dependence in the dictionary. The requested precision might not have been met.

  return f(*args, **kwargs)
稀疏向量: [ 0.          2.99599364  0.          0.          0.          0.
  0.          0.          0.          0.          0.          0.
  1.92597194  0.          0.          0.          0.          0.
 -3.91418101  0.          0.          0.          0.          0.
  0.          0.          0.          0.          0.          0.        ]
更新后概率: [0.0082327  0.0082327  0.0082327  0.0082327  0.0082327  0.0082327
 0.0082327  0.0082327  0.0082327  0.0082327  0.0082327  0.0082327
 0.0082327  0.0082327  0.0082327  0.0082327  0.0082327  0.0082327
 0.76125157 0.0082327  0.0082327  0.0082327  0.0082327  0.0082327
 0.0082327  0.0082327  0.0082327  0.0082327  0.0082327  0.0082327 ]
Classification: 0.9785750722666213 0.9402782490668476 226
本轮采样概率阵: [0.0082327  0.0082327  0.0082327  0.0082327  0.0082327  0.0082327
 0.0082327  0.0082327  0.0082327  0.0082327  0.0082327  0.0082327
 0.0082327  0.0082327  0.0082327  0.0082327  0.0082327  0.0082327
 0.76125157 0.0082327  0.0082327  0.0082327  0.0082327  0.0082327
 0.0082327  0.0082327  0.0082327  0.0082327  0.0082327  0.0082327 ]
客户端选择掩码: [1.0, 0.0, 1.0, 1.0, 0.0, 1.0, 1.0, 1.0, 1.0, 1.0, 1.0, 1.0, 0.0, 1.0, 0.0, 0.0, 1.0, 0.0, 1.0, 1.0, 1.0, 1.0, 1.0, 1.0, 1.0, 0.0, 0.0, 1.0, 1.0, 0.0]
/mnt/data/user_liangzhiyu/envs/fedcsl/lib/python3.8/site-packages/sklearn/utils/validation.py:63: RuntimeWarning:  Orthogonal matching pursuit ended prematurely due to linear
dependence in the dictionary. The requested precision might not have been met.

  return f(*args, **kwargs)
稀疏向量: [0.00608483 0.         0.         0.         0.07754581 0.
 0.         0.         0.         0.         0.         0.91643152
 0.         0.         0.         0.         0.         0.
 0.         0.         0.         0.         0.         0.
 0.         0.         0.         0.         0.         0.        ]
更新后概率: [0.00826584 0.00826584 0.00826584 0.00826584 0.00826584 0.00826584
 0.00826584 0.00826584 0.00826584 0.00826584 0.00826584 0.76029062
 0.00826584 0.00826584 0.00826584 0.00826584 0.00826584 0.00826584
 0.00826584 0.00826584 0.00826584 0.00826584 0.00826584 0.00826584
 0.00826584 0.00826584 0.00826584 0.00826584 0.00826584 0.00826584]
Classification: 1.0 0.9406175771971497 227
本轮采样概率阵: [0.00826584 0.00826584 0.00826584 0.00826584 0.00826584 0.00826584
 0.00826584 0.00826584 0.00826584 0.00826584 0.00826584 0.76029062
 0.00826584 0.00826584 0.00826584 0.00826584 0.00826584 0.00826584
 0.00826584 0.00826584 0.00826584 0.00826584 0.00826584 0.00826584
 0.00826584 0.00826584 0.00826584 0.00826584 0.00826584 0.00826584]
客户端选择掩码: [1.0, 1.0, 0.0, 1.0, 1.0, 0.0, 1.0, 1.0, 1.0, 1.0, 0.0, 1.0, 1.0, 1.0, 0.0, 1.0, 1.0, 1.0, 1.0, 1.0, 1.0, 0.0, 1.0, 1.0, 0.0, 0.0, 0.0, 1.0, 1.0, 0.0]
/mnt/data/user_liangzhiyu/envs/fedcsl/lib/python3.8/site-packages/sklearn/utils/validation.py:63: RuntimeWarning:  Orthogonal matching pursuit ended prematurely due to linear
dependence in the dictionary. The requested precision might not have been met.

  return f(*args, **kwargs)
稀疏向量: [-0.72074335  0.          0.          0.          0.          0.
  0.          0.          0.          0.          0.          4.04586161
  0.          0.          0.          0.          0.          0.
 -2.32110357  0.          0.          0.          0.          0.
  0.          0.          0.          0.          0.          0.        ]
更新后概率: [0.07872506 0.00836395 0.00836395 0.00836395 0.00836395 0.00836395
 0.00836395 0.00836395 0.00836395 0.00836395 0.00836395 0.44191974
 0.00836395 0.00836395 0.00836395 0.00836395 0.00836395 0.00836395
 0.25352856 0.00836395 0.00836395 0.00836395 0.00836395 0.00836395
 0.00836395 0.00836395 0.00836395 0.00836395 0.00836395 0.00836395]
Classification: 0.9784050331576263 0.9395995928062436 228
本轮采样概率阵: [0.07872506 0.00836395 0.00836395 0.00836395 0.00836395 0.00836395
 0.00836395 0.00836395 0.00836395 0.00836395 0.00836395 0.44191974
 0.00836395 0.00836395 0.00836395 0.00836395 0.00836395 0.00836395
 0.25352856 0.00836395 0.00836395 0.00836395 0.00836395 0.00836395
 0.00836395 0.00836395 0.00836395 0.00836395 0.00836395 0.00836395]
客户端选择掩码: [1.0, 0.0, 1.0, 1.0, 1.0, 1.0, 1.0, 1.0, 0.0, 1.0, 1.0, 1.0, 0.0, 0.0, 0.0, 1.0, 1.0, 0.0, 1.0, 1.0, 0.0, 0.0, 1.0, 0.0, 1.0, 1.0, 1.0, 1.0, 1.0, 1.0]
/mnt/data/user_liangzhiyu/envs/fedcsl/lib/python3.8/site-packages/sklearn/utils/validation.py:63: RuntimeWarning:  Orthogonal matching pursuit ended prematurely due to linear
dependence in the dictionary. The requested precision might not have been met.

  return f(*args, **kwargs)
稀疏向量: [ 0.06975011  0.          0.          0.         -0.11575839  0.
  0.          0.          0.          1.0486389   0.          0.
  0.          0.          0.          0.          0.          0.
  0.          0.          0.          0.          0.          0.
  0.          0.          0.          0.          0.          0.        ]
更新后概率: [0.0437444  0.00837013 0.00837013 0.00837013 0.0725989  0.00837013
 0.00837013 0.00837013 0.00837013 0.65766315 0.00837013 0.00837013
 0.00837013 0.00837013 0.00837013 0.00837013 0.00837013 0.00837013
 0.00837013 0.00837013 0.00837013 0.00837013 0.00837013 0.00837013
 0.00837013 0.00837013 0.00837013 0.00837013 0.00837013 0.00837013]
Classification: 1.0 0.9402782490668476 229
本轮采样概率阵: [0.0437444  0.00837013 0.00837013 0.00837013 0.0725989  0.00837013
 0.00837013 0.00837013 0.00837013 0.65766315 0.00837013 0.00837013
 0.00837013 0.00837013 0.00837013 0.00837013 0.00837013 0.00837013
 0.00837013 0.00837013 0.00837013 0.00837013 0.00837013 0.00837013
 0.00837013 0.00837013 0.00837013 0.00837013 0.00837013 0.00837013]
客户端选择掩码: [1.0, 1.0, 0.0, 1.0, 1.0, 1.0, 0.0, 1.0, 1.0, 1.0, 0.0, 1.0, 0.0, 0.0, 1.0, 1.0, 1.0, 1.0, 0.0, 1.0, 1.0, 0.0, 0.0, 0.0, 1.0, 1.0, 1.0, 1.0, 1.0, 1.0]
/mnt/data/user_liangzhiyu/envs/fedcsl/lib/python3.8/site-packages/sklearn/utils/validation.py:63: RuntimeWarning:  Orthogonal matching pursuit ended prematurely due to linear
dependence in the dictionary. The requested precision might not have been met.

  return f(*args, **kwargs)
稀疏向量: [ 0.          0.          0.          0.          0.14364495  0.
  0.          0.          0.          0.          0.          0.86779311
  0.          0.          0.          0.          0.          0.
  0.          0.          0.          0.         -0.01125227  0.
  0.          0.          0.          0.          0.          0.        ]
更新后概率: [0.00830104 0.00830104 0.00830104 0.00830104 0.10901082 0.00830104
 0.00830104 0.00830104 0.00830104 0.00830104 0.00830104 0.65856012
 0.00830104 0.00830104 0.00830104 0.00830104 0.00830104 0.00830104
 0.00830104 0.00830104 0.00830104 0.00830104 0.00830104 0.00830104
 0.00830104 0.00830104 0.00830104 0.00830104 0.00830104 0.00830104]
Classification: 1.0 0.9395995928062436 230
本轮采样概率阵: [0.00830104 0.00830104 0.00830104 0.00830104 0.10901082 0.00830104
 0.00830104 0.00830104 0.00830104 0.00830104 0.00830104 0.65856012
 0.00830104 0.00830104 0.00830104 0.00830104 0.00830104 0.00830104
 0.00830104 0.00830104 0.00830104 0.00830104 0.00830104 0.00830104
 0.00830104 0.00830104 0.00830104 0.00830104 0.00830104 0.00830104]
客户端选择掩码: [1.0, 1.0, 1.0, 1.0, 1.0, 0.0, 0.0, 1.0, 1.0, 1.0, 0.0, 1.0, 1.0, 0.0, 1.0, 1.0, 1.0, 1.0, 0.0, 1.0, 1.0, 0.0, 1.0, 1.0, 0.0, 1.0, 1.0, 0.0, 0.0, 1.0]
/mnt/data/user_liangzhiyu/envs/fedcsl/lib/python3.8/site-packages/sklearn/utils/validation.py:63: RuntimeWarning:  Orthogonal matching pursuit ended prematurely due to linear
dependence in the dictionary. The requested precision might not have been met.

  return f(*args, **kwargs)
稀疏向量: [0.04196428 0.         0.         0.96051648 0.         0.
 0.         0.         0.         0.         0.         0.
 0.         0.         0.         0.         0.         0.
 0.         0.         0.         0.         0.         0.
 0.         0.         0.         0.         0.         0.        ]
更新后概率: [0.03213587 0.00829676 0.00829676 0.73555499 0.00829676 0.00829676
 0.00829676 0.00829676 0.00829676 0.00829676 0.00829676 0.00829676
 0.00829676 0.00829676 0.00829676 0.00829676 0.00829676 0.00829676
 0.00829676 0.00829676 0.00829676 0.00829676 0.00829676 0.00829676
 0.00829676 0.00829676 0.00829676 0.00829676 0.00829676 0.00829676]
Classification: 1.0 0.9402782490668476 231
本轮采样概率阵: [0.03213587 0.00829676 0.00829676 0.73555499 0.00829676 0.00829676
 0.00829676 0.00829676 0.00829676 0.00829676 0.00829676 0.00829676
 0.00829676 0.00829676 0.00829676 0.00829676 0.00829676 0.00829676
 0.00829676 0.00829676 0.00829676 0.00829676 0.00829676 0.00829676
 0.00829676 0.00829676 0.00829676 0.00829676 0.00829676 0.00829676]
客户端选择掩码: [1.0, 1.0, 1.0, 1.0, 1.0, 1.0, 1.0, 1.0, 1.0, 0.0, 0.0, 1.0, 0.0, 1.0, 0.0, 1.0, 1.0, 1.0, 0.0, 0.0, 1.0, 0.0, 1.0, 1.0, 1.0, 0.0, 0.0, 1.0, 1.0, 1.0]
/mnt/data/user_liangzhiyu/envs/fedcsl/lib/python3.8/site-packages/sklearn/utils/validation.py:63: RuntimeWarning:  Orthogonal matching pursuit ended prematurely due to linear
dependence in the dictionary. The requested precision might not have been met.

  return f(*args, **kwargs)
稀疏向量: [ 0.76371995  0.          0.          0.          0.          1.60734924
  0.          0.          0.          0.          0.          0.
  2.80611958  0.          0.          0.          0.          0.
 -3.2029908   0.          0.         -0.97053436  0.          0.
  0.          0.          0.          0.          0.          0.        ]
更新后概率: [0.24727516 0.00829649 0.00829649 0.00829649 0.00829649 0.52042315
 0.00829649 0.00829649 0.00829649 0.00829649 0.00829649 0.00829649
 0.00829649 0.00829649 0.00829649 0.00829649 0.00829649 0.00829649
 0.00829649 0.00829649 0.00829649 0.00829649 0.00829649 0.00829649
 0.00829649 0.00829649 0.00829649 0.00829649 0.00829649 0.00829649]
Classification: 0.9784050331576263 0.9406175771971497 232
本轮采样概率阵: [0.24727516 0.00829649 0.00829649 0.00829649 0.00829649 0.52042315
 0.00829649 0.00829649 0.00829649 0.00829649 0.00829649 0.00829649
 0.00829649 0.00829649 0.00829649 0.00829649 0.00829649 0.00829649
 0.00829649 0.00829649 0.00829649 0.00829649 0.00829649 0.00829649
 0.00829649 0.00829649 0.00829649 0.00829649 0.00829649 0.00829649]
客户端选择掩码: [1.0, 0.0, 1.0, 1.0, 1.0, 1.0, 1.0, 0.0, 0.0, 0.0, 1.0, 1.0, 1.0, 0.0, 1.0, 0.0, 1.0, 0.0, 1.0, 1.0, 1.0, 1.0, 0.0, 1.0, 1.0, 1.0, 1.0, 1.0, 0.0, 1.0]
/mnt/data/user_liangzhiyu/envs/fedcsl/lib/python3.8/site-packages/sklearn/utils/validation.py:63: RuntimeWarning:  Orthogonal matching pursuit ended prematurely due to linear
dependence in the dictionary. The requested precision might not have been met.

  return f(*args, **kwargs)
稀疏向量: [-0.03120703  0.          0.          0.          0.09600071  0.
  0.          0.          0.          0.          0.          0.93528405
  0.          0.          0.          0.          0.          0.
  0.          0.          0.          0.          0.          0.
  0.          0.          0.          0.          0.          0.        ]
更新后概率: [0.02273714 0.00836588 0.00836588 0.00836588 0.06994519 0.00836588
 0.00836588 0.00836588 0.00836588 0.00836588 0.00836588 0.6814389
 0.00836588 0.00836588 0.00836588 0.00836588 0.00836588 0.00836588
 0.00836588 0.00836588 0.00836588 0.00836588 0.00836588 0.00836588
 0.00836588 0.00836588 0.00836588 0.00836588 0.00836588 0.00836588]
Classification: 1.0 0.9402782490668476 233
本轮采样概率阵: [0.02273714 0.00836588 0.00836588 0.00836588 0.06994519 0.00836588
 0.00836588 0.00836588 0.00836588 0.00836588 0.00836588 0.6814389
 0.00836588 0.00836588 0.00836588 0.00836588 0.00836588 0.00836588
 0.00836588 0.00836588 0.00836588 0.00836588 0.00836588 0.00836588
 0.00836588 0.00836588 0.00836588 0.00836588 0.00836588 0.00836588]
客户端选择掩码: [1.0, 1.0, 0.0, 0.0, 1.0, 1.0, 1.0, 0.0, 0.0, 1.0, 1.0, 1.0, 0.0, 0.0, 1.0, 1.0, 1.0, 1.0, 0.0, 1.0, 1.0, 1.0, 0.0, 0.0, 1.0, 1.0, 1.0, 1.0, 1.0, 1.0]
/mnt/data/user_liangzhiyu/envs/fedcsl/lib/python3.8/site-packages/sklearn/utils/validation.py:63: RuntimeWarning:  Orthogonal matching pursuit ended prematurely due to linear
dependence in the dictionary. The requested precision might not have been met.

  return f(*args, **kwargs)
稀疏向量: [0.01554743 0.         0.         0.         0.         0.
 0.         0.         0.         0.98696441 0.         0.
 0.         0.         0.         0.         0.         0.
 0.         0.         0.         0.         0.         0.
 0.         0.         0.         0.         0.         0.        ]
更新后概率: [0.01190397 0.00830077 0.00830077 0.00830077 0.00830077 0.00830077
 0.00830077 0.00830077 0.00830077 0.75567435 0.00830077 0.00830077
 0.00830077 0.00830077 0.00830077 0.00830077 0.00830077 0.00830077
 0.00830077 0.00830077 0.00830077 0.00830077 0.00830077 0.00830077
 0.00830077 0.00830077 0.00830077 0.00830077 0.00830077 0.00830077]
Classification: 1.0 0.9395995928062436 234
本轮采样概率阵: [0.01190397 0.00830077 0.00830077 0.00830077 0.00830077 0.00830077
 0.00830077 0.00830077 0.00830077 0.75567435 0.00830077 0.00830077
 0.00830077 0.00830077 0.00830077 0.00830077 0.00830077 0.00830077
 0.00830077 0.00830077 0.00830077 0.00830077 0.00830077 0.00830077
 0.00830077 0.00830077 0.00830077 0.00830077 0.00830077 0.00830077]
客户端选择掩码: [1.0, 0.0, 1.0, 1.0, 1.0, 1.0, 1.0, 0.0, 0.0, 1.0, 1.0, 1.0, 1.0, 1.0, 0.0, 1.0, 1.0, 1.0, 0.0, 1.0, 0.0, 1.0, 1.0, 1.0, 1.0, 0.0, 0.0, 1.0, 1.0, 0.0]
/mnt/data/user_liangzhiyu/envs/fedcsl/lib/python3.8/site-packages/sklearn/utils/validation.py:63: RuntimeWarning:  Orthogonal matching pursuit ended prematurely due to linear
dependence in the dictionary. The requested precision might not have been met.

  return f(*args, **kwargs)
稀疏向量: [-0.01225566  0.          0.          1.74306874  0.          0.
  0.          0.          0.          0.          0.          0.
  0.          0.          0.          0.          0.          0.
  0.          0.         -0.72637177  0.          0.          0.
  0.          0.          0.          0.          0.          0.        ]
更新后概率: [0.00827244 0.00827244 0.00827244 0.76009911 0.00827244 0.00827244
 0.00827244 0.00827244 0.00827244 0.00827244 0.00827244 0.00827244
 0.00827244 0.00827244 0.00827244 0.00827244 0.00827244 0.00827244
 0.00827244 0.00827244 0.00827244 0.00827244 0.00827244 0.00827244
 0.00827244 0.00827244 0.00827244 0.00827244 0.00827244 0.00827244]
Classification: 1.0 0.9399389209365456 235
本轮采样概率阵: [0.00827244 0.00827244 0.00827244 0.76009911 0.00827244 0.00827244
 0.00827244 0.00827244 0.00827244 0.00827244 0.00827244 0.00827244
 0.00827244 0.00827244 0.00827244 0.00827244 0.00827244 0.00827244
 0.00827244 0.00827244 0.00827244 0.00827244 0.00827244 0.00827244
 0.00827244 0.00827244 0.00827244 0.00827244 0.00827244 0.00827244]
客户端选择掩码: [1.0, 1.0, 1.0, 1.0, 1.0, 0.0, 1.0, 1.0, 1.0, 1.0, 1.0, 0.0, 1.0, 1.0, 1.0, 1.0, 0.0, 0.0, 0.0, 0.0, 1.0, 0.0, 0.0, 1.0, 1.0, 1.0, 1.0, 1.0, 0.0, 1.0]
/mnt/data/user_liangzhiyu/envs/fedcsl/lib/python3.8/site-packages/sklearn/utils/validation.py:63: RuntimeWarning:  Orthogonal matching pursuit ended prematurely due to linear
dependence in the dictionary. The requested precision might not have been met.

  return f(*args, **kwargs)
稀疏向量: [ 0.4138402   0.          0.          0.          0.30833869  0.
  0.          0.          0.         -0.34854093  0.          0.
  0.6252082   0.          0.          0.          0.          0.
  0.          0.          0.          0.          0.          0.
  0.          0.          0.          0.          0.          0.        ]
更新后概率: [0.19050442 0.00843492 0.00843492 0.00843492 0.14193856 0.00843492
 0.00843492 0.00843492 0.00843492 0.16044499 0.00843492 0.00843492
 0.28780415 0.00843492 0.00843492 0.00843492 0.00843492 0.00843492
 0.00843492 0.00843492 0.00843492 0.00843492 0.00843492 0.00843492
 0.00843492 0.00843492 0.00843492 0.00843492 0.00843492 0.00843492]
Classification: 0.9784050331576263 0.9406175771971497 236
本轮采样概率阵: [0.19050442 0.00843492 0.00843492 0.00843492 0.14193856 0.00843492
 0.00843492 0.00843492 0.00843492 0.16044499 0.00843492 0.00843492
 0.28780415 0.00843492 0.00843492 0.00843492 0.00843492 0.00843492
 0.00843492 0.00843492 0.00843492 0.00843492 0.00843492 0.00843492
 0.00843492 0.00843492 0.00843492 0.00843492 0.00843492 0.00843492]
客户端选择掩码: [1.0, 1.0, 1.0, 0.0, 1.0, 0.0, 1.0, 1.0, 0.0, 1.0, 0.0, 0.0, 1.0, 0.0, 1.0, 1.0, 1.0, 0.0, 1.0, 1.0, 1.0, 1.0, 1.0, 1.0, 1.0, 1.0, 0.0, 1.0, 0.0, 1.0]
/mnt/data/user_liangzhiyu/envs/fedcsl/lib/python3.8/site-packages/sklearn/utils/validation.py:63: RuntimeWarning:  Orthogonal matching pursuit ended prematurely due to linear
dependence in the dictionary. The requested precision might not have been met.

  return f(*args, **kwargs)
稀疏向量: [ 0.23572744  0.          0.          1.14564511  0.20647593 -0.74189092
  0.          0.          0.          0.          0.          0.
  0.15821533  0.          0.          0.          0.          0.
  0.          0.          0.          0.          0.          0.
  0.          0.          0.          0.          0.          0.        ]
更新后概率: [0.3038314  0.00837461 0.00837461 0.00837461 0.26612885 0.00837461
 0.00837461 0.00837461 0.00837461 0.00837461 0.00837461 0.00837461
 0.20392529 0.00837461 0.00837461 0.00837461 0.00837461 0.00837461
 0.00837461 0.00837461 0.00837461 0.00837461 0.00837461 0.00837461
 0.00837461 0.00837461 0.00837461 0.00837461 0.00837461 0.00837461]
Classification: 1.0 0.9402782490668476 237
本轮采样概率阵: [0.3038314  0.00837461 0.00837461 0.00837461 0.26612885 0.00837461
 0.00837461 0.00837461 0.00837461 0.00837461 0.00837461 0.00837461
 0.20392529 0.00837461 0.00837461 0.00837461 0.00837461 0.00837461
 0.00837461 0.00837461 0.00837461 0.00837461 0.00837461 0.00837461
 0.00837461 0.00837461 0.00837461 0.00837461 0.00837461 0.00837461]
客户端选择掩码: [1.0, 0.0, 1.0, 1.0, 1.0, 0.0, 0.0, 1.0, 1.0, 1.0, 0.0, 0.0, 1.0, 1.0, 1.0, 0.0, 1.0, 0.0, 1.0, 1.0, 1.0, 1.0, 1.0, 1.0, 0.0, 1.0, 0.0, 1.0, 1.0, 1.0]
/mnt/data/user_liangzhiyu/envs/fedcsl/lib/python3.8/site-packages/sklearn/utils/validation.py:63: RuntimeWarning:  Orthogonal matching pursuit ended prematurely due to linear
dependence in the dictionary. The requested precision might not have been met.

  return f(*args, **kwargs)
稀疏向量: [0.01693706 0.         0.         0.90341104 0.08198121 0.
 0.         0.         0.         0.         0.         0.
 0.         0.         0.         0.         0.         0.
 0.         0.         0.         0.         0.         0.
 0.         0.         0.         0.         0.         0.        ]
更新后概率: [0.01307862 0.0083708  0.0083708  0.69760463 0.06330504 0.0083708
 0.0083708  0.0083708  0.0083708  0.0083708  0.0083708  0.0083708
 0.0083708  0.0083708  0.0083708  0.0083708  0.0083708  0.0083708
 0.0083708  0.0083708  0.0083708  0.0083708  0.0083708  0.0083708
 0.0083708  0.0083708  0.0083708  0.0083708  0.0083708  0.0083708 ]
Classification: 1.0 0.9406175771971497 238
本轮采样概率阵: [0.01307862 0.0083708  0.0083708  0.69760463 0.06330504 0.0083708
 0.0083708  0.0083708  0.0083708  0.0083708  0.0083708  0.0083708
 0.0083708  0.0083708  0.0083708  0.0083708  0.0083708  0.0083708
 0.0083708  0.0083708  0.0083708  0.0083708  0.0083708  0.0083708
 0.0083708  0.0083708  0.0083708  0.0083708  0.0083708  0.0083708 ]
客户端选择掩码: [1.0, 1.0, 0.0, 1.0, 1.0, 0.0, 1.0, 0.0, 1.0, 0.0, 1.0, 1.0, 1.0, 1.0, 1.0, 1.0, 0.0, 1.0, 0.0, 0.0, 1.0, 1.0, 0.0, 1.0, 0.0, 1.0, 1.0, 1.0, 1.0, 1.0]
/mnt/data/user_liangzhiyu/envs/fedcsl/lib/python3.8/site-packages/sklearn/utils/validation.py:63: RuntimeWarning:  Orthogonal matching pursuit ended prematurely due to linear
dependence in the dictionary. The requested precision might not have been met.

  return f(*args, **kwargs)
稀疏向量: [ 0.08032511  0.          0.          0.         -0.06633593  0.
  0.          0.          0.          0.98841939  0.          0.
  0.          0.          0.          0.          0.          0.
  0.          0.          0.          0.          0.          0.
  0.          0.          0.          0.          0.          0.        ]
更新后概率: [0.42039188 0.00830109 0.00830109 0.00830109 0.34717769 0.00830109
 0.00830109 0.00830109 0.00830109 0.00830109 0.00830109 0.00830109
 0.00830109 0.00830109 0.00830109 0.00830109 0.00830109 0.00830109
 0.00830109 0.00830109 0.00830109 0.00830109 0.00830109 0.00830109
 0.00830109 0.00830109 0.00830109 0.00830109 0.00830109 0.00830109]
Classification: 1.0 0.9399389209365456 239
本轮采样概率阵: [0.42039188 0.00830109 0.00830109 0.00830109 0.34717769 0.00830109
 0.00830109 0.00830109 0.00830109 0.00830109 0.00830109 0.00830109
 0.00830109 0.00830109 0.00830109 0.00830109 0.00830109 0.00830109
 0.00830109 0.00830109 0.00830109 0.00830109 0.00830109 0.00830109
 0.00830109 0.00830109 0.00830109 0.00830109 0.00830109 0.00830109]
客户端选择掩码: [1.0, 0.0, 1.0, 0.0, 1.0, 0.0, 1.0, 1.0, 1.0, 1.0, 1.0, 0.0, 1.0, 0.0, 1.0, 1.0, 1.0, 1.0, 0.0, 0.0, 1.0, 1.0, 0.0, 1.0, 1.0, 0.0, 1.0, 1.0, 1.0, 1.0]
/mnt/data/user_liangzhiyu/envs/fedcsl/lib/python3.8/site-packages/sklearn/utils/validation.py:63: RuntimeWarning:  Orthogonal matching pursuit ended prematurely due to linear
dependence in the dictionary. The requested precision might not have been met.

  return f(*args, **kwargs)
稀疏向量: [0.22975906 0.         0.         0.         0.         0.
 0.         0.         0.         0.44262919 0.         0.
 0.         0.         0.         0.         0.         0.
 0.         0.         0.         0.         0.32680987 0.
 0.         0.         0.         0.         0.         0.        ]
更新后概率: [0.26232449 0.00829676 0.00829676 0.00829676 0.00829676 0.00829676
 0.00829676 0.00829676 0.00829676 0.50536627 0.00829676 0.00829676
 0.00829676 0.00829676 0.00829676 0.00829676 0.00829676 0.00829676
 0.00829676 0.00829676 0.00829676 0.00829676 0.00829676 0.00829676
 0.00829676 0.00829676 0.00829676 0.00829676 0.00829676 0.00829676]
Classification: 0.9780649549396361 0.9402782490668476 240
本轮采样概率阵: [0.26232449 0.00829676 0.00829676 0.00829676 0.00829676 0.00829676
 0.00829676 0.00829676 0.00829676 0.50536627 0.00829676 0.00829676
 0.00829676 0.00829676 0.00829676 0.00829676 0.00829676 0.00829676
 0.00829676 0.00829676 0.00829676 0.00829676 0.00829676 0.00829676
 0.00829676 0.00829676 0.00829676 0.00829676 0.00829676 0.00829676]
客户端选择掩码: [1.0, 1.0, 1.0, 1.0, 0.0, 1.0, 0.0, 0.0, 1.0, 1.0, 1.0, 1.0, 1.0, 1.0, 1.0, 1.0, 1.0, 0.0, 1.0, 0.0, 1.0, 0.0, 0.0, 1.0, 1.0, 1.0, 0.0, 0.0, 1.0, 1.0]
/mnt/data/user_liangzhiyu/envs/fedcsl/lib/python3.8/site-packages/sklearn/utils/validation.py:63: RuntimeWarning:  Orthogonal matching pursuit ended prematurely due to linear
dependence in the dictionary. The requested precision might not have been met.

  return f(*args, **kwargs)
稀疏向量: [ 0.45362681  0.          0.          0.          0.08994057  0.
  0.          0.          0.          0.          0.          1.0022353
  0.          0.91592188  0.          0.          0.          0.
  0.          0.          0.          0.          0.          0.
  0.          0.          0.          0.         -1.46453422  0.        ]
更新后概率: [0.09230843 0.00843648 0.00843648 0.00843648 0.00843648 0.00843648
 0.00843648 0.00843648 0.00843648 0.00843648 0.00843648 0.20394467
 0.00843648 0.18638076 0.00843648 0.00843648 0.00843648 0.00843648
 0.00843648 0.00843648 0.00843648 0.00843648 0.00843648 0.00843648
 0.00843648 0.00843648 0.00843648 0.00843648 0.29801778 0.00843648]
Classification: 0.9780649549396361 0.9399389209365456 241
本轮采样概率阵: [0.09230843 0.00843648 0.00843648 0.00843648 0.00843648 0.00843648
 0.00843648 0.00843648 0.00843648 0.00843648 0.00843648 0.20394467
 0.00843648 0.18638076 0.00843648 0.00843648 0.00843648 0.00843648
 0.00843648 0.00843648 0.00843648 0.00843648 0.00843648 0.00843648
 0.00843648 0.00843648 0.00843648 0.00843648 0.29801778 0.00843648]
客户端选择掩码: [1.0, 1.0, 1.0, 1.0, 0.0, 1.0, 0.0, 1.0, 1.0, 1.0, 0.0, 1.0, 1.0, 1.0, 1.0, 1.0, 0.0, 1.0, 0.0, 1.0, 0.0, 1.0, 1.0, 1.0, 0.0, 1.0, 0.0, 0.0, 1.0, 1.0]
/mnt/data/user_liangzhiyu/envs/fedcsl/lib/python3.8/site-packages/sklearn/utils/validation.py:63: RuntimeWarning:  Orthogonal matching pursuit ended prematurely due to linear
dependence in the dictionary. The requested precision might not have been met.

  return f(*args, **kwargs)
稀疏向量: [ 0.41253572  0.          0.          0.          0.51099001  0.
  0.          0.          0.         -0.78992361  0.          0.
  0.86414688  0.          0.          0.          0.          0.
  0.          0.          0.          0.          0.          0.
  0.          0.          0.          0.          0.          0.        ]
更新后概率: [0.15448243 0.00837471 0.00837471 0.00837471 0.00837471 0.00837471
 0.00837471 0.00837471 0.00837471 0.29580303 0.00837471 0.00837471
 0.32359745 0.00837471 0.00837471 0.00837471 0.00837471 0.00837471
 0.00837471 0.00837471 0.00837471 0.00837471 0.00837471 0.00837471
 0.00837471 0.00837471 0.00837471 0.00837471 0.00837471 0.00837471]
Classification: 0.9780649549396361 0.9406175771971497 242
本轮采样概率阵: [0.15448243 0.00837471 0.00837471 0.00837471 0.00837471 0.00837471
 0.00837471 0.00837471 0.00837471 0.29580303 0.00837471 0.00837471
 0.32359745 0.00837471 0.00837471 0.00837471 0.00837471 0.00837471
 0.00837471 0.00837471 0.00837471 0.00837471 0.00837471 0.00837471
 0.00837471 0.00837471 0.00837471 0.00837471 0.00837471 0.00837471]
客户端选择掩码: [1.0, 1.0, 1.0, 0.0, 1.0, 0.0, 1.0, 1.0, 0.0, 1.0, 1.0, 1.0, 1.0, 1.0, 1.0, 0.0, 0.0, 1.0, 1.0, 1.0, 0.0, 1.0, 1.0, 0.0, 0.0, 0.0, 1.0, 1.0, 1.0, 1.0]
/mnt/data/user_liangzhiyu/envs/fedcsl/lib/python3.8/site-packages/sklearn/utils/validation.py:63: RuntimeWarning:  Orthogonal matching pursuit ended prematurely due to linear
dependence in the dictionary. The requested precision might not have been met.

  return f(*args, **kwargs)
稀疏向量: [-0.52041376  0.          0.          0.          0.          0.
  0.          0.          0.          0.          0.          2.20522921
  0.          0.23969025  0.          0.          0.          0.
 -0.92281905  0.          0.          0.          0.          0.
  0.          0.          0.          0.          0.          0.        ]
更新后概率: [0.10446974 0.00844147 0.00844147 0.00844147 0.00844147 0.00844147
 0.00844147 0.00844147 0.00844147 0.00844147 0.00844147 0.44268568
 0.00844147 0.04811629 0.00844147 0.00844147 0.00844147 0.00844147
 0.18525003 0.00844147 0.00844147 0.00844147 0.00844147 0.00844147
 0.00844147 0.00844147 0.00844147 0.00844147 0.00844147 0.00844147]
Classification: 1.0 0.9402782490668476 243
本轮采样概率阵: [0.10446974 0.00844147 0.00844147 0.00844147 0.00844147 0.00844147
 0.00844147 0.00844147 0.00844147 0.00844147 0.00844147 0.44268568
 0.00844147 0.04811629 0.00844147 0.00844147 0.00844147 0.00844147
 0.18525003 0.00844147 0.00844147 0.00844147 0.00844147 0.00844147
 0.00844147 0.00844147 0.00844147 0.00844147 0.00844147 0.00844147]
客户端选择掩码: [1.0, 1.0, 0.0, 1.0, 1.0, 1.0, 0.0, 1.0, 1.0, 0.0, 1.0, 1.0, 0.0, 1.0, 1.0, 1.0, 1.0, 1.0, 1.0, 0.0, 1.0, 0.0, 1.0, 1.0, 0.0, 1.0, 0.0, 1.0, 1.0, 0.0]
/mnt/data/user_liangzhiyu/envs/fedcsl/lib/python3.8/site-packages/sklearn/utils/validation.py:63: RuntimeWarning:  Orthogonal matching pursuit ended prematurely due to linear
dependence in the dictionary. The requested precision might not have been met.

  return f(*args, **kwargs)
稀疏向量: [ 0.03416927  0.          0.          0.         -0.15048709  0.
  0.          0.          0.          0.          0.          0.
  0.          0.          0.          0.          0.          0.
  0.          0.          0.          0.          0.          0.
  0.          0.          0.          1.11527628  0.          0.        ]
更新后概率: [0.02034161 0.00837502 0.00837502 0.00837502 0.0895878  0.00837502
 0.00837502 0.00837502 0.00837502 0.00837502 0.00837502 0.00837502
 0.00837502 0.00837502 0.00837502 0.00837502 0.00837502 0.00837502
 0.00837502 0.00837502 0.00837502 0.00837502 0.00837502 0.00837502
 0.00837502 0.00837502 0.00837502 0.66394498 0.00837502 0.00837502]
Classification: 0.977724876721646 0.9416355615880556 244
本轮采样概率阵: [0.02034161 0.00837502 0.00837502 0.00837502 0.0895878  0.00837502
 0.00837502 0.00837502 0.00837502 0.00837502 0.00837502 0.00837502
 0.00837502 0.00837502 0.00837502 0.00837502 0.00837502 0.00837502
 0.00837502 0.00837502 0.00837502 0.00837502 0.00837502 0.00837502
 0.00837502 0.00837502 0.00837502 0.66394498 0.00837502 0.00837502]
客户端选择掩码: [1.0, 0.0, 1.0, 1.0, 1.0, 1.0, 0.0, 1.0, 1.0, 0.0, 1.0, 0.0, 1.0, 0.0, 1.0, 0.0, 1.0, 1.0, 0.0, 1.0, 1.0, 1.0, 0.0, 1.0, 1.0, 1.0, 1.0, 1.0, 1.0, 0.0]
/mnt/data/user_liangzhiyu/envs/fedcsl/lib/python3.8/site-packages/sklearn/utils/validation.py:63: RuntimeWarning:  Orthogonal matching pursuit ended prematurely due to linear
dependence in the dictionary. The requested precision might not have been met.

  return f(*args, **kwargs)
稀疏向量: [ 0.00745819  0.          0.          0.         -0.10568565  0.
  0.          0.          0.          1.10081925  0.          0.
  0.          0.          0.          0.          0.          0.
  0.          0.          0.          0.          0.          0.
  0.          0.          0.          0.          0.          0.        ]
更新后概率: [0.05059599 0.00830135 0.00830135 0.00830135 0.71696619 0.00830135
 0.00830135 0.00830135 0.00830135 0.00830135 0.00830135 0.00830135
 0.00830135 0.00830135 0.00830135 0.00830135 0.00830135 0.00830135
 0.00830135 0.00830135 0.00830135 0.00830135 0.00830135 0.00830135
 0.00830135 0.00830135 0.00830135 0.00830135 0.00830135 0.00830135]
Classification: 0.977724876721646 0.9416355615880556 245
本轮采样概率阵: [0.05059599 0.00830135 0.00830135 0.00830135 0.71696619 0.00830135
 0.00830135 0.00830135 0.00830135 0.00830135 0.00830135 0.00830135
 0.00830135 0.00830135 0.00830135 0.00830135 0.00830135 0.00830135
 0.00830135 0.00830135 0.00830135 0.00830135 0.00830135 0.00830135
 0.00830135 0.00830135 0.00830135 0.00830135 0.00830135 0.00830135]
客户端选择掩码: [1.0, 1.0, 0.0, 1.0, 1.0, 0.0, 1.0, 1.0, 0.0, 1.0, 1.0, 0.0, 1.0, 0.0, 1.0, 1.0, 1.0, 1.0, 0.0, 1.0, 1.0, 0.0, 0.0, 1.0, 1.0, 1.0, 1.0, 1.0, 1.0, 0.0]
/mnt/data/user_liangzhiyu/envs/fedcsl/lib/python3.8/site-packages/sklearn/utils/validation.py:63: RuntimeWarning:  Orthogonal matching pursuit ended prematurely due to linear
dependence in the dictionary. The requested precision might not have been met.

  return f(*args, **kwargs)
稀疏向量: [-1.13936521  0.          0.          0.         -0.44843358  0.
  0.          0.          0.          0.          0.          4.11577361
 -1.52710334  0.          0.          0.          0.          0.
  0.          0.          0.          0.          0.          0.
  0.          0.          0.          0.          0.          0.        ]
更新后概率: [0.28315413 0.00836619 0.00836619 0.00836619 0.11144435 0.00836619
 0.00836619 0.00836619 0.00836619 0.00836619 0.00836619 0.00836619
 0.3795145  0.00836619 0.00836619 0.00836619 0.00836619 0.00836619
 0.00836619 0.00836619 0.00836619 0.00836619 0.00836619 0.00836619
 0.00836619 0.00836619 0.00836619 0.00836619 0.00836619 0.00836619]
Classification: 0.977894915830641 0.9399389209365456 246
本轮采样概率阵: [0.28315413 0.00836619 0.00836619 0.00836619 0.11144435 0.00836619
 0.00836619 0.00836619 0.00836619 0.00836619 0.00836619 0.00836619
 0.3795145  0.00836619 0.00836619 0.00836619 0.00836619 0.00836619
 0.00836619 0.00836619 0.00836619 0.00836619 0.00836619 0.00836619
 0.00836619 0.00836619 0.00836619 0.00836619 0.00836619 0.00836619]
客户端选择掩码: [1.0, 1.0, 1.0, 1.0, 1.0, 1.0, 0.0, 1.0, 1.0, 0.0, 1.0, 1.0, 1.0, 0.0, 1.0, 1.0, 1.0, 1.0, 0.0, 0.0, 1.0, 0.0, 0.0, 1.0, 1.0, 1.0, 1.0, 1.0, 0.0, 0.0]
/mnt/data/user_liangzhiyu/envs/fedcsl/lib/python3.8/site-packages/sklearn/utils/validation.py:63: RuntimeWarning:  Orthogonal matching pursuit ended prematurely due to linear
dependence in the dictionary. The requested precision might not have been met.

  return f(*args, **kwargs)
稀疏向量: [-0.44557661  0.          0.          0.          0.          0.
  0.          0.          0.          0.          0.          2.26639129
  0.          0.          0.          0.          0.          0.
 -0.81951126  0.          0.          0.          0.          0.
  0.          0.          0.          0.          0.          0.        ]
更新后概率: [0.12611311 0.00830079 0.00830079 0.00830079 0.00830079 0.00830079
 0.00830079 0.00830079 0.00830079 0.00830079 0.00830079 0.6414647
 0.00830079 0.00830079 0.00830079 0.00830079 0.00830079 0.00830079
 0.00830079 0.00830079 0.00830079 0.00830079 0.00830079 0.00830079
 0.00830079 0.00830079 0.00830079 0.00830079 0.00830079 0.00830079]
Classification: 0.977894915830641 0.9409569053274517 247
本轮采样概率阵: [0.12611311 0.00830079 0.00830079 0.00830079 0.00830079 0.00830079
 0.00830079 0.00830079 0.00830079 0.00830079 0.00830079 0.6414647
 0.00830079 0.00830079 0.00830079 0.00830079 0.00830079 0.00830079
 0.00830079 0.00830079 0.00830079 0.00830079 0.00830079 0.00830079
 0.00830079 0.00830079 0.00830079 0.00830079 0.00830079 0.00830079]
客户端选择掩码: [1.0, 0.0, 1.0, 1.0, 1.0, 1.0, 1.0, 1.0, 1.0, 1.0, 0.0, 1.0, 1.0, 1.0, 1.0, 1.0, 0.0, 0.0, 1.0, 0.0, 1.0, 0.0, 1.0, 1.0, 1.0, 1.0, 0.0, 0.0, 0.0, 1.0]
/mnt/data/user_liangzhiyu/envs/fedcsl/lib/python3.8/site-packages/sklearn/utils/validation.py:63: RuntimeWarning:  Orthogonal matching pursuit ended prematurely due to linear
dependence in the dictionary. The requested precision might not have been met.

  return f(*args, **kwargs)
稀疏向量: [-0.05404441  0.          0.          0.          0.13770627  0.
  0.          0.          0.          0.          0.          0.
  0.          0.          0.          0.          0.          0.91791768
  0.          0.          0.          0.          0.          0.
  0.          0.          0.          0.          0.          0.        ]
更新后概率: [0.21637166 0.00829675 0.00829675 0.00829675 0.55131948 0.00829675
 0.00829675 0.00829675 0.00829675 0.00829675 0.00829675 0.00829675
 0.00829675 0.00829675 0.00829675 0.00829675 0.00829675 0.00829675
 0.00829675 0.00829675 0.00829675 0.00829675 0.00829675 0.00829675
 0.00829675 0.00829675 0.00829675 0.00829675 0.00829675 0.00829675]
Classification: 0.9782349940486312 0.9406175771971497 248
本轮采样概率阵: [0.21637166 0.00829675 0.00829675 0.00829675 0.55131948 0.00829675
 0.00829675 0.00829675 0.00829675 0.00829675 0.00829675 0.00829675
 0.00829675 0.00829675 0.00829675 0.00829675 0.00829675 0.00829675
 0.00829675 0.00829675 0.00829675 0.00829675 0.00829675 0.00829675
 0.00829675 0.00829675 0.00829675 0.00829675 0.00829675 0.00829675]
客户端选择掩码: [1.0, 0.0, 1.0, 1.0, 1.0, 0.0, 1.0, 1.0, 1.0, 1.0, 1.0, 0.0, 0.0, 1.0, 1.0, 1.0, 1.0, 1.0, 1.0, 0.0, 0.0, 0.0, 1.0, 0.0, 1.0, 1.0, 1.0, 1.0, 0.0, 1.0]
/mnt/data/user_liangzhiyu/envs/fedcsl/lib/python3.8/site-packages/sklearn/utils/validation.py:63: RuntimeWarning:  Orthogonal matching pursuit ended prematurely due to linear
dependence in the dictionary. The requested precision might not have been met.

  return f(*args, **kwargs)
稀疏向量: [5.31336116e-04 0.00000000e+00 0.00000000e+00 0.00000000e+00
 4.70992308e-02 0.00000000e+00 0.00000000e+00 0.00000000e+00
 0.00000000e+00 0.00000000e+00 0.00000000e+00 0.00000000e+00
 0.00000000e+00 0.00000000e+00 0.00000000e+00 0.00000000e+00
 0.00000000e+00 0.00000000e+00 0.00000000e+00 9.46344635e-01
 0.00000000e+00 0.00000000e+00 0.00000000e+00 0.00000000e+00
 0.00000000e+00 0.00000000e+00 0.00000000e+00 0.00000000e+00
 0.00000000e+00 0.00000000e+00]
更新后概率: [0.00856394 0.00829651 0.00829651 0.00829651 0.75913368 0.00829651
 0.00829651 0.00829651 0.00829651 0.00829651 0.00829651 0.00829651
 0.00829651 0.00829651 0.00829651 0.00829651 0.00829651 0.00829651
 0.00829651 0.00829651 0.00829651 0.00829651 0.00829651 0.00829651
 0.00829651 0.00829651 0.00829651 0.00829651 0.00829651 0.00829651]
Classification: 0.9780649549396361 0.9406175771971497 249
本轮采样概率阵: [0.00856394 0.00829651 0.00829651 0.00829651 0.75913368 0.00829651
 0.00829651 0.00829651 0.00829651 0.00829651 0.00829651 0.00829651
 0.00829651 0.00829651 0.00829651 0.00829651 0.00829651 0.00829651
 0.00829651 0.00829651 0.00829651 0.00829651 0.00829651 0.00829651
 0.00829651 0.00829651 0.00829651 0.00829651 0.00829651 0.00829651]
客户端选择掩码: [1.0, 1.0, 1.0, 1.0, 1.0, 1.0, 0.0, 1.0, 1.0, 0.0, 1.0, 1.0, 0.0, 1.0, 0.0, 1.0, 0.0, 1.0, 0.0, 1.0, 1.0, 0.0, 1.0, 1.0, 0.0, 1.0, 1.0, 0.0, 1.0, 1.0]
/mnt/data/user_liangzhiyu/envs/fedcsl/lib/python3.8/site-packages/sklearn/utils/validation.py:63: RuntimeWarning:  Orthogonal matching pursuit ended prematurely due to linear
dependence in the dictionary. The requested precision might not have been met.

  return f(*args, **kwargs)
稀疏向量: [ 0.          0.          0.          0.         -1.9247764   0.
  0.          0.          0.          7.28233124  0.          0.
 -1.32603047  0.          0.         -3.01702355  0.          0.
  0.          0.          0.          0.          0.          0.
  0.          0.          0.          0.          0.          0.        ]
更新后概率: [0.00829647 0.00829647 0.00829647 0.00829647 0.29901016 0.00829647
 0.00829647 0.00829647 0.00829647 0.00829647 0.00829647 0.00829647
 0.00829647 0.00829647 0.00829647 0.46868857 0.00829647 0.00829647
 0.00829647 0.00829647 0.00829647 0.00829647 0.00829647 0.00829647
 0.00829647 0.00829647 0.00829647 0.00829647 0.00829647 0.00829647]
Classification: 0.977724876721646 0.9412962334577536 250
本轮采样概率阵: [0.00829647 0.00829647 0.00829647 0.00829647 0.29901016 0.00829647
 0.00829647 0.00829647 0.00829647 0.00829647 0.00829647 0.00829647
 0.00829647 0.00829647 0.00829647 0.46868857 0.00829647 0.00829647
 0.00829647 0.00829647 0.00829647 0.00829647 0.00829647 0.00829647
 0.00829647 0.00829647 0.00829647 0.00829647 0.00829647 0.00829647]
客户端选择掩码: [0.0, 1.0, 0.0, 1.0, 1.0, 1.0, 1.0, 1.0, 1.0, 1.0, 1.0, 0.0, 1.0, 1.0, 1.0, 1.0, 1.0, 1.0, 1.0, 0.0, 1.0, 0.0, 0.0, 1.0, 1.0, 0.0, 0.0, 1.0, 1.0, 0.0]
/mnt/data/user_liangzhiyu/envs/fedcsl/lib/python3.8/site-packages/sklearn/utils/validation.py:63: RuntimeWarning:  Orthogonal matching pursuit ended prematurely due to linear
dependence in the dictionary. The requested precision might not have been met.

  return f(*args, **kwargs)
稀疏向量: [-1.05109024  0.          0.          0.          0.          0.
  0.          0.          0.          0.          0.          4.88829544
  0.          0.          0.          0.          0.          0.
 -2.83276492  0.          0.          0.          0.          0.
  0.          0.          0.          0.          0.          0.        ]
更新后概率: [0.00822821 0.00822821 0.00822821 0.00822821 0.00822821 0.00822821
 0.00822821 0.00822821 0.00822821 0.00822821 0.00822821 0.00822821
 0.00822821 0.00822821 0.00822821 0.00822821 0.00822821 0.00822821
 0.76138201 0.00822821 0.00822821 0.00822821 0.00822821 0.00822821
 0.00822821 0.00822821 0.00822821 0.00822821 0.00822821 0.00822821]
Classification: 0.977724876721646 0.9406175771971497 251
本轮采样概率阵: [0.00822821 0.00822821 0.00822821 0.00822821 0.00822821 0.00822821
 0.00822821 0.00822821 0.00822821 0.00822821 0.00822821 0.00822821
 0.00822821 0.00822821 0.00822821 0.00822821 0.00822821 0.00822821
 0.76138201 0.00822821 0.00822821 0.00822821 0.00822821 0.00822821
 0.00822821 0.00822821 0.00822821 0.00822821 0.00822821 0.00822821]
客户端选择掩码: [0.0, 0.0, 0.0, 1.0, 0.0, 1.0, 1.0, 1.0, 1.0, 1.0, 1.0, 1.0, 0.0, 1.0, 1.0, 0.0, 1.0, 0.0, 1.0, 1.0, 0.0, 1.0, 1.0, 1.0, 0.0, 1.0, 1.0, 1.0, 1.0, 1.0]
/mnt/data/user_liangzhiyu/envs/fedcsl/lib/python3.8/site-packages/sklearn/utils/validation.py:63: RuntimeWarning:  Orthogonal matching pursuit ended prematurely due to linear
dependence in the dictionary. The requested precision might not have been met.

  return f(*args, **kwargs)
稀疏向量: [-1.97991341  0.          0.          0.         -2.45589026  8.68074485
  0.          0.          0.          0.          0.          0.
  0.          0.          0.          0.          0.          0.
  0.          0.          0.          0.         -3.24268069  0.
  0.          0.          0.          0.          0.          0.        ]
更新后概率: [0.00829224 0.00829224 0.00829224 0.00829224 0.00829224 0.55900251
 0.00829224 0.00829224 0.00829224 0.00829224 0.00829224 0.00829224
 0.00829224 0.00829224 0.00829224 0.00829224 0.00829224 0.00829224
 0.00829224 0.00829224 0.00829224 0.00829224 0.20881464 0.00829224
 0.00829224 0.00829224 0.00829224 0.00829224 0.00829224 0.00829224]
Classification: 0.9775548376126509 0.9412962334577536 252
本轮采样概率阵: [0.00829224 0.00829224 0.00829224 0.00829224 0.00829224 0.55900251
 0.00829224 0.00829224 0.00829224 0.00829224 0.00829224 0.00829224
 0.00829224 0.00829224 0.00829224 0.00829224 0.00829224 0.00829224
 0.00829224 0.00829224 0.00829224 0.00829224 0.20881464 0.00829224
 0.00829224 0.00829224 0.00829224 0.00829224 0.00829224 0.00829224]
客户端选择掩码: [1.0, 0.0, 1.0, 1.0, 1.0, 1.0, 1.0, 1.0, 0.0, 1.0, 1.0, 1.0, 1.0, 0.0, 0.0, 1.0, 1.0, 0.0, 1.0, 0.0, 1.0, 1.0, 1.0, 0.0, 1.0, 0.0, 1.0, 1.0, 0.0, 1.0]
/mnt/data/user_liangzhiyu/envs/fedcsl/lib/python3.8/site-packages/sklearn/utils/validation.py:63: RuntimeWarning:  Orthogonal matching pursuit ended prematurely due to linear
dependence in the dictionary. The requested precision might not have been met.

  return f(*args, **kwargs)
稀疏向量: [-0.01534709  0.          0.          0.96818061  0.04948826  0.
  0.          0.          0.          0.          0.          0.
  0.          0.          0.          0.          0.          0.
  0.          0.          0.          0.          0.          0.
  0.          0.          0.          0.          0.          0.        ]
更新后概率: [0.0115009  0.00836561 0.00836561 0.72554169 0.03708585 0.00836561
 0.00836561 0.00836561 0.00836561 0.00836561 0.00836561 0.00836561
 0.00836561 0.00836561 0.00836561 0.00836561 0.00836561 0.00836561
 0.00836561 0.00836561 0.00836561 0.00836561 0.00836561 0.00836561
 0.00836561 0.00836561 0.00836561 0.00836561 0.00836561 0.00836561]
Classification: 0.977724876721646 0.9406175771971497 253
本轮采样概率阵: [0.0115009  0.00836561 0.00836561 0.72554169 0.03708585 0.00836561
 0.00836561 0.00836561 0.00836561 0.00836561 0.00836561 0.00836561
 0.00836561 0.00836561 0.00836561 0.00836561 0.00836561 0.00836561
 0.00836561 0.00836561 0.00836561 0.00836561 0.00836561 0.00836561
 0.00836561 0.00836561 0.00836561 0.00836561 0.00836561 0.00836561]
客户端选择掩码: [0.0, 0.0, 1.0, 1.0, 1.0, 1.0, 1.0, 1.0, 0.0, 1.0, 1.0, 1.0, 1.0, 0.0, 1.0, 1.0, 0.0, 1.0, 0.0, 0.0, 0.0, 1.0, 1.0, 1.0, 0.0, 1.0, 1.0, 1.0, 1.0, 1.0]
/mnt/data/user_liangzhiyu/envs/fedcsl/lib/python3.8/site-packages/sklearn/utils/validation.py:63: RuntimeWarning:  Orthogonal matching pursuit ended prematurely due to linear
dependence in the dictionary. The requested precision might not have been met.

  return f(*args, **kwargs)
稀疏向量: [-1.96404256  0.          0.          0.         -0.086621    0.
  0.          0.          0.          0.          0.          7.99886538
  0.          0.          0.          0.         -4.93279095  0.
  0.          0.          0.          0.          0.          0.
  0.          0.          0.          0.          0.          0.        ]
更新后概率: [0.00955858 0.00831116 0.00831116 0.00831116 0.00831116 0.00831116
 0.00831116 0.00831116 0.00831116 0.00831116 0.00831116 0.75772906
 0.00831116 0.00831116 0.00831116 0.00831116 0.00831116 0.00831116
 0.00831116 0.00831116 0.00831116 0.00831116 0.00831116 0.00831116
 0.00831116 0.00831116 0.00831116 0.00831116 0.00831116 0.00831116]
Classification: 0.977724876721646 0.9409569053274517 254
本轮采样概率阵: [0.00955858 0.00831116 0.00831116 0.00831116 0.00831116 0.00831116
 0.00831116 0.00831116 0.00831116 0.00831116 0.00831116 0.75772906
 0.00831116 0.00831116 0.00831116 0.00831116 0.00831116 0.00831116
 0.00831116 0.00831116 0.00831116 0.00831116 0.00831116 0.00831116
 0.00831116 0.00831116 0.00831116 0.00831116 0.00831116 0.00831116]
客户端选择掩码: [0.0, 0.0, 1.0, 0.0, 1.0, 1.0, 1.0, 0.0, 1.0, 1.0, 1.0, 1.0, 0.0, 0.0, 1.0, 1.0, 1.0, 1.0, 1.0, 1.0, 1.0, 0.0, 1.0, 1.0, 1.0, 1.0, 1.0, 0.0, 1.0, 0.0]
/mnt/data/user_liangzhiyu/envs/fedcsl/lib/python3.8/site-packages/sklearn/utils/validation.py:63: RuntimeWarning:  Orthogonal matching pursuit ended prematurely due to linear
dependence in the dictionary. The requested precision might not have been met.

  return f(*args, **kwargs)
稀疏向量: [-2.7483914   0.          0.          0.         -0.21019033  0.
  0.          4.26551208  0.          0.          0.         -0.31376514
  0.          0.          0.          0.          0.          0.
  0.          0.          0.          0.          0.          0.
  0.          0.          0.          0.          0.          0.        ]
更新后概率: [0.00830598 0.00830598 0.00830598 0.00830598 0.30786376 0.00830598
 0.00830598 0.00830598 0.00830598 0.00830598 0.00830598 0.4595688
 0.00830598 0.00830598 0.00830598 0.00830598 0.00830598 0.00830598
 0.00830598 0.00830598 0.00830598 0.00830598 0.00830598 0.00830598
 0.00830598 0.00830598 0.00830598 0.00830598 0.00830598 0.00830598]
Classification: 0.977724876721646 0.9412962334577536 255
本轮采样概率阵: [0.00830598 0.00830598 0.00830598 0.00830598 0.30786376 0.00830598
 0.00830598 0.00830598 0.00830598 0.00830598 0.00830598 0.4595688
 0.00830598 0.00830598 0.00830598 0.00830598 0.00830598 0.00830598
 0.00830598 0.00830598 0.00830598 0.00830598 0.00830598 0.00830598
 0.00830598 0.00830598 0.00830598 0.00830598 0.00830598 0.00830598]
客户端选择掩码: [1.0, 1.0, 1.0, 1.0, 1.0, 1.0, 0.0, 1.0, 0.0, 1.0, 1.0, 1.0, 0.0, 0.0, 1.0, 0.0, 1.0, 0.0, 1.0, 1.0, 1.0, 0.0, 1.0, 1.0, 0.0, 0.0, 1.0, 1.0, 1.0, 1.0]
/mnt/data/user_liangzhiyu/envs/fedcsl/lib/python3.8/site-packages/sklearn/utils/validation.py:63: RuntimeWarning:  Orthogonal matching pursuit ended prematurely due to linear
dependence in the dictionary. The requested precision might not have been met.

  return f(*args, **kwargs)
稀疏向量: [0.12075402 0.         0.         0.         0.         0.
 0.         0.         0.         0.         0.         0.
 0.20786727 0.         0.         0.         0.         0.
 0.         0.         0.         0.         0.         0.
 0.67225675 0.         0.         0.         0.         0.        ]
更新后概率: [0.76136492 0.0082288  0.0082288  0.0082288  0.0082288  0.0082288
 0.0082288  0.0082288  0.0082288  0.0082288  0.0082288  0.0082288
 0.0082288  0.0082288  0.0082288  0.0082288  0.0082288  0.0082288
 0.0082288  0.0082288  0.0082288  0.0082288  0.0082288  0.0082288
 0.0082288  0.0082288  0.0082288  0.0082288  0.0082288  0.0082288 ]
Classification: 0.977724876721646 0.9419748897183576 256
本轮采样概率阵: [0.76136492 0.0082288  0.0082288  0.0082288  0.0082288  0.0082288
 0.0082288  0.0082288  0.0082288  0.0082288  0.0082288  0.0082288
 0.0082288  0.0082288  0.0082288  0.0082288  0.0082288  0.0082288
 0.0082288  0.0082288  0.0082288  0.0082288  0.0082288  0.0082288
 0.0082288  0.0082288  0.0082288  0.0082288  0.0082288  0.0082288 ]
客户端选择掩码: [1.0, 1.0, 1.0, 1.0, 0.0, 0.0, 1.0, 1.0, 1.0, 1.0, 1.0, 1.0, 0.0, 1.0, 0.0, 1.0, 1.0, 1.0, 1.0, 1.0, 1.0, 1.0, 0.0, 1.0, 0.0, 1.0, 0.0, 1.0, 0.0, 0.0]
/mnt/data/user_liangzhiyu/envs/fedcsl/lib/python3.8/site-packages/sklearn/utils/validation.py:63: RuntimeWarning:  Orthogonal matching pursuit ended prematurely due to linear
dependence in the dictionary. The requested precision might not have been met.

  return f(*args, **kwargs)
稀疏向量: [ 0.0857762   0.          0.          0.         -0.25579283  0.
  0.          0.          0.          0.          0.          0.
  0.          0.          0.          0.          0.          0.
  0.          0.          0.          0.          0.          0.
  1.17162916  0.          0.          0.          0.          0.        ]
更新后概率: [0.76150113 0.0082241  0.0082241  0.0082241  0.0082241  0.0082241
 0.0082241  0.0082241  0.0082241  0.0082241  0.0082241  0.0082241
 0.0082241  0.0082241  0.0082241  0.0082241  0.0082241  0.0082241
 0.0082241  0.0082241  0.0082241  0.0082241  0.0082241  0.0082241
 0.0082241  0.0082241  0.0082241  0.0082241  0.0082241  0.0082241 ]
Classification: 0.9780649549396361 0.9412962334577536 257
本轮采样概率阵: [0.76150113 0.0082241  0.0082241  0.0082241  0.0082241  0.0082241
 0.0082241  0.0082241  0.0082241  0.0082241  0.0082241  0.0082241
 0.0082241  0.0082241  0.0082241  0.0082241  0.0082241  0.0082241
 0.0082241  0.0082241  0.0082241  0.0082241  0.0082241  0.0082241
 0.0082241  0.0082241  0.0082241  0.0082241  0.0082241  0.0082241 ]
客户端选择掩码: [1.0, 1.0, 0.0, 1.0, 1.0, 1.0, 1.0, 1.0, 1.0, 0.0, 0.0, 1.0, 1.0, 1.0, 1.0, 1.0, 0.0, 1.0, 1.0, 0.0, 1.0, 0.0, 0.0, 0.0, 1.0, 1.0, 1.0, 1.0, 0.0, 1.0]
/mnt/data/user_liangzhiyu/envs/fedcsl/lib/python3.8/site-packages/sklearn/utils/validation.py:63: RuntimeWarning:  Orthogonal matching pursuit ended prematurely due to linear
dependence in the dictionary. The requested precision might not have been met.

  return f(*args, **kwargs)
稀疏向量: [-0.5647908   0.          0.          0.         -0.61138959  0.
  0.          0.          0.          2.7519561   0.          0.
  0.          0.          0.          0.          0.          0.
  0.          0.          0.          0.         -0.56681445  0.
  0.          0.          0.          0.          0.          0.        ]
更新后概率: [0.36870201 0.00829199 0.00829199 0.00829199 0.39912224 0.00829199
 0.00829199 0.00829199 0.00829199 0.00829199 0.00829199 0.00829199
 0.00829199 0.00829199 0.00829199 0.00829199 0.00829199 0.00829199
 0.00829199 0.00829199 0.00829199 0.00829199 0.00829199 0.00829199
 0.00829199 0.00829199 0.00829199 0.00829199 0.00829199 0.00829199]
Classification: 0.9782349940486312 0.9402782490668476 258
本轮采样概率阵: [0.36870201 0.00829199 0.00829199 0.00829199 0.39912224 0.00829199
 0.00829199 0.00829199 0.00829199 0.00829199 0.00829199 0.00829199
 0.00829199 0.00829199 0.00829199 0.00829199 0.00829199 0.00829199
 0.00829199 0.00829199 0.00829199 0.00829199 0.00829199 0.00829199
 0.00829199 0.00829199 0.00829199 0.00829199 0.00829199 0.00829199]
客户端选择掩码: [1.0, 1.0, 1.0, 1.0, 1.0, 1.0, 1.0, 1.0, 1.0, 0.0, 1.0, 0.0, 1.0, 0.0, 0.0, 0.0, 1.0, 0.0, 0.0, 1.0, 1.0, 0.0, 1.0, 1.0, 1.0, 0.0, 1.0, 1.0, 1.0, 1.0]
/mnt/data/user_liangzhiyu/envs/fedcsl/lib/python3.8/site-packages/sklearn/utils/validation.py:63: RuntimeWarning:  Orthogonal matching pursuit ended prematurely due to linear
dependence in the dictionary. The requested precision might not have been met.

  return f(*args, **kwargs)
稀疏向量: [-0.92512759  0.          0.          0.          0.          0.
  1.46351742  0.          0.          0.          0.          0.
 -0.49907192  0.95504001  0.          0.          0.          0.
  0.          0.          0.          0.          0.          0.
  0.          0.          0.          0.          0.          0.        ]
更新后概率: [0.24800492 0.0083656  0.0083656  0.0083656  0.0083656  0.0083656
 0.39233455 0.0083656  0.0083656  0.0083656  0.0083656  0.0083656
 0.13378943 0.0083656  0.0083656  0.0083656  0.0083656  0.0083656
 0.0083656  0.0083656  0.0083656  0.0083656  0.0083656  0.0083656
 0.0083656  0.0083656  0.0083656  0.0083656  0.0083656  0.0083656 ]
Classification: 0.977894915830641 0.9416355615880556 259
本轮采样概率阵: [0.24800492 0.0083656  0.0083656  0.0083656  0.0083656  0.0083656
 0.39233455 0.0083656  0.0083656  0.0083656  0.0083656  0.0083656
 0.13378943 0.0083656  0.0083656  0.0083656  0.0083656  0.0083656
 0.0083656  0.0083656  0.0083656  0.0083656  0.0083656  0.0083656
 0.0083656  0.0083656  0.0083656  0.0083656  0.0083656  0.0083656 ]
客户端选择掩码: [1.0, 1.0, 0.0, 1.0, 1.0, 1.0, 1.0, 1.0, 1.0, 1.0, 0.0, 1.0, 1.0, 0.0, 1.0, 1.0, 0.0, 0.0, 0.0, 1.0, 1.0, 0.0, 1.0, 1.0, 1.0, 1.0, 0.0, 1.0, 1.0, 0.0]
/mnt/data/user_liangzhiyu/envs/fedcsl/lib/python3.8/site-packages/sklearn/utils/validation.py:63: RuntimeWarning:  Orthogonal matching pursuit ended prematurely due to linear
dependence in the dictionary. The requested precision might not have been met.

  return f(*args, **kwargs)
稀疏向量: [ 0.07085072  0.          0.          0.         -0.14558038  0.
  0.          0.          0.          1.07708827  0.          0.
  0.          0.          0.          0.          0.          0.
  0.          0.          0.          0.          0.          0.
  0.          0.          0.          0.          0.          0.        ]
更新后概率: [0.04239497 0.00837024 0.00837024 0.00837024 0.08711098 0.00837024
 0.00837024 0.00837024 0.00837024 0.64449769 0.00837024 0.00837024
 0.00837024 0.00837024 0.00837024 0.00837024 0.00837024 0.00837024
 0.00837024 0.00837024 0.00837024 0.00837024 0.00837024 0.00837024
 0.00837024 0.00837024 0.00837024 0.00837024 0.00837024 0.00837024]
Classification: 0.9780649549396361 0.9412962334577536 260
本轮采样概率阵: [0.04239497 0.00837024 0.00837024 0.00837024 0.08711098 0.00837024
 0.00837024 0.00837024 0.00837024 0.64449769 0.00837024 0.00837024
 0.00837024 0.00837024 0.00837024 0.00837024 0.00837024 0.00837024
 0.00837024 0.00837024 0.00837024 0.00837024 0.00837024 0.00837024
 0.00837024 0.00837024 0.00837024 0.00837024 0.00837024 0.00837024]
客户端选择掩码: [1.0, 0.0, 1.0, 1.0, 1.0, 0.0, 0.0, 1.0, 1.0, 1.0, 1.0, 1.0, 1.0, 0.0, 0.0, 1.0, 1.0, 0.0, 1.0, 1.0, 1.0, 1.0, 1.0, 1.0, 0.0, 1.0, 0.0, 1.0, 0.0, 1.0]
/mnt/data/user_liangzhiyu/envs/fedcsl/lib/python3.8/site-packages/sklearn/utils/validation.py:63: RuntimeWarning:  Orthogonal matching pursuit ended prematurely due to linear
dependence in the dictionary. The requested precision might not have been met.

  return f(*args, **kwargs)
稀疏向量: [-0.02360782  0.          0.          0.          0.11805315  0.
  0.          0.          0.          0.          0.          0.90563896
  0.          0.          0.          0.          0.          0.
  0.          0.          0.          0.          0.          0.
  0.          0.          0.          0.          0.          0.        ]
更新后概率: [0.0174471  0.00837053 0.00837053 0.00837053 0.08724591 0.00837053
 0.00837053 0.00837053 0.00837053 0.00837053 0.00837053 0.66930272
 0.00837053 0.00837053 0.00837053 0.00837053 0.00837053 0.00837053
 0.00837053 0.00837053 0.00837053 0.00837053 0.00837053 0.00837053
 0.00837053 0.00837053 0.00837053 0.00837053 0.00837053 0.00837053]
Classification: 0.977724876721646 0.9412962334577536 261
本轮采样概率阵: [0.0174471  0.00837053 0.00837053 0.00837053 0.08724591 0.00837053
 0.00837053 0.00837053 0.00837053 0.00837053 0.00837053 0.66930272
 0.00837053 0.00837053 0.00837053 0.00837053 0.00837053 0.00837053
 0.00837053 0.00837053 0.00837053 0.00837053 0.00837053 0.00837053
 0.00837053 0.00837053 0.00837053 0.00837053 0.00837053 0.00837053]
客户端选择掩码: [1.0, 0.0, 1.0, 1.0, 1.0, 1.0, 1.0, 0.0, 1.0, 0.0, 1.0, 1.0, 1.0, 1.0, 1.0, 0.0, 1.0, 1.0, 1.0, 1.0, 1.0, 1.0, 0.0, 1.0, 0.0, 1.0, 0.0, 0.0, 0.0, 1.0]
/mnt/data/user_liangzhiyu/envs/fedcsl/lib/python3.8/site-packages/sklearn/utils/validation.py:63: RuntimeWarning:  Orthogonal matching pursuit ended prematurely due to linear
dependence in the dictionary. The requested precision might not have been met.

  return f(*args, **kwargs)
稀疏向量: [ 0.          0.          0.          0.          0.51312177  0.
  1.59774016  0.          0.          0.          0.          0.
  0.34237502  0.          0.         -0.66086178  0.          0.
  0.          0.          0.          0.          0.          0.
  0.         -0.80187066  0.          0.          0.          0.        ]
更新后概率: [0.0084412  0.0084412  0.0084412  0.0084412  0.12303933 0.0084412
 0.38311546 0.0084412  0.0084412  0.0084412  0.0084412  0.0084412
 0.08209668 0.0084412  0.0084412  0.0084412  0.0084412  0.0084412
 0.0084412  0.0084412  0.0084412  0.0084412  0.0084412  0.0084412
 0.0084412  0.19227723 0.0084412  0.0084412  0.0084412  0.0084412 ]
Classification: 0.977894915830641 0.9412962334577536 262
本轮采样概率阵: [0.0084412  0.0084412  0.0084412  0.0084412  0.12303933 0.0084412
 0.38311546 0.0084412  0.0084412  0.0084412  0.0084412  0.0084412
 0.08209668 0.0084412  0.0084412  0.0084412  0.0084412  0.0084412
 0.0084412  0.0084412  0.0084412  0.0084412  0.0084412  0.0084412
 0.0084412  0.19227723 0.0084412  0.0084412  0.0084412  0.0084412 ]
客户端选择掩码: [1.0, 1.0, 1.0, 0.0, 1.0, 1.0, 1.0, 1.0, 0.0, 1.0, 1.0, 1.0, 1.0, 1.0, 0.0, 1.0, 1.0, 0.0, 0.0, 1.0, 0.0, 1.0, 1.0, 1.0, 0.0, 1.0, 0.0, 1.0, 0.0, 1.0]
/mnt/data/user_liangzhiyu/envs/fedcsl/lib/python3.8/site-packages/sklearn/utils/validation.py:63: RuntimeWarning:  Orthogonal matching pursuit ended prematurely due to linear
dependence in the dictionary. The requested precision might not have been met.

  return f(*args, **kwargs)
稀疏向量: [ 0.68413691  0.          0.          0.         -0.28131366  0.
  0.          0.          0.          0.          1.25034805 -0.65338439
  0.          0.          0.          0.          0.          0.
  0.          0.          0.          0.          0.          0.
  0.          0.          0.          0.          0.          0.        ]
更新后概率: [0.18608358 0.00844574 0.00844574 0.00844574 0.07651663 0.00844574
 0.00844574 0.00844574 0.00844574 0.00844574 0.34009163 0.17771897
 0.00844574 0.00844574 0.00844574 0.00844574 0.00844574 0.00844574
 0.00844574 0.00844574 0.00844574 0.00844574 0.00844574 0.00844574
 0.00844574 0.00844574 0.00844574 0.00844574 0.00844574 0.00844574]
Classification: 0.977724876721646 0.9416355615880556 263
本轮采样概率阵: [0.18608358 0.00844574 0.00844574 0.00844574 0.07651663 0.00844574
 0.00844574 0.00844574 0.00844574 0.00844574 0.34009163 0.17771897
 0.00844574 0.00844574 0.00844574 0.00844574 0.00844574 0.00844574
 0.00844574 0.00844574 0.00844574 0.00844574 0.00844574 0.00844574
 0.00844574 0.00844574 0.00844574 0.00844574 0.00844574 0.00844574]
客户端选择掩码: [1.0, 0.0, 1.0, 1.0, 1.0, 1.0, 1.0, 1.0, 0.0, 0.0, 1.0, 1.0, 1.0, 1.0, 0.0, 1.0, 1.0, 0.0, 0.0, 0.0, 1.0, 0.0, 0.0, 1.0, 1.0, 1.0, 1.0, 1.0, 1.0, 1.0]
/mnt/data/user_liangzhiyu/envs/fedcsl/lib/python3.8/site-packages/sklearn/utils/validation.py:63: RuntimeWarning:  Orthogonal matching pursuit ended prematurely due to linear
dependence in the dictionary. The requested precision might not have been met.

  return f(*args, **kwargs)
稀疏向量: [0.17965965 0.         0.         0.         0.         0.
 0.         0.         0.         0.56109599 0.         0.
 0.26031493 0.         0.         0.         0.         0.
 0.         0.         0.         0.         0.         0.
 0.         0.         0.         0.         0.         0.        ]
更新后概率: [0.31337701 0.00830573 0.00830573 0.00830573 0.00830573 0.00830573
 0.00830573 0.00830573 0.00830573 0.00830573 0.00830573 0.00830573
 0.45406252 0.00830573 0.00830573 0.00830573 0.00830573 0.00830573
 0.00830573 0.00830573 0.00830573 0.00830573 0.00830573 0.00830573
 0.00830573 0.00830573 0.00830573 0.00830573 0.00830573 0.00830573]
Classification: 0.977894915830641 0.9416355615880556 264
本轮采样概率阵: [0.31337701 0.00830573 0.00830573 0.00830573 0.00830573 0.00830573
 0.00830573 0.00830573 0.00830573 0.00830573 0.00830573 0.00830573
 0.45406252 0.00830573 0.00830573 0.00830573 0.00830573 0.00830573
 0.00830573 0.00830573 0.00830573 0.00830573 0.00830573 0.00830573
 0.00830573 0.00830573 0.00830573 0.00830573 0.00830573 0.00830573]
客户端选择掩码: [1.0, 1.0, 1.0, 1.0, 1.0, 0.0, 0.0, 1.0, 1.0, 0.0, 1.0, 1.0, 1.0, 0.0, 1.0, 1.0, 0.0, 1.0, 1.0, 0.0, 1.0, 1.0, 0.0, 1.0, 0.0, 1.0, 1.0, 1.0, 1.0, 0.0]
/mnt/data/user_liangzhiyu/envs/fedcsl/lib/python3.8/site-packages/sklearn/utils/validation.py:63: RuntimeWarning:  Orthogonal matching pursuit ended prematurely due to linear
dependence in the dictionary. The requested precision might not have been met.

  return f(*args, **kwargs)
稀疏向量: [-0.07692385  0.          0.          0.          0.15646721  0.
  0.          0.          0.67784111  0.          0.          0.24425832
  0.          0.          0.          0.          0.          0.
  0.          0.          0.          0.          0.          0.
  0.          0.          0.          0.          0.          0.        ]
更新后概率: [0.05196891 0.00843705 0.00843705 0.00843705 0.10570753 0.00843705
 0.00843705 0.00843705 0.45794201 0.00843705 0.00843705 0.16501823
 0.00843705 0.00843705 0.00843705 0.00843705 0.00843705 0.00843705
 0.00843705 0.00843705 0.00843705 0.00843705 0.00843705 0.00843705
 0.00843705 0.00843705 0.00843705 0.00843705 0.00843705 0.00843705]
Classification: 0.9780649549396361 0.9416355615880556 265
本轮采样概率阵: [0.05196891 0.00843705 0.00843705 0.00843705 0.10570753 0.00843705
 0.00843705 0.00843705 0.45794201 0.00843705 0.00843705 0.16501823
 0.00843705 0.00843705 0.00843705 0.00843705 0.00843705 0.00843705
 0.00843705 0.00843705 0.00843705 0.00843705 0.00843705 0.00843705
 0.00843705 0.00843705 0.00843705 0.00843705 0.00843705 0.00843705]
客户端选择掩码: [1.0, 1.0, 0.0, 1.0, 1.0, 1.0, 1.0, 0.0, 1.0, 0.0, 0.0, 1.0, 0.0, 1.0, 1.0, 1.0, 0.0, 1.0, 1.0, 1.0, 1.0, 1.0, 0.0, 1.0, 1.0, 1.0, 0.0, 1.0, 0.0, 1.0]
/mnt/data/user_liangzhiyu/envs/fedcsl/lib/python3.8/site-packages/sklearn/utils/validation.py:63: RuntimeWarning:  Orthogonal matching pursuit ended prematurely due to linear
dependence in the dictionary. The requested precision might not have been met.

  return f(*args, **kwargs)
稀疏向量: [0.04794586 0.         0.         0.         0.08300462 0.
 0.         0.         0.         0.         0.         0.86911057
 0.         0.         0.         0.         0.         0.
 0.         0.         0.         0.         0.         0.
 0.         0.         0.         0.         0.         0.        ]
更新后概率: [0.03710217 0.00837474 0.00837474 0.00837474 0.06423185 0.00837474
 0.00837474 0.00837474 0.00837474 0.00837474 0.00837474 0.67254789
 0.00837474 0.00837474 0.00837474 0.00837474 0.00837474 0.00837474
 0.00837474 0.00837474 0.00837474 0.00837474 0.00837474 0.00837474
 0.00837474 0.00837474 0.00837474 0.00837474 0.00837474 0.00837474]
Classification: 0.977894915830641 0.9416355615880556 266
本轮采样概率阵: [0.03710217 0.00837474 0.00837474 0.00837474 0.06423185 0.00837474
 0.00837474 0.00837474 0.00837474 0.00837474 0.00837474 0.67254789
 0.00837474 0.00837474 0.00837474 0.00837474 0.00837474 0.00837474
 0.00837474 0.00837474 0.00837474 0.00837474 0.00837474 0.00837474
 0.00837474 0.00837474 0.00837474 0.00837474 0.00837474 0.00837474]
客户端选择掩码: [1.0, 1.0, 1.0, 1.0, 1.0, 1.0, 1.0, 0.0, 0.0, 1.0, 1.0, 1.0, 0.0, 1.0, 1.0, 0.0, 1.0, 0.0, 0.0, 0.0, 1.0, 1.0, 0.0, 1.0, 0.0, 1.0, 1.0, 1.0, 1.0, 1.0]
/mnt/data/user_liangzhiyu/envs/fedcsl/lib/python3.8/site-packages/sklearn/utils/validation.py:63: RuntimeWarning:  Orthogonal matching pursuit ended prematurely due to linear
dependence in the dictionary. The requested precision might not have been met.

  return f(*args, **kwargs)
稀疏向量: [ 0.17064688  0.          0.          0.         -0.02402758  0.
  0.          0.          0.          0.5453165   0.30926492  0.
  0.          0.          0.          0.          0.          0.
  0.          0.          0.          0.          0.          0.
  0.          0.          0.          0.          0.          0.        ]
更新后概率: [0.12694099 0.00844147 0.00844147 0.00844147 0.01787366 0.00844147
 0.00844147 0.00844147 0.00844147 0.40565066 0.23005634 0.00844147
 0.00844147 0.00844147 0.00844147 0.00844147 0.00844147 0.00844147
 0.00844147 0.00844147 0.00844147 0.00844147 0.00844147 0.00844147
 0.00844147 0.00844147 0.00844147 0.00844147 0.00844147 0.00844147]
Classification: 0.977724876721646 0.9419748897183576 267
本轮采样概率阵: [0.12694099 0.00844147 0.00844147 0.00844147 0.01787366 0.00844147
 0.00844147 0.00844147 0.00844147 0.40565066 0.23005634 0.00844147
 0.00844147 0.00844147 0.00844147 0.00844147 0.00844147 0.00844147
 0.00844147 0.00844147 0.00844147 0.00844147 0.00844147 0.00844147
 0.00844147 0.00844147 0.00844147 0.00844147 0.00844147 0.00844147]
客户端选择掩码: [1.0, 0.0, 1.0, 0.0, 1.0, 1.0, 0.0, 1.0, 0.0, 1.0, 1.0, 1.0, 1.0, 1.0, 0.0, 1.0, 1.0, 1.0, 0.0, 1.0, 1.0, 1.0, 0.0, 1.0, 0.0, 1.0, 1.0, 1.0, 0.0, 1.0]
/mnt/data/user_liangzhiyu/envs/fedcsl/lib/python3.8/site-packages/sklearn/utils/validation.py:63: RuntimeWarning:  Orthogonal matching pursuit ended prematurely due to linear
dependence in the dictionary. The requested precision might not have been met.

  return f(*args, **kwargs)
稀疏向量: [-0.37985813  0.          0.          0.          0.13822522  0.
  0.          0.          0.          0.          0.          2.14290846
  0.          0.          0.          0.         -0.89850241  0.
  0.          0.          0.          0.          0.          0.
  0.          0.          0.          0.          0.          0.        ]
更新后概率: [0.08328296 0.00844576 0.00844576 0.00844576 0.03030554 0.00844576
 0.00844576 0.00844576 0.00844576 0.00844576 0.00844576 0.46982741
 0.00844576 0.00844576 0.00844576 0.00844576 0.19699444 0.00844576
 0.00844576 0.00844576 0.00844576 0.00844576 0.00844576 0.00844576
 0.00844576 0.00844576 0.00844576 0.00844576 0.00844576 0.00844576]
Classification: 0.977724876721646 0.9423142178486597 268
本轮采样概率阵: [0.08328296 0.00844576 0.00844576 0.00844576 0.03030554 0.00844576
 0.00844576 0.00844576 0.00844576 0.00844576 0.00844576 0.46982741
 0.00844576 0.00844576 0.00844576 0.00844576 0.19699444 0.00844576
 0.00844576 0.00844576 0.00844576 0.00844576 0.00844576 0.00844576
 0.00844576 0.00844576 0.00844576 0.00844576 0.00844576 0.00844576]
客户端选择掩码: [1.0, 1.0, 1.0, 1.0, 1.0, 0.0, 1.0, 1.0, 0.0, 1.0, 0.0, 1.0, 0.0, 1.0, 0.0, 1.0, 1.0, 1.0, 1.0, 1.0, 1.0, 0.0, 1.0, 1.0, 0.0, 1.0, 1.0, 0.0, 1.0, 0.0]
/mnt/data/user_liangzhiyu/envs/fedcsl/lib/python3.8/site-packages/sklearn/utils/validation.py:63: RuntimeWarning:  Orthogonal matching pursuit ended prematurely due to linear
dependence in the dictionary. The requested precision might not have been met.

  return f(*args, **kwargs)
稀疏向量: [-0.28712548  0.          0.          0.          0.22402172  0.
  0.          0.          0.          0.          0.          0.
  0.         -1.01704406  0.          0.          0.          2.08264311
  0.          0.          0.          0.          0.          0.
  0.          0.          0.          0.          0.          0.        ]
更新后概率: [0.06205592 0.00844603 0.00844603 0.00844603 0.04841741 0.00844603
 0.00844603 0.00844603 0.00844603 0.00844603 0.00844603 0.00844603
 0.00844603 0.21981192 0.00844603 0.00844603 0.00844603 0.45011795
 0.00844603 0.00844603 0.00844603 0.00844603 0.00844603 0.00844603
 0.00844603 0.00844603 0.00844603 0.00844603 0.00844603 0.00844603]
Classification: 1.0 0.9406175771971497 269
本轮采样概率阵: [0.06205592 0.00844603 0.00844603 0.00844603 0.04841741 0.00844603
 0.00844603 0.00844603 0.00844603 0.00844603 0.00844603 0.00844603
 0.00844603 0.21981192 0.00844603 0.00844603 0.00844603 0.45011795
 0.00844603 0.00844603 0.00844603 0.00844603 0.00844603 0.00844603
 0.00844603 0.00844603 0.00844603 0.00844603 0.00844603 0.00844603]
客户端选择掩码: [1.0, 1.0, 1.0, 1.0, 1.0, 0.0, 1.0, 0.0, 0.0, 1.0, 1.0, 0.0, 0.0, 1.0, 0.0, 1.0, 1.0, 1.0, 1.0, 1.0, 1.0, 0.0, 1.0, 1.0, 1.0, 1.0, 0.0, 1.0, 0.0, 1.0]
/mnt/data/user_liangzhiyu/envs/fedcsl/lib/python3.8/site-packages/sklearn/utils/validation.py:63: RuntimeWarning:  Orthogonal matching pursuit ended prematurely due to linear
dependence in the dictionary. The requested precision might not have been met.

  return f(*args, **kwargs)
稀疏向量: [ 0.02998066  0.          0.          0.         -0.17815602  0.
  0.          0.          0.          1.15058891  0.          0.
  0.          0.          0.          0.          0.          0.
  0.          0.          0.          0.          0.          0.
  0.          0.          0.          0.          0.          0.        ]
更新后概率: [0.01707558 0.00837531 0.00837531 0.00837531 0.10146935 0.00837531
 0.00837531 0.00837531 0.00837531 0.65532169 0.00837531 0.00837531
 0.00837531 0.00837531 0.00837531 0.00837531 0.00837531 0.00837531
 0.00837531 0.00837531 0.00837531 0.00837531 0.00837531 0.00837531
 0.00837531 0.00837531 0.00837531 0.00837531 0.00837531 0.00837531]
Classification: 0.977894915830641 0.9406175771971497 270
本轮采样概率阵: [0.01707558 0.00837531 0.00837531 0.00837531 0.10146935 0.00837531
 0.00837531 0.00837531 0.00837531 0.65532169 0.00837531 0.00837531
 0.00837531 0.00837531 0.00837531 0.00837531 0.00837531 0.00837531
 0.00837531 0.00837531 0.00837531 0.00837531 0.00837531 0.00837531
 0.00837531 0.00837531 0.00837531 0.00837531 0.00837531 0.00837531]
客户端选择掩码: [1.0, 0.0, 0.0, 1.0, 1.0, 0.0, 1.0, 1.0, 1.0, 1.0, 1.0, 1.0, 0.0, 1.0, 1.0, 0.0, 0.0, 0.0, 1.0, 1.0, 1.0, 0.0, 1.0, 1.0, 1.0, 1.0, 1.0, 1.0, 0.0, 1.0]
/mnt/data/user_liangzhiyu/envs/fedcsl/lib/python3.8/site-packages/sklearn/utils/validation.py:63: RuntimeWarning:  Orthogonal matching pursuit ended prematurely due to linear
dependence in the dictionary. The requested precision might not have been met.

  return f(*args, **kwargs)
稀疏向量: [ 0.07694352  0.          0.          0.         -0.63902892  0.
  0.          0.          0.          0.          0.          0.
  0.          1.27958164  0.          0.          0.          0.
  0.          0.          0.          0.          0.          0.
  1.57753707  0.         -1.2941492   0.          0.          0.        ]
更新后概率: [0.01244387 0.00851338 0.00851338 0.00851338 0.10334842 0.00851338
 0.00851338 0.00851338 0.00851338 0.00851338 0.00851338 0.00851338
 0.00851338 0.20694327 0.00851338 0.00851338 0.00851338 0.00851338
 0.00851338 0.00851338 0.00851338 0.00851338 0.00851338 0.00851338
 0.2551308  0.00851338 0.20929925 0.00851338 0.00851338 0.00851338]
Classification: 0.977724876721646 0.9412962334577536 271
本轮采样概率阵: [0.01244387 0.00851338 0.00851338 0.00851338 0.10334842 0.00851338
 0.00851338 0.00851338 0.00851338 0.00851338 0.00851338 0.00851338
 0.00851338 0.20694327 0.00851338 0.00851338 0.00851338 0.00851338
 0.00851338 0.00851338 0.00851338 0.00851338 0.00851338 0.00851338
 0.2551308  0.00851338 0.20929925 0.00851338 0.00851338 0.00851338]
客户端选择掩码: [1.0, 1.0, 1.0, 0.0, 1.0, 0.0, 1.0, 1.0, 0.0, 1.0, 1.0, 1.0, 1.0, 1.0, 1.0, 1.0, 1.0, 0.0, 0.0, 1.0, 0.0, 0.0, 1.0, 1.0, 1.0, 1.0, 1.0, 0.0, 1.0, 0.0]
/mnt/data/user_liangzhiyu/envs/fedcsl/lib/python3.8/site-packages/sklearn/utils/validation.py:63: RuntimeWarning:  Orthogonal matching pursuit ended prematurely due to linear
dependence in the dictionary. The requested precision might not have been met.

  return f(*args, **kwargs)
稀疏向量: [ 0.0292617   0.          0.          0.         -0.11558401  0.
  0.          0.          0.          0.          0.          0.
  0.          1.08703011  0.          0.          0.          0.
  0.          0.          0.          0.          0.          0.
  0.          0.          0.          0.          0.          0.        ]
更新后概率: [0.01837952 0.00837956 0.00837956 0.00837956 0.07259931 0.00837956
 0.00837956 0.00837956 0.00837956 0.00837956 0.00837956 0.00837956
 0.00837956 0.68277294 0.00837956 0.00837956 0.00837956 0.00837956
 0.00837956 0.00837956 0.00837956 0.00837956 0.00837956 0.00837956
 0.00837956 0.00837956 0.00837956 0.00837956 0.00837956 0.00837956]
Classification: 1.0 0.9402782490668476 272
本轮采样概率阵: [0.01837952 0.00837956 0.00837956 0.00837956 0.07259931 0.00837956
 0.00837956 0.00837956 0.00837956 0.00837956 0.00837956 0.00837956
 0.00837956 0.68277294 0.00837956 0.00837956 0.00837956 0.00837956
 0.00837956 0.00837956 0.00837956 0.00837956 0.00837956 0.00837956
 0.00837956 0.00837956 0.00837956 0.00837956 0.00837956 0.00837956]
客户端选择掩码: [0.0, 1.0, 1.0, 1.0, 1.0, 1.0, 1.0, 1.0, 1.0, 1.0, 0.0, 0.0, 1.0, 1.0, 1.0, 1.0, 1.0, 1.0, 0.0, 0.0, 0.0, 1.0, 0.0, 0.0, 1.0, 0.0, 1.0, 1.0, 1.0, 1.0]
/mnt/data/user_liangzhiyu/envs/fedcsl/lib/python3.8/site-packages/sklearn/utils/validation.py:63: RuntimeWarning:  Orthogonal matching pursuit ended prematurely due to linear
dependence in the dictionary. The requested precision might not have been met.

  return f(*args, **kwargs)
稀疏向量: [ 0.09318317  0.          0.          0.         -0.20269552  0.
  0.          0.          0.          0.          0.          0.
  0.          0.          0.          0.          0.          0.
  0.          0.          0.          0.          0.          0.
  0.          1.11179506  0.          0.          0.          0.        ]
更新后概率: [0.01515259 0.00824428 0.00824428 0.00824428 0.75400764 0.00824428
 0.00824428 0.00824428 0.00824428 0.00824428 0.00824428 0.00824428
 0.00824428 0.00824428 0.00824428 0.00824428 0.00824428 0.00824428
 0.00824428 0.00824428 0.00824428 0.00824428 0.00824428 0.00824428
 0.00824428 0.00824428 0.00824428 0.00824428 0.00824428 0.00824428]
Classification: 0.9780649549396361 0.9409569053274517 273
本轮采样概率阵: [0.01515259 0.00824428 0.00824428 0.00824428 0.75400764 0.00824428
 0.00824428 0.00824428 0.00824428 0.00824428 0.00824428 0.00824428
 0.00824428 0.00824428 0.00824428 0.00824428 0.00824428 0.00824428
 0.00824428 0.00824428 0.00824428 0.00824428 0.00824428 0.00824428
 0.00824428 0.00824428 0.00824428 0.00824428 0.00824428 0.00824428]
客户端选择掩码: [1.0, 0.0, 0.0, 1.0, 1.0, 1.0, 0.0, 1.0, 0.0, 1.0, 1.0, 1.0, 1.0, 1.0, 1.0, 1.0, 1.0, 0.0, 1.0, 0.0, 0.0, 0.0, 1.0, 0.0, 1.0, 1.0, 1.0, 1.0, 1.0, 1.0]
/mnt/data/user_liangzhiyu/envs/fedcsl/lib/python3.8/site-packages/sklearn/utils/validation.py:63: RuntimeWarning:  Orthogonal matching pursuit ended prematurely due to linear
dependence in the dictionary. The requested precision might not have been met.

  return f(*args, **kwargs)
稀疏向量: [-0.02247048  0.          0.          0.96234921  0.06226374  0.
  0.          0.          0.          0.          0.          0.
  0.          0.          0.          0.          0.          0.
  0.          0.          0.          0.          0.          0.
  0.          0.          0.          0.          0.          0.        ]
更新后概率: [0.0166146  0.00836259 0.00836259 0.71155779 0.0460376  0.00836259
 0.00836259 0.00836259 0.00836259 0.00836259 0.00836259 0.00836259
 0.00836259 0.00836259 0.00836259 0.00836259 0.00836259 0.00836259
 0.00836259 0.00836259 0.00836259 0.00836259 0.00836259 0.00836259
 0.00836259 0.00836259 0.00836259 0.00836259 0.00836259 0.00836259]
Classification: 0.977894915830641 0.9412962334577536 274
本轮采样概率阵: [0.0166146  0.00836259 0.00836259 0.71155779 0.0460376  0.00836259
 0.00836259 0.00836259 0.00836259 0.00836259 0.00836259 0.00836259
 0.00836259 0.00836259 0.00836259 0.00836259 0.00836259 0.00836259
 0.00836259 0.00836259 0.00836259 0.00836259 0.00836259 0.00836259
 0.00836259 0.00836259 0.00836259 0.00836259 0.00836259 0.00836259]
客户端选择掩码: [1.0, 0.0, 1.0, 1.0, 1.0, 1.0, 1.0, 0.0, 1.0, 0.0, 1.0, 0.0, 1.0, 0.0, 1.0, 1.0, 0.0, 0.0, 1.0, 1.0, 1.0, 1.0, 0.0, 1.0, 1.0, 0.0, 1.0, 1.0, 1.0, 1.0]
/mnt/data/user_liangzhiyu/envs/fedcsl/lib/python3.8/site-packages/sklearn/utils/validation.py:63: RuntimeWarning:  Orthogonal matching pursuit ended prematurely due to linear
dependence in the dictionary. The requested precision might not have been met.

  return f(*args, **kwargs)
稀疏向量: [ 0.34576767  0.          0.          0.          0.26319533  0.
  0.          0.          0.         -0.14057419  0.          0.
  0.53110933  0.          0.          0.          0.          0.
  0.          0.          0.          0.          0.          0.
  0.          0.          0.          0.          0.          0.        ]
更新后概率: [0.23474581 0.00837005 0.00837005 0.00837005 0.17868646 0.00837005
 0.00837005 0.00837005 0.00837005 0.00837005 0.00837005 0.00837005
 0.36057648 0.00837005 0.00837005 0.00837005 0.00837005 0.00837005
 0.00837005 0.00837005 0.00837005 0.00837005 0.00837005 0.00837005
 0.00837005 0.00837005 0.00837005 0.00837005 0.00837005 0.00837005]
Classification: 1.0 0.9406175771971497 275
本轮采样概率阵: [0.23474581 0.00837005 0.00837005 0.00837005 0.17868646 0.00837005
 0.00837005 0.00837005 0.00837005 0.00837005 0.00837005 0.00837005
 0.36057648 0.00837005 0.00837005 0.00837005 0.00837005 0.00837005
 0.00837005 0.00837005 0.00837005 0.00837005 0.00837005 0.00837005
 0.00837005 0.00837005 0.00837005 0.00837005 0.00837005 0.00837005]
客户端选择掩码: [1.0, 0.0, 1.0, 0.0, 1.0, 1.0, 0.0, 1.0, 1.0, 0.0, 1.0, 0.0, 1.0, 0.0, 1.0, 1.0, 1.0, 0.0, 1.0, 1.0, 1.0, 1.0, 1.0, 1.0, 0.0, 1.0, 0.0, 1.0, 1.0, 1.0]
/mnt/data/user_liangzhiyu/envs/fedcsl/lib/python3.8/site-packages/sklearn/utils/validation.py:63: RuntimeWarning:  Orthogonal matching pursuit ended prematurely due to linear
dependence in the dictionary. The requested precision might not have been met.

  return f(*args, **kwargs)
稀疏向量: [-0.97673457  0.          0.          0.          0.01370218  0.
  0.          1.77185051  0.          0.          0.          0.
  0.          0.          0.          0.          0.          0.
  0.          0.          0.          0.          0.          0.
  0.          0.18903866  0.          0.          0.          0.        ]
更新后概率: [0.25707602 0.0084007  0.0084007  0.0084007  0.0084007  0.0084007
 0.0084007  0.46635012 0.0084007  0.0084007  0.0084007  0.0084007
 0.0084007  0.0084007  0.0084007  0.0084007  0.0084007  0.0084007
 0.0084007  0.0084007  0.0084007  0.0084007  0.0084007  0.0084007
 0.0084007  0.04975488 0.0084007  0.0084007  0.0084007  0.0084007 ]
Classification: 0.977724876721646 0.9416355615880556 276
本轮采样概率阵: [0.25707602 0.0084007  0.0084007  0.0084007  0.0084007  0.0084007
 0.0084007  0.46635012 0.0084007  0.0084007  0.0084007  0.0084007
 0.0084007  0.0084007  0.0084007  0.0084007  0.0084007  0.0084007
 0.0084007  0.0084007  0.0084007  0.0084007  0.0084007  0.0084007
 0.0084007  0.04975488 0.0084007  0.0084007  0.0084007  0.0084007 ]
客户端选择掩码: [1.0, 1.0, 1.0, 1.0, 0.0, 1.0, 1.0, 1.0, 0.0, 1.0, 0.0, 0.0, 1.0, 1.0, 1.0, 0.0, 0.0, 1.0, 1.0, 0.0, 0.0, 0.0, 1.0, 1.0, 1.0, 1.0, 1.0, 1.0, 1.0, 1.0]
/mnt/data/user_liangzhiyu/envs/fedcsl/lib/python3.8/site-packages/sklearn/utils/validation.py:63: RuntimeWarning:  Orthogonal matching pursuit ended prematurely due to linear
dependence in the dictionary. The requested precision might not have been met.

  return f(*args, **kwargs)
稀疏向量: [ 0.          0.          0.          0.         -0.31751852  0.
  0.          0.          0.          1.37949384  0.          0.
 -0.05918477  0.          0.          0.          0.          0.
  0.          0.          0.          0.          0.          0.
  0.          0.          0.          0.          0.          0.        ]
更新后概率: [0.00830293 0.00830293 0.00830293 0.00830293 0.00830293 0.00830293
 0.00830293 0.00830293 0.00830293 0.73594348 0.00830293 0.00830293
 0.03157437 0.00830293 0.00830293 0.00830293 0.00830293 0.00830293
 0.00830293 0.00830293 0.00830293 0.00830293 0.00830293 0.00830293
 0.00830293 0.00830293 0.00830293 0.00830293 0.00830293 0.00830293]
Classification: 0.9782349940486312 0.9416355615880556 277
本轮采样概率阵: [0.00830293 0.00830293 0.00830293 0.00830293 0.00830293 0.00830293
 0.00830293 0.00830293 0.00830293 0.73594348 0.00830293 0.00830293
 0.03157437 0.00830293 0.00830293 0.00830293 0.00830293 0.00830293
 0.00830293 0.00830293 0.00830293 0.00830293 0.00830293 0.00830293
 0.00830293 0.00830293 0.00830293 0.00830293 0.00830293 0.00830293]
客户端选择掩码: [1.0, 0.0, 1.0, 1.0, 1.0, 1.0, 1.0, 1.0, 0.0, 1.0, 1.0, 0.0, 1.0, 1.0, 1.0, 0.0, 0.0, 1.0, 1.0, 0.0, 0.0, 0.0, 1.0, 1.0, 1.0, 1.0, 1.0, 1.0, 0.0, 1.0]
/mnt/data/user_liangzhiyu/envs/fedcsl/lib/python3.8/site-packages/sklearn/utils/validation.py:63: RuntimeWarning:  Orthogonal matching pursuit ended prematurely due to linear
dependence in the dictionary. The requested precision might not have been met.

  return f(*args, **kwargs)
稀疏向量: [-0.63835635  0.          0.          0.         -0.02079509  0.
  0.          0.          0.          0.          0.          1.53951495
  0.          0.          0.          0.          0.          0.
  0.          0.          0.          0.         -0.95162614  0.
  0.          0.          1.07756776  0.          0.          0.        ]
更新后概率: [0.18492231 0.00841668 0.00841668 0.00841668 0.00841668 0.00841668
 0.00841668 0.00841668 0.00841668 0.00841668 0.00841668 0.00841668
 0.00841668 0.00841668 0.00841668 0.00841668 0.00841668 0.00841668
 0.00841668 0.00841668 0.00841668 0.00841668 0.2756719  0.00841668
 0.00841668 0.00841668 0.31215531 0.00841668 0.00841668 0.00841668]
Classification: 1.0 0.9402782490668476 278
本轮采样概率阵: [0.18492231 0.00841668 0.00841668 0.00841668 0.00841668 0.00841668
 0.00841668 0.00841668 0.00841668 0.00841668 0.00841668 0.00841668
 0.00841668 0.00841668 0.00841668 0.00841668 0.00841668 0.00841668
 0.00841668 0.00841668 0.00841668 0.00841668 0.2756719  0.00841668
 0.00841668 0.00841668 0.31215531 0.00841668 0.00841668 0.00841668]
客户端选择掩码: [1.0, 1.0, 0.0, 1.0, 1.0, 0.0, 1.0, 1.0, 0.0, 0.0, 0.0, 1.0, 1.0, 1.0, 0.0, 1.0, 0.0, 1.0, 0.0, 1.0, 1.0, 1.0, 1.0, 0.0, 1.0, 1.0, 1.0, 1.0, 1.0, 1.0]
/mnt/data/user_liangzhiyu/envs/fedcsl/lib/python3.8/site-packages/sklearn/utils/validation.py:63: RuntimeWarning:  Orthogonal matching pursuit ended prematurely due to linear
dependence in the dictionary. The requested precision might not have been met.

  return f(*args, **kwargs)
稀疏向量: [ 0.051461    0.          0.          0.         -0.14127549  1.08815565
  0.          0.          0.          0.          0.          0.
  0.          0.          0.          0.          0.          0.
  0.          0.          0.          0.          0.          0.
  0.          0.          0.          0.          0.          0.        ]
更新后概率: [0.20492124 0.00830393 0.00830393 0.00830393 0.56256869 0.00830393
 0.00830393 0.00830393 0.00830393 0.00830393 0.00830393 0.00830393
 0.00830393 0.00830393 0.00830393 0.00830393 0.00830393 0.00830393
 0.00830393 0.00830393 0.00830393 0.00830393 0.00830393 0.00830393
 0.00830393 0.00830393 0.00830393 0.00830393 0.00830393 0.00830393]
Classification: 0.977894915830641 0.9409569053274517 279
本轮采样概率阵: [0.20492124 0.00830393 0.00830393 0.00830393 0.56256869 0.00830393
 0.00830393 0.00830393 0.00830393 0.00830393 0.00830393 0.00830393
 0.00830393 0.00830393 0.00830393 0.00830393 0.00830393 0.00830393
 0.00830393 0.00830393 0.00830393 0.00830393 0.00830393 0.00830393
 0.00830393 0.00830393 0.00830393 0.00830393 0.00830393 0.00830393]
客户端选择掩码: [1.0, 1.0, 1.0, 1.0, 1.0, 1.0, 0.0, 1.0, 0.0, 1.0, 1.0, 1.0, 1.0, 0.0, 0.0, 1.0, 1.0, 1.0, 1.0, 0.0, 0.0, 0.0, 1.0, 0.0, 1.0, 0.0, 1.0, 1.0, 1.0, 1.0]
/mnt/data/user_liangzhiyu/envs/fedcsl/lib/python3.8/site-packages/sklearn/utils/validation.py:63: RuntimeWarning:  Orthogonal matching pursuit ended prematurely due to linear
dependence in the dictionary. The requested precision might not have been met.

  return f(*args, **kwargs)
稀疏向量: [-0.02178842  0.          0.          0.          0.06802176  0.
  0.          0.          0.          0.          0.          0.9538118
  0.          0.          0.          0.          0.          0.
  0.          0.          0.          0.          0.          0.
  0.          0.          0.          0.          0.          0.        ]
更新后概率: [0.0161616  0.00836635 0.00836635 0.00836635 0.05045527 0.00836635
 0.00836635 0.00836635 0.00836635 0.00836635 0.00836635 0.7074917
 0.00836635 0.00836635 0.00836635 0.00836635 0.00836635 0.00836635
 0.00836635 0.00836635 0.00836635 0.00836635 0.00836635 0.00836635
 0.00836635 0.00836635 0.00836635 0.00836635 0.00836635 0.00836635]
Classification: 0.977894915830641 0.9406175771971497 280
本轮采样概率阵: [0.0161616  0.00836635 0.00836635 0.00836635 0.05045527 0.00836635
 0.00836635 0.00836635 0.00836635 0.00836635 0.00836635 0.7074917
 0.00836635 0.00836635 0.00836635 0.00836635 0.00836635 0.00836635
 0.00836635 0.00836635 0.00836635 0.00836635 0.00836635 0.00836635
 0.00836635 0.00836635 0.00836635 0.00836635 0.00836635 0.00836635]
客户端选择掩码: [1.0, 1.0, 0.0, 1.0, 1.0, 1.0, 1.0, 1.0, 0.0, 1.0, 1.0, 1.0, 1.0, 0.0, 0.0, 1.0, 0.0, 1.0, 1.0, 1.0, 0.0, 1.0, 1.0, 0.0, 1.0, 0.0, 1.0, 1.0, 0.0, 1.0]
/mnt/data/user_liangzhiyu/envs/fedcsl/lib/python3.8/site-packages/sklearn/utils/validation.py:63: RuntimeWarning:  Orthogonal matching pursuit ended prematurely due to linear
dependence in the dictionary. The requested precision might not have been met.

  return f(*args, **kwargs)
稀疏向量: [-0.02961641  0.          0.          0.          0.03914168  0.
  0.          0.          0.          0.          0.          0.
  0.          0.          0.          0.          0.          0.
  0.          0.98491283  0.          0.          0.          0.
  0.          0.          0.          0.          0.          0.        ]
更新后概率: [0.02175553 0.00837028 0.00837028 0.00837028 0.02875258 0.00837028
 0.00837028 0.00837028 0.00837028 0.00837028 0.00837028 0.00837028
 0.00837028 0.00837028 0.00837028 0.00837028 0.00837028 0.00837028
 0.00837028 0.72349424 0.00837028 0.00837028 0.00837028 0.00837028
 0.00837028 0.00837028 0.00837028 0.00837028 0.00837028 0.00837028]
Classification: 0.977894915830641 0.9412962334577536 281
本轮采样概率阵: [0.02175553 0.00837028 0.00837028 0.00837028 0.02875258 0.00837028
 0.00837028 0.00837028 0.00837028 0.00837028 0.00837028 0.00837028
 0.00837028 0.00837028 0.00837028 0.00837028 0.00837028 0.00837028
 0.00837028 0.72349424 0.00837028 0.00837028 0.00837028 0.00837028
 0.00837028 0.00837028 0.00837028 0.00837028 0.00837028 0.00837028]
客户端选择掩码: [1.0, 0.0, 1.0, 0.0, 1.0, 1.0, 1.0, 1.0, 0.0, 1.0, 0.0, 1.0, 1.0, 0.0, 1.0, 1.0, 0.0, 1.0, 1.0, 1.0, 1.0, 0.0, 0.0, 1.0, 1.0, 1.0, 1.0, 0.0, 1.0, 1.0]
/mnt/data/user_liangzhiyu/envs/fedcsl/lib/python3.8/site-packages/sklearn/utils/validation.py:63: RuntimeWarning:  Orthogonal matching pursuit ended prematurely due to linear
dependence in the dictionary. The requested precision might not have been met.

  return f(*args, **kwargs)
稀疏向量: [0.         0.         0.         0.         0.09983982 0.
 0.         0.         0.         0.         0.         0.
 0.         0.         0.         0.47980387 0.         0.
 0.         0.         0.         0.         0.21369214 0.
 0.         0.         0.         0.         0.20645267 0.        ]
更新后概率: [0.00837053 0.00837053 0.00837053 0.00837053 0.09830294 0.00837053
 0.00837053 0.00837053 0.00837053 0.00837053 0.00837053 0.00837053
 0.00837053 0.00837053 0.00837053 0.47241805 0.00837053 0.00837053
 0.00837053 0.00837053 0.00837053 0.00837053 0.00837053 0.00837053
 0.00837053 0.00837053 0.00837053 0.00837053 0.20327465 0.00837053]
Classification: 0.9782349940486312 0.9412962334577536 282
本轮采样概率阵: [0.00837053 0.00837053 0.00837053 0.00837053 0.09830294 0.00837053
 0.00837053 0.00837053 0.00837053 0.00837053 0.00837053 0.00837053
 0.00837053 0.00837053 0.00837053 0.47241805 0.00837053 0.00837053
 0.00837053 0.00837053 0.00837053 0.00837053 0.00837053 0.00837053
 0.00837053 0.00837053 0.00837053 0.00837053 0.20327465 0.00837053]
客户端选择掩码: [0.0, 1.0, 0.0, 1.0, 1.0, 1.0, 1.0, 1.0, 0.0, 0.0, 1.0, 1.0, 0.0, 1.0, 1.0, 1.0, 1.0, 1.0, 0.0, 1.0, 1.0, 1.0, 0.0, 1.0, 1.0, 0.0, 1.0, 0.0, 1.0, 1.0]
/mnt/data/user_liangzhiyu/envs/fedcsl/lib/python3.8/site-packages/sklearn/utils/validation.py:63: RuntimeWarning:  Orthogonal matching pursuit ended prematurely due to linear
dependence in the dictionary. The requested precision might not have been met.

  return f(*args, **kwargs)
稀疏向量: [ 0.          0.          0.          0.         -0.29264606  0.
  0.          0.          0.          1.65145874  0.          0.
  0.          0.          0.          0.          0.          0.
 -0.3550181   0.          0.          0.          0.          0.
  0.          0.          0.          0.          0.          0.        ]
更新后概率: [0.00823273 0.00823273 0.00823273 0.00823273 0.76125096 0.00823273
 0.00823273 0.00823273 0.00823273 0.00823273 0.00823273 0.00823273
 0.00823273 0.00823273 0.00823273 0.00823273 0.00823273 0.00823273
 0.00823273 0.00823273 0.00823273 0.00823273 0.00823273 0.00823273
 0.00823273 0.00823273 0.00823273 0.00823273 0.00823273 0.00823273]
Classification: 0.977894915830641 0.9412962334577536 283
本轮采样概率阵: [0.00823273 0.00823273 0.00823273 0.00823273 0.76125096 0.00823273
 0.00823273 0.00823273 0.00823273 0.00823273 0.00823273 0.00823273
 0.00823273 0.00823273 0.00823273 0.00823273 0.00823273 0.00823273
 0.00823273 0.00823273 0.00823273 0.00823273 0.00823273 0.00823273
 0.00823273 0.00823273 0.00823273 0.00823273 0.00823273 0.00823273]
客户端选择掩码: [0.0, 0.0, 1.0, 1.0, 1.0, 1.0, 0.0, 1.0, 0.0, 1.0, 1.0, 1.0, 1.0, 1.0, 0.0, 1.0, 1.0, 0.0, 0.0, 1.0, 1.0, 0.0, 0.0, 1.0, 1.0, 1.0, 1.0, 1.0, 1.0, 1.0]
/mnt/data/user_liangzhiyu/envs/fedcsl/lib/python3.8/site-packages/sklearn/utils/validation.py:63: RuntimeWarning:  Orthogonal matching pursuit ended prematurely due to linear
dependence in the dictionary. The requested precision might not have been met.

  return f(*args, **kwargs)
稀疏向量: [-1.85073754  0.          0.          0.          0.          0.
  0.          0.          0.          0.          0.          0.
  0.          0.          0.          0.          0.          0.
  0.          4.82336462  0.          0.         -1.98994681  0.
  0.          0.          0.          0.          0.          0.        ]
更新后概率: [0.00822432 0.00822432 0.00822432 0.00822432 0.00822432 0.00822432
 0.00822432 0.00822432 0.00822432 0.00822432 0.00822432 0.00822432
 0.00822432 0.00822432 0.00822432 0.00822432 0.00822432 0.00822432
 0.00822432 0.76149461 0.00822432 0.00822432 0.00822432 0.00822432
 0.00822432 0.00822432 0.00822432 0.00822432 0.00822432 0.00822432]
Classification: 0.977894915830641 0.9412962334577536 284
本轮采样概率阵: [0.00822432 0.00822432 0.00822432 0.00822432 0.00822432 0.00822432
 0.00822432 0.00822432 0.00822432 0.00822432 0.00822432 0.00822432
 0.00822432 0.00822432 0.00822432 0.00822432 0.00822432 0.00822432
 0.00822432 0.76149461 0.00822432 0.00822432 0.00822432 0.00822432
 0.00822432 0.00822432 0.00822432 0.00822432 0.00822432 0.00822432]
客户端选择掩码: [1.0, 1.0, 1.0, 1.0, 0.0, 0.0, 1.0, 1.0, 1.0, 1.0, 0.0, 1.0, 1.0, 0.0, 1.0, 1.0, 0.0, 1.0, 1.0, 1.0, 0.0, 1.0, 0.0, 1.0, 0.0, 1.0, 0.0, 1.0, 1.0, 1.0]
/mnt/data/user_liangzhiyu/envs/fedcsl/lib/python3.8/site-packages/sklearn/utils/validation.py:63: RuntimeWarning:  Orthogonal matching pursuit ended prematurely due to linear
dependence in the dictionary. The requested precision might not have been met.

  return f(*args, **kwargs)
稀疏向量: [0.04590495 0.         0.         0.         0.0238212  0.
 0.         0.         0.         0.         0.         0.93028773
 0.         0.         0.         0.         0.         0.
 0.         0.         0.         0.         0.         0.
 0.         0.         0.         0.         0.         0.        ]
更新后概率: [0.03610651 0.00829201 0.00829201 0.00829201 0.00829201 0.00829201
 0.00829201 0.00829201 0.00829201 0.00829201 0.00829201 0.73171734
 0.00829201 0.00829201 0.00829201 0.00829201 0.00829201 0.00829201
 0.00829201 0.00829201 0.00829201 0.00829201 0.00829201 0.00829201
 0.00829201 0.00829201 0.00829201 0.00829201 0.00829201 0.00829201]
Classification: 1.0 0.9402782490668476 285
本轮采样概率阵: [0.03610651 0.00829201 0.00829201 0.00829201 0.00829201 0.00829201
 0.00829201 0.00829201 0.00829201 0.00829201 0.00829201 0.73171734
 0.00829201 0.00829201 0.00829201 0.00829201 0.00829201 0.00829201
 0.00829201 0.00829201 0.00829201 0.00829201 0.00829201 0.00829201
 0.00829201 0.00829201 0.00829201 0.00829201 0.00829201 0.00829201]
客户端选择掩码: [1.0, 0.0, 0.0, 1.0, 0.0, 0.0, 1.0, 1.0, 0.0, 0.0, 1.0, 1.0, 1.0, 1.0, 0.0, 1.0, 1.0, 1.0, 1.0, 1.0, 1.0, 1.0, 1.0, 1.0, 1.0, 1.0, 0.0, 1.0, 1.0, 0.0]
/mnt/data/user_liangzhiyu/envs/fedcsl/lib/python3.8/site-packages/sklearn/utils/validation.py:63: RuntimeWarning:  Orthogonal matching pursuit ended prematurely due to linear
dependence in the dictionary. The requested precision might not have been met.

  return f(*args, **kwargs)
稀疏向量: [ 0.5105088   0.          0.          0.          0.25386493  0.
  0.          0.          0.          0.          0.31925381  0.
  0.42989323  0.          0.          0.          0.          0.
  0.          0.          0.          0.          0.          0.
 -0.51436268  0.          0.          0.          0.          0.        ]
更新后概率: [0.22465017 0.00843617 0.00843617 0.00843617 0.00843617 0.00843617
 0.00843617 0.00843617 0.00843617 0.00843617 0.14048813 0.00843617
 0.18917517 0.00843617 0.00843617 0.00843617 0.00843617 0.00843617
 0.00843617 0.00843617 0.00843617 0.00843617 0.00843617 0.00843617
 0.22634608 0.00843617 0.00843617 0.00843617 0.00843617 0.00843617]
Classification: 0.9780649549396361 0.9402782490668476 286
本轮采样概率阵: [0.22465017 0.00843617 0.00843617 0.00843617 0.00843617 0.00843617
 0.00843617 0.00843617 0.00843617 0.00843617 0.14048813 0.00843617
 0.18917517 0.00843617 0.00843617 0.00843617 0.00843617 0.00843617
 0.00843617 0.00843617 0.00843617 0.00843617 0.00843617 0.00843617
 0.22634608 0.00843617 0.00843617 0.00843617 0.00843617 0.00843617]
客户端选择掩码: [1.0, 1.0, 1.0, 1.0, 1.0, 1.0, 0.0, 1.0, 1.0, 0.0, 1.0, 1.0, 1.0, 0.0, 0.0, 1.0, 1.0, 1.0, 0.0, 1.0, 0.0, 1.0, 0.0, 1.0, 1.0, 0.0, 0.0, 1.0, 1.0, 1.0]
/mnt/data/user_liangzhiyu/envs/fedcsl/lib/python3.8/site-packages/sklearn/utils/validation.py:63: RuntimeWarning:  Orthogonal matching pursuit ended prematurely due to linear
dependence in the dictionary. The requested precision might not have been met.

  return f(*args, **kwargs)
稀疏向量: [0.10555546 0.         0.         0.         0.         0.
 0.         0.         0.         0.70611315 0.         0.
 0.18966713 0.         0.         0.         0.         0.
 0.         0.         0.         0.         0.         0.
 0.         0.         0.         0.         0.         0.        ]
更新后概率: [0.27440035 0.00830514 0.00830514 0.00830514 0.00830514 0.00830514
 0.00830514 0.00830514 0.00830514 0.00830514 0.00830514 0.00830514
 0.49305578 0.00830514 0.00830514 0.00830514 0.00830514 0.00830514
 0.00830514 0.00830514 0.00830514 0.00830514 0.00830514 0.00830514
 0.00830514 0.00830514 0.00830514 0.00830514 0.00830514 0.00830514]
Classification: 0.9780649549396361 0.9409569053274517 287
本轮采样概率阵: [0.27440035 0.00830514 0.00830514 0.00830514 0.00830514 0.00830514
 0.00830514 0.00830514 0.00830514 0.00830514 0.00830514 0.00830514
 0.49305578 0.00830514 0.00830514 0.00830514 0.00830514 0.00830514
 0.00830514 0.00830514 0.00830514 0.00830514 0.00830514 0.00830514
 0.00830514 0.00830514 0.00830514 0.00830514 0.00830514 0.00830514]
客户端选择掩码: [1.0, 0.0, 1.0, 1.0, 1.0, 1.0, 1.0, 1.0, 1.0, 1.0, 1.0, 1.0, 1.0, 0.0, 1.0, 1.0, 1.0, 1.0, 1.0, 0.0, 1.0, 1.0, 0.0, 0.0, 0.0, 0.0, 0.0, 1.0, 1.0, 0.0]
/mnt/data/user_liangzhiyu/envs/fedcsl/lib/python3.8/site-packages/sklearn/utils/validation.py:63: RuntimeWarning:  Orthogonal matching pursuit ended prematurely due to linear
dependence in the dictionary. The requested precision might not have been met.

  return f(*args, **kwargs)
稀疏向量: [ 0.06126401  0.          0.          0.         -0.20477404  0.
  0.          0.          0.          0.          0.          0.
  0.          0.          0.          0.          0.          0.
  0.          0.          0.          0.          0.          0.
  0.          0.          0.          1.14257477  0.          0.        ]
更新后概率: [0.03366778 0.00836643 0.00836643 0.00836643 0.11253406 0.00836643
 0.00836643 0.00836643 0.00836643 0.00836643 0.00836643 0.00836643
 0.00836643 0.00836643 0.00836643 0.00836643 0.00836643 0.00836643
 0.00836643 0.00836643 0.00836643 0.00836643 0.00836643 0.00836643
 0.00836643 0.00836643 0.00836643 0.62790468 0.00836643 0.00836643]
Classification: 0.9780649549396361 0.9412962334577536 288
本轮采样概率阵: [0.03366778 0.00836643 0.00836643 0.00836643 0.11253406 0.00836643
 0.00836643 0.00836643 0.00836643 0.00836643 0.00836643 0.00836643
 0.00836643 0.00836643 0.00836643 0.00836643 0.00836643 0.00836643
 0.00836643 0.00836643 0.00836643 0.00836643 0.00836643 0.00836643
 0.00836643 0.00836643 0.00836643 0.62790468 0.00836643 0.00836643]
客户端选择掩码: [1.0, 1.0, 1.0, 1.0, 1.0, 1.0, 0.0, 0.0, 0.0, 1.0, 1.0, 1.0, 1.0, 1.0, 1.0, 1.0, 0.0, 1.0, 0.0, 1.0, 0.0, 1.0, 1.0, 0.0, 1.0, 1.0, 0.0, 1.0, 0.0, 1.0]
/mnt/data/user_liangzhiyu/envs/fedcsl/lib/python3.8/site-packages/sklearn/utils/validation.py:63: RuntimeWarning:  Orthogonal matching pursuit ended prematurely due to linear
dependence in the dictionary. The requested precision might not have been met.

  return f(*args, **kwargs)
稀疏向量: [ 0.08365592  0.          0.          0.         -0.09031653  1.0052097
  0.          0.          0.          0.          0.          0.
  0.          0.          0.          0.          0.          0.
  0.          0.          0.          0.          0.          0.
  0.          0.          0.          0.          0.          0.        ]
更新后概率: [0.05491083 0.00837029 0.00837029 0.00837029 0.05928278 0.65980862
 0.00837029 0.00837029 0.00837029 0.00837029 0.00837029 0.00837029
 0.00837029 0.00837029 0.00837029 0.00837029 0.00837029 0.00837029
 0.00837029 0.00837029 0.00837029 0.00837029 0.00837029 0.00837029
 0.00837029 0.00837029 0.00837029 0.00837029 0.00837029 0.00837029]
Classification: 0.977894915830641 0.9423142178486597 289
本轮采样概率阵: [0.05491083 0.00837029 0.00837029 0.00837029 0.05928278 0.65980862
 0.00837029 0.00837029 0.00837029 0.00837029 0.00837029 0.00837029
 0.00837029 0.00837029 0.00837029 0.00837029 0.00837029 0.00837029
 0.00837029 0.00837029 0.00837029 0.00837029 0.00837029 0.00837029
 0.00837029 0.00837029 0.00837029 0.00837029 0.00837029 0.00837029]
客户端选择掩码: [1.0, 1.0, 1.0, 0.0, 1.0, 1.0, 1.0, 1.0, 0.0, 1.0, 0.0, 1.0, 0.0, 0.0, 1.0, 1.0, 0.0, 0.0, 1.0, 1.0, 1.0, 1.0, 1.0, 1.0, 0.0, 1.0, 0.0, 1.0, 1.0, 1.0]
/mnt/data/user_liangzhiyu/envs/fedcsl/lib/python3.8/site-packages/sklearn/utils/validation.py:63: RuntimeWarning:  Orthogonal matching pursuit ended prematurely due to linear
dependence in the dictionary. The requested precision might not have been met.

  return f(*args, **kwargs)
稀疏向量: [-0.4125482   0.          0.          0.          0.          0.
  0.          0.          0.          0.          0.          1.98374374
 -0.5708095   0.          0.          0.          0.          0.
  0.          0.          0.          0.          0.          0.
  0.          0.          0.          0.          0.          0.        ]
更新后概率: [0.1321458  0.00830105 0.00830105 0.00830105 0.00830105 0.00830105
 0.00830105 0.00830105 0.00830105 0.00830105 0.00830105 0.63542489
 0.00830105 0.00830105 0.00830105 0.00830105 0.00830105 0.00830105
 0.00830105 0.00830105 0.00830105 0.00830105 0.00830105 0.00830105
 0.00830105 0.00830105 0.00830105 0.00830105 0.00830105 0.00830105]
Classification: 0.9780649549396361 0.9416355615880556 290
本轮采样概率阵: [0.1321458  0.00830105 0.00830105 0.00830105 0.00830105 0.00830105
 0.00830105 0.00830105 0.00830105 0.00830105 0.00830105 0.63542489
 0.00830105 0.00830105 0.00830105 0.00830105 0.00830105 0.00830105
 0.00830105 0.00830105 0.00830105 0.00830105 0.00830105 0.00830105
 0.00830105 0.00830105 0.00830105 0.00830105 0.00830105 0.00830105]
客户端选择掩码: [1.0, 1.0, 1.0, 1.0, 1.0, 0.0, 1.0, 1.0, 1.0, 0.0, 0.0, 1.0, 1.0, 0.0, 1.0, 1.0, 1.0, 0.0, 1.0, 1.0, 1.0, 0.0, 1.0, 1.0, 0.0, 1.0, 0.0, 0.0, 1.0, 1.0]
/mnt/data/user_liangzhiyu/envs/fedcsl/lib/python3.8/site-packages/sklearn/utils/validation.py:63: RuntimeWarning:  Orthogonal matching pursuit ended prematurely due to linear
dependence in the dictionary. The requested precision might not have been met.

  return f(*args, **kwargs)
稀疏向量: [-0.11895542  0.          0.          0.          0.          0.
  0.          0.          0.          0.01312747  0.          0.
  0.          0.          0.          0.          0.          0.
  0.02616948  1.07376074  0.          0.          0.          0.
  0.          0.          0.          0.          0.          0.        ]
更新后概率: [0.07554851 0.00836617 0.00836617 0.00836617 0.00836617 0.00836617
 0.00836617 0.00836617 0.00836617 0.00836617 0.00836617 0.00836617
 0.00836617 0.00836617 0.00836617 0.00836617 0.00836617 0.00836617
 0.01662022 0.68194475 0.00836617 0.00836617 0.00836617 0.00836617
 0.00836617 0.00836617 0.00836617 0.00836617 0.00836617 0.00836617]
Classification: 0.9782349940486312 0.9409569053274517 291
本轮采样概率阵: [0.07554851 0.00836617 0.00836617 0.00836617 0.00836617 0.00836617
 0.00836617 0.00836617 0.00836617 0.00836617 0.00836617 0.00836617
 0.00836617 0.00836617 0.00836617 0.00836617 0.00836617 0.00836617
 0.01662022 0.68194475 0.00836617 0.00836617 0.00836617 0.00836617
 0.00836617 0.00836617 0.00836617 0.00836617 0.00836617 0.00836617]
客户端选择掩码: [1.0, 1.0, 1.0, 1.0, 1.0, 1.0, 1.0, 0.0, 1.0, 1.0, 0.0, 0.0, 1.0, 1.0, 0.0, 1.0, 1.0, 1.0, 1.0, 1.0, 0.0, 1.0, 0.0, 1.0, 1.0, 0.0, 1.0, 0.0, 1.0, 0.0]
/mnt/data/user_liangzhiyu/envs/fedcsl/lib/python3.8/site-packages/sklearn/utils/validation.py:63: RuntimeWarning:  Orthogonal matching pursuit ended prematurely due to linear
dependence in the dictionary. The requested precision might not have been met.

  return f(*args, **kwargs)
稀疏向量: [-0.02683248  0.          0.          0.          0.          0.
  0.          0.          0.          0.          0.          0.
  0.          0.          0.          0.          0.          0.
  0.          1.02125329  0.          0.          0.          0.
  0.          0.          0.          0.          0.          0.        ]
更新后概率: [0.01965108 0.00830079 0.00830079 0.00830079 0.00830079 0.00830079
 0.00830079 0.00830079 0.00830079 0.00830079 0.00830079 0.00830079
 0.00830079 0.00830079 0.00830079 0.00830079 0.00830079 0.00830079
 0.00830079 0.74792675 0.00830079 0.00830079 0.00830079 0.00830079
 0.00830079 0.00830079 0.00830079 0.00830079 0.00830079 0.00830079]
Classification: 0.9784050331576263 0.9409569053274517 292
本轮采样概率阵: [0.01965108 0.00830079 0.00830079 0.00830079 0.00830079 0.00830079
 0.00830079 0.00830079 0.00830079 0.00830079 0.00830079 0.00830079
 0.00830079 0.00830079 0.00830079 0.00830079 0.00830079 0.00830079
 0.00830079 0.74792675 0.00830079 0.00830079 0.00830079 0.00830079
 0.00830079 0.00830079 0.00830079 0.00830079 0.00830079 0.00830079]
客户端选择掩码: [1.0, 1.0, 1.0, 1.0, 0.0, 1.0, 1.0, 0.0, 0.0, 1.0, 1.0, 1.0, 0.0, 0.0, 1.0, 1.0, 1.0, 1.0, 1.0, 1.0, 1.0, 0.0, 1.0, 1.0, 0.0, 0.0, 1.0, 1.0, 1.0, 0.0]
/mnt/data/user_liangzhiyu/envs/fedcsl/lib/python3.8/site-packages/sklearn/utils/validation.py:63: RuntimeWarning:  Orthogonal matching pursuit ended prematurely due to linear
dependence in the dictionary. The requested precision might not have been met.

  return f(*args, **kwargs)
稀疏向量: [ 0.32096972  0.          0.          0.         -0.11159833  0.
  0.          0.          0.          0.          0.71952398  0.07102608
  0.          0.          0.          0.          0.          0.
  0.          0.          0.          0.          0.          0.
  0.          0.          0.          0.          0.          0.        ]
更新后概率: [0.2235382  0.00836615 0.00836615 0.00836615 0.00836615 0.00836615
 0.00836615 0.00836615 0.00836615 0.00836615 0.50110986 0.04946585
 0.00836615 0.00836615 0.00836615 0.00836615 0.00836615 0.00836615
 0.00836615 0.00836615 0.00836615 0.00836615 0.00836615 0.00836615
 0.00836615 0.00836615 0.00836615 0.00836615 0.00836615 0.00836615]
Classification: 0.9782349940486312 0.9402782490668476 293
本轮采样概率阵: [0.2235382  0.00836615 0.00836615 0.00836615 0.00836615 0.00836615
 0.00836615 0.00836615 0.00836615 0.00836615 0.50110986 0.04946585
 0.00836615 0.00836615 0.00836615 0.00836615 0.00836615 0.00836615
 0.00836615 0.00836615 0.00836615 0.00836615 0.00836615 0.00836615
 0.00836615 0.00836615 0.00836615 0.00836615 0.00836615 0.00836615]
客户端选择掩码: [1.0, 0.0, 0.0, 1.0, 0.0, 1.0, 1.0, 1.0, 1.0, 0.0, 1.0, 1.0, 1.0, 1.0, 1.0, 1.0, 1.0, 0.0, 0.0, 1.0, 1.0, 1.0, 0.0, 1.0, 0.0, 1.0, 1.0, 1.0, 0.0, 1.0]
/mnt/data/user_liangzhiyu/envs/fedcsl/lib/python3.8/site-packages/sklearn/utils/validation.py:63: RuntimeWarning:  Orthogonal matching pursuit ended prematurely due to linear
dependence in the dictionary. The requested precision might not have been met.

  return f(*args, **kwargs)
稀疏向量: [-0.02243833  0.          0.          0.         -0.08018451  0.
  0.          0.          0.33868041  0.          0.          0.
  0.          0.          0.          0.          0.          0.
  0.          0.          0.          0.          0.          0.
  0.          0.76613268  0.          0.          0.          0.        ]
更新后概率: [0.01540679 0.00837027 0.00837027 0.00837027 0.00837027 0.00837027
 0.00837027 0.00837027 0.23254754 0.00837027 0.00837027 0.00837027
 0.00837027 0.00837027 0.00837027 0.00837027 0.00837027 0.00837027
 0.00837027 0.00837027 0.00837027 0.00837027 0.00837027 0.00837027
 0.00837027 0.52604836 0.00837027 0.00837027 0.00837027 0.00837027]
Classification: 0.9780649549396361 0.9409569053274517 294
本轮采样概率阵: [0.01540679 0.00837027 0.00837027 0.00837027 0.00837027 0.00837027
 0.00837027 0.00837027 0.23254754 0.00837027 0.00837027 0.00837027
 0.00837027 0.00837027 0.00837027 0.00837027 0.00837027 0.00837027
 0.00837027 0.00837027 0.00837027 0.00837027 0.00837027 0.00837027
 0.00837027 0.52604836 0.00837027 0.00837027 0.00837027 0.00837027]
客户端选择掩码: [1.0, 1.0, 1.0, 1.0, 0.0, 0.0, 0.0, 0.0, 1.0, 1.0, 1.0, 1.0, 1.0, 0.0, 1.0, 0.0, 1.0, 0.0, 0.0, 1.0, 1.0, 1.0, 1.0, 1.0, 1.0, 1.0, 0.0, 1.0, 1.0, 1.0]
/mnt/data/user_liangzhiyu/envs/fedcsl/lib/python3.8/site-packages/sklearn/utils/validation.py:63: RuntimeWarning:  Orthogonal matching pursuit ended prematurely due to linear
dependence in the dictionary. The requested precision might not have been met.

  return f(*args, **kwargs)
稀疏向量: [0.1773723  0.         0.         0.         0.         0.
 0.         0.         0.         0.         0.         0.
 0.27751033 0.         0.         0.         0.         0.
 0.         0.         0.         0.         0.         0.
 0.         0.         0.         0.54456036 0.         0.        ]
更新后概率: [0.1373619  0.00837053 0.00837053 0.00837053 0.00837053 0.00837053
 0.00837053 0.00837053 0.00837053 0.00837053 0.00837053 0.00837053
 0.2149115  0.00837053 0.00837053 0.00837053 0.00837053 0.00837053
 0.00837053 0.00837053 0.00837053 0.00837053 0.00837053 0.00837053
 0.00837053 0.00837053 0.00837053 0.42172227 0.00837053 0.00837053]
Classification: 0.977724876721646 0.9412962334577536 295
本轮采样概率阵: [0.1373619  0.00837053 0.00837053 0.00837053 0.00837053 0.00837053
 0.00837053 0.00837053 0.00837053 0.00837053 0.00837053 0.00837053
 0.2149115  0.00837053 0.00837053 0.00837053 0.00837053 0.00837053
 0.00837053 0.00837053 0.00837053 0.00837053 0.00837053 0.00837053
 0.00837053 0.00837053 0.00837053 0.42172227 0.00837053 0.00837053]
客户端选择掩码: [1.0, 1.0, 0.0, 0.0, 0.0, 0.0, 0.0, 0.0, 1.0, 0.0, 1.0, 1.0, 1.0, 1.0, 1.0, 0.0, 1.0, 1.0, 0.0, 1.0, 1.0, 1.0, 1.0, 1.0, 1.0, 1.0, 1.0, 1.0, 1.0, 1.0]
/mnt/data/user_liangzhiyu/envs/fedcsl/lib/python3.8/site-packages/sklearn/utils/validation.py:63: RuntimeWarning:  Orthogonal matching pursuit ended prematurely due to linear
dependence in the dictionary. The requested precision might not have been met.

  return f(*args, **kwargs)
稀疏向量: [ 0.          0.          0.          0.          0.          0.
  0.          0.          0.          0.          0.          0.
  0.          1.07203911  0.          0.         -0.0711277   0.
  0.          0.          0.          0.          0.          0.
  0.          0.          0.          0.          0.          0.        ]
更新后概率: [0.00830106 0.00830106 0.00830106 0.00830106 0.00830106 0.00830106
 0.00830106 0.00830106 0.00830106 0.00830106 0.00830106 0.00830106
 0.00830106 0.71981212 0.00830106 0.00830106 0.04775813 0.00830106
 0.00830106 0.00830106 0.00830106 0.00830106 0.00830106 0.00830106
 0.00830106 0.00830106 0.00830106 0.00830106 0.00830106 0.00830106]
Classification: 0.9994898826730148 0.9399389209365456 296
本轮采样概率阵: [0.00830106 0.00830106 0.00830106 0.00830106 0.00830106 0.00830106
 0.00830106 0.00830106 0.00830106 0.00830106 0.00830106 0.00830106
 0.00830106 0.71981212 0.00830106 0.00830106 0.04775813 0.00830106
 0.00830106 0.00830106 0.00830106 0.00830106 0.00830106 0.00830106
 0.00830106 0.00830106 0.00830106 0.00830106 0.00830106 0.00830106]
客户端选择掩码: [1.0, 0.0, 1.0, 1.0, 1.0, 1.0, 0.0, 1.0, 0.0, 1.0, 0.0, 1.0, 1.0, 1.0, 1.0, 1.0, 1.0, 0.0, 1.0, 1.0, 1.0, 1.0, 1.0, 1.0, 1.0, 0.0, 0.0, 1.0, 0.0, 0.0]
/mnt/data/user_liangzhiyu/envs/fedcsl/lib/python3.8/site-packages/sklearn/utils/validation.py:63: RuntimeWarning:  Orthogonal matching pursuit ended prematurely due to linear
dependence in the dictionary. The requested precision might not have been met.

  return f(*args, **kwargs)
稀疏向量: [ 0.0394121   0.          0.          0.         -0.15503249  0.
  0.          0.          0.          0.          0.          0.
  0.          0.          0.          0.          0.          0.
  0.          0.          0.          0.          0.          0.
  0.          1.1177629   0.          0.          0.          0.        ]
更新后概率: [0.15560372 0.00829676 0.00829676 0.00829676 0.61208695 0.00829676
 0.00829676 0.00829676 0.00829676 0.00829676 0.00829676 0.00829676
 0.00829676 0.00829676 0.00829676 0.00829676 0.00829676 0.00829676
 0.00829676 0.00829676 0.00829676 0.00829676 0.00829676 0.00829676
 0.00829676 0.00829676 0.00829676 0.00829676 0.00829676 0.00829676]
Classification: 0.9996599217820099 0.9392602646759416 297
本轮采样概率阵: [0.15560372 0.00829676 0.00829676 0.00829676 0.61208695 0.00829676
 0.00829676 0.00829676 0.00829676 0.00829676 0.00829676 0.00829676
 0.00829676 0.00829676 0.00829676 0.00829676 0.00829676 0.00829676
 0.00829676 0.00829676 0.00829676 0.00829676 0.00829676 0.00829676
 0.00829676 0.00829676 0.00829676 0.00829676 0.00829676 0.00829676]
客户端选择掩码: [1.0, 0.0, 0.0, 1.0, 1.0, 1.0, 1.0, 1.0, 1.0, 0.0, 1.0, 1.0, 1.0, 1.0, 1.0, 0.0, 0.0, 1.0, 0.0, 0.0, 1.0, 0.0, 1.0, 1.0, 1.0, 1.0, 1.0, 0.0, 1.0, 1.0]
/mnt/data/user_liangzhiyu/envs/fedcsl/lib/python3.8/site-packages/sklearn/utils/validation.py:63: RuntimeWarning:  Orthogonal matching pursuit ended prematurely due to linear
dependence in the dictionary. The requested precision might not have been met.

  return f(*args, **kwargs)
稀疏向量: [-0.18759266  0.          0.          0.          0.          0.
  0.          0.          0.          0.          0.          1.57414166
  0.          0.          0.          0.          0.          0.
 -0.3860395   0.          0.          0.          0.          0.
  0.          0.          0.          0.          0.          0.        ]
更新后概率: [0.0817459  0.00829649 0.00829649 0.00829649 0.00829649 0.00829649
 0.00829649 0.00829649 0.00829649 0.00829649 0.00829649 0.68595239
 0.00829649 0.00829649 0.00829649 0.00829649 0.00829649 0.00829649
 0.00829649 0.00829649 0.00829649 0.00829649 0.00829649 0.00829649
 0.00829649 0.00829649 0.00829649 0.00829649 0.00829649 0.00829649]
Classification: 0.9996599217820099 0.9385816084153377 298
本轮采样概率阵: [0.0817459  0.00829649 0.00829649 0.00829649 0.00829649 0.00829649
 0.00829649 0.00829649 0.00829649 0.00829649 0.00829649 0.68595239
 0.00829649 0.00829649 0.00829649 0.00829649 0.00829649 0.00829649
 0.00829649 0.00829649 0.00829649 0.00829649 0.00829649 0.00829649
 0.00829649 0.00829649 0.00829649 0.00829649 0.00829649 0.00829649]
客户端选择掩码: [1.0, 1.0, 0.0, 1.0, 0.0, 0.0, 1.0, 0.0, 1.0, 1.0, 1.0, 1.0, 1.0, 0.0, 1.0, 0.0, 0.0, 1.0, 1.0, 0.0, 1.0, 1.0, 1.0, 1.0, 1.0, 1.0, 0.0, 1.0, 1.0, 1.0]
/mnt/data/user_liangzhiyu/envs/fedcsl/lib/python3.8/site-packages/sklearn/utils/validation.py:63: RuntimeWarning:  Orthogonal matching pursuit ended prematurely due to linear
dependence in the dictionary. The requested precision might not have been met.

  return f(*args, **kwargs)
稀疏向量: [ 0.06104558  0.          0.          0.         -0.23508975  1.17232323
  0.          0.          0.          0.          0.          0.
  0.          0.          0.          0.          0.          0.
  0.          0.          0.          0.          0.          0.
  0.          0.          0.          0.          0.          0.        ]
更新后概率: [0.7613814  0.00822823 0.00822823 0.00822823 0.00822823 0.00822823
 0.00822823 0.00822823 0.00822823 0.00822823 0.00822823 0.00822823
 0.00822823 0.00822823 0.00822823 0.00822823 0.00822823 0.00822823
 0.00822823 0.00822823 0.00822823 0.00822823 0.00822823 0.00822823
 0.00822823 0.00822823 0.00822823 0.00822823 0.00822823 0.00822823]
Classification: 0.9780649549396361 0.9416355615880556 299
本轮采样概率阵: [0.7613814  0.00822823 0.00822823 0.00822823 0.00822823 0.00822823
 0.00822823 0.00822823 0.00822823 0.00822823 0.00822823 0.00822823
 0.00822823 0.00822823 0.00822823 0.00822823 0.00822823 0.00822823
 0.00822823 0.00822823 0.00822823 0.00822823 0.00822823 0.00822823
 0.00822823 0.00822823 0.00822823 0.00822823 0.00822823 0.00822823]
客户端选择掩码: [1.0, 1.0, 1.0, 1.0, 0.0, 1.0, 1.0, 1.0, 0.0, 1.0, 1.0, 1.0, 1.0, 0.0, 0.0, 1.0, 1.0, 1.0, 0.0, 0.0, 1.0, 1.0, 1.0, 0.0, 1.0, 0.0, 1.0, 0.0, 1.0, 1.0]
/mnt/data/user_liangzhiyu/envs/fedcsl/lib/python3.8/site-packages/sklearn/utils/validation.py:63: RuntimeWarning:  Orthogonal matching pursuit ended prematurely due to linear
dependence in the dictionary. The requested precision might not have been met.

  return f(*args, **kwargs)
稀疏向量: [ 0.31733384  0.          0.          0.          0.          0.
  0.          0.          0.          0.          0.          0.
 -0.16608394  0.          0.          0.          0.          0.
  0.          0.          0.          0.          0.6388924   0.
  0.          0.20740573  0.          0.          0.          0.        ]
更新后概率: [0.21891603 0.00836158 0.00836158 0.00836158 0.00836158 0.00836158
 0.00836158 0.00836158 0.00836158 0.00836158 0.00836158 0.00836158
 0.11457472 0.00836158 0.00836158 0.00836158 0.00836158 0.00836158
 0.00836158 0.00836158 0.00836158 0.00836158 0.44074652 0.00836158
 0.00836158 0.00836158 0.00836158 0.00836158 0.00836158 0.00836158]
Classification: 0.9782349940486312 0.9416355615880556 300
本轮采样概率阵: [0.21891603 0.00836158 0.00836158 0.00836158 0.00836158 0.00836158
 0.00836158 0.00836158 0.00836158 0.00836158 0.00836158 0.00836158
 0.11457472 0.00836158 0.00836158 0.00836158 0.00836158 0.00836158
 0.00836158 0.00836158 0.00836158 0.00836158 0.44074652 0.00836158
 0.00836158 0.00836158 0.00836158 0.00836158 0.00836158 0.00836158]
客户端选择掩码: [1.0, 0.0, 0.0, 1.0, 0.0, 1.0, 0.0, 1.0, 1.0, 1.0, 0.0, 0.0, 1.0, 0.0, 1.0, 1.0, 1.0, 0.0, 1.0, 0.0, 1.0, 1.0, 1.0, 1.0, 1.0, 1.0, 1.0, 1.0, 1.0, 1.0]
/mnt/data/user_liangzhiyu/envs/fedcsl/lib/python3.8/site-packages/sklearn/utils/validation.py:63: RuntimeWarning:  Orthogonal matching pursuit ended prematurely due to linear
dependence in the dictionary. The requested precision might not have been met.

  return f(*args, **kwargs)
稀疏向量: [ 0.25888274  0.          0.          0.          0.17188727  0.
  0.          0.          0.          0.          0.          0.
  0.62389539 -0.05500101  0.          0.          0.          0.
  0.          0.          0.          0.          0.          0.
  0.          0.          0.          0.          0.          0.        ]
更新后概率: [0.22510153 0.00830051 0.00830051 0.00830051 0.00830051 0.00830051
 0.00830051 0.00830051 0.00830051 0.00830051 0.00830051 0.00830051
 0.54248425 0.00830051 0.00830051 0.00830051 0.00830051 0.00830051
 0.00830051 0.00830051 0.00830051 0.00830051 0.00830051 0.00830051
 0.00830051 0.00830051 0.00830051 0.00830051 0.00830051 0.00830051]
Classification: 0.977894915830641 0.9423142178486597 301
本轮采样概率阵: [0.22510153 0.00830051 0.00830051 0.00830051 0.00830051 0.00830051
 0.00830051 0.00830051 0.00830051 0.00830051 0.00830051 0.00830051
 0.54248425 0.00830051 0.00830051 0.00830051 0.00830051 0.00830051
 0.00830051 0.00830051 0.00830051 0.00830051 0.00830051 0.00830051
 0.00830051 0.00830051 0.00830051 0.00830051 0.00830051 0.00830051]
客户端选择掩码: [1.0, 0.0, 0.0, 1.0, 1.0, 1.0, 1.0, 1.0, 1.0, 0.0, 0.0, 0.0, 1.0, 1.0, 1.0, 0.0, 0.0, 1.0, 1.0, 1.0, 1.0, 1.0, 1.0, 0.0, 1.0, 1.0, 0.0, 1.0, 1.0, 1.0]
/mnt/data/user_liangzhiyu/envs/fedcsl/lib/python3.8/site-packages/sklearn/utils/validation.py:63: RuntimeWarning:  Orthogonal matching pursuit ended prematurely due to linear
dependence in the dictionary. The requested precision might not have been met.

  return f(*args, **kwargs)
稀疏向量: [-0.0567674   0.          0.          0.          0.16587946  0.
  0.          0.          0.          0.          0.          0.
  0.          0.          0.          0.          0.          0.
  0.          0.          0.          0.          0.          0.
  0.          0.          0.8921728   0.          0.          0.        ]
更新后概率: [0.19573536 0.00829673 0.00829673 0.00829673 0.5719563  0.00829673
 0.00829673 0.00829673 0.00829673 0.00829673 0.00829673 0.00829673
 0.00829673 0.00829673 0.00829673 0.00829673 0.00829673 0.00829673
 0.00829673 0.00829673 0.00829673 0.00829673 0.00829673 0.00829673
 0.00829673 0.00829673 0.00829673 0.00829673 0.00829673 0.00829673]
Classification: 0.977894915830641 0.9416355615880556 302
本轮采样概率阵: [0.19573536 0.00829673 0.00829673 0.00829673 0.5719563  0.00829673
 0.00829673 0.00829673 0.00829673 0.00829673 0.00829673 0.00829673
 0.00829673 0.00829673 0.00829673 0.00829673 0.00829673 0.00829673
 0.00829673 0.00829673 0.00829673 0.00829673 0.00829673 0.00829673
 0.00829673 0.00829673 0.00829673 0.00829673 0.00829673 0.00829673]
客户端选择掩码: [1.0, 1.0, 1.0, 0.0, 1.0, 1.0, 1.0, 0.0, 1.0, 0.0, 1.0, 1.0, 0.0, 0.0, 1.0, 1.0, 1.0, 1.0, 1.0, 0.0, 1.0, 1.0, 1.0, 0.0, 0.0, 1.0, 1.0, 1.0, 0.0, 1.0]
/mnt/data/user_liangzhiyu/envs/fedcsl/lib/python3.8/site-packages/sklearn/utils/validation.py:63: RuntimeWarning:  Orthogonal matching pursuit ended prematurely due to linear
dependence in the dictionary. The requested precision might not have been met.

  return f(*args, **kwargs)
稀疏向量: [2.48986306e-04 0.00000000e+00 0.00000000e+00 9.53233305e-01
 4.84283171e-02 0.00000000e+00 0.00000000e+00 0.00000000e+00
 0.00000000e+00 0.00000000e+00 0.00000000e+00 0.00000000e+00
 0.00000000e+00 0.00000000e+00 0.00000000e+00 0.00000000e+00
 0.00000000e+00 0.00000000e+00 0.00000000e+00 0.00000000e+00
 0.00000000e+00 0.00000000e+00 0.00000000e+00 0.00000000e+00
 0.00000000e+00 0.00000000e+00 0.00000000e+00 0.00000000e+00
 0.00000000e+00 0.00000000e+00]
更新后概率: [0.00826042 0.00826042 0.00826042 0.00826042 0.76044793 0.00826042
 0.00826042 0.00826042 0.00826042 0.00826042 0.00826042 0.00826042
 0.00826042 0.00826042 0.00826042 0.00826042 0.00826042 0.00826042
 0.00826042 0.00826042 0.00826042 0.00826042 0.00826042 0.00826042
 0.00826042 0.00826042 0.00826042 0.00826042 0.00826042 0.00826042]
Classification: 0.9782349940486312 0.9416355615880556 303
本轮采样概率阵: [0.00826042 0.00826042 0.00826042 0.00826042 0.76044793 0.00826042
 0.00826042 0.00826042 0.00826042 0.00826042 0.00826042 0.00826042
 0.00826042 0.00826042 0.00826042 0.00826042 0.00826042 0.00826042
 0.00826042 0.00826042 0.00826042 0.00826042 0.00826042 0.00826042
 0.00826042 0.00826042 0.00826042 0.00826042 0.00826042 0.00826042]
客户端选择掩码: [1.0, 1.0, 1.0, 1.0, 1.0, 1.0, 1.0, 1.0, 1.0, 1.0, 1.0, 0.0, 1.0, 1.0, 0.0, 0.0, 0.0, 1.0, 1.0, 1.0, 0.0, 1.0, 1.0, 1.0, 0.0, 0.0, 1.0, 1.0, 0.0, 0.0]
/mnt/data/user_liangzhiyu/envs/fedcsl/lib/python3.8/site-packages/sklearn/utils/validation.py:63: RuntimeWarning:  Orthogonal matching pursuit ended prematurely due to linear
dependence in the dictionary. The requested precision might not have been met.

  return f(*args, **kwargs)
稀疏向量: [ 0.06486835  0.          0.          0.         -0.27788387  0.
  0.          0.          0.          0.          0.          0.
  0.          0.          0.          0.          0.          0.
  0.          0.          0.          0.          0.          0.
  1.2144247   0.          0.          0.          0.          0.        ]
更新后概率: [0.1453044  0.00829424 0.00829424 0.00829424 0.62245683 0.00829424
 0.00829424 0.00829424 0.00829424 0.00829424 0.00829424 0.00829424
 0.00829424 0.00829424 0.00829424 0.00829424 0.00829424 0.00829424
 0.00829424 0.00829424 0.00829424 0.00829424 0.00829424 0.00829424
 0.00829424 0.00829424 0.00829424 0.00829424 0.00829424 0.00829424]
Classification: 0.9782349940486312 0.9402782490668476 304
本轮采样概率阵: [0.1453044  0.00829424 0.00829424 0.00829424 0.62245683 0.00829424
 0.00829424 0.00829424 0.00829424 0.00829424 0.00829424 0.00829424
 0.00829424 0.00829424 0.00829424 0.00829424 0.00829424 0.00829424
 0.00829424 0.00829424 0.00829424 0.00829424 0.00829424 0.00829424
 0.00829424 0.00829424 0.00829424 0.00829424 0.00829424 0.00829424]
客户端选择掩码: [1.0, 1.0, 1.0, 1.0, 1.0, 0.0, 1.0, 1.0, 1.0, 1.0, 0.0, 1.0, 1.0, 0.0, 0.0, 1.0, 0.0, 0.0, 0.0, 1.0, 1.0, 1.0, 1.0, 1.0, 1.0, 1.0, 1.0, 1.0, 0.0, 0.0]
/mnt/data/user_liangzhiyu/envs/fedcsl/lib/python3.8/site-packages/sklearn/utils/validation.py:63: RuntimeWarning:  Orthogonal matching pursuit ended prematurely due to linear
dependence in the dictionary. The requested precision might not have been met.

  return f(*args, **kwargs)
稀疏向量: [ 0.          0.          0.          0.          0.          0.
  0.          0.          0.          0.          0.2943307   0.
  0.          0.          0.          0.          0.          0.
 -0.61536436  1.31495428  0.          0.          0.          0.
  0.          0.          0.          0.          0.          0.        ]
更新后概率: [0.00822807 0.00822807 0.00822807 0.00822807 0.00822807 0.00822807
 0.00822807 0.00822807 0.00822807 0.00822807 0.00822807 0.00822807
 0.00822807 0.00822807 0.00822807 0.00822807 0.00822807 0.00822807
 0.00822807 0.76138594 0.00822807 0.00822807 0.00822807 0.00822807
 0.00822807 0.00822807 0.00822807 0.00822807 0.00822807 0.00822807]
Classification: 0.9782349940486312 0.9409569053274517 305
本轮采样概率阵: [0.00822807 0.00822807 0.00822807 0.00822807 0.00822807 0.00822807
 0.00822807 0.00822807 0.00822807 0.00822807 0.00822807 0.00822807
 0.00822807 0.00822807 0.00822807 0.00822807 0.00822807 0.00822807
 0.00822807 0.76138594 0.00822807 0.00822807 0.00822807 0.00822807
 0.00822807 0.00822807 0.00822807 0.00822807 0.00822807 0.00822807]
客户端选择掩码: [1.0, 1.0, 1.0, 0.0, 1.0, 1.0, 1.0, 1.0, 0.0, 1.0, 1.0, 0.0, 1.0, 1.0, 1.0, 1.0, 1.0, 1.0, 1.0, 1.0, 0.0, 1.0, 0.0, 1.0, 0.0, 0.0, 0.0, 1.0, 1.0, 0.0]
/mnt/data/user_liangzhiyu/envs/fedcsl/lib/python3.8/site-packages/sklearn/utils/validation.py:63: RuntimeWarning:  Orthogonal matching pursuit ended prematurely due to linear
dependence in the dictionary. The requested precision might not have been met.

  return f(*args, **kwargs)
稀疏向量: [ 2.02837965  0.          0.          0.          0.74638657  0.
  0.          0.          0.          0.          0.         -3.74989946
  1.97433572  0.          0.          0.          0.          0.
  0.          0.          0.          0.          0.          0.
  0.          0.          0.          0.          0.          0.        ]
更新后概率: [0.33068309 0.00836157 0.00836157 0.00836157 0.12168206 0.00836157
 0.00836157 0.00836157 0.00836157 0.00836157 0.00836157 0.00836157
 0.3218724  0.00836157 0.00836157 0.00836157 0.00836157 0.00836157
 0.00836157 0.00836157 0.00836157 0.00836157 0.00836157 0.00836157
 0.00836157 0.00836157 0.00836157 0.00836157 0.00836157 0.00836157]
Classification: 0.9782349940486312 0.9409569053274517 306
本轮采样概率阵: [0.33068309 0.00836157 0.00836157 0.00836157 0.12168206 0.00836157
 0.00836157 0.00836157 0.00836157 0.00836157 0.00836157 0.00836157
 0.3218724  0.00836157 0.00836157 0.00836157 0.00836157 0.00836157
 0.00836157 0.00836157 0.00836157 0.00836157 0.00836157 0.00836157
 0.00836157 0.00836157 0.00836157 0.00836157 0.00836157 0.00836157]
客户端选择掩码: [1.0, 1.0, 0.0, 1.0, 1.0, 1.0, 1.0, 1.0, 1.0, 0.0, 1.0, 0.0, 1.0, 0.0, 1.0, 1.0, 0.0, 1.0, 1.0, 1.0, 1.0, 0.0, 1.0, 1.0, 1.0, 1.0, 0.0, 0.0, 1.0, 0.0]
/mnt/data/user_liangzhiyu/envs/fedcsl/lib/python3.8/site-packages/sklearn/utils/validation.py:63: RuntimeWarning:  Orthogonal matching pursuit ended prematurely due to linear
dependence in the dictionary. The requested precision might not have been met.

  return f(*args, **kwargs)
稀疏向量: [ 0.23289096  0.          0.          0.         -0.08275521  0.
  0.          0.          0.          0.          0.          0.
  0.          0.          0.44073982  0.          0.          0.
  0.          0.          0.          0.          0.          0.
  0.40931358  0.          0.          0.          0.          0.        ]
更新后概率: [0.15594203 0.00844063 0.00844063 0.00844063 0.05541226 0.00844063
 0.00844063 0.00844063 0.00844063 0.00844063 0.00844063 0.00844063
 0.00844063 0.00844063 0.29511605 0.00844063 0.00844063 0.00844063
 0.00844063 0.00844063 0.00844063 0.00844063 0.00844063 0.00844063
 0.27407328 0.00844063 0.00844063 0.00844063 0.00844063 0.00844063]
Classification: 0.9780649549396361 0.9423142178486597 307
本轮采样概率阵: [0.15594203 0.00844063 0.00844063 0.00844063 0.05541226 0.00844063
 0.00844063 0.00844063 0.00844063 0.00844063 0.00844063 0.00844063
 0.00844063 0.00844063 0.29511605 0.00844063 0.00844063 0.00844063
 0.00844063 0.00844063 0.00844063 0.00844063 0.00844063 0.00844063
 0.27407328 0.00844063 0.00844063 0.00844063 0.00844063 0.00844063]
客户端选择掩码: [1.0, 1.0, 0.0, 1.0, 1.0, 1.0, 0.0, 1.0, 1.0, 0.0, 0.0, 1.0, 1.0, 1.0, 1.0, 0.0, 1.0, 0.0, 1.0, 1.0, 1.0, 0.0, 1.0, 1.0, 1.0, 1.0, 0.0, 1.0, 0.0, 1.0]
/mnt/data/user_liangzhiyu/envs/fedcsl/lib/python3.8/site-packages/sklearn/utils/validation.py:63: RuntimeWarning:  Orthogonal matching pursuit ended prematurely due to linear
dependence in the dictionary. The requested precision might not have been met.

  return f(*args, **kwargs)
稀疏向量: [ 0.11670666  0.          0.          0.         -0.20083475  1.08259525
  0.          0.          0.          0.          0.          0.
  0.          0.          0.          0.          0.          0.
  0.          0.          0.          0.          0.          0.
  0.          0.          0.          0.          0.          0.        ]
更新后概率: [0.06450546 0.00837497 0.00837497 0.00837497 0.11100428 0.59836609
 0.00837497 0.00837497 0.00837497 0.00837497 0.00837497 0.00837497
 0.00837497 0.00837497 0.00837497 0.00837497 0.00837497 0.00837497
 0.00837497 0.00837497 0.00837497 0.00837497 0.00837497 0.00837497
 0.00837497 0.00837497 0.00837497 0.00837497 0.00837497 0.00837497]
Classification: 0.9996599217820099 0.9392602646759416 308
本轮采样概率阵: [0.06450546 0.00837497 0.00837497 0.00837497 0.11100428 0.59836609
 0.00837497 0.00837497 0.00837497 0.00837497 0.00837497 0.00837497
 0.00837497 0.00837497 0.00837497 0.00837497 0.00837497 0.00837497
 0.00837497 0.00837497 0.00837497 0.00837497 0.00837497 0.00837497
 0.00837497 0.00837497 0.00837497 0.00837497 0.00837497 0.00837497]
客户端选择掩码: [1.0, 0.0, 1.0, 1.0, 1.0, 1.0, 1.0, 0.0, 1.0, 1.0, 0.0, 1.0, 1.0, 0.0, 0.0, 1.0, 1.0, 1.0, 1.0, 0.0, 0.0, 1.0, 1.0, 0.0, 1.0, 0.0, 1.0, 1.0, 1.0, 1.0]
/mnt/data/user_liangzhiyu/envs/fedcsl/lib/python3.8/site-packages/sklearn/utils/validation.py:63: RuntimeWarning:  Orthogonal matching pursuit ended prematurely due to linear
dependence in the dictionary. The requested precision might not have been met.

  return f(*args, **kwargs)
稀疏向量: [0.18239003 0.         0.         0.         0.         0.
 0.         0.         0.         0.         0.         0.
 0.37085327 0.         0.         0.         0.         0.
 0.         0.         0.         0.         0.         0.
 0.44709391 0.         0.         0.         0.         0.        ]
更新后概率: [0.14112004 0.00837083 0.00837083 0.00837083 0.00837083 0.00837083
 0.00837083 0.00837083 0.00837083 0.00837083 0.00837083 0.00837083
 0.2869391  0.00837083 0.00837083 0.00837083 0.00837083 0.00837083
 0.00837083 0.00837083 0.00837083 0.00837083 0.00837083 0.00837083
 0.34592853 0.00837083 0.00837083 0.00837083 0.00837083 0.00837083]
Classification: 0.977894915830641 0.9426535459789617 309
本轮采样概率阵: [0.14112004 0.00837083 0.00837083 0.00837083 0.00837083 0.00837083
 0.00837083 0.00837083 0.00837083 0.00837083 0.00837083 0.00837083
 0.2869391  0.00837083 0.00837083 0.00837083 0.00837083 0.00837083
 0.00837083 0.00837083 0.00837083 0.00837083 0.00837083 0.00837083
 0.34592853 0.00837083 0.00837083 0.00837083 0.00837083 0.00837083]
客户端选择掩码: [1.0, 0.0, 1.0, 1.0, 1.0, 0.0, 1.0, 1.0, 0.0, 0.0, 1.0, 1.0, 1.0, 1.0, 1.0, 0.0, 1.0, 0.0, 1.0, 1.0, 0.0, 0.0, 1.0, 1.0, 1.0, 1.0, 1.0, 0.0, 1.0, 1.0]
/mnt/data/user_liangzhiyu/envs/fedcsl/lib/python3.8/site-packages/sklearn/utils/validation.py:63: RuntimeWarning:  Orthogonal matching pursuit ended prematurely due to linear
dependence in the dictionary. The requested precision might not have been met.

  return f(*args, **kwargs)
稀疏向量: [ 0.7967987   0.          0.          0.         -0.23608091  0.
  0.          0.          0.          0.          1.67975825 -1.24062749
  0.          0.          0.          0.          0.          0.
  0.          0.          0.          0.          0.          0.
  0.          0.          0.          0.          0.          0.        ]
更新后概率: [0.15731903 0.00844122 0.00844122 0.00844122 0.04661155 0.00844122
 0.00844122 0.00844122 0.00844122 0.00844122 0.33164956 0.24494808
 0.00844122 0.00844122 0.00844122 0.00844122 0.00844122 0.00844122
 0.00844122 0.00844122 0.00844122 0.00844122 0.00844122 0.00844122
 0.00844122 0.00844122 0.00844122 0.00844122 0.00844122 0.00844122]
Classification: 0.9780649549396361 0.9419748897183576 310
本轮采样概率阵: [0.15731903 0.00844122 0.00844122 0.00844122 0.04661155 0.00844122
 0.00844122 0.00844122 0.00844122 0.00844122 0.33164956 0.24494808
 0.00844122 0.00844122 0.00844122 0.00844122 0.00844122 0.00844122
 0.00844122 0.00844122 0.00844122 0.00844122 0.00844122 0.00844122
 0.00844122 0.00844122 0.00844122 0.00844122 0.00844122 0.00844122]
客户端选择掩码: [1.0, 1.0, 1.0, 0.0, 1.0, 1.0, 1.0, 1.0, 1.0, 1.0, 1.0, 1.0, 1.0, 0.0, 1.0, 1.0, 0.0, 1.0, 1.0, 1.0, 1.0, 0.0, 0.0, 0.0, 0.0, 1.0, 0.0, 0.0, 1.0, 1.0]
/mnt/data/user_liangzhiyu/envs/fedcsl/lib/python3.8/site-packages/sklearn/utils/validation.py:63: RuntimeWarning:  Orthogonal matching pursuit ended prematurely due to linear
dependence in the dictionary. The requested precision might not have been met.

  return f(*args, **kwargs)
稀疏向量: [0.29936338 0.         0.         0.         0.15296278 0.
 0.         0.         0.         0.02299596 0.         0.
 0.52448128 0.         0.         0.         0.         0.
 0.         0.         0.         0.         0.         0.
 0.         0.         0.         0.         0.         0.        ]
更新后概率: [0.23367234 0.00844574 0.00844574 0.00844574 0.11939728 0.00844574
 0.00844574 0.00844574 0.00844574 0.01794982 0.00844574 0.00844574
 0.40939132 0.00844574 0.00844574 0.00844574 0.00844574 0.00844574
 0.00844574 0.00844574 0.00844574 0.00844574 0.00844574 0.00844574
 0.00844574 0.00844574 0.00844574 0.00844574 0.00844574 0.00844574]
Classification: 0.9780649549396361 0.9429928741092637 311
本轮采样概率阵: [0.23367234 0.00844574 0.00844574 0.00844574 0.11939728 0.00844574
 0.00844574 0.00844574 0.00844574 0.01794982 0.00844574 0.00844574
 0.40939132 0.00844574 0.00844574 0.00844574 0.00844574 0.00844574
 0.00844574 0.00844574 0.00844574 0.00844574 0.00844574 0.00844574
 0.00844574 0.00844574 0.00844574 0.00844574 0.00844574 0.00844574]
客户端选择掩码: [1.0, 1.0, 0.0, 0.0, 1.0, 0.0, 1.0, 0.0, 0.0, 1.0, 1.0, 1.0, 1.0, 1.0, 1.0, 1.0, 1.0, 0.0, 1.0, 1.0, 0.0, 1.0, 1.0, 0.0, 1.0, 1.0, 0.0, 1.0, 1.0, 1.0]
/mnt/data/user_liangzhiyu/envs/fedcsl/lib/python3.8/site-packages/sklearn/utils/validation.py:63: RuntimeWarning:  Orthogonal matching pursuit ended prematurely due to linear
dependence in the dictionary. The requested precision might not have been met.

  return f(*args, **kwargs)
稀疏向量: [ 0.47924254  0.          0.         -0.58530497  0.19690491  0.
  0.          0.          0.          0.          0.          0.
  0.          0.          0.          0.          0.          0.
  0.          0.          0.          0.          0.90411452  0.
  0.          0.          0.          0.          0.          0.        ]
更新后概率: [0.23468896 0.00837529 0.00837529 0.00837529 0.09642593 0.00837529
 0.00837529 0.00837529 0.00837529 0.00837529 0.00837529 0.00837529
 0.00837529 0.00837529 0.00837529 0.00837529 0.00837529 0.00837529
 0.00837529 0.00837529 0.00837529 0.00837529 0.44275222 0.00837529
 0.00837529 0.00837529 0.00837529 0.00837529 0.00837529 0.00837529]
Classification: 0.9996599217820099 0.9399389209365456 312
本轮采样概率阵: [0.23468896 0.00837529 0.00837529 0.00837529 0.09642593 0.00837529
 0.00837529 0.00837529 0.00837529 0.00837529 0.00837529 0.00837529
 0.00837529 0.00837529 0.00837529 0.00837529 0.00837529 0.00837529
 0.00837529 0.00837529 0.00837529 0.00837529 0.44275222 0.00837529
 0.00837529 0.00837529 0.00837529 0.00837529 0.00837529 0.00837529]
客户端选择掩码: [1.0, 0.0, 1.0, 0.0, 1.0, 1.0, 0.0, 1.0, 1.0, 0.0, 1.0, 1.0, 1.0, 1.0, 1.0, 1.0, 0.0, 0.0, 0.0, 0.0, 1.0, 1.0, 1.0, 1.0, 1.0, 0.0, 1.0, 1.0, 1.0, 1.0]
/mnt/data/user_liangzhiyu/envs/fedcsl/lib/python3.8/site-packages/sklearn/utils/validation.py:63: RuntimeWarning:  Orthogonal matching pursuit ended prematurely due to linear
dependence in the dictionary. The requested precision might not have been met.

  return f(*args, **kwargs)
稀疏向量: [-0.04763508  0.          0.          0.          0.          0.58531194
  0.          0.          0.          0.          0.          0.
  0.          0.          0.          0.          0.          0.46216446
  0.          0.          0.          0.          0.          0.
  0.          0.          0.          0.          0.          0.        ]
更新后概率: [0.05776609 0.00830136 0.00830136 0.00830136 0.00830136 0.70979587
 0.00830136 0.00830136 0.00830136 0.00830136 0.00830136 0.00830136
 0.00830136 0.00830136 0.00830136 0.00830136 0.00830136 0.00830136
 0.00830136 0.00830136 0.00830136 0.00830136 0.00830136 0.00830136
 0.00830136 0.00830136 0.00830136 0.00830136 0.00830136 0.00830136]
Classification: 0.9775548376126509 0.9423142178486597 313
本轮采样概率阵: [0.05776609 0.00830136 0.00830136 0.00830136 0.00830136 0.70979587
 0.00830136 0.00830136 0.00830136 0.00830136 0.00830136 0.00830136
 0.00830136 0.00830136 0.00830136 0.00830136 0.00830136 0.00830136
 0.00830136 0.00830136 0.00830136 0.00830136 0.00830136 0.00830136
 0.00830136 0.00830136 0.00830136 0.00830136 0.00830136 0.00830136]
客户端选择掩码: [1.0, 0.0, 0.0, 0.0, 1.0, 1.0, 1.0, 1.0, 1.0, 1.0, 1.0, 1.0, 0.0, 1.0, 1.0, 1.0, 1.0, 1.0, 1.0, 1.0, 0.0, 1.0, 0.0, 0.0, 1.0, 1.0, 0.0, 1.0, 0.0, 1.0]
/mnt/data/user_liangzhiyu/envs/fedcsl/lib/python3.8/site-packages/sklearn/utils/validation.py:63: RuntimeWarning:  Orthogonal matching pursuit ended prematurely due to linear
dependence in the dictionary. The requested precision might not have been met.

  return f(*args, **kwargs)
稀疏向量: [0.44432175 0.         0.         0.         0.         0.
 0.         0.         0.         0.05143207 0.50434515 0.
 0.         0.         0.         0.         0.         0.
 0.         0.         0.         0.         0.         0.
 0.         0.         0.         0.         0.         0.        ]
更新后概率: [0.34392118 0.00836619 0.00836619 0.00836619 0.00836619 0.00836619
 0.00836619 0.00836619 0.00836619 0.03981029 0.39038147 0.00836619
 0.00836619 0.00836619 0.00836619 0.00836619 0.00836619 0.00836619
 0.00836619 0.00836619 0.00836619 0.00836619 0.00836619 0.00836619
 0.00836619 0.00836619 0.00836619 0.00836619 0.00836619 0.00836619]
Classification: 0.977724876721646 0.9426535459789617 314
本轮采样概率阵: [0.34392118 0.00836619 0.00836619 0.00836619 0.00836619 0.00836619
 0.00836619 0.00836619 0.00836619 0.03981029 0.39038147 0.00836619
 0.00836619 0.00836619 0.00836619 0.00836619 0.00836619 0.00836619
 0.00836619 0.00836619 0.00836619 0.00836619 0.00836619 0.00836619
 0.00836619 0.00836619 0.00836619 0.00836619 0.00836619 0.00836619]
客户端选择掩码: [1.0, 0.0, 0.0, 1.0, 1.0, 1.0, 1.0, 0.0, 0.0, 1.0, 1.0, 1.0, 0.0, 1.0, 1.0, 1.0, 1.0, 1.0, 1.0, 1.0, 1.0, 0.0, 1.0, 1.0, 0.0, 1.0, 1.0, 1.0, 0.0, 0.0]
/mnt/data/user_liangzhiyu/envs/fedcsl/lib/python3.8/site-packages/sklearn/utils/validation.py:63: RuntimeWarning:  Orthogonal matching pursuit ended prematurely due to linear
dependence in the dictionary. The requested precision might not have been met.

  return f(*args, **kwargs)
稀疏向量: [0.0371616  0.         0.         0.         0.         0.
 0.         0.         0.         0.         0.         0.96283963
 0.         0.         0.         0.         0.         0.
 0.         0.         0.         0.         0.         0.
 0.         0.         0.         0.         0.         0.        ]
更新后概率: [0.02852438 0.00830079 0.00830079 0.00830079 0.00830079 0.00830079
 0.00830079 0.00830079 0.00830079 0.00830079 0.00830079 0.73905341
 0.00830079 0.00830079 0.00830079 0.00830079 0.00830079 0.00830079
 0.00830079 0.00830079 0.00830079 0.00830079 0.00830079 0.00830079
 0.00830079 0.00830079 0.00830079 0.00830079 0.00830079 0.00830079]
Classification: 0.977724876721646 0.9426535459789617 315
本轮采样概率阵: [0.02852438 0.00830079 0.00830079 0.00830079 0.00830079 0.00830079
 0.00830079 0.00830079 0.00830079 0.00830079 0.00830079 0.73905341
 0.00830079 0.00830079 0.00830079 0.00830079 0.00830079 0.00830079
 0.00830079 0.00830079 0.00830079 0.00830079 0.00830079 0.00830079
 0.00830079 0.00830079 0.00830079 0.00830079 0.00830079 0.00830079]
客户端选择掩码: [1.0, 1.0, 1.0, 1.0, 1.0, 0.0, 1.0, 0.0, 1.0, 1.0, 0.0, 1.0, 1.0, 1.0, 1.0, 1.0, 1.0, 1.0, 0.0, 0.0, 1.0, 1.0, 1.0, 0.0, 0.0, 1.0, 1.0, 0.0, 0.0, 1.0]
/mnt/data/user_liangzhiyu/envs/fedcsl/lib/python3.8/site-packages/sklearn/utils/validation.py:63: RuntimeWarning:  Orthogonal matching pursuit ended prematurely due to linear
dependence in the dictionary. The requested precision might not have been met.

  return f(*args, **kwargs)
稀疏向量: [-0.06088117  0.          0.          0.         -0.35317838  0.
  0.          0.          0.          0.17763667  0.          0.
  0.          0.          0.          0.          0.          0.
  0.          0.          0.          0.          0.          0.
  0.          1.23888097  0.          0.          0.          0.        ]
更新后概率: [0.02596262 0.00843673 0.00843673 0.00843673 0.15061201 0.00843673
 0.00843673 0.00843673 0.00843673 0.0757527  0.00843673 0.00843673
 0.00843673 0.00843673 0.00843673 0.00843673 0.00843673 0.00843673
 0.00843673 0.00843673 0.00843673 0.00843673 0.00843673 0.00843673
 0.00843673 0.52831759 0.00843673 0.00843673 0.00843673 0.00843673]
Classification: 0.9780649549396361 0.9426535459789617 316
本轮采样概率阵: [0.02596262 0.00843673 0.00843673 0.00843673 0.15061201 0.00843673
 0.00843673 0.00843673 0.00843673 0.0757527  0.00843673 0.00843673
 0.00843673 0.00843673 0.00843673 0.00843673 0.00843673 0.00843673
 0.00843673 0.00843673 0.00843673 0.00843673 0.00843673 0.00843673
 0.00843673 0.52831759 0.00843673 0.00843673 0.00843673 0.00843673]
客户端选择掩码: [1.0, 1.0, 1.0, 0.0, 1.0, 0.0, 1.0, 1.0, 1.0, 1.0, 1.0, 1.0, 0.0, 1.0, 0.0, 0.0, 1.0, 0.0, 0.0, 0.0, 1.0, 1.0, 1.0, 1.0, 1.0, 1.0, 1.0, 1.0, 1.0, 0.0]
/mnt/data/user_liangzhiyu/envs/fedcsl/lib/python3.8/site-packages/sklearn/utils/validation.py:63: RuntimeWarning:  Orthogonal matching pursuit ended prematurely due to linear
dependence in the dictionary. The requested precision might not have been met.

  return f(*args, **kwargs)
稀疏向量: [-0.09548848  0.          0.          0.          0.0230776   0.
  0.          0.          0.          0.39168842  0.          0.
  0.          0.          0.          0.          0.          0.68233335
  0.          0.          0.          0.          0.          0.
  0.          0.          0.          0.          0.          0.        ]
更新后概率: [0.14482353 0.00837472 0.00837472 0.00837472 0.03500086 0.00837472
 0.00837472 0.00837472 0.00837472 0.59405804 0.00837472 0.00837472
 0.00837472 0.00837472 0.00837472 0.00837472 0.00837472 0.00837472
 0.00837472 0.00837472 0.00837472 0.00837472 0.00837472 0.00837472
 0.00837472 0.00837472 0.00837472 0.00837472 0.00837472 0.00837472]
Classification: 0.977724876721646 0.9416355615880556 317
本轮采样概率阵: [0.14482353 0.00837472 0.00837472 0.00837472 0.03500086 0.00837472
 0.00837472 0.00837472 0.00837472 0.59405804 0.00837472 0.00837472
 0.00837472 0.00837472 0.00837472 0.00837472 0.00837472 0.00837472
 0.00837472 0.00837472 0.00837472 0.00837472 0.00837472 0.00837472
 0.00837472 0.00837472 0.00837472 0.00837472 0.00837472 0.00837472]
客户端选择掩码: [1.0, 0.0, 1.0, 1.0, 1.0, 1.0, 1.0, 0.0, 1.0, 1.0, 0.0, 1.0, 1.0, 1.0, 1.0, 1.0, 1.0, 1.0, 0.0, 1.0, 0.0, 1.0, 1.0, 1.0, 0.0, 0.0, 1.0, 0.0, 0.0, 1.0]
/mnt/data/user_liangzhiyu/envs/fedcsl/lib/python3.8/site-packages/sklearn/utils/validation.py:63: RuntimeWarning:  Orthogonal matching pursuit ended prematurely due to linear
dependence in the dictionary. The requested precision might not have been met.

  return f(*args, **kwargs)
稀疏向量: [0.2009758  0.         0.         0.         0.         0.56168057
 0.         0.         0.         0.         0.         0.
 0.23649018 0.         0.         0.         0.         0.
 0.         0.         0.         0.         0.         0.
 0.         0.         0.         0.         0.         0.        ]
更新后概率: [0.15568575 0.00837081 0.00837081 0.00837081 0.00837081 0.43510541
 0.00837081 0.00837081 0.00837081 0.00837081 0.00837081 0.00837081
 0.18319693 0.00837081 0.00837081 0.00837081 0.00837081 0.00837081
 0.00837081 0.00837081 0.00837081 0.00837081 0.00837081 0.00837081
 0.00837081 0.00837081 0.00837081 0.00837081 0.00837081 0.00837081]
Classification: 0.9780649549396361 0.9426535459789617 318
本轮采样概率阵: [0.15568575 0.00837081 0.00837081 0.00837081 0.00837081 0.43510541
 0.00837081 0.00837081 0.00837081 0.00837081 0.00837081 0.00837081
 0.18319693 0.00837081 0.00837081 0.00837081 0.00837081 0.00837081
 0.00837081 0.00837081 0.00837081 0.00837081 0.00837081 0.00837081
 0.00837081 0.00837081 0.00837081 0.00837081 0.00837081 0.00837081]
客户端选择掩码: [1.0, 0.0, 1.0, 1.0, 1.0, 1.0, 1.0, 0.0, 1.0, 1.0, 1.0, 0.0, 1.0, 0.0, 1.0, 1.0, 1.0, 0.0, 1.0, 0.0, 1.0, 1.0, 1.0, 1.0, 0.0, 1.0, 0.0, 0.0, 1.0, 1.0]
/mnt/data/user_liangzhiyu/envs/fedcsl/lib/python3.8/site-packages/sklearn/utils/validation.py:63: RuntimeWarning:  Orthogonal matching pursuit ended prematurely due to linear
dependence in the dictionary. The requested precision might not have been met.

  return f(*args, **kwargs)
稀疏向量: [0.00768703 0.         0.         0.         0.07633063 0.
 0.         0.         0.         0.         0.         0.91602856
 0.         0.         0.         0.         0.         0.
 0.         0.         0.         0.         0.         0.
 0.         0.         0.         0.         0.         0.        ]
更新后概率: [0.07022725 0.00830109 0.00830109 0.00830109 0.69734214 0.00830109
 0.00830109 0.00830109 0.00830109 0.00830109 0.00830109 0.00830109
 0.00830109 0.00830109 0.00830109 0.00830109 0.00830109 0.00830109
 0.00830109 0.00830109 0.00830109 0.00830109 0.00830109 0.00830109
 0.00830109 0.00830109 0.00830109 0.00830109 0.00830109 0.00830109]
Classification: 0.977894915830641 0.9416355615880556 319
本轮采样概率阵: [0.07022725 0.00830109 0.00830109 0.00830109 0.69734214 0.00830109
 0.00830109 0.00830109 0.00830109 0.00830109 0.00830109 0.00830109
 0.00830109 0.00830109 0.00830109 0.00830109 0.00830109 0.00830109
 0.00830109 0.00830109 0.00830109 0.00830109 0.00830109 0.00830109
 0.00830109 0.00830109 0.00830109 0.00830109 0.00830109 0.00830109]
客户端选择掩码: [1.0, 0.0, 0.0, 1.0, 1.0, 1.0, 0.0, 0.0, 0.0, 1.0, 0.0, 1.0, 1.0, 1.0, 1.0, 1.0, 1.0, 1.0, 1.0, 1.0, 0.0, 1.0, 1.0, 0.0, 1.0, 1.0, 0.0, 1.0, 1.0, 1.0]
/mnt/data/user_liangzhiyu/envs/fedcsl/lib/python3.8/site-packages/sklearn/utils/validation.py:63: RuntimeWarning:  Orthogonal matching pursuit ended prematurely due to linear
dependence in the dictionary. The requested precision might not have been met.

  return f(*args, **kwargs)
稀疏向量: [ 0.26715767  0.          0.         -0.80070461  0.12588523  0.
  0.          0.          0.          0.          0.          0.
  0.          0.          0.          0.          1.25205353  0.
  0.          0.          0.          0.          0.15041132  0.
  0.          0.          0.          0.          0.          0.        ]
更新后概率: [0.08101404 0.00850854 0.00850854 0.2428091  0.03817398 0.00850854
 0.00850854 0.00850854 0.00850854 0.00850854 0.00850854 0.00850854
 0.00850854 0.00850854 0.00850854 0.00850854 0.37967808 0.00850854
 0.00850854 0.00850854 0.00850854 0.00850854 0.04561137 0.00850854
 0.00850854 0.00850854 0.00850854 0.00850854 0.00850854 0.00850854]
Classification: 0.977724876721646 0.9419748897183576 320
本轮采样概率阵: [0.08101404 0.00850854 0.00850854 0.2428091  0.03817398 0.00850854
 0.00850854 0.00850854 0.00850854 0.00850854 0.00850854 0.00850854
 0.00850854 0.00850854 0.00850854 0.00850854 0.37967808 0.00850854
 0.00850854 0.00850854 0.00850854 0.00850854 0.04561137 0.00850854
 0.00850854 0.00850854 0.00850854 0.00850854 0.00850854 0.00850854]
客户端选择掩码: [1.0, 0.0, 1.0, 1.0, 1.0, 1.0, 1.0, 1.0, 0.0, 1.0, 0.0, 0.0, 0.0, 1.0, 0.0, 1.0, 1.0, 1.0, 1.0, 1.0, 1.0, 0.0, 1.0, 1.0, 1.0, 1.0, 1.0, 0.0, 0.0, 1.0]
/mnt/data/user_liangzhiyu/envs/fedcsl/lib/python3.8/site-packages/sklearn/utils/validation.py:63: RuntimeWarning:  Orthogonal matching pursuit ended prematurely due to linear
dependence in the dictionary. The requested precision might not have been met.

  return f(*args, **kwargs)
稀疏向量: [ 0.06026199  0.          0.          0.         -0.16061687  0.
  0.          0.          0.          1.10230732  0.          0.
  0.          0.          0.          0.          0.          0.
  0.          0.          0.          0.          0.          0.
  0.          0.          0.          0.          0.          0.        ]
更新后概率: [0.03523942 0.00837926 0.00837926 0.00837926 0.09392398 0.00837926
 0.00837926 0.00837926 0.00837926 0.64459662 0.00837926 0.00837926
 0.00837926 0.00837926 0.00837926 0.00837926 0.00837926 0.00837926
 0.00837926 0.00837926 0.00837926 0.00837926 0.00837926 0.00837926
 0.00837926 0.00837926 0.00837926 0.00837926 0.00837926 0.00837926]
Classification: 0.9780649549396361 0.9423142178486597 321
本轮采样概率阵: [0.03523942 0.00837926 0.00837926 0.00837926 0.09392398 0.00837926
 0.00837926 0.00837926 0.00837926 0.64459662 0.00837926 0.00837926
 0.00837926 0.00837926 0.00837926 0.00837926 0.00837926 0.00837926
 0.00837926 0.00837926 0.00837926 0.00837926 0.00837926 0.00837926
 0.00837926 0.00837926 0.00837926 0.00837926 0.00837926 0.00837926]
客户端选择掩码: [1.0, 1.0, 1.0, 0.0, 1.0, 1.0, 0.0, 1.0, 0.0, 1.0, 1.0, 1.0, 1.0, 1.0, 1.0, 1.0, 1.0, 1.0, 1.0, 0.0, 0.0, 0.0, 1.0, 0.0, 1.0, 1.0, 1.0, 0.0, 0.0, 1.0]
/mnt/data/user_liangzhiyu/envs/fedcsl/lib/python3.8/site-packages/sklearn/utils/validation.py:63: RuntimeWarning:  Orthogonal matching pursuit ended prematurely due to linear
dependence in the dictionary. The requested precision might not have been met.

  return f(*args, **kwargs)
稀疏向量: [ 0.20392961  0.          0.          0.         -0.08598835  0.35311254
  0.          0.          0.          0.          0.          0.
  0.          0.          0.52812758  0.          0.          0.
  0.          0.          0.          0.          0.          0.
  0.          0.          0.          0.          0.          0.        ]
更新后概率: [0.13590816 0.00844176 0.00844176 0.00844176 0.05730663 0.2353306
 0.00844176 0.00844176 0.00844176 0.00844176 0.00844176 0.00844176
 0.00844176 0.00844176 0.35196875 0.00844176 0.00844176 0.00844176
 0.00844176 0.00844176 0.00844176 0.00844176 0.00844176 0.00844176
 0.00844176 0.00844176 0.00844176 0.00844176 0.00844176 0.00844176]
Classification: 0.9780649549396361 0.9433322022395657 322
本轮采样概率阵: [0.13590816 0.00844176 0.00844176 0.00844176 0.05730663 0.2353306
 0.00844176 0.00844176 0.00844176 0.00844176 0.00844176 0.00844176
 0.00844176 0.00844176 0.35196875 0.00844176 0.00844176 0.00844176
 0.00844176 0.00844176 0.00844176 0.00844176 0.00844176 0.00844176
 0.00844176 0.00844176 0.00844176 0.00844176 0.00844176 0.00844176]
客户端选择掩码: [1.0, 0.0, 1.0, 1.0, 1.0, 1.0, 1.0, 1.0, 1.0, 1.0, 0.0, 1.0, 1.0, 1.0, 1.0, 0.0, 0.0, 1.0, 0.0, 0.0, 0.0, 1.0, 1.0, 1.0, 0.0, 0.0, 1.0, 1.0, 1.0, 1.0]
/mnt/data/user_liangzhiyu/envs/fedcsl/lib/python3.8/site-packages/sklearn/utils/validation.py:63: RuntimeWarning:  Orthogonal matching pursuit ended prematurely due to linear
dependence in the dictionary. The requested precision might not have been met.

  return f(*args, **kwargs)
稀疏向量: [-0.02707131  0.          0.          0.          0.          0.
  0.          0.          0.          0.          0.          1.02707129
  0.          0.          0.          0.          0.          0.
  0.          0.          0.          0.          0.          0.
  0.          0.          0.          0.          0.          0.        ]
更新后概率: [0.0197087  0.00830548 0.00830548 0.00830548 0.00830548 0.00830548
 0.00830548 0.00830548 0.00830548 0.00830548 0.00830548 0.74773779
 0.00830548 0.00830548 0.00830548 0.00830548 0.00830548 0.00830548
 0.00830548 0.00830548 0.00830548 0.00830548 0.00830548 0.00830548
 0.00830548 0.00830548 0.00830548 0.00830548 0.00830548 0.00830548]
Classification: 0.9780649549396361 0.9426535459789617 323
本轮采样概率阵: [0.0197087  0.00830548 0.00830548 0.00830548 0.00830548 0.00830548
 0.00830548 0.00830548 0.00830548 0.00830548 0.00830548 0.74773779
 0.00830548 0.00830548 0.00830548 0.00830548 0.00830548 0.00830548
 0.00830548 0.00830548 0.00830548 0.00830548 0.00830548 0.00830548
 0.00830548 0.00830548 0.00830548 0.00830548 0.00830548 0.00830548]
客户端选择掩码: [1.0, 0.0, 1.0, 0.0, 1.0, 1.0, 0.0, 1.0, 1.0, 1.0, 0.0, 1.0, 0.0, 1.0, 1.0, 1.0, 1.0, 1.0, 1.0, 1.0, 1.0, 0.0, 1.0, 1.0, 1.0, 0.0, 1.0, 0.0, 0.0, 1.0]
/mnt/data/user_liangzhiyu/envs/fedcsl/lib/python3.8/site-packages/sklearn/utils/validation.py:63: RuntimeWarning:  Orthogonal matching pursuit ended prematurely due to linear
dependence in the dictionary. The requested precision might not have been met.

  return f(*args, **kwargs)
稀疏向量: [0.01486472 0.         0.         0.9368382  0.05005551 0.
 0.         0.         0.         0.         0.         0.
 0.         0.         0.         0.         0.         0.
 0.         0.         0.         0.         0.         0.
 0.         0.         0.         0.         0.         0.        ]
更新后概率: [0.17577558 0.00829705 0.00829705 0.00829705 0.59190708 0.00829705
 0.00829705 0.00829705 0.00829705 0.00829705 0.00829705 0.00829705
 0.00829705 0.00829705 0.00829705 0.00829705 0.00829705 0.00829705
 0.00829705 0.00829705 0.00829705 0.00829705 0.00829705 0.00829705
 0.00829705 0.00829705 0.00829705 0.00829705 0.00829705 0.00829705]
Classification: 0.977894915830641 0.9423142178486597 324
本轮采样概率阵: [0.17577558 0.00829705 0.00829705 0.00829705 0.59190708 0.00829705
 0.00829705 0.00829705 0.00829705 0.00829705 0.00829705 0.00829705
 0.00829705 0.00829705 0.00829705 0.00829705 0.00829705 0.00829705
 0.00829705 0.00829705 0.00829705 0.00829705 0.00829705 0.00829705
 0.00829705 0.00829705 0.00829705 0.00829705 0.00829705 0.00829705]
客户端选择掩码: [1.0, 0.0, 1.0, 1.0, 1.0, 1.0, 1.0, 1.0, 1.0, 0.0, 0.0, 0.0, 1.0, 0.0, 1.0, 0.0, 1.0, 1.0, 1.0, 1.0, 1.0, 1.0, 1.0, 0.0, 1.0, 0.0, 1.0, 1.0, 0.0, 1.0]
/mnt/data/user_liangzhiyu/envs/fedcsl/lib/python3.8/site-packages/sklearn/utils/validation.py:63: RuntimeWarning:  Orthogonal matching pursuit ended prematurely due to linear
dependence in the dictionary. The requested precision might not have been met.

  return f(*args, **kwargs)
稀疏向量: [0.05317099 0.         0.         0.94857635 0.         0.
 0.         0.         0.         0.         0.         0.
 0.         0.         0.         0.         0.         0.
 0.         0.         0.         0.         0.         0.
 0.         0.         0.         0.         0.         0.        ]
更新后概率: [0.04074805 0.00829651 0.00829651 0.72694973 0.00829651 0.00829651
 0.00829651 0.00829651 0.00829651 0.00829651 0.00829651 0.00829651
 0.00829651 0.00829651 0.00829651 0.00829651 0.00829651 0.00829651
 0.00829651 0.00829651 0.00829651 0.00829651 0.00829651 0.00829651
 0.00829651 0.00829651 0.00829651 0.00829651 0.00829651 0.00829651]
Classification: 0.977894915830641 0.9429928741092637 325
本轮采样概率阵: [0.04074805 0.00829651 0.00829651 0.72694973 0.00829651 0.00829651
 0.00829651 0.00829651 0.00829651 0.00829651 0.00829651 0.00829651
 0.00829651 0.00829651 0.00829651 0.00829651 0.00829651 0.00829651
 0.00829651 0.00829651 0.00829651 0.00829651 0.00829651 0.00829651
 0.00829651 0.00829651 0.00829651 0.00829651 0.00829651 0.00829651]
客户端选择掩码: [1.0, 1.0, 1.0, 1.0, 0.0, 1.0, 1.0, 0.0, 1.0, 1.0, 1.0, 0.0, 1.0, 1.0, 1.0, 1.0, 0.0, 0.0, 1.0, 0.0, 1.0, 1.0, 1.0, 1.0, 1.0, 0.0, 1.0, 0.0, 0.0, 1.0]
/mnt/data/user_liangzhiyu/envs/fedcsl/lib/python3.8/site-packages/sklearn/utils/validation.py:63: RuntimeWarning:  Orthogonal matching pursuit ended prematurely due to linear
dependence in the dictionary. The requested precision might not have been met.

  return f(*args, **kwargs)
稀疏向量: [ 0.11047882  0.          0.          0.         -0.20599396  1.0940499
  0.          0.          0.          0.          0.          0.
  0.          0.          0.          0.          0.          0.
  0.          0.          0.          0.          0.          0.
  0.          0.          0.          0.          0.          0.        ]
更新后概率: [0.07041297 0.00829647 0.00829647 0.00829647 0.00829647 0.69728575
 0.00829647 0.00829647 0.00829647 0.00829647 0.00829647 0.00829647
 0.00829647 0.00829647 0.00829647 0.00829647 0.00829647 0.00829647
 0.00829647 0.00829647 0.00829647 0.00829647 0.00829647 0.00829647
 0.00829647 0.00829647 0.00829647 0.00829647 0.00829647 0.00829647]
Classification: 0.9780649549396361 0.9423142178486597 326
本轮采样概率阵: [0.07041297 0.00829647 0.00829647 0.00829647 0.00829647 0.69728575
 0.00829647 0.00829647 0.00829647 0.00829647 0.00829647 0.00829647
 0.00829647 0.00829647 0.00829647 0.00829647 0.00829647 0.00829647
 0.00829647 0.00829647 0.00829647 0.00829647 0.00829647 0.00829647
 0.00829647 0.00829647 0.00829647 0.00829647 0.00829647 0.00829647]
客户端选择掩码: [1.0, 0.0, 1.0, 1.0, 0.0, 1.0, 0.0, 1.0, 0.0, 1.0, 1.0, 1.0, 1.0, 1.0, 1.0, 0.0, 1.0, 1.0, 1.0, 1.0, 1.0, 0.0, 0.0, 0.0, 1.0, 1.0, 1.0, 1.0, 1.0, 0.0]
/mnt/data/user_liangzhiyu/envs/fedcsl/lib/python3.8/site-packages/sklearn/utils/validation.py:63: RuntimeWarning:  Orthogonal matching pursuit ended prematurely due to linear
dependence in the dictionary. The requested precision might not have been met.

  return f(*args, **kwargs)
稀疏向量: [0.24064096 0.         0.         0.         0.         0.
 0.         0.         0.         0.32758974 0.         0.
 0.43210723 0.         0.         0.         0.         0.
 0.         0.         0.         0.         0.         0.
 0.         0.         0.         0.         0.         0.        ]
更新后概率: [0.18622235 0.00836588 0.00836588 0.00836588 0.00836588 0.00836588
 0.00836588 0.00836588 0.00836588 0.25350851 0.00836588 0.00836588
 0.33439039 0.00836588 0.00836588 0.00836588 0.00836588 0.00836588
 0.00836588 0.00836588 0.00836588 0.00836588 0.00836588 0.00836588
 0.00836588 0.00836588 0.00836588 0.00836588 0.00836588 0.00836588]
Classification: 0.977894915830641 0.9419748897183576 327
本轮采样概率阵: [0.18622235 0.00836588 0.00836588 0.00836588 0.00836588 0.00836588
 0.00836588 0.00836588 0.00836588 0.25350851 0.00836588 0.00836588
 0.33439039 0.00836588 0.00836588 0.00836588 0.00836588 0.00836588
 0.00836588 0.00836588 0.00836588 0.00836588 0.00836588 0.00836588
 0.00836588 0.00836588 0.00836588 0.00836588 0.00836588 0.00836588]
客户端选择掩码: [1.0, 1.0, 1.0, 0.0, 0.0, 1.0, 1.0, 1.0, 1.0, 1.0, 1.0, 0.0, 1.0, 1.0, 1.0, 0.0, 1.0, 1.0, 1.0, 0.0, 0.0, 1.0, 1.0, 1.0, 0.0, 1.0, 0.0, 1.0, 0.0, 1.0]
/mnt/data/user_liangzhiyu/envs/fedcsl/lib/python3.8/site-packages/sklearn/utils/validation.py:63: RuntimeWarning:  Orthogonal matching pursuit ended prematurely due to linear
dependence in the dictionary. The requested precision might not have been met.

  return f(*args, **kwargs)
稀疏向量: [0.01308101 0.         0.         0.         0.         0.
 0.         0.         0.         0.         0.         0.98691979
 0.         0.         0.         0.         0.         0.
 0.         0.         0.         0.         0.         0.
 0.         0.         0.         0.         0.         0.        ]
更新后概率: [0.76125654 0.00823253 0.00823253 0.00823253 0.00823253 0.00823253
 0.00823253 0.00823253 0.00823253 0.00823253 0.00823253 0.00823253
 0.00823253 0.00823253 0.00823253 0.00823253 0.00823253 0.00823253
 0.00823253 0.00823253 0.00823253 0.00823253 0.00823253 0.00823253
 0.00823253 0.00823253 0.00823253 0.00823253 0.00823253 0.00823253]
Classification: 0.977894915830641 0.9423142178486597 328
本轮采样概率阵: [0.76125654 0.00823253 0.00823253 0.00823253 0.00823253 0.00823253
 0.00823253 0.00823253 0.00823253 0.00823253 0.00823253 0.00823253
 0.00823253 0.00823253 0.00823253 0.00823253 0.00823253 0.00823253
 0.00823253 0.00823253 0.00823253 0.00823253 0.00823253 0.00823253
 0.00823253 0.00823253 0.00823253 0.00823253 0.00823253 0.00823253]
客户端选择掩码: [1.0, 0.0, 1.0, 1.0, 0.0, 0.0, 1.0, 1.0, 1.0, 1.0, 1.0, 1.0, 0.0, 1.0, 1.0, 0.0, 0.0, 1.0, 1.0, 1.0, 1.0, 1.0, 0.0, 1.0, 1.0, 1.0, 0.0, 0.0, 1.0, 1.0]
/mnt/data/user_liangzhiyu/envs/fedcsl/lib/python3.8/site-packages/sklearn/utils/validation.py:63: RuntimeWarning:  Orthogonal matching pursuit ended prematurely due to linear
dependence in the dictionary. The requested precision might not have been met.

  return f(*args, **kwargs)
稀疏向量: [-1.07033862  0.          0.          0.         -1.93190833  0.
  0.          0.          0.          6.09832819  0.          0.
 -2.08490137  0.          0.          0.          0.          0.
  0.          0.          0.          0.          0.          0.
  0.          0.          0.          0.          0.          0.        ]
更新后概率: [0.11464005 0.00829251 0.00829251 0.00829251 0.00829251 0.00829251
 0.00829251 0.00829251 0.00829251 0.65316961 0.00829251 0.00829251
 0.00829251 0.00829251 0.00829251 0.00829251 0.00829251 0.00829251
 0.00829251 0.00829251 0.00829251 0.00829251 0.00829251 0.00829251
 0.00829251 0.00829251 0.00829251 0.00829251 0.00829251 0.00829251]
Classification: 0.9782349940486312 0.9423142178486597 329
本轮采样概率阵: [0.11464005 0.00829251 0.00829251 0.00829251 0.00829251 0.00829251
 0.00829251 0.00829251 0.00829251 0.65316961 0.00829251 0.00829251
 0.00829251 0.00829251 0.00829251 0.00829251 0.00829251 0.00829251
 0.00829251 0.00829251 0.00829251 0.00829251 0.00829251 0.00829251
 0.00829251 0.00829251 0.00829251 0.00829251 0.00829251 0.00829251]
客户端选择掩码: [1.0, 0.0, 0.0, 1.0, 1.0, 1.0, 1.0, 0.0, 0.0, 1.0, 0.0, 0.0, 1.0, 1.0, 1.0, 1.0, 1.0, 0.0, 1.0, 1.0, 1.0, 0.0, 1.0, 0.0, 1.0, 1.0, 1.0, 1.0, 1.0, 1.0]
/mnt/data/user_liangzhiyu/envs/fedcsl/lib/python3.8/site-packages/sklearn/utils/validation.py:63: RuntimeWarning:  Orthogonal matching pursuit ended prematurely due to linear
dependence in the dictionary. The requested precision might not have been met.

  return f(*args, **kwargs)
稀疏向量: [ 0.0206378   0.          0.          0.         -0.23667204  0.
  0.          0.          0.          0.          0.          0.
  0.          0.          0.          0.          0.          0.
  0.          0.          0.          0.          0.          0.
  1.21735986  0.          0.          0.          0.          0.        ]
更新后概率: [0.01083381 0.00836563 0.00836563 0.00836563 0.12424101 0.00836563
 0.00836563 0.00836563 0.00836563 0.00836563 0.00836563 0.00836563
 0.00836563 0.00836563 0.00836563 0.00836563 0.00836563 0.00836563
 0.00836563 0.00836563 0.00836563 0.00836563 0.00836563 0.00836563
 0.63905317 0.00836563 0.00836563 0.00836563 0.00836563 0.00836563]
Classification: 0.9996599217820099 0.9385816084153377 330
本轮采样概率阵: [0.01083381 0.00836563 0.00836563 0.00836563 0.12424101 0.00836563
 0.00836563 0.00836563 0.00836563 0.00836563 0.00836563 0.00836563
 0.00836563 0.00836563 0.00836563 0.00836563 0.00836563 0.00836563
 0.00836563 0.00836563 0.00836563 0.00836563 0.00836563 0.00836563
 0.63905317 0.00836563 0.00836563 0.00836563 0.00836563 0.00836563]
客户端选择掩码: [1.0, 1.0, 1.0, 1.0, 1.0, 1.0, 1.0, 1.0, 1.0, 1.0, 1.0, 0.0, 1.0, 1.0, 0.0, 1.0, 1.0, 1.0, 1.0, 0.0, 0.0, 1.0, 0.0, 1.0, 1.0, 0.0, 0.0, 1.0, 0.0, 0.0]
/mnt/data/user_liangzhiyu/envs/fedcsl/lib/python3.8/site-packages/sklearn/utils/validation.py:63: RuntimeWarning:  Orthogonal matching pursuit ended prematurely due to linear
dependence in the dictionary. The requested precision might not have been met.

  return f(*args, **kwargs)
稀疏向量: [-0.03073379  0.          0.          0.         -0.07498025  0.
  0.          0.          0.          0.          0.          1.49452324
  0.          0.          0.          0.          0.          0.
 -0.38838703  0.          0.          0.          0.          0.
  0.          0.          0.          0.          0.          0.        ]
更新后概率: [0.04814412 0.00837024 0.00837024 0.00837024 0.11745569 0.00837024
 0.00837024 0.00837024 0.00837024 0.00837024 0.00837024 0.00837024
 0.00837024 0.00837024 0.00837024 0.00837024 0.00837024 0.00837024
 0.60840373 0.00837024 0.00837024 0.00837024 0.00837024 0.00837024
 0.00837024 0.00837024 0.00837024 0.00837024 0.00837024 0.00837024]
Classification: 0.9780649549396361 0.9423142178486597 331
本轮采样概率阵: [0.04814412 0.00837024 0.00837024 0.00837024 0.11745569 0.00837024
 0.00837024 0.00837024 0.00837024 0.00837024 0.00837024 0.00837024
 0.00837024 0.00837024 0.00837024 0.00837024 0.00837024 0.00837024
 0.60840373 0.00837024 0.00837024 0.00837024 0.00837024 0.00837024
 0.00837024 0.00837024 0.00837024 0.00837024 0.00837024 0.00837024]
客户端选择掩码: [1.0, 1.0, 1.0, 0.0, 1.0, 1.0, 0.0, 1.0, 1.0, 1.0, 0.0, 1.0, 0.0, 0.0, 1.0, 1.0, 1.0, 1.0, 1.0, 1.0, 1.0, 0.0, 1.0, 0.0, 1.0, 1.0, 0.0, 0.0, 1.0, 1.0]
/mnt/data/user_liangzhiyu/envs/fedcsl/lib/python3.8/site-packages/sklearn/utils/validation.py:63: RuntimeWarning:  Orthogonal matching pursuit ended prematurely due to linear
dependence in the dictionary. The requested precision might not have been met.

  return f(*args, **kwargs)
稀疏向量: [-0.05082442  0.          0.          0.         -0.20840428  0.
  0.          0.          0.          1.26137455  0.          0.
  0.          0.          0.          0.          0.          0.
  0.          0.          0.          0.          0.          0.
  0.          0.          0.          0.          0.          0.        ]
更新后概率: [0.02586992 0.00837053 0.00837053 0.00837053 0.10607897 0.00837053
 0.00837053 0.00837053 0.00837053 0.64204685 0.00837053 0.00837053
 0.00837053 0.00837053 0.00837053 0.00837053 0.00837053 0.00837053
 0.00837053 0.00837053 0.00837053 0.00837053 0.00837053 0.00837053
 0.00837053 0.00837053 0.00837053 0.00837053 0.00837053 0.00837053]
Classification: 0.9782349940486312 0.9423142178486597 332
本轮采样概率阵: [0.02586992 0.00837053 0.00837053 0.00837053 0.10607897 0.00837053
 0.00837053 0.00837053 0.00837053 0.64204685 0.00837053 0.00837053
 0.00837053 0.00837053 0.00837053 0.00837053 0.00837053 0.00837053
 0.00837053 0.00837053 0.00837053 0.00837053 0.00837053 0.00837053
 0.00837053 0.00837053 0.00837053 0.00837053 0.00837053 0.00837053]
客户端选择掩码: [1.0, 1.0, 1.0, 1.0, 1.0, 1.0, 0.0, 1.0, 0.0, 1.0, 1.0, 1.0, 1.0, 1.0, 0.0, 1.0, 1.0, 1.0, 1.0, 0.0, 1.0, 1.0, 0.0, 0.0, 0.0, 0.0, 1.0, 1.0, 1.0, 0.0]
/mnt/data/user_liangzhiyu/envs/fedcsl/lib/python3.8/site-packages/sklearn/utils/validation.py:63: RuntimeWarning:  Orthogonal matching pursuit ended prematurely due to linear
dependence in the dictionary. The requested precision might not have been met.

  return f(*args, **kwargs)
稀疏向量: [0.15822069 0.         0.         0.         0.         0.
 0.         0.         0.         0.         0.         0.
 0.21660037 0.         0.         0.         0.         0.
 0.         0.         0.         0.         0.         0.
 0.         0.62617315 0.         0.         0.         0.        ]
更新后概率: [0.32400924 0.00830106 0.00830106 0.00830106 0.00830106 0.00830106
 0.00830106 0.00830106 0.00830106 0.00830106 0.00830106 0.00830106
 0.44356095 0.00830106 0.00830106 0.00830106 0.00830106 0.00830106
 0.00830106 0.00830106 0.00830106 0.00830106 0.00830106 0.00830106
 0.00830106 0.00830106 0.00830106 0.00830106 0.00830106 0.00830106]
Classification: 0.9996599217820099 0.9389209365456397 333
本轮采样概率阵: [0.32400924 0.00830106 0.00830106 0.00830106 0.00830106 0.00830106
 0.00830106 0.00830106 0.00830106 0.00830106 0.00830106 0.00830106
 0.44356095 0.00830106 0.00830106 0.00830106 0.00830106 0.00830106
 0.00830106 0.00830106 0.00830106 0.00830106 0.00830106 0.00830106
 0.00830106 0.00830106 0.00830106 0.00830106 0.00830106 0.00830106]
客户端选择掩码: [1.0, 1.0, 1.0, 1.0, 1.0, 0.0, 1.0, 1.0, 1.0, 1.0, 0.0, 1.0, 1.0, 0.0, 1.0, 0.0, 1.0, 0.0, 1.0, 0.0, 1.0, 1.0, 0.0, 1.0, 1.0, 1.0, 1.0, 1.0, 0.0, 0.0]
/mnt/data/user_liangzhiyu/envs/fedcsl/lib/python3.8/site-packages/sklearn/utils/validation.py:63: RuntimeWarning:  Orthogonal matching pursuit ended prematurely due to linear
dependence in the dictionary. The requested precision might not have been met.

  return f(*args, **kwargs)
稀疏向量: [ 0.          0.          0.          0.         -0.38790281  0.
  0.          0.          0.          0.          0.          0.
  0.          0.          0.          0.          0.          0.
  0.          0.          0.          0.         -0.16517686  0.
  0.          0.          0.          0.82784279  0.          0.72650338]
更新后概率: [0.00829676 0.00829676 0.00829676 0.00829676 0.24494386 0.00829676
 0.00829676 0.00829676 0.00829676 0.00829676 0.00829676 0.00829676
 0.00829676 0.00829676 0.00829676 0.00829676 0.00829676 0.00829676
 0.00829676 0.00829676 0.00829676 0.00829676 0.00829676 0.00829676
 0.00829676 0.00829676 0.00829676 0.52274695 0.00829676 0.00829676]
Classification: 0.9782349940486312 0.9426535459789617 334
本轮采样概率阵: [0.00829676 0.00829676 0.00829676 0.00829676 0.24494386 0.00829676
 0.00829676 0.00829676 0.00829676 0.00829676 0.00829676 0.00829676
 0.00829676 0.00829676 0.00829676 0.00829676 0.00829676 0.00829676
 0.00829676 0.00829676 0.00829676 0.00829676 0.00829676 0.00829676
 0.00829676 0.00829676 0.00829676 0.52274695 0.00829676 0.00829676]
客户端选择掩码: [1.0, 1.0, 1.0, 1.0, 1.0, 0.0, 1.0, 1.0, 1.0, 0.0, 1.0, 0.0, 0.0, 1.0, 1.0, 1.0, 1.0, 1.0, 1.0, 1.0, 1.0, 0.0, 0.0, 1.0, 1.0, 0.0, 1.0, 1.0, 0.0, 0.0]
/mnt/data/user_liangzhiyu/envs/fedcsl/lib/python3.8/site-packages/sklearn/utils/validation.py:63: RuntimeWarning:  Orthogonal matching pursuit ended prematurely due to linear
dependence in the dictionary. The requested precision might not have been met.

  return f(*args, **kwargs)
稀疏向量: [0.34243943 0.         0.         0.         0.13851907 0.
 0.         0.         0.         0.         0.         0.
 0.41048295 0.         0.         0.         0.         0.
 0.         0.         0.         0.         0.         0.
 0.10852435 0.         0.         0.         0.         0.        ]
更新后概率: [0.44969835 0.0083659  0.0083659  0.0083659  0.18190603 0.0083659
 0.0083659  0.0083659  0.0083659  0.0083659  0.0083659  0.0083659
 0.0083659  0.0083659  0.0083659  0.0083659  0.0083659  0.0083659
 0.0083659  0.0083659  0.0083659  0.0083659  0.0083659  0.0083659
 0.14251636 0.0083659  0.0083659  0.0083659  0.0083659  0.0083659 ]
Classification: 0.9782349940486312 0.9426535459789617 335
本轮采样概率阵: [0.44969835 0.0083659  0.0083659  0.0083659  0.18190603 0.0083659
 0.0083659  0.0083659  0.0083659  0.0083659  0.0083659  0.0083659
 0.0083659  0.0083659  0.0083659  0.0083659  0.0083659  0.0083659
 0.0083659  0.0083659  0.0083659  0.0083659  0.0083659  0.0083659
 0.14251636 0.0083659  0.0083659  0.0083659  0.0083659  0.0083659 ]
客户端选择掩码: [1.0, 1.0, 1.0, 1.0, 1.0, 1.0, 1.0, 1.0, 0.0, 1.0, 1.0, 1.0, 0.0, 0.0, 0.0, 0.0, 1.0, 1.0, 1.0, 1.0, 0.0, 1.0, 1.0, 1.0, 1.0, 1.0, 0.0, 1.0, 0.0, 0.0]
/mnt/data/user_liangzhiyu/envs/fedcsl/lib/python3.8/site-packages/sklearn/utils/validation.py:63: RuntimeWarning:  Orthogonal matching pursuit ended prematurely due to linear
dependence in the dictionary. The requested precision might not have been met.

  return f(*args, **kwargs)
稀疏向量: [ 0.20913178  0.          0.          0.          0.29585228  0.
  0.          0.          0.          0.          0.          0.
  0.          0.          0.          0.          0.          0.
  0.73159042  0.          0.          0.          0.          0.
 -0.23755036  0.          0.          0.          0.          0.        ]
更新后概率: [0.11073348 0.00844091 0.00844091 0.00844091 0.15665124 0.00844091
 0.00844091 0.00844091 0.00844091 0.00844091 0.00844091 0.00844091
 0.00844091 0.00844091 0.00844091 0.00844091 0.00844091 0.00844091
 0.38737083 0.00844091 0.00844091 0.00844091 0.00844091 0.00844091
 0.12578087 0.00844091 0.00844091 0.00844091 0.00844091 0.00844091]
Classification: 0.977894915830641 0.9409569053274517 336
本轮采样概率阵: [0.11073348 0.00844091 0.00844091 0.00844091 0.15665124 0.00844091
 0.00844091 0.00844091 0.00844091 0.00844091 0.00844091 0.00844091
 0.00844091 0.00844091 0.00844091 0.00844091 0.00844091 0.00844091
 0.38737083 0.00844091 0.00844091 0.00844091 0.00844091 0.00844091
 0.12578087 0.00844091 0.00844091 0.00844091 0.00844091 0.00844091]
客户端选择掩码: [1.0, 1.0, 1.0, 1.0, 1.0, 0.0, 1.0, 1.0, 1.0, 1.0, 0.0, 1.0, 1.0, 1.0, 1.0, 0.0, 1.0, 1.0, 1.0, 1.0, 0.0, 0.0, 0.0, 0.0, 1.0, 0.0, 0.0, 1.0, 1.0, 1.0]
/mnt/data/user_liangzhiyu/envs/fedcsl/lib/python3.8/site-packages/sklearn/utils/validation.py:63: RuntimeWarning:  Orthogonal matching pursuit ended prematurely due to linear
dependence in the dictionary. The requested precision might not have been met.

  return f(*args, **kwargs)
稀疏向量: [-1.18563291  0.          0.          0.          0.          0.
  0.          0.          0.          0.          0.          1.96325633
  0.          0.          0.          0.          0.          1.84709665
 -1.62063184  0.          0.          0.          0.          0.
  0.          0.          0.          0.          0.          0.        ]
更新后概率: [0.13984204 0.00844572 0.00844572 0.00844572 0.00844572 0.00844572
 0.00844572 0.00844572 0.00844572 0.00844572 0.00844572 0.23156052
 0.00844572 0.00844572 0.00844572 0.00844572 0.00844572 0.21785981
 0.19114893 0.00844572 0.00844572 0.00844572 0.00844572 0.00844572
 0.00844572 0.00844572 0.00844572 0.00844572 0.00844572 0.00844572]
Classification: 0.9782349940486312 0.9429928741092637 337
本轮采样概率阵: [0.13984204 0.00844572 0.00844572 0.00844572 0.00844572 0.00844572
 0.00844572 0.00844572 0.00844572 0.00844572 0.00844572 0.23156052
 0.00844572 0.00844572 0.00844572 0.00844572 0.00844572 0.21785981
 0.19114893 0.00844572 0.00844572 0.00844572 0.00844572 0.00844572
 0.00844572 0.00844572 0.00844572 0.00844572 0.00844572 0.00844572]
客户端选择掩码: [1.0, 1.0, 1.0, 1.0, 1.0, 1.0, 1.0, 1.0, 0.0, 0.0, 0.0, 1.0, 1.0, 1.0, 0.0, 0.0, 1.0, 1.0, 1.0, 1.0, 0.0, 1.0, 1.0, 0.0, 1.0, 1.0, 0.0, 1.0, 1.0, 0.0]
/mnt/data/user_liangzhiyu/envs/fedcsl/lib/python3.8/site-packages/sklearn/utils/validation.py:63: RuntimeWarning:  Orthogonal matching pursuit ended prematurely due to linear
dependence in the dictionary. The requested precision might not have been met.

  return f(*args, **kwargs)
稀疏向量: [0.27229569 0.         0.         0.         0.15172598 0.
 0.         0.         0.         0.         0.         0.
 0.35234518 0.22364497 0.         0.         0.         0.
 0.         0.         0.         0.         0.         0.
 0.         0.         0.         0.         0.         0.        ]
更新后概率: [0.21249793 0.00844603 0.00844603 0.00844603 0.11840605 0.00844603
 0.00844603 0.00844603 0.00844603 0.00844603 0.00844603 0.00844603
 0.27496807 0.1745312  0.00844603 0.00844603 0.00844603 0.00844603
 0.00844603 0.00844603 0.00844603 0.00844603 0.00844603 0.00844603
 0.00844603 0.00844603 0.00844603 0.00844603 0.00844603 0.00844603]
Classification: 0.999829960891005 0.9382422802850356 338
本轮采样概率阵: [0.21249793 0.00844603 0.00844603 0.00844603 0.11840605 0.00844603
 0.00844603 0.00844603 0.00844603 0.00844603 0.00844603 0.00844603
 0.27496807 0.1745312  0.00844603 0.00844603 0.00844603 0.00844603
 0.00844603 0.00844603 0.00844603 0.00844603 0.00844603 0.00844603
 0.00844603 0.00844603 0.00844603 0.00844603 0.00844603 0.00844603]
客户端选择掩码: [1.0, 1.0, 0.0, 0.0, 1.0, 1.0, 0.0, 1.0, 1.0, 1.0, 1.0, 0.0, 1.0, 1.0, 1.0, 1.0, 0.0, 0.0, 1.0, 1.0, 0.0, 1.0, 1.0, 1.0, 1.0, 0.0, 0.0, 1.0, 1.0, 1.0]
/mnt/data/user_liangzhiyu/envs/fedcsl/lib/python3.8/site-packages/sklearn/utils/validation.py:63: RuntimeWarning:  Orthogonal matching pursuit ended prematurely due to linear
dependence in the dictionary. The requested precision might not have been met.

  return f(*args, **kwargs)
稀疏向量: [ 0.          0.          0.          0.          0.          0.
  0.          0.          0.          0.          0.          0.
  0.          0.          0.          0.         -0.03618564  0.
  0.          1.03141882  0.          0.          0.          0.
  0.          0.          0.          0.          0.          0.        ]
更新后概率: [0.00823733 0.00823733 0.00823733 0.00823733 0.00823733 0.00823733
 0.00823733 0.00823733 0.00823733 0.00823733 0.00823733 0.00823733
 0.00823733 0.00823733 0.00823733 0.00823733 0.00823733 0.00823733
 0.00823733 0.76111742 0.00823733 0.00823733 0.00823733 0.00823733
 0.00823733 0.00823733 0.00823733 0.00823733 0.00823733 0.00823733]
Classification: 0.9996599217820099 0.9379029521547336 339
本轮采样概率阵: [0.00823733 0.00823733 0.00823733 0.00823733 0.00823733 0.00823733
 0.00823733 0.00823733 0.00823733 0.00823733 0.00823733 0.00823733
 0.00823733 0.00823733 0.00823733 0.00823733 0.00823733 0.00823733
 0.00823733 0.76111742 0.00823733 0.00823733 0.00823733 0.00823733
 0.00823733 0.00823733 0.00823733 0.00823733 0.00823733 0.00823733]
客户端选择掩码: [0.0, 0.0, 0.0, 0.0, 1.0, 1.0, 0.0, 1.0, 1.0, 1.0, 0.0, 1.0, 1.0, 1.0, 1.0, 1.0, 1.0, 0.0, 1.0, 1.0, 1.0, 0.0, 1.0, 1.0, 1.0, 1.0, 1.0, 1.0, 1.0, 0.0]
/mnt/data/user_liangzhiyu/envs/fedcsl/lib/python3.8/site-packages/sklearn/utils/validation.py:63: RuntimeWarning:  Orthogonal matching pursuit ended prematurely due to linear
dependence in the dictionary. The requested precision might not have been met.

  return f(*args, **kwargs)
稀疏向量: [ 0.03311013  0.          0.          0.         -0.20528775  1.17068148
  0.          0.          0.          0.          0.          0.
  0.          0.          0.          0.          0.          0.
  0.          0.          0.          0.          0.          0.
  0.          0.          0.          0.          0.          0.        ]
更新后概率: [0.00829281 0.00829281 0.00829281 0.00829281 0.11455213 0.6532492
 0.00829281 0.00829281 0.00829281 0.00829281 0.00829281 0.00829281
 0.00829281 0.00829281 0.00829281 0.00829281 0.00829281 0.00829281
 0.00829281 0.00829281 0.00829281 0.00829281 0.00829281 0.00829281
 0.00829281 0.00829281 0.00829281 0.00829281 0.00829281 0.00829281]
Classification: 0.9996599217820099 0.9379029521547336 340
本轮采样概率阵: [0.00829281 0.00829281 0.00829281 0.00829281 0.11455213 0.6532492
 0.00829281 0.00829281 0.00829281 0.00829281 0.00829281 0.00829281
 0.00829281 0.00829281 0.00829281 0.00829281 0.00829281 0.00829281
 0.00829281 0.00829281 0.00829281 0.00829281 0.00829281 0.00829281
 0.00829281 0.00829281 0.00829281 0.00829281 0.00829281 0.00829281]
客户端选择掩码: [1.0, 1.0, 1.0, 0.0, 1.0, 1.0, 1.0, 0.0, 1.0, 1.0, 0.0, 1.0, 0.0, 0.0, 0.0, 1.0, 1.0, 1.0, 1.0, 1.0, 1.0, 0.0, 0.0, 1.0, 1.0, 1.0, 1.0, 1.0, 0.0, 1.0]
/mnt/data/user_liangzhiyu/envs/fedcsl/lib/python3.8/site-packages/sklearn/utils/validation.py:63: RuntimeWarning:  Orthogonal matching pursuit ended prematurely due to linear
dependence in the dictionary. The requested precision might not have been met.

  return f(*args, **kwargs)
稀疏向量: [ 0.          0.          0.          0.          0.          0.
 -1.073035    0.          0.          0.          0.          0.
 -0.10313335  0.          0.          0.          0.          0.
  0.          0.          0.          0.          0.          0.
  0.          0.          0.          0.          2.18381476  0.        ]
更新后概率: [0.00822798 0.00822798 0.00822798 0.00822798 0.00822798 0.00822798
 0.76138846 0.00822798 0.00822798 0.00822798 0.00822798 0.00822798
 0.00822798 0.00822798 0.00822798 0.00822798 0.00822798 0.00822798
 0.00822798 0.00822798 0.00822798 0.00822798 0.00822798 0.00822798
 0.00822798 0.00822798 0.00822798 0.00822798 0.00822798 0.00822798]
Classification: 0.9780649549396361 0.9416355615880556 341
本轮采样概率阵: [0.00822798 0.00822798 0.00822798 0.00822798 0.00822798 0.00822798
 0.76138846 0.00822798 0.00822798 0.00822798 0.00822798 0.00822798
 0.00822798 0.00822798 0.00822798 0.00822798 0.00822798 0.00822798
 0.00822798 0.00822798 0.00822798 0.00822798 0.00822798 0.00822798
 0.00822798 0.00822798 0.00822798 0.00822798 0.00822798 0.00822798]
客户端选择掩码: [1.0, 1.0, 1.0, 0.0, 0.0, 1.0, 1.0, 0.0, 1.0, 0.0, 1.0, 1.0, 1.0, 1.0, 1.0, 1.0, 1.0, 1.0, 0.0, 1.0, 1.0, 0.0, 1.0, 0.0, 0.0, 1.0, 0.0, 1.0, 1.0, 1.0]
/mnt/data/user_liangzhiyu/envs/fedcsl/lib/python3.8/site-packages/sklearn/utils/validation.py:63: RuntimeWarning:  Orthogonal matching pursuit ended prematurely due to linear
dependence in the dictionary. The requested precision might not have been met.

  return f(*args, **kwargs)
稀疏向量: [ 0.0530259   0.          0.          0.         -0.20143781  0.
  0.          0.          0.          0.          0.          0.68081413
  0.          0.          0.          0.          0.          0.
  0.          0.          0.          0.46639124  0.          0.
  0.          0.          0.          0.          0.          0.        ]
更新后概率: [0.05548104 0.00829223 0.00829223 0.00829223 0.00829223 0.00829223
 0.00829223 0.00829223 0.00829223 0.00829223 0.00829223 0.71233645
 0.00829223 0.00829223 0.00829223 0.00829223 0.00829223 0.00829223
 0.00829223 0.00829223 0.00829223 0.00829223 0.00829223 0.00829223
 0.00829223 0.00829223 0.00829223 0.00829223 0.00829223 0.00829223]
Classification: 0.9996599217820099 0.9379029521547336 342
本轮采样概率阵: [0.05548104 0.00829223 0.00829223 0.00829223 0.00829223 0.00829223
 0.00829223 0.00829223 0.00829223 0.00829223 0.00829223 0.71233645
 0.00829223 0.00829223 0.00829223 0.00829223 0.00829223 0.00829223
 0.00829223 0.00829223 0.00829223 0.00829223 0.00829223 0.00829223
 0.00829223 0.00829223 0.00829223 0.00829223 0.00829223 0.00829223]
客户端选择掩码: [1.0, 0.0, 1.0, 0.0, 1.0, 1.0, 0.0, 1.0, 1.0, 1.0, 1.0, 1.0, 1.0, 0.0, 1.0, 1.0, 0.0, 1.0, 1.0, 0.0, 0.0, 1.0, 1.0, 1.0, 1.0, 1.0, 1.0, 0.0, 0.0, 1.0]
/mnt/data/user_liangzhiyu/envs/fedcsl/lib/python3.8/site-packages/sklearn/utils/validation.py:63: RuntimeWarning:  Orthogonal matching pursuit ended prematurely due to linear
dependence in the dictionary. The requested precision might not have been met.

  return f(*args, **kwargs)
稀疏向量: [ 0.16281536  0.          0.          0.         -0.28656601  0.
  0.          0.          0.          0.          0.          0.
  0.          0.          0.          0.          0.          0.
  0.          0.          0.          0.          0.          0.
  0.          0.          0.          1.12293233  0.          0.        ]
更新后概率: [0.27814758 0.00829621 0.00829621 0.00829621 0.48955851 0.00829621
 0.00829621 0.00829621 0.00829621 0.00829621 0.00829621 0.00829621
 0.00829621 0.00829621 0.00829621 0.00829621 0.00829621 0.00829621
 0.00829621 0.00829621 0.00829621 0.00829621 0.00829621 0.00829621
 0.00829621 0.00829621 0.00829621 0.00829621 0.00829621 0.00829621]
Classification: 0.9996599217820099 0.9395995928062436 343
本轮采样概率阵: [0.27814758 0.00829621 0.00829621 0.00829621 0.48955851 0.00829621
 0.00829621 0.00829621 0.00829621 0.00829621 0.00829621 0.00829621
 0.00829621 0.00829621 0.00829621 0.00829621 0.00829621 0.00829621
 0.00829621 0.00829621 0.00829621 0.00829621 0.00829621 0.00829621
 0.00829621 0.00829621 0.00829621 0.00829621 0.00829621 0.00829621]
客户端选择掩码: [1.0, 1.0, 1.0, 1.0, 1.0, 1.0, 1.0, 1.0, 1.0, 0.0, 1.0, 1.0, 1.0, 1.0, 1.0, 0.0, 1.0, 1.0, 0.0, 0.0, 1.0, 1.0, 0.0, 1.0, 0.0, 0.0, 0.0, 0.0, 1.0, 1.0]
/mnt/data/user_liangzhiyu/envs/fedcsl/lib/python3.8/site-packages/sklearn/utils/validation.py:63: RuntimeWarning:  Orthogonal matching pursuit ended prematurely due to linear
dependence in the dictionary. The requested precision might not have been met.

  return f(*args, **kwargs)
稀疏向量: [0.35241791 0.         0.         0.         0.02577479 0.
 0.         0.         0.         0.         0.50423605 0.11758455
 0.         0.         0.         0.         0.         0.
 0.         0.         0.         0.         0.         0.
 0.         0.         0.         0.         0.         0.        ]
更新后概率: [0.27511227 0.00843644 0.00843644 0.00843644 0.02012089 0.00843644
 0.00843644 0.00843644 0.00843644 0.00843644 0.39362791 0.09179145
 0.00843644 0.00843644 0.00843644 0.00843644 0.00843644 0.00843644
 0.00843644 0.00843644 0.00843644 0.00843644 0.00843644 0.00843644
 0.00843644 0.00843644 0.00843644 0.00843644 0.00843644 0.00843644]
Classification: 0.9996599217820099 0.9395995928062436 344
本轮采样概率阵: [0.27511227 0.00843644 0.00843644 0.00843644 0.02012089 0.00843644
 0.00843644 0.00843644 0.00843644 0.00843644 0.39362791 0.09179145
 0.00843644 0.00843644 0.00843644 0.00843644 0.00843644 0.00843644
 0.00843644 0.00843644 0.00843644 0.00843644 0.00843644 0.00843644
 0.00843644 0.00843644 0.00843644 0.00843644 0.00843644 0.00843644]
客户端选择掩码: [1.0, 1.0, 1.0, 1.0, 0.0, 0.0, 0.0, 1.0, 1.0, 1.0, 1.0, 1.0, 1.0, 1.0, 1.0, 0.0, 1.0, 0.0, 1.0, 1.0, 1.0, 0.0, 1.0, 1.0, 1.0, 1.0, 0.0, 0.0, 1.0, 0.0]
/mnt/data/user_liangzhiyu/envs/fedcsl/lib/python3.8/site-packages/sklearn/utils/validation.py:63: RuntimeWarning:  Orthogonal matching pursuit ended prematurely due to linear
dependence in the dictionary. The requested precision might not have been met.

  return f(*args, **kwargs)
稀疏向量: [-0.04950973  0.          0.          0.          0.          0.
  0.          0.          0.          0.          0.          0.
  0.          0.          0.          0.          0.          0.
  0.          1.04467693  0.          0.          0.          0.
  0.          0.          0.          0.          0.          0.        ]
更新后概率: [0.0343313  0.00831595 0.00831595 0.00831595 0.01673243 0.00831595
 0.00831595 0.00831595 0.00831595 0.00831595 0.00831595 0.00831595
 0.00831595 0.00831595 0.00831595 0.00831595 0.00831595 0.00831595
 0.00831595 0.72440559 0.00831595 0.00831595 0.00831595 0.00831595
 0.00831595 0.00831595 0.00831595 0.00831595 0.00831595 0.00831595]
Classification: 0.9996599217820099 0.9389209365456397 345
本轮采样概率阵: [0.0343313  0.00831595 0.00831595 0.00831595 0.01673243 0.00831595
 0.00831595 0.00831595 0.00831595 0.00831595 0.00831595 0.00831595
 0.00831595 0.00831595 0.00831595 0.00831595 0.00831595 0.00831595
 0.00831595 0.72440559 0.00831595 0.00831595 0.00831595 0.00831595
 0.00831595 0.00831595 0.00831595 0.00831595 0.00831595 0.00831595]
客户端选择掩码: [1.0, 1.0, 0.0, 1.0, 1.0, 0.0, 1.0, 1.0, 1.0, 1.0, 1.0, 1.0, 1.0, 0.0, 1.0, 1.0, 0.0, 1.0, 0.0, 1.0, 1.0, 1.0, 0.0, 1.0, 0.0, 1.0, 0.0, 0.0, 1.0, 1.0]
/mnt/data/user_liangzhiyu/envs/fedcsl/lib/python3.8/site-packages/sklearn/utils/validation.py:63: RuntimeWarning:  Orthogonal matching pursuit ended prematurely due to linear
dependence in the dictionary. The requested precision might not have been met.

  return f(*args, **kwargs)
稀疏向量: [ 0.          0.          0.          0.          0.          0.
  0.          0.          0.          0.          0.          0.
  0.          0.          0.          0.          0.          0.
  0.          1.01300133  0.          0.         -0.01760061  0.
  0.          0.          0.          0.          0.          0.        ]
更新后概率: [0.00822939 0.00822939 0.00822939 0.00822939 0.00822939 0.00822939
 0.00822939 0.00822939 0.00822939 0.00822939 0.00822939 0.00822939
 0.00822939 0.00822939 0.00822939 0.00822939 0.00822939 0.00822939
 0.00822939 0.76134757 0.00822939 0.00822939 0.00822939 0.00822939
 0.00822939 0.00822939 0.00822939 0.00822939 0.00822939 0.00822939]
Classification: 0.999829960891005 0.9382422802850356 346
本轮采样概率阵: [0.00822939 0.00822939 0.00822939 0.00822939 0.00822939 0.00822939
 0.00822939 0.00822939 0.00822939 0.00822939 0.00822939 0.00822939
 0.00822939 0.00822939 0.00822939 0.00822939 0.00822939 0.00822939
 0.00822939 0.76134757 0.00822939 0.00822939 0.00822939 0.00822939
 0.00822939 0.00822939 0.00822939 0.00822939 0.00822939 0.00822939]
客户端选择掩码: [1.0, 1.0, 1.0, 0.0, 0.0, 1.0, 1.0, 1.0, 0.0, 1.0, 1.0, 1.0, 1.0, 1.0, 1.0, 1.0, 0.0, 0.0, 1.0, 1.0, 1.0, 0.0, 1.0, 0.0, 1.0, 0.0, 1.0, 0.0, 1.0, 1.0]
/mnt/data/user_liangzhiyu/envs/fedcsl/lib/python3.8/site-packages/sklearn/utils/validation.py:63: RuntimeWarning:  Orthogonal matching pursuit ended prematurely due to linear
dependence in the dictionary. The requested precision might not have been met.

  return f(*args, **kwargs)
稀疏向量: [-0.59703701  0.          0.          0.          0.09501587  0.
  0.          0.          0.          0.          0.          0.52006847
  0.          0.          0.          0.98257023  0.          0.
  0.          0.          0.          0.          0.          0.
  0.          0.          0.          0.          0.          0.        ]
更新后概率: [0.22015167 0.00836166 0.00836166 0.00836166 0.00836166 0.00836166
 0.00836166 0.00836166 0.00836166 0.00836166 0.00836166 0.19177026
 0.00836166 0.00836166 0.00836166 0.36231336 0.00836166 0.00836166
 0.00836166 0.00836166 0.00836166 0.00836166 0.00836166 0.00836166
 0.00836166 0.00836166 0.00836166 0.00836166 0.00836166 0.00836166]
Classification: 0.999829960891005 0.9389209365456397 347
本轮采样概率阵: [0.22015167 0.00836166 0.00836166 0.00836166 0.00836166 0.00836166
 0.00836166 0.00836166 0.00836166 0.00836166 0.00836166 0.19177026
 0.00836166 0.00836166 0.00836166 0.36231336 0.00836166 0.00836166
 0.00836166 0.00836166 0.00836166 0.00836166 0.00836166 0.00836166
 0.00836166 0.00836166 0.00836166 0.00836166 0.00836166 0.00836166]
客户端选择掩码: [1.0, 1.0, 0.0, 1.0, 0.0, 1.0, 1.0, 1.0, 1.0, 1.0, 0.0, 1.0, 1.0, 1.0, 1.0, 1.0, 0.0, 0.0, 1.0, 0.0, 1.0, 1.0, 0.0, 1.0, 1.0, 1.0, 0.0, 1.0, 0.0, 1.0]
/mnt/data/user_liangzhiyu/envs/fedcsl/lib/python3.8/site-packages/sklearn/utils/validation.py:63: RuntimeWarning:  Orthogonal matching pursuit ended prematurely due to linear
dependence in the dictionary. The requested precision might not have been met.

  return f(*args, **kwargs)
稀疏向量: [ 0.          0.          0.          0.          0.07747254  0.
  0.         -0.04129071  0.          0.          0.          0.
  0.          0.          0.          0.          0.          0.
  0.          0.95950804  0.          0.          0.          0.
  0.          0.          0.          0.          0.          0.        ]
更新后概率: [0.00823221 0.00823221 0.00823221 0.00823221 0.00823221 0.00823221
 0.00823221 0.76126591 0.00823221 0.00823221 0.00823221 0.00823221
 0.00823221 0.00823221 0.00823221 0.00823221 0.00823221 0.00823221
 0.00823221 0.00823221 0.00823221 0.00823221 0.00823221 0.00823221
 0.00823221 0.00823221 0.00823221 0.00823221 0.00823221 0.00823221]
Classification: 0.999829960891005 0.9385816084153377 348
本轮采样概率阵: [0.00823221 0.00823221 0.00823221 0.00823221 0.00823221 0.00823221
 0.00823221 0.76126591 0.00823221 0.00823221 0.00823221 0.00823221
 0.00823221 0.00823221 0.00823221 0.00823221 0.00823221 0.00823221
 0.00823221 0.00823221 0.00823221 0.00823221 0.00823221 0.00823221
 0.00823221 0.00823221 0.00823221 0.00823221 0.00823221 0.00823221]
客户端选择掩码: [1.0, 1.0, 1.0, 1.0, 0.0, 1.0, 1.0, 1.0, 0.0, 0.0, 0.0, 1.0, 1.0, 1.0, 0.0, 1.0, 1.0, 0.0, 1.0, 0.0, 1.0, 1.0, 1.0, 0.0, 1.0, 0.0, 1.0, 1.0, 1.0, 1.0]
/mnt/data/user_liangzhiyu/envs/fedcsl/lib/python3.8/site-packages/sklearn/utils/validation.py:63: RuntimeWarning:  Orthogonal matching pursuit ended prematurely due to linear
dependence in the dictionary. The requested precision might not have been met.

  return f(*args, **kwargs)
稀疏向量: [0.20203195 0.         0.         0.         0.         0.
 0.         0.         0.         0.         0.         0.
 0.36940444 0.         0.         0.         0.         0.
 0.         0.         0.         0.         0.         0.
 0.4288422  0.         0.         0.         0.         0.        ]
更新后概率: [0.15637573 0.00836183 0.00836183 0.00836183 0.00836183 0.00836183
 0.00836183 0.00836183 0.00836183 0.00836183 0.00836183 0.00836183
 0.28592453 0.00836183 0.00836183 0.00836183 0.00836183 0.00836183
 0.00836183 0.00836183 0.00836183 0.00836183 0.00836183 0.00836183
 0.33193024 0.00836183 0.00836183 0.00836183 0.00836183 0.00836183]
Classification: 0.999829960891005 0.9392602646759416 349
本轮采样概率阵: [0.15637573 0.00836183 0.00836183 0.00836183 0.00836183 0.00836183
 0.00836183 0.00836183 0.00836183 0.00836183 0.00836183 0.00836183
 0.28592453 0.00836183 0.00836183 0.00836183 0.00836183 0.00836183
 0.00836183 0.00836183 0.00836183 0.00836183 0.00836183 0.00836183
 0.33193024 0.00836183 0.00836183 0.00836183 0.00836183 0.00836183]
客户端选择掩码: [1.0, 1.0, 1.0, 0.0, 0.0, 1.0, 1.0, 1.0, 1.0, 1.0, 0.0, 1.0, 1.0, 1.0, 0.0, 1.0, 0.0, 1.0, 0.0, 1.0, 1.0, 0.0, 1.0, 1.0, 1.0, 1.0, 1.0, 0.0, 0.0, 1.0]
/mnt/data/user_liangzhiyu/envs/fedcsl/lib/python3.8/site-packages/sklearn/utils/validation.py:63: RuntimeWarning:  Orthogonal matching pursuit ended prematurely due to linear
dependence in the dictionary. The requested precision might not have been met.

  return f(*args, **kwargs)
稀疏向量: [-0.22230167  0.          0.          0.          0.          0.
  0.          0.          0.          0.          0.          0.
  0.          0.          0.          0.          0.          0.
  0.          1.97571381  0.         -0.760677    0.          0.
  0.          0.          0.          0.          0.          0.        ]
更新后概率: [0.07763162 0.00830052 0.00830052 0.00830052 0.00830052 0.00830052
 0.00830052 0.00830052 0.00830052 0.00830052 0.00830052 0.00830052
 0.00830052 0.00830052 0.00830052 0.00830052 0.00830052 0.00830052
 0.00830052 0.68995374 0.00830052 0.00830052 0.00830052 0.00830052
 0.00830052 0.00830052 0.00830052 0.00830052 0.00830052 0.00830052]
Classification: 0.999829960891005 0.9389209365456397 350
本轮采样概率阵: [0.07763162 0.00830052 0.00830052 0.00830052 0.00830052 0.00830052
 0.00830052 0.00830052 0.00830052 0.00830052 0.00830052 0.00830052
 0.00830052 0.00830052 0.00830052 0.00830052 0.00830052 0.00830052
 0.00830052 0.68995374 0.00830052 0.00830052 0.00830052 0.00830052
 0.00830052 0.00830052 0.00830052 0.00830052 0.00830052 0.00830052]
客户端选择掩码: [1.0, 1.0, 0.0, 1.0, 0.0, 1.0, 0.0, 1.0, 1.0, 0.0, 1.0, 1.0, 1.0, 1.0, 1.0, 0.0, 1.0, 1.0, 1.0, 1.0, 0.0, 0.0, 1.0, 1.0, 1.0, 1.0, 0.0, 0.0, 1.0, 1.0]
/mnt/data/user_liangzhiyu/envs/fedcsl/lib/python3.8/site-packages/sklearn/utils/validation.py:63: RuntimeWarning:  Orthogonal matching pursuit ended prematurely due to linear
dependence in the dictionary. The requested precision might not have been met.

  return f(*args, **kwargs)
稀疏向量: [-0.02256652  0.          0.          0.          0.0260472   0.
  0.          0.          0.          0.          0.          0.99653226
  0.          0.          0.          0.          0.          0.
  0.          0.          0.          0.          0.          0.
  0.          0.          0.          0.          0.          0.        ]
更新后概率: [0.01699946 0.00829672 0.00829672 0.00829672 0.00829672 0.00829672
 0.00829672 0.00829672 0.00829672 0.00829672 0.00829672 0.75069229
 0.00829672 0.00829672 0.00829672 0.00829672 0.00829672 0.00829672
 0.00829672 0.00829672 0.00829672 0.00829672 0.00829672 0.00829672
 0.00829672 0.00829672 0.00829672 0.00829672 0.00829672 0.00829672]
Classification: 0.977724876721646 0.9412962334577536 351
本轮采样概率阵: [0.01699946 0.00829672 0.00829672 0.00829672 0.00829672 0.00829672
 0.00829672 0.00829672 0.00829672 0.00829672 0.00829672 0.75069229
 0.00829672 0.00829672 0.00829672 0.00829672 0.00829672 0.00829672
 0.00829672 0.00829672 0.00829672 0.00829672 0.00829672 0.00829672
 0.00829672 0.00829672 0.00829672 0.00829672 0.00829672 0.00829672]
客户端选择掩码: [1.0, 0.0, 1.0, 1.0, 0.0, 1.0, 1.0, 1.0, 0.0, 1.0, 0.0, 1.0, 1.0, 1.0, 1.0, 1.0, 0.0, 1.0, 1.0, 1.0, 0.0, 0.0, 1.0, 0.0, 1.0, 1.0, 0.0, 1.0, 1.0, 1.0]
/mnt/data/user_liangzhiyu/envs/fedcsl/lib/python3.8/site-packages/sklearn/utils/validation.py:63: RuntimeWarning:  Orthogonal matching pursuit ended prematurely due to linear
dependence in the dictionary. The requested precision might not have been met.

  return f(*args, **kwargs)
稀疏向量: [-1.31381866  0.          0.          0.         -0.85519084  0.
  0.          0.          2.3035784   0.          0.          0.
 -1.72697141  0.          0.          0.          0.          0.
  0.          0.          0.          0.          0.          0.
  0.          0.          0.          2.59534085  0.          0.        ]
更新后概率: [0.18045259 0.00836589 0.00836589 0.00836589 0.00836589 0.00836589
 0.00836589 0.00836589 0.00836589 0.00836589 0.00836589 0.00836589
 0.23719899 0.00836589 0.00836589 0.00836589 0.00836589 0.00836589
 0.00836589 0.00836589 0.00836589 0.00836589 0.00836589 0.00836589
 0.00836589 0.00836589 0.00836589 0.35646927 0.00836589 0.00836589]
Classification: 0.999829960891005 0.9382422802850356 352
本轮采样概率阵: [0.18045259 0.00836589 0.00836589 0.00836589 0.00836589 0.00836589
 0.00836589 0.00836589 0.00836589 0.00836589 0.00836589 0.00836589
 0.23719899 0.00836589 0.00836589 0.00836589 0.00836589 0.00836589
 0.00836589 0.00836589 0.00836589 0.00836589 0.00836589 0.00836589
 0.00836589 0.00836589 0.00836589 0.35646927 0.00836589 0.00836589]
客户端选择掩码: [1.0, 0.0, 1.0, 1.0, 1.0, 0.0, 1.0, 0.0, 1.0, 1.0, 1.0, 1.0, 1.0, 1.0, 1.0, 1.0, 1.0, 0.0, 0.0, 0.0, 1.0, 1.0, 0.0, 1.0, 1.0, 1.0, 1.0, 1.0, 0.0, 0.0]
/mnt/data/user_liangzhiyu/envs/fedcsl/lib/python3.8/site-packages/sklearn/utils/validation.py:63: RuntimeWarning:  Orthogonal matching pursuit ended prematurely due to linear
dependence in the dictionary. The requested precision might not have been met.

  return f(*args, **kwargs)
稀疏向量: [-0.01553961  0.          0.          0.          0.          0.
  0.          0.          0.          0.          0.          0.
  0.          0.          0.          0.          0.          0.
  0.          1.01097007  0.          0.          0.          0.
  0.          0.          0.          0.          0.          0.        ]
更新后概率: [0.76125695 0.00823252 0.00823252 0.00823252 0.00823252 0.00823252
 0.00823252 0.00823252 0.00823252 0.00823252 0.00823252 0.00823252
 0.00823252 0.00823252 0.00823252 0.00823252 0.00823252 0.00823252
 0.00823252 0.00823252 0.00823252 0.00823252 0.00823252 0.00823252
 0.00823252 0.00823252 0.00823252 0.00823252 0.00823252 0.00823252]
Classification: 0.9996599217820099 0.9382422802850356 353
本轮采样概率阵: [0.76125695 0.00823252 0.00823252 0.00823252 0.00823252 0.00823252
 0.00823252 0.00823252 0.00823252 0.00823252 0.00823252 0.00823252
 0.00823252 0.00823252 0.00823252 0.00823252 0.00823252 0.00823252
 0.00823252 0.00823252 0.00823252 0.00823252 0.00823252 0.00823252
 0.00823252 0.00823252 0.00823252 0.00823252 0.00823252 0.00823252]
客户端选择掩码: [1.0, 1.0, 0.0, 1.0, 1.0, 1.0, 1.0, 1.0, 0.0, 1.0, 1.0, 0.0, 1.0, 1.0, 1.0, 0.0, 1.0, 1.0, 1.0, 1.0, 0.0, 0.0, 1.0, 1.0, 1.0, 1.0, 0.0, 0.0, 1.0, 0.0]
/mnt/data/user_liangzhiyu/envs/fedcsl/lib/python3.8/site-packages/sklearn/utils/validation.py:63: RuntimeWarning:  Orthogonal matching pursuit ended prematurely due to linear
dependence in the dictionary. The requested precision might not have been met.

  return f(*args, **kwargs)
稀疏向量: [ 0.          0.          0.          0.         -0.27190765  0.
  0.          0.          0.          1.2879965   0.          0.
  0.          0.          0.          0.          0.          0.
  0.          0.          0.          0.         -0.01400931  0.
  0.          0.          0.          0.          0.          0.        ]
更新后概率: [0.00834957 0.00834957 0.00834957 0.00834957 0.13355877 0.00834957
 0.00834957 0.00834957 0.00834957 0.63265314 0.00834957 0.00834957
 0.00834957 0.00834957 0.00834957 0.00834957 0.00834957 0.00834957
 0.00834957 0.00834957 0.00834957 0.00834957 0.00834957 0.00834957
 0.00834957 0.00834957 0.00834957 0.00834957 0.00834957 0.00834957]
Classification: 0.999829960891005 0.9382422802850356 354
本轮采样概率阵: [0.00834957 0.00834957 0.00834957 0.00834957 0.13355877 0.00834957
 0.00834957 0.00834957 0.00834957 0.63265314 0.00834957 0.00834957
 0.00834957 0.00834957 0.00834957 0.00834957 0.00834957 0.00834957
 0.00834957 0.00834957 0.00834957 0.00834957 0.00834957 0.00834957
 0.00834957 0.00834957 0.00834957 0.00834957 0.00834957 0.00834957]
客户端选择掩码: [0.0, 0.0, 1.0, 1.0, 1.0, 1.0, 1.0, 1.0, 1.0, 1.0, 0.0, 1.0, 1.0, 1.0, 1.0, 1.0, 1.0, 1.0, 0.0, 0.0, 1.0, 0.0, 0.0, 0.0, 0.0, 1.0, 1.0, 1.0, 1.0, 1.0]
/mnt/data/user_liangzhiyu/envs/fedcsl/lib/python3.8/site-packages/sklearn/utils/validation.py:63: RuntimeWarning:  Orthogonal matching pursuit ended prematurely due to linear
dependence in the dictionary. The requested precision might not have been met.

  return f(*args, **kwargs)
稀疏向量: [-0.38623409  0.          0.          0.          0.          0.
  1.07660844  0.          0.          0.          0.          0.
  0.          0.30617144  0.          0.          0.          0.
  0.          0.          0.          0.          0.          0.
  0.          0.          0.          0.          0.          0.        ]
更新后概率: [0.00829976 0.00829976 0.00829976 0.00829976 0.00829976 0.00829976
 0.59764522 0.00829976 0.00829976 0.00829976 0.00829976 0.00829976
 0.00829976 0.16996142 0.00829976 0.00829976 0.00829976 0.00829976
 0.00829976 0.00829976 0.00829976 0.00829976 0.00829976 0.00829976
 0.00829976 0.00829976 0.00829976 0.00829976 0.00829976 0.00829976]
Classification: 0.999829960891005 0.9385816084153377 355
本轮采样概率阵: [0.00829976 0.00829976 0.00829976 0.00829976 0.00829976 0.00829976
 0.59764522 0.00829976 0.00829976 0.00829976 0.00829976 0.00829976
 0.00829976 0.16996142 0.00829976 0.00829976 0.00829976 0.00829976
 0.00829976 0.00829976 0.00829976 0.00829976 0.00829976 0.00829976
 0.00829976 0.00829976 0.00829976 0.00829976 0.00829976 0.00829976]
客户端选择掩码: [1.0, 1.0, 1.0, 1.0, 0.0, 1.0, 1.0, 1.0, 0.0, 1.0, 0.0, 1.0, 0.0, 1.0, 1.0, 1.0, 1.0, 1.0, 0.0, 1.0, 1.0, 1.0, 1.0, 1.0, 0.0, 0.0, 0.0, 1.0, 1.0, 0.0]
/mnt/data/user_liangzhiyu/envs/fedcsl/lib/python3.8/site-packages/sklearn/utils/validation.py:63: RuntimeWarning:  Orthogonal matching pursuit ended prematurely due to linear
dependence in the dictionary. The requested precision might not have been met.

  return f(*args, **kwargs)
稀疏向量: [ 0.06230678  0.          0.          0.         -0.41583735  0.
  0.          0.          0.          0.          0.          0.
  0.          0.          0.          0.          0.          0.
  0.          0.          0.          0.          0.          0.
  1.35481653  0.          0.          0.          0.          0.        ]
更新后概率: [0.76137563 0.00822843 0.00822843 0.00822843 0.00822843 0.00822843
 0.00822843 0.00822843 0.00822843 0.00822843 0.00822843 0.00822843
 0.00822843 0.00822843 0.00822843 0.00822843 0.00822843 0.00822843
 0.00822843 0.00822843 0.00822843 0.00822843 0.00822843 0.00822843
 0.00822843 0.00822843 0.00822843 0.00822843 0.00822843 0.00822843]
Classification: 0.9996599217820099 0.9382422802850356 356
本轮采样概率阵: [0.76137563 0.00822843 0.00822843 0.00822843 0.00822843 0.00822843
 0.00822843 0.00822843 0.00822843 0.00822843 0.00822843 0.00822843
 0.00822843 0.00822843 0.00822843 0.00822843 0.00822843 0.00822843
 0.00822843 0.00822843 0.00822843 0.00822843 0.00822843 0.00822843
 0.00822843 0.00822843 0.00822843 0.00822843 0.00822843 0.00822843]
客户端选择掩码: [1.0, 0.0, 0.0, 1.0, 1.0, 1.0, 1.0, 0.0, 1.0, 0.0, 1.0, 1.0, 1.0, 1.0, 1.0, 1.0, 0.0, 0.0, 1.0, 1.0, 1.0, 1.0, 0.0, 1.0, 1.0, 1.0, 1.0, 0.0, 1.0, 0.0]
/mnt/data/user_liangzhiyu/envs/fedcsl/lib/python3.8/site-packages/sklearn/utils/validation.py:63: RuntimeWarning:  Orthogonal matching pursuit ended prematurely due to linear
dependence in the dictionary. The requested precision might not have been met.

  return f(*args, **kwargs)
稀疏向量: [ 0.          0.          0.          0.         -0.21949997  0.
  0.          0.          0.          0.          0.          0.
  0.          0.          0.          0.          0.          0.
  0.          0.          0.          0.         -0.07028698  0.
  0.          1.29210473  0.          0.          0.          0.        ]
更新后概率: [0.00829226 0.00829226 0.00829226 0.00829226 0.1114946  0.00829226
 0.00829226 0.00829226 0.00829226 0.00829226 0.00829226 0.00829226
 0.00829226 0.00829226 0.00829226 0.00829226 0.00829226 0.00829226
 0.00829226 0.00829226 0.00829226 0.00829226 0.00829226 0.00829226
 0.00829226 0.65632216 0.00829226 0.00829226 0.00829226 0.00829226]
Classification: 0.999829960891005 0.9382422802850356 357
本轮采样概率阵: [0.00829226 0.00829226 0.00829226 0.00829226 0.1114946  0.00829226
 0.00829226 0.00829226 0.00829226 0.00829226 0.00829226 0.00829226
 0.00829226 0.00829226 0.00829226 0.00829226 0.00829226 0.00829226
 0.00829226 0.00829226 0.00829226 0.00829226 0.00829226 0.00829226
 0.00829226 0.65632216 0.00829226 0.00829226 0.00829226 0.00829226]
客户端选择掩码: [0.0, 0.0, 1.0, 1.0, 1.0, 1.0, 1.0, 1.0, 1.0, 1.0, 0.0, 1.0, 1.0, 1.0, 1.0, 1.0, 1.0, 0.0, 1.0, 1.0, 0.0, 1.0, 0.0, 1.0, 0.0, 1.0, 0.0, 0.0, 1.0, 1.0]
/mnt/data/user_liangzhiyu/envs/fedcsl/lib/python3.8/site-packages/sklearn/utils/validation.py:63: RuntimeWarning:  Orthogonal matching pursuit ended prematurely due to linear
dependence in the dictionary. The requested precision might not have been met.

  return f(*args, **kwargs)
稀疏向量: [-0.02533682  0.          0.          0.         -0.28975672  0.
  0.          0.          0.          0.          0.          0.
  0.          0.          0.          0.          0.          0.
  0.          0.          0.          0.          0.          0.
  0.          0.55929315  0.          0.          0.          0.75783973]
更新后概率: [0.00836561 0.00836561 0.00836561 0.00836561 0.13959199 0.00836561
 0.00836561 0.00836561 0.00836561 0.00836561 0.00836561 0.00836561
 0.00836561 0.00836561 0.00836561 0.00836561 0.00836561 0.00836561
 0.00836561 0.00836561 0.00836561 0.00836561 0.00836561 0.00836561
 0.00836561 0.26944273 0.00836561 0.00836561 0.00836561 0.36509371]
Classification: 0.9996599217820099 0.9375636240244316 358
本轮采样概率阵: [0.00836561 0.00836561 0.00836561 0.00836561 0.13959199 0.00836561
 0.00836561 0.00836561 0.00836561 0.00836561 0.00836561 0.00836561
 0.00836561 0.00836561 0.00836561 0.00836561 0.00836561 0.00836561
 0.00836561 0.00836561 0.00836561 0.00836561 0.00836561 0.00836561
 0.00836561 0.26944273 0.00836561 0.00836561 0.00836561 0.36509371]
客户端选择掩码: [1.0, 1.0, 1.0, 0.0, 1.0, 1.0, 0.0, 0.0, 1.0, 1.0, 1.0, 1.0, 1.0, 0.0, 0.0, 0.0, 1.0, 1.0, 1.0, 1.0, 1.0, 0.0, 1.0, 1.0, 0.0, 1.0, 1.0, 1.0, 0.0, 1.0]
/mnt/data/user_liangzhiyu/envs/fedcsl/lib/python3.8/site-packages/sklearn/utils/validation.py:63: RuntimeWarning:  Orthogonal matching pursuit ended prematurely due to linear
dependence in the dictionary. The requested precision might not have been met.

  return f(*args, **kwargs)
稀疏向量: [-0.54997005  0.          0.          0.         -0.15776841  0.
  0.          0.          0.          0.          0.          0.
  0.          0.          0.          0.          0.          0.
  0.          0.          0.          0.          0.          0.
  0.26938472  0.          0.          0.          1.44096535  0.        ]
更新后概率: [0.59647081 0.00830076 0.00830076 0.00830076 0.17110796 0.00830076
 0.00830076 0.00830076 0.00830076 0.00830076 0.00830076 0.00830076
 0.00830076 0.00830076 0.00830076 0.00830076 0.00830076 0.00830076
 0.00830076 0.00830076 0.00830076 0.00830076 0.00830076 0.00830076
 0.00830076 0.00830076 0.00830076 0.00830076 0.00830076 0.00830076]
Classification: 0.9996599217820099 0.9382422802850356 359
本轮采样概率阵: [0.59647081 0.00830076 0.00830076 0.00830076 0.17110796 0.00830076
 0.00830076 0.00830076 0.00830076 0.00830076 0.00830076 0.00830076
 0.00830076 0.00830076 0.00830076 0.00830076 0.00830076 0.00830076
 0.00830076 0.00830076 0.00830076 0.00830076 0.00830076 0.00830076
 0.00830076 0.00830076 0.00830076 0.00830076 0.00830076 0.00830076]
客户端选择掩码: [1.0, 1.0, 0.0, 1.0, 1.0, 1.0, 0.0, 0.0, 1.0, 0.0, 1.0, 1.0, 1.0, 1.0, 1.0, 1.0, 1.0, 1.0, 1.0, 0.0, 0.0, 1.0, 1.0, 0.0, 0.0, 1.0, 0.0, 1.0, 1.0, 1.0]
/mnt/data/user_liangzhiyu/envs/fedcsl/lib/python3.8/site-packages/sklearn/utils/validation.py:63: RuntimeWarning:  Orthogonal matching pursuit ended prematurely due to linear
dependence in the dictionary. The requested precision might not have been met.

  return f(*args, **kwargs)
稀疏向量: [0.06603775 0.         0.         0.41660879 0.         0.
 0.         0.         0.         0.         0.         0.
 0.         0.32563124 0.         0.         0.         0.
 0.         0.         0.         0.19216669 0.         0.
 0.         0.         0.         0.         0.         0.        ]
更新后概率: [0.05152914 0.00843673 0.00843673 0.32507906 0.00843673 0.00843673
 0.00843673 0.00843673 0.00843673 0.00843673 0.00843673 0.00843673
 0.00843673 0.25408945 0.00843673 0.00843673 0.00843673 0.00843673
 0.00843673 0.00843673 0.00843673 0.14994731 0.00843673 0.00843673
 0.00843673 0.00843673 0.00843673 0.00843673 0.00843673 0.00843673]
Classification: 1.0 0.9395995928062436 360
本轮采样概率阵: [0.05152914 0.00843673 0.00843673 0.32507906 0.00843673 0.00843673
 0.00843673 0.00843673 0.00843673 0.00843673 0.00843673 0.00843673
 0.00843673 0.25408945 0.00843673 0.00843673 0.00843673 0.00843673
 0.00843673 0.00843673 0.00843673 0.14994731 0.00843673 0.00843673
 0.00843673 0.00843673 0.00843673 0.00843673 0.00843673 0.00843673]
客户端选择掩码: [1.0, 1.0, 0.0, 1.0, 1.0, 1.0, 0.0, 1.0, 1.0, 1.0, 0.0, 0.0, 1.0, 1.0, 1.0, 1.0, 1.0, 1.0, 1.0, 1.0, 0.0, 1.0, 1.0, 0.0, 0.0, 0.0, 1.0, 1.0, 1.0, 0.0]
/mnt/data/user_liangzhiyu/envs/fedcsl/lib/python3.8/site-packages/sklearn/utils/validation.py:63: RuntimeWarning:  Orthogonal matching pursuit ended prematurely due to linear
dependence in the dictionary. The requested precision might not have been met.

  return f(*args, **kwargs)
稀疏向量: [0.09538293 0.         0.         0.14822173 0.         0.
 0.         0.         0.         0.         0.         0.
 0.         0.75705789 0.         0.         0.         0.
 0.         0.         0.         0.         0.         0.
 0.         0.         0.         0.         0.         0.        ]
更新后概率: [0.0737663  0.00837472 0.00837472 0.11463025 0.00837472 0.00837472
 0.00837472 0.00837472 0.00837472 0.00837472 0.00837472 0.00837472
 0.00837472 0.58548591 0.00837472 0.00837472 0.00837472 0.00837472
 0.00837472 0.00837472 0.00837472 0.00837472 0.00837472 0.00837472
 0.00837472 0.00837472 0.00837472 0.00837472 0.00837472 0.00837472]
Classification: 0.977724876721646 0.9423142178486597 361
本轮采样概率阵: [0.0737663  0.00837472 0.00837472 0.11463025 0.00837472 0.00837472
 0.00837472 0.00837472 0.00837472 0.00837472 0.00837472 0.00837472
 0.00837472 0.58548591 0.00837472 0.00837472 0.00837472 0.00837472
 0.00837472 0.00837472 0.00837472 0.00837472 0.00837472 0.00837472
 0.00837472 0.00837472 0.00837472 0.00837472 0.00837472 0.00837472]
客户端选择掩码: [1.0, 0.0, 1.0, 1.0, 0.0, 0.0, 1.0, 1.0, 1.0, 1.0, 0.0, 1.0, 0.0, 1.0, 1.0, 0.0, 1.0, 1.0, 1.0, 0.0, 1.0, 1.0, 1.0, 0.0, 1.0, 1.0, 0.0, 1.0, 1.0, 1.0]
/mnt/data/user_liangzhiyu/envs/fedcsl/lib/python3.8/site-packages/sklearn/utils/validation.py:63: RuntimeWarning:  Orthogonal matching pursuit ended prematurely due to linear
dependence in the dictionary. The requested precision might not have been met.

  return f(*args, **kwargs)
稀疏向量: [0.06708867 0.         0.         0.36575751 0.15463162 0.
 0.         0.         0.         0.         0.         0.
 0.         0.         0.         0.         0.         0.
 0.41275595 0.         0.         0.         0.         0.
 0.         0.         0.         0.         0.         0.        ]
更新后概率: [0.06140693 0.00837081 0.00837081 0.33478151 0.00837081 0.00837081
 0.00837081 0.00837081 0.00837081 0.00837081 0.00837081 0.00837081
 0.00837081 0.00837081 0.00837081 0.00837081 0.00837081 0.00837081
 0.37779965 0.00837081 0.00837081 0.00837081 0.00837081 0.00837081
 0.00837081 0.00837081 0.00837081 0.00837081 0.00837081 0.00837081]
Classification: 0.977724876721646 0.9416355615880556 362
本轮采样概率阵: [0.06140693 0.00837081 0.00837081 0.33478151 0.00837081 0.00837081
 0.00837081 0.00837081 0.00837081 0.00837081 0.00837081 0.00837081
 0.00837081 0.00837081 0.00837081 0.00837081 0.00837081 0.00837081
 0.37779965 0.00837081 0.00837081 0.00837081 0.00837081 0.00837081
 0.00837081 0.00837081 0.00837081 0.00837081 0.00837081 0.00837081]
客户端选择掩码: [1.0, 1.0, 1.0, 1.0, 1.0, 1.0, 1.0, 0.0, 0.0, 1.0, 0.0, 0.0, 0.0, 1.0, 1.0, 1.0, 1.0, 1.0, 1.0, 0.0, 1.0, 1.0, 0.0, 0.0, 1.0, 0.0, 1.0, 1.0, 1.0, 1.0]
/mnt/data/user_liangzhiyu/envs/fedcsl/lib/python3.8/site-packages/sklearn/utils/validation.py:63: RuntimeWarning:  Orthogonal matching pursuit ended prematurely due to linear
dependence in the dictionary. The requested precision might not have been met.

  return f(*args, **kwargs)
稀疏向量: [ 0.01443334  0.          0.          0.         -0.34488625  0.
  0.          0.          0.          0.          0.          0.
  0.          0.          0.          0.          0.          0.
  0.          0.          0.          0.          0.          0.
  0.          0.          0.          1.32953276  0.          0.        ]
更新后概率: [0.00835589 0.00835589 0.00835589 0.00835589 0.15778305 0.00835589
 0.00835589 0.00835589 0.00835589 0.00835589 0.00835589 0.00835589
 0.00835589 0.00835589 0.00835589 0.00835589 0.00835589 0.00835589
 0.00835589 0.00835589 0.00835589 0.00835589 0.00835589 0.00835589
 0.00835589 0.00835589 0.00835589 0.60825195 0.00835589 0.00835589]
Classification: 0.977724876721646 0.9416355615880556 363
本轮采样概率阵: [0.00835589 0.00835589 0.00835589 0.00835589 0.15778305 0.00835589
 0.00835589 0.00835589 0.00835589 0.00835589 0.00835589 0.00835589
 0.00835589 0.00835589 0.00835589 0.00835589 0.00835589 0.00835589
 0.00835589 0.00835589 0.00835589 0.00835589 0.00835589 0.00835589
 0.00835589 0.00835589 0.00835589 0.60825195 0.00835589 0.00835589]
客户端选择掩码: [1.0, 1.0, 0.0, 1.0, 1.0, 1.0, 1.0, 0.0, 0.0, 1.0, 1.0, 0.0, 0.0, 1.0, 0.0, 0.0, 1.0, 1.0, 1.0, 1.0, 0.0, 1.0, 0.0, 1.0, 1.0, 1.0, 1.0, 1.0, 1.0, 1.0]
/mnt/data/user_liangzhiyu/envs/fedcsl/lib/python3.8/site-packages/sklearn/utils/validation.py:63: RuntimeWarning:  Orthogonal matching pursuit ended prematurely due to linear
dependence in the dictionary. The requested precision might not have been met.

  return f(*args, **kwargs)
稀疏向量: [-0.0753178   0.          0.          0.          0.08486058  0.
  0.          0.          0.          0.          0.          0.99050284
  0.          0.          0.          0.          0.          0.
  0.          0.          0.          0.          0.          0.
  0.          0.          0.          0.          0.          0.        ]
更新后概率: [0.36093263 0.00830016 0.00830016 0.00830016 0.40666286 0.00830016
 0.00830016 0.00830016 0.00830016 0.00830016 0.00830016 0.00830016
 0.00830016 0.00830016 0.00830016 0.00830016 0.00830016 0.00830016
 0.00830016 0.00830016 0.00830016 0.00830016 0.00830016 0.00830016
 0.00830016 0.00830016 0.00830016 0.00830016 0.00830016 0.00830016]
Classification: 0.977724876721646 0.9426535459789617 364
本轮采样概率阵: [0.36093263 0.00830016 0.00830016 0.00830016 0.40666286 0.00830016
 0.00830016 0.00830016 0.00830016 0.00830016 0.00830016 0.00830016
 0.00830016 0.00830016 0.00830016 0.00830016 0.00830016 0.00830016
 0.00830016 0.00830016 0.00830016 0.00830016 0.00830016 0.00830016
 0.00830016 0.00830016 0.00830016 0.00830016 0.00830016 0.00830016]
客户端选择掩码: [1.0, 1.0, 0.0, 1.0, 1.0, 1.0, 0.0, 0.0, 1.0, 1.0, 1.0, 1.0, 0.0, 0.0, 0.0, 1.0, 1.0, 0.0, 1.0, 1.0, 1.0, 1.0, 1.0, 1.0, 1.0, 0.0, 1.0, 1.0, 1.0, 0.0]
/mnt/data/user_liangzhiyu/envs/fedcsl/lib/python3.8/site-packages/sklearn/utils/validation.py:63: RuntimeWarning:  Orthogonal matching pursuit ended prematurely due to linear
dependence in the dictionary. The requested precision might not have been met.

  return f(*args, **kwargs)
稀疏向量: [0.0143642  0.         0.         0.         0.         0.
 0.         0.         0.         0.         0.         0.
 0.         0.98617278 0.         0.         0.         0.
 0.         0.         0.         0.         0.         0.
 0.         0.         0.         0.         0.         0.        ]
更新后概率: [0.76137298 0.00822852 0.00822852 0.00822852 0.00822852 0.00822852
 0.00822852 0.00822852 0.00822852 0.00822852 0.00822852 0.00822852
 0.00822852 0.00822852 0.00822852 0.00822852 0.00822852 0.00822852
 0.00822852 0.00822852 0.00822852 0.00822852 0.00822852 0.00822852
 0.00822852 0.00822852 0.00822852 0.00822852 0.00822852 0.00822852]
Classification: 0.9994898826730148 0.9385816084153377 365
本轮采样概率阵: [0.76137298 0.00822852 0.00822852 0.00822852 0.00822852 0.00822852
 0.00822852 0.00822852 0.00822852 0.00822852 0.00822852 0.00822852
 0.00822852 0.00822852 0.00822852 0.00822852 0.00822852 0.00822852
 0.00822852 0.00822852 0.00822852 0.00822852 0.00822852 0.00822852
 0.00822852 0.00822852 0.00822852 0.00822852 0.00822852 0.00822852]
客户端选择掩码: [1.0, 1.0, 1.0, 0.0, 1.0, 0.0, 1.0, 0.0, 1.0, 0.0, 1.0, 1.0, 1.0, 0.0, 1.0, 1.0, 1.0, 1.0, 1.0, 1.0, 0.0, 0.0, 0.0, 1.0, 1.0, 1.0, 1.0, 1.0, 0.0, 1.0]
/mnt/data/user_liangzhiyu/envs/fedcsl/lib/python3.8/site-packages/sklearn/utils/validation.py:63: RuntimeWarning:  Orthogonal matching pursuit ended prematurely due to linear
dependence in the dictionary. The requested precision might not have been met.

  return f(*args, **kwargs)
稀疏向量: [ 0.          0.          0.          0.         -0.26607569  0.
  0.          0.          0.          1.27132215  0.          0.
 -0.00331283  0.          0.          0.          0.          0.
  0.          0.          0.          0.          0.          0.
  0.          0.          0.          0.          0.          0.        ]
更新后概率: [0.00829227 0.00829227 0.00829227 0.00829227 0.75837421 0.00829227
 0.00829227 0.00829227 0.00829227 0.00829227 0.00829227 0.00829227
 0.00944229 0.00829227 0.00829227 0.00829227 0.00829227 0.00829227
 0.00829227 0.00829227 0.00829227 0.00829227 0.00829227 0.00829227
 0.00829227 0.00829227 0.00829227 0.00829227 0.00829227 0.00829227]
Classification: 0.999829960891005 0.9389209365456397 366
本轮采样概率阵: [0.00829227 0.00829227 0.00829227 0.00829227 0.75837421 0.00829227
 0.00829227 0.00829227 0.00829227 0.00829227 0.00829227 0.00829227
 0.00944229 0.00829227 0.00829227 0.00829227 0.00829227 0.00829227
 0.00829227 0.00829227 0.00829227 0.00829227 0.00829227 0.00829227
 0.00829227 0.00829227 0.00829227 0.00829227 0.00829227 0.00829227]
客户端选择掩码: [1.0, 1.0, 1.0, 0.0, 1.0, 0.0, 1.0, 0.0, 1.0, 0.0, 1.0, 1.0, 1.0, 1.0, 1.0, 1.0, 0.0, 1.0, 1.0, 0.0, 1.0, 1.0, 0.0, 1.0, 1.0, 1.0, 1.0, 0.0, 1.0, 0.0]
/mnt/data/user_liangzhiyu/envs/fedcsl/lib/python3.8/site-packages/sklearn/utils/validation.py:63: RuntimeWarning:  Orthogonal matching pursuit ended prematurely due to linear
dependence in the dictionary. The requested precision might not have been met.

  return f(*args, **kwargs)
稀疏向量: [-0.2778879   0.          0.          0.          0.          0.
  0.          0.          0.          0.          0.          0.
  0.          0.          0.          0.          0.          1.65371084
  0.         -0.37240371  0.          0.          0.          0.
  0.          0.          0.          0.          0.          0.        ]
更新后概率: [0.11044542 0.00829621 0.00829621 0.00829621 0.00829621 0.00829621
 0.00829621 0.00829621 0.00829621 0.00829621 0.00829621 0.00829621
 0.00829621 0.00829621 0.00829621 0.00829621 0.00829621 0.65726066
 0.00829621 0.00829621 0.00829621 0.00829621 0.00829621 0.00829621
 0.00829621 0.00829621 0.00829621 0.00829621 0.00829621 0.00829621]
Classification: 0.999829960891005 0.9395995928062436 367
本轮采样概率阵: [0.11044542 0.00829621 0.00829621 0.00829621 0.00829621 0.00829621
 0.00829621 0.00829621 0.00829621 0.00829621 0.00829621 0.00829621
 0.00829621 0.00829621 0.00829621 0.00829621 0.00829621 0.65726066
 0.00829621 0.00829621 0.00829621 0.00829621 0.00829621 0.00829621
 0.00829621 0.00829621 0.00829621 0.00829621 0.00829621 0.00829621]
客户端选择掩码: [1.0, 1.0, 1.0, 0.0, 1.0, 1.0, 0.0, 0.0, 0.0, 0.0, 0.0, 1.0, 0.0, 1.0, 1.0, 1.0, 1.0, 1.0, 1.0, 1.0, 1.0, 1.0, 1.0, 1.0, 1.0, 1.0, 0.0, 0.0, 1.0, 1.0]
/mnt/data/user_liangzhiyu/envs/fedcsl/lib/python3.8/site-packages/sklearn/utils/validation.py:63: RuntimeWarning:  Orthogonal matching pursuit ended prematurely due to linear
dependence in the dictionary. The requested precision might not have been met.

  return f(*args, **kwargs)
稀疏向量: [-0.62145422  0.          0.          0.          0.1708409   0.
  0.          0.          0.          0.          0.          0.
  0.          0.25969023  0.          1.19180191  0.          0.
  0.          0.          0.          0.          0.          0.
  0.          0.          0.          0.          0.          0.        ]
更新后概率: [0.21621471 0.00843644 0.00843644 0.00843644 0.05943852 0.00843644
 0.00843644 0.00843644 0.00843644 0.00843644 0.00843644 0.00843644
 0.00843644 0.09035074 0.00843644 0.41464858 0.00843644 0.00843644
 0.00843644 0.00843644 0.00843644 0.00843644 0.00843644 0.00843644
 0.00843644 0.00843644 0.00843644 0.00843644 0.00843644 0.00843644]
Classification: 0.977724876721646 0.9423142178486597 368
本轮采样概率阵: [0.21621471 0.00843644 0.00843644 0.00843644 0.05943852 0.00843644
 0.00843644 0.00843644 0.00843644 0.00843644 0.00843644 0.00843644
 0.00843644 0.09035074 0.00843644 0.41464858 0.00843644 0.00843644
 0.00843644 0.00843644 0.00843644 0.00843644 0.00843644 0.00843644
 0.00843644 0.00843644 0.00843644 0.00843644 0.00843644 0.00843644]
客户端选择掩码: [1.0, 1.0, 0.0, 1.0, 1.0, 1.0, 0.0, 1.0, 1.0, 0.0, 1.0, 1.0, 0.0, 1.0, 1.0, 1.0, 0.0, 0.0, 1.0, 1.0, 0.0, 1.0, 1.0, 1.0, 1.0, 1.0, 1.0, 0.0, 1.0, 0.0]
/mnt/data/user_liangzhiyu/envs/fedcsl/lib/python3.8/site-packages/sklearn/utils/validation.py:63: RuntimeWarning:  Orthogonal matching pursuit ended prematurely due to linear
dependence in the dictionary. The requested precision might not have been met.

  return f(*args, **kwargs)
稀疏向量: [0.         0.         0.         0.         0.         0.
 0.         0.         0.         0.65767242 0.         0.
 0.14107499 0.         0.         0.20235157 0.         0.
 0.         0.         0.         0.         0.         0.
 0.         0.         0.         0.         0.         0.        ]
更新后概率: [0.00823675 0.00823675 0.00823675 0.00823675 0.00823675 0.00823675
 0.00823675 0.00823675 0.00823675 0.00823675 0.00823675 0.00823675
 0.00823675 0.00823675 0.00823675 0.76113426 0.00823675 0.00823675
 0.00823675 0.00823675 0.00823675 0.00823675 0.00823675 0.00823675
 0.00823675 0.00823675 0.00823675 0.00823675 0.00823675 0.00823675]
Classification: 0.977724876721646 0.9419748897183576 369
本轮采样概率阵: [0.00823675 0.00823675 0.00823675 0.00823675 0.00823675 0.00823675
 0.00823675 0.00823675 0.00823675 0.00823675 0.00823675 0.00823675
 0.00823675 0.00823675 0.00823675 0.76113426 0.00823675 0.00823675
 0.00823675 0.00823675 0.00823675 0.00823675 0.00823675 0.00823675
 0.00823675 0.00823675 0.00823675 0.00823675 0.00823675 0.00823675]
客户端选择掩码: [1.0, 1.0, 1.0, 1.0, 1.0, 1.0, 1.0, 1.0, 1.0, 1.0, 1.0, 1.0, 1.0, 0.0, 0.0, 1.0, 1.0, 1.0, 0.0, 0.0, 0.0, 1.0, 0.0, 0.0, 0.0, 1.0, 0.0, 1.0, 1.0, 1.0]
/mnt/data/user_liangzhiyu/envs/fedcsl/lib/python3.8/site-packages/sklearn/utils/validation.py:63: RuntimeWarning:  Orthogonal matching pursuit ended prematurely due to linear
dependence in the dictionary. The requested precision might not have been met.

  return f(*args, **kwargs)
稀疏向量: [-0.06698696  0.          0.          0.          0.          0.
  0.          0.          0.          0.          0.          0.
  0.          0.          0.          0.          0.          0.
  0.          1.06240483  0.          0.          0.          0.
  0.          0.          0.          0.          0.          0.        ]
更新后概率: [0.76148697 0.00822459 0.00822459 0.00822459 0.00822459 0.00822459
 0.00822459 0.00822459 0.00822459 0.00822459 0.00822459 0.00822459
 0.00822459 0.00822459 0.00822459 0.00822459 0.00822459 0.00822459
 0.00822459 0.00822459 0.00822459 0.00822459 0.00822459 0.00822459
 0.00822459 0.00822459 0.00822459 0.00822459 0.00822459 0.00822459]
Classification: 0.999829960891005 0.9395995928062436 370
本轮采样概率阵: [0.76148697 0.00822459 0.00822459 0.00822459 0.00822459 0.00822459
 0.00822459 0.00822459 0.00822459 0.00822459 0.00822459 0.00822459
 0.00822459 0.00822459 0.00822459 0.00822459 0.00822459 0.00822459
 0.00822459 0.00822459 0.00822459 0.00822459 0.00822459 0.00822459
 0.00822459 0.00822459 0.00822459 0.00822459 0.00822459 0.00822459]
客户端选择掩码: [1.0, 0.0, 1.0, 1.0, 1.0, 1.0, 0.0, 0.0, 0.0, 0.0, 1.0, 1.0, 1.0, 1.0, 1.0, 1.0, 1.0, 1.0, 1.0, 1.0, 1.0, 1.0, 1.0, 0.0, 1.0, 1.0, 0.0, 0.0, 1.0, 0.0]
/mnt/data/user_liangzhiyu/envs/fedcsl/lib/python3.8/site-packages/sklearn/utils/validation.py:63: RuntimeWarning:  Orthogonal matching pursuit ended prematurely due to linear
dependence in the dictionary. The requested precision might not have been met.

  return f(*args, **kwargs)
稀疏向量: [ 0.03598138  0.          0.          0.         -0.86593129  0.
  0.          0.          0.          0.          0.          0.
  0.         -2.64425492  0.          0.          0.          0.
  0.          0.          0.          0.          0.          0.
  0.          0.          0.          4.46991565  0.          0.        ]
更新后概率: [0.00835713 0.00835713 0.00835713 0.00835713 0.18896539 0.00835713
 0.00835713 0.00835713 0.00835713 0.00835713 0.00835713 0.00835713
 0.00835713 0.577035   0.00835713 0.00835713 0.00835713 0.00835713
 0.00835713 0.00835713 0.00835713 0.00835713 0.00835713 0.00835713
 0.00835713 0.00835713 0.00835713 0.00835713 0.00835713 0.00835713]
Classification: 0.977724876721646 0.9423142178486597 371
本轮采样概率阵: [0.00835713 0.00835713 0.00835713 0.00835713 0.18896539 0.00835713
 0.00835713 0.00835713 0.00835713 0.00835713 0.00835713 0.00835713
 0.00835713 0.577035   0.00835713 0.00835713 0.00835713 0.00835713
 0.00835713 0.00835713 0.00835713 0.00835713 0.00835713 0.00835713
 0.00835713 0.00835713 0.00835713 0.00835713 0.00835713 0.00835713]
客户端选择掩码: [0.0, 0.0, 1.0, 1.0, 1.0, 1.0, 1.0, 1.0, 0.0, 1.0, 1.0, 1.0, 0.0, 1.0, 0.0, 1.0, 1.0, 0.0, 1.0, 0.0, 1.0, 1.0, 1.0, 1.0, 1.0, 1.0, 0.0, 1.0, 0.0, 1.0]
/mnt/data/user_liangzhiyu/envs/fedcsl/lib/python3.8/site-packages/sklearn/utils/validation.py:63: RuntimeWarning:  Orthogonal matching pursuit ended prematurely due to linear
dependence in the dictionary. The requested precision might not have been met.

  return f(*args, **kwargs)
稀疏向量: [ 0.06841843  0.          0.          0.         -0.15302322  1.08335907
  0.          0.          0.          0.          0.          0.
  0.          0.          0.          0.          0.          0.
  0.          0.          0.          0.          0.          0.
  0.          0.          0.          0.          0.          0.        ]
更新后概率: [0.00830023 0.00830023 0.00830023 0.00830023 0.09500268 0.67259084
 0.00830023 0.00830023 0.00830023 0.00830023 0.00830023 0.00830023
 0.00830023 0.00830023 0.00830023 0.00830023 0.00830023 0.00830023
 0.00830023 0.00830023 0.00830023 0.00830023 0.00830023 0.00830023
 0.00830023 0.00830023 0.00830023 0.00830023 0.00830023 0.00830023]
Classification: 0.977724876721646 0.9419748897183576 372
本轮采样概率阵: [0.00830023 0.00830023 0.00830023 0.00830023 0.09500268 0.67259084
 0.00830023 0.00830023 0.00830023 0.00830023 0.00830023 0.00830023
 0.00830023 0.00830023 0.00830023 0.00830023 0.00830023 0.00830023
 0.00830023 0.00830023 0.00830023 0.00830023 0.00830023 0.00830023
 0.00830023 0.00830023 0.00830023 0.00830023 0.00830023 0.00830023]
客户端选择掩码: [1.0, 1.0, 1.0, 0.0, 1.0, 1.0, 1.0, 0.0, 1.0, 1.0, 1.0, 0.0, 1.0, 0.0, 1.0, 1.0, 0.0, 1.0, 1.0, 1.0, 1.0, 1.0, 1.0, 1.0, 1.0, 0.0, 1.0, 0.0, 0.0, 0.0]
/mnt/data/user_liangzhiyu/envs/fedcsl/lib/python3.8/site-packages/sklearn/utils/validation.py:63: RuntimeWarning:  Orthogonal matching pursuit ended prematurely due to linear
dependence in the dictionary. The requested precision might not have been met.

  return f(*args, **kwargs)
稀疏向量: [ 0.06904642  0.          0.          0.         -0.32591375  0.
  0.          0.          0.          0.          0.          0.
  0.          0.          0.          0.          0.          0.
  0.          0.          0.          0.          0.          0.
  1.25803909  0.          0.          0.          0.          0.        ]
更新后概率: [0.03233508 0.00836612 0.00836612 0.00836612 0.15262843 0.00836612
 0.00836612 0.00836612 0.00836612 0.00836612 0.00836612 0.00836612
 0.00836612 0.00836612 0.00836612 0.00836612 0.00836612 0.00836612
 0.00836612 0.00836612 0.00836612 0.00836612 0.00836612 0.00836612
 0.58915136 0.00836612 0.00836612 0.00836612 0.00836612 0.00836612]
Classification: 0.9996599217820099 0.9392602646759416 373
本轮采样概率阵: [0.03233508 0.00836612 0.00836612 0.00836612 0.15262843 0.00836612
 0.00836612 0.00836612 0.00836612 0.00836612 0.00836612 0.00836612
 0.00836612 0.00836612 0.00836612 0.00836612 0.00836612 0.00836612
 0.00836612 0.00836612 0.00836612 0.00836612 0.00836612 0.00836612
 0.58915136 0.00836612 0.00836612 0.00836612 0.00836612 0.00836612]
客户端选择掩码: [1.0, 1.0, 1.0, 0.0, 1.0, 1.0, 1.0, 1.0, 0.0, 1.0, 1.0, 1.0, 1.0, 0.0, 1.0, 0.0, 1.0, 1.0, 0.0, 1.0, 0.0, 1.0, 1.0, 1.0, 1.0, 0.0, 1.0, 0.0, 0.0, 1.0]
/mnt/data/user_liangzhiyu/envs/fedcsl/lib/python3.8/site-packages/sklearn/utils/validation.py:63: RuntimeWarning:  Orthogonal matching pursuit ended prematurely due to linear
dependence in the dictionary. The requested precision might not have been met.

  return f(*args, **kwargs)
稀疏向量: [0.14468248 0.         0.         0.         0.         0.56028529
 0.         0.         0.         0.         0.         0.
 0.         0.         0.         0.         0.         0.
 0.29412008 0.         0.         0.         0.         0.
 0.         0.         0.         0.         0.         0.        ]
更新后概率: [0.15753213 0.00830079 0.00830079 0.00830079 0.00830079 0.61004577
 0.00830079 0.00830079 0.00830079 0.00830079 0.00830079 0.00830079
 0.00830079 0.00830079 0.00830079 0.00830079 0.00830079 0.00830079
 0.00830079 0.00830079 0.00830079 0.00830079 0.00830079 0.00830079
 0.00830079 0.00830079 0.00830079 0.00830079 0.00830079 0.00830079]
Classification: 0.9996599217820099 0.9392602646759416 374
本轮采样概率阵: [0.15753213 0.00830079 0.00830079 0.00830079 0.00830079 0.61004577
 0.00830079 0.00830079 0.00830079 0.00830079 0.00830079 0.00830079
 0.00830079 0.00830079 0.00830079 0.00830079 0.00830079 0.00830079
 0.00830079 0.00830079 0.00830079 0.00830079 0.00830079 0.00830079
 0.00830079 0.00830079 0.00830079 0.00830079 0.00830079 0.00830079]
客户端选择掩码: [1.0, 1.0, 1.0, 0.0, 1.0, 1.0, 1.0, 1.0, 0.0, 1.0, 1.0, 1.0, 1.0, 1.0, 1.0, 1.0, 1.0, 0.0, 1.0, 1.0, 1.0, 0.0, 0.0, 1.0, 1.0, 0.0, 0.0, 0.0, 1.0, 0.0]
/mnt/data/user_liangzhiyu/envs/fedcsl/lib/python3.8/site-packages/sklearn/utils/validation.py:63: RuntimeWarning:  Orthogonal matching pursuit ended prematurely due to linear
dependence in the dictionary. The requested precision might not have been met.

  return f(*args, **kwargs)
稀疏向量: [ 0.          0.          0.          0.         -0.33816105  0.
  0.          0.          0.          1.48468114 -0.14432647  0.
  0.          0.          0.          0.          0.          0.
  0.          0.          0.          0.          0.          0.
  0.          0.          0.          0.          0.          0.        ]
更新后概率: [0.00836615 0.00836615 0.00836615 0.00836615 0.13307206 0.00836615
 0.00836615 0.00836615 0.00836615 0.58424698 0.05679489 0.00836615
 0.00836615 0.00836615 0.00836615 0.00836615 0.00836615 0.00836615
 0.00836615 0.00836615 0.00836615 0.00836615 0.00836615 0.00836615
 0.00836615 0.00836615 0.00836615 0.00836615 0.00836615 0.00836615]
Classification: 0.999829960891005 0.9392602646759416 375
本轮采样概率阵: [0.00836615 0.00836615 0.00836615 0.00836615 0.13307206 0.00836615
 0.00836615 0.00836615 0.00836615 0.58424698 0.05679489 0.00836615
 0.00836615 0.00836615 0.00836615 0.00836615 0.00836615 0.00836615
 0.00836615 0.00836615 0.00836615 0.00836615 0.00836615 0.00836615
 0.00836615 0.00836615 0.00836615 0.00836615 0.00836615 0.00836615]
客户端选择掩码: [1.0, 1.0, 1.0, 1.0, 1.0, 0.0, 1.0, 0.0, 1.0, 1.0, 1.0, 1.0, 1.0, 1.0, 1.0, 1.0, 0.0, 0.0, 0.0, 1.0, 1.0, 1.0, 1.0, 0.0, 1.0, 1.0, 0.0, 0.0, 1.0, 0.0]
/mnt/data/user_liangzhiyu/envs/fedcsl/lib/python3.8/site-packages/sklearn/utils/validation.py:63: RuntimeWarning:  Orthogonal matching pursuit ended prematurely due to linear
dependence in the dictionary. The requested precision might not have been met.

  return f(*args, **kwargs)
稀疏向量: [0.02292631 0.         0.         0.         0.         0.
 0.         0.         0.         0.         0.         0.97707453
 0.         0.         0.         0.         0.         0.
 0.         0.         0.         0.         0.         0.
 0.         0.         0.         0.         0.         0.        ]
更新后概率: [0.01759771 0.00830079 0.00830079 0.00830079 0.00830079 0.00830079
 0.00830079 0.00830079 0.00830079 0.00830079 0.00830079 0.74998014
 0.00830079 0.00830079 0.00830079 0.00830079 0.00830079 0.00830079
 0.00830079 0.00830079 0.00830079 0.00830079 0.00830079 0.00830079
 0.00830079 0.00830079 0.00830079 0.00830079 0.00830079 0.00830079]
Classification: 0.9996599217820099 0.9392602646759416 376
本轮采样概率阵: [0.01759771 0.00830079 0.00830079 0.00830079 0.00830079 0.00830079
 0.00830079 0.00830079 0.00830079 0.00830079 0.00830079 0.74998014
 0.00830079 0.00830079 0.00830079 0.00830079 0.00830079 0.00830079
 0.00830079 0.00830079 0.00830079 0.00830079 0.00830079 0.00830079
 0.00830079 0.00830079 0.00830079 0.00830079 0.00830079 0.00830079]
客户端选择掩码: [1.0, 1.0, 1.0, 0.0, 1.0, 1.0, 0.0, 1.0, 1.0, 0.0, 0.0, 1.0, 1.0, 1.0, 1.0, 0.0, 1.0, 1.0, 1.0, 0.0, 1.0, 0.0, 0.0, 1.0, 1.0, 1.0, 1.0, 1.0, 1.0, 0.0]
/mnt/data/user_liangzhiyu/envs/fedcsl/lib/python3.8/site-packages/sklearn/utils/validation.py:63: RuntimeWarning:  Orthogonal matching pursuit ended prematurely due to linear
dependence in the dictionary. The requested precision might not have been met.

  return f(*args, **kwargs)
稀疏向量: [ 0.06327236  0.          0.          0.         -0.1882641   0.
  0.          0.          0.          0.          0.          0.
  0.          0.          0.          0.          0.          0.
  0.          0.          0.          0.          0.          0.
  1.1260821   0.          0.          0.          0.          0.        ]
更新后概率: [0.03555412 0.00836615 0.00836615 0.00836615 0.1057897  0.00836615
 0.00836615 0.00836615 0.00836615 0.00836615 0.00836615 0.00836615
 0.00836615 0.00836615 0.00836615 0.00836615 0.00836615 0.00836615
 0.00836615 0.00836615 0.00836615 0.00836615 0.00836615 0.00836615
 0.6327701  0.00836615 0.00836615 0.00836615 0.00836615 0.00836615]
Classification: 0.9996599217820099 0.9389209365456397 377
本轮采样概率阵: [0.03555412 0.00836615 0.00836615 0.00836615 0.1057897  0.00836615
 0.00836615 0.00836615 0.00836615 0.00836615 0.00836615 0.00836615
 0.00836615 0.00836615 0.00836615 0.00836615 0.00836615 0.00836615
 0.00836615 0.00836615 0.00836615 0.00836615 0.00836615 0.00836615
 0.6327701  0.00836615 0.00836615 0.00836615 0.00836615 0.00836615]
客户端选择掩码: [1.0, 0.0, 1.0, 0.0, 1.0, 1.0, 1.0, 1.0, 0.0, 1.0, 1.0, 1.0, 1.0, 0.0, 1.0, 1.0, 1.0, 1.0, 0.0, 1.0, 1.0, 1.0, 1.0, 0.0, 1.0, 0.0, 1.0, 0.0, 0.0, 1.0]
/mnt/data/user_liangzhiyu/envs/fedcsl/lib/python3.8/site-packages/sklearn/utils/validation.py:63: RuntimeWarning:  Orthogonal matching pursuit ended prematurely due to linear
dependence in the dictionary. The requested precision might not have been met.

  return f(*args, **kwargs)
稀疏向量: [ 0.1386944   0.          0.          0.         -0.42372358  0.
  0.          0.          0.          0.          0.          0.
  0.          0.          0.          0.          0.          0.
  0.          0.          1.28480757  0.          0.          0.
  0.          0.          0.          0.          0.          0.        ]
更新后概率: [0.05811409 0.00837027 0.00837027 0.00837027 0.17754366 0.00837027
 0.00837027 0.00837027 0.00837027 0.00837027 0.00837027 0.00837027
 0.00837027 0.00837027 0.00837027 0.00837027 0.00837027 0.00837027
 0.00837027 0.00837027 0.53834494 0.00837027 0.00837027 0.00837027
 0.00837027 0.00837027 0.00837027 0.00837027 0.00837027 0.00837027]
Classification: 0.9996599217820099 0.9395995928062436 378
本轮采样概率阵: [0.05811409 0.00837027 0.00837027 0.00837027 0.17754366 0.00837027
 0.00837027 0.00837027 0.00837027 0.00837027 0.00837027 0.00837027
 0.00837027 0.00837027 0.00837027 0.00837027 0.00837027 0.00837027
 0.00837027 0.00837027 0.53834494 0.00837027 0.00837027 0.00837027
 0.00837027 0.00837027 0.00837027 0.00837027 0.00837027 0.00837027]
客户端选择掩码: [1.0, 0.0, 1.0, 0.0, 1.0, 0.0, 1.0, 1.0, 1.0, 1.0, 0.0, 0.0, 1.0, 1.0, 1.0, 1.0, 1.0, 0.0, 1.0, 1.0, 1.0, 0.0, 1.0, 1.0, 1.0, 1.0, 0.0, 1.0, 1.0, 0.0]
/mnt/data/user_liangzhiyu/envs/fedcsl/lib/python3.8/site-packages/sklearn/utils/validation.py:63: RuntimeWarning:  Orthogonal matching pursuit ended prematurely due to linear
dependence in the dictionary. The requested precision might not have been met.

  return f(*args, **kwargs)
稀疏向量: [ 0.13437518  0.          0.          0.         -0.41530247  0.
  0.          0.          0.          0.          0.          0.
  0.          0.          0.          0.          0.          0.
  0.          0.          0.          0.          0.          0.
  0.          0.          0.          1.2800347   0.          0.        ]
更新后概率: [0.05684271 0.00837053 0.00837053 0.00837053 0.17567916 0.00837053
 0.00837053 0.00837053 0.00837053 0.00837053 0.00837053 0.00837053
 0.00837053 0.00837053 0.00837053 0.00837053 0.00837053 0.00837053
 0.00837053 0.00837053 0.00837053 0.00837053 0.00837053 0.00837053
 0.00837053 0.00837053 0.00837053 0.54147382 0.00837053 0.00837053]
Classification: 0.9996599217820099 0.9392602646759416 379
本轮采样概率阵: [0.05684271 0.00837053 0.00837053 0.00837053 0.17567916 0.00837053
 0.00837053 0.00837053 0.00837053 0.00837053 0.00837053 0.00837053
 0.00837053 0.00837053 0.00837053 0.00837053 0.00837053 0.00837053
 0.00837053 0.00837053 0.00837053 0.00837053 0.00837053 0.00837053
 0.00837053 0.00837053 0.00837053 0.54147382 0.00837053 0.00837053]
客户端选择掩码: [1.0, 0.0, 0.0, 1.0, 1.0, 0.0, 0.0, 1.0, 0.0, 1.0, 1.0, 1.0, 0.0, 1.0, 1.0, 1.0, 1.0, 0.0, 1.0, 1.0, 1.0, 0.0, 1.0, 1.0, 1.0, 1.0, 1.0, 1.0, 0.0, 1.0]
/mnt/data/user_liangzhiyu/envs/fedcsl/lib/python3.8/site-packages/sklearn/utils/validation.py:63: RuntimeWarning:  Orthogonal matching pursuit ended prematurely due to linear
dependence in the dictionary. The requested precision might not have been met.

  return f(*args, **kwargs)
稀疏向量: [-0.00999213  0.          0.          0.         -0.31573676  0.
  0.          0.          0.          0.          0.          0.
  0.          0.          0.          0.          0.          0.
  0.          0.          0.          0.          0.          0.
  1.32695611  0.          0.          0.          0.          0.        ]
更新后概率: [0.00833976 0.00833976 0.00833976 0.00833976 0.14732394 0.00833976
 0.00833976 0.00833976 0.00833976 0.00833976 0.00833976 0.00833976
 0.00833976 0.00833976 0.00833976 0.00833976 0.00833976 0.00833976
 0.00833976 0.00833976 0.00833976 0.00833976 0.00833976 0.00833976
 0.61916265 0.00833976 0.00833976 0.00833976 0.00833976 0.00833976]
Classification: 0.977724876721646 0.9416355615880556 380
本轮采样概率阵: [0.00833976 0.00833976 0.00833976 0.00833976 0.14732394 0.00833976
 0.00833976 0.00833976 0.00833976 0.00833976 0.00833976 0.00833976
 0.00833976 0.00833976 0.00833976 0.00833976 0.00833976 0.00833976
 0.00833976 0.00833976 0.00833976 0.00833976 0.00833976 0.00833976
 0.61916265 0.00833976 0.00833976 0.00833976 0.00833976 0.00833976]
客户端选择掩码: [1.0, 0.0, 1.0, 0.0, 1.0, 1.0, 1.0, 1.0, 1.0, 1.0, 1.0, 0.0, 0.0, 1.0, 0.0, 1.0, 1.0, 1.0, 1.0, 1.0, 0.0, 1.0, 1.0, 0.0, 1.0, 1.0, 0.0, 1.0, 1.0, 0.0]
/mnt/data/user_liangzhiyu/envs/fedcsl/lib/python3.8/site-packages/sklearn/utils/validation.py:63: RuntimeWarning:  Orthogonal matching pursuit ended prematurely due to linear
dependence in the dictionary. The requested precision might not have been met.

  return f(*args, **kwargs)
稀疏向量: [-0.14735311  0.          0.          0.          0.13201696  0.
  0.          0.          0.76168413  0.          0.          0.25491627
  0.          0.          0.          0.          0.          0.
  0.          0.          0.          0.          0.          0.
  0.          0.          0.          0.          0.          0.        ]
更新后概率: [0.10956041 0.00836861 0.00836861 0.00836861 0.09815763 0.00836861
 0.00836861 0.00836861 0.56632957 0.00836861 0.00836861 0.00836861
 0.00836861 0.00836861 0.00836861 0.00836861 0.00836861 0.00836861
 0.00836861 0.00836861 0.00836861 0.00836861 0.00836861 0.00836861
 0.00836861 0.00836861 0.00836861 0.00836861 0.00836861 0.00836861]
Classification: 0.977724876721646 0.9423142178486597 381
本轮采样概率阵: [0.10956041 0.00836861 0.00836861 0.00836861 0.09815763 0.00836861
 0.00836861 0.00836861 0.56632957 0.00836861 0.00836861 0.00836861
 0.00836861 0.00836861 0.00836861 0.00836861 0.00836861 0.00836861
 0.00836861 0.00836861 0.00836861 0.00836861 0.00836861 0.00836861
 0.00836861 0.00836861 0.00836861 0.00836861 0.00836861 0.00836861]
客户端选择掩码: [1.0, 1.0, 0.0, 1.0, 1.0, 1.0, 1.0, 0.0, 1.0, 1.0, 1.0, 0.0, 1.0, 1.0, 1.0, 0.0, 0.0, 1.0, 1.0, 1.0, 1.0, 0.0, 1.0, 1.0, 1.0, 1.0, 0.0, 1.0, 0.0, 0.0]
/mnt/data/user_liangzhiyu/envs/fedcsl/lib/python3.8/site-packages/sklearn/utils/validation.py:63: RuntimeWarning:  Orthogonal matching pursuit ended prematurely due to linear
dependence in the dictionary. The requested precision might not have been met.

  return f(*args, **kwargs)
稀疏向量: [ 0.25059025  0.          0.          0.         -0.07663992  0.
  0.          0.          0.          0.          0.53168982  0.29432026
  0.          0.          0.          0.          0.          0.
  0.          0.          0.          0.          0.          0.
  0.          0.          0.          0.          0.          0.        ]
更新后概率: [0.22581437 0.00837043 0.00837043 0.00837043 0.06906252 0.00837043
 0.00837043 0.00837043 0.00837043 0.00837043 0.4791216  0.00837043
 0.00837043 0.00837043 0.00837043 0.00837043 0.00837043 0.00837043
 0.00837043 0.00837043 0.00837043 0.00837043 0.00837043 0.00837043
 0.00837043 0.00837043 0.00837043 0.00837043 0.00837043 0.00837043]
Classification: 0.9996599217820099 0.9392602646759416 382
本轮采样概率阵: [0.22581437 0.00837043 0.00837043 0.00837043 0.06906252 0.00837043
 0.00837043 0.00837043 0.00837043 0.00837043 0.4791216  0.00837043
 0.00837043 0.00837043 0.00837043 0.00837043 0.00837043 0.00837043
 0.00837043 0.00837043 0.00837043 0.00837043 0.00837043 0.00837043
 0.00837043 0.00837043 0.00837043 0.00837043 0.00837043 0.00837043]
客户端选择掩码: [1.0, 1.0, 0.0, 1.0, 1.0, 1.0, 1.0, 1.0, 0.0, 1.0, 1.0, 1.0, 1.0, 0.0, 1.0, 0.0, 1.0, 1.0, 0.0, 1.0, 1.0, 0.0, 0.0, 0.0, 1.0, 0.0, 1.0, 1.0, 1.0, 1.0]
/mnt/data/user_liangzhiyu/envs/fedcsl/lib/python3.8/site-packages/sklearn/utils/validation.py:63: RuntimeWarning:  Orthogonal matching pursuit ended prematurely due to linear
dependence in the dictionary. The requested precision might not have been met.

  return f(*args, **kwargs)
稀疏向量: [-0.32022425  0.          0.          0.          0.          0.
  0.          0.          0.          0.          0.          0.66121117
  0.          0.          0.          0.          0.          0.
  0.          0.          0.          0.          0.          0.65695996
  0.          0.          0.          0.          0.          0.        ]
更新后概率: [0.25044405 0.00830106 0.00830106 0.00830106 0.00830106 0.00830106
 0.00830106 0.00830106 0.00830106 0.00830106 0.00830106 0.51712637
 0.00830106 0.00830106 0.00830106 0.00830106 0.00830106 0.00830106
 0.00830106 0.00830106 0.00830106 0.00830106 0.00830106 0.00830106
 0.00830106 0.00830106 0.00830106 0.00830106 0.00830106 0.00830106]
Classification: 0.9996599217820099 0.9395995928062436 383
本轮采样概率阵: [0.25044405 0.00830106 0.00830106 0.00830106 0.00830106 0.00830106
 0.00830106 0.00830106 0.00830106 0.00830106 0.00830106 0.51712637
 0.00830106 0.00830106 0.00830106 0.00830106 0.00830106 0.00830106
 0.00830106 0.00830106 0.00830106 0.00830106 0.00830106 0.00830106
 0.00830106 0.00830106 0.00830106 0.00830106 0.00830106 0.00830106]
客户端选择掩码: [1.0, 0.0, 1.0, 0.0, 0.0, 1.0, 1.0, 1.0, 1.0, 1.0, 1.0, 1.0, 1.0, 1.0, 1.0, 1.0, 1.0, 0.0, 0.0, 1.0, 1.0, 1.0, 0.0, 1.0, 0.0, 0.0, 1.0, 1.0, 1.0, 0.0]
/mnt/data/user_liangzhiyu/envs/fedcsl/lib/python3.8/site-packages/sklearn/utils/validation.py:63: RuntimeWarning:  Orthogonal matching pursuit ended prematurely due to linear
dependence in the dictionary. The requested precision might not have been met.

  return f(*args, **kwargs)
稀疏向量: [ 0.07335406  0.          0.          0.         -0.33560039  0.
  0.          0.          0.          0.          0.          0.
  0.          0.          0.          0.          0.          0.
  0.          0.          0.          0.          0.          0.
  0.          0.          0.          1.26141636  0.          0.        ]
更新后概率: [0.04218946 0.00829676 0.00829676 0.00829676 0.00829676 0.00829676
 0.00829676 0.00829676 0.00829676 0.00829676 0.00829676 0.00829676
 0.00829676 0.00829676 0.00829676 0.00829676 0.00829676 0.00829676
 0.00829676 0.00829676 0.00829676 0.00829676 0.00829676 0.00829676
 0.00829676 0.00829676 0.00829676 0.72550137 0.00829676 0.00829676]
Classification: 0.9996599217820099 0.9395995928062436 384
本轮采样概率阵: [0.04218946 0.00829676 0.00829676 0.00829676 0.00829676 0.00829676
 0.00829676 0.00829676 0.00829676 0.00829676 0.00829676 0.00829676
 0.00829676 0.00829676 0.00829676 0.00829676 0.00829676 0.00829676
 0.00829676 0.00829676 0.00829676 0.00829676 0.00829676 0.00829676
 0.00829676 0.00829676 0.00829676 0.72550137 0.00829676 0.00829676]
客户端选择掩码: [1.0, 0.0, 0.0, 1.0, 1.0, 0.0, 0.0, 1.0, 0.0, 1.0, 1.0, 1.0, 1.0, 1.0, 1.0, 0.0, 1.0, 1.0, 1.0, 1.0, 1.0, 1.0, 0.0, 0.0, 1.0, 1.0, 0.0, 1.0, 1.0, 1.0]
/mnt/data/user_liangzhiyu/envs/fedcsl/lib/python3.8/site-packages/sklearn/utils/validation.py:63: RuntimeWarning:  Orthogonal matching pursuit ended prematurely due to linear
dependence in the dictionary. The requested precision might not have been met.

  return f(*args, **kwargs)
稀疏向量: [-0.19053164  0.          0.          0.         -0.23065877  0.
  0.          0.          0.          0.          0.          0.
  0.          0.          0.          0.          0.          0.
  0.          0.         -2.24478977  0.          0.          0.
  3.66966726  0.          0.          0.          0.          0.        ]
更新后概率: [0.0234765  0.00843648 0.00843648 0.00843648 0.0284208  0.00843648
 0.00843648 0.00843648 0.00843648 0.00843648 0.00843648 0.00843648
 0.00843648 0.00843648 0.00843648 0.00843648 0.00843648 0.00843648
 0.00843648 0.00843648 0.27659349 0.00843648 0.00843648 0.00843648
 0.45216086 0.00843648 0.00843648 0.00843648 0.00843648 0.00843648]
Classification: 0.9993198435640197 0.9399389209365456 385
本轮采样概率阵: [0.0234765  0.00843648 0.00843648 0.00843648 0.0284208  0.00843648
 0.00843648 0.00843648 0.00843648 0.00843648 0.00843648 0.00843648
 0.00843648 0.00843648 0.00843648 0.00843648 0.00843648 0.00843648
 0.00843648 0.00843648 0.27659349 0.00843648 0.00843648 0.00843648
 0.45216086 0.00843648 0.00843648 0.00843648 0.00843648 0.00843648]
客户端选择掩码: [1.0, 1.0, 1.0, 1.0, 1.0, 1.0, 1.0, 0.0, 1.0, 0.0, 1.0, 1.0, 1.0, 0.0, 1.0, 1.0, 0.0, 0.0, 1.0, 1.0, 1.0, 1.0, 1.0, 0.0, 1.0, 0.0, 0.0, 1.0, 0.0, 1.0]
/mnt/data/user_liangzhiyu/envs/fedcsl/lib/python3.8/site-packages/sklearn/utils/validation.py:63: RuntimeWarning:  Orthogonal matching pursuit ended prematurely due to linear
dependence in the dictionary. The requested precision might not have been met.

  return f(*args, **kwargs)
稀疏向量: [-0.6095893   0.          0.          0.          0.          0.
  0.          0.          0.          0.          0.          0.
  0.          0.61135149  0.          0.9990703   0.          0.
  0.          0.          0.          0.          0.          0.
  0.          0.          0.          0.          0.          0.        ]
更新后概率: [0.29082149 0.00830515 0.00830515 0.00830515 0.00830515 0.00830515
 0.00830515 0.00830515 0.00830515 0.00830515 0.00830515 0.00830515
 0.00830515 0.00830515 0.00830515 0.4766342  0.00830515 0.00830515
 0.00830515 0.00830515 0.00830515 0.00830515 0.00830515 0.00830515
 0.00830515 0.00830515 0.00830515 0.00830515 0.00830515 0.00830515]
Classification: 0.9996599217820099 0.9406175771971497 386
本轮采样概率阵: [0.29082149 0.00830515 0.00830515 0.00830515 0.00830515 0.00830515
 0.00830515 0.00830515 0.00830515 0.00830515 0.00830515 0.00830515
 0.00830515 0.00830515 0.00830515 0.4766342  0.00830515 0.00830515
 0.00830515 0.00830515 0.00830515 0.00830515 0.00830515 0.00830515
 0.00830515 0.00830515 0.00830515 0.00830515 0.00830515 0.00830515]
客户端选择掩码: [1.0, 1.0, 1.0, 1.0, 0.0, 0.0, 0.0, 1.0, 0.0, 1.0, 1.0, 1.0, 1.0, 0.0, 1.0, 1.0, 1.0, 1.0, 0.0, 0.0, 0.0, 1.0, 1.0, 1.0, 1.0, 1.0, 1.0, 1.0, 1.0, 0.0]
/mnt/data/user_liangzhiyu/envs/fedcsl/lib/python3.8/site-packages/sklearn/utils/validation.py:63: RuntimeWarning:  Orthogonal matching pursuit ended prematurely due to linear
dependence in the dictionary. The requested precision might not have been met.

  return f(*args, **kwargs)
稀疏向量: [-0.68528798  0.          0.          0.         -0.35769898  0.
  0.          0.          0.          0.          0.          3.19449709
  0.          0.          0.          0.          0.          0.
 -1.15050937  0.          0.          0.          0.          0.
  0.          0.          0.          0.          0.          0.        ]
更新后概率: [0.13559628 0.00829701 0.00829701 0.00829701 0.00829701 0.00829701
 0.00829701 0.00829701 0.00829701 0.00829701 0.00829701 0.63208746
 0.00829701 0.00829701 0.00829701 0.00829701 0.00829701 0.00829701
 0.00829701 0.00829701 0.00829701 0.00829701 0.00829701 0.00829701
 0.00829701 0.00829701 0.00829701 0.00829701 0.00829701 0.00829701]
Classification: 0.9996599217820099 0.9406175771971497 387
本轮采样概率阵: [0.13559628 0.00829701 0.00829701 0.00829701 0.00829701 0.00829701
 0.00829701 0.00829701 0.00829701 0.00829701 0.00829701 0.63208746
 0.00829701 0.00829701 0.00829701 0.00829701 0.00829701 0.00829701
 0.00829701 0.00829701 0.00829701 0.00829701 0.00829701 0.00829701
 0.00829701 0.00829701 0.00829701 0.00829701 0.00829701 0.00829701]
客户端选择掩码: [1.0, 1.0, 0.0, 0.0, 1.0, 1.0, 1.0, 1.0, 0.0, 0.0, 1.0, 1.0, 1.0, 1.0, 1.0, 1.0, 0.0, 1.0, 1.0, 1.0, 1.0, 1.0, 1.0, 0.0, 0.0, 1.0, 0.0, 0.0, 1.0, 1.0]
/mnt/data/user_liangzhiyu/envs/fedcsl/lib/python3.8/site-packages/sklearn/utils/validation.py:63: RuntimeWarning:  Orthogonal matching pursuit ended prematurely due to linear
dependence in the dictionary. The requested precision might not have been met.

  return f(*args, **kwargs)
稀疏向量: [-0.04934668  0.          0.          0.         -0.01559167  0.
  0.          0.          0.55088344  0.          0.          0.
  0.          0.          0.          0.          0.          0.
  0.          0.          0.          0.          0.          0.
  0.51542577  0.          0.          0.          0.          0.        ]
更新后概率: [0.58337359 0.00829652 0.00829652 0.00829652 0.18432377 0.00829652
 0.00829652 0.00829652 0.00829652 0.00829652 0.00829652 0.00829652
 0.00829652 0.00829652 0.00829652 0.00829652 0.00829652 0.00829652
 0.00829652 0.00829652 0.00829652 0.00829652 0.00829652 0.00829652
 0.00829652 0.00829652 0.00829652 0.00829652 0.00829652 0.00829652]
Classification: 0.9996599217820099 0.9402782490668476 388
本轮采样概率阵: [0.58337359 0.00829652 0.00829652 0.00829652 0.18432377 0.00829652
 0.00829652 0.00829652 0.00829652 0.00829652 0.00829652 0.00829652
 0.00829652 0.00829652 0.00829652 0.00829652 0.00829652 0.00829652
 0.00829652 0.00829652 0.00829652 0.00829652 0.00829652 0.00829652
 0.00829652 0.00829652 0.00829652 0.00829652 0.00829652 0.00829652]
客户端选择掩码: [1.0, 0.0, 1.0, 1.0, 1.0, 0.0, 1.0, 0.0, 0.0, 0.0, 1.0, 1.0, 0.0, 1.0, 1.0, 1.0, 1.0, 1.0, 1.0, 0.0, 1.0, 1.0, 1.0, 1.0, 1.0, 1.0, 0.0, 0.0, 1.0, 1.0]
/mnt/data/user_liangzhiyu/envs/fedcsl/lib/python3.8/site-packages/sklearn/utils/validation.py:63: RuntimeWarning:  Orthogonal matching pursuit ended prematurely due to linear
dependence in the dictionary. The requested precision might not have been met.

  return f(*args, **kwargs)
稀疏向量: [ 0.08694747  0.          0.          0.         -0.24662142  0.
  0.          0.          0.          0.          0.          0.
  0.          0.          0.          0.          0.          0.
  0.          0.          0.          0.          0.          0.
  0.          0.          0.          1.15895222  0.          0.        ]
更新后概率: [0.20010695 0.00829648 0.00829648 0.00829648 0.56759167 0.00829648
 0.00829648 0.00829648 0.00829648 0.00829648 0.00829648 0.00829648
 0.00829648 0.00829648 0.00829648 0.00829648 0.00829648 0.00829648
 0.00829648 0.00829648 0.00829648 0.00829648 0.00829648 0.00829648
 0.00829648 0.00829648 0.00829648 0.00829648 0.00829648 0.00829648]
Classification: 0.9996599217820099 0.9402782490668476 389
本轮采样概率阵: [0.20010695 0.00829648 0.00829648 0.00829648 0.56759167 0.00829648
 0.00829648 0.00829648 0.00829648 0.00829648 0.00829648 0.00829648
 0.00829648 0.00829648 0.00829648 0.00829648 0.00829648 0.00829648
 0.00829648 0.00829648 0.00829648 0.00829648 0.00829648 0.00829648
 0.00829648 0.00829648 0.00829648 0.00829648 0.00829648 0.00829648]
客户端选择掩码: [1.0, 0.0, 0.0, 0.0, 1.0, 1.0, 1.0, 1.0, 1.0, 1.0, 1.0, 1.0, 0.0, 1.0, 1.0, 0.0, 0.0, 1.0, 1.0, 0.0, 1.0, 1.0, 0.0, 1.0, 1.0, 1.0, 1.0, 1.0, 0.0, 1.0]
/mnt/data/user_liangzhiyu/envs/fedcsl/lib/python3.8/site-packages/sklearn/utils/validation.py:63: RuntimeWarning:  Orthogonal matching pursuit ended prematurely due to linear
dependence in the dictionary. The requested precision might not have been met.

  return f(*args, **kwargs)
稀疏向量: [ 0.          0.          0.          0.         -1.49355236  0.
  0.          0.          0.          0.          0.          0.
  0.          0.          0.          0.          0.          0.
  0.          0.          3.00279755  0.         -0.50816727  0.
  0.          0.          0.          0.          0.          0.        ]
更新后概率: [0.00829647 0.00829647 0.00829647 0.00829647 0.25500648 0.00829647
 0.00829647 0.00829647 0.00829647 0.00829647 0.00829647 0.00829647
 0.00829647 0.00829647 0.00829647 0.00829647 0.00829647 0.00829647
 0.00829647 0.00829647 0.51269232 0.00829647 0.00829647 0.00829647
 0.00829647 0.00829647 0.00829647 0.00829647 0.00829647 0.00829647]
Classification: 0.977724876721646 0.9426535459789617 390
本轮采样概率阵: [0.00829647 0.00829647 0.00829647 0.00829647 0.25500648 0.00829647
 0.00829647 0.00829647 0.00829647 0.00829647 0.00829647 0.00829647
 0.00829647 0.00829647 0.00829647 0.00829647 0.00829647 0.00829647
 0.00829647 0.00829647 0.51269232 0.00829647 0.00829647 0.00829647
 0.00829647 0.00829647 0.00829647 0.00829647 0.00829647 0.00829647]
客户端选择掩码: [1.0, 0.0, 1.0, 0.0, 1.0, 0.0, 1.0, 1.0, 1.0, 1.0, 1.0, 1.0, 0.0, 1.0, 0.0, 1.0, 1.0, 0.0, 1.0, 0.0, 1.0, 0.0, 1.0, 1.0, 1.0, 0.0, 1.0, 1.0, 1.0, 1.0]
/mnt/data/user_liangzhiyu/envs/fedcsl/lib/python3.8/site-packages/sklearn/utils/validation.py:63: RuntimeWarning:  Orthogonal matching pursuit ended prematurely due to linear
dependence in the dictionary. The requested precision might not have been met.

  return f(*args, **kwargs)
稀疏向量: [ 0.          0.          0.          0.         -0.15424609  0.
  0.          0.          0.          0.          0.          0.73243258
 -0.27973684  0.          0.70125622  0.          0.          0.
  0.          0.          0.          0.          0.          0.
  0.          0.          0.          0.          0.          0.        ]
更新后概率: [0.00829647 0.00829647 0.00829647 0.00829647 0.13354842 0.00829647
 0.00829647 0.00829647 0.00829647 0.00829647 0.00829647 0.63415035
 0.00829647 0.00829647 0.00829647 0.00829647 0.00829647 0.00829647
 0.00829647 0.00829647 0.00829647 0.00829647 0.00829647 0.00829647
 0.00829647 0.00829647 0.00829647 0.00829647 0.00829647 0.00829647]
Classification: 0.9996599217820099 0.9395995928062436 391
本轮采样概率阵: [0.00829647 0.00829647 0.00829647 0.00829647 0.13354842 0.00829647
 0.00829647 0.00829647 0.00829647 0.00829647 0.00829647 0.63415035
 0.00829647 0.00829647 0.00829647 0.00829647 0.00829647 0.00829647
 0.00829647 0.00829647 0.00829647 0.00829647 0.00829647 0.00829647
 0.00829647 0.00829647 0.00829647 0.00829647 0.00829647 0.00829647]
客户端选择掩码: [1.0, 1.0, 1.0, 1.0, 1.0, 0.0, 1.0, 1.0, 1.0, 1.0, 1.0, 1.0, 1.0, 1.0, 0.0, 0.0, 0.0, 0.0, 0.0, 0.0, 1.0, 1.0, 1.0, 1.0, 1.0, 0.0, 1.0, 1.0, 0.0, 1.0]
/mnt/data/user_liangzhiyu/envs/fedcsl/lib/python3.8/site-packages/sklearn/utils/validation.py:63: RuntimeWarning:  Orthogonal matching pursuit ended prematurely due to linear
dependence in the dictionary. The requested precision might not have been met.

  return f(*args, **kwargs)
稀疏向量: [ 0.05101256  0.          0.          0.         -0.06806711  0.
  0.          0.          0.          0.          0.          0.
  0.          0.          0.          0.          0.          0.
  0.          0.          0.          0.          0.          0.
  0.65768441  0.          0.36037137  0.          0.          0.        ]
更新后概率: [0.03502051 0.00843646 0.00843646 0.00843646 0.04672859 0.00843646
 0.00843646 0.00843646 0.00843646 0.00843646 0.00843646 0.00843646
 0.00843646 0.00843646 0.00843646 0.00843646 0.00843646 0.00843646
 0.00843646 0.00843646 0.00843646 0.00843646 0.00843646 0.00843646
 0.45150533 0.00843646 0.24739767 0.00843646 0.00843646 0.00843646]
Classification: 0.9996599217820099 0.9399389209365456 392
本轮采样概率阵: [0.03502051 0.00843646 0.00843646 0.00843646 0.04672859 0.00843646
 0.00843646 0.00843646 0.00843646 0.00843646 0.00843646 0.00843646
 0.00843646 0.00843646 0.00843646 0.00843646 0.00843646 0.00843646
 0.00843646 0.00843646 0.00843646 0.00843646 0.00843646 0.00843646
 0.45150533 0.00843646 0.24739767 0.00843646 0.00843646 0.00843646]
客户端选择掩码: [1.0, 1.0, 1.0, 0.0, 1.0, 1.0, 0.0, 0.0, 1.0, 0.0, 1.0, 0.0, 1.0, 1.0, 1.0, 1.0, 1.0, 1.0, 0.0, 0.0, 1.0, 1.0, 0.0, 0.0, 1.0, 1.0, 1.0, 1.0, 1.0, 1.0]
/mnt/data/user_liangzhiyu/envs/fedcsl/lib/python3.8/site-packages/sklearn/utils/validation.py:63: RuntimeWarning:  Orthogonal matching pursuit ended prematurely due to linear
dependence in the dictionary. The requested precision might not have been met.

  return f(*args, **kwargs)
稀疏向量: [0.24239877 0.         0.         0.         0.         0.
 0.         0.         0.         0.         0.         0.
 0.28682074 0.         0.         0.         0.         0.
 0.         0.         0.47063503 0.         0.         0.
 0.         0.         0.         0.         0.         0.        ]
更新后概率: [0.18761556 0.00837471 0.00837471 0.00837471 0.00837471 0.00837471
 0.00837471 0.00837471 0.00837471 0.00837471 0.00837471 0.00837471
 0.22199797 0.00837471 0.00837471 0.00837471 0.00837471 0.00837471
 0.00837471 0.00837471 0.3642694  0.00837471 0.00837471 0.00837471
 0.00837471 0.00837471 0.00837471 0.00837471 0.00837471 0.00837471]
Classification: 0.9994898826730148 0.9395995928062436 393
本轮采样概率阵: [0.18761556 0.00837471 0.00837471 0.00837471 0.00837471 0.00837471
 0.00837471 0.00837471 0.00837471 0.00837471 0.00837471 0.00837471
 0.22199797 0.00837471 0.00837471 0.00837471 0.00837471 0.00837471
 0.00837471 0.00837471 0.3642694  0.00837471 0.00837471 0.00837471
 0.00837471 0.00837471 0.00837471 0.00837471 0.00837471 0.00837471]
客户端选择掩码: [1.0, 1.0, 1.0, 1.0, 1.0, 1.0, 1.0, 1.0, 0.0, 1.0, 0.0, 0.0, 1.0, 0.0, 0.0, 0.0, 1.0, 1.0, 1.0, 0.0, 1.0, 1.0, 1.0, 1.0, 1.0, 1.0, 0.0, 1.0, 1.0, 0.0]
/mnt/data/user_liangzhiyu/envs/fedcsl/lib/python3.8/site-packages/sklearn/utils/validation.py:63: RuntimeWarning:  Orthogonal matching pursuit ended prematurely due to linear
dependence in the dictionary. The requested precision might not have been met.

  return f(*args, **kwargs)
稀疏向量: [ 1.7023263   0.          0.          0.         -3.41596634  0.
  0.          0.          0.          0.          0.         -4.49431425
  0.          0.          0.          0.          0.          0.
  0.          0.          0.          7.19166299  0.          0.
  0.          0.          0.          0.          0.          0.        ]
更新后概率: [0.10703372 0.00837081 0.00837081 0.00837081 0.2147788  0.00837081
 0.00837081 0.00837081 0.00837081 0.00837081 0.00837081 0.00837081
 0.00837081 0.00837081 0.00837081 0.00837081 0.00837081 0.00837081
 0.00837081 0.00837081 0.00837081 0.45217563 0.00837081 0.00837081
 0.00837081 0.00837081 0.00837081 0.00837081 0.00837081 0.00837081]
Classification: 0.9996599217820099 0.9402782490668476 394
本轮采样概率阵: [0.10703372 0.00837081 0.00837081 0.00837081 0.2147788  0.00837081
 0.00837081 0.00837081 0.00837081 0.00837081 0.00837081 0.00837081
 0.00837081 0.00837081 0.00837081 0.00837081 0.00837081 0.00837081
 0.00837081 0.00837081 0.00837081 0.45217563 0.00837081 0.00837081
 0.00837081 0.00837081 0.00837081 0.00837081 0.00837081 0.00837081]
客户端选择掩码: [1.0, 1.0, 1.0, 0.0, 1.0, 0.0, 1.0, 0.0, 1.0, 0.0, 1.0, 0.0, 1.0, 0.0, 1.0, 0.0, 1.0, 0.0, 1.0, 1.0, 1.0, 1.0, 0.0, 1.0, 1.0, 1.0, 1.0, 1.0, 1.0, 1.0]
/mnt/data/user_liangzhiyu/envs/fedcsl/lib/python3.8/site-packages/sklearn/utils/validation.py:63: RuntimeWarning:  Orthogonal matching pursuit ended prematurely due to linear
dependence in the dictionary. The requested precision might not have been met.

  return f(*args, **kwargs)
稀疏向量: [ 0.0812225   0.          0.          0.         -0.42034206  0.
  0.          0.          0.          0.          0.          0.
  0.          0.          0.          0.          0.          0.
  0.          0.          0.          0.          0.          0.
  0.          0.          0.          1.33823176  0.          0.        ]
更新后概率: [0.03416997 0.00837056 0.00837056 0.00837056 0.17683618 0.00837056
 0.00837056 0.00837056 0.00837056 0.00837056 0.00837056 0.00837056
 0.00837056 0.00837056 0.00837056 0.00837056 0.00837056 0.00837056
 0.00837056 0.00837056 0.00837056 0.00837056 0.00837056 0.00837056
 0.00837056 0.00837056 0.00837056 0.56298862 0.00837056 0.00837056]
Classification: 0.9996599217820099 0.9402782490668476 395
本轮采样概率阵: [0.03416997 0.00837056 0.00837056 0.00837056 0.17683618 0.00837056
 0.00837056 0.00837056 0.00837056 0.00837056 0.00837056 0.00837056
 0.00837056 0.00837056 0.00837056 0.00837056 0.00837056 0.00837056
 0.00837056 0.00837056 0.00837056 0.00837056 0.00837056 0.00837056
 0.00837056 0.00837056 0.00837056 0.56298862 0.00837056 0.00837056]
客户端选择掩码: [1.0, 1.0, 1.0, 0.0, 1.0, 1.0, 1.0, 1.0, 1.0, 0.0, 0.0, 1.0, 1.0, 1.0, 1.0, 1.0, 1.0, 1.0, 1.0, 0.0, 0.0, 0.0, 1.0, 1.0, 1.0, 1.0, 0.0, 1.0, 0.0, 0.0]
/mnt/data/user_liangzhiyu/envs/fedcsl/lib/python3.8/site-packages/sklearn/utils/validation.py:63: RuntimeWarning:  Orthogonal matching pursuit ended prematurely due to linear
dependence in the dictionary. The requested precision might not have been met.

  return f(*args, **kwargs)
稀疏向量: [ 0.05286057  0.          0.          0.         -0.29749173  0.
  0.          0.          0.          0.          0.          0.
  0.          0.          0.          0.          0.          0.
  0.          0.          0.          0.          0.          0.
  0.          1.24636409  0.          0.          0.          0.        ]
更新后概率: [0.02562373 0.00837055 0.00837055 0.00837055 0.14420668 0.00837055
 0.00837055 0.00837055 0.00837055 0.00837055 0.00837055 0.00837055
 0.00837055 0.00837055 0.00837055 0.00837055 0.00837055 0.00837055
 0.00837055 0.00837055 0.00837055 0.00837055 0.00837055 0.00837055
 0.00837055 0.60416478 0.00837055 0.00837055 0.00837055 0.00837055]
Classification: 0.999829960891005 0.9406175771971497 396
本轮采样概率阵: [0.02562373 0.00837055 0.00837055 0.00837055 0.14420668 0.00837055
 0.00837055 0.00837055 0.00837055 0.00837055 0.00837055 0.00837055
 0.00837055 0.00837055 0.00837055 0.00837055 0.00837055 0.00837055
 0.00837055 0.00837055 0.00837055 0.00837055 0.00837055 0.00837055
 0.00837055 0.60416478 0.00837055 0.00837055 0.00837055 0.00837055]
客户端选择掩码: [1.0, 1.0, 0.0, 1.0, 1.0, 1.0, 1.0, 1.0, 0.0, 0.0, 1.0, 1.0, 0.0, 1.0, 0.0, 1.0, 1.0, 0.0, 1.0, 1.0, 0.0, 1.0, 1.0, 0.0, 1.0, 1.0, 1.0, 1.0, 1.0, 0.0]
/mnt/data/user_liangzhiyu/envs/fedcsl/lib/python3.8/site-packages/sklearn/utils/validation.py:63: RuntimeWarning:  Orthogonal matching pursuit ended prematurely due to linear
dependence in the dictionary. The requested precision might not have been met.

  return f(*args, **kwargs)
稀疏向量: [-0.02025819  0.          0.          0.          0.          0.
  0.          0.          0.          0.          0.          0.
  0.          0.          0.          0.          0.          0.
  0.          1.01617293  0.          0.          0.          0.
  0.          0.          0.          0.          0.          0.        ]
更新后概率: [0.01500301 0.00830106 0.00830106 0.00830106 0.00830106 0.00830106
 0.00830106 0.00830106 0.00830106 0.00830106 0.00830106 0.00830106
 0.00830106 0.00830106 0.00830106 0.00830106 0.00830106 0.00830106
 0.00830106 0.75256721 0.00830106 0.00830106 0.00830106 0.00830106
 0.00830106 0.00830106 0.00830106 0.00830106 0.00830106 0.00830106]
Classification: 0.9996599217820099 0.9399389209365456 397
本轮采样概率阵: [0.01500301 0.00830106 0.00830106 0.00830106 0.00830106 0.00830106
 0.00830106 0.00830106 0.00830106 0.00830106 0.00830106 0.00830106
 0.00830106 0.00830106 0.00830106 0.00830106 0.00830106 0.00830106
 0.00830106 0.75256721 0.00830106 0.00830106 0.00830106 0.00830106
 0.00830106 0.00830106 0.00830106 0.00830106 0.00830106 0.00830106]
客户端选择掩码: [1.0, 0.0, 1.0, 1.0, 1.0, 1.0, 0.0, 1.0, 1.0, 1.0, 0.0, 1.0, 1.0, 1.0, 0.0, 1.0, 1.0, 1.0, 1.0, 1.0, 1.0, 0.0, 0.0, 0.0, 0.0, 1.0, 0.0, 1.0, 1.0, 1.0]
/mnt/data/user_liangzhiyu/envs/fedcsl/lib/python3.8/site-packages/sklearn/utils/validation.py:63: RuntimeWarning:  Orthogonal matching pursuit ended prematurely due to linear
dependence in the dictionary. The requested precision might not have been met.

  return f(*args, **kwargs)
稀疏向量: [ 0.          0.          0.          0.         -0.21339245  0.
  0.          0.          0.          1.17227078  0.          0.
  0.          0.          0.          0.          0.          0.
  0.          0.          0.          0.          0.04262714  0.
  0.          0.          0.          0.          0.          0.        ]
更新后概率: [0.00829676 0.00829676 0.00829676 0.00829676 0.11822456 0.00829676
 0.00829676 0.00829676 0.00829676 0.64946626 0.00829676 0.00829676
 0.00829676 0.00829676 0.00829676 0.00829676 0.00829676 0.00829676
 0.00829676 0.00829676 0.00829676 0.00829676 0.00829676 0.00829676
 0.00829676 0.00829676 0.00829676 0.00829676 0.00829676 0.00829676]
Classification: 0.9996599217820099 0.9395995928062436 398
本轮采样概率阵: [0.00829676 0.00829676 0.00829676 0.00829676 0.11822456 0.00829676
 0.00829676 0.00829676 0.00829676 0.64946626 0.00829676 0.00829676
 0.00829676 0.00829676 0.00829676 0.00829676 0.00829676 0.00829676
 0.00829676 0.00829676 0.00829676 0.00829676 0.00829676 0.00829676
 0.00829676 0.00829676 0.00829676 0.00829676 0.00829676 0.00829676]
客户端选择掩码: [0.0, 1.0, 1.0, 0.0, 1.0, 1.0, 1.0, 0.0, 0.0, 1.0, 1.0, 0.0, 1.0, 1.0, 1.0, 1.0, 1.0, 0.0, 1.0, 0.0, 1.0, 1.0, 1.0, 1.0, 1.0, 1.0, 0.0, 1.0, 1.0, 0.0]
/mnt/data/user_liangzhiyu/envs/fedcsl/lib/python3.8/site-packages/sklearn/utils/validation.py:63: RuntimeWarning:  Orthogonal matching pursuit ended prematurely due to linear
dependence in the dictionary. The requested precision might not have been met.

  return f(*args, **kwargs)
稀疏向量: [-0.42187393  0.          0.          0.11895984  0.04862703  0.
  0.          0.          0.          0.          0.          0.
  0.          0.          0.          0.          0.          0.
  0.          0.          0.          0.          0.          0.
  0.          0.          0.          0.          1.25637094  0.        ]
更新后概率: [0.00829649 0.00829649 0.00829649 0.00829649 0.02860609 0.00829649
 0.00829649 0.00829649 0.00829649 0.00829649 0.00829649 0.00829649
 0.00829649 0.00829649 0.00829649 0.00829649 0.00829649 0.00829649
 0.00829649 0.00829649 0.00829649 0.00829649 0.00829649 0.00829649
 0.00829649 0.00829649 0.00829649 0.00829649 0.7390922  0.00829649]
Classification: 0.9994898826730148 0.9399389209365456 399
本轮采样概率阵: [0.00829649 0.00829649 0.00829649 0.00829649 0.02860609 0.00829649
 0.00829649 0.00829649 0.00829649 0.00829649 0.00829649 0.00829649
 0.00829649 0.00829649 0.00829649 0.00829649 0.00829649 0.00829649
 0.00829649 0.00829649 0.00829649 0.00829649 0.00829649 0.00829649
 0.00829649 0.00829649 0.00829649 0.00829649 0.7390922  0.00829649]
客户端选择掩码: [0.0, 0.0, 1.0, 0.0, 1.0, 1.0, 1.0, 1.0, 1.0, 1.0, 1.0, 1.0, 1.0, 1.0, 0.0, 0.0, 0.0, 0.0, 1.0, 1.0, 0.0, 1.0, 1.0, 0.0, 1.0, 1.0, 1.0, 1.0, 1.0, 1.0]
/mnt/data/user_liangzhiyu/envs/fedcsl/lib/python3.8/site-packages/sklearn/utils/validation.py:63: RuntimeWarning:  Orthogonal matching pursuit ended prematurely due to linear
dependence in the dictionary. The requested precision might not have been met.

  return f(*args, **kwargs)
稀疏向量: [0.1578546  0.         0.         0.         0.         0.
 0.         0.         0.         0.         0.         0.
 0.27323934 0.         0.         0.         0.         0.
 0.         0.         0.56876806 0.         0.         0.
 0.         0.         0.         0.         0.         0.        ]
更新后概率: [0.00822821 0.00822821 0.00822821 0.00822821 0.00822821 0.00822821
 0.00822821 0.00822821 0.00822821 0.00822821 0.00822821 0.00822821
 0.76138186 0.00822821 0.00822821 0.00822821 0.00822821 0.00822821
 0.00822821 0.00822821 0.00822821 0.00822821 0.00822821 0.00822821
 0.00822821 0.00822821 0.00822821 0.00822821 0.00822821 0.00822821]
Classification: 0.9994898826730148 0.9395995928062436 400
本轮采样概率阵: [0.00822821 0.00822821 0.00822821 0.00822821 0.00822821 0.00822821
 0.00822821 0.00822821 0.00822821 0.00822821 0.00822821 0.00822821
 0.76138186 0.00822821 0.00822821 0.00822821 0.00822821 0.00822821
 0.00822821 0.00822821 0.00822821 0.00822821 0.00822821 0.00822821
 0.00822821 0.00822821 0.00822821 0.00822821 0.00822821 0.00822821]
客户端选择掩码: [0.0, 1.0, 1.0, 0.0, 1.0, 1.0, 1.0, 1.0, 0.0, 1.0, 1.0, 1.0, 1.0, 0.0, 1.0, 1.0, 1.0, 1.0, 1.0, 1.0, 1.0, 0.0, 1.0, 0.0, 0.0, 0.0, 0.0, 1.0, 1.0, 1.0]
/mnt/data/user_liangzhiyu/envs/fedcsl/lib/python3.8/site-packages/sklearn/utils/validation.py:63: RuntimeWarning:  Orthogonal matching pursuit ended prematurely due to linear
dependence in the dictionary. The requested precision might not have been met.

  return f(*args, **kwargs)
稀疏向量: [ 0.13190035  0.          0.          0.         -0.19333349  1.06028095
  0.          0.          0.          0.          0.          0.
  0.          0.          0.          0.          0.          0.
  0.          0.          0.          0.          0.          0.
  0.          0.          0.          0.          0.          0.        ]
更新后概率: [0.00829225 0.00829225 0.00829225 0.00829225 0.11841341 0.64940371
 0.00829225 0.00829225 0.00829225 0.00829225 0.00829225 0.00829225
 0.00829225 0.00829225 0.00829225 0.00829225 0.00829225 0.00829225
 0.00829225 0.00829225 0.00829225 0.00829225 0.00829225 0.00829225
 0.00829225 0.00829225 0.00829225 0.00829225 0.00829225 0.00829225]
Classification: 0.9996599217820099 0.9399389209365456 401
本轮采样概率阵: [0.00829225 0.00829225 0.00829225 0.00829225 0.11841341 0.64940371
 0.00829225 0.00829225 0.00829225 0.00829225 0.00829225 0.00829225
 0.00829225 0.00829225 0.00829225 0.00829225 0.00829225 0.00829225
 0.00829225 0.00829225 0.00829225 0.00829225 0.00829225 0.00829225
 0.00829225 0.00829225 0.00829225 0.00829225 0.00829225 0.00829225]
客户端选择掩码: [1.0, 1.0, 1.0, 0.0, 1.0, 1.0, 1.0, 0.0, 1.0, 1.0, 1.0, 0.0, 0.0, 0.0, 1.0, 0.0, 1.0, 0.0, 1.0, 0.0, 1.0, 1.0, 1.0, 1.0, 1.0, 1.0, 0.0, 1.0, 1.0, 1.0]
/mnt/data/user_liangzhiyu/envs/fedcsl/lib/python3.8/site-packages/sklearn/utils/validation.py:63: RuntimeWarning:  Orthogonal matching pursuit ended prematurely due to linear
dependence in the dictionary. The requested precision might not have been met.

  return f(*args, **kwargs)
稀疏向量: [0.21210754 0.         0.         0.39401194 0.10316267 0.
 0.         0.         0.         0.         0.         0.
 0.         0.         0.         0.         0.         0.
 0.         0.         0.         0.         0.29034609 0.
 0.         0.         0.         0.         0.         0.        ]
更新后概率: [0.27112625 0.00836561 0.00836561 0.00836561 0.13186758 0.00836561
 0.00836561 0.00836561 0.00836561 0.00836561 0.00836561 0.00836561
 0.00836561 0.00836561 0.00836561 0.00836561 0.00836561 0.00836561
 0.00836561 0.00836561 0.00836561 0.00836561 0.37113459 0.00836561
 0.00836561 0.00836561 0.00836561 0.00836561 0.00836561 0.00836561]
Classification: 0.9996599217820099 0.9399389209365456 402
本轮采样概率阵: [0.27112625 0.00836561 0.00836561 0.00836561 0.13186758 0.00836561
 0.00836561 0.00836561 0.00836561 0.00836561 0.00836561 0.00836561
 0.00836561 0.00836561 0.00836561 0.00836561 0.00836561 0.00836561
 0.00836561 0.00836561 0.00836561 0.00836561 0.37113459 0.00836561
 0.00836561 0.00836561 0.00836561 0.00836561 0.00836561 0.00836561]
客户端选择掩码: [1.0, 1.0, 1.0, 0.0, 1.0, 1.0, 1.0, 1.0, 1.0, 1.0, 1.0, 0.0, 1.0, 1.0, 1.0, 0.0, 1.0, 1.0, 1.0, 0.0, 0.0, 0.0, 1.0, 0.0, 1.0, 0.0, 1.0, 1.0, 1.0, 0.0]
/mnt/data/user_liangzhiyu/envs/fedcsl/lib/python3.8/site-packages/sklearn/utils/validation.py:63: RuntimeWarning:  Orthogonal matching pursuit ended prematurely due to linear
dependence in the dictionary. The requested precision might not have been met.

  return f(*args, **kwargs)
稀疏向量: [0.         0.         0.         0.         0.         0.
 0.19638746 0.         0.         0.         0.         0.
 0.19525711 0.60797572 0.         0.         0.         0.
 0.         0.         0.         0.         0.         0.
 0.         0.         0.         0.         0.         0.        ]
更新后概率: [0.00837024 0.00837024 0.00837024 0.00837024 0.00837024 0.00837024
 0.15206234 0.00837024 0.00837024 0.00837024 0.00837024 0.00837024
 0.15118712 0.47075415 0.00837024 0.00837024 0.00837024 0.00837024
 0.00837024 0.00837024 0.00837024 0.00837024 0.00837024 0.00837024
 0.00837024 0.00837024 0.00837024 0.00837024 0.00837024 0.00837024]
Classification: 0.9996599217820099 0.9395995928062436 403
本轮采样概率阵: [0.00837024 0.00837024 0.00837024 0.00837024 0.00837024 0.00837024
 0.15206234 0.00837024 0.00837024 0.00837024 0.00837024 0.00837024
 0.15118712 0.47075415 0.00837024 0.00837024 0.00837024 0.00837024
 0.00837024 0.00837024 0.00837024 0.00837024 0.00837024 0.00837024
 0.00837024 0.00837024 0.00837024 0.00837024 0.00837024 0.00837024]
客户端选择掩码: [1.0, 1.0, 1.0, 1.0, 1.0, 0.0, 1.0, 0.0, 1.0, 1.0, 1.0, 0.0, 1.0, 1.0, 1.0, 0.0, 0.0, 0.0, 1.0, 1.0, 0.0, 1.0, 1.0, 1.0, 1.0, 1.0, 1.0, 1.0, 0.0, 0.0]
/mnt/data/user_liangzhiyu/envs/fedcsl/lib/python3.8/site-packages/sklearn/utils/validation.py:63: RuntimeWarning:  Orthogonal matching pursuit ended prematurely due to linear
dependence in the dictionary. The requested precision might not have been met.

  return f(*args, **kwargs)
稀疏向量: [0.1891906  0.         0.         0.         0.06122036 0.
 0.         0.         0.         0.         0.34159092 0.40802667
 0.         0.         0.         0.         0.         0.
 0.         0.         0.         0.         0.         0.
 0.         0.         0.         0.         0.         0.        ]
更新后概率: [0.24735177 0.00837053 0.00837053 0.00837053 0.08004079 0.00837053
 0.00837053 0.00837053 0.00837053 0.00837053 0.44660316 0.00837053
 0.00837053 0.00837053 0.00837053 0.00837053 0.00837053 0.00837053
 0.00837053 0.00837053 0.00837053 0.00837053 0.00837053 0.00837053
 0.00837053 0.00837053 0.00837053 0.00837053 0.00837053 0.00837053]
Classification: 0.9996599217820099 0.9409569053274517 404
本轮采样概率阵: [0.24735177 0.00837053 0.00837053 0.00837053 0.08004079 0.00837053
 0.00837053 0.00837053 0.00837053 0.00837053 0.44660316 0.00837053
 0.00837053 0.00837053 0.00837053 0.00837053 0.00837053 0.00837053
 0.00837053 0.00837053 0.00837053 0.00837053 0.00837053 0.00837053
 0.00837053 0.00837053 0.00837053 0.00837053 0.00837053 0.00837053]
客户端选择掩码: [1.0, 1.0, 1.0, 1.0, 1.0, 1.0, 1.0, 1.0, 1.0, 0.0, 1.0, 1.0, 0.0, 1.0, 0.0, 1.0, 1.0, 1.0, 1.0, 0.0, 1.0, 1.0, 1.0, 0.0, 1.0, 0.0, 0.0, 1.0, 0.0, 0.0]
/mnt/data/user_liangzhiyu/envs/fedcsl/lib/python3.8/site-packages/sklearn/utils/validation.py:63: RuntimeWarning:  Orthogonal matching pursuit ended prematurely due to linear
dependence in the dictionary. The requested precision might not have been met.

  return f(*args, **kwargs)
稀疏向量: [0.         0.         0.         0.51105336 0.08108637 0.
 0.         0.         0.         0.         0.         0.
 0.         0.         0.         0.22614812 0.         0.
 0.         0.         0.         0.         0.18199096 0.
 0.         0.         0.         0.         0.         0.        ]
更新后概率: [0.0084412  0.0084412  0.0084412  0.39878062 0.06327259 0.0084412
 0.0084412  0.0084412  0.0084412  0.0084412  0.0084412  0.0084412
 0.0084412  0.0084412  0.0084412  0.1764659  0.0084412  0.0084412
 0.0084412  0.0084412  0.0084412  0.0084412  0.14200957 0.0084412
 0.0084412  0.0084412  0.0084412  0.0084412  0.0084412  0.0084412 ]
Classification: 0.9996599217820099 0.9406175771971497 405
本轮采样概率阵: [0.0084412  0.0084412  0.0084412  0.39878062 0.06327259 0.0084412
 0.0084412  0.0084412  0.0084412  0.0084412  0.0084412  0.0084412
 0.0084412  0.0084412  0.0084412  0.1764659  0.0084412  0.0084412
 0.0084412  0.0084412  0.0084412  0.0084412  0.14200957 0.0084412
 0.0084412  0.0084412  0.0084412  0.0084412  0.0084412  0.0084412 ]
客户端选择掩码: [1.0, 0.0, 1.0, 1.0, 1.0, 1.0, 0.0, 0.0, 0.0, 1.0, 1.0, 1.0, 1.0, 1.0, 0.0, 1.0, 1.0, 1.0, 1.0, 1.0, 1.0, 0.0, 1.0, 1.0, 0.0, 1.0, 1.0, 1.0, 0.0, 0.0]
/mnt/data/user_liangzhiyu/envs/fedcsl/lib/python3.8/site-packages/sklearn/utils/validation.py:63: RuntimeWarning:  Orthogonal matching pursuit ended prematurely due to linear
dependence in the dictionary. The requested precision might not have been met.

  return f(*args, **kwargs)
稀疏向量: [ 0.          0.          0.24506353  0.         -0.08253976  0.
  0.          0.          0.          0.          0.          0.
  0.          0.          0.          0.          0.          0.
  0.          0.          0.          0.          0.09003141  0.
  0.          0.          0.          0.74636525  0.          0.        ]
更新后概率: [0.00844574 0.00844574 0.16430433 0.00844574 0.05533928 0.00844574
 0.00844574 0.00844574 0.00844574 0.00844574 0.00844574 0.00844574
 0.00844574 0.00844574 0.00844574 0.00844574 0.00844574 0.00844574
 0.00844574 0.00844574 0.00844574 0.00844574 0.0603621  0.00844574
 0.00844574 0.00844574 0.00844574 0.50040508 0.00844574 0.00844574]
Classification: 0.9996599217820099 0.9406175771971497 406
本轮采样概率阵: [0.00844574 0.00844574 0.16430433 0.00844574 0.05533928 0.00844574
 0.00844574 0.00844574 0.00844574 0.00844574 0.00844574 0.00844574
 0.00844574 0.00844574 0.00844574 0.00844574 0.00844574 0.00844574
 0.00844574 0.00844574 0.00844574 0.00844574 0.0603621  0.00844574
 0.00844574 0.00844574 0.00844574 0.50040508 0.00844574 0.00844574]
客户端选择掩码: [1.0, 1.0, 1.0, 1.0, 1.0, 1.0, 0.0, 0.0, 0.0, 0.0, 1.0, 1.0, 1.0, 1.0, 1.0, 1.0, 0.0, 0.0, 1.0, 0.0, 1.0, 1.0, 1.0, 1.0, 1.0, 1.0, 0.0, 1.0, 1.0, 0.0]
/mnt/data/user_liangzhiyu/envs/fedcsl/lib/python3.8/site-packages/sklearn/utils/validation.py:63: RuntimeWarning:  Orthogonal matching pursuit ended prematurely due to linear
dependence in the dictionary. The requested precision might not have been met.

  return f(*args, **kwargs)
稀疏向量: [0.13423425 0.         0.         0.49565535 0.07287198 0.
 0.         0.         0.         0.         0.         0.
 0.         0.         0.29785556 0.         0.         0.
 0.         0.         0.         0.         0.         0.
 0.         0.         0.         0.         0.         0.        ]
更新后概率: [0.10469223 0.00844603 0.00844603 0.38657246 0.05683445 0.00844603
 0.00844603 0.00844603 0.00844603 0.00844603 0.00844603 0.00844603
 0.00844603 0.00844603 0.23230407 0.00844603 0.00844603 0.00844603
 0.00844603 0.00844603 0.00844603 0.00844603 0.00844603 0.00844603
 0.00844603 0.00844603 0.00844603 0.00844603 0.00844603 0.00844603]
Classification: 0.9996599217820099 0.9402782490668476 407
本轮采样概率阵: [0.10469223 0.00844603 0.00844603 0.38657246 0.05683445 0.00844603
 0.00844603 0.00844603 0.00844603 0.00844603 0.00844603 0.00844603
 0.00844603 0.00844603 0.23230407 0.00844603 0.00844603 0.00844603
 0.00844603 0.00844603 0.00844603 0.00844603 0.00844603 0.00844603
 0.00844603 0.00844603 0.00844603 0.00844603 0.00844603 0.00844603]
客户端选择掩码: [1.0, 0.0, 1.0, 1.0, 1.0, 1.0, 1.0, 1.0, 0.0, 0.0, 1.0, 0.0, 0.0, 1.0, 1.0, 0.0, 1.0, 0.0, 1.0, 1.0, 1.0, 1.0, 1.0, 0.0, 1.0, 1.0, 0.0, 1.0, 1.0, 1.0]
/mnt/data/user_liangzhiyu/envs/fedcsl/lib/python3.8/site-packages/sklearn/utils/validation.py:63: RuntimeWarning:  Orthogonal matching pursuit ended prematurely due to linear
dependence in the dictionary. The requested precision might not have been met.

  return f(*args, **kwargs)
稀疏向量: [ 0.13168657  0.          0.          0.         -0.26544927  0.
  0.          0.          0.          0.          0.          0.
  0.          0.          0.          0.          0.          0.
  0.          0.          1.13363148  0.          0.          0.
  0.          0.          0.          0.          0.          0.        ]
更新后概率: [0.06657304 0.00837531 0.00837531 0.00837531 0.13419566 0.00837531
 0.00837531 0.00837531 0.00837531 0.00837531 0.00837531 0.00837531
 0.00837531 0.00837531 0.00837531 0.00837531 0.00837531 0.00837531
 0.00837531 0.00837531 0.57309792 0.00837531 0.00837531 0.00837531
 0.00837531 0.00837531 0.00837531 0.00837531 0.00837531 0.00837531]
Classification: 0.9994898826730148 0.9402782490668476 408
本轮采样概率阵: [0.06657304 0.00837531 0.00837531 0.00837531 0.13419566 0.00837531
 0.00837531 0.00837531 0.00837531 0.00837531 0.00837531 0.00837531
 0.00837531 0.00837531 0.00837531 0.00837531 0.00837531 0.00837531
 0.00837531 0.00837531 0.57309792 0.00837531 0.00837531 0.00837531
 0.00837531 0.00837531 0.00837531 0.00837531 0.00837531 0.00837531]
客户端选择掩码: [1.0, 1.0, 0.0, 1.0, 1.0, 1.0, 1.0, 1.0, 0.0, 0.0, 1.0, 1.0, 1.0, 1.0, 1.0, 0.0, 0.0, 1.0, 1.0, 1.0, 1.0, 1.0, 1.0, 1.0, 1.0, 0.0, 0.0, 0.0, 0.0, 1.0]
/mnt/data/user_liangzhiyu/envs/fedcsl/lib/python3.8/site-packages/sklearn/utils/validation.py:63: RuntimeWarning:  Orthogonal matching pursuit ended prematurely due to linear
dependence in the dictionary. The requested precision might not have been met.

  return f(*args, **kwargs)
稀疏向量: [-0.10299703  0.          0.          0.          0.1728952   0.
  0.          0.          0.          0.          0.          0.
  0.          0.          0.          0.          0.          0.9310926
  0.          0.          0.          0.          0.          0.
  0.          0.          0.          0.          0.          0.        ]
更新后概率: [0.06604753 0.00837085 0.00837085 0.00837085 0.1108702  0.00837085
 0.00837085 0.00837085 0.00837085 0.00837085 0.00837085 0.00837085
 0.00837085 0.00837085 0.00837085 0.00837085 0.00837085 0.59706936
 0.00837085 0.00837085 0.00837085 0.00837085 0.00837085 0.00837085
 0.00837085 0.00837085 0.00837085 0.00837085 0.00837085 0.00837085]
Classification: 0.9996599217820099 0.9406175771971497 409
本轮采样概率阵: [0.06604753 0.00837085 0.00837085 0.00837085 0.1108702  0.00837085
 0.00837085 0.00837085 0.00837085 0.00837085 0.00837085 0.00837085
 0.00837085 0.00837085 0.00837085 0.00837085 0.00837085 0.59706936
 0.00837085 0.00837085 0.00837085 0.00837085 0.00837085 0.00837085
 0.00837085 0.00837085 0.00837085 0.00837085 0.00837085 0.00837085]
客户端选择掩码: [1.0, 0.0, 1.0, 1.0, 1.0, 0.0, 1.0, 0.0, 1.0, 1.0, 1.0, 1.0, 0.0, 1.0, 0.0, 1.0, 0.0, 1.0, 1.0, 1.0, 1.0, 1.0, 1.0, 1.0, 0.0, 1.0, 0.0, 0.0, 1.0, 1.0]
/mnt/data/user_liangzhiyu/envs/fedcsl/lib/python3.8/site-packages/sklearn/utils/validation.py:63: RuntimeWarning:  Orthogonal matching pursuit ended prematurely due to linear
dependence in the dictionary. The requested precision might not have been met.

  return f(*args, **kwargs)
稀疏向量: [0.14027549 0.         0.         0.         0.         0.
 0.         0.         0.         0.         0.         0.
 0.17469506 0.         0.         0.         0.         0.
 0.         0.         0.         0.         0.         0.
 0.         0.         0.         0.         0.         0.68594302]
更新后概率: [0.13031809 0.00830108 0.00830108 0.00830108 0.00830108 0.00830108
 0.00830108 0.00830108 0.00830108 0.00830108 0.00830108 0.00830108
 0.00830108 0.00830108 0.00830108 0.00830108 0.00830108 0.00830108
 0.00830108 0.00830108 0.00830108 0.00830108 0.00830108 0.00830108
 0.00830108 0.00830108 0.00830108 0.00830108 0.00830108 0.6372516 ]
Classification: 0.9996599217820099 0.9399389209365456 410
本轮采样概率阵: [0.13031809 0.00830108 0.00830108 0.00830108 0.00830108 0.00830108
 0.00830108 0.00830108 0.00830108 0.00830108 0.00830108 0.00830108
 0.00830108 0.00830108 0.00830108 0.00830108 0.00830108 0.00830108
 0.00830108 0.00830108 0.00830108 0.00830108 0.00830108 0.00830108
 0.00830108 0.00830108 0.00830108 0.00830108 0.00830108 0.6372516 ]
客户端选择掩码: [1.0, 1.0, 1.0, 0.0, 1.0, 1.0, 0.0, 1.0, 1.0, 1.0, 0.0, 1.0, 1.0, 1.0, 0.0, 0.0, 1.0, 1.0, 1.0, 1.0, 1.0, 1.0, 1.0, 1.0, 1.0, 0.0, 0.0, 0.0, 0.0, 1.0]
/mnt/data/user_liangzhiyu/envs/fedcsl/lib/python3.8/site-packages/sklearn/utils/validation.py:63: RuntimeWarning:  Orthogonal matching pursuit ended prematurely due to linear
dependence in the dictionary. The requested precision might not have been met.

  return f(*args, **kwargs)
稀疏向量: [0.08738835 0.         0.         0.         0.         0.
 0.         0.         0.         0.         0.         0.
 0.31448948 0.         0.         0.         0.         0.
 0.         0.         0.         0.         0.         0.
 0.06238303 0.         0.         0.         0.         0.53642658]
更新后概率: [0.06817237 0.00843675 0.00843675 0.00843675 0.00843675 0.00843675
 0.00843675 0.00843675 0.00843675 0.00843675 0.00843675 0.00843675
 0.2453358  0.00843675 0.00843675 0.00843675 0.00843675 0.00843675
 0.00843675 0.00843675 0.00843675 0.00843675 0.00843675 0.00843675
 0.04866551 0.00843675 0.00843675 0.00843675 0.00843675 0.41847074]
Classification: 0.9994898826730148 0.9402782490668476 411
本轮采样概率阵: [0.06817237 0.00843675 0.00843675 0.00843675 0.00843675 0.00843675
 0.00843675 0.00843675 0.00843675 0.00843675 0.00843675 0.00843675
 0.2453358  0.00843675 0.00843675 0.00843675 0.00843675 0.00843675
 0.00843675 0.00843675 0.00843675 0.00843675 0.00843675 0.00843675
 0.04866551 0.00843675 0.00843675 0.00843675 0.00843675 0.41847074]
客户端选择掩码: [1.0, 1.0, 0.0, 0.0, 1.0, 0.0, 1.0, 1.0, 0.0, 1.0, 0.0, 0.0, 1.0, 1.0, 0.0, 1.0, 1.0, 1.0, 1.0, 1.0, 1.0, 1.0, 1.0, 0.0, 1.0, 1.0, 1.0, 1.0, 0.0, 1.0]
/mnt/data/user_liangzhiyu/envs/fedcsl/lib/python3.8/site-packages/sklearn/utils/validation.py:63: RuntimeWarning:  Orthogonal matching pursuit ended prematurely due to linear
dependence in the dictionary. The requested precision might not have been met.

  return f(*args, **kwargs)
稀疏向量: [ 0.05093803  0.          0.          0.         -0.26731801  0.
  0.          0.          0.          0.          0.          0.
  0.          0.          0.          0.          0.          0.
  0.          0.          0.          0.          0.          0.
  1.2174294   0.          0.          0.          0.          0.        ]
更新后概率: [0.02566935 0.00837472 0.00837472 0.00837472 0.13471034 0.00837472
 0.00837472 0.00837472 0.00837472 0.00837472 0.00837472 0.00837472
 0.00837472 0.00837472 0.00837472 0.00837472 0.00837472 0.00837472
 0.00837472 0.00837472 0.00837472 0.00837472 0.00837472 0.00837472
 0.61350274 0.00837472 0.00837472 0.00837472 0.00837472 0.00837472]
Classification: 0.9996599217820099 0.9409569053274517 412
本轮采样概率阵: [0.02566935 0.00837472 0.00837472 0.00837472 0.13471034 0.00837472
 0.00837472 0.00837472 0.00837472 0.00837472 0.00837472 0.00837472
 0.00837472 0.00837472 0.00837472 0.00837472 0.00837472 0.00837472
 0.00837472 0.00837472 0.00837472 0.00837472 0.00837472 0.00837472
 0.61350274 0.00837472 0.00837472 0.00837472 0.00837472 0.00837472]
客户端选择掩码: [1.0, 0.0, 1.0, 0.0, 1.0, 1.0, 1.0, 1.0, 0.0, 1.0, 1.0, 0.0, 1.0, 0.0, 1.0, 1.0, 1.0, 1.0, 1.0, 1.0, 0.0, 0.0, 1.0, 1.0, 1.0, 1.0, 0.0, 0.0, 1.0, 1.0]
/mnt/data/user_liangzhiyu/envs/fedcsl/lib/python3.8/site-packages/sklearn/utils/validation.py:63: RuntimeWarning:  Orthogonal matching pursuit ended prematurely due to linear
dependence in the dictionary. The requested precision might not have been met.

  return f(*args, **kwargs)
稀疏向量: [ 0.01047979  0.          0.32397061  0.         -0.1761153   0.
  0.          0.          0.          0.          0.          0.
  0.          0.          0.          0.          0.          0.
  0.          0.          0.          0.          0.          0.
  0.          0.          0.          0.84070327  0.          0.        ]
更新后概率: [0.01588676 0.00837081 0.4911207  0.00837081 0.2669806  0.00837081
 0.00837081 0.00837081 0.00837081 0.00837081 0.00837081 0.00837081
 0.00837081 0.00837081 0.00837081 0.00837081 0.00837081 0.00837081
 0.00837081 0.00837081 0.00837081 0.00837081 0.00837081 0.00837081
 0.00837081 0.00837081 0.00837081 0.00837081 0.00837081 0.00837081]
Classification: 0.9996599217820099 0.9395995928062436 413
本轮采样概率阵: [0.01588676 0.00837081 0.4911207  0.00837081 0.2669806  0.00837081
 0.00837081 0.00837081 0.00837081 0.00837081 0.00837081 0.00837081
 0.00837081 0.00837081 0.00837081 0.00837081 0.00837081 0.00837081
 0.00837081 0.00837081 0.00837081 0.00837081 0.00837081 0.00837081
 0.00837081 0.00837081 0.00837081 0.00837081 0.00837081 0.00837081]
客户端选择掩码: [1.0, 1.0, 1.0, 0.0, 1.0, 0.0, 1.0, 1.0, 1.0, 1.0, 1.0, 0.0, 0.0, 1.0, 0.0, 0.0, 1.0, 0.0, 0.0, 1.0, 1.0, 1.0, 1.0, 1.0, 0.0, 1.0, 1.0, 1.0, 1.0, 1.0]
/mnt/data/user_liangzhiyu/envs/fedcsl/lib/python3.8/site-packages/sklearn/utils/validation.py:63: RuntimeWarning:  Orthogonal matching pursuit ended prematurely due to linear
dependence in the dictionary. The requested precision might not have been met.

  return f(*args, **kwargs)
稀疏向量: [0.04190199 0.         0.         0.         0.         0.
 0.         0.         0.         0.         0.         0.95809841
 0.         0.         0.         0.         0.         0.
 0.         0.         0.         0.         0.         0.
 0.         0.         0.         0.         0.         0.        ]
更新后概率: [0.76124972 0.00823277 0.00823277 0.00823277 0.00823277 0.00823277
 0.00823277 0.00823277 0.00823277 0.00823277 0.00823277 0.00823277
 0.00823277 0.00823277 0.00823277 0.00823277 0.00823277 0.00823277
 0.00823277 0.00823277 0.00823277 0.00823277 0.00823277 0.00823277
 0.00823277 0.00823277 0.00823277 0.00823277 0.00823277 0.00823277]
Classification: 0.9996599217820099 0.9392602646759416 414
本轮采样概率阵: [0.76124972 0.00823277 0.00823277 0.00823277 0.00823277 0.00823277
 0.00823277 0.00823277 0.00823277 0.00823277 0.00823277 0.00823277
 0.00823277 0.00823277 0.00823277 0.00823277 0.00823277 0.00823277
 0.00823277 0.00823277 0.00823277 0.00823277 0.00823277 0.00823277
 0.00823277 0.00823277 0.00823277 0.00823277 0.00823277 0.00823277]
客户端选择掩码: [1.0, 1.0, 0.0, 0.0, 1.0, 1.0, 1.0, 1.0, 0.0, 1.0, 1.0, 1.0, 1.0, 0.0, 1.0, 1.0, 0.0, 1.0, 1.0, 1.0, 1.0, 0.0, 1.0, 0.0, 1.0, 0.0, 1.0, 1.0, 0.0, 1.0]
/mnt/data/user_liangzhiyu/envs/fedcsl/lib/python3.8/site-packages/sklearn/utils/validation.py:63: RuntimeWarning:  Orthogonal matching pursuit ended prematurely due to linear
dependence in the dictionary. The requested precision might not have been met.

  return f(*args, **kwargs)
稀疏向量: [-0.05720569  0.          0.          0.          0.          0.
  0.          0.          0.          0.          0.          1.05720584
  0.          0.          0.          0.          0.          0.
  0.          0.          0.          0.          0.          0.
  0.          0.          0.          0.          0.          0.        ]
更新后概率: [0.03941368 0.00829253 0.00829253 0.00829253 0.00829253 0.00829253
 0.00829253 0.00829253 0.00829253 0.00829253 0.00829253 0.72839555
 0.00829253 0.00829253 0.00829253 0.00829253 0.00829253 0.00829253
 0.00829253 0.00829253 0.00829253 0.00829253 0.00829253 0.00829253
 0.00829253 0.00829253 0.00829253 0.00829253 0.00829253 0.00829253]
Classification: 0.9996599217820099 0.9409569053274517 415
本轮采样概率阵: [0.03941368 0.00829253 0.00829253 0.00829253 0.00829253 0.00829253
 0.00829253 0.00829253 0.00829253 0.00829253 0.00829253 0.72839555
 0.00829253 0.00829253 0.00829253 0.00829253 0.00829253 0.00829253
 0.00829253 0.00829253 0.00829253 0.00829253 0.00829253 0.00829253
 0.00829253 0.00829253 0.00829253 0.00829253 0.00829253 0.00829253]
客户端选择掩码: [1.0, 0.0, 0.0, 1.0, 1.0, 1.0, 1.0, 0.0, 1.0, 0.0, 0.0, 1.0, 1.0, 1.0, 1.0, 1.0, 1.0, 0.0, 1.0, 1.0, 0.0, 1.0, 0.0, 0.0, 1.0, 1.0, 1.0, 1.0, 1.0, 1.0]
/mnt/data/user_liangzhiyu/envs/fedcsl/lib/python3.8/site-packages/sklearn/utils/validation.py:63: RuntimeWarning:  Orthogonal matching pursuit ended prematurely due to linear
dependence in the dictionary. The requested precision might not have been met.

  return f(*args, **kwargs)
稀疏向量: [-2.1043563   0.          0.          0.          0.          0.
  0.          0.          0.          0.          0.          3.44426235
  0.          0.          0.          0.          0.          0.
  0.          0.          0.          0.         -2.03090253  0.
  0.          0.          0.          0.          0.          1.70024708]
更新后概率: [0.22473049 0.00836563 0.00836563 0.00836563 0.00836563 0.00836563
 0.00836563 0.00836563 0.00836563 0.00836563 0.00836563 0.36782305
 0.00836563 0.00836563 0.00836563 0.00836563 0.00836563 0.00836563
 0.00836563 0.00836563 0.00836563 0.00836563 0.00836563 0.00836563
 0.00836563 0.00836563 0.00836563 0.00836563 0.00836563 0.18157446]
Classification: 0.9996599217820099 0.9409569053274517 416
本轮采样概率阵: [0.22473049 0.00836563 0.00836563 0.00836563 0.00836563 0.00836563
 0.00836563 0.00836563 0.00836563 0.00836563 0.00836563 0.36782305
 0.00836563 0.00836563 0.00836563 0.00836563 0.00836563 0.00836563
 0.00836563 0.00836563 0.00836563 0.00836563 0.00836563 0.00836563
 0.00836563 0.00836563 0.00836563 0.00836563 0.00836563 0.18157446]
客户端选择掩码: [1.0, 1.0, 1.0, 0.0, 0.0, 0.0, 1.0, 0.0, 0.0, 1.0, 1.0, 1.0, 0.0, 1.0, 1.0, 1.0, 1.0, 1.0, 1.0, 1.0, 1.0, 0.0, 1.0, 1.0, 1.0, 0.0, 1.0, 1.0, 0.0, 1.0]
/mnt/data/user_liangzhiyu/envs/fedcsl/lib/python3.8/site-packages/sklearn/utils/validation.py:63: RuntimeWarning:  Orthogonal matching pursuit ended prematurely due to linear
dependence in the dictionary. The requested precision might not have been met.

  return f(*args, **kwargs)
稀疏向量: [-0.07268745  0.          0.          0.          0.          0.
  0.          0.          0.          0.          0.          0.69128555
  0.          0.          0.          0.          0.          0.
  0.          0.          0.          0.          0.          0.
  0.          0.          0.          0.          0.          0.38194553]
更新后概率: [0.04909629 0.00837024 0.00837024 0.00837024 0.00837024 0.00837024
 0.00837024 0.00837024 0.00837024 0.00837024 0.00837024 0.46692455
 0.00837024 0.00837024 0.00837024 0.00837024 0.00837024 0.00837024
 0.00837024 0.00837024 0.00837024 0.00837024 0.00837024 0.00837024
 0.00837024 0.00837024 0.00837024 0.00837024 0.00837024 0.25798275]
Classification: 0.9996599217820099 0.9402782490668476 417
本轮采样概率阵: [0.04909629 0.00837024 0.00837024 0.00837024 0.00837024 0.00837024
 0.00837024 0.00837024 0.00837024 0.00837024 0.00837024 0.46692455
 0.00837024 0.00837024 0.00837024 0.00837024 0.00837024 0.00837024
 0.00837024 0.00837024 0.00837024 0.00837024 0.00837024 0.00837024
 0.00837024 0.00837024 0.00837024 0.00837024 0.00837024 0.25798275]
客户端选择掩码: [1.0, 1.0, 0.0, 1.0, 1.0, 1.0, 0.0, 1.0, 0.0, 0.0, 1.0, 1.0, 0.0, 1.0, 0.0, 1.0, 1.0, 0.0, 1.0, 1.0, 1.0, 0.0, 0.0, 1.0, 1.0, 1.0, 1.0, 1.0, 1.0, 1.0]
/mnt/data/user_liangzhiyu/envs/fedcsl/lib/python3.8/site-packages/sklearn/utils/validation.py:63: RuntimeWarning:  Orthogonal matching pursuit ended prematurely due to linear
dependence in the dictionary. The requested precision might not have been met.

  return f(*args, **kwargs)
稀疏向量: [ 0.          0.          0.          0.         -0.39676435  0.
  0.          0.          0.          0.         -0.14004257  0.
  0.          0.          0.          0.          0.          0.
  0.          0.          0.          0.          0.          0.
  1.53808874  0.          0.          0.          0.          0.        ]
更新后概率: [0.00837053 0.00837053 0.00837053 0.00837053 0.14800451 0.00837053
 0.00837053 0.00837053 0.00837053 0.00837053 0.05223991 0.00837053
 0.00837053 0.00837053 0.00837053 0.00837053 0.00837053 0.00837053
 0.00837053 0.00837053 0.00837053 0.00837053 0.00837053 0.00837053
 0.57375133 0.00837053 0.00837053 0.00837053 0.00837053 0.00837053]
Classification: 0.9996599217820099 0.9395995928062436 418
本轮采样概率阵: [0.00837053 0.00837053 0.00837053 0.00837053 0.14800451 0.00837053
 0.00837053 0.00837053 0.00837053 0.00837053 0.05223991 0.00837053
 0.00837053 0.00837053 0.00837053 0.00837053 0.00837053 0.00837053
 0.00837053 0.00837053 0.00837053 0.00837053 0.00837053 0.00837053
 0.57375133 0.00837053 0.00837053 0.00837053 0.00837053 0.00837053]
客户端选择掩码: [1.0, 0.0, 1.0, 0.0, 1.0, 0.0, 1.0, 0.0, 1.0, 0.0, 1.0, 1.0, 1.0, 1.0, 0.0, 0.0, 1.0, 1.0, 1.0, 1.0, 1.0, 1.0, 1.0, 1.0, 1.0, 1.0, 1.0, 1.0, 0.0, 0.0]
/mnt/data/user_liangzhiyu/envs/fedcsl/lib/python3.8/site-packages/sklearn/utils/validation.py:63: RuntimeWarning:  Orthogonal matching pursuit ended prematurely due to linear
dependence in the dictionary. The requested precision might not have been met.

  return f(*args, **kwargs)
稀疏向量: [ 0.          0.          0.          1.14714845  0.          0.
  0.          0.          0.          0.          0.          0.
  0.          0.          0.          0.          0.          0.
 -0.14537014  0.          0.          0.          0.          0.
  0.          0.          0.          0.          0.          0.        ]
更新后概率: [0.00823273 0.00823273 0.00823273 0.00823273 0.00823273 0.00823273
 0.00823273 0.00823273 0.00823273 0.00823273 0.00823273 0.00823273
 0.00823273 0.00823273 0.00823273 0.00823273 0.00823273 0.00823273
 0.76125084 0.00823273 0.00823273 0.00823273 0.00823273 0.00823273
 0.00823273 0.00823273 0.00823273 0.00823273 0.00823273 0.00823273]
Classification: 0.9996599217820099 0.9406175771971497 419
本轮采样概率阵: [0.00823273 0.00823273 0.00823273 0.00823273 0.00823273 0.00823273
 0.00823273 0.00823273 0.00823273 0.00823273 0.00823273 0.00823273
 0.00823273 0.00823273 0.00823273 0.00823273 0.00823273 0.00823273
 0.76125084 0.00823273 0.00823273 0.00823273 0.00823273 0.00823273
 0.00823273 0.00823273 0.00823273 0.00823273 0.00823273 0.00823273]
客户端选择掩码: [0.0, 0.0, 0.0, 1.0, 0.0, 0.0, 0.0, 1.0, 1.0, 1.0, 1.0, 0.0, 1.0, 1.0, 1.0, 1.0, 1.0, 1.0, 1.0, 1.0, 1.0, 1.0, 1.0, 1.0, 0.0, 1.0, 1.0, 0.0, 1.0, 1.0]
/mnt/data/user_liangzhiyu/envs/fedcsl/lib/python3.8/site-packages/sklearn/utils/validation.py:63: RuntimeWarning:  Orthogonal matching pursuit ended prematurely due to linear
dependence in the dictionary. The requested precision might not have been met.

  return f(*args, **kwargs)
稀疏向量: [-0.3185436   0.          0.          0.          0.          0.
  0.          0.          0.          0.          0.          0.
  0.          0.41038372  0.          0.          0.          0.90921737
  0.          0.          0.          0.          0.          0.
  0.          0.          0.          0.          0.          0.        ]
更新后概率: [0.00829253 0.00829253 0.00829253 0.00829253 0.00829253 0.00829253
 0.00829253 0.00829253 0.00829253 0.00829253 0.00829253 0.00829253
 0.00829253 0.23878158 0.00829253 0.00829253 0.00829253 0.52902771
 0.00829253 0.00829253 0.00829253 0.00829253 0.00829253 0.00829253
 0.00829253 0.00829253 0.00829253 0.00829253 0.00829253 0.00829253]
Classification: 0.9993198435640197 0.9402782490668476 420
本轮采样概率阵: [0.00829253 0.00829253 0.00829253 0.00829253 0.00829253 0.00829253
 0.00829253 0.00829253 0.00829253 0.00829253 0.00829253 0.00829253
 0.00829253 0.23878158 0.00829253 0.00829253 0.00829253 0.52902771
 0.00829253 0.00829253 0.00829253 0.00829253 0.00829253 0.00829253
 0.00829253 0.00829253 0.00829253 0.00829253 0.00829253 0.00829253]
客户端选择掩码: [0.0, 0.0, 1.0, 0.0, 1.0, 0.0, 1.0, 0.0, 1.0, 1.0, 0.0, 1.0, 1.0, 1.0, 0.0, 0.0, 1.0, 1.0, 1.0, 1.0, 1.0, 1.0, 0.0, 1.0, 1.0, 1.0, 1.0, 1.0, 1.0, 1.0]
/mnt/data/user_liangzhiyu/envs/fedcsl/lib/python3.8/site-packages/sklearn/utils/validation.py:63: RuntimeWarning:  Orthogonal matching pursuit ended prematurely due to linear
dependence in the dictionary. The requested precision might not have been met.

  return f(*args, **kwargs)
稀疏向量: [-0.0146155   0.          0.          0.         -0.23731628  0.
  0.          0.          0.          0.          0.          0.
  0.          0.          0.          0.          0.          0.
  0.          0.          0.          0.          0.          0.
  0.          0.          0.          0.          0.          1.25360073]
更新后概率: [0.00829623 0.00829623 0.00829623 0.00829623 0.12219932 0.00829623
 0.00829623 0.00829623 0.00829623 0.00829623 0.00829623 0.00829623
 0.00829623 0.00829623 0.00829623 0.00829623 0.00829623 0.00829623
 0.00829623 0.00829623 0.00829623 0.00829623 0.00829623 0.00829623
 0.00829623 0.00829623 0.00829623 0.00829623 0.00829623 0.64550631]
Classification: 0.9996599217820099 0.9412962334577536 421
本轮采样概率阵: [0.00829623 0.00829623 0.00829623 0.00829623 0.12219932 0.00829623
 0.00829623 0.00829623 0.00829623 0.00829623 0.00829623 0.00829623
 0.00829623 0.00829623 0.00829623 0.00829623 0.00829623 0.00829623
 0.00829623 0.00829623 0.00829623 0.00829623 0.00829623 0.00829623
 0.00829623 0.00829623 0.00829623 0.00829623 0.00829623 0.64550631]
客户端选择掩码: [0.0, 1.0, 1.0, 1.0, 1.0, 1.0, 0.0, 1.0, 1.0, 0.0, 1.0, 1.0, 0.0, 1.0, 1.0, 0.0, 0.0, 1.0, 1.0, 0.0, 1.0, 1.0, 1.0, 1.0, 0.0, 0.0, 1.0, 1.0, 1.0, 1.0]
/mnt/data/user_liangzhiyu/envs/fedcsl/lib/python3.8/site-packages/sklearn/utils/validation.py:63: RuntimeWarning:  Orthogonal matching pursuit ended prematurely due to linear
dependence in the dictionary. The requested precision might not have been met.

  return f(*args, **kwargs)
稀疏向量: [-0.01951556  0.          0.          0.90912205  0.1117338   0.
  0.          0.          0.          0.          0.          0.
  0.          0.          0.          0.          0.          0.
  0.          0.          0.          0.          0.          0.
  0.          0.          0.          0.          0.          0.        ]
更新后概率: [0.00829646 0.00829646 0.00829646 0.68367368 0.08402552 0.00829646
 0.00829646 0.00829646 0.00829646 0.00829646 0.00829646 0.00829646
 0.00829646 0.00829646 0.00829646 0.00829646 0.00829646 0.00829646
 0.00829646 0.00829646 0.00829646 0.00829646 0.00829646 0.00829646
 0.00829646 0.00829646 0.00829646 0.00829646 0.00829646 0.00829646]
Classification: 0.9993198435640197 0.9402782490668476 422
本轮采样概率阵: [0.00829646 0.00829646 0.00829646 0.68367368 0.08402552 0.00829646
 0.00829646 0.00829646 0.00829646 0.00829646 0.00829646 0.00829646
 0.00829646 0.00829646 0.00829646 0.00829646 0.00829646 0.00829646
 0.00829646 0.00829646 0.00829646 0.00829646 0.00829646 0.00829646
 0.00829646 0.00829646 0.00829646 0.00829646 0.00829646 0.00829646]
客户端选择掩码: [1.0, 1.0, 1.0, 1.0, 1.0, 0.0, 1.0, 0.0, 1.0, 1.0, 1.0, 0.0, 1.0, 0.0, 1.0, 1.0, 1.0, 1.0, 1.0, 1.0, 1.0, 0.0, 1.0, 0.0, 0.0, 0.0, 1.0, 0.0, 1.0, 1.0]
/mnt/data/user_liangzhiyu/envs/fedcsl/lib/python3.8/site-packages/sklearn/utils/validation.py:63: RuntimeWarning:  Orthogonal matching pursuit ended prematurely due to linear
dependence in the dictionary. The requested precision might not have been met.

  return f(*args, **kwargs)
稀疏向量: [-0.23658095  0.          0.          0.         -0.34088738  0.
  0.          0.          0.          0.          0.          1.04196472
 -0.60678567  1.14295361  0.          0.          0.          0.
  0.          0.          0.          0.          0.          0.
  0.          0.          0.          0.          0.          0.        ]
更新后概率: [0.15464786 0.00836588 0.00836588 0.00836588 0.22283073 0.00836588
 0.00836588 0.00836588 0.00836588 0.00836588 0.00836588 0.00836588
 0.3966427  0.00836588 0.00836588 0.00836588 0.00836588 0.00836588
 0.00836588 0.00836588 0.00836588 0.00836588 0.00836588 0.00836588
 0.00836588 0.00836588 0.00836588 0.00836588 0.00836588 0.00836588]
Classification: 0.999829960891005 0.9406175771971497 423
本轮采样概率阵: [0.15464786 0.00836588 0.00836588 0.00836588 0.22283073 0.00836588
 0.00836588 0.00836588 0.00836588 0.00836588 0.00836588 0.00836588
 0.3966427  0.00836588 0.00836588 0.00836588 0.00836588 0.00836588
 0.00836588 0.00836588 0.00836588 0.00836588 0.00836588 0.00836588
 0.00836588 0.00836588 0.00836588 0.00836588 0.00836588 0.00836588]
客户端选择掩码: [1.0, 0.0, 1.0, 1.0, 1.0, 0.0, 0.0, 0.0, 1.0, 1.0, 1.0, 1.0, 1.0, 1.0, 1.0, 1.0, 1.0, 0.0, 1.0, 1.0, 0.0, 1.0, 0.0, 1.0, 1.0, 0.0, 1.0, 0.0, 1.0, 1.0]
/mnt/data/user_liangzhiyu/envs/fedcsl/lib/python3.8/site-packages/sklearn/utils/validation.py:63: RuntimeWarning:  Orthogonal matching pursuit ended prematurely due to linear
dependence in the dictionary. The requested precision might not have been met.

  return f(*args, **kwargs)
稀疏向量: [ 0.          0.          0.          0.          0.          0.
  0.          0.          0.          0.          0.          1.09688468
 -0.096837    0.          0.          0.          0.          0.
  0.          0.          0.          0.          0.          0.
  0.          0.          0.          0.          0.          0.        ]
更新后概率: [0.00830077 0.00830077 0.00830077 0.00830077 0.00830077 0.00830077
 0.00830077 0.00830077 0.00830077 0.00830077 0.00830077 0.7053109
 0.06226743 0.00830077 0.00830077 0.00830077 0.00830077 0.00830077
 0.00830077 0.00830077 0.00830077 0.00830077 0.00830077 0.00830077
 0.00830077 0.00830077 0.00830077 0.00830077 0.00830077 0.00830077]
Classification: 0.9996599217820099 0.9402782490668476 424
本轮采样概率阵: [0.00830077 0.00830077 0.00830077 0.00830077 0.00830077 0.00830077
 0.00830077 0.00830077 0.00830077 0.00830077 0.00830077 0.7053109
 0.06226743 0.00830077 0.00830077 0.00830077 0.00830077 0.00830077
 0.00830077 0.00830077 0.00830077 0.00830077 0.00830077 0.00830077
 0.00830077 0.00830077 0.00830077 0.00830077 0.00830077 0.00830077]
客户端选择掩码: [1.0, 1.0, 1.0, 1.0, 0.0, 1.0, 0.0, 1.0, 1.0, 1.0, 1.0, 1.0, 1.0, 0.0, 1.0, 0.0, 0.0, 0.0, 0.0, 0.0, 1.0, 1.0, 1.0, 1.0, 1.0, 0.0, 1.0, 1.0, 1.0, 1.0]
/mnt/data/user_liangzhiyu/envs/fedcsl/lib/python3.8/site-packages/sklearn/utils/validation.py:63: RuntimeWarning:  Orthogonal matching pursuit ended prematurely due to linear
dependence in the dictionary. The requested precision might not have been met.

  return f(*args, **kwargs)
稀疏向量: [-0.00831035  0.          0.          0.         -0.15496946  0.
  0.          0.          0.          1.16484713  0.          0.
  0.          0.          0.          0.          0.          0.
  0.          0.          0.          0.          0.          0.
  0.          0.          0.          0.          0.          0.        ]
更新后概率: [0.00827309 0.00827309 0.00827309 0.00827309 0.00827309 0.00827309
 0.00827309 0.00827309 0.00827309 0.76008042 0.00827309 0.00827309
 0.00827309 0.00827309 0.00827309 0.00827309 0.00827309 0.00827309
 0.00827309 0.00827309 0.00827309 0.00827309 0.00827309 0.00827309
 0.00827309 0.00827309 0.00827309 0.00827309 0.00827309 0.00827309]
Classification: 0.9996599217820099 0.9402782490668476 425
本轮采样概率阵: [0.00827309 0.00827309 0.00827309 0.00827309 0.00827309 0.00827309
 0.00827309 0.00827309 0.00827309 0.76008042 0.00827309 0.00827309
 0.00827309 0.00827309 0.00827309 0.00827309 0.00827309 0.00827309
 0.00827309 0.00827309 0.00827309 0.00827309 0.00827309 0.00827309
 0.00827309 0.00827309 0.00827309 0.00827309 0.00827309 0.00827309]
客户端选择掩码: [1.0, 1.0, 1.0, 0.0, 1.0, 0.0, 1.0, 1.0, 0.0, 1.0, 0.0, 1.0, 1.0, 1.0, 1.0, 0.0, 1.0, 1.0, 1.0, 1.0, 0.0, 0.0, 0.0, 1.0, 1.0, 1.0, 1.0, 1.0, 0.0, 1.0]
/mnt/data/user_liangzhiyu/envs/fedcsl/lib/python3.8/site-packages/sklearn/utils/validation.py:63: RuntimeWarning:  Orthogonal matching pursuit ended prematurely due to linear
dependence in the dictionary. The requested precision might not have been met.

  return f(*args, **kwargs)
稀疏向量: [ 0.          0.          0.          0.         -0.45155259  0.
  0.          0.          0.          0.          0.          0.
  0.          0.          0.          0.          0.          0.
  0.          0.          0.          0.         -0.07679644  0.
  0.          0.          0.          0.          0.          1.530542  ]
更新后概率: [0.00829502 0.00829502 0.00829502 0.00829502 0.1749032  0.00829502
 0.00829502 0.00829502 0.00829502 0.00829502 0.00829502 0.00829502
 0.00829502 0.00829502 0.00829502 0.00829502 0.00829502 0.00829502
 0.00829502 0.00829502 0.00829502 0.00829502 0.00829502 0.00829502
 0.00829502 0.00829502 0.00829502 0.00829502 0.00829502 0.59283614]
Classification: 0.999829960891005 0.9409569053274517 426
本轮采样概率阵: [0.00829502 0.00829502 0.00829502 0.00829502 0.1749032  0.00829502
 0.00829502 0.00829502 0.00829502 0.00829502 0.00829502 0.00829502
 0.00829502 0.00829502 0.00829502 0.00829502 0.00829502 0.00829502
 0.00829502 0.00829502 0.00829502 0.00829502 0.00829502 0.00829502
 0.00829502 0.00829502 0.00829502 0.00829502 0.00829502 0.59283614]
客户端选择掩码: [1.0, 1.0, 1.0, 0.0, 1.0, 1.0, 0.0, 1.0, 1.0, 0.0, 1.0, 1.0, 0.0, 1.0, 0.0, 1.0, 1.0, 1.0, 1.0, 0.0, 1.0, 0.0, 1.0, 1.0, 1.0, 0.0, 1.0, 0.0, 1.0, 1.0]
/mnt/data/user_liangzhiyu/envs/fedcsl/lib/python3.8/site-packages/sklearn/utils/validation.py:63: RuntimeWarning:  Orthogonal matching pursuit ended prematurely due to linear
dependence in the dictionary. The requested precision might not have been met.

  return f(*args, **kwargs)
稀疏向量: [0.35923577 0.         0.         0.         0.         0.
 0.         0.         0.         0.         0.         0.02946274
 0.         0.         0.         0.         0.         0.
 0.         0.         0.         0.         0.60930829 0.
 0.         0.         0.         0.         0.         0.        ]
更新后概率: [0.27864833 0.00836579 0.00836579 0.00836579 0.00836579 0.00836579
 0.00836579 0.00836579 0.00836579 0.00836579 0.00836579 0.02285336
 0.00836579 0.00836579 0.00836579 0.00836579 0.00836579 0.00836579
 0.00836579 0.00836579 0.00836579 0.00836579 0.47262203 0.00836579
 0.00836579 0.00836579 0.00836579 0.00836579 0.00836579 0.00836579]
Classification: 0.9996599217820099 0.9399389209365456 427
本轮采样概率阵: [0.27864833 0.00836579 0.00836579 0.00836579 0.00836579 0.00836579
 0.00836579 0.00836579 0.00836579 0.00836579 0.00836579 0.02285336
 0.00836579 0.00836579 0.00836579 0.00836579 0.00836579 0.00836579
 0.00836579 0.00836579 0.00836579 0.00836579 0.47262203 0.00836579
 0.00836579 0.00836579 0.00836579 0.00836579 0.00836579 0.00836579]
客户端选择掩码: [1.0, 0.0, 1.0, 1.0, 1.0, 1.0, 0.0, 1.0, 0.0, 0.0, 1.0, 1.0, 1.0, 1.0, 1.0, 0.0, 1.0, 1.0, 0.0, 1.0, 0.0, 0.0, 1.0, 1.0, 1.0, 1.0, 1.0, 1.0, 1.0, 0.0]
/mnt/data/user_liangzhiyu/envs/fedcsl/lib/python3.8/site-packages/sklearn/utils/validation.py:63: RuntimeWarning:  Orthogonal matching pursuit ended prematurely due to linear
dependence in the dictionary. The requested precision might not have been met.

  return f(*args, **kwargs)
稀疏向量: [ 0.16039916  0.          0.          0.         -0.24870522  0.
  0.          0.          0.          0.          0.          0.
  0.          0.          0.          0.          0.          0.
  0.          0.          0.          0.          0.          0.
  0.          0.          0.          1.08768262  0.          0.        ]
更新后概率: [0.08294399 0.00837025 0.00837025 0.00837025 0.12860792 0.00837025
 0.00837025 0.00837025 0.00837025 0.00837025 0.00837025 0.00837025
 0.00837025 0.00837025 0.00837025 0.00837025 0.00837025 0.00837025
 0.00837025 0.00837025 0.00837025 0.00837025 0.00837025 0.00837025
 0.00837025 0.00837025 0.00837025 0.56245141 0.00837025 0.00837025]
Classification: 0.9994898826730148 0.9399389209365456 428
本轮采样概率阵: [0.08294399 0.00837025 0.00837025 0.00837025 0.12860792 0.00837025
 0.00837025 0.00837025 0.00837025 0.00837025 0.00837025 0.00837025
 0.00837025 0.00837025 0.00837025 0.00837025 0.00837025 0.00837025
 0.00837025 0.00837025 0.00837025 0.00837025 0.00837025 0.00837025
 0.00837025 0.00837025 0.00837025 0.56245141 0.00837025 0.00837025]
客户端选择掩码: [1.0, 1.0, 0.0, 1.0, 1.0, 1.0, 1.0, 1.0, 1.0, 1.0, 0.0, 0.0, 1.0, 1.0, 0.0, 0.0, 1.0, 0.0, 1.0, 1.0, 1.0, 1.0, 0.0, 1.0, 1.0, 1.0, 1.0, 1.0, 0.0, 0.0]
/mnt/data/user_liangzhiyu/envs/fedcsl/lib/python3.8/site-packages/sklearn/utils/validation.py:63: RuntimeWarning:  Orthogonal matching pursuit ended prematurely due to linear
dependence in the dictionary. The requested precision might not have been met.

  return f(*args, **kwargs)
稀疏向量: [ 0.12621944  0.          0.          0.         -0.30083724  0.
  0.          0.          0.          0.          0.          0.
  0.          0.          0.          0.          0.          0.
  0.          0.          0.          0.          0.          0.
  0.          1.17611816  0.          0.          0.          0.        ]
更新后概率: [0.0609374  0.00837053 0.00837053 0.00837053 0.14524101 0.00837053
 0.00837053 0.00837053 0.00837053 0.00837053 0.00837053 0.00837053
 0.00837053 0.00837053 0.00837053 0.00837053 0.00837053 0.00837053
 0.00837053 0.00837053 0.00837053 0.00837053 0.00837053 0.00837053
 0.00837053 0.56781731 0.00837053 0.00837053 0.00837053 0.00837053]
Classification: 0.9996599217820099 0.9395995928062436 429
本轮采样概率阵: [0.0609374  0.00837053 0.00837053 0.00837053 0.14524101 0.00837053
 0.00837053 0.00837053 0.00837053 0.00837053 0.00837053 0.00837053
 0.00837053 0.00837053 0.00837053 0.00837053 0.00837053 0.00837053
 0.00837053 0.00837053 0.00837053 0.00837053 0.00837053 0.00837053
 0.00837053 0.56781731 0.00837053 0.00837053 0.00837053 0.00837053]
客户端选择掩码: [1.0, 1.0, 0.0, 1.0, 1.0, 1.0, 1.0, 1.0, 1.0, 1.0, 1.0, 0.0, 1.0, 1.0, 0.0, 0.0, 1.0, 1.0, 0.0, 0.0, 1.0, 1.0, 0.0, 1.0, 1.0, 1.0, 1.0, 0.0, 1.0, 0.0]
/mnt/data/user_liangzhiyu/envs/fedcsl/lib/python3.8/site-packages/sklearn/utils/validation.py:63: RuntimeWarning:  Orthogonal matching pursuit ended prematurely due to linear
dependence in the dictionary. The requested precision might not have been met.

  return f(*args, **kwargs)
稀疏向量: [ 0.28076574  0.          0.          0.         -0.07590133  0.
  0.          0.          0.          0.          0.          0.
  0.          0.          0.          0.          0.          0.
  0.          0.          1.18066436  0.          0.          0.
 -0.38592374  0.          0.          0.          0.          0.        ]
更新后概率: [0.11394521 0.0084412  0.0084412  0.0084412  0.03080359 0.0084412
 0.0084412  0.0084412  0.0084412  0.0084412  0.0084412  0.0084412
 0.0084412  0.0084412  0.0084412  0.0084412  0.0084412  0.0084412
 0.0084412  0.0084412  0.47915765 0.0084412  0.0084412  0.0084412
 0.15662225 0.0084412  0.0084412  0.0084412  0.0084412  0.0084412 ]
Classification: 0.9996599217820099 0.9399389209365456 430
本轮采样概率阵: [0.11394521 0.0084412  0.0084412  0.0084412  0.03080359 0.0084412
 0.0084412  0.0084412  0.0084412  0.0084412  0.0084412  0.0084412
 0.0084412  0.0084412  0.0084412  0.0084412  0.0084412  0.0084412
 0.0084412  0.0084412  0.47915765 0.0084412  0.0084412  0.0084412
 0.15662225 0.0084412  0.0084412  0.0084412  0.0084412  0.0084412 ]
客户端选择掩码: [1.0, 0.0, 1.0, 1.0, 1.0, 1.0, 0.0, 1.0, 1.0, 0.0, 0.0, 1.0, 1.0, 1.0, 0.0, 1.0, 0.0, 1.0, 0.0, 1.0, 1.0, 1.0, 1.0, 0.0, 1.0, 0.0, 1.0, 1.0, 1.0, 1.0]
/mnt/data/user_liangzhiyu/envs/fedcsl/lib/python3.8/site-packages/sklearn/utils/validation.py:63: RuntimeWarning:  Orthogonal matching pursuit ended prematurely due to linear
dependence in the dictionary. The requested precision might not have been met.

  return f(*args, **kwargs)
稀疏向量: [ 0.0683714   0.          0.          0.         -0.50189884  0.
  0.          0.          0.          0.          0.          0.
  0.          0.          0.          0.          0.          0.
  0.          0.          1.43329458  0.          0.          0.
  0.          0.          0.          0.          0.          0.        ]
更新后概率: [0.02640838 0.00837501 0.00837501 0.00837501 0.19385791 0.00837501
 0.00837501 0.00837501 0.00837501 0.00837501 0.00837501 0.00837501
 0.00837501 0.00837501 0.00837501 0.00837501 0.00837501 0.00837501
 0.00837501 0.00837501 0.55360856 0.00837501 0.00837501 0.00837501
 0.00837501 0.00837501 0.00837501 0.00837501 0.00837501 0.00837501]
Classification: 0.9996599217820099 0.9412962334577536 431
本轮采样概率阵: [0.02640838 0.00837501 0.00837501 0.00837501 0.19385791 0.00837501
 0.00837501 0.00837501 0.00837501 0.00837501 0.00837501 0.00837501
 0.00837501 0.00837501 0.00837501 0.00837501 0.00837501 0.00837501
 0.00837501 0.00837501 0.55360856 0.00837501 0.00837501 0.00837501
 0.00837501 0.00837501 0.00837501 0.00837501 0.00837501 0.00837501]
客户端选择掩码: [1.0, 1.0, 1.0, 1.0, 1.0, 1.0, 1.0, 0.0, 1.0, 0.0, 1.0, 0.0, 1.0, 1.0, 1.0, 1.0, 1.0, 1.0, 0.0, 0.0, 1.0, 1.0, 0.0, 1.0, 1.0, 0.0, 1.0, 0.0, 0.0, 1.0]
/mnt/data/user_liangzhiyu/envs/fedcsl/lib/python3.8/site-packages/sklearn/utils/validation.py:63: RuntimeWarning:  Orthogonal matching pursuit ended prematurely due to linear
dependence in the dictionary. The requested precision might not have been met.

  return f(*args, **kwargs)
稀疏向量: [-0.03835168  0.          0.          0.          0.          0.
  0.          0.          0.          0.          0.          0.
  0.          0.          0.          0.          0.          0.
  0.          1.03452899  0.          0.          0.          0.
  0.          0.          0.          0.          0.          0.        ]
更新后概率: [0.76124222 0.00823303 0.00823303 0.00823303 0.00823303 0.00823303
 0.00823303 0.00823303 0.00823303 0.00823303 0.00823303 0.00823303
 0.00823303 0.00823303 0.00823303 0.00823303 0.00823303 0.00823303
 0.00823303 0.00823303 0.00823303 0.00823303 0.00823303 0.00823303
 0.00823303 0.00823303 0.00823303 0.00823303 0.00823303 0.00823303]
Classification: 0.9996599217820099 0.9409569053274517 432
本轮采样概率阵: [0.76124222 0.00823303 0.00823303 0.00823303 0.00823303 0.00823303
 0.00823303 0.00823303 0.00823303 0.00823303 0.00823303 0.00823303
 0.00823303 0.00823303 0.00823303 0.00823303 0.00823303 0.00823303
 0.00823303 0.00823303 0.00823303 0.00823303 0.00823303 0.00823303
 0.00823303 0.00823303 0.00823303 0.00823303 0.00823303 0.00823303]
客户端选择掩码: [1.0, 0.0, 1.0, 0.0, 1.0, 0.0, 1.0, 0.0, 1.0, 1.0, 1.0, 0.0, 1.0, 1.0, 1.0, 1.0, 1.0, 0.0, 0.0, 0.0, 1.0, 1.0, 1.0, 1.0, 1.0, 1.0, 1.0, 1.0, 1.0, 0.0]
/mnt/data/user_liangzhiyu/envs/fedcsl/lib/python3.8/site-packages/sklearn/utils/validation.py:63: RuntimeWarning:  Orthogonal matching pursuit ended prematurely due to linear
dependence in the dictionary. The requested precision might not have been met.

  return f(*args, **kwargs)
稀疏向量: [ 0.11140806  0.          0.          0.         -0.53429815  0.
  0.          0.          0.          0.          0.          0.
  0.          0.          0.          0.          0.          0.
  0.          0.          1.42264429  0.          0.          0.
  0.          0.          0.          0.          0.          0.        ]
更新后概率: [0.04170249 0.00836188 0.00836188 0.00836188 0.19999956 0.00836188
 0.00836188 0.00836188 0.00836188 0.00836188 0.00836188 0.00836188
 0.00836188 0.00836188 0.00836188 0.00836188 0.00836188 0.00836188
 0.00836188 0.00836188 0.53252707 0.00836188 0.00836188 0.00836188
 0.00836188 0.00836188 0.00836188 0.00836188 0.00836188 0.00836188]
Classification: 0.9996599217820099 0.9416355615880556 433
本轮采样概率阵: [0.04170249 0.00836188 0.00836188 0.00836188 0.19999956 0.00836188
 0.00836188 0.00836188 0.00836188 0.00836188 0.00836188 0.00836188
 0.00836188 0.00836188 0.00836188 0.00836188 0.00836188 0.00836188
 0.00836188 0.00836188 0.53252707 0.00836188 0.00836188 0.00836188
 0.00836188 0.00836188 0.00836188 0.00836188 0.00836188 0.00836188]
客户端选择掩码: [1.0, 1.0, 1.0, 0.0, 1.0, 1.0, 1.0, 1.0, 0.0, 1.0, 1.0, 0.0, 0.0, 0.0, 1.0, 1.0, 1.0, 1.0, 0.0, 1.0, 1.0, 1.0, 1.0, 0.0, 1.0, 1.0, 1.0, 1.0, 0.0, 0.0]
/mnt/data/user_liangzhiyu/envs/fedcsl/lib/python3.8/site-packages/sklearn/utils/validation.py:63: RuntimeWarning:  Orthogonal matching pursuit ended prematurely due to linear
dependence in the dictionary. The requested precision might not have been met.

  return f(*args, **kwargs)
稀疏向量: [0.22285965 0.         0.         0.         0.         0.
 0.         0.         0.         0.         0.         0.
 0.32203739 0.         0.         0.         0.         0.
 0.         0.         0.         0.         0.         0.
 0.4553738  0.         0.         0.         0.         0.        ]
更新后概率: [0.25221962 0.00830053 0.00830053 0.00830053 0.00830053 0.00830053
 0.00830053 0.00830053 0.00830053 0.00830053 0.00830053 0.00830053
 0.00830053 0.00830053 0.00830053 0.00830053 0.00830053 0.00830053
 0.00830053 0.00830053 0.00830053 0.00830053 0.00830053 0.00830053
 0.51536563 0.00830053 0.00830053 0.00830053 0.00830053 0.00830053]
Classification: 0.9996599217820099 0.9412962334577536 434
本轮采样概率阵: [0.25221962 0.00830053 0.00830053 0.00830053 0.00830053 0.00830053
 0.00830053 0.00830053 0.00830053 0.00830053 0.00830053 0.00830053
 0.00830053 0.00830053 0.00830053 0.00830053 0.00830053 0.00830053
 0.00830053 0.00830053 0.00830053 0.00830053 0.00830053 0.00830053
 0.51536563 0.00830053 0.00830053 0.00830053 0.00830053 0.00830053]
客户端选择掩码: [1.0, 1.0, 0.0, 1.0, 1.0, 1.0, 1.0, 1.0, 1.0, 1.0, 1.0, 1.0, 0.0, 1.0, 1.0, 1.0, 0.0, 1.0, 0.0, 1.0, 0.0, 0.0, 1.0, 1.0, 1.0, 1.0, 1.0, 0.0, 0.0, 0.0]
/mnt/data/user_liangzhiyu/envs/fedcsl/lib/python3.8/site-packages/sklearn/utils/validation.py:63: RuntimeWarning:  Orthogonal matching pursuit ended prematurely due to linear
dependence in the dictionary. The requested precision might not have been met.

  return f(*args, **kwargs)
稀疏向量: [ 0.          0.          0.          0.          0.          0.
  0.          0.          0.          0.          0.          2.26727962
  0.          0.          0.          0.          0.          0.
  0.          0.          0.          0.          0.          0.
  0.          0.          0.          0.         -1.26903846  0.        ]
更新后概率: [0.00822845 0.00822845 0.00822845 0.00822845 0.00822845 0.00822845
 0.00822845 0.00822845 0.00822845 0.00822845 0.00822845 0.76137484
 0.00822845 0.00822845 0.00822845 0.00822845 0.00822845 0.00822845
 0.00822845 0.00822845 0.00822845 0.00822845 0.00822845 0.00822845
 0.00822845 0.00822845 0.00822845 0.00822845 0.00822845 0.00822845]
Classification: 0.9996599217820099 0.9409569053274517 435
本轮采样概率阵: [0.00822845 0.00822845 0.00822845 0.00822845 0.00822845 0.00822845
 0.00822845 0.00822845 0.00822845 0.00822845 0.00822845 0.76137484
 0.00822845 0.00822845 0.00822845 0.00822845 0.00822845 0.00822845
 0.00822845 0.00822845 0.00822845 0.00822845 0.00822845 0.00822845
 0.00822845 0.00822845 0.00822845 0.00822845 0.00822845 0.00822845]
客户端选择掩码: [1.0, 1.0, 0.0, 1.0, 1.0, 1.0, 0.0, 1.0, 1.0, 0.0, 1.0, 1.0, 1.0, 1.0, 0.0, 1.0, 0.0, 1.0, 1.0, 0.0, 1.0, 1.0, 1.0, 1.0, 0.0, 1.0, 0.0, 0.0, 1.0, 1.0]
/mnt/data/user_liangzhiyu/envs/fedcsl/lib/python3.8/site-packages/sklearn/utils/validation.py:63: RuntimeWarning:  Orthogonal matching pursuit ended prematurely due to linear
dependence in the dictionary. The requested precision might not have been met.

  return f(*args, **kwargs)
稀疏向量: [ 0.17705321  0.          0.          0.         -0.29368052  0.
  0.          0.          0.          0.          0.          0.
  0.          0.          0.          0.          0.          0.
  0.          0.13866546  0.97732015  0.          0.          0.
  0.          0.          0.          0.          0.          0.        ]
更新后概率: [0.09466577 0.0083616  0.0083616  0.0083616  0.15702336 0.0083616
 0.0083616  0.0083616  0.0083616  0.0083616  0.0083616  0.0083616
 0.0083616  0.0083616  0.0083616  0.0083616  0.0083616  0.0083616
 0.0083616  0.0083616  0.52254775 0.0083616  0.0083616  0.0083616
 0.0083616  0.0083616  0.0083616  0.0083616  0.0083616  0.0083616 ]
Classification: 0.9994898826730148 0.9412962334577536 436
本轮采样概率阵: [0.09466577 0.0083616  0.0083616  0.0083616  0.15702336 0.0083616
 0.0083616  0.0083616  0.0083616  0.0083616  0.0083616  0.0083616
 0.0083616  0.0083616  0.0083616  0.0083616  0.0083616  0.0083616
 0.0083616  0.0083616  0.52254775 0.0083616  0.0083616  0.0083616
 0.0083616  0.0083616  0.0083616  0.0083616  0.0083616  0.0083616 ]
客户端选择掩码: [1.0, 1.0, 1.0, 0.0, 1.0, 1.0, 0.0, 0.0, 1.0, 1.0, 0.0, 0.0, 1.0, 1.0, 1.0, 1.0, 0.0, 1.0, 0.0, 1.0, 1.0, 1.0, 1.0, 1.0, 0.0, 1.0, 0.0, 1.0, 1.0, 1.0]
/mnt/data/user_liangzhiyu/envs/fedcsl/lib/python3.8/site-packages/sklearn/utils/validation.py:63: RuntimeWarning:  Orthogonal matching pursuit ended prematurely due to linear
dependence in the dictionary. The requested precision might not have been met.

  return f(*args, **kwargs)
稀疏向量: [ 0.13378077  0.          0.          0.         -0.22588521  0.
  0.          0.          0.          0.          0.          0.
  0.          0.          0.          0.          0.          0.
  0.          0.          0.          0.          0.          0.
  0.          1.09349921  0.          0.          0.          0.        ]
更新后概率: [0.07125667 0.00836998 0.00836998 0.00836998 0.12031496 0.00836998
 0.00836998 0.00836998 0.00836998 0.00836998 0.00836998 0.00836998
 0.00836998 0.00836998 0.00836998 0.00836998 0.00836998 0.00836998
 0.00836998 0.00836998 0.00836998 0.00836998 0.00836998 0.00836998
 0.00836998 0.58243882 0.00836998 0.00836998 0.00836998 0.00836998]
Classification: 0.9996599217820099 0.9409569053274517 437
本轮采样概率阵: [0.07125667 0.00836998 0.00836998 0.00836998 0.12031496 0.00836998
 0.00836998 0.00836998 0.00836998 0.00836998 0.00836998 0.00836998
 0.00836998 0.00836998 0.00836998 0.00836998 0.00836998 0.00836998
 0.00836998 0.00836998 0.00836998 0.00836998 0.00836998 0.00836998
 0.00836998 0.58243882 0.00836998 0.00836998 0.00836998 0.00836998]
客户端选择掩码: [1.0, 1.0, 1.0, 1.0, 1.0, 0.0, 0.0, 0.0, 1.0, 1.0, 0.0, 1.0, 1.0, 1.0, 1.0, 0.0, 1.0, 1.0, 0.0, 1.0, 1.0, 1.0, 0.0, 1.0, 1.0, 1.0, 1.0, 1.0, 0.0, 0.0]
/mnt/data/user_liangzhiyu/envs/fedcsl/lib/python3.8/site-packages/sklearn/utils/validation.py:63: RuntimeWarning:  Orthogonal matching pursuit ended prematurely due to linear
dependence in the dictionary. The requested precision might not have been met.

  return f(*args, **kwargs)
稀疏向量: [ 0.11755211  0.          0.          0.         -0.36595361  0.
  0.          0.          0.          0.          0.          0.
  0.          0.          0.          0.          0.          0.
  0.          0.          0.          0.          0.          0.
  1.24937438  0.          0.          0.          0.          0.        ]
更新后概率: [0.05250501 0.00837051 0.00837051 0.00837051 0.1634543  0.00837051
 0.00837051 0.00837051 0.00837051 0.00837051 0.00837051 0.00837051
 0.00837051 0.00837051 0.00837051 0.00837051 0.00837051 0.00837051
 0.00837051 0.00837051 0.00837051 0.00837051 0.00837051 0.00837051
 0.55803687 0.00837051 0.00837051 0.00837051 0.00837051 0.00837051]
Classification: 0.9996599217820099 0.9419748897183576 438
本轮采样概率阵: [0.05250501 0.00837051 0.00837051 0.00837051 0.1634543  0.00837051
 0.00837051 0.00837051 0.00837051 0.00837051 0.00837051 0.00837051
 0.00837051 0.00837051 0.00837051 0.00837051 0.00837051 0.00837051
 0.00837051 0.00837051 0.00837051 0.00837051 0.00837051 0.00837051
 0.55803687 0.00837051 0.00837051 0.00837051 0.00837051 0.00837051]
客户端选择掩码: [1.0, 1.0, 1.0, 1.0, 1.0, 1.0, 1.0, 1.0, 0.0, 0.0, 0.0, 1.0, 1.0, 0.0, 1.0, 0.0, 0.0, 1.0, 0.0, 1.0, 1.0, 1.0, 1.0, 1.0, 1.0, 0.0, 1.0, 1.0, 1.0, 0.0]
/mnt/data/user_liangzhiyu/envs/fedcsl/lib/python3.8/site-packages/sklearn/utils/validation.py:63: RuntimeWarning:  Orthogonal matching pursuit ended prematurely due to linear
dependence in the dictionary. The requested precision might not have been met.

  return f(*args, **kwargs)
稀疏向量: [0.27743978 0.         0.         0.         0.         0.
 0.         0.         0.         0.38922014 0.         0.
 0.         0.         0.         0.         0.         0.
 0.         0.         0.         0.         0.332811   0.
 0.         0.         0.         0.         0.         0.        ]
更新后概率: [0.34896231 0.00830106 0.00830106 0.00830106 0.00830106 0.00830106
 0.00830106 0.00830106 0.00830106 0.00830106 0.00830106 0.00830106
 0.00830106 0.00830106 0.00830106 0.00830106 0.00830106 0.00830106
 0.00830106 0.00830106 0.00830106 0.00830106 0.41860795 0.00830106
 0.00830106 0.00830106 0.00830106 0.00830106 0.00830106 0.00830106]
Classification: 0.9996599217820099 0.9412962334577536 439
本轮采样概率阵: [0.34896231 0.00830106 0.00830106 0.00830106 0.00830106 0.00830106
 0.00830106 0.00830106 0.00830106 0.00830106 0.00830106 0.00830106
 0.00830106 0.00830106 0.00830106 0.00830106 0.00830106 0.00830106
 0.00830106 0.00830106 0.00830106 0.00830106 0.41860795 0.00830106
 0.00830106 0.00830106 0.00830106 0.00830106 0.00830106 0.00830106]
客户端选择掩码: [1.0, 1.0, 1.0, 1.0, 1.0, 0.0, 0.0, 0.0, 1.0, 1.0, 1.0, 0.0, 1.0, 1.0, 1.0, 1.0, 0.0, 0.0, 0.0, 0.0, 1.0, 1.0, 1.0, 0.0, 1.0, 1.0, 1.0, 1.0, 1.0, 1.0]
/mnt/data/user_liangzhiyu/envs/fedcsl/lib/python3.8/site-packages/sklearn/utils/validation.py:63: RuntimeWarning:  Orthogonal matching pursuit ended prematurely due to linear
dependence in the dictionary. The requested precision might not have been met.

  return f(*args, **kwargs)
稀疏向量: [-0.01300084  0.          0.          0.         -0.20001047  0.
  0.          0.          0.          0.          0.          0.
  0.          0.          0.          0.          0.          0.
  0.          0.          0.          0.          0.          0.
  1.21402027  0.          0.          0.          0.          0.        ]
更新后概率: [0.00835519 0.00835519 0.00835519 0.00835519 0.10835616 0.00835519
 0.00835519 0.00835519 0.00835519 0.00835519 0.00835519 0.00835519
 0.00835519 0.00835519 0.00835519 0.00835519 0.00835519 0.00835519
 0.00835519 0.00835519 0.00835519 0.00835519 0.00835519 0.00835519
 0.65769845 0.00835519 0.00835519 0.00835519 0.00835519 0.00835519]
Classification: 0.9996599217820099 0.9416355615880556 440
本轮采样概率阵: [0.00835519 0.00835519 0.00835519 0.00835519 0.10835616 0.00835519
 0.00835519 0.00835519 0.00835519 0.00835519 0.00835519 0.00835519
 0.00835519 0.00835519 0.00835519 0.00835519 0.00835519 0.00835519
 0.00835519 0.00835519 0.00835519 0.00835519 0.00835519 0.00835519
 0.65769845 0.00835519 0.00835519 0.00835519 0.00835519 0.00835519]
客户端选择掩码: [1.0, 1.0, 1.0, 0.0, 1.0, 0.0, 0.0, 1.0, 1.0, 0.0, 1.0, 1.0, 0.0, 1.0, 1.0, 0.0, 1.0, 0.0, 1.0, 0.0, 1.0, 1.0, 1.0, 1.0, 1.0, 1.0, 0.0, 1.0, 1.0, 1.0]
/mnt/data/user_liangzhiyu/envs/fedcsl/lib/python3.8/site-packages/sklearn/utils/validation.py:63: RuntimeWarning:  Orthogonal matching pursuit ended prematurely due to linear
dependence in the dictionary. The requested precision might not have been met.

  return f(*args, **kwargs)
稀疏向量: [ 0.11487737  0.          0.          0.         -0.1563478   1.04045715
  0.          0.          0.          0.          0.          0.
  0.          0.          0.          0.          0.          0.
  0.          0.          0.          0.          0.          0.
  0.          0.          0.          0.          0.          0.        ]
更新后概率: [0.32511549 0.00830011 0.00830011 0.00830011 0.4424813  0.00830011
 0.00830011 0.00830011 0.00830011 0.00830011 0.00830011 0.00830011
 0.00830011 0.00830011 0.00830011 0.00830011 0.00830011 0.00830011
 0.00830011 0.00830011 0.00830011 0.00830011 0.00830011 0.00830011
 0.00830011 0.00830011 0.00830011 0.00830011 0.00830011 0.00830011]
Classification: 0.9993198435640197 0.9412962334577536 441
本轮采样概率阵: [0.32511549 0.00830011 0.00830011 0.00830011 0.4424813  0.00830011
 0.00830011 0.00830011 0.00830011 0.00830011 0.00830011 0.00830011
 0.00830011 0.00830011 0.00830011 0.00830011 0.00830011 0.00830011
 0.00830011 0.00830011 0.00830011 0.00830011 0.00830011 0.00830011
 0.00830011 0.00830011 0.00830011 0.00830011 0.00830011 0.00830011]
客户端选择掩码: [1.0, 1.0, 1.0, 1.0, 1.0, 1.0, 1.0, 1.0, 0.0, 0.0, 0.0, 1.0, 1.0, 1.0, 1.0, 1.0, 1.0, 1.0, 1.0, 1.0, 1.0, 0.0, 1.0, 1.0, 0.0, 0.0, 1.0, 0.0, 0.0, 0.0]
/mnt/data/user_liangzhiyu/envs/fedcsl/lib/python3.8/site-packages/sklearn/utils/validation.py:63: RuntimeWarning:  Orthogonal matching pursuit ended prematurely due to linear
dependence in the dictionary. The requested precision might not have been met.

  return f(*args, **kwargs)
稀疏向量: [ 0.15705135  0.          0.          0.         -0.28513079  1.12693246
  0.          0.          0.          0.          0.          0.
  0.          0.          0.          0.          0.          0.
  0.          0.          0.          0.          0.          0.
  0.          0.          0.          0.          0.          0.        ]
更新后概率: [0.07748052 0.00836611 0.00836611 0.00836611 0.14066789 0.55596666
 0.00836611 0.00836611 0.00836611 0.00836611 0.00836611 0.00836611
 0.00836611 0.00836611 0.00836611 0.00836611 0.00836611 0.00836611
 0.00836611 0.00836611 0.00836611 0.00836611 0.00836611 0.00836611
 0.00836611 0.00836611 0.00836611 0.00836611 0.00836611 0.00836611]
Classification: 0.9996599217820099 0.9409569053274517 442
本轮采样概率阵: [0.07748052 0.00836611 0.00836611 0.00836611 0.14066789 0.55596666
 0.00836611 0.00836611 0.00836611 0.00836611 0.00836611 0.00836611
 0.00836611 0.00836611 0.00836611 0.00836611 0.00836611 0.00836611
 0.00836611 0.00836611 0.00836611 0.00836611 0.00836611 0.00836611
 0.00836611 0.00836611 0.00836611 0.00836611 0.00836611 0.00836611]
客户端选择掩码: [1.0, 1.0, 0.0, 1.0, 1.0, 1.0, 1.0, 1.0, 1.0, 1.0, 0.0, 1.0, 0.0, 1.0, 1.0, 1.0, 0.0, 1.0, 0.0, 1.0, 1.0, 1.0, 1.0, 0.0, 1.0, 0.0, 1.0, 1.0, 0.0, 0.0]
/mnt/data/user_liangzhiyu/envs/fedcsl/lib/python3.8/site-packages/sklearn/utils/validation.py:63: RuntimeWarning:  Orthogonal matching pursuit ended prematurely due to linear
dependence in the dictionary. The requested precision might not have been met.

  return f(*args, **kwargs)
稀疏向量: [0.07009602 0.         0.         0.         0.         0.
 0.         0.         0.         0.93116029 0.         0.
 0.         0.         0.         0.         0.         0.
 0.         0.         0.         0.         0.         0.
 0.         0.         0.         0.         0.         0.        ]
更新后概率: [0.05373665 0.00830079 0.00830079 0.00830079 0.00830079 0.00830079
 0.00830079 0.00830079 0.00830079 0.71384128 0.00830079 0.00830079
 0.00830079 0.00830079 0.00830079 0.00830079 0.00830079 0.00830079
 0.00830079 0.00830079 0.00830079 0.00830079 0.00830079 0.00830079
 0.00830079 0.00830079 0.00830079 0.00830079 0.00830079 0.00830079]
Classification: 0.9996599217820099 0.9416355615880556 443
本轮采样概率阵: [0.05373665 0.00830079 0.00830079 0.00830079 0.00830079 0.00830079
 0.00830079 0.00830079 0.00830079 0.71384128 0.00830079 0.00830079
 0.00830079 0.00830079 0.00830079 0.00830079 0.00830079 0.00830079
 0.00830079 0.00830079 0.00830079 0.00830079 0.00830079 0.00830079
 0.00830079 0.00830079 0.00830079 0.00830079 0.00830079 0.00830079]
客户端选择掩码: [1.0, 1.0, 0.0, 0.0, 1.0, 1.0, 1.0, 1.0, 1.0, 1.0, 1.0, 1.0, 0.0, 1.0, 1.0, 1.0, 0.0, 0.0, 0.0, 1.0, 1.0, 1.0, 0.0, 1.0, 0.0, 1.0, 0.0, 1.0, 1.0, 1.0]
/mnt/data/user_liangzhiyu/envs/fedcsl/lib/python3.8/site-packages/sklearn/utils/validation.py:63: RuntimeWarning:  Orthogonal matching pursuit ended prematurely due to linear
dependence in the dictionary. The requested precision might not have been met.

  return f(*args, **kwargs)
稀疏向量: [ 0.          0.          0.          0.         -0.31657284  0.
  0.          0.          0.          1.43312135  0.          0.
  0.          0.          0.          0.         -0.11454924  0.
  0.          0.          0.          0.          0.          0.
  0.          0.          0.          0.          0.          0.        ]
更新后概率: [0.00829674 0.00829674 0.00829674 0.00829674 0.13889868 0.00829674
 0.00829674 0.00829674 0.00829674 0.62879262 0.00829674 0.00829674
 0.00829674 0.00829674 0.00829674 0.00829674 0.00829674 0.00829674
 0.00829674 0.00829674 0.00829674 0.00829674 0.00829674 0.00829674
 0.00829674 0.00829674 0.00829674 0.00829674 0.00829674 0.00829674]
Classification: 0.9996599217820099 0.9406175771971497 444
本轮采样概率阵: [0.00829674 0.00829674 0.00829674 0.00829674 0.13889868 0.00829674
 0.00829674 0.00829674 0.00829674 0.62879262 0.00829674 0.00829674
 0.00829674 0.00829674 0.00829674 0.00829674 0.00829674 0.00829674
 0.00829674 0.00829674 0.00829674 0.00829674 0.00829674 0.00829674
 0.00829674 0.00829674 0.00829674 0.00829674 0.00829674 0.00829674]
客户端选择掩码: [1.0, 0.0, 0.0, 1.0, 1.0, 1.0, 1.0, 1.0, 0.0, 1.0, 0.0, 1.0, 0.0, 0.0, 1.0, 1.0, 1.0, 0.0, 1.0, 1.0, 0.0, 1.0, 1.0, 1.0, 0.0, 1.0, 1.0, 1.0, 1.0, 1.0]
/mnt/data/user_liangzhiyu/envs/fedcsl/lib/python3.8/site-packages/sklearn/utils/validation.py:63: RuntimeWarning:  Orthogonal matching pursuit ended prematurely due to linear
dependence in the dictionary. The requested precision might not have been met.

  return f(*args, **kwargs)
稀疏向量: [ 0.07775876  0.          0.          0.         -0.20855346  0.
  0.          0.          0.          0.          0.          0.
  0.          0.          0.          0.          0.          0.
  0.          0.          0.          0.          0.          0.
  1.13171469  0.          0.          0.          0.          0.        ]
更新后概率: [0.20849708 0.00829649 0.00829649 0.00829649 0.55920115 0.00829649
 0.00829649 0.00829649 0.00829649 0.00829649 0.00829649 0.00829649
 0.00829649 0.00829649 0.00829649 0.00829649 0.00829649 0.00829649
 0.00829649 0.00829649 0.00829649 0.00829649 0.00829649 0.00829649
 0.00829649 0.00829649 0.00829649 0.00829649 0.00829649 0.00829649]
Classification: 0.9996599217820099 0.9409569053274517 445
本轮采样概率阵: [0.20849708 0.00829649 0.00829649 0.00829649 0.55920115 0.00829649
 0.00829649 0.00829649 0.00829649 0.00829649 0.00829649 0.00829649
 0.00829649 0.00829649 0.00829649 0.00829649 0.00829649 0.00829649
 0.00829649 0.00829649 0.00829649 0.00829649 0.00829649 0.00829649
 0.00829649 0.00829649 0.00829649 0.00829649 0.00829649 0.00829649]
客户端选择掩码: [1.0, 1.0, 1.0, 1.0, 1.0, 1.0, 0.0, 0.0, 1.0, 0.0, 0.0, 1.0, 1.0, 1.0, 1.0, 1.0, 1.0, 0.0, 1.0, 1.0, 1.0, 1.0, 1.0, 1.0, 0.0, 0.0, 0.0, 1.0, 1.0, 0.0]
/mnt/data/user_liangzhiyu/envs/fedcsl/lib/python3.8/site-packages/sklearn/utils/validation.py:63: RuntimeWarning:  Orthogonal matching pursuit ended prematurely due to linear
dependence in the dictionary. The requested precision might not have been met.

  return f(*args, **kwargs)
稀疏向量: [0.02218088 0.         0.         0.         0.         0.97694113
 0.         0.         0.         0.         0.         0.
 0.         0.         0.         0.         0.         0.
 0.         0.         0.         0.         0.         0.
 0.         0.         0.         0.         0.         0.        ]
更新后概率: [0.0170432  0.00829647 0.00829647 0.00829647 0.00829647 0.75065555
 0.00829647 0.00829647 0.00829647 0.00829647 0.00829647 0.00829647
 0.00829647 0.00829647 0.00829647 0.00829647 0.00829647 0.00829647
 0.00829647 0.00829647 0.00829647 0.00829647 0.00829647 0.00829647
 0.00829647 0.00829647 0.00829647 0.00829647 0.00829647 0.00829647]
Classification: 0.9996599217820099 0.9412962334577536 446
本轮采样概率阵: [0.0170432  0.00829647 0.00829647 0.00829647 0.00829647 0.75065555
 0.00829647 0.00829647 0.00829647 0.00829647 0.00829647 0.00829647
 0.00829647 0.00829647 0.00829647 0.00829647 0.00829647 0.00829647
 0.00829647 0.00829647 0.00829647 0.00829647 0.00829647 0.00829647
 0.00829647 0.00829647 0.00829647 0.00829647 0.00829647 0.00829647]
客户端选择掩码: [1.0, 1.0, 1.0, 0.0, 1.0, 1.0, 1.0, 0.0, 1.0, 0.0, 0.0, 1.0, 1.0, 1.0, 0.0, 1.0, 1.0, 0.0, 0.0, 1.0, 1.0, 0.0, 1.0, 1.0, 1.0, 1.0, 1.0, 1.0, 1.0, 0.0]
/mnt/data/user_liangzhiyu/envs/fedcsl/lib/python3.8/site-packages/sklearn/utils/validation.py:63: RuntimeWarning:  Orthogonal matching pursuit ended prematurely due to linear
dependence in the dictionary. The requested precision might not have been met.

  return f(*args, **kwargs)
稀疏向量: [ 0.05562235  0.          0.          0.         -0.2282042   0.
  0.          0.          0.          0.          0.          0.
  0.          0.          0.          0.          0.          0.
  0.          0.          0.          0.          0.          0.
  1.17352565  0.          0.          0.          0.          0.        ]
更新后概率: [0.02954567 0.00836588 0.00836588 0.00836588 0.12121828 0.00836588
 0.00836588 0.00836588 0.00836588 0.00836588 0.00836588 0.00836588
 0.00836588 0.00836588 0.00836588 0.00836588 0.00836588 0.00836588
 0.00836588 0.00836588 0.00836588 0.00836588 0.00836588 0.00836588
 0.62335732 0.00836588 0.00836588 0.00836588 0.00836588 0.00836588]
Classification: 0.9996599217820099 0.9412962334577536 447
本轮采样概率阵: [0.02954567 0.00836588 0.00836588 0.00836588 0.12121828 0.00836588
 0.00836588 0.00836588 0.00836588 0.00836588 0.00836588 0.00836588
 0.00836588 0.00836588 0.00836588 0.00836588 0.00836588 0.00836588
 0.00836588 0.00836588 0.00836588 0.00836588 0.00836588 0.00836588
 0.62335732 0.00836588 0.00836588 0.00836588 0.00836588 0.00836588]
客户端选择掩码: [1.0, 1.0, 1.0, 0.0, 1.0, 1.0, 1.0, 0.0, 1.0, 1.0, 0.0, 1.0, 0.0, 1.0, 0.0, 1.0, 1.0, 1.0, 1.0, 1.0, 1.0, 1.0, 0.0, 0.0, 1.0, 0.0, 1.0, 1.0, 0.0, 1.0]
/mnt/data/user_liangzhiyu/envs/fedcsl/lib/python3.8/site-packages/sklearn/utils/validation.py:63: RuntimeWarning:  Orthogonal matching pursuit ended prematurely due to linear
dependence in the dictionary. The requested precision might not have been met.

  return f(*args, **kwargs)
稀疏向量: [0.08301368 0.         0.         0.         0.         0.
 0.         0.         0.         0.         0.         0.
 0.         0.         0.         0.         0.         0.
 0.         0.51514202 0.         0.39929318 0.         0.
 0.         0.         0.         0.         0.         0.        ]
更新后概率: [0.06441719 0.00837025 0.00837025 0.00837025 0.00837025 0.00837025
 0.00837025 0.00837025 0.00837025 0.00837025 0.00837025 0.00837025
 0.00837025 0.00837025 0.00837025 0.00837025 0.00837025 0.00837025
 0.00837025 0.39974134 0.00837025 0.30984463 0.00837025 0.00837025
 0.00837025 0.00837025 0.00837025 0.00837025 0.00837025 0.00837025]
Classification: 0.9996599217820099 0.9412962334577536 448
本轮采样概率阵: [0.06441719 0.00837025 0.00837025 0.00837025 0.00837025 0.00837025
 0.00837025 0.00837025 0.00837025 0.00837025 0.00837025 0.00837025
 0.00837025 0.00837025 0.00837025 0.00837025 0.00837025 0.00837025
 0.00837025 0.39974134 0.00837025 0.30984463 0.00837025 0.00837025
 0.00837025 0.00837025 0.00837025 0.00837025 0.00837025 0.00837025]
客户端选择掩码: [1.0, 1.0, 1.0, 1.0, 1.0, 1.0, 0.0, 1.0, 1.0, 0.0, 1.0, 0.0, 1.0, 1.0, 1.0, 1.0, 1.0, 0.0, 1.0, 1.0, 0.0, 1.0, 1.0, 1.0, 0.0, 0.0, 1.0, 1.0, 0.0, 0.0]
/mnt/data/user_liangzhiyu/envs/fedcsl/lib/python3.8/site-packages/sklearn/utils/validation.py:63: RuntimeWarning:  Orthogonal matching pursuit ended prematurely due to linear
dependence in the dictionary. The requested precision might not have been met.

  return f(*args, **kwargs)
稀疏向量: [0.2150815  0.         0.         0.         0.04313166 0.
 0.         0.         0.         0.         0.         0.
 0.         0.         0.         0.         0.6865455  0.
 0.         0.         0.         0.         0.         0.
 0.05408666 0.         0.         0.         0.         0.        ]
更新后概率: [0.17620601 0.00837053 0.00837053 0.00837053 0.03533571 0.00837053
 0.00837053 0.00837053 0.00837053 0.00837053 0.00837053 0.00837053
 0.00837053 0.00837053 0.00837053 0.00837053 0.56245398 0.00837053
 0.00837053 0.00837053 0.00837053 0.00837053 0.00837053 0.00837053
 0.00837053 0.00837053 0.00837053 0.00837053 0.00837053 0.00837053]
Classification: 0.9996599217820099 0.9416355615880556 449
本轮采样概率阵: [0.17620601 0.00837053 0.00837053 0.00837053 0.03533571 0.00837053
 0.00837053 0.00837053 0.00837053 0.00837053 0.00837053 0.00837053
 0.00837053 0.00837053 0.00837053 0.00837053 0.56245398 0.00837053
 0.00837053 0.00837053 0.00837053 0.00837053 0.00837053 0.00837053
 0.00837053 0.00837053 0.00837053 0.00837053 0.00837053 0.00837053]
客户端选择掩码: [1.0, 1.0, 1.0, 0.0, 1.0, 0.0, 1.0, 1.0, 1.0, 0.0, 1.0, 1.0, 1.0, 0.0, 1.0, 1.0, 1.0, 1.0, 1.0, 1.0, 1.0, 1.0, 1.0, 0.0, 0.0, 1.0, 0.0, 1.0, 0.0, 0.0]
/mnt/data/user_liangzhiyu/envs/fedcsl/lib/python3.8/site-packages/sklearn/utils/validation.py:63: RuntimeWarning:  Orthogonal matching pursuit ended prematurely due to linear
dependence in the dictionary. The requested precision might not have been met.

  return f(*args, **kwargs)
稀疏向量: [ 0.63493013  0.          0.          0.          0.         -0.8920337
  0.          0.          0.          0.          1.2578942   0.
  0.          0.          0.          0.          0.          0.
  0.          0.          0.          0.          0.          0.
  0.          0.          0.          0.          0.          0.        ]
更新后概率: [0.25747423 0.00830106 0.00830106 0.00830106 0.00830106 0.00830106
 0.00830106 0.00830106 0.00830106 0.00830106 0.51009603 0.00830106
 0.00830106 0.00830106 0.00830106 0.00830106 0.00830106 0.00830106
 0.00830106 0.00830106 0.00830106 0.00830106 0.00830106 0.00830106
 0.00830106 0.00830106 0.00830106 0.00830106 0.00830106 0.00830106]
Classification: 0.9996599217820099 0.9416355615880556 450
本轮采样概率阵: [0.25747423 0.00830106 0.00830106 0.00830106 0.00830106 0.00830106
 0.00830106 0.00830106 0.00830106 0.00830106 0.51009603 0.00830106
 0.00830106 0.00830106 0.00830106 0.00830106 0.00830106 0.00830106
 0.00830106 0.00830106 0.00830106 0.00830106 0.00830106 0.00830106
 0.00830106 0.00830106 0.00830106 0.00830106 0.00830106 0.00830106]
客户端选择掩码: [1.0, 0.0, 1.0, 0.0, 1.0, 1.0, 0.0, 1.0, 1.0, 1.0, 1.0, 0.0, 1.0, 0.0, 1.0, 1.0, 1.0, 1.0, 1.0, 1.0, 0.0, 1.0, 1.0, 1.0, 0.0, 0.0, 1.0, 0.0, 1.0, 1.0]
/mnt/data/user_liangzhiyu/envs/fedcsl/lib/python3.8/site-packages/sklearn/utils/validation.py:63: RuntimeWarning:  Orthogonal matching pursuit ended prematurely due to linear
dependence in the dictionary. The requested precision might not have been met.

  return f(*args, **kwargs)
稀疏向量: [-0.08942515  0.          0.          0.          0.          0.
  0.          0.          0.          0.          0.          1.08942396
  0.          0.          0.          0.          0.          0.
  0.          0.          0.          0.          0.          0.
  0.          0.          0.          0.          0.          0.        ]
更新后概率: [0.76137351 0.0082285  0.0082285  0.0082285  0.0082285  0.0082285
 0.0082285  0.0082285  0.0082285  0.0082285  0.0082285  0.0082285
 0.0082285  0.0082285  0.0082285  0.0082285  0.0082285  0.0082285
 0.0082285  0.0082285  0.0082285  0.0082285  0.0082285  0.0082285
 0.0082285  0.0082285  0.0082285  0.0082285  0.0082285  0.0082285 ]
Classification: 0.9996599217820099 0.9412962334577536 451
本轮采样概率阵: [0.76137351 0.0082285  0.0082285  0.0082285  0.0082285  0.0082285
 0.0082285  0.0082285  0.0082285  0.0082285  0.0082285  0.0082285
 0.0082285  0.0082285  0.0082285  0.0082285  0.0082285  0.0082285
 0.0082285  0.0082285  0.0082285  0.0082285  0.0082285  0.0082285
 0.0082285  0.0082285  0.0082285  0.0082285  0.0082285  0.0082285 ]
客户端选择掩码: [1.0, 0.0, 1.0, 0.0, 1.0, 1.0, 1.0, 1.0, 1.0, 1.0, 1.0, 0.0, 1.0, 0.0, 1.0, 1.0, 1.0, 0.0, 0.0, 0.0, 1.0, 0.0, 1.0, 0.0, 1.0, 1.0, 1.0, 1.0, 1.0, 1.0]
/mnt/data/user_liangzhiyu/envs/fedcsl/lib/python3.8/site-packages/sklearn/utils/validation.py:63: RuntimeWarning:  Orthogonal matching pursuit ended prematurely due to linear
dependence in the dictionary. The requested precision might not have been met.

  return f(*args, **kwargs)
稀疏向量: [ 1.28422031  0.          0.         -3.09950741  0.55562048  0.
  0.          0.          0.          0.          0.          0.
  0.          0.          0.          0.          0.          0.
  0.          0.          0.          0.          2.24884994  0.
  0.          0.          0.          0.          0.          0.        ]
更新后概率: [0.24318069 0.0083616  0.0083616  0.0083616  0.10521261 0.0083616
 0.0083616  0.0083616  0.0083616  0.0083616  0.0083616  0.0083616
 0.0083616  0.0083616  0.0083616  0.0083616  0.0083616  0.0083616
 0.0083616  0.0083616  0.0083616  0.0083616  0.42584351 0.0083616
 0.0083616  0.0083616  0.0083616  0.0083616  0.0083616  0.0083616 ]
Classification: 0.9996599217820099 0.9423142178486597 452
本轮采样概率阵: [0.24318069 0.0083616  0.0083616  0.0083616  0.10521261 0.0083616
 0.0083616  0.0083616  0.0083616  0.0083616  0.0083616  0.0083616
 0.0083616  0.0083616  0.0083616  0.0083616  0.0083616  0.0083616
 0.0083616  0.0083616  0.0083616  0.0083616  0.42584351 0.0083616
 0.0083616  0.0083616  0.0083616  0.0083616  0.0083616  0.0083616 ]
客户端选择掩码: [1.0, 0.0, 0.0, 0.0, 1.0, 1.0, 0.0, 1.0, 1.0, 1.0, 0.0, 1.0, 0.0, 1.0, 1.0, 1.0, 0.0, 1.0, 0.0, 1.0, 1.0, 1.0, 1.0, 1.0, 1.0, 1.0, 1.0, 1.0, 0.0, 1.0]
/mnt/data/user_liangzhiyu/envs/fedcsl/lib/python3.8/site-packages/sklearn/utils/validation.py:63: RuntimeWarning:  Orthogonal matching pursuit ended prematurely due to linear
dependence in the dictionary. The requested precision might not have been met.

  return f(*args, **kwargs)
稀疏向量: [0.3060959  0.         0.         0.         0.2421687  0.0058548
 0.         0.         0.         0.         0.         0.
 0.44578406 0.         0.         0.         0.         0.
 0.         0.         0.         0.         0.         0.
 0.         0.         0.         0.         0.         0.        ]
更新后概率: [0.42748183 0.00836838 0.00836838 0.00836838 0.33820355 0.00836838
 0.00836838 0.00836838 0.00836838 0.00836838 0.00836838 0.00836838
 0.00836838 0.00836838 0.00836838 0.00836838 0.00836838 0.00836838
 0.00836838 0.00836838 0.00836838 0.00836838 0.00836838 0.00836838
 0.00836838 0.00836838 0.00836838 0.00836838 0.00836838 0.00836838]
Classification: 0.9993198435640197 0.9416355615880556 453
本轮采样概率阵: [0.42748183 0.00836838 0.00836838 0.00836838 0.33820355 0.00836838
 0.00836838 0.00836838 0.00836838 0.00836838 0.00836838 0.00836838
 0.00836838 0.00836838 0.00836838 0.00836838 0.00836838 0.00836838
 0.00836838 0.00836838 0.00836838 0.00836838 0.00836838 0.00836838
 0.00836838 0.00836838 0.00836838 0.00836838 0.00836838 0.00836838]
客户端选择掩码: [1.0, 1.0, 1.0, 1.0, 1.0, 0.0, 0.0, 1.0, 1.0, 1.0, 0.0, 1.0, 1.0, 0.0, 1.0, 0.0, 1.0, 1.0, 1.0, 1.0, 1.0, 0.0, 1.0, 0.0, 0.0, 1.0, 1.0, 1.0, 0.0, 1.0]
/mnt/data/user_liangzhiyu/envs/fedcsl/lib/python3.8/site-packages/sklearn/utils/validation.py:63: RuntimeWarning:  Orthogonal matching pursuit ended prematurely due to linear
dependence in the dictionary. The requested precision might not have been met.

  return f(*args, **kwargs)
稀疏向量: [0.26048999 0.         0.         0.         0.         0.
 0.         0.         0.         0.         0.         0.
 0.36863927 0.         0.         0.         0.         0.
 0.         0.         0.         0.         0.         0.
 0.         0.         0.         0.37054483 0.         0.        ]
更新后概率: [0.2016847  0.00837041 0.00837041 0.00837041 0.00837041 0.00837041
 0.00837041 0.00837041 0.00837041 0.00837041 0.00837041 0.00837041
 0.28541941 0.00837041 0.00837041 0.00837041 0.00837041 0.00837041
 0.00837041 0.00837041 0.00837041 0.00837041 0.00837041 0.00837041
 0.00837041 0.00837041 0.00837041 0.28689479 0.00837041 0.00837041]
Classification: 0.9996599217820099 0.9426535459789617 454
本轮采样概率阵: [0.2016847  0.00837041 0.00837041 0.00837041 0.00837041 0.00837041
 0.00837041 0.00837041 0.00837041 0.00837041 0.00837041 0.00837041
 0.28541941 0.00837041 0.00837041 0.00837041 0.00837041 0.00837041
 0.00837041 0.00837041 0.00837041 0.00837041 0.00837041 0.00837041
 0.00837041 0.00837041 0.00837041 0.28689479 0.00837041 0.00837041]
客户端选择掩码: [1.0, 0.0, 0.0, 1.0, 1.0, 1.0, 0.0, 0.0, 1.0, 0.0, 1.0, 1.0, 1.0, 1.0, 1.0, 1.0, 1.0, 0.0, 0.0, 1.0, 1.0, 0.0, 1.0, 0.0, 1.0, 1.0, 1.0, 1.0, 1.0, 1.0]
/mnt/data/user_liangzhiyu/envs/fedcsl/lib/python3.8/site-packages/sklearn/utils/validation.py:63: RuntimeWarning:  Orthogonal matching pursuit ended prematurely due to linear
dependence in the dictionary. The requested precision might not have been met.

  return f(*args, **kwargs)
稀疏向量: [0.19154419 0.         0.         0.         0.         0.2963094
 0.         0.         0.         0.         0.         0.
 0.51166318 0.         0.         0.         0.         0.
 0.         0.         0.         0.         0.         0.
 0.         0.         0.         0.         0.         0.        ]
更新后概率: [0.14832601 0.00837054 0.00837054 0.00837054 0.00837054 0.229453
 0.00837054 0.00837054 0.00837054 0.00837054 0.00837054 0.00837054
 0.39621643 0.00837054 0.00837054 0.00837054 0.00837054 0.00837054
 0.00837054 0.00837054 0.00837054 0.00837054 0.00837054 0.00837054
 0.00837054 0.00837054 0.00837054 0.00837054 0.00837054 0.00837054]
Classification: 0.9993198435640197 0.9409569053274517 455
本轮采样概率阵: [0.14832601 0.00837054 0.00837054 0.00837054 0.00837054 0.229453
 0.00837054 0.00837054 0.00837054 0.00837054 0.00837054 0.00837054
 0.39621643 0.00837054 0.00837054 0.00837054 0.00837054 0.00837054
 0.00837054 0.00837054 0.00837054 0.00837054 0.00837054 0.00837054
 0.00837054 0.00837054 0.00837054 0.00837054 0.00837054 0.00837054]
客户端选择掩码: [1.0, 1.0, 1.0, 1.0, 1.0, 1.0, 1.0, 1.0, 0.0, 1.0, 1.0, 1.0, 1.0, 1.0, 0.0, 0.0, 0.0, 0.0, 1.0, 0.0, 0.0, 1.0, 1.0, 1.0, 1.0, 1.0, 1.0, 1.0, 0.0, 0.0]
/mnt/data/user_liangzhiyu/envs/fedcsl/lib/python3.8/site-packages/sklearn/utils/validation.py:63: RuntimeWarning:  Orthogonal matching pursuit ended prematurely due to linear
dependence in the dictionary. The requested precision might not have been met.

  return f(*args, **kwargs)
稀疏向量: [ 0.62234317  0.          0.          0.          0.          0.
  0.          0.          0.          0.          0.         -0.4774342
  0.          0.          0.          0.          0.          0.
  0.          0.          0.          0.          0.85247988  0.
  0.          0.          0.          0.          0.          0.        ]
更新后概率: [0.24673523 0.00837055 0.00837055 0.00837055 0.00837055 0.00837055
 0.00837055 0.00837055 0.00837055 0.00837055 0.00837055 0.18928437
 0.00837055 0.00837055 0.00837055 0.00837055 0.00837055 0.00837055
 0.00837055 0.00837055 0.00837055 0.00837055 0.33797562 0.00837055
 0.00837055 0.00837055 0.00837055 0.00837055 0.00837055 0.00837055]
Classification: 0.9996599217820099 0.9409569053274517 456
本轮采样概率阵: [0.24673523 0.00837055 0.00837055 0.00837055 0.00837055 0.00837055
 0.00837055 0.00837055 0.00837055 0.00837055 0.00837055 0.18928437
 0.00837055 0.00837055 0.00837055 0.00837055 0.00837055 0.00837055
 0.00837055 0.00837055 0.00837055 0.00837055 0.33797562 0.00837055
 0.00837055 0.00837055 0.00837055 0.00837055 0.00837055 0.00837055]
客户端选择掩码: [1.0, 1.0, 1.0, 0.0, 1.0, 1.0, 0.0, 1.0, 0.0, 1.0, 0.0, 1.0, 0.0, 1.0, 1.0, 1.0, 0.0, 0.0, 1.0, 1.0, 1.0, 1.0, 1.0, 0.0, 1.0, 1.0, 0.0, 1.0, 1.0, 1.0]
/mnt/data/user_liangzhiyu/envs/fedcsl/lib/python3.8/site-packages/sklearn/utils/validation.py:63: RuntimeWarning:  Orthogonal matching pursuit ended prematurely due to linear
dependence in the dictionary. The requested precision might not have been met.

  return f(*args, **kwargs)
稀疏向量: [0.30167892 0.         0.         0.         0.         0.
 0.         0.         0.         0.         0.         0.
 0.         0.         0.         0.         0.         0.
 0.         0.         0.         0.         0.48642444 0.
 0.         0.21068555 0.         0.         0.         0.        ]
更新后概率: [0.23378117 0.00837055 0.00837055 0.00837055 0.00837055 0.00837055
 0.00837055 0.00837055 0.00837055 0.00837055 0.00837055 0.00837055
 0.00837055 0.00837055 0.00837055 0.00837055 0.00837055 0.00837055
 0.00837055 0.00837055 0.00837055 0.00837055 0.3769467  0.00837055
 0.00837055 0.16326733 0.00837055 0.00837055 0.00837055 0.00837055]
Classification: 0.9996599217820099 0.9412962334577536 457
本轮采样概率阵: [0.23378117 0.00837055 0.00837055 0.00837055 0.00837055 0.00837055
 0.00837055 0.00837055 0.00837055 0.00837055 0.00837055 0.00837055
 0.00837055 0.00837055 0.00837055 0.00837055 0.00837055 0.00837055
 0.00837055 0.00837055 0.00837055 0.00837055 0.3769467  0.00837055
 0.00837055 0.16326733 0.00837055 0.00837055 0.00837055 0.00837055]
客户端选择掩码: [1.0, 1.0, 1.0, 1.0, 1.0, 0.0, 1.0, 0.0, 1.0, 1.0, 0.0, 1.0, 1.0, 0.0, 0.0, 1.0, 0.0, 1.0, 0.0, 1.0, 1.0, 1.0, 1.0, 1.0, 1.0, 1.0, 0.0, 1.0, 1.0, 0.0]
/mnt/data/user_liangzhiyu/envs/fedcsl/lib/python3.8/site-packages/sklearn/utils/validation.py:63: RuntimeWarning:  Orthogonal matching pursuit ended prematurely due to linear
dependence in the dictionary. The requested precision might not have been met.

  return f(*args, **kwargs)
稀疏向量: [ 0.          0.          0.          0.          0.          0.
  0.          0.          0.          0.          0.          0.70493203
 -0.60382533  0.          0.          0.          0.89758922  0.
  0.          0.          0.          0.          0.          0.
  0.          0.          0.          0.          0.          0.        ]
更新后概率: [0.00830106 0.00830106 0.00830106 0.00830106 0.00830106 0.00830106
 0.00830106 0.00830106 0.00830106 0.00830106 0.00830106 0.41343404
 0.35413619 0.00830106 0.00830106 0.00830106 0.00830106 0.00830106
 0.00830106 0.00830106 0.00830106 0.00830106 0.00830106 0.00830106
 0.00830106 0.00830106 0.00830106 0.00830106 0.00830106 0.00830106]
Classification: 0.9996599217820099 0.9412962334577536 458
本轮采样概率阵: [0.00830106 0.00830106 0.00830106 0.00830106 0.00830106 0.00830106
 0.00830106 0.00830106 0.00830106 0.00830106 0.00830106 0.41343404
 0.35413619 0.00830106 0.00830106 0.00830106 0.00830106 0.00830106
 0.00830106 0.00830106 0.00830106 0.00830106 0.00830106 0.00830106
 0.00830106 0.00830106 0.00830106 0.00830106 0.00830106 0.00830106]
客户端选择掩码: [0.0, 1.0, 1.0, 1.0, 0.0, 1.0, 1.0, 0.0, 0.0, 0.0, 1.0, 1.0, 1.0, 1.0, 0.0, 1.0, 1.0, 1.0, 1.0, 0.0, 1.0, 1.0, 1.0, 1.0, 1.0, 0.0, 0.0, 1.0, 1.0, 1.0]
/mnt/data/user_liangzhiyu/envs/fedcsl/lib/python3.8/site-packages/sklearn/utils/validation.py:63: RuntimeWarning:  Orthogonal matching pursuit ended prematurely due to linear
dependence in the dictionary. The requested precision might not have been met.

  return f(*args, **kwargs)
稀疏向量: [ 0.16853906  0.          0.          0.         -0.34840817  0.
  0.          0.          0.          0.          0.          0.
  0.          0.          0.          0.          0.          0.
  0.          0.          1.17971599  0.          0.          0.
  0.          0.          0.          0.          0.          0.        ]
更新后概率: [0.00822849 0.00822849 0.00822849 0.00822849 0.00822849 0.00822849
 0.00822849 0.00822849 0.00822849 0.00822849 0.00822849 0.00822849
 0.00822849 0.00822849 0.00822849 0.00822849 0.00822849 0.00822849
 0.00822849 0.00822849 0.76137388 0.00822849 0.00822849 0.00822849
 0.00822849 0.00822849 0.00822849 0.00822849 0.00822849 0.00822849]
Classification: 0.9996599217820099 0.9416355615880556 459
本轮采样概率阵: [0.00822849 0.00822849 0.00822849 0.00822849 0.00822849 0.00822849
 0.00822849 0.00822849 0.00822849 0.00822849 0.00822849 0.00822849
 0.00822849 0.00822849 0.00822849 0.00822849 0.00822849 0.00822849
 0.00822849 0.00822849 0.76137388 0.00822849 0.00822849 0.00822849
 0.00822849 0.00822849 0.00822849 0.00822849 0.00822849 0.00822849]
客户端选择掩码: [1.0, 1.0, 0.0, 0.0, 1.0, 0.0, 1.0, 1.0, 1.0, 1.0, 1.0, 0.0, 1.0, 1.0, 1.0, 1.0, 1.0, 1.0, 0.0, 1.0, 1.0, 1.0, 0.0, 1.0, 1.0, 0.0, 0.0, 0.0, 1.0, 1.0]
/mnt/data/user_liangzhiyu/envs/fedcsl/lib/python3.8/site-packages/sklearn/utils/validation.py:63: RuntimeWarning:  Orthogonal matching pursuit ended prematurely due to linear
dependence in the dictionary. The requested precision might not have been met.

  return f(*args, **kwargs)
稀疏向量: [0.25538641 0.         0.         0.         0.         0.
 0.         0.         0.         0.31076671 0.         0.
 0.         0.         0.         0.         0.         0.
 0.43387649 0.         0.         0.         0.         0.
 0.         0.         0.         0.         0.         0.        ]
更新后概率: [0.34635494 0.00829226 0.00829226 0.00829226 0.00829226 0.00829226
 0.00829226 0.00829226 0.00829226 0.42146168 0.00829226 0.00829226
 0.00829226 0.00829226 0.00829226 0.00829226 0.00829226 0.00829226
 0.00829226 0.00829226 0.00829226 0.00829226 0.00829226 0.00829226
 0.00829226 0.00829226 0.00829226 0.00829226 0.00829226 0.00829226]
Classification: 0.9996599217820099 0.9402782490668476 460
本轮采样概率阵: [0.34635494 0.00829226 0.00829226 0.00829226 0.00829226 0.00829226
 0.00829226 0.00829226 0.00829226 0.42146168 0.00829226 0.00829226
 0.00829226 0.00829226 0.00829226 0.00829226 0.00829226 0.00829226
 0.00829226 0.00829226 0.00829226 0.00829226 0.00829226 0.00829226
 0.00829226 0.00829226 0.00829226 0.00829226 0.00829226 0.00829226]
客户端选择掩码: [1.0, 0.0, 0.0, 0.0, 1.0, 1.0, 0.0, 1.0, 1.0, 1.0, 1.0, 0.0, 1.0, 0.0, 1.0, 1.0, 0.0, 1.0, 1.0, 0.0, 1.0, 1.0, 0.0, 1.0, 1.0, 1.0, 1.0, 1.0, 1.0, 1.0]
/mnt/data/user_liangzhiyu/envs/fedcsl/lib/python3.8/site-packages/sklearn/utils/validation.py:63: RuntimeWarning:  Orthogonal matching pursuit ended prematurely due to linear
dependence in the dictionary. The requested precision might not have been met.

  return f(*args, **kwargs)
稀疏向量: [ 0.1812669   0.          0.          0.         -0.30964153  0.
  0.          0.          0.          0.          0.          0.
  0.          0.          0.          0.          0.          0.
  0.          0.          0.          0.          0.          0.
  0.          0.          0.          1.12775343  0.          0.        ]
更新后概率: [0.08669127 0.00836561 0.00836561 0.00836561 0.14808671 0.00836561
 0.00836561 0.00836561 0.00836561 0.00836561 0.00836561 0.00836561
 0.00836561 0.00836561 0.00836561 0.00836561 0.00836561 0.00836561
 0.00836561 0.00836561 0.00836561 0.00836561 0.00836561 0.00836561
 0.00836561 0.00836561 0.00836561 0.53935044 0.00836561 0.00836561]
Classification: 0.9996599217820099 0.9409569053274517 461
本轮采样概率阵: [0.08669127 0.00836561 0.00836561 0.00836561 0.14808671 0.00836561
 0.00836561 0.00836561 0.00836561 0.00836561 0.00836561 0.00836561
 0.00836561 0.00836561 0.00836561 0.00836561 0.00836561 0.00836561
 0.00836561 0.00836561 0.00836561 0.00836561 0.00836561 0.00836561
 0.00836561 0.00836561 0.00836561 0.53935044 0.00836561 0.00836561]
客户端选择掩码: [1.0, 1.0, 0.0, 1.0, 1.0, 0.0, 1.0, 1.0, 0.0, 1.0, 0.0, 0.0, 1.0, 1.0, 0.0, 1.0, 1.0, 0.0, 1.0, 0.0, 1.0, 1.0, 1.0, 1.0, 1.0, 1.0, 0.0, 1.0, 1.0, 1.0]
/mnt/data/user_liangzhiyu/envs/fedcsl/lib/python3.8/site-packages/sklearn/utils/validation.py:63: RuntimeWarning:  Orthogonal matching pursuit ended prematurely due to linear
dependence in the dictionary. The requested precision might not have been met.

  return f(*args, **kwargs)
稀疏向量: [ 0.          0.          0.          1.09181448  0.          0.
  0.          0.          0.          0.          0.          0.
  0.          0.          0.          0.         -0.09024266  0.
  0.          0.          0.          0.          0.          0.
  0.          0.          0.          0.          0.          0.        ]
更新后概率: [0.00830076 0.00830076 0.00830076 0.70897895 0.00830076 0.00830076
 0.00830076 0.00830076 0.00830076 0.00830076 0.00830076 0.00830076
 0.00830076 0.00830076 0.00830076 0.00830076 0.05859984 0.00830076
 0.00830076 0.00830076 0.00830076 0.00830076 0.00830076 0.00830076
 0.00830076 0.00830076 0.00830076 0.00830076 0.00830076 0.00830076]
Classification: 0.9996599217820099 0.9412962334577536 462
本轮采样概率阵: [0.00830076 0.00830076 0.00830076 0.70897895 0.00830076 0.00830076
 0.00830076 0.00830076 0.00830076 0.00830076 0.00830076 0.00830076
 0.00830076 0.00830076 0.00830076 0.00830076 0.05859984 0.00830076
 0.00830076 0.00830076 0.00830076 0.00830076 0.00830076 0.00830076
 0.00830076 0.00830076 0.00830076 0.00830076 0.00830076 0.00830076]
客户端选择掩码: [1.0, 1.0, 1.0, 1.0, 1.0, 0.0, 1.0, 1.0, 0.0, 1.0, 1.0, 1.0, 0.0, 1.0, 1.0, 1.0, 1.0, 1.0, 0.0, 1.0, 1.0, 0.0, 0.0, 0.0, 1.0, 0.0, 1.0, 1.0, 1.0, 0.0]
/mnt/data/user_liangzhiyu/envs/fedcsl/lib/python3.8/site-packages/sklearn/utils/validation.py:63: RuntimeWarning:  Orthogonal matching pursuit ended prematurely due to linear
dependence in the dictionary. The requested precision might not have been met.

  return f(*args, **kwargs)
稀疏向量: [0.09966807 0.         0.         0.         0.         0.
 0.         0.         0.         0.         0.         0.
 0.         0.         0.         0.         0.         0.
 0.         0.         0.         0.         0.         0.
 0.90110421 0.         0.         0.         0.         0.        ]
更新后概率: [0.07645527 0.00829674 0.00829674 0.00829674 0.00829674 0.00829674
 0.00829674 0.00829674 0.00829674 0.00829674 0.00829674 0.00829674
 0.00829674 0.00829674 0.00829674 0.00829674 0.00829674 0.00829674
 0.00829674 0.00829674 0.00829674 0.00829674 0.00829674 0.00829674
 0.69123607 0.00829674 0.00829674 0.00829674 0.00829674 0.00829674]
Classification: 0.9996599217820099 0.9402782490668476 463
本轮采样概率阵: [0.07645527 0.00829674 0.00829674 0.00829674 0.00829674 0.00829674
 0.00829674 0.00829674 0.00829674 0.00829674 0.00829674 0.00829674
 0.00829674 0.00829674 0.00829674 0.00829674 0.00829674 0.00829674
 0.00829674 0.00829674 0.00829674 0.00829674 0.00829674 0.00829674
 0.69123607 0.00829674 0.00829674 0.00829674 0.00829674 0.00829674]
客户端选择掩码: [1.0, 0.0, 0.0, 1.0, 1.0, 0.0, 1.0, 1.0, 1.0, 0.0, 1.0, 1.0, 1.0, 1.0, 1.0, 0.0, 0.0, 1.0, 1.0, 1.0, 0.0, 1.0, 1.0, 0.0, 1.0, 0.0, 1.0, 1.0, 1.0, 1.0]
/mnt/data/user_liangzhiyu/envs/fedcsl/lib/python3.8/site-packages/sklearn/utils/validation.py:63: RuntimeWarning:  Orthogonal matching pursuit ended prematurely due to linear
dependence in the dictionary. The requested precision might not have been met.

  return f(*args, **kwargs)
稀疏向量: [ 0.          0.          0.          0.          0.          1.94196445
  0.          0.          0.          0.          0.          0.
  0.          0.          0.          0.          0.          0.
  0.         -0.94042059  0.          0.          0.          0.
  0.          0.          0.          0.          0.          0.        ]
更新后概率: [0.00822822 0.00822822 0.00822822 0.00822822 0.00822822 0.00822822
 0.00822822 0.00822822 0.00822822 0.00822822 0.00822822 0.00822822
 0.00822822 0.00822822 0.00822822 0.00822822 0.00822822 0.00822822
 0.00822822 0.76138152 0.00822822 0.00822822 0.00822822 0.00822822
 0.00822822 0.00822822 0.00822822 0.00822822 0.00822822 0.00822822]
Classification: 0.9996599217820099 0.9409569053274517 464
本轮采样概率阵: [0.00822822 0.00822822 0.00822822 0.00822822 0.00822822 0.00822822
 0.00822822 0.00822822 0.00822822 0.00822822 0.00822822 0.00822822
 0.00822822 0.00822822 0.00822822 0.00822822 0.00822822 0.00822822
 0.00822822 0.76138152 0.00822822 0.00822822 0.00822822 0.00822822
 0.00822822 0.00822822 0.00822822 0.00822822 0.00822822 0.00822822]
客户端选择掩码: [0.0, 1.0, 1.0, 1.0, 1.0, 1.0, 1.0, 1.0, 1.0, 1.0, 0.0, 1.0, 1.0, 1.0, 1.0, 1.0, 1.0, 1.0, 1.0, 1.0, 0.0, 0.0, 0.0, 0.0, 0.0, 1.0, 1.0, 0.0, 1.0, 0.0]
/mnt/data/user_liangzhiyu/envs/fedcsl/lib/python3.8/site-packages/sklearn/utils/validation.py:63: RuntimeWarning:  Orthogonal matching pursuit ended prematurely due to linear
dependence in the dictionary. The requested precision might not have been met.

  return f(*args, **kwargs)
稀疏向量: [  6.51357189   0.           0.           0.          -8.77693209
   0.           0.           0.         -30.69563991  33.95941119
   0.           0.           0.           0.           0.
   0.           0.           0.           0.           0.
   0.           0.           0.           0.           0.
   0.           0.           0.           0.           0.        ]
更新后概率: [0.00836158 0.00836158 0.00836158 0.00836158 0.09254044 0.00836158
 0.00836158 0.00836158 0.32364248 0.35805437 0.00836158 0.00836158
 0.00836158 0.00836158 0.00836158 0.00836158 0.00836158 0.00836158
 0.00836158 0.00836158 0.00836158 0.00836158 0.00836158 0.00836158
 0.00836158 0.00836158 0.00836158 0.00836158 0.00836158 0.00836158]
Classification: 0.999829960891005 0.9392602646759416 465
本轮采样概率阵: [0.00836158 0.00836158 0.00836158 0.00836158 0.09254044 0.00836158
 0.00836158 0.00836158 0.32364248 0.35805437 0.00836158 0.00836158
 0.00836158 0.00836158 0.00836158 0.00836158 0.00836158 0.00836158
 0.00836158 0.00836158 0.00836158 0.00836158 0.00836158 0.00836158
 0.00836158 0.00836158 0.00836158 0.00836158 0.00836158 0.00836158]
客户端选择掩码: [1.0, 1.0, 1.0, 1.0, 1.0, 0.0, 1.0, 1.0, 1.0, 1.0, 1.0, 0.0, 0.0, 1.0, 0.0, 1.0, 0.0, 0.0, 0.0, 1.0, 0.0, 1.0, 1.0, 1.0, 1.0, 1.0, 1.0, 1.0, 1.0, 0.0]
/mnt/data/user_liangzhiyu/envs/fedcsl/lib/python3.8/site-packages/sklearn/utils/validation.py:63: RuntimeWarning:  Orthogonal matching pursuit ended prematurely due to linear
dependence in the dictionary. The requested precision might not have been met.

  return f(*args, **kwargs)
稀疏向量: [0.10456037 0.         0.         0.         0.         0.
 0.         0.         0.         0.         0.         0.
 0.         0.         0.         0.         0.         0.
 0.         0.         0.         0.         0.         0.
 0.         0.         0.36084322 0.         0.         0.53559203]
更新后概率: [0.17245043 0.00830051 0.00830051 0.00830051 0.00830051 0.00830051
 0.00830051 0.00830051 0.00830051 0.00830051 0.00830051 0.00830051
 0.00830051 0.00830051 0.00830051 0.00830051 0.00830051 0.00830051
 0.00830051 0.00830051 0.00830051 0.00830051 0.00830051 0.00830051
 0.00830051 0.00830051 0.59513531 0.00830051 0.00830051 0.00830051]
Classification: 0.9996599217820099 0.9402782490668476 466
本轮采样概率阵: [0.17245043 0.00830051 0.00830051 0.00830051 0.00830051 0.00830051
 0.00830051 0.00830051 0.00830051 0.00830051 0.00830051 0.00830051
 0.00830051 0.00830051 0.00830051 0.00830051 0.00830051 0.00830051
 0.00830051 0.00830051 0.00830051 0.00830051 0.00830051 0.00830051
 0.00830051 0.00830051 0.59513531 0.00830051 0.00830051 0.00830051]
客户端选择掩码: [1.0, 0.0, 1.0, 1.0, 1.0, 1.0, 0.0, 0.0, 1.0, 0.0, 1.0, 1.0, 1.0, 1.0, 1.0, 1.0, 0.0, 0.0, 1.0, 1.0, 1.0, 1.0, 1.0, 0.0, 0.0, 0.0, 1.0, 1.0, 1.0, 1.0]
/mnt/data/user_liangzhiyu/envs/fedcsl/lib/python3.8/site-packages/sklearn/utils/validation.py:63: RuntimeWarning:  Orthogonal matching pursuit ended prematurely due to linear
dependence in the dictionary. The requested precision might not have been met.

  return f(*args, **kwargs)
稀疏向量: [-0.06294797  0.          0.          0.          0.          4.33485052
  0.          0.          0.          0.          0.          0.
  0.          0.          0.          0.          0.          0.
  0.          0.          0.         -3.27000164  0.          0.
  0.          0.          0.          0.          0.          0.        ]
更新后概率: [0.00834934 0.00834934 0.00834934 0.00834934 0.00834934 0.43675306
 0.00834934 0.00834934 0.00834934 0.00834934 0.00834934 0.00834934
 0.00834934 0.00834934 0.00834934 0.00834934 0.00834934 0.00834934
 0.00834934 0.00834934 0.00834934 0.32946539 0.00834934 0.00834934
 0.00834934 0.00834934 0.00834934 0.00834934 0.00834934 0.00834934]
Classification: 0.9994898826730148 0.9416355615880556 467
本轮采样概率阵: [0.00834934 0.00834934 0.00834934 0.00834934 0.00834934 0.43675306
 0.00834934 0.00834934 0.00834934 0.00834934 0.00834934 0.00834934
 0.00834934 0.00834934 0.00834934 0.00834934 0.00834934 0.00834934
 0.00834934 0.00834934 0.00834934 0.32946539 0.00834934 0.00834934
 0.00834934 0.00834934 0.00834934 0.00834934 0.00834934 0.00834934]
客户端选择掩码: [1.0, 0.0, 1.0, 1.0, 0.0, 1.0, 0.0, 1.0, 0.0, 1.0, 1.0, 1.0, 1.0, 0.0, 1.0, 1.0, 1.0, 0.0, 1.0, 0.0, 1.0, 1.0, 1.0, 1.0, 1.0, 1.0, 0.0, 1.0, 0.0, 1.0]
/mnt/data/user_liangzhiyu/envs/fedcsl/lib/python3.8/site-packages/sklearn/utils/validation.py:63: RuntimeWarning:  Orthogonal matching pursuit ended prematurely due to linear
dependence in the dictionary. The requested precision might not have been met.

  return f(*args, **kwargs)
稀疏向量: [-0.38617326  0.          0.          0.          0.74303516  1.94239613
  0.          0.          0.          0.         -1.81435555  0.
  0.          0.          0.          0.          0.          3.4998742
  0.          0.          0.          0.          0.         -2.97552504
  0.          0.          0.          0.          0.          0.        ]
更新后概率: [0.04234531 0.00843984 0.00843984 0.00843984 0.00843984 0.21299083
 0.00843984 0.00843984 0.00843984 0.00843984 0.19895071 0.00843984
 0.00843984 0.00843984 0.00843984 0.00843984 0.00843984 0.00843984
 0.00843984 0.00843984 0.00843984 0.00843984 0.00843984 0.32627719
 0.00843984 0.00843984 0.00843984 0.00843984 0.00843984 0.00843984]
Classification: 0.9996599217820099 0.9416355615880556 468
本轮采样概率阵: [0.04234531 0.00843984 0.00843984 0.00843984 0.00843984 0.21299083
 0.00843984 0.00843984 0.00843984 0.00843984 0.19895071 0.00843984
 0.00843984 0.00843984 0.00843984 0.00843984 0.00843984 0.00843984
 0.00843984 0.00843984 0.00843984 0.00843984 0.00843984 0.32627719
 0.00843984 0.00843984 0.00843984 0.00843984 0.00843984 0.00843984]
客户端选择掩码: [0.0, 0.0, 1.0, 0.0, 0.0, 1.0, 1.0, 1.0, 0.0, 0.0, 1.0, 1.0, 1.0, 0.0, 1.0, 0.0, 1.0, 1.0, 0.0, 1.0, 1.0, 1.0, 1.0, 1.0, 1.0, 1.0, 1.0, 1.0, 1.0, 1.0]
/mnt/data/user_liangzhiyu/envs/fedcsl/lib/python3.8/site-packages/sklearn/utils/validation.py:63: RuntimeWarning:  Orthogonal matching pursuit ended prematurely due to linear
dependence in the dictionary. The requested precision might not have been met.

  return f(*args, **kwargs)
稀疏向量: [-0.02548029  0.          0.          0.          0.          0.
  0.          0.          0.          0.          0.          0.
  0.          1.02591418  0.          0.          0.          0.
  0.          0.          0.          0.          0.          0.
  0.          0.          0.          0.          0.          0.        ]
更新后概率: [0.0418233  0.00987673 0.0418649  0.00987673 0.00987673 0.0418649
 0.0418649  0.0418649  0.00987673 0.00987673 0.0418649  0.0418649
 0.0418649  0.00987673 0.0418649  0.00987673 0.0418649  0.0418649
 0.00987673 0.0418649  0.0418649  0.0418649  0.0418649  0.0418649
 0.0418649  0.0418649  0.0418649  0.0418649  0.0418649  0.0418649 ]
Classification: 0.9996599217820099 0.9412962334577536 469
本轮采样概率阵: [0.0418233  0.00987673 0.0418649  0.00987673 0.00987673 0.0418649
 0.0418649  0.0418649  0.00987673 0.00987673 0.0418649  0.0418649
 0.0418649  0.00987673 0.0418649  0.00987673 0.0418649  0.0418649
 0.00987673 0.0418649  0.0418649  0.0418649  0.0418649  0.0418649
 0.0418649  0.0418649  0.0418649  0.0418649  0.0418649  0.0418649 ]
客户端选择掩码: [1.0, 1.0, 1.0, 0.0, 0.0, 1.0, 1.0, 1.0, 0.0, 0.0, 1.0, 1.0, 0.0, 0.0, 0.0, 0.0, 1.0, 1.0, 1.0, 0.0, 1.0, 1.0, 1.0, 1.0, 1.0, 1.0, 1.0, 1.0, 1.0, 1.0]
/mnt/data/user_liangzhiyu/envs/fedcsl/lib/python3.8/site-packages/sklearn/utils/validation.py:63: RuntimeWarning:  Orthogonal matching pursuit ended prematurely due to linear
dependence in the dictionary. The requested precision might not have been met.

  return f(*args, **kwargs)
稀疏向量: [-0.02130552  0.          0.          0.          0.          0.
  0.          0.          0.          0.          0.          1.02130486
  0.          0.          0.          0.          0.          0.
  0.          0.          0.          0.          0.          0.
  0.          0.          0.          0.          0.          0.        ]
更新后概率: [0.01398904 0.00839814 0.00839814 0.00839814 0.00839814 0.00839814
 0.00839814 0.00839814 0.00839814 0.00839814 0.00839814 0.67058117
 0.03515874 0.00839814 0.03515874 0.00839814 0.00839814 0.00839814
 0.00839814 0.03515874 0.00839814 0.00839814 0.00839814 0.00839814
 0.00839814 0.00839814 0.00839814 0.00839814 0.00839814 0.00839814]
Classification: 0.9996599217820099 0.9406175771971497 470
本轮采样概率阵: [0.01398904 0.00839814 0.00839814 0.00839814 0.00839814 0.00839814
 0.00839814 0.00839814 0.00839814 0.00839814 0.00839814 0.67058117
 0.03515874 0.00839814 0.03515874 0.00839814 0.00839814 0.00839814
 0.00839814 0.03515874 0.00839814 0.00839814 0.00839814 0.00839814
 0.00839814 0.00839814 0.00839814 0.00839814 0.00839814 0.00839814]
客户端选择掩码: [0.0, 1.0, 0.0, 1.0, 1.0, 1.0, 1.0, 1.0, 0.0, 1.0, 0.0, 1.0, 1.0, 1.0, 1.0, 0.0, 1.0, 0.0, 0.0, 1.0, 0.0, 1.0, 1.0, 1.0, 1.0, 1.0, 1.0, 1.0, 1.0, 0.0]
/mnt/data/user_liangzhiyu/envs/fedcsl/lib/python3.8/site-packages/sklearn/utils/validation.py:63: RuntimeWarning:  Orthogonal matching pursuit ended prematurely due to linear
dependence in the dictionary. The requested precision might not have been met.

  return f(*args, **kwargs)
稀疏向量: [ 0.          0.          0.          0.          0.          0.
  0.          0.          0.          0.          0.          1.09883169
  0.          0.          0.         -0.09887564  0.          0.
  0.          0.          0.          0.          0.          0.
  0.          0.          0.          0.          0.          0.        ]
更新后概率: [0.01153436 0.00824528 0.00824528 0.00824528 0.00824528 0.00824528
 0.00824528 0.00824528 0.00824528 0.00824528 0.00824528 0.75759772
 0.00824528 0.00824528 0.00824528 0.00824528 0.00824528 0.00824528
 0.00824528 0.00824528 0.00824528 0.00824528 0.00824528 0.00824528
 0.00824528 0.00824528 0.00824528 0.00824528 0.00824528 0.00824528]
Classification: 0.9996599217820099 0.9416355615880556 471
本轮采样概率阵: [0.01153436 0.00824528 0.00824528 0.00824528 0.00824528 0.00824528
 0.00824528 0.00824528 0.00824528 0.00824528 0.00824528 0.75759772
 0.00824528 0.00824528 0.00824528 0.00824528 0.00824528 0.00824528
 0.00824528 0.00824528 0.00824528 0.00824528 0.00824528 0.00824528
 0.00824528 0.00824528 0.00824528 0.00824528 0.00824528 0.00824528]
客户端选择掩码: [1.0, 1.0, 1.0, 0.0, 1.0, 0.0, 1.0, 1.0, 1.0, 0.0, 0.0, 1.0, 1.0, 1.0, 1.0, 0.0, 1.0, 1.0, 1.0, 0.0, 1.0, 0.0, 0.0, 1.0, 1.0, 1.0, 1.0, 0.0, 1.0, 1.0]
/mnt/data/user_liangzhiyu/envs/fedcsl/lib/python3.8/site-packages/sklearn/utils/validation.py:63: RuntimeWarning:  Orthogonal matching pursuit ended prematurely due to linear
dependence in the dictionary. The requested precision might not have been met.

  return f(*args, **kwargs)
稀疏向量: [ -6.59089668   0.         -10.63004221   0.          -5.89420269
   0.           0.           0.           0.           0.
  -8.66758025   0.           0.           0.           0.
   0.           0.           0.           0.          23.42553617
   0.           0.           0.           0.           0.
   9.30075446   0.           0.           0.           0.        ]
更新后概率: [0.15874185 0.00843318 0.25602473 0.00843318 0.14196196 0.00843318
 0.00843318 0.00843318 0.00843318 0.00843318 0.00843318 0.00843318
 0.00843318 0.00843318 0.00843318 0.00843318 0.00843318 0.00843318
 0.00843318 0.00843318 0.00843318 0.00843318 0.00843318 0.00843318
 0.00843318 0.22400881 0.00843318 0.00843318 0.00843318 0.00843318]
Classification: 0.999829960891005 0.9409569053274517 472
本轮采样概率阵: [0.15874185 0.00843318 0.25602473 0.00843318 0.14196196 0.00843318
 0.00843318 0.00843318 0.00843318 0.00843318 0.00843318 0.00843318
 0.00843318 0.00843318 0.00843318 0.00843318 0.00843318 0.00843318
 0.00843318 0.00843318 0.00843318 0.00843318 0.00843318 0.00843318
 0.00843318 0.22400881 0.00843318 0.00843318 0.00843318 0.00843318]
客户端选择掩码: [1.0, 0.0, 1.0, 1.0, 1.0, 1.0, 1.0, 0.0, 1.0, 1.0, 1.0, 0.0, 0.0, 0.0, 1.0, 1.0, 1.0, 1.0, 0.0, 1.0, 0.0, 1.0, 1.0, 1.0, 1.0, 1.0, 0.0, 1.0, 0.0, 1.0]
/mnt/data/user_liangzhiyu/envs/fedcsl/lib/python3.8/site-packages/sklearn/utils/validation.py:63: RuntimeWarning:  Orthogonal matching pursuit ended prematurely due to linear
dependence in the dictionary. The requested precision might not have been met.

  return f(*args, **kwargs)
稀疏向量: [-1.04612975  0.          0.          2.56308461  0.          0.
  0.          0.          0.          0.         -0.97977822  0.
 -2.28160248  0.          0.          0.          2.74399292  0.
  0.          0.          0.          0.          0.          0.
  0.          0.          0.          0.          0.          0.        ]
更新后概率: [0.11133596 0.00844522 0.00844522 0.2727802  0.00844522 0.00844522
 0.00844522 0.00844522 0.00844522 0.00844522 0.1042744  0.00844522
 0.00844522 0.00844522 0.00844522 0.00844522 0.29203365 0.00844522
 0.00844522 0.00844522 0.00844522 0.00844522 0.00844522 0.00844522
 0.00844522 0.00844522 0.00844522 0.00844522 0.00844522 0.00844522]
Classification: 0.9996599217820099 0.9406175771971497 473
本轮采样概率阵: [0.11133596 0.00844522 0.00844522 0.2727802  0.00844522 0.00844522
 0.00844522 0.00844522 0.00844522 0.00844522 0.1042744  0.00844522
 0.00844522 0.00844522 0.00844522 0.00844522 0.29203365 0.00844522
 0.00844522 0.00844522 0.00844522 0.00844522 0.00844522 0.00844522
 0.00844522 0.00844522 0.00844522 0.00844522 0.00844522 0.00844522]
客户端选择掩码: [1.0, 0.0, 1.0, 1.0, 1.0, 1.0, 0.0, 1.0, 1.0, 0.0, 1.0, 1.0, 1.0, 1.0, 1.0, 1.0, 1.0, 1.0, 0.0, 1.0, 0.0, 1.0, 1.0, 0.0, 1.0, 1.0, 0.0, 0.0, 1.0, 0.0]
/mnt/data/user_liangzhiyu/envs/fedcsl/lib/python3.8/site-packages/sklearn/utils/validation.py:63: RuntimeWarning:  Orthogonal matching pursuit ended prematurely due to linear
dependence in the dictionary. The requested precision might not have been met.

  return f(*args, **kwargs)
稀疏向量: [-1.33589065  0.          0.          0.          0.          0.
  0.          0.          0.          0.          0.          0.
  0.          0.          0.          0.          0.          0.
  0.          0.          0.          0.         -1.46274239  1.58082651
  0.          0.          0.          2.21718058  0.          0.        ]
更新后概率: [0.36632762 0.0083057  0.0083057  0.0083057  0.0083057  0.0083057
 0.0083057  0.0083057  0.0083057  0.0083057  0.0083057  0.0083057
 0.0083057  0.0083057  0.0083057  0.0083057  0.0083057  0.0083057
 0.0083057  0.0083057  0.0083057  0.0083057  0.40111287 0.0083057
 0.0083057  0.0083057  0.0083057  0.0083057  0.0083057  0.0083057 ]
Classification: 0.9996599217820099 0.9409569053274517 474
本轮采样概率阵: [0.36632762 0.0083057  0.0083057  0.0083057  0.0083057  0.0083057
 0.0083057  0.0083057  0.0083057  0.0083057  0.0083057  0.0083057
 0.0083057  0.0083057  0.0083057  0.0083057  0.0083057  0.0083057
 0.0083057  0.0083057  0.0083057  0.0083057  0.40111287 0.0083057
 0.0083057  0.0083057  0.0083057  0.0083057  0.0083057  0.0083057 ]
客户端选择掩码: [1.0, 0.0, 1.0, 1.0, 1.0, 0.0, 1.0, 1.0, 1.0, 1.0, 1.0, 1.0, 1.0, 0.0, 1.0, 1.0, 1.0, 1.0, 0.0, 1.0, 1.0, 0.0, 1.0, 0.0, 1.0, 0.0, 0.0, 1.0, 1.0, 0.0]
/mnt/data/user_liangzhiyu/envs/fedcsl/lib/python3.8/site-packages/sklearn/utils/validation.py:63: RuntimeWarning:  Orthogonal matching pursuit ended prematurely due to linear
dependence in the dictionary. The requested precision might not have been met.

  return f(*args, **kwargs)
稀疏向量: [ 0.15002153  0.          0.          0.         -0.31392264  0.
  0.          0.          0.          0.          0.          0.
  0.          0.          0.          0.          0.          0.
  0.          0.          1.16376605  0.          0.          0.
  0.          0.          0.          0.          0.          0.        ]
更新后概率: [0.07134716 0.00836646 0.00836646 0.00836646 0.14929517 0.00836646
 0.00836646 0.00836646 0.00836646 0.00836646 0.00836646 0.00836646
 0.00836646 0.00836646 0.00836646 0.00836646 0.00836646 0.00836646
 0.00836646 0.00836646 0.55346325 0.00836646 0.00836646 0.00836646
 0.00836646 0.00836646 0.00836646 0.00836646 0.00836646 0.00836646]
Classification: 0.9996599217820099 0.9395995928062436 475
本轮采样概率阵: [0.07134716 0.00836646 0.00836646 0.00836646 0.14929517 0.00836646
 0.00836646 0.00836646 0.00836646 0.00836646 0.00836646 0.00836646
 0.00836646 0.00836646 0.00836646 0.00836646 0.00836646 0.00836646
 0.00836646 0.00836646 0.55346325 0.00836646 0.00836646 0.00836646
 0.00836646 0.00836646 0.00836646 0.00836646 0.00836646 0.00836646]
客户端选择掩码: [1.0, 1.0, 0.0, 1.0, 1.0, 0.0, 1.0, 0.0, 0.0, 0.0, 1.0, 1.0, 1.0, 1.0, 0.0, 1.0, 1.0, 0.0, 1.0, 0.0, 1.0, 0.0, 1.0, 1.0, 1.0, 1.0, 1.0, 1.0, 1.0, 1.0]
/mnt/data/user_liangzhiyu/envs/fedcsl/lib/python3.8/site-packages/sklearn/utils/validation.py:63: RuntimeWarning:  Orthogonal matching pursuit ended prematurely due to linear
dependence in the dictionary. The requested precision might not have been met.

  return f(*args, **kwargs)
稀疏向量: [-1.0793006   0.          0.          0.          0.          0.08583564
  0.          0.          0.          0.          0.          0.
  0.          0.          0.          1.99423205  0.          0.
  0.          0.          0.          0.          0.          0.
  0.          0.          0.          0.          0.          0.        ]
更新后概率: [0.26954218 0.00830081 0.00830081 0.00830081 0.00830081 0.00830081
 0.00830081 0.00830081 0.00830081 0.00830081 0.00830081 0.00830081
 0.00830081 0.00830081 0.00830081 0.49803516 0.00830081 0.00830081
 0.00830081 0.00830081 0.00830081 0.00830081 0.00830081 0.00830081
 0.00830081 0.00830081 0.00830081 0.00830081 0.00830081 0.00830081]
Classification: 0.9996599217820099 0.9402782490668476 476
本轮采样概率阵: [0.26954218 0.00830081 0.00830081 0.00830081 0.00830081 0.00830081
 0.00830081 0.00830081 0.00830081 0.00830081 0.00830081 0.00830081
 0.00830081 0.00830081 0.00830081 0.49803516 0.00830081 0.00830081
 0.00830081 0.00830081 0.00830081 0.00830081 0.00830081 0.00830081
 0.00830081 0.00830081 0.00830081 0.00830081 0.00830081 0.00830081]
客户端选择掩码: [1.0, 1.0, 1.0, 1.0, 1.0, 1.0, 1.0, 0.0, 0.0, 1.0, 1.0, 1.0, 1.0, 1.0, 1.0, 1.0, 1.0, 0.0, 0.0, 0.0, 0.0, 0.0, 1.0, 1.0, 1.0, 1.0, 0.0, 1.0, 0.0, 1.0]
/mnt/data/user_liangzhiyu/envs/fedcsl/lib/python3.8/site-packages/sklearn/utils/validation.py:63: RuntimeWarning:  Orthogonal matching pursuit ended prematurely due to linear
dependence in the dictionary. The requested precision might not have been met.

  return f(*args, **kwargs)
稀疏向量: [0.         0.         0.         0.         0.         0.
 0.         0.         0.         0.         0.         0.
 0.         0.         0.         0.05302567 0.         0.
 0.         0.         0.94699177 0.         0.         0.
 0.         0.         0.         0.         0.         0.        ]
更新后概率: [0.00822849 0.00822849 0.00822849 0.00822849 0.00822849 0.00822849
 0.00822849 0.00822849 0.00822849 0.00822849 0.00822849 0.00822849
 0.00822849 0.00822849 0.00822849 0.76137368 0.00822849 0.00822849
 0.00822849 0.00822849 0.00822849 0.00822849 0.00822849 0.00822849
 0.00822849 0.00822849 0.00822849 0.00822849 0.00822849 0.00822849]
Classification: 0.9996599217820099 0.9406175771971497 477
本轮采样概率阵: [0.00822849 0.00822849 0.00822849 0.00822849 0.00822849 0.00822849
 0.00822849 0.00822849 0.00822849 0.00822849 0.00822849 0.00822849
 0.00822849 0.00822849 0.00822849 0.76137368 0.00822849 0.00822849
 0.00822849 0.00822849 0.00822849 0.00822849 0.00822849 0.00822849
 0.00822849 0.00822849 0.00822849 0.00822849 0.00822849 0.00822849]
客户端选择掩码: [1.0, 0.0, 0.0, 1.0, 1.0, 1.0, 1.0, 1.0, 0.0, 1.0, 0.0, 0.0, 1.0, 1.0, 1.0, 1.0, 1.0, 0.0, 1.0, 1.0, 0.0, 1.0, 1.0, 1.0, 1.0, 1.0, 1.0, 0.0, 1.0, 0.0]
/mnt/data/user_liangzhiyu/envs/fedcsl/lib/python3.8/site-packages/sklearn/utils/validation.py:63: RuntimeWarning:  Orthogonal matching pursuit ended prematurely due to linear
dependence in the dictionary. The requested precision might not have been met.

  return f(*args, **kwargs)
稀疏向量: [-0.04569113  0.          0.          0.          0.          0.
  0.          0.          0.          0.          0.          0.
  0.          0.          0.          0.          0.          0.
  0.          0.          0.          0.          0.          0.
  0.          1.04699802  0.          0.          0.          0.        ]
更新后概率: [0.03210649 0.00829226 0.00829226 0.00829226 0.00829226 0.00829226
 0.00829226 0.00829226 0.00829226 0.00829226 0.00829226 0.00829226
 0.00829226 0.00829226 0.00829226 0.00829226 0.00829226 0.00829226
 0.00829226 0.00829226 0.00829226 0.00829226 0.00829226 0.00829226
 0.00829226 0.73571014 0.00829226 0.00829226 0.00829226 0.00829226]
Classification: 0.9996599217820099 0.9399389209365456 478
本轮采样概率阵: [0.03210649 0.00829226 0.00829226 0.00829226 0.00829226 0.00829226
 0.00829226 0.00829226 0.00829226 0.00829226 0.00829226 0.00829226
 0.00829226 0.00829226 0.00829226 0.00829226 0.00829226 0.00829226
 0.00829226 0.00829226 0.00829226 0.00829226 0.00829226 0.00829226
 0.00829226 0.73571014 0.00829226 0.00829226 0.00829226 0.00829226]
客户端选择掩码: [1.0, 1.0, 1.0, 1.0, 1.0, 1.0, 1.0, 1.0, 1.0, 0.0, 1.0, 1.0, 0.0, 0.0, 0.0, 1.0, 1.0, 0.0, 1.0, 0.0, 1.0, 0.0, 0.0, 0.0, 1.0, 1.0, 1.0, 1.0, 1.0, 1.0]
/mnt/data/user_liangzhiyu/envs/fedcsl/lib/python3.8/site-packages/sklearn/utils/validation.py:63: RuntimeWarning:  Orthogonal matching pursuit ended prematurely due to linear
dependence in the dictionary. The requested precision might not have been met.

  return f(*args, **kwargs)
稀疏向量: [-0.11330394  0.          0.          0.          0.          0.
  0.          0.          0.          0.          0.          0.
  0.          0.          0.          0.          0.          0.
  0.          1.10960386  0.          0.          0.          0.
  0.          0.          0.          0.          0.          0.        ]
更新后概率: [0.76138914 0.00822796 0.00822796 0.00822796 0.00822796 0.00822796
 0.00822796 0.00822796 0.00822796 0.00822796 0.00822796 0.00822796
 0.00822796 0.00822796 0.00822796 0.00822796 0.00822796 0.00822796
 0.00822796 0.00822796 0.00822796 0.00822796 0.00822796 0.00822796
 0.00822796 0.00822796 0.00822796 0.00822796 0.00822796 0.00822796]
Classification: 0.999829960891005 0.9395995928062436 479
本轮采样概率阵: [0.76138914 0.00822796 0.00822796 0.00822796 0.00822796 0.00822796
 0.00822796 0.00822796 0.00822796 0.00822796 0.00822796 0.00822796
 0.00822796 0.00822796 0.00822796 0.00822796 0.00822796 0.00822796
 0.00822796 0.00822796 0.00822796 0.00822796 0.00822796 0.00822796
 0.00822796 0.00822796 0.00822796 0.00822796 0.00822796 0.00822796]
客户端选择掩码: [1.0, 1.0, 1.0, 0.0, 1.0, 1.0, 1.0, 0.0, 1.0, 1.0, 0.0, 1.0, 1.0, 0.0, 0.0, 0.0, 1.0, 1.0, 1.0, 1.0, 1.0, 0.0, 1.0, 1.0, 0.0, 0.0, 1.0, 1.0, 1.0, 1.0]
/mnt/data/user_liangzhiyu/envs/fedcsl/lib/python3.8/site-packages/sklearn/utils/validation.py:63: RuntimeWarning:  Orthogonal matching pursuit ended prematurely due to linear
dependence in the dictionary. The requested precision might not have been met.

  return f(*args, **kwargs)
稀疏向量: [-0.03037798  0.          0.          0.          0.          0.
  0.          0.          0.          0.          0.          0.
  0.          0.          0.          0.          0.          0.
  0.          1.02696168  0.          0.          0.          0.
  0.          0.          0.          0.          0.          0.        ]
更新后概率: [0.02205985 0.00829223 0.00829223 0.00829223 0.00829223 0.00829223
 0.00829223 0.00829223 0.00829223 0.00829223 0.00829223 0.00829223
 0.00829223 0.00829223 0.00829223 0.00829223 0.00829223 0.00829223
 0.00829223 0.74575771 0.00829223 0.00829223 0.00829223 0.00829223
 0.00829223 0.00829223 0.00829223 0.00829223 0.00829223 0.00829223]
Classification: 0.9996599217820099 0.9402782490668476 480
本轮采样概率阵: [0.02205985 0.00829223 0.00829223 0.00829223 0.00829223 0.00829223
 0.00829223 0.00829223 0.00829223 0.00829223 0.00829223 0.00829223
 0.00829223 0.00829223 0.00829223 0.00829223 0.00829223 0.00829223
 0.00829223 0.74575771 0.00829223 0.00829223 0.00829223 0.00829223
 0.00829223 0.00829223 0.00829223 0.00829223 0.00829223 0.00829223]
客户端选择掩码: [1.0, 1.0, 0.0, 1.0, 1.0, 0.0, 1.0, 1.0, 1.0, 1.0, 0.0, 1.0, 1.0, 1.0, 1.0, 1.0, 1.0, 1.0, 1.0, 1.0, 1.0, 0.0, 0.0, 0.0, 0.0, 0.0, 1.0, 1.0, 0.0, 1.0]
/mnt/data/user_liangzhiyu/envs/fedcsl/lib/python3.8/site-packages/sklearn/utils/validation.py:63: RuntimeWarning:  Orthogonal matching pursuit ended prematurely due to linear
dependence in the dictionary. The requested precision might not have been met.

  return f(*args, **kwargs)
稀疏向量: [-1.79753024  0.          0.          0.         -0.47082416  0.
  0.          0.          0.          0.          0.          0.
  0.          0.          0.          0.          0.          0.
  0.          4.91882451  0.          0.         -1.66216537  0.
  0.          0.          0.          0.          0.          0.        ]
更新后概率: [0.19361134 0.00836561 0.00836561 0.00836561 0.0507123  0.00836561
 0.00836561 0.00836561 0.00836561 0.00836561 0.00836561 0.00836561
 0.00836561 0.00836561 0.00836561 0.00836561 0.00836561 0.00836561
 0.00836561 0.52980485 0.00836561 0.00836561 0.00836561 0.00836561
 0.00836561 0.00836561 0.00836561 0.00836561 0.00836561 0.00836561]
Classification: 0.999829960891005 0.9409569053274517 481
本轮采样概率阵: [0.19361134 0.00836561 0.00836561 0.00836561 0.0507123  0.00836561
 0.00836561 0.00836561 0.00836561 0.00836561 0.00836561 0.00836561
 0.00836561 0.00836561 0.00836561 0.00836561 0.00836561 0.00836561
 0.00836561 0.52980485 0.00836561 0.00836561 0.00836561 0.00836561
 0.00836561 0.00836561 0.00836561 0.00836561 0.00836561 0.00836561]
客户端选择掩码: [1.0, 0.0, 1.0, 1.0, 1.0, 0.0, 1.0, 0.0, 1.0, 1.0, 1.0, 1.0, 1.0, 1.0, 1.0, 1.0, 0.0, 0.0, 0.0, 1.0, 1.0, 0.0, 1.0, 1.0, 0.0, 1.0, 1.0, 1.0, 0.0, 1.0]
/mnt/data/user_liangzhiyu/envs/fedcsl/lib/python3.8/site-packages/sklearn/utils/validation.py:63: RuntimeWarning:  Orthogonal matching pursuit ended prematurely due to linear
dependence in the dictionary. The requested precision might not have been met.

  return f(*args, **kwargs)
稀疏向量: [-1.72205014  0.          0.          0.         -0.84192941  0.
  0.          0.          0.          0.         -1.83486479  0.
  0.          0.          0.          0.          0.          0.
  0.          0.          0.          0.          0.          0.
  0.          0.          0.          0.          0.          5.40520649]
更新后概率: [0.13709881 0.00844089 0.00844089 0.00844089 0.06702913 0.00844089
 0.00844089 0.00844089 0.00844089 0.00844089 0.1460804  0.00844089
 0.00844089 0.00844089 0.00844089 0.00844089 0.00844089 0.00844089
 0.00844089 0.00844089 0.00844089 0.00844089 0.00844089 0.00844089
 0.00844089 0.00844089 0.00844089 0.00844089 0.00844089 0.43032857]
Classification: 0.9996599217820099 0.9409569053274517 482
本轮采样概率阵: [0.13709881 0.00844089 0.00844089 0.00844089 0.06702913 0.00844089
 0.00844089 0.00844089 0.00844089 0.00844089 0.1460804  0.00844089
 0.00844089 0.00844089 0.00844089 0.00844089 0.00844089 0.00844089
 0.00844089 0.00844089 0.00844089 0.00844089 0.00844089 0.00844089
 0.00844089 0.00844089 0.00844089 0.00844089 0.00844089 0.43032857]
客户端选择掩码: [1.0, 1.0, 1.0, 0.0, 1.0, 1.0, 1.0, 1.0, 0.0, 1.0, 1.0, 1.0, 1.0, 1.0, 1.0, 1.0, 0.0, 1.0, 1.0, 0.0, 0.0, 0.0, 1.0, 1.0, 1.0, 0.0, 0.0, 1.0, 0.0, 1.0]
/mnt/data/user_liangzhiyu/envs/fedcsl/lib/python3.8/site-packages/sklearn/utils/validation.py:63: RuntimeWarning:  Orthogonal matching pursuit ended prematurely due to linear
dependence in the dictionary. The requested precision might not have been met.

  return f(*args, **kwargs)
稀疏向量: [-0.04777082  0.          0.          0.          0.          0.
  0.          0.          0.          0.          0.          1.04776932
  0.          0.          0.          0.          0.          0.
  0.          0.          0.          0.          0.          0.
  0.          0.          0.          0.          0.          0.        ]
更新后概率: [0.03346442 0.00830543 0.00830543 0.00830543 0.00830543 0.00830543
 0.00830543 0.00830543 0.00830543 0.00830543 0.00830543 0.73398359
 0.00830543 0.00830543 0.00830543 0.00830543 0.00830543 0.00830543
 0.00830543 0.00830543 0.00830543 0.00830543 0.00830543 0.00830543
 0.00830543 0.00830543 0.00830543 0.00830543 0.00830543 0.00830543]
Classification: 0.9996599217820099 0.9406175771971497 483
本轮采样概率阵: [0.03346442 0.00830543 0.00830543 0.00830543 0.00830543 0.00830543
 0.00830543 0.00830543 0.00830543 0.00830543 0.00830543 0.73398359
 0.00830543 0.00830543 0.00830543 0.00830543 0.00830543 0.00830543
 0.00830543 0.00830543 0.00830543 0.00830543 0.00830543 0.00830543
 0.00830543 0.00830543 0.00830543 0.00830543 0.00830543 0.00830543]
客户端选择掩码: [1.0, 0.0, 1.0, 0.0, 0.0, 1.0, 1.0, 1.0, 0.0, 1.0, 1.0, 1.0, 0.0, 1.0, 0.0, 1.0, 1.0, 0.0, 1.0, 1.0, 1.0, 1.0, 1.0, 1.0, 1.0, 1.0, 1.0, 0.0, 0.0, 1.0]
/mnt/data/user_liangzhiyu/envs/fedcsl/lib/python3.8/site-packages/sklearn/utils/validation.py:63: RuntimeWarning:  Orthogonal matching pursuit ended prematurely due to linear
dependence in the dictionary. The requested precision might not have been met.

  return f(*args, **kwargs)
稀疏向量: [-0.06805156  0.          0.          0.          0.          0.
  0.          0.          0.          1.06937064  0.          0.
  0.          0.          0.          0.          0.          0.
  0.          0.          0.          0.          0.          0.
  0.          0.          0.          0.          0.          0.        ]
更新后概率: [0.04593021 0.00829703 0.00829703 0.00829703 0.00829703 0.00829703
 0.00829703 0.00829703 0.00829703 0.72175303 0.00829703 0.00829703
 0.00829703 0.00829703 0.00829703 0.00829703 0.00829703 0.00829703
 0.00829703 0.00829703 0.00829703 0.00829703 0.00829703 0.00829703
 0.00829703 0.00829703 0.00829703 0.00829703 0.00829703 0.00829703]
Classification: 0.9996599217820099 0.9402782490668476 484
本轮采样概率阵: [0.04593021 0.00829703 0.00829703 0.00829703 0.00829703 0.00829703
 0.00829703 0.00829703 0.00829703 0.72175303 0.00829703 0.00829703
 0.00829703 0.00829703 0.00829703 0.00829703 0.00829703 0.00829703
 0.00829703 0.00829703 0.00829703 0.00829703 0.00829703 0.00829703
 0.00829703 0.00829703 0.00829703 0.00829703 0.00829703 0.00829703]
客户端选择掩码: [1.0, 1.0, 0.0, 0.0, 1.0, 0.0, 0.0, 1.0, 1.0, 1.0, 1.0, 1.0, 0.0, 0.0, 1.0, 1.0, 0.0, 1.0, 1.0, 0.0, 0.0, 1.0, 1.0, 1.0, 1.0, 1.0, 1.0, 1.0, 1.0, 1.0]
/mnt/data/user_liangzhiyu/envs/fedcsl/lib/python3.8/site-packages/sklearn/utils/validation.py:63: RuntimeWarning:  Orthogonal matching pursuit ended prematurely due to linear
dependence in the dictionary. The requested precision might not have been met.

  return f(*args, **kwargs)
稀疏向量: [ 0.          0.          0.          0.          0.          0.
  0.          0.         -0.29717157  0.          0.          0.
  0.          0.          0.          0.          0.          0.
  0.          1.29254432  0.          0.          0.          0.
  0.          0.          0.          0.          0.          0.        ]
更新后概率: [0.00822824 0.00822824 0.00822824 0.00822824 0.00822824 0.00822824
 0.00822824 0.00822824 0.76138092 0.00822824 0.00822824 0.00822824
 0.00822824 0.00822824 0.00822824 0.00822824 0.00822824 0.00822824
 0.00822824 0.00822824 0.00822824 0.00822824 0.00822824 0.00822824
 0.00822824 0.00822824 0.00822824 0.00822824 0.00822824 0.00822824]
Classification: 0.9996599217820099 0.9402782490668476 485
本轮采样概率阵: [0.00822824 0.00822824 0.00822824 0.00822824 0.00822824 0.00822824
 0.00822824 0.00822824 0.76138092 0.00822824 0.00822824 0.00822824
 0.00822824 0.00822824 0.00822824 0.00822824 0.00822824 0.00822824
 0.00822824 0.00822824 0.00822824 0.00822824 0.00822824 0.00822824
 0.00822824 0.00822824 0.00822824 0.00822824 0.00822824 0.00822824]
客户端选择掩码: [1.0, 0.0, 1.0, 1.0, 0.0, 0.0, 1.0, 1.0, 1.0, 1.0, 1.0, 0.0, 1.0, 1.0, 1.0, 1.0, 1.0, 1.0, 0.0, 0.0, 0.0, 1.0, 0.0, 0.0, 1.0, 1.0, 1.0, 1.0, 1.0, 1.0]
/mnt/data/user_liangzhiyu/envs/fedcsl/lib/python3.8/site-packages/sklearn/utils/validation.py:63: RuntimeWarning:  Orthogonal matching pursuit ended prematurely due to linear
dependence in the dictionary. The requested precision might not have been met.

  return f(*args, **kwargs)
稀疏向量: [ 0.          0.          0.          0.          0.          0.
  0.          0.          0.          0.          0.          1.13045098
  0.          0.          0.         -0.130508    0.          0.
  0.          0.          0.          0.          0.          0.
  0.          0.          0.          0.          0.          0.        ]
更新后概率: [0.00822406 0.00822406 0.00822406 0.00822406 0.00822406 0.00822406
 0.00822406 0.00822406 0.00822406 0.00822406 0.00822406 0.00822406
 0.00822406 0.00822406 0.00822406 0.76150225 0.00822406 0.00822406
 0.00822406 0.00822406 0.00822406 0.00822406 0.00822406 0.00822406
 0.00822406 0.00822406 0.00822406 0.00822406 0.00822406 0.00822406]
Classification: 0.999829960891005 0.9412962334577536 486
本轮采样概率阵: [0.00822406 0.00822406 0.00822406 0.00822406 0.00822406 0.00822406
 0.00822406 0.00822406 0.00822406 0.00822406 0.00822406 0.00822406
 0.00822406 0.00822406 0.00822406 0.76150225 0.00822406 0.00822406
 0.00822406 0.00822406 0.00822406 0.00822406 0.00822406 0.00822406
 0.00822406 0.00822406 0.00822406 0.00822406 0.00822406 0.00822406]
客户端选择掩码: [1.0, 0.0, 1.0, 0.0, 1.0, 1.0, 0.0, 1.0, 1.0, 1.0, 0.0, 1.0, 0.0, 1.0, 1.0, 1.0, 1.0, 1.0, 1.0, 0.0, 1.0, 1.0, 1.0, 1.0, 1.0, 0.0, 0.0, 1.0, 0.0, 1.0]
/mnt/data/user_liangzhiyu/envs/fedcsl/lib/python3.8/site-packages/sklearn/utils/validation.py:63: RuntimeWarning:  Orthogonal matching pursuit ended prematurely due to linear
dependence in the dictionary. The requested precision might not have been met.

  return f(*args, **kwargs)
稀疏向量: [ 0.          0.          0.          0.          0.          0.
  0.          0.          0.          0.          0.          0.
  0.          1.06419435  0.          0.          0.          0.
  0.          0.          0.          0.         -0.06357494  0.
  0.          0.          0.          0.          0.          0.        ]
更新后概率: [0.00829199 0.00829199 0.00829199 0.00829199 0.00829199 0.00829199
 0.00829199 0.00829199 0.00829199 0.00829199 0.00829199 0.00829199
 0.00829199 0.7245403  0.00829199 0.00829199 0.00829199 0.00829199
 0.00829199 0.00829199 0.00829199 0.00829199 0.04328402 0.00829199
 0.00829199 0.00829199 0.00829199 0.00829199 0.00829199 0.00829199]
Classification: 0.9993198435640197 0.9409569053274517 487
本轮采样概率阵: [0.00829199 0.00829199 0.00829199 0.00829199 0.00829199 0.00829199
 0.00829199 0.00829199 0.00829199 0.00829199 0.00829199 0.00829199
 0.00829199 0.7245403  0.00829199 0.00829199 0.00829199 0.00829199
 0.00829199 0.00829199 0.00829199 0.00829199 0.04328402 0.00829199
 0.00829199 0.00829199 0.00829199 0.00829199 0.00829199 0.00829199]
客户端选择掩码: [1.0, 1.0, 1.0, 0.0, 0.0, 1.0, 0.0, 1.0, 1.0, 0.0, 1.0, 1.0, 1.0, 1.0, 1.0, 1.0, 0.0, 1.0, 1.0, 1.0, 0.0, 1.0, 1.0, 1.0, 1.0, 1.0, 0.0, 0.0, 0.0, 1.0]
/mnt/data/user_liangzhiyu/envs/fedcsl/lib/python3.8/site-packages/sklearn/utils/validation.py:63: RuntimeWarning:  Orthogonal matching pursuit ended prematurely due to linear
dependence in the dictionary. The requested precision might not have been met.

  return f(*args, **kwargs)
稀疏向量: [ 0.          0.          0.          0.         -1.30692388  3.03411377
  0.          0.          0.          0.          0.          0.
  0.          0.          0.          0.          0.          0.
  0.          0.          0.          0.         -0.72810093  0.
  0.          0.          0.          0.          0.          0.        ]
更新后概率: [0.00829619 0.00829619 0.00829619 0.00829619 0.00829619 0.61913242
 0.00829619 0.00829619 0.00829619 0.00829619 0.00829619 0.00829619
 0.00829619 0.00829619 0.00829619 0.00829619 0.00829619 0.00829619
 0.00829619 0.00829619 0.00829619 0.00829619 0.14857416 0.00829619
 0.00829619 0.00829619 0.00829619 0.00829619 0.00829619 0.00829619]
Classification: 0.9996599217820099 0.9406175771971497 488
本轮采样概率阵: [0.00829619 0.00829619 0.00829619 0.00829619 0.00829619 0.61913242
 0.00829619 0.00829619 0.00829619 0.00829619 0.00829619 0.00829619
 0.00829619 0.00829619 0.00829619 0.00829619 0.00829619 0.00829619
 0.00829619 0.00829619 0.00829619 0.00829619 0.14857416 0.00829619
 0.00829619 0.00829619 0.00829619 0.00829619 0.00829619 0.00829619]
客户端选择掩码: [1.0, 1.0, 0.0, 1.0, 1.0, 1.0, 0.0, 1.0, 1.0, 0.0, 1.0, 1.0, 1.0, 1.0, 1.0, 1.0, 0.0, 1.0, 1.0, 0.0, 1.0, 1.0, 1.0, 1.0, 0.0, 0.0, 0.0, 0.0, 1.0, 1.0]
/mnt/data/user_liangzhiyu/envs/fedcsl/lib/python3.8/site-packages/sklearn/utils/validation.py:63: RuntimeWarning:  Orthogonal matching pursuit ended prematurely due to linear
dependence in the dictionary. The requested precision might not have been met.

  return f(*args, **kwargs)
稀疏向量: [-0.09974799  0.          0.          0.         -0.55935154  0.
  0.          0.          0.          0.          0.          0.
  0.          0.          0.          0.          0.          0.
  0.          0.          0.          0.          0.          0.
  0.          1.66090699  0.          0.          0.          0.        ]
更新后概率: [0.11618345 0.00829646 0.00829646 0.00829646 0.65151579 0.00829646
 0.00829646 0.00829646 0.00829646 0.00829646 0.00829646 0.00829646
 0.00829646 0.00829646 0.00829646 0.00829646 0.00829646 0.00829646
 0.00829646 0.00829646 0.00829646 0.00829646 0.00829646 0.00829646
 0.00829646 0.00829646 0.00829646 0.00829646 0.00829646 0.00829646]
Classification: 0.9994898826730148 0.9406175771971497 489
本轮采样概率阵: [0.11618345 0.00829646 0.00829646 0.00829646 0.65151579 0.00829646
 0.00829646 0.00829646 0.00829646 0.00829646 0.00829646 0.00829646
 0.00829646 0.00829646 0.00829646 0.00829646 0.00829646 0.00829646
 0.00829646 0.00829646 0.00829646 0.00829646 0.00829646 0.00829646
 0.00829646 0.00829646 0.00829646 0.00829646 0.00829646 0.00829646]
客户端选择掩码: [1.0, 1.0, 0.0, 1.0, 1.0, 1.0, 1.0, 0.0, 1.0, 1.0, 1.0, 0.0, 0.0, 0.0, 1.0, 0.0, 1.0, 1.0, 1.0, 1.0, 1.0, 1.0, 1.0, 0.0, 0.0, 1.0, 1.0, 0.0, 1.0, 1.0]
/mnt/data/user_liangzhiyu/envs/fedcsl/lib/python3.8/site-packages/sklearn/utils/validation.py:63: RuntimeWarning:  Orthogonal matching pursuit ended prematurely due to linear
dependence in the dictionary. The requested precision might not have been met.

  return f(*args, **kwargs)
稀疏向量: [ 0.07568218  0.          0.          0.         -0.15746769  0.
  0.          0.          0.          0.          0.          0.
  0.          0.          0.          0.          0.          0.
  0.          0.          0.          0.          0.          0.
  0.          0.          0.          1.0812806   0.          0.        ]
更新后概率: [0.24920069 0.00829648 0.00829648 0.00829648 0.518498   0.00829648
 0.00829648 0.00829648 0.00829648 0.00829648 0.00829648 0.00829648
 0.00829648 0.00829648 0.00829648 0.00829648 0.00829648 0.00829648
 0.00829648 0.00829648 0.00829648 0.00829648 0.00829648 0.00829648
 0.00829648 0.00829648 0.00829648 0.00829648 0.00829648 0.00829648]
Classification: 0.9993198435640197 0.9406175771971497 490
本轮采样概率阵: [0.24920069 0.00829648 0.00829648 0.00829648 0.518498   0.00829648
 0.00829648 0.00829648 0.00829648 0.00829648 0.00829648 0.00829648
 0.00829648 0.00829648 0.00829648 0.00829648 0.00829648 0.00829648
 0.00829648 0.00829648 0.00829648 0.00829648 0.00829648 0.00829648
 0.00829648 0.00829648 0.00829648 0.00829648 0.00829648 0.00829648]
客户端选择掩码: [1.0, 1.0, 1.0, 1.0, 1.0, 1.0, 1.0, 0.0, 1.0, 1.0, 1.0, 1.0, 1.0, 0.0, 0.0, 1.0, 0.0, 1.0, 1.0, 0.0, 1.0, 1.0, 0.0, 0.0, 1.0, 1.0, 1.0, 0.0, 0.0, 1.0]
/mnt/data/user_liangzhiyu/envs/fedcsl/lib/python3.8/site-packages/sklearn/utils/validation.py:63: RuntimeWarning:  Orthogonal matching pursuit ended prematurely due to linear
dependence in the dictionary. The requested precision might not have been met.

  return f(*args, **kwargs)
稀疏向量: [ 0.          0.          0.          0.         -1.55400336  0.
  0.          0.          0.          0.         -0.65405534  0.
  0.          0.          0.          0.          0.          0.
  0.          0.          0.          0.          0.          0.
  3.21005391  0.          0.          0.          0.          0.        ]
更新后概率: [0.00836588 0.00836588 0.00836588 0.00836588 0.22203065 0.00836588
 0.00836588 0.00836588 0.00836588 0.00836588 0.09344917 0.00836588
 0.00836588 0.00836588 0.00836588 0.00836588 0.00836588 0.00836588
 0.00836588 0.00836588 0.00836588 0.00836588 0.00836588 0.00836588
 0.45864145 0.00836588 0.00836588 0.00836588 0.00836588 0.00836588]
Classification: 0.999829960891005 0.9409569053274517 491
本轮采样概率阵: [0.00836588 0.00836588 0.00836588 0.00836588 0.22203065 0.00836588
 0.00836588 0.00836588 0.00836588 0.00836588 0.09344917 0.00836588
 0.00836588 0.00836588 0.00836588 0.00836588 0.00836588 0.00836588
 0.00836588 0.00836588 0.00836588 0.00836588 0.00836588 0.00836588
 0.45864145 0.00836588 0.00836588 0.00836588 0.00836588 0.00836588]
客户端选择掩码: [1.0, 1.0, 0.0, 1.0, 1.0, 1.0, 0.0, 0.0, 1.0, 0.0, 1.0, 1.0, 1.0, 1.0, 1.0, 1.0, 0.0, 0.0, 1.0, 1.0, 1.0, 1.0, 0.0, 0.0, 1.0, 1.0, 1.0, 0.0, 1.0, 1.0]
/mnt/data/user_liangzhiyu/envs/fedcsl/lib/python3.8/site-packages/sklearn/utils/validation.py:63: RuntimeWarning:  Orthogonal matching pursuit ended prematurely due to linear
dependence in the dictionary. The requested precision might not have been met.

  return f(*args, **kwargs)
稀疏向量: [-0.00923166  0.          0.          0.         -0.40589265  0.
  0.          0.          0.          0.          0.          0.
  0.          0.          0.          0.          0.          0.
  0.          0.          0.          0.          0.          0.
  1.41611041  0.          0.          0.          0.          0.        ]
更新后概率: [0.00833302 0.00833302 0.00833302 0.00833302 0.17079441 0.00833302
 0.00833302 0.00833302 0.00833302 0.00833302 0.00833302 0.00833302
 0.00833302 0.00833302 0.00833302 0.00833302 0.00833302 0.00833302
 0.00833302 0.00833302 0.00833302 0.00833302 0.00833302 0.00833302
 0.59588107 0.00833302 0.00833302 0.00833302 0.00833302 0.00833302]
Classification: 0.9996599217820099 0.9406175771971497 492
本轮采样概率阵: [0.00833302 0.00833302 0.00833302 0.00833302 0.17079441 0.00833302
 0.00833302 0.00833302 0.00833302 0.00833302 0.00833302 0.00833302
 0.00833302 0.00833302 0.00833302 0.00833302 0.00833302 0.00833302
 0.00833302 0.00833302 0.00833302 0.00833302 0.00833302 0.00833302
 0.59588107 0.00833302 0.00833302 0.00833302 0.00833302 0.00833302]
客户端选择掩码: [0.0, 1.0, 1.0, 0.0, 1.0, 1.0, 0.0, 1.0, 1.0, 0.0, 0.0, 1.0, 1.0, 1.0, 1.0, 0.0, 1.0, 1.0, 0.0, 1.0, 1.0, 0.0, 1.0, 1.0, 1.0, 1.0, 1.0, 0.0, 1.0, 1.0]
/mnt/data/user_liangzhiyu/envs/fedcsl/lib/python3.8/site-packages/sklearn/utils/validation.py:63: RuntimeWarning:  Orthogonal matching pursuit ended prematurely due to linear
dependence in the dictionary. The requested precision might not have been met.

  return f(*args, **kwargs)
稀疏向量: [-0.06023192  0.          0.          0.          0.          0.
  0.          0.          0.          0.          0.          0.
  0.          1.06065941  0.          0.          0.          0.
  0.          0.          0.          0.          0.          0.
  0.          0.          0.          0.          0.          0.        ]
更新后概率: [0.00823043 0.00823043 0.00823043 0.00823043 0.00823043 0.00823043
 0.00823043 0.00823043 0.00823043 0.00823043 0.00823043 0.00823043
 0.00823043 0.76131739 0.00823043 0.00823043 0.00823043 0.00823043
 0.00823043 0.00823043 0.00823043 0.00823043 0.00823043 0.00823043
 0.00823043 0.00823043 0.00823043 0.00823043 0.00823043 0.00823043]
Classification: 0.9996599217820099 0.9409569053274517 493
本轮采样概率阵: [0.00823043 0.00823043 0.00823043 0.00823043 0.00823043 0.00823043
 0.00823043 0.00823043 0.00823043 0.00823043 0.00823043 0.00823043
 0.00823043 0.76131739 0.00823043 0.00823043 0.00823043 0.00823043
 0.00823043 0.00823043 0.00823043 0.00823043 0.00823043 0.00823043
 0.00823043 0.00823043 0.00823043 0.00823043 0.00823043 0.00823043]
客户端选择掩码: [1.0, 0.0, 0.0, 0.0, 1.0, 1.0, 1.0, 1.0, 1.0, 1.0, 1.0, 1.0, 0.0, 1.0, 1.0, 1.0, 0.0, 0.0, 1.0, 1.0, 1.0, 1.0, 1.0, 1.0, 1.0, 1.0, 0.0, 0.0, 1.0, 0.0]
/mnt/data/user_liangzhiyu/envs/fedcsl/lib/python3.8/site-packages/sklearn/utils/validation.py:63: RuntimeWarning:  Orthogonal matching pursuit ended prematurely due to linear
dependence in the dictionary. The requested precision might not have been met.

  return f(*args, **kwargs)
稀疏向量: [ 0.         -0.85571481  0.          0.          0.          0.
  0.          0.          0.          0.          0.          0.
  0.          0.          0.          0.          0.          0.
  0.          0.          0.          0.          0.          0.
  1.85685338  0.          0.          0.          0.          0.        ]
更新后概率: [0.00822418 0.00822418 0.00822418 0.00822418 0.00822418 0.00822418
 0.00822418 0.00822418 0.00822418 0.00822418 0.00822418 0.00822418
 0.00822418 0.00822418 0.00822418 0.00822418 0.00822418 0.00822418
 0.00822418 0.00822418 0.00822418 0.00822418 0.00822418 0.00822418
 0.76149864 0.00822418 0.00822418 0.00822418 0.00822418 0.00822418]
Classification: 0.9996599217820099 0.9402782490668476 494
本轮采样概率阵: [0.00822418 0.00822418 0.00822418 0.00822418 0.00822418 0.00822418
 0.00822418 0.00822418 0.00822418 0.00822418 0.00822418 0.00822418
 0.00822418 0.00822418 0.00822418 0.00822418 0.00822418 0.00822418
 0.00822418 0.00822418 0.00822418 0.00822418 0.00822418 0.00822418
 0.76149864 0.00822418 0.00822418 0.00822418 0.00822418 0.00822418]
客户端选择掩码: [1.0, 0.0, 1.0, 1.0, 1.0, 1.0, 1.0, 1.0, 1.0, 0.0, 1.0, 1.0, 0.0, 0.0, 1.0, 1.0, 0.0, 1.0, 1.0, 0.0, 1.0, 1.0, 1.0, 1.0, 1.0, 1.0, 1.0, 0.0, 0.0, 0.0]
/mnt/data/user_liangzhiyu/envs/fedcsl/lib/python3.8/site-packages/sklearn/utils/validation.py:63: RuntimeWarning:  Orthogonal matching pursuit ended prematurely due to linear
dependence in the dictionary. The requested precision might not have been met.

  return f(*args, **kwargs)
稀疏向量: [-0.01616543  0.          0.          0.         -0.57806369  0.
  0.          0.          0.          0.          0.          0.
  0.          0.          0.          0.          0.          0.
  0.          0.          0.          0.          0.          0.
  0.          0.          0.          1.59335442  0.          0.        ]
更新后概率: [0.02088792 0.008292   0.008292   0.008292   0.74693615 0.008292
 0.008292   0.008292   0.008292   0.008292   0.008292   0.008292
 0.008292   0.008292   0.008292   0.008292   0.008292   0.008292
 0.008292   0.008292   0.008292   0.008292   0.008292   0.008292
 0.008292   0.008292   0.008292   0.008292   0.008292   0.008292  ]
Classification: 0.9996599217820099 0.9412962334577536 495
本轮采样概率阵: [0.02088792 0.008292   0.008292   0.008292   0.74693615 0.008292
 0.008292   0.008292   0.008292   0.008292   0.008292   0.008292
 0.008292   0.008292   0.008292   0.008292   0.008292   0.008292
 0.008292   0.008292   0.008292   0.008292   0.008292   0.008292
 0.008292   0.008292   0.008292   0.008292   0.008292   0.008292  ]
客户端选择掩码: [1.0, 1.0, 1.0, 1.0, 1.0, 1.0, 0.0, 1.0, 1.0, 1.0, 0.0, 1.0, 0.0, 1.0, 1.0, 1.0, 1.0, 1.0, 1.0, 1.0, 0.0, 0.0, 0.0, 0.0, 1.0, 1.0, 0.0, 0.0, 1.0, 1.0]
/mnt/data/user_liangzhiyu/envs/fedcsl/lib/python3.8/site-packages/sklearn/utils/validation.py:63: RuntimeWarning:  Orthogonal matching pursuit ended prematurely due to linear
dependence in the dictionary. The requested precision might not have been met.

  return f(*args, **kwargs)
稀疏向量: [0.         0.         0.         0.         0.         0.
 0.         0.         0.         0.31881965 0.         0.
 0.07089894 0.         0.         0.         0.         0.61113032
 0.         0.         0.         0.         0.         0.
 0.         0.         0.         0.         0.         0.        ]
更新后概率: [0.0082962  0.0082962  0.0082962  0.0082962  0.0082962  0.0082962
 0.0082962  0.0082962  0.0082962  0.26319688 0.0082962  0.0082962
 0.0082962  0.0082962  0.0082962  0.0082962  0.0082962  0.50450966
 0.0082962  0.0082962  0.0082962  0.0082962  0.0082962  0.0082962
 0.0082962  0.0082962  0.0082962  0.0082962  0.0082962  0.0082962 ]
Classification: 0.9996599217820099 0.9409569053274517 496
本轮采样概率阵: [0.0082962  0.0082962  0.0082962  0.0082962  0.0082962  0.0082962
 0.0082962  0.0082962  0.0082962  0.26319688 0.0082962  0.0082962
 0.0082962  0.0082962  0.0082962  0.0082962  0.0082962  0.50450966
 0.0082962  0.0082962  0.0082962  0.0082962  0.0082962  0.0082962
 0.0082962  0.0082962  0.0082962  0.0082962  0.0082962  0.0082962 ]
客户端选择掩码: [1.0, 1.0, 1.0, 1.0, 1.0, 0.0, 0.0, 1.0, 0.0, 1.0, 1.0, 0.0, 1.0, 1.0, 0.0, 1.0, 1.0, 1.0, 1.0, 0.0, 1.0, 0.0, 1.0, 1.0, 1.0, 1.0, 1.0, 1.0, 0.0, 0.0]
/mnt/data/user_liangzhiyu/envs/fedcsl/lib/python3.8/site-packages/sklearn/utils/validation.py:63: RuntimeWarning:  Orthogonal matching pursuit ended prematurely due to linear
dependence in the dictionary. The requested precision might not have been met.

  return f(*args, **kwargs)
稀疏向量: [0.08552987 0.         0.         0.         0.         0.
 0.         0.         0.         0.         0.         0.
 0.         0.         0.         0.         0.         0.
 0.         0.         0.         0.         0.         0.
 0.         0.         0.91520693 0.         0.         0.        ]
更新后概率: [0.06561287 0.00829646 0.00829646 0.00829646 0.00829646 0.00829646
 0.00829646 0.00829646 0.00829646 0.00829646 0.00829646 0.00829646
 0.00829646 0.00829646 0.00829646 0.00829646 0.00829646 0.00829646
 0.00829646 0.00829646 0.00829646 0.00829646 0.00829646 0.00829646
 0.00829646 0.00829646 0.70208638 0.00829646 0.00829646 0.00829646]
Classification: 0.9996599217820099 0.9409569053274517 497
本轮采样概率阵: [0.06561287 0.00829646 0.00829646 0.00829646 0.00829646 0.00829646
 0.00829646 0.00829646 0.00829646 0.00829646 0.00829646 0.00829646
 0.00829646 0.00829646 0.00829646 0.00829646 0.00829646 0.00829646
 0.00829646 0.00829646 0.00829646 0.00829646 0.00829646 0.00829646
 0.00829646 0.00829646 0.70208638 0.00829646 0.00829646 0.00829646]
客户端选择掩码: [1.0, 0.0, 1.0, 0.0, 1.0, 0.0, 1.0, 1.0, 1.0, 1.0, 0.0, 1.0, 1.0, 1.0, 1.0, 1.0, 0.0, 0.0, 0.0, 1.0, 0.0, 0.0, 1.0, 1.0, 1.0, 1.0, 1.0, 1.0, 1.0, 1.0]
/mnt/data/user_liangzhiyu/envs/fedcsl/lib/python3.8/site-packages/sklearn/utils/validation.py:63: RuntimeWarning:  Orthogonal matching pursuit ended prematurely due to linear
dependence in the dictionary. The requested precision might not have been met.

  return f(*args, **kwargs)
稀疏向量: [-0.78963022  0.          0.          0.          1.11773989  0.
  0.          0.          0.          0.          0.          0.
  0.          0.          0.          0.          0.          0.
  0.          3.51517519  0.         -2.84953832  0.          0.
  0.          0.          0.          0.          0.          0.        ]
更新后概率: [0.11272743 0.00836588 0.00836588 0.00836588 0.15956829 0.00836588
 0.00836588 0.00836588 0.00836588 0.00836588 0.00836588 0.00836588
 0.00836588 0.00836588 0.00836588 0.00836588 0.00836588 0.00836588
 0.00836588 0.50182559 0.00836588 0.00836588 0.00836588 0.00836588
 0.00836588 0.00836588 0.00836588 0.00836588 0.00836588 0.00836588]
Classification: 0.999829960891005 0.9416355615880556 498
本轮采样概率阵: [0.11272743 0.00836588 0.00836588 0.00836588 0.15956829 0.00836588
 0.00836588 0.00836588 0.00836588 0.00836588 0.00836588 0.00836588
 0.00836588 0.00836588 0.00836588 0.00836588 0.00836588 0.00836588
 0.00836588 0.50182559 0.00836588 0.00836588 0.00836588 0.00836588
 0.00836588 0.00836588 0.00836588 0.00836588 0.00836588 0.00836588]
客户端选择掩码: [1.0, 1.0, 1.0, 1.0, 1.0, 0.0, 0.0, 1.0, 1.0, 0.0, 0.0, 1.0, 0.0, 1.0, 1.0, 1.0, 1.0, 1.0, 1.0, 1.0, 0.0, 1.0, 0.0, 1.0, 0.0, 1.0, 1.0, 0.0, 1.0, 1.0]
/mnt/data/user_liangzhiyu/envs/fedcsl/lib/python3.8/site-packages/sklearn/utils/validation.py:63: RuntimeWarning:  Orthogonal matching pursuit ended prematurely due to linear
dependence in the dictionary. The requested precision might not have been met.

  return f(*args, **kwargs)
稀疏向量: [ 0.          0.          0.          0.          0.          0.
 -0.4615752   0.          0.          0.          0.          0.
  0.          0.          0.          0.          0.          0.
  0.          1.45800884  0.          0.          0.          0.
  0.          0.          0.          0.          0.          0.        ]
更新后概率: [0.00823244 0.00823244 0.00823244 0.00823244 0.00823244 0.00823244
 0.00823244 0.00823244 0.00823244 0.00823244 0.00823244 0.00823244
 0.00823244 0.00823244 0.00823244 0.00823244 0.00823244 0.00823244
 0.00823244 0.76125929 0.00823244 0.00823244 0.00823244 0.00823244
 0.00823244 0.00823244 0.00823244 0.00823244 0.00823244 0.00823244]
Classification: 0.9996599217820099 0.9412962334577536 499
best round is 112, acc is 0.944690
Model saved to ./checkpoint/HAR/2026-01-31-21prob0.01_ema1.0_HAR_model.pt
