# 启动时间: 2026-04-19 11:14:37
# GPU: 5
# CMD: CUDA_VISIBLE_DEVICES=5 python -u FedCSL_All.py -dataset HAR --config configACF.yml --dirichlet-alpha 0.3 --use-client-selection --client-selection-method omp --client-selection-ratio 0.7 --min-selection-prob 0.01 --ema-alpha 0.0 --description omp+acf

/mnt/data/user_liangzhiyu/envs/fedcsl/lib/python3.8/site-packages/scipy/__init__.py:146: UserWarning: A NumPy version >=1.16.5 and <1.23.0 is required for this version of SciPy (detected version 1.23.5
  warnings.warn(f"A NumPy version >={np_minversion} and <{np_maxversion}"
[0.09514033 0.10277917 0.11127909 0.12035814 0.12964186 0.13872091
 0.14722083 0.15485967]
/data/user_lixiongfei/CSL-main/dataset_utils.py:133: FutureWarning: You are using `torch.load` with `weights_only=False` (the current default value), which uses the default pickle module implicitly. It is possible to construct malicious pickle data which will execute arbitrary code during unpickling (See https://github.com/pytorch/pytorch/blob/main/SECURITY.md#untrusted-models for more details). In a future release, the default value for `weights_only` will be flipped to `True`. This limits the functions that could be executed during unpickling. Arbitrary objects will no longer be allowed to be loaded via this mode unless they are explicitly allowlisted by the user via `torch.serialization.add_safe_globals`. We recommend you start setting `weights_only=True` for any use case where you don't have full control of the loaded file. Please open an issue on GitHub for any issues related to this experimental feature.
  X = torch.load("./HAR/train.pt")
/data/user_lixiongfei/CSL-main/dataset_utils.py:136: FutureWarning: You are using `torch.load` with `weights_only=False` (the current default value), which uses the default pickle module implicitly. It is possible to construct malicious pickle data which will execute arbitrary code during unpickling (See https://github.com/pytorch/pytorch/blob/main/SECURITY.md#untrusted-models for more details). In a future release, the default value for `weights_only` will be flipped to `True`. This limits the functions that could be executed during unpickling. Arbitrary objects will no longer be allowed to be loaded via this mode unless they are explicitly allowlisted by the user via `torch.serialization.add_safe_globals`. We recommend you start setting `weights_only=True` for any use case where you don't have full control of the loaded file. Please open an issue on GitHub for any issues related to this experimental feature.
  X2= torch.load("./HAR/test.pt")
[5 1 1 ... 0 4 0]
[  3   4   6   7   9  10  11  12  14  29  31  38  50  53  67  68  93  94
 103 105 109 111 114 115 116 129 130 144 147 149 164 165 176 196 203 211
 214 216 219 220 222 228 240 242 246 253 261 266 267 269 270 271 272 277
 287 289 294 305 313 318 323 324 327 329 336 348 352 353 355 361 363 371
 373 375 379 388 393 398 400 410 414 426 435 436 437 439 447 452 457 459
 462 472 476 483 485 487 493 495 498 499 509 522 526 531 532 552 582 584
 592 595 617 625 644 648]
[4, 4, 3, 4, 2, 3, 2, 3, 3, 3, 3, 3, 3, 3, 3, 3, 3, 3, 3, 3, 3, 3, 3, 3, 3, 3, 3, 3, 3, 3, 3, 3, 3, 3, 3, 3, 3, 3, 3, 3, 3, 3, 3, 3, 3, 3, 3, 3, 3, 3, 3, 3, 3, 3, 3, 3, 3, 3, 3, 3, 3, 3, 3, 3, 3, 3, 3, 3, 3, 3, 3, 3, 3, 3, 3, 3, 3, 3, 3, 3, 3, 3, 3, 3, 3, 3, 3, 3, 3, 3, 3, 3, 3, 3, 3, 3, 3, 3, 3, 3, 3, 3, 3, 3, 3, 3, 3, 3, 3, 3, 3, 3, 3, 3]
[5, 1, 1, 1, 5, 5, 1, 5, 1, 4, 5, 5, 1, 5, 5, 5, 1, 5, 1, 5, 1, 5, 5, 5, 5, 1, 5, 1, 5, 5, 1, 5, 5, 1, 1, 1, 1, 1, 5, 5, 5, 1, 1, 1, 1, 1, 5, 1, 1, 5, 5, 5, 5, 1, 5, 1, 5, 1, 1, 5, 5, 5, 5, 5, 5, 5, 5, 5, 5, 5, 5, 5, 5, 5, 5, 5, 5, 5, 5, 5, 5, 5, 5, 5, 5, 5, 5, 5, 5, 5, 5, 5, 5, 5, 5, 5, 5, 5, 5, 5, 5, 5, 5, 5, 5, 5, 5, 5, 5, 5, 5, 5, 5, 5, 5, 5, 5, 5, 5, 5, 5, 5, 5, 5, 5, 5, 5, 5, 5, 5, 5, 5, 5, 5, 5, 5, 5, 5, 5, 5, 5, 5, 5, 5, 5, 5, 5, 5, 5, 5, 5, 5, 5, 5, 5, 5, 5, 5, 3, 5, 3, 5, 5, 3, 3, 3, 5, 3, 5, 3, 3, 5, 3, 5, 5, 5, 3, 3, 5, 5, 3, 5, 5, 5, 5, 5, 5, 5, 5, 5, 5, 5, 5, 5, 5, 5, 5, 5, 5, 5, 5, 5, 5, 5, 5, 5, 5, 5, 5, 5, 5, 5, 5, 5, 5, 5, 5, 5, 5, 5, 5, 5, 5, 5, 5, 5, 5, 5, 5, 5, 5, 5, 5, 5, 5, 5, 5, 5, 5, 5, 5, 5, 5, 5, 5, 5, 5, 5, 5, 5, 5, 5, 5, 5, 5, 5, 5, 5, 5, 5, 5, 5, 5, 5, 5, 5, 5, 5, 5, 5, 5, 5, 5, 5, 5, 5, 5, 5, 5, 5, 5, 5, 5, 5, 5, 5, 5, 5, 5, 5, 5, 5, 5, 5, 5, 5, 5, 5, 5, 5, 5, 5, 5, 5, 5, 5, 5, 5, 5, 5, 5, 5, 5, 5, 5, 5, 5, 5, 5, 5, 5, 5, 5, 5, 5, 5, 5, 5, 5, 5, 5, 5, 5, 5, 5, 5, 5, 5, 5, 5, 5, 5, 5, 5, 5, 5, 5, 5, 5, 5, 5, 5, 5, 5, 5, 5, 5, 5, 5, 5, 5, 5, 5, 5, 5, 5, 5, 5, 5, 5, 5, 5, 5, 5, 5, 5, 5, 5, 5, 5, 5, 5, 5, 5, 5, 5, 5, 5, 5, 5, 5, 5, 5, 5, 5, 5, 5, 5, 5, 5, 5, 5, 5, 5, 5, 5, 5, 5, 5, 5, 5, 5, 5, 5, 5, 5, 5, 5, 5, 5, 5, 5, 5, 5, 5, 5, 5, 5, 5, 5, 5, 5, 5, 5, 5, 5, 5, 5, 5, 5, 5, 5, 5, 5, 5, 5, 5, 5, 5, 5, 5, 5, 5, 5, 5, 5, 5, 5, 5, 5, 5, 5, 5, 5, 5, 5, 5, 5, 5, 5, 5, 5, 5, 5, 5, 5, 5, 5, 5, 5, 5, 5, 5, 5, 5, 5, 5, 5, 5, 5, 5, 5, 5, 5, 5, 5, 5, 5, 5, 5, 5, 5, 5, 5, 5, 5, 5, 5]
[0, 0, 2, 2, 2, 2, 4, 4, 4, 4, 2, 2, 4, 4, 4, 2, 4, 4, 2, 2, 4, 4, 4, 2, 4, 2, 4, 2, 2, 4, 2, 2, 2, 4, 4, 4, 4, 4, 2, 2, 2, 2, 2, 2, 2, 2, 1, 1, 2, 2, 1, 1, 1, 1, 2, 2, 1, 1, 1, 2, 1, 2, 1, 2, 1, 1, 1, 2, 2, 2, 2, 2, 2, 2, 2, 2, 2, 2, 2, 2, 2, 2, 2, 2, 2, 2, 2, 2, 2, 2, 2, 2, 2, 2, 2, 2, 2, 2, 2, 5, 5, 5, 5, 5, 5, 5, 5, 5, 5, 5, 5, 5, 5, 5, 5, 5, 5, 5, 5, 5, 5, 5, 5, 5, 5, 5, 5, 5, 5, 5, 5, 5, 5, 5, 5, 5, 5, 5]
FedCSL_All.py:214: FutureWarning: You are using `torch.load` with `weights_only=False` (the current default value), which uses the default pickle module implicitly. It is possible to construct malicious pickle data which will execute arbitrary code during unpickling (See https://github.com/pytorch/pytorch/blob/main/SECURITY.md#untrusted-models for more details). In a future release, the default value for `weights_only` will be flipped to `True`. This limits the functions that could be executed during unpickling. Arbitrary objects will no longer be allowed to be loaded via this mode unless they are explicitly allowlisted by the user via `torch.serialization.add_safe_globals`. We recommend you start setting `weights_only=True` for any use case where you don't have full control of the loaded file. Please open an issue on GitHub for any issues related to this experimental feature.
  val_data = torch.load("./HAR/val.pt")
shapelet initialized! 

All 30 clinet initialized! 

客户端选择已启用，采样比例: 0.7, 选择方法: OMP自适应采样
最低选择概率: 0.01, EMA平滑系数: 0.0
/data/user_lixiongfei/CSL-main/train.py:601: UserWarning: Creating a tensor from a list of numpy.ndarrays is extremely slow. Please consider converting the list to a single numpy.ndarray with numpy.array() before converting to a tensor. (Triggered internally at ../torch/csrc/utils/tensor_new.cpp:278.)
  X = torch.tensor(X, dtype=torch.float)
(114, 6)
(508, 6)
(138, 6)
(79, 6)
(71, 6)
(45, 6)
(146, 6)
(267, 6)
(266, 6)
(116, 6)
(196, 6)
(130, 6)
(33, 6)
(216, 6)
(214, 6)
(127, 6)
(80, 6)
(441, 6)
(257, 6)
(41, 6)
(406, 6)
(221, 6)
(261, 6)
(264, 6)
(185, 6)
(41, 6)
(106, 6)
(145, 6)
(519, 6)
(248, 6)
[0.06795177 0.13277255 0.12311894 0.07943495 0.08691682 0.07508588
 0.09289105 0.14118979 0.10413253 0.12537664 0.06903655 0.1367114
 0.07590308 0.10568292 0.07973693 0.08087401 0.11881676 0.10982625
 0.06842203 0.08285662 0.10686967 0.11399527 0.07787184 0.11526547
 0.10498342 0.11180532 0.10168069 0.08113027 0.14549905 0.0841615 ]
第一轮：全选所有客户端（OMP自适应采样模式）
稀疏向量: [0.         0.08692591 0.02387821 0.         0.         0.
 0.02542739 0.04583169 0.045695   0.02025277 0.03387501 0.02273006
 0.         0.03729347 0.03682636 0.02193459 0.         0.07563552
 0.04413262 0.         0.06959206 0.03817645 0.0449329  0.04546785
 0.03188428 0.         0.         0.02537207 0.08870065 0.04274983]
更新后概率: [0.03333333 0.03333333 0.03333333 0.03333333 0.03333333 0.03333333
 0.03333333 0.03333333 0.03333333 0.03333333 0.03333333 0.03333333
 0.03333333 0.03333333 0.03333333 0.03333333 0.03333333 0.03333333
 0.03333333 0.03333333 0.03333333 0.03333333 0.03333333 0.03333333
 0.03333333 0.03333333 0.03333333 0.03333333 0.03333333 0.03333333]
Classification: 0.9957490222751233 0.9307770614183916 0
# 启动时间: 2026-04-19 11:36:17
# GPU: 7
# CMD: CUDA_VISIBLE_DEVICES=7 python -u FedCSL_All.py -dataset HAR --config configACF.yml --dirichlet-alpha 0.3 --use-client-selection --client-selection-method omp --client-selection-ratio 0.7 --min-selection-prob 0.01 --ema-alpha 0.0 --description omp+acf

/mnt/data/user_liangzhiyu/envs/fedcsl/lib/python3.8/site-packages/scipy/__init__.py:146: UserWarning: A NumPy version >=1.16.5 and <1.23.0 is required for this version of SciPy (detected version 1.23.5
  warnings.warn(f"A NumPy version >={np_minversion} and <{np_maxversion}"
[0.09514033 0.10277917 0.11127909 0.12035814 0.12964186 0.13872091
 0.14722083 0.15485967]
/data/user_lixiongfei/CSL-main/dataset_utils.py:133: FutureWarning: You are using `torch.load` with `weights_only=False` (the current default value), which uses the default pickle module implicitly. It is possible to construct malicious pickle data which will execute arbitrary code during unpickling (See https://github.com/pytorch/pytorch/blob/main/SECURITY.md#untrusted-models for more details). In a future release, the default value for `weights_only` will be flipped to `True`. This limits the functions that could be executed during unpickling. Arbitrary objects will no longer be allowed to be loaded via this mode unless they are explicitly allowlisted by the user via `torch.serialization.add_safe_globals`. We recommend you start setting `weights_only=True` for any use case where you don't have full control of the loaded file. Please open an issue on GitHub for any issues related to this experimental feature.
  X = torch.load("./HAR/train.pt")
/data/user_lixiongfei/CSL-main/dataset_utils.py:136: FutureWarning: You are using `torch.load` with `weights_only=False` (the current default value), which uses the default pickle module implicitly. It is possible to construct malicious pickle data which will execute arbitrary code during unpickling (See https://github.com/pytorch/pytorch/blob/main/SECURITY.md#untrusted-models for more details). In a future release, the default value for `weights_only` will be flipped to `True`. This limits the functions that could be executed during unpickling. Arbitrary objects will no longer be allowed to be loaded via this mode unless they are explicitly allowlisted by the user via `torch.serialization.add_safe_globals`. We recommend you start setting `weights_only=True` for any use case where you don't have full control of the loaded file. Please open an issue on GitHub for any issues related to this experimental feature.
  X2= torch.load("./HAR/test.pt")
[5 1 1 ... 0 4 0]
[  3   4   6   7   9  10  11  12  14  29  31  38  50  53  67  68  93  94
 103 105 109 111 114 115 116 129 130 144 147 149 164 165 176 196 203 211
 214 216 219 220 222 228 240 242 246 253 261 266 267 269 270 271 272 277
 287 289 294 305 313 318 323 324 327 329 336 348 352 353 355 361 363 371
 373 375 379 388 393 398 400 410 414 426 435 436 437 439 447 452 457 459
 462 472 476 483 485 487 493 495 498 499 509 522 526 531 532 552 582 584
 592 595 617 625 644 648]
[4, 4, 3, 4, 2, 3, 2, 3, 3, 3, 3, 3, 3, 3, 3, 3, 3, 3, 3, 3, 3, 3, 3, 3, 3, 3, 3, 3, 3, 3, 3, 3, 3, 3, 3, 3, 3, 3, 3, 3, 3, 3, 3, 3, 3, 3, 3, 3, 3, 3, 3, 3, 3, 3, 3, 3, 3, 3, 3, 3, 3, 3, 3, 3, 3, 3, 3, 3, 3, 3, 3, 3, 3, 3, 3, 3, 3, 3, 3, 3, 3, 3, 3, 3, 3, 3, 3, 3, 3, 3, 3, 3, 3, 3, 3, 3, 3, 3, 3, 3, 3, 3, 3, 3, 3, 3, 3, 3, 3, 3, 3, 3, 3, 3]
[5, 1, 1, 1, 5, 5, 1, 5, 1, 4, 5, 5, 1, 5, 5, 5, 1, 5, 1, 5, 1, 5, 5, 5, 5, 1, 5, 1, 5, 5, 1, 5, 5, 1, 1, 1, 1, 1, 5, 5, 5, 1, 1, 1, 1, 1, 5, 1, 1, 5, 5, 5, 5, 1, 5, 1, 5, 1, 1, 5, 5, 5, 5, 5, 5, 5, 5, 5, 5, 5, 5, 5, 5, 5, 5, 5, 5, 5, 5, 5, 5, 5, 5, 5, 5, 5, 5, 5, 5, 5, 5, 5, 5, 5, 5, 5, 5, 5, 5, 5, 5, 5, 5, 5, 5, 5, 5, 5, 5, 5, 5, 5, 5, 5, 5, 5, 5, 5, 5, 5, 5, 5, 5, 5, 5, 5, 5, 5, 5, 5, 5, 5, 5, 5, 5, 5, 5, 5, 5, 5, 5, 5, 5, 5, 5, 5, 5, 5, 5, 5, 5, 5, 5, 5, 5, 5, 5, 5, 3, 5, 3, 5, 5, 3, 3, 3, 5, 3, 5, 3, 3, 5, 3, 5, 5, 5, 3, 3, 5, 5, 3, 5, 5, 5, 5, 5, 5, 5, 5, 5, 5, 5, 5, 5, 5, 5, 5, 5, 5, 5, 5, 5, 5, 5, 5, 5, 5, 5, 5, 5, 5, 5, 5, 5, 5, 5, 5, 5, 5, 5, 5, 5, 5, 5, 5, 5, 5, 5, 5, 5, 5, 5, 5, 5, 5, 5, 5, 5, 5, 5, 5, 5, 5, 5, 5, 5, 5, 5, 5, 5, 5, 5, 5, 5, 5, 5, 5, 5, 5, 5, 5, 5, 5, 5, 5, 5, 5, 5, 5, 5, 5, 5, 5, 5, 5, 5, 5, 5, 5, 5, 5, 5, 5, 5, 5, 5, 5, 5, 5, 5, 5, 5, 5, 5, 5, 5, 5, 5, 5, 5, 5, 5, 5, 5, 5, 5, 5, 5, 5, 5, 5, 5, 5, 5, 5, 5, 5, 5, 5, 5, 5, 5, 5, 5, 5, 5, 5, 5, 5, 5, 5, 5, 5, 5, 5, 5, 5, 5, 5, 5, 5, 5, 5, 5, 5, 5, 5, 5, 5, 5, 5, 5, 5, 5, 5, 5, 5, 5, 5, 5, 5, 5, 5, 5, 5, 5, 5, 5, 5, 5, 5, 5, 5, 5, 5, 5, 5, 5, 5, 5, 5, 5, 5, 5, 5, 5, 5, 5, 5, 5, 5, 5, 5, 5, 5, 5, 5, 5, 5, 5, 5, 5, 5, 5, 5, 5, 5, 5, 5, 5, 5, 5, 5, 5, 5, 5, 5, 5, 5, 5, 5, 5, 5, 5, 5, 5, 5, 5, 5, 5, 5, 5, 5, 5, 5, 5, 5, 5, 5, 5, 5, 5, 5, 5, 5, 5, 5, 5, 5, 5, 5, 5, 5, 5, 5, 5, 5, 5, 5, 5, 5, 5, 5, 5, 5, 5, 5, 5, 5, 5, 5, 5, 5, 5, 5, 5, 5, 5, 5, 5, 5, 5, 5, 5, 5, 5, 5, 5, 5, 5, 5, 5, 5, 5, 5, 5, 5, 5, 5, 5, 5, 5, 5, 5, 5, 5, 5, 5]
[0, 0, 2, 2, 2, 2, 4, 4, 4, 4, 2, 2, 4, 4, 4, 2, 4, 4, 2, 2, 4, 4, 4, 2, 4, 2, 4, 2, 2, 4, 2, 2, 2, 4, 4, 4, 4, 4, 2, 2, 2, 2, 2, 2, 2, 2, 1, 1, 2, 2, 1, 1, 1, 1, 2, 2, 1, 1, 1, 2, 1, 2, 1, 2, 1, 1, 1, 2, 2, 2, 2, 2, 2, 2, 2, 2, 2, 2, 2, 2, 2, 2, 2, 2, 2, 2, 2, 2, 2, 2, 2, 2, 2, 2, 2, 2, 2, 2, 2, 5, 5, 5, 5, 5, 5, 5, 5, 5, 5, 5, 5, 5, 5, 5, 5, 5, 5, 5, 5, 5, 5, 5, 5, 5, 5, 5, 5, 5, 5, 5, 5, 5, 5, 5, 5, 5, 5, 5]
FedCSL_All.py:214: FutureWarning: You are using `torch.load` with `weights_only=False` (the current default value), which uses the default pickle module implicitly. It is possible to construct malicious pickle data which will execute arbitrary code during unpickling (See https://github.com/pytorch/pytorch/blob/main/SECURITY.md#untrusted-models for more details). In a future release, the default value for `weights_only` will be flipped to `True`. This limits the functions that could be executed during unpickling. Arbitrary objects will no longer be allowed to be loaded via this mode unless they are explicitly allowlisted by the user via `torch.serialization.add_safe_globals`. We recommend you start setting `weights_only=True` for any use case where you don't have full control of the loaded file. Please open an issue on GitHub for any issues related to this experimental feature.
  val_data = torch.load("./HAR/val.pt")
shapelet initialized! 

All 30 clinet initialized! 

客户端选择已启用，采样比例: 0.7, 选择方法: OMP自适应采样
最低选择概率: 0.01, EMA平滑系数: 0.0
/data/user_lixiongfei/CSL-main/train.py:601: UserWarning: Creating a tensor from a list of numpy.ndarrays is extremely slow. Please consider converting the list to a single numpy.ndarray with numpy.array() before converting to a tensor. (Triggered internally at ../torch/csrc/utils/tensor_new.cpp:278.)
  X = torch.tensor(X, dtype=torch.float)
(114, 6)
(508, 6)
(138, 6)
(79, 6)
(71, 6)
(45, 6)
(146, 6)
(267, 6)
(266, 6)
(116, 6)
(196, 6)
(130, 6)
(33, 6)
(216, 6)
(214, 6)
(127, 6)
(80, 6)
(441, 6)
(257, 6)
(41, 6)
(406, 6)
(221, 6)
(261, 6)
(264, 6)
(185, 6)
(41, 6)
(106, 6)
(145, 6)
(519, 6)
(248, 6)
[0.06795177 0.13277255 0.12311894 0.07943495 0.08691682 0.07508588
 0.09289105 0.14118979 0.10413253 0.12537664 0.06903655 0.1367114
 0.07590308 0.10568292 0.07973693 0.08087401 0.11881676 0.10982625
 0.06842203 0.08285662 0.10686967 0.11399527 0.07787184 0.11526547
 0.10498342 0.11180532 0.10168069 0.08113027 0.14549905 0.0841615 ]
第一轮：全选所有客户端（OMP自适应采样模式）
稀疏向量: [0.         0.08692591 0.02387821 0.         0.         0.
 0.02542739 0.04583169 0.045695   0.02025277 0.03387501 0.02273006
 0.         0.03729347 0.03682636 0.02193459 0.         0.07563552
 0.04413262 0.         0.06959206 0.03817645 0.0449329  0.04546785
 0.03188428 0.         0.         0.02537207 0.08870065 0.04274983]
更新后概率: [0.03333333 0.03333333 0.03333333 0.03333333 0.03333333 0.03333333
 0.03333333 0.03333333 0.03333333 0.03333333 0.03333333 0.03333333
 0.03333333 0.03333333 0.03333333 0.03333333 0.03333333 0.03333333
 0.03333333 0.03333333 0.03333333 0.03333333 0.03333333 0.03333333
 0.03333333 0.03333333 0.03333333 0.03333333 0.03333333 0.03333333]
Classification: 0.9957490222751233 0.9307770614183916 0
(114, 6)
(508, 6)
(138, 6)
(79, 6)
(71, 6)
(45, 6)
(146, 6)
(267, 6)
(266, 6)
(116, 6)
(196, 6)
(130, 6)
(33, 6)
(216, 6)
(214, 6)
(127, 6)
(80, 6)
(441, 6)
(257, 6)
(41, 6)
(406, 6)
(221, 6)
(261, 6)
(264, 6)
(185, 6)
(41, 6)
(106, 6)
(145, 6)
(519, 6)
(248, 6)
[0.06618707 0.10293541 0.11744732 0.06081537 0.06210812 0.04034344
 0.15781666 0.10050842 0.06743842 0.13721679 0.08796581 0.13856926
 0.09535537 0.12155054 0.08999326 0.12776701 0.0852037  0.1283652
 0.1041142  0.0810512  0.10594625 0.09891033 0.12366396 0.10619401
 0.06122375 0.09070214 0.09752889 0.10172164 0.14841849 0.09293795]
本轮采样概率阵: [0.03333333 0.03333333 0.03333333 0.03333333 0.03333333 0.03333333
 0.03333333 0.03333333 0.03333333 0.03333333 0.03333333 0.03333333
 0.03333333 0.03333333 0.03333333 0.03333333 0.03333333 0.03333333
 0.03333333 0.03333333 0.03333333 0.03333333 0.03333333 0.03333333
 0.03333333 0.03333333 0.03333333 0.03333333 0.03333333 0.03333333]
客户端选择掩码: [0.0, 1.0, 1.0, 1.0, 1.0, 1.0, 1.0, 1.0, 0.0, 1.0, 0.0, 0.0, 1.0, 1.0, 1.0, 1.0, 0.0, 1.0, 1.0, 0.0, 1.0, 1.0, 1.0, 0.0, 0.0, 1.0, 0.0, 1.0, 1.0, 1.0]
稀疏向量: [0.         0.11291395 0.0306735  0.01755945 0.01578127 0.0100022
 0.03245165 0.05934652 0.         0.0257835  0.         0.
 0.00733494 0.04801066 0.04756611 0.0282285  0.         0.09802186
 0.05712382 0.         0.09024224 0.04912199 0.0580129  0.
 0.         0.00911311 0.         0.0322294  0.11535898 0.05512335]
更新后概率: [0.03333333 0.03333333 0.03333333 0.03333333 0.03333333 0.03333333
 0.03333333 0.03333333 0.03333333 0.03333333 0.03333333 0.03333333
 0.03333333 0.03333333 0.03333333 0.03333333 0.03333333 0.03333333
 0.03333333 0.03333333 0.03333333 0.03333333 0.03333333 0.03333333
 0.03333333 0.03333333 0.03333333 0.03333333 0.03333333 0.03333333]
Classification: 0.9969392960380887 0.9233118425517476 1
(114, 6)
(508, 6)
(138, 6)
(79, 6)
(71, 6)
(45, 6)
(146, 6)
(267, 6)
(266, 6)
(116, 6)
(196, 6)
(130, 6)
(33, 6)
(216, 6)
(214, 6)
(127, 6)
(80, 6)
(441, 6)
(257, 6)
(41, 6)
(406, 6)
(221, 6)
(261, 6)
(264, 6)
(185, 6)
(41, 6)
(106, 6)
(145, 6)
(519, 6)
(248, 6)
[0.069556   0.12808997 0.10595849 0.09588745 0.07599378 0.07518619
 0.13549376 0.08608861 0.07879018 0.14378349 0.09921186 0.15143722
 0.06204827 0.1218278  0.09005995 0.10380737 0.06589202 0.14261593
 0.09304524 0.08144387 0.11626659 0.10317022 0.0933203  0.0922733
 0.07306461 0.10265135 0.10746134 0.09080183 0.13357724 0.08119576]
本轮采样概率阵: [0.03333333 0.03333333 0.03333333 0.03333333 0.03333333 0.03333333
 0.03333333 0.03333333 0.03333333 0.03333333 0.03333333 0.03333333
 0.03333333 0.03333333 0.03333333 0.03333333 0.03333333 0.03333333
 0.03333333 0.03333333 0.03333333 0.03333333 0.03333333 0.03333333
 0.03333333 0.03333333 0.03333333 0.03333333 0.03333333 0.03333333]
客户端选择掩码: [1.0, 1.0, 1.0, 0.0, 1.0, 1.0, 1.0, 1.0, 1.0, 0.0, 0.0, 0.0, 0.0, 1.0, 1.0, 0.0, 1.0, 0.0, 0.0, 1.0, 1.0, 1.0, 1.0, 1.0, 1.0, 1.0, 0.0, 1.0, 1.0, 1.0]
稀疏向量: [0.02593266 0.11555966 0.03139218 0.         0.01615103 0.01023654
 0.03321201 0.06073702 0.06050954 0.         0.         0.
 0.         0.04913558 0.04868061 0.         0.01819834 0.
 0.         0.00932667 0.09235669 0.0502729  0.05937213 0.06005457
 0.0420837  0.00932666 0.         0.0329845  0.11806182 0.05641489]
更新后概率: [0.03333333 0.03333333 0.03333333 0.03333333 0.03333333 0.03333333
 0.03333333 0.03333333 0.03333333 0.03333333 0.03333333 0.03333333
 0.03333333 0.03333333 0.03333333 0.03333333 0.03333333 0.03333333
 0.03333333 0.03333333 0.03333333 0.03333333 0.03333333 0.03333333
 0.03333333 0.03333333 0.03333333 0.03333333 0.03333333 0.03333333]
Classification: 0.997449413365074 0.9246691550729556 2
(114, 6)
(508, 6)
(138, 6)
(79, 6)
(71, 6)
(45, 6)
(146, 6)
(267, 6)
(266, 6)
(116, 6)
(196, 6)
(130, 6)
(33, 6)
(216, 6)
(214, 6)
(127, 6)
(80, 6)
(441, 6)
(257, 6)
(41, 6)
(406, 6)
(221, 6)
(261, 6)
(264, 6)
(185, 6)
(41, 6)
(106, 6)
(145, 6)
(519, 6)
(248, 6)
[0.08344807 0.13893224 0.10801952 0.11092194 0.08794169 0.07316089
 0.1504643  0.08922417 0.084131   0.11619365 0.10868014 0.1027485
 0.06576275 0.09812796 0.09191186 0.09258727 0.05778514 0.14455357
 0.09513729 0.07617831 0.12270861 0.11736628 0.09933829 0.07580991
 0.07293488 0.12901182 0.09901832 0.10398031 0.12907439 0.07484694]
本轮采样概率阵: [0.03333333 0.03333333 0.03333333 0.03333333 0.03333333 0.03333333
 0.03333333 0.03333333 0.03333333 0.03333333 0.03333333 0.03333333
 0.03333333 0.03333333 0.03333333 0.03333333 0.03333333 0.03333333
 0.03333333 0.03333333 0.03333333 0.03333333 0.03333333 0.03333333
 0.03333333 0.03333333 0.03333333 0.03333333 0.03333333 0.03333333]
客户端选择掩码: [1.0, 1.0, 1.0, 0.0, 1.0, 1.0, 1.0, 1.0, 1.0, 1.0, 1.0, 0.0, 0.0, 0.0, 1.0, 1.0, 1.0, 0.0, 1.0, 1.0, 0.0, 1.0, 0.0, 1.0, 1.0, 1.0, 0.0, 1.0, 0.0, 1.0]
稀疏向量: [0.03089433 0.13766938 0.0373984  0.         0.0192412  0.01219511
 0.03956638 0.0723577  0.07208671 0.03143632 0.05311652 0.
 0.         0.         0.05799459 0.03441731 0.02168018 0.
 0.06964771 0.01111108 0.         0.05989157 0.         0.07154467
 0.05013556 0.01111112 0.         0.0392954  0.         0.0672087 ]
更新后概率: [0.03333333 0.03333333 0.03333333 0.03333333 0.03333333 0.03333333
 0.03333333 0.03333333 0.03333333 0.03333333 0.03333333 0.03333333
 0.03333333 0.03333333 0.03333333 0.03333333 0.03333333 0.03333333
 0.03333333 0.03333333 0.03333333 0.03333333 0.03333333 0.03333333
 0.03333333 0.03333333 0.03333333 0.03333333 0.03333333 0.03333333]
Classification: 0.997619452474069 0.9141499830335935 3
(114, 6)
(508, 6)
(138, 6)
(79, 6)
(71, 6)
(45, 6)
(146, 6)
(267, 6)
(266, 6)
(116, 6)
(196, 6)
(130, 6)
(33, 6)
(216, 6)
(214, 6)
(127, 6)
(80, 6)
(441, 6)
(257, 6)
(41, 6)
(406, 6)
(221, 6)
(261, 6)
(264, 6)
(185, 6)
(41, 6)
(106, 6)
(145, 6)
(519, 6)
(248, 6)
[0.10077676 0.130379   0.09994651 0.11536402 0.09092769 0.08139994
 0.14368092 0.09493712 0.08419735 0.12653316 0.09206724 0.09002756
 0.04729538 0.0931209  0.0919609  0.08353291 0.05857666 0.15058985
 0.07834829 0.07964708 0.13281785 0.1258494  0.08495807 0.07992263
 0.10817185 0.12863771 0.10272008 0.10431506 0.1312444  0.06805371]
本轮采样概率阵: [0.03333333 0.03333333 0.03333333 0.03333333 0.03333333 0.03333333
 0.03333333 0.03333333 0.03333333 0.03333333 0.03333333 0.03333333
 0.03333333 0.03333333 0.03333333 0.03333333 0.03333333 0.03333333
 0.03333333 0.03333333 0.03333333 0.03333333 0.03333333 0.03333333
 0.03333333 0.03333333 0.03333333 0.03333333 0.03333333 0.03333333]
客户端选择掩码: [0.0, 1.0, 1.0, 0.0, 1.0, 1.0, 1.0, 1.0, 1.0, 1.0, 0.0, 1.0, 1.0, 1.0, 1.0, 0.0, 1.0, 0.0, 0.0, 1.0, 1.0, 1.0, 1.0, 1.0, 1.0, 1.0, 1.0, 0.0, 0.0, 0.0]
稀疏向量: [0.         0.13528629 0.036751   0.         0.0189081  0.01198401
 0.03888148 0.0711052  0.07083888 0.03089212 0.         0.03462047
 0.00878826 0.05752329 0.05699068 0.         0.02130491 0.
 0.         0.01091882 0.10812248 0.05885486 0.06950728 0.07030623
 0.0492676  0.0109188  0.02822902 0.         0.         0.        ]
更新后概率: [0.03333333 0.03333333 0.03333333 0.03333333 0.03333333 0.03333333
 0.03333333 0.03333333 0.03333333 0.03333333 0.03333333 0.03333333
 0.03333333 0.03333333 0.03333333 0.03333333 0.03333333 0.03333333
 0.03333333 0.03333333 0.03333333 0.03333333 0.03333333 0.03333333
 0.03333333 0.03333333 0.03333333 0.03333333 0.03333333 0.03333333]
Classification: 1.0 0.9250084832032576 4
(114, 6)
(508, 6)
(138, 6)
(79, 6)
(71, 6)
(45, 6)
(146, 6)
(267, 6)
(266, 6)
(116, 6)
(196, 6)
(130, 6)
(33, 6)
(216, 6)
(214, 6)
(127, 6)
(80, 6)
(441, 6)
(257, 6)
(41, 6)
(406, 6)
(221, 6)
(261, 6)
(264, 6)
(185, 6)
(41, 6)
(106, 6)
(145, 6)
(519, 6)
(248, 6)
[0.0900373  0.13761884 0.11864051 0.10862165 0.08771679 0.0833276
 0.1292361  0.09281011 0.09771534 0.13279228 0.1119708  0.0856456
 0.04725773 0.09108994 0.08754534 0.08389296 0.06019379 0.14476115
 0.0950579  0.08016274 0.13891509 0.11886892 0.0873271  0.0771495
 0.09207736 0.12973206 0.09144243 0.10650147 0.13423128 0.0576603 ]
本轮采样概率阵: [0.03333333 0.03333333 0.03333333 0.03333333 0.03333333 0.03333333
 0.03333333 0.03333333 0.03333333 0.03333333 0.03333333 0.03333333
 0.03333333 0.03333333 0.03333333 0.03333333 0.03333333 0.03333333
 0.03333333 0.03333333 0.03333333 0.03333333 0.03333333 0.03333333
 0.03333333 0.03333333 0.03333333 0.03333333 0.03333333 0.03333333]
客户端选择掩码: [1.0, 1.0, 1.0, 1.0, 1.0, 1.0, 1.0, 1.0, 0.0, 1.0, 1.0, 1.0, 1.0, 0.0, 1.0, 0.0, 1.0, 1.0, 0.0, 0.0, 1.0, 0.0, 1.0, 1.0, 1.0, 0.0, 0.0, 1.0, 0.0, 1.0]
稀疏向量: [0.02789332 0.12429653 0.0337656  0.01932957 0.01737215 0.01101053
 0.03572301 0.06532909 0.         0.02838269 0.04795694 0.03180819
 0.00807439 0.         0.05236114 0.         0.01957426 0.10790313
 0.         0.         0.09933932 0.         0.06386097 0.06459501
 0.04526547 0.         0.         0.03547829 0.         0.06068021]
更新后概率: [0.03333333 0.03333333 0.03333333 0.03333333 0.03333333 0.03333333
 0.03333333 0.03333333 0.03333333 0.03333333 0.03333333 0.03333333
 0.03333333 0.03333333 0.03333333 0.03333333 0.03333333 0.03333333
 0.03333333 0.03333333 0.03333333 0.03333333 0.03333333 0.03333333
 0.03333333 0.03333333 0.03333333 0.03333333 0.03333333 0.03333333]
Classification: 0.9977894915830641 0.9216152019002375 5
(114, 6)
(508, 6)
(138, 6)
(79, 6)
(71, 6)
(45, 6)
(146, 6)
(267, 6)
(266, 6)
(116, 6)
(196, 6)
(130, 6)
(33, 6)
(216, 6)
(214, 6)
(127, 6)
(80, 6)
(441, 6)
(257, 6)
(41, 6)
(406, 6)
(221, 6)
(261, 6)
(264, 6)
(185, 6)
(41, 6)
(106, 6)
(145, 6)
(519, 6)
(248, 6)
[0.07922382 0.13638363 0.11285765 0.11435592 0.09922084 0.08386349
 0.14658578 0.09784604 0.0893714  0.12085052 0.12328431 0.09532849
 0.04272834 0.09065434 0.09288799 0.06199443 0.04565665 0.14620258
 0.10058265 0.06728502 0.14636546 0.11303033 0.10102442 0.09501489
 0.10207786 0.11550148 0.08791679 0.10937117 0.12922906 0.05330464]
本轮采样概率阵: [0.03333333 0.03333333 0.03333333 0.03333333 0.03333333 0.03333333
 0.03333333 0.03333333 0.03333333 0.03333333 0.03333333 0.03333333
 0.03333333 0.03333333 0.03333333 0.03333333 0.03333333 0.03333333
 0.03333333 0.03333333 0.03333333 0.03333333 0.03333333 0.03333333
 0.03333333 0.03333333 0.03333333 0.03333333 0.03333333 0.03333333]
客户端选择掩码: [1.0, 1.0, 0.0, 1.0, 1.0, 0.0, 1.0, 0.0, 1.0, 0.0, 0.0, 0.0, 1.0, 0.0, 1.0, 1.0, 1.0, 1.0, 1.0, 0.0, 0.0, 1.0, 1.0, 1.0, 1.0, 1.0, 1.0, 1.0, 1.0, 1.0]
稀疏向量: [0.02635227 0.11742951 0.         0.01826165 0.01641238 0.
 0.03374941 0.         0.06148866 0.         0.         0.
 0.00762828 0.         0.04946833 0.02935737 0.01849284 0.10194173
 0.05940821 0.         0.         0.05108643 0.06033284 0.06102638
 0.04276463 0.00947753 0.024503   0.03351824 0.11997228 0.05732778]
更新后概率: [0.03333333 0.03333333 0.03333333 0.03333333 0.03333333 0.03333333
 0.03333333 0.03333333 0.03333333 0.03333333 0.03333333 0.03333333
 0.03333333 0.03333333 0.03333333 0.03333333 0.03333333 0.03333333
 0.03333333 0.03333333 0.03333333 0.03333333 0.03333333 0.03333333
 0.03333333 0.03333333 0.03333333 0.03333333 0.03333333 0.03333333]
Classification: 0.997449413365074 0.9270444519850696 6
(114, 6)
(508, 6)
(138, 6)
(79, 6)
(71, 6)
(45, 6)
(146, 6)
(267, 6)
(266, 6)
(116, 6)
(196, 6)
(130, 6)
(33, 6)
(216, 6)
(214, 6)
(127, 6)
(80, 6)
(441, 6)
(257, 6)
(41, 6)
(406, 6)
(221, 6)
(261, 6)
(264, 6)
(185, 6)
(41, 6)
(106, 6)
(145, 6)
(519, 6)
(248, 6)
[0.10814301 0.14588861 0.10479609 0.10592164 0.08431824 0.06525027
 0.15450031 0.09019244 0.09784282 0.11223574 0.11565342 0.09516989
 0.04038916 0.1043715  0.08501435 0.06704921 0.0532458  0.14019955
 0.09736989 0.07956574 0.14228528 0.13425913 0.08788617 0.08010217
 0.08888072 0.11384342 0.09878371 0.12258443 0.12821993 0.05603737]
本轮采样概率阵: [0.03333333 0.03333333 0.03333333 0.03333333 0.03333333 0.03333333
 0.03333333 0.03333333 0.03333333 0.03333333 0.03333333 0.03333333
 0.03333333 0.03333333 0.03333333 0.03333333 0.03333333 0.03333333
 0.03333333 0.03333333 0.03333333 0.03333333 0.03333333 0.03333333
 0.03333333 0.03333333 0.03333333 0.03333333 0.03333333 0.03333333]
客户端选择掩码: [0.0, 1.0, 1.0, 1.0, 1.0, 1.0, 1.0, 0.0, 1.0, 0.0, 1.0, 1.0, 0.0, 1.0, 1.0, 1.0, 1.0, 0.0, 1.0, 1.0, 1.0, 0.0, 1.0, 0.0, 1.0, 0.0, 1.0, 1.0, 1.0, 0.0]
稀疏向量: [0.         0.12282401 0.03336556 0.01910055 0.01716635 0.01088007
 0.03529983 0.         0.06431334 0.         0.04738878 0.03143135
 0.         0.05222438 0.05174082 0.030706   0.01934232 0.
 0.06213734 0.00991299 0.09816245 0.         0.06310447 0.
 0.04472921 0.         0.02562859 0.03505804 0.12548357 0.        ]
更新后概率: [0.03333333 0.03333333 0.03333333 0.03333333 0.03333333 0.03333333
 0.03333333 0.03333333 0.03333333 0.03333333 0.03333333 0.03333333
 0.03333333 0.03333333 0.03333333 0.03333333 0.03333333 0.03333333
 0.03333333 0.03333333 0.03333333 0.03333333 0.03333333 0.03333333
 0.03333333 0.03333333 0.03333333 0.03333333 0.03333333 0.03333333]
Classification: 1.0 0.9236511706820495 7
(114, 6)
(508, 6)
(138, 6)
(79, 6)
(71, 6)
(45, 6)
(146, 6)
(267, 6)
(266, 6)
(116, 6)
(196, 6)
(130, 6)
(33, 6)
(216, 6)
(214, 6)
(127, 6)
(80, 6)
(441, 6)
(257, 6)
(41, 6)
(406, 6)
(221, 6)
(261, 6)
(264, 6)
(185, 6)
(41, 6)
(106, 6)
(145, 6)
(519, 6)
(248, 6)
[0.09496345 0.14075724 0.09816298 0.11239196 0.09027306 0.0668973
 0.15118397 0.08990113 0.08729395 0.11461659 0.1297065  0.09856906
 0.05452168 0.10528985 0.0964227  0.06808064 0.05392639 0.15389329
 0.08798351 0.07411716 0.15011657 0.12768297 0.09177188 0.07402192
 0.087909   0.10686356 0.09281028 0.11597911 0.12563178 0.0582605 ]
本轮采样概率阵: [0.03333333 0.03333333 0.03333333 0.03333333 0.03333333 0.03333333
 0.03333333 0.03333333 0.03333333 0.03333333 0.03333333 0.03333333
 0.03333333 0.03333333 0.03333333 0.03333333 0.03333333 0.03333333
 0.03333333 0.03333333 0.03333333 0.03333333 0.03333333 0.03333333
 0.03333333 0.03333333 0.03333333 0.03333333 0.03333333 0.03333333]
客户端选择掩码: [1.0, 1.0, 1.0, 0.0, 0.0, 0.0, 1.0, 1.0, 1.0, 0.0, 1.0, 1.0, 0.0, 1.0, 1.0, 1.0, 1.0, 1.0, 1.0, 1.0, 1.0, 0.0, 0.0, 1.0, 0.0, 1.0, 1.0, 1.0, 0.0, 1.0]
稀疏向量: [0.02620087 0.11675476 0.03171685 0.         0.         0.
 0.0335555  0.06136522 0.06113537 0.         0.04504714 0.02987816
 0.         0.04964375 0.0491841  0.02918868 0.01838657 0.10135596
 0.05906681 0.0094231  0.09331187 0.         0.         0.06067568
 0.         0.00942312 0.02436223 0.03332568 0.         0.05699841]
更新后概率: [0.03333333 0.03333333 0.03333333 0.03333333 0.03333333 0.03333333
 0.03333333 0.03333333 0.03333333 0.03333333 0.03333333 0.03333333
 0.03333333 0.03333333 0.03333333 0.03333333 0.03333333 0.03333333
 0.03333333 0.03333333 0.03333333 0.03333333 0.03333333 0.03333333
 0.03333333 0.03333333 0.03333333 0.03333333 0.03333333 0.03333333]
Classification: 0.9967692569290937 0.9175432643366135 8
(114, 6)
(508, 6)
(138, 6)
(79, 6)
(71, 6)
(45, 6)
(146, 6)
(267, 6)
(266, 6)
(116, 6)
(196, 6)
(130, 6)
(33, 6)
(216, 6)
(214, 6)
(127, 6)
(80, 6)
(441, 6)
(257, 6)
(41, 6)
(406, 6)
(221, 6)
(261, 6)
(264, 6)
(185, 6)
(41, 6)
(106, 6)
(145, 6)
(519, 6)
(248, 6)
[0.09644869 0.14875587 0.08773181 0.11691168 0.09192567 0.08621428
 0.15281608 0.08792453 0.0840124  0.11952395 0.12340739 0.09799909
 0.05217898 0.10058349 0.08623585 0.07379972 0.05060221 0.13294177
 0.09597951 0.06714563 0.14389173 0.12911549 0.09144409 0.08243561
 0.09240565 0.10510666 0.09443824 0.11662376 0.13216387 0.05923632]
本轮采样概率阵: [0.03333333 0.03333333 0.03333333 0.03333333 0.03333333 0.03333333
 0.03333333 0.03333333 0.03333333 0.03333333 0.03333333 0.03333333
 0.03333333 0.03333333 0.03333333 0.03333333 0.03333333 0.03333333
 0.03333333 0.03333333 0.03333333 0.03333333 0.03333333 0.03333333
 0.03333333 0.03333333 0.03333333 0.03333333 0.03333333 0.03333333]
客户端选择掩码: [1.0, 1.0, 1.0, 1.0, 1.0, 1.0, 0.0, 1.0, 1.0, 1.0, 1.0, 0.0, 1.0, 1.0, 1.0, 1.0, 1.0, 1.0, 1.0, 1.0, 0.0, 0.0, 1.0, 0.0, 0.0, 0.0, 0.0, 1.0, 1.0, 0.0]
稀疏向量: [0.0275762  0.12288336 0.0333817  0.01910982 0.01717466 0.01088532
 0.         0.06458632 0.06434445 0.02806001 0.04741172 0.
 0.00798257 0.05224962 0.05176583 0.03072085 0.0193517  0.10667633
 0.06216744 0.0099178  0.         0.         0.06313498 0.
 0.         0.         0.         0.03507497 0.1255442  0.        ]
更新后概率: [0.03333333 0.03333333 0.03333333 0.03333333 0.03333333 0.03333333
 0.03333333 0.03333333 0.03333333 0.03333333 0.03333333 0.03333333
 0.03333333 0.03333333 0.03333333 0.03333333 0.03333333 0.03333333
 0.03333333 0.03333333 0.03333333 0.03333333 0.03333333 0.03333333
 0.03333333 0.03333333 0.03333333 0.03333333 0.03333333 0.03333333]
Classification: 0.9979595306920592 0.9182219205972175 9
(114, 6)
(508, 6)
(138, 6)
(79, 6)
(71, 6)
(45, 6)
(146, 6)
(267, 6)
(266, 6)
(116, 6)
(196, 6)
(130, 6)
(33, 6)
(216, 6)
(214, 6)
(127, 6)
(80, 6)
(441, 6)
(257, 6)
(41, 6)
(406, 6)
(221, 6)
(261, 6)
(264, 6)
(185, 6)
(41, 6)
(106, 6)
(145, 6)
(519, 6)
(248, 6)
[0.08093653 0.14807281 0.09111133 0.11522724 0.08912073 0.10136256
 0.15673654 0.08521775 0.08251412 0.12496776 0.11650603 0.09679158
 0.06159322 0.0974621  0.08644271 0.08148017 0.04649219 0.12480039
 0.10016853 0.06481013 0.15200299 0.13737581 0.09467133 0.08131818
 0.08323917 0.09795206 0.09741587 0.11105621 0.13466402 0.05848993]
本轮采样概率阵: [0.03333333 0.03333333 0.03333333 0.03333333 0.03333333 0.03333333
 0.03333333 0.03333333 0.03333333 0.03333333 0.03333333 0.03333333
 0.03333333 0.03333333 0.03333333 0.03333333 0.03333333 0.03333333
 0.03333333 0.03333333 0.03333333 0.03333333 0.03333333 0.03333333
 0.03333333 0.03333333 0.03333333 0.03333333 0.03333333 0.03333333]
客户端选择掩码: [1.0, 1.0, 1.0, 1.0, 1.0, 1.0, 1.0, 0.0, 0.0, 0.0, 1.0, 1.0, 0.0, 0.0, 1.0, 0.0, 1.0, 1.0, 0.0, 1.0, 1.0, 0.0, 1.0, 0.0, 1.0, 1.0, 1.0, 1.0, 1.0, 1.0]
稀疏向量: [0.02771025 0.12348079 0.03354399 0.01920271 0.01725814 0.01093824
 0.03548858 0.         0.         0.         0.04764218 0.0315994
 0.         0.         0.05201751 0.         0.01944581 0.10719498
 0.         0.00996594 0.09868735 0.         0.06344187 0.
 0.0449684  0.00996594 0.02576564 0.0352455  0.12615454 0.06028192]
更新后概率: [0.03333333 0.03333333 0.03333333 0.03333333 0.03333333 0.03333333
 0.03333333 0.03333333 0.03333333 0.03333333 0.03333333 0.03333333
 0.03333333 0.03333333 0.03333333 0.03333333 0.03333333 0.03333333
 0.03333333 0.03333333 0.03333333 0.03333333 0.03333333 0.03333333
 0.03333333 0.03333333 0.03333333 0.03333333 0.03333333 0.03333333]
Classification: 1.0 0.9185612487275195 10
(114, 6)
(508, 6)
(138, 6)
(79, 6)
(71, 6)
(45, 6)
(146, 6)
(267, 6)
(266, 6)
(116, 6)
(196, 6)
(130, 6)
(33, 6)
(216, 6)
(214, 6)
(127, 6)
(80, 6)
(441, 6)
(257, 6)
(41, 6)
(406, 6)
(221, 6)
(261, 6)
(264, 6)
(185, 6)
(41, 6)
(106, 6)
(145, 6)
(519, 6)
(248, 6)
[0.08735235 0.15277334 0.084274   0.13074489 0.08967194 0.09541013
 0.14572454 0.10297373 0.0762945  0.13272513 0.11804802 0.0857562
 0.04145869 0.09657611 0.08664819 0.06810962 0.04708915 0.12627342
 0.09910619 0.06441848 0.13992499 0.13645106 0.09877993 0.08002468
 0.09665478 0.12103493 0.08939807 0.1064888  0.13830177 0.06151237]
本轮采样概率阵: [0.03333333 0.03333333 0.03333333 0.03333333 0.03333333 0.03333333
 0.03333333 0.03333333 0.03333333 0.03333333 0.03333333 0.03333333
 0.03333333 0.03333333 0.03333333 0.03333333 0.03333333 0.03333333
 0.03333333 0.03333333 0.03333333 0.03333333 0.03333333 0.03333333
 0.03333333 0.03333333 0.03333333 0.03333333 0.03333333 0.03333333]
客户端选择掩码: [1.0, 0.0, 0.0, 1.0, 1.0, 1.0, 1.0, 1.0, 1.0, 1.0, 0.0, 1.0, 1.0, 0.0, 1.0, 1.0, 1.0, 1.0, 1.0, 1.0, 1.0, 1.0, 0.0, 1.0, 0.0, 0.0, 1.0, 0.0, 1.0, 0.0]
稀疏向量: [0.028912   0.         0.         0.0200355  0.01800659 0.01141261
 0.03702763 0.06771496 0.06746129 0.02941922 0.         0.0329698
 0.00836925 0.         0.05427341 0.03220897 0.02028911 0.11184373
 0.06517878 0.01039814 0.10296727 0.05604866 0.         0.06695408
 0.         0.         0.02688303 0.         0.13162571 0.        ]
更新后概率: [0.03333333 0.03333333 0.03333333 0.03333333 0.03333333 0.03333333
 0.03333333 0.03333333 0.03333333 0.03333333 0.03333333 0.03333333
 0.03333333 0.03333333 0.03333333 0.03333333 0.03333333 0.03333333
 0.03333333 0.03333333 0.03333333 0.03333333 0.03333333 0.03333333
 0.03333333 0.03333333 0.03333333 0.03333333 0.03333333 0.03333333]
Classification: 0.9989797653460296 0.9178825924669155 11
(114, 6)
(508, 6)
(138, 6)
(79, 6)
(71, 6)
(45, 6)
(146, 6)
(267, 6)
(266, 6)
(116, 6)
(196, 6)
(130, 6)
(33, 6)
(216, 6)
(214, 6)
(127, 6)
(80, 6)
(441, 6)
(257, 6)
(41, 6)
(406, 6)
(221, 6)
(261, 6)
(264, 6)
(185, 6)
(41, 6)
(106, 6)
(145, 6)
(519, 6)
(248, 6)
[0.09384756 0.16948974 0.091755   0.12490014 0.08820674 0.0824874
 0.1365513  0.0926995  0.08518345 0.11334013 0.12265897 0.08701123
 0.0508835  0.08809803 0.10127029 0.07574452 0.040244   0.13881689
 0.09841844 0.05782266 0.1462339  0.13437932 0.09173202 0.08496854
 0.09763978 0.11788913 0.0833487  0.10610217 0.13618615 0.06209082]
本轮采样概率阵: [0.03333333 0.03333333 0.03333333 0.03333333 0.03333333 0.03333333
 0.03333333 0.03333333 0.03333333 0.03333333 0.03333333 0.03333333
 0.03333333 0.03333333 0.03333333 0.03333333 0.03333333 0.03333333
 0.03333333 0.03333333 0.03333333 0.03333333 0.03333333 0.03333333
 0.03333333 0.03333333 0.03333333 0.03333333 0.03333333 0.03333333]
客户端选择掩码: [1.0, 0.0, 0.0, 1.0, 1.0, 0.0, 1.0, 0.0, 1.0, 0.0, 1.0, 0.0, 1.0, 1.0, 1.0, 1.0, 1.0, 1.0, 1.0, 1.0, 1.0, 1.0, 0.0, 1.0, 0.0, 1.0, 1.0, 0.0, 1.0, 1.0]
稀疏向量: [0.02790015 0.         0.         0.01933429 0.01737641 0.
 0.03573178 0.         0.06510033 0.         0.04796863 0.
 0.00807634 0.05286343 0.05237394 0.03108173 0.01957901 0.10792947
 0.06289774 0.01003428 0.09936366 0.05408714 0.         0.06461082
 0.         0.01003422 0.02594224 0.         0.12701906 0.06069503]
更新后概率: [0.03333333 0.03333333 0.03333333 0.03333333 0.03333333 0.03333333
 0.03333333 0.03333333 0.03333333 0.03333333 0.03333333 0.03333333
 0.03333333 0.03333333 0.03333333 0.03333333 0.03333333 0.03333333
 0.03333333 0.03333333 0.03333333 0.03333333 0.03333333 0.03333333
 0.03333333 0.03333333 0.03333333 0.03333333 0.03333333 0.03333333]
Classification: 0.9984696480190444 0.9151679674244995 12
(114, 6)
(508, 6)
(138, 6)
(79, 6)
(71, 6)
(45, 6)
(146, 6)
(267, 6)
(266, 6)
(116, 6)
(196, 6)
(130, 6)
(33, 6)
(216, 6)
(214, 6)
(127, 6)
(80, 6)
(441, 6)
(257, 6)
(41, 6)
(406, 6)
(221, 6)
(261, 6)
(264, 6)
(185, 6)
(41, 6)
(106, 6)
(145, 6)
(519, 6)
(248, 6)
[0.09431688 0.18257797 0.10540292 0.11510524 0.09076075 0.07961637
 0.13204716 0.10144418 0.07712752 0.10953106 0.10748102 0.08971843
 0.04494037 0.08439247 0.09357614 0.07363211 0.04782853 0.14116527
 0.1064893  0.05553685 0.13477294 0.13924998 0.11469114 0.08261334
 0.08329453 0.11182939 0.08738275 0.11059605 0.1364417  0.06643762]
本轮采样概率阵: [0.03333333 0.03333333 0.03333333 0.03333333 0.03333333 0.03333333
 0.03333333 0.03333333 0.03333333 0.03333333 0.03333333 0.03333333
 0.03333333 0.03333333 0.03333333 0.03333333 0.03333333 0.03333333
 0.03333333 0.03333333 0.03333333 0.03333333 0.03333333 0.03333333
 0.03333333 0.03333333 0.03333333 0.03333333 0.03333333 0.03333333]
客户端选择掩码: [1.0, 1.0, 1.0, 0.0, 1.0, 1.0, 0.0, 1.0, 1.0, 0.0, 0.0, 0.0, 1.0, 1.0, 0.0, 1.0, 1.0, 1.0, 1.0, 0.0, 1.0, 1.0, 0.0, 1.0, 1.0, 0.0, 1.0, 1.0, 1.0, 1.0]
稀疏向量: [0.02447927 0.10908312 0.02963279 0.         0.01524586 0.00966286
 0.         0.05733305 0.05711833 0.         0.         0.
 0.00708611 0.0463818  0.         0.02727078 0.01717843 0.09469615
 0.05518571 0.         0.08718058 0.04745542 0.         0.05668889
 0.03972515 0.         0.02276138 0.03113593 0.11144514 0.05325315]
更新后概率: [0.03333333 0.03333333 0.03333333 0.03333333 0.03333333 0.03333333
 0.03333333 0.03333333 0.03333333 0.03333333 0.03333333 0.03333333
 0.03333333 0.03333333 0.03333333 0.03333333 0.03333333 0.03333333
 0.03333333 0.03333333 0.03333333 0.03333333 0.03333333 0.03333333
 0.03333333 0.03333333 0.03333333 0.03333333 0.03333333 0.03333333]
Classification: 0.9977894915830641 0.9175432643366135 13
(114, 6)
(508, 6)
(138, 6)
(79, 6)
(71, 6)
(45, 6)
(146, 6)
(267, 6)
(266, 6)
(116, 6)
(196, 6)
(130, 6)
(33, 6)
(216, 6)
(214, 6)
(127, 6)
(80, 6)
(441, 6)
(257, 6)
(41, 6)
(406, 6)
(221, 6)
(261, 6)
(264, 6)
(185, 6)
(41, 6)
(106, 6)
(145, 6)
(519, 6)
(248, 6)
[0.0907352  0.18359996 0.09072545 0.12736526 0.08755517 0.08175388
 0.13152585 0.08753341 0.08930707 0.11808049 0.13637585 0.0906384
 0.04537069 0.07769885 0.08654836 0.07926727 0.05196526 0.16597937
 0.10068266 0.057864   0.13473514 0.12625005 0.1086099  0.08402919
 0.08582311 0.10611211 0.08051072 0.11027306 0.12397136 0.05911291]
本轮采样概率阵: [0.03333333 0.03333333 0.03333333 0.03333333 0.03333333 0.03333333
 0.03333333 0.03333333 0.03333333 0.03333333 0.03333333 0.03333333
 0.03333333 0.03333333 0.03333333 0.03333333 0.03333333 0.03333333
 0.03333333 0.03333333 0.03333333 0.03333333 0.03333333 0.03333333
 0.03333333 0.03333333 0.03333333 0.03333333 0.03333333 0.03333333]
客户端选择掩码: [1.0, 1.0, 0.0, 0.0, 0.0, 1.0, 1.0, 0.0, 1.0, 1.0, 1.0, 1.0, 1.0, 1.0, 1.0, 1.0, 0.0, 0.0, 0.0, 1.0, 1.0, 1.0, 1.0, 1.0, 0.0, 1.0, 1.0, 1.0, 0.0, 1.0]
稀疏向量: [0.02965661 0.13215403 0.         0.         0.         0.01170655
 0.03798126 0.         0.06919879 0.0301769  0.05098855 0.03381893
 0.0085848  0.05619146 0.05567117 0.0330385  0.         0.
 0.         0.01066597 0.10561913 0.05749222 0.06789799 0.06867849
 0.         0.01066596 0.02757541 0.03772109 0.         0.06451609]
更新后概率: [0.03333333 0.03333333 0.03333333 0.03333333 0.03333333 0.03333333
 0.03333333 0.03333333 0.03333333 0.03333333 0.03333333 0.03333333
 0.03333333 0.03333333 0.03333333 0.03333333 0.03333333 0.03333333
 0.03333333 0.03333333 0.03333333 0.03333333 0.03333333 0.03333333
 0.03333333 0.03333333 0.03333333 0.03333333 0.03333333 0.03333333]
Classification: 0.9979595306920592 0.9236511706820495 14
(114, 6)
(508, 6)
(138, 6)
(79, 6)
(71, 6)
(45, 6)
(146, 6)
(267, 6)
(266, 6)
(116, 6)
(196, 6)
(130, 6)
(33, 6)
(216, 6)
(214, 6)
(127, 6)
(80, 6)
(441, 6)
(257, 6)
(41, 6)
(406, 6)
(221, 6)
(261, 6)
(264, 6)
(185, 6)
(41, 6)
(106, 6)
(145, 6)
(519, 6)
(248, 6)
[0.08926214 0.17918837 0.12494512 0.11012158 0.09011436 0.07445513
 0.13943626 0.09139393 0.0874066  0.12723633 0.12027286 0.0867444
 0.04577009 0.0749723  0.09222023 0.07178765 0.05286349 0.14951023
 0.10302979 0.06064275 0.13776984 0.12692575 0.10911991 0.08259091
 0.09720246 0.09553354 0.07616    0.11336406 0.13446008 0.05549984]
本轮采样概率阵: [0.03333333 0.03333333 0.03333333 0.03333333 0.03333333 0.03333333
 0.03333333 0.03333333 0.03333333 0.03333333 0.03333333 0.03333333
 0.03333333 0.03333333 0.03333333 0.03333333 0.03333333 0.03333333
 0.03333333 0.03333333 0.03333333 0.03333333 0.03333333 0.03333333
 0.03333333 0.03333333 0.03333333 0.03333333 0.03333333 0.03333333]
客户端选择掩码: [1.0, 1.0, 0.0, 0.0, 1.0, 0.0, 1.0, 0.0, 1.0, 0.0, 0.0, 1.0, 1.0, 1.0, 0.0, 1.0, 1.0, 1.0, 1.0, 1.0, 1.0, 1.0, 1.0, 1.0, 0.0, 1.0, 1.0, 0.0, 1.0, 1.0]
稀疏向量: [0.02535586 0.11298933 0.         0.         0.01579181 0.
 0.0324733  0.         0.0591637  0.         0.         0.02891458
 0.00733985 0.0480427  0.         0.02824733 0.01779358 0.09808713
 0.05716186 0.00911918 0.09030245 0.04915476 0.05805157 0.05871884
 0.         0.00911923 0.02357648 0.         0.11543588 0.05516011]
更新后概率: [0.03333333 0.03333333 0.03333333 0.03333333 0.03333333 0.03333333
 0.03333333 0.03333333 0.03333333 0.03333333 0.03333333 0.03333333
 0.03333333 0.03333333 0.03333333 0.03333333 0.03333333 0.03333333
 0.03333333 0.03333333 0.03333333 0.03333333 0.03333333 0.03333333
 0.03333333 0.03333333 0.03333333 0.03333333 0.03333333 0.03333333]
Classification: 0.9977894915830641 0.9165252799457075 15
(114, 6)
(508, 6)
(138, 6)
(79, 6)
(71, 6)
(45, 6)
(146, 6)
(267, 6)
(266, 6)
(116, 6)
(196, 6)
(130, 6)
(33, 6)
(216, 6)
(214, 6)
(127, 6)
(80, 6)
(441, 6)
(257, 6)
(41, 6)
(406, 6)
(221, 6)
(261, 6)
(264, 6)
(185, 6)
(41, 6)
(106, 6)
(145, 6)
(519, 6)
(248, 6)
[0.09158627 0.18508548 0.10267084 0.11814381 0.09471319 0.07096762
 0.13031035 0.09316187 0.08965927 0.11907203 0.12227572 0.0847281
 0.0507206  0.07356068 0.09044096 0.0679116  0.04330912 0.18041456
 0.10621388 0.06607895 0.12821222 0.1172164  0.11204599 0.07967866
 0.09329206 0.09959763 0.07861183 0.11351537 0.13002552 0.06677939]
本轮采样概率阵: [0.03333333 0.03333333 0.03333333 0.03333333 0.03333333 0.03333333
 0.03333333 0.03333333 0.03333333 0.03333333 0.03333333 0.03333333
 0.03333333 0.03333333 0.03333333 0.03333333 0.03333333 0.03333333
 0.03333333 0.03333333 0.03333333 0.03333333 0.03333333 0.03333333
 0.03333333 0.03333333 0.03333333 0.03333333 0.03333333 0.03333333]
客户端选择掩码: [1.0, 0.0, 1.0, 0.0, 0.0, 1.0, 0.0, 1.0, 1.0, 1.0, 1.0, 1.0, 1.0, 0.0, 1.0, 1.0, 0.0, 1.0, 1.0, 1.0, 0.0, 1.0, 1.0, 1.0, 0.0, 1.0, 0.0, 1.0, 1.0, 1.0]
稀疏向量: [0.02791378 0.         0.0337904  0.         0.         0.01101859
 0.         0.06537706 0.06513219 0.02840351 0.04799216 0.03183152
 0.0080803  0.         0.05239962 0.03109696 0.         0.10798232
 0.06292845 0.01003915 0.         0.05411364 0.06390796 0.06464247
 0.         0.01003915 0.         0.03550437 0.12708129 0.06072478]
更新后概率: [0.03333333 0.03333333 0.03333333 0.03333333 0.03333333 0.03333333
 0.03333333 0.03333333 0.03333333 0.03333333 0.03333333 0.03333333
 0.03333333 0.03333333 0.03333333 0.03333333 0.03333333 0.03333333
 0.03333333 0.03333333 0.03333333 0.03333333 0.03333333 0.03333333
 0.03333333 0.03333333 0.03333333 0.03333333 0.03333333 0.03333333]
Classification: 1.0 0.9134713267729895 16
(114, 6)
(508, 6)
(138, 6)
(79, 6)
(71, 6)
(45, 6)
(146, 6)
(267, 6)
(266, 6)
(116, 6)
(196, 6)
(130, 6)
(33, 6)
(216, 6)
(214, 6)
(127, 6)
(80, 6)
(441, 6)
(257, 6)
(41, 6)
(406, 6)
(221, 6)
(261, 6)
(264, 6)
(185, 6)
(41, 6)
(106, 6)
(145, 6)
(519, 6)
(248, 6)
[0.09462061 0.18153763 0.09958597 0.13183924 0.09610154 0.07163486
 0.13031219 0.09619686 0.09033914 0.10843486 0.12488084 0.08613063
 0.0522487  0.06812923 0.08459128 0.0632802  0.05086475 0.15925902
 0.10738405 0.05739715 0.12717975 0.11091322 0.1153942  0.09455627
 0.1117196  0.10026356 0.0799576  0.1112603  0.1277316  0.06625513]
本轮采样概率阵: [0.03333333 0.03333333 0.03333333 0.03333333 0.03333333 0.03333333
 0.03333333 0.03333333 0.03333333 0.03333333 0.03333333 0.03333333
 0.03333333 0.03333333 0.03333333 0.03333333 0.03333333 0.03333333
 0.03333333 0.03333333 0.03333333 0.03333333 0.03333333 0.03333333
 0.03333333 0.03333333 0.03333333 0.03333333 0.03333333 0.03333333]
客户端选择掩码: [0.0, 0.0, 1.0, 1.0, 1.0, 0.0, 1.0, 0.0, 1.0, 1.0, 1.0, 1.0, 1.0, 0.0, 1.0, 1.0, 1.0, 1.0, 0.0, 1.0, 0.0, 1.0, 1.0, 1.0, 1.0, 1.0, 1.0, 0.0, 1.0, 0.0]
稀疏向量: [0.         0.         0.03755102 0.02149657 0.01931974 0.
 0.03972788 0.         0.07238096 0.03156463 0.05333335 0.03537415
 0.00897958 0.         0.05823129 0.03455783 0.02176864 0.12000003
 0.         0.01115648 0.         0.06013604 0.07102042 0.07183667
 0.05034011 0.01115643 0.02884353 0.         0.14122446 0.        ]
更新后概率: [0.03333333 0.03333333 0.03333333 0.03333333 0.03333333 0.03333333
 0.03333333 0.03333333 0.03333333 0.03333333 0.03333333 0.03333333
 0.03333333 0.03333333 0.03333333 0.03333333 0.03333333 0.03333333
 0.03333333 0.03333333 0.03333333 0.03333333 0.03333333 0.03333333
 0.03333333 0.03333333 0.03333333 0.03333333 0.03333333 0.03333333]
Classification: 0.9979595306920592 0.9195792331184255 17
(114, 6)
(508, 6)
(138, 6)
(79, 6)
(71, 6)
(45, 6)
(146, 6)
(267, 6)
(266, 6)
(116, 6)
(196, 6)
(130, 6)
(33, 6)
(216, 6)
(214, 6)
(127, 6)
(80, 6)
(441, 6)
(257, 6)
(41, 6)
(406, 6)
(221, 6)
(261, 6)
(264, 6)
(185, 6)
(41, 6)
(106, 6)
(145, 6)
(519, 6)
(248, 6)
[0.10596451 0.1736637  0.09978332 0.13269343 0.1005079  0.08641093
 0.13157896 0.09502595 0.08178793 0.10984087 0.13270842 0.08062352
 0.05863755 0.06875642 0.08962927 0.07464994 0.04644911 0.13874324
 0.10432916 0.0572205  0.12849961 0.10487571 0.11831674 0.08402998
 0.1075115  0.09237946 0.07766704 0.11405521 0.13360608 0.07005405]
本轮采样概率阵: [0.03333333 0.03333333 0.03333333 0.03333333 0.03333333 0.03333333
 0.03333333 0.03333333 0.03333333 0.03333333 0.03333333 0.03333333
 0.03333333 0.03333333 0.03333333 0.03333333 0.03333333 0.03333333
 0.03333333 0.03333333 0.03333333 0.03333333 0.03333333 0.03333333
 0.03333333 0.03333333 0.03333333 0.03333333 0.03333333 0.03333333]
客户端选择掩码: [1.0, 0.0, 1.0, 0.0, 1.0, 0.0, 1.0, 1.0, 1.0, 1.0, 1.0, 1.0, 1.0, 0.0, 1.0, 1.0, 1.0, 1.0, 1.0, 1.0, 0.0, 1.0, 0.0, 0.0, 1.0, 1.0, 1.0, 0.0, 0.0, 1.0]
稀疏向量: [0.03315882 0.         0.04013961 0.         0.02065155 0.
 0.04246655 0.07766144 0.07737058 0.03374056 0.0570099  0.03781268
 0.00959859 0.         0.06224549 0.03694008 0.02326932 0.12827222
 0.07475277 0.01192558 0.         0.06428149 0.         0.
 0.05381032 0.01192554 0.03083182 0.         0.         0.07213498]
更新后概率: [0.03333333 0.03333333 0.03333333 0.03333333 0.03333333 0.03333333
 0.03333333 0.03333333 0.03333333 0.03333333 0.03333333 0.03333333
 0.03333333 0.03333333 0.03333333 0.03333333 0.03333333 0.03333333
 0.03333333 0.03333333 0.03333333 0.03333333 0.03333333 0.03333333
 0.03333333 0.03333333 0.03333333 0.03333333 0.03333333 0.03333333]
Classification: 1.0 0.9185612487275195 18
(114, 6)
(508, 6)
(138, 6)
(79, 6)
(71, 6)
(45, 6)
(146, 6)
(267, 6)
(266, 6)
(116, 6)
(196, 6)
(130, 6)
(33, 6)
(216, 6)
(214, 6)
(127, 6)
(80, 6)
(441, 6)
(257, 6)
(41, 6)
(406, 6)
(221, 6)
(261, 6)
(264, 6)
(185, 6)
(41, 6)
(106, 6)
(145, 6)
(519, 6)
(248, 6)
[0.10293703 0.17450068 0.09170629 0.13691423 0.09969643 0.07247152
 0.12793817 0.08127049 0.09124291 0.10540401 0.14336454 0.08051771
 0.06212382 0.08207285 0.09196443 0.07709455 0.04060119 0.14047268
 0.1066612  0.05864303 0.1227433  0.10336297 0.11328635 0.0828269
 0.10390316 0.09306146 0.08098655 0.12934577 0.13568425 0.06720153]
本轮采样概率阵: [0.03333333 0.03333333 0.03333333 0.03333333 0.03333333 0.03333333
 0.03333333 0.03333333 0.03333333 0.03333333 0.03333333 0.03333333
 0.03333333 0.03333333 0.03333333 0.03333333 0.03333333 0.03333333
 0.03333333 0.03333333 0.03333333 0.03333333 0.03333333 0.03333333
 0.03333333 0.03333333 0.03333333 0.03333333 0.03333333 0.03333333]
客户端选择掩码: [1.0, 1.0, 1.0, 1.0, 1.0, 1.0, 0.0, 1.0, 1.0, 1.0, 0.0, 1.0, 0.0, 0.0, 0.0, 0.0, 0.0, 0.0, 1.0, 1.0, 1.0, 1.0, 1.0, 1.0, 0.0, 1.0, 1.0, 1.0, 1.0, 1.0]
稀疏向量: [0.02686778 0.11972658 0.03252415 0.01861889 0.01673343 0.01060569
 0.         0.06292717 0.06269148 0.02733916 0.         0.0306387
 0.         0.         0.         0.         0.         0.
 0.06057037 0.00966298 0.09568699 0.05208574 0.06151307 0.06222011
 0.         0.00966298 0.02498234 0.03417391 0.1223191  0.05844918]
更新后概率: [0.03333333 0.03333333 0.03333333 0.03333333 0.03333333 0.03333333
 0.03333333 0.03333333 0.03333333 0.03333333 0.03333333 0.03333333
 0.03333333 0.03333333 0.03333333 0.03333333 0.03333333 0.03333333
 0.03333333 0.03333333 0.03333333 0.03333333 0.03333333 0.03333333
 0.03333333 0.03333333 0.03333333 0.03333333 0.03333333 0.03333333]
Classification: 0.9989797653460296 0.9219545300305395 19
(114, 6)
(508, 6)
(138, 6)
(79, 6)
(71, 6)
(45, 6)
(146, 6)
(267, 6)
(266, 6)
(116, 6)
(196, 6)
(130, 6)
(33, 6)
(216, 6)
(214, 6)
(127, 6)
(80, 6)
(441, 6)
(257, 6)
(41, 6)
(406, 6)
(221, 6)
(261, 6)
(264, 6)
(185, 6)
(41, 6)
(106, 6)
(145, 6)
(519, 6)
(248, 6)
[0.09621806 0.18210106 0.10021905 0.1308835  0.09777297 0.07491463
 0.12475228 0.10494001 0.09075224 0.10494088 0.12967762 0.07441094
 0.05701618 0.07245824 0.08302617 0.0793794  0.04644488 0.16718571
 0.10530275 0.05401077 0.12412438 0.11089484 0.11745878 0.08432928
 0.10246098 0.07377989 0.08638098 0.12951399 0.12888984 0.06575971]
本轮采样概率阵: [0.03333333 0.03333333 0.03333333 0.03333333 0.03333333 0.03333333
 0.03333333 0.03333333 0.03333333 0.03333333 0.03333333 0.03333333
 0.03333333 0.03333333 0.03333333 0.03333333 0.03333333 0.03333333
 0.03333333 0.03333333 0.03333333 0.03333333 0.03333333 0.03333333
 0.03333333 0.03333333 0.03333333 0.03333333 0.03333333 0.03333333]
客户端选择掩码: [1.0, 1.0, 1.0, 1.0, 1.0, 1.0, 1.0, 1.0, 0.0, 0.0, 1.0, 1.0, 1.0, 0.0, 1.0, 1.0, 0.0, 0.0, 1.0, 0.0, 1.0, 0.0, 1.0, 1.0, 0.0, 1.0, 1.0, 1.0, 0.0, 1.0]
稀疏向量: [0.0300316  0.13382514 0.03635406 0.02081137 0.01870388 0.01185456
 0.03846151 0.07033717 0.         0.         0.05163327 0.03424655
 0.00869335 0.         0.05637511 0.03345628 0.         0.
 0.06770283 0.         0.10695463 0.         0.06875665 0.06954681
 0.         0.01080081 0.02792411 0.03819808 0.         0.06533191]
更新后概率: [0.03333333 0.03333333 0.03333333 0.03333333 0.03333333 0.03333333
 0.03333333 0.03333333 0.03333333 0.03333333 0.03333333 0.03333333
 0.03333333 0.03333333 0.03333333 0.03333333 0.03333333 0.03333333
 0.03333333 0.03333333 0.03333333 0.03333333 0.03333333 0.03333333
 0.03333333 0.03333333 0.03333333 0.03333333 0.03333333 0.03333333]
Classification: 1.0 0.9250084832032576 20
(114, 6)
(508, 6)
(138, 6)
(79, 6)
(71, 6)
(45, 6)
(146, 6)
(267, 6)
(266, 6)
(116, 6)
(196, 6)
(130, 6)
(33, 6)
(216, 6)
(214, 6)
(127, 6)
(80, 6)
(441, 6)
(257, 6)
(41, 6)
(406, 6)
(221, 6)
(261, 6)
(264, 6)
(185, 6)
(41, 6)
(106, 6)
(145, 6)
(519, 6)
(248, 6)
[0.09887852 0.18267799 0.09088782 0.14166258 0.09667724 0.08385047
 0.1298474  0.09564211 0.09298499 0.11409843 0.1295952  0.08033516
 0.05087981 0.07886518 0.08729578 0.06438564 0.04951311 0.17566777
 0.09580341 0.06315599 0.11890518 0.10525489 0.11297671 0.08357679
 0.10399099 0.07297693 0.07424094 0.12021097 0.13995196 0.06521004]
本轮采样概率阵: [0.03333333 0.03333333 0.03333333 0.03333333 0.03333333 0.03333333
 0.03333333 0.03333333 0.03333333 0.03333333 0.03333333 0.03333333
 0.03333333 0.03333333 0.03333333 0.03333333 0.03333333 0.03333333
 0.03333333 0.03333333 0.03333333 0.03333333 0.03333333 0.03333333
 0.03333333 0.03333333 0.03333333 0.03333333 0.03333333 0.03333333]
客户端选择掩码: [1.0, 1.0, 0.0, 0.0, 1.0, 1.0, 1.0, 1.0, 1.0, 1.0, 1.0, 1.0, 0.0, 0.0, 0.0, 1.0, 0.0, 1.0, 1.0, 0.0, 1.0, 1.0, 0.0, 0.0, 1.0, 1.0, 1.0, 1.0, 1.0, 1.0]
稀疏向量: [0.02502745 0.11152577 0.         0.         0.01558727 0.00987924
 0.03205269 0.05861691 0.05839737 0.02546652 0.04302963 0.02854007
 0.         0.         0.         0.02788145 0.         0.0968167
 0.05642153 0.         0.08913281 0.04851811 0.         0.
 0.0406147  0.00900107 0.02327114 0.03183312 0.11394069 0.0544457 ]
更新后概率: [0.03333333 0.03333333 0.03333333 0.03333333 0.03333333 0.03333333
 0.03333333 0.03333333 0.03333333 0.03333333 0.03333333 0.03333333
 0.03333333 0.03333333 0.03333333 0.03333333 0.03333333 0.03333333
 0.03333333 0.03333333 0.03333333 0.03333333 0.03333333 0.03333333
 0.03333333 0.03333333 0.03333333 0.03333333 0.03333333 0.03333333]
Classification: 1.0 0.9161859518154055 21
(114, 6)
(508, 6)
(138, 6)
(79, 6)
(71, 6)
(45, 6)
(146, 6)
(267, 6)
(266, 6)
(116, 6)
(196, 6)
(130, 6)
(33, 6)
(216, 6)
(214, 6)
(127, 6)
(80, 6)
(441, 6)
(257, 6)
(41, 6)
(406, 6)
(221, 6)
(261, 6)
(264, 6)
(185, 6)
(41, 6)
(106, 6)
(145, 6)
(519, 6)
(248, 6)
[0.10102198 0.17803455 0.07954953 0.14993214 0.10600885 0.07689007
 0.12192745 0.09156103 0.09285138 0.12276903 0.11947209 0.08055409
 0.05706286 0.06171752 0.0934055  0.06500759 0.05733471 0.16409812
 0.10082431 0.07026149 0.11745348 0.10188251 0.12922501 0.08118271
 0.10880194 0.07181015 0.0803335  0.10968299 0.14276387 0.06657954]
本轮采样概率阵: [0.03333333 0.03333333 0.03333333 0.03333333 0.03333333 0.03333333
 0.03333333 0.03333333 0.03333333 0.03333333 0.03333333 0.03333333
 0.03333333 0.03333333 0.03333333 0.03333333 0.03333333 0.03333333
 0.03333333 0.03333333 0.03333333 0.03333333 0.03333333 0.03333333
 0.03333333 0.03333333 0.03333333 0.03333333 0.03333333 0.03333333]
客户端选择掩码: [0.0, 1.0, 1.0, 1.0, 1.0, 0.0, 1.0, 0.0, 1.0, 0.0, 1.0, 1.0, 0.0, 1.0, 1.0, 1.0, 0.0, 1.0, 1.0, 1.0, 0.0, 1.0, 1.0, 0.0, 1.0, 1.0, 1.0, 1.0, 1.0, 0.0]
稀疏向量: [0.         0.11792015 0.03203342 0.01833794 0.01648097 0.
 0.03389041 0.         0.06174558 0.         0.04549675 0.0301764
 0.         0.05013926 0.04967503 0.02948002 0.         0.1023677
 0.05965643 0.00951719 0.         0.05129993 0.06058499 0.
 0.04294338 0.00951716 0.02460534 0.03365826 0.12047353 0.        ]
更新后概率: [0.03333333 0.03333333 0.03333333 0.03333333 0.03333333 0.03333333
 0.03333333 0.03333333 0.03333333 0.03333333 0.03333333 0.03333333
 0.03333333 0.03333333 0.03333333 0.03333333 0.03333333 0.03333333
 0.03333333 0.03333333 0.03333333 0.03333333 0.03333333 0.03333333
 0.03333333 0.03333333 0.03333333 0.03333333 0.03333333 0.03333333]
Classification: 0.997619452474069 0.9155072955548015 22
(114, 6)
(508, 6)
(138, 6)
(79, 6)
(71, 6)
(45, 6)
(146, 6)
(267, 6)
(266, 6)
(116, 6)
(196, 6)
(130, 6)
(33, 6)
(216, 6)
(214, 6)
(127, 6)
(80, 6)
(441, 6)
(257, 6)
(41, 6)
(406, 6)
(221, 6)
(261, 6)
(264, 6)
(185, 6)
(41, 6)
(106, 6)
(145, 6)
(519, 6)
(248, 6)
[0.10117609 0.17158506 0.08085338 0.14042837 0.09317959 0.06823244
 0.12202646 0.08661017 0.10465315 0.11828742 0.1248803  0.08861296
 0.05592858 0.07135694 0.0842954  0.05743671 0.06212147 0.16454561
 0.10273466 0.06458643 0.1267558  0.10969064 0.10746292 0.0884305
 0.10738474 0.09061666 0.07930082 0.11878344 0.1404252  0.06761808]
本轮采样概率阵: [0.03333333 0.03333333 0.03333333 0.03333333 0.03333333 0.03333333
 0.03333333 0.03333333 0.03333333 0.03333333 0.03333333 0.03333333
 0.03333333 0.03333333 0.03333333 0.03333333 0.03333333 0.03333333
 0.03333333 0.03333333 0.03333333 0.03333333 0.03333333 0.03333333
 0.03333333 0.03333333 0.03333333 0.03333333 0.03333333 0.03333333]
客户端选择掩码: [1.0, 1.0, 1.0, 1.0, 1.0, 0.0, 1.0, 1.0, 1.0, 1.0, 0.0, 1.0, 1.0, 1.0, 0.0, 1.0, 1.0, 1.0, 1.0, 0.0, 1.0, 1.0, 1.0, 0.0, 0.0, 0.0, 0.0, 1.0, 1.0, 0.0]
稀疏向量: [0.02510459 0.11186961 0.03038978 0.01739705 0.01563531 0.
 0.03215152 0.05879761 0.05857741 0.02554503 0.         0.02862806
 0.00726711 0.04756662 0.         0.02796737 0.01761726 0.09711507
 0.05659552 0.         0.08940766 0.04866763 0.05747627 0.
 0.         0.         0.         0.03193133 0.11429199 0.        ]
更新后概率: [0.03333333 0.03333333 0.03333333 0.03333333 0.03333333 0.03333333
 0.03333333 0.03333333 0.03333333 0.03333333 0.03333333 0.03333333
 0.03333333 0.03333333 0.03333333 0.03333333 0.03333333 0.03333333
 0.03333333 0.03333333 0.03333333 0.03333333 0.03333333 0.03333333
 0.03333333 0.03333333 0.03333333 0.03333333 0.03333333 0.03333333]
Classification: 1.0 0.9131319986426875 23
(114, 6)
(508, 6)
(138, 6)
(79, 6)
(71, 6)
(45, 6)
(146, 6)
(267, 6)
(266, 6)
(116, 6)
(196, 6)
(130, 6)
(33, 6)
(216, 6)
(214, 6)
(127, 6)
(80, 6)
(441, 6)
(257, 6)
(41, 6)
(406, 6)
(221, 6)
(261, 6)
(264, 6)
(185, 6)
(41, 6)
(106, 6)
(145, 6)
(519, 6)
(248, 6)
[0.10287046 0.17364442 0.09672273 0.1255536  0.10303072 0.07011536
 0.1293878  0.09153248 0.09947061 0.11594631 0.1179808  0.07982762
 0.0490571  0.07405432 0.08435931 0.05911705 0.05299254 0.15912055
 0.09784348 0.05970754 0.12852081 0.10572494 0.11235486 0.09057185
 0.11330809 0.09653871 0.08118508 0.12292414 0.13769043 0.06884628]
本轮采样概率阵: [0.03333333 0.03333333 0.03333333 0.03333333 0.03333333 0.03333333
 0.03333333 0.03333333 0.03333333 0.03333333 0.03333333 0.03333333
 0.03333333 0.03333333 0.03333333 0.03333333 0.03333333 0.03333333
 0.03333333 0.03333333 0.03333333 0.03333333 0.03333333 0.03333333
 0.03333333 0.03333333 0.03333333 0.03333333 0.03333333 0.03333333]
客户端选择掩码: [1.0, 1.0, 1.0, 0.0, 1.0, 1.0, 1.0, 1.0, 1.0, 1.0, 1.0, 1.0, 1.0, 0.0, 1.0, 0.0, 1.0, 1.0, 1.0, 0.0, 1.0, 0.0, 1.0, 1.0, 1.0, 1.0, 0.0, 0.0, 0.0, 0.0]
稀疏向量: [0.02727924 0.12156024 0.03302226 0.         0.01698971 0.01076812
 0.0349366  0.06389088 0.06365161 0.02775786 0.04690117 0.03110794
 0.00789662 0.         0.05120841 0.         0.01914331 0.10552768
 0.06149799 0.         0.09715247 0.         0.06245514 0.06317299
 0.04426896 0.00981093 0.         0.         0.         0.        ]
更新后概率: [0.03333333 0.03333333 0.03333333 0.03333333 0.03333333 0.03333333
 0.03333333 0.03333333 0.03333333 0.03333333 0.03333333 0.03333333
 0.03333333 0.03333333 0.03333333 0.03333333 0.03333333 0.03333333
 0.03333333 0.03333333 0.03333333 0.03333333 0.03333333 0.03333333
 0.03333333 0.03333333 0.03333333 0.03333333 0.03333333 0.03333333]
Classification: 0.9982996089100493 0.9250084832032576 24
(114, 6)
(508, 6)
(138, 6)
(79, 6)
(71, 6)
(45, 6)
(146, 6)
(267, 6)
(266, 6)
(116, 6)
(196, 6)
(130, 6)
(33, 6)
(216, 6)
(214, 6)
(127, 6)
(80, 6)
(441, 6)
(257, 6)
(41, 6)
(406, 6)
(221, 6)
(261, 6)
(264, 6)
(185, 6)
(41, 6)
(106, 6)
(145, 6)
(519, 6)
(248, 6)
[0.09294574 0.17623288 0.08902385 0.13137514 0.09571748 0.06616602
 0.13072194 0.09660983 0.10239728 0.1223423  0.12712065 0.07881205
 0.06049216 0.07907668 0.08257664 0.06392258 0.04656488 0.16965089
 0.10149972 0.0624402  0.12226444 0.0908765  0.1088212  0.08969147
 0.11622169 0.08257039 0.083328   0.13178616 0.13359556 0.06515568]
本轮采样概率阵: [0.03333333 0.03333333 0.03333333 0.03333333 0.03333333 0.03333333
 0.03333333 0.03333333 0.03333333 0.03333333 0.03333333 0.03333333
 0.03333333 0.03333333 0.03333333 0.03333333 0.03333333 0.03333333
 0.03333333 0.03333333 0.03333333 0.03333333 0.03333333 0.03333333
 0.03333333 0.03333333 0.03333333 0.03333333 0.03333333 0.03333333]
客户端选择掩码: [1.0, 0.0, 1.0, 1.0, 0.0, 1.0, 1.0, 1.0, 0.0, 1.0, 1.0, 0.0, 1.0, 1.0, 1.0, 1.0, 0.0, 0.0, 1.0, 1.0, 0.0, 1.0, 1.0, 0.0, 1.0, 1.0, 1.0, 1.0, 1.0, 0.0]
稀疏向量: [0.03288144 0.         0.03980388 0.02278626 0.         0.0129795
 0.04211132 0.07701184 0.         0.03345833 0.05653301 0.
 0.0095183  0.06230168 0.06172482 0.03663107 0.         0.
 0.07412744 0.01182579 0.         0.06374386 0.0752812  0.
 0.05336022 0.01182579 0.03057397 0.04182292 0.14969707 0.        ]
更新后概率: [0.03333333 0.03333333 0.03333333 0.03333333 0.03333333 0.03333333
 0.03333333 0.03333333 0.03333333 0.03333333 0.03333333 0.03333333
 0.03333333 0.03333333 0.03333333 0.03333333 0.03333333 0.03333333
 0.03333333 0.03333333 0.03333333 0.03333333 0.03333333 0.03333333
 0.03333333 0.03333333 0.03333333 0.03333333 0.03333333 0.03333333]
Classification: 0.9981295698010543 0.9192399049881235 25
(114, 6)
(508, 6)
(138, 6)
(79, 6)
(71, 6)
(45, 6)
(146, 6)
(267, 6)
(266, 6)
(116, 6)
(196, 6)
(130, 6)
(33, 6)
(216, 6)
(214, 6)
(127, 6)
(80, 6)
(441, 6)
(257, 6)
(41, 6)
(406, 6)
(221, 6)
(261, 6)
(264, 6)
(185, 6)
(41, 6)
(106, 6)
(145, 6)
(519, 6)
(248, 6)
[0.09539806 0.16289427 0.0953997  0.13635021 0.10573554 0.05868472
 0.12443604 0.08898895 0.0936265  0.114196   0.12569666 0.07677207
 0.05975119 0.08388935 0.08812936 0.05697203 0.05338766 0.1871586
 0.10369168 0.06703667 0.13451672 0.09419332 0.10324555 0.09494058
 0.10378777 0.08672906 0.07825658 0.1239803  0.13094838 0.0712065 ]
本轮采样概率阵: [0.03333333 0.03333333 0.03333333 0.03333333 0.03333333 0.03333333
 0.03333333 0.03333333 0.03333333 0.03333333 0.03333333 0.03333333
 0.03333333 0.03333333 0.03333333 0.03333333 0.03333333 0.03333333
 0.03333333 0.03333333 0.03333333 0.03333333 0.03333333 0.03333333
 0.03333333 0.03333333 0.03333333 0.03333333 0.03333333 0.03333333]
客户端选择掩码: [1.0, 1.0, 1.0, 1.0, 1.0, 0.0, 0.0, 1.0, 1.0, 0.0, 1.0, 1.0, 1.0, 1.0, 0.0, 1.0, 1.0, 0.0, 0.0, 0.0, 1.0, 1.0, 0.0, 0.0, 1.0, 1.0, 1.0, 1.0, 1.0, 1.0]
稀疏向量: [0.02783203 0.12402344 0.03369141 0.01928709 0.01733397 0.
 0.         0.06518554 0.06494144 0.         0.04785156 0.03173828
 0.00805664 0.05273439 0.         0.03100583 0.01953122 0.
 0.         0.         0.09912104 0.05395507 0.         0.
 0.04516603 0.01000975 0.02587884 0.03540039 0.12670897 0.0605469 ]
更新后概率: [0.03333333 0.03333333 0.03333333 0.03333333 0.03333333 0.03333333
 0.03333333 0.03333333 0.03333333 0.03333333 0.03333333 0.03333333
 0.03333333 0.03333333 0.03333333 0.03333333 0.03333333 0.03333333
 0.03333333 0.03333333 0.03333333 0.03333333 0.03333333 0.03333333
 0.03333333 0.03333333 0.03333333 0.03333333 0.03333333 0.03333333]
Classification: 0.9981295698010543 0.9195792331184255 26
(114, 6)
(508, 6)
(138, 6)
(79, 6)
(71, 6)
(45, 6)
(146, 6)
(267, 6)
(266, 6)
(116, 6)
(196, 6)
(130, 6)
(33, 6)
(216, 6)
(214, 6)
(127, 6)
(80, 6)
(441, 6)
(257, 6)
(41, 6)
(406, 6)
(221, 6)
(261, 6)
(264, 6)
(185, 6)
(41, 6)
(106, 6)
(145, 6)
(519, 6)
(248, 6)
[0.09592112 0.17306605 0.0996212  0.13591364 0.09863966 0.06376593
 0.12384279 0.09608482 0.10406207 0.11403297 0.10677016 0.07966809
 0.04929671 0.08475438 0.08855472 0.0565388  0.05991941 0.1854423
 0.10183246 0.06209245 0.13189116 0.08998995 0.11362276 0.0832316
 0.10728725 0.08440391 0.08528635 0.12628658 0.13219916 0.06598156]
本轮采样概率阵: [0.03333333 0.03333333 0.03333333 0.03333333 0.03333333 0.03333333
 0.03333333 0.03333333 0.03333333 0.03333333 0.03333333 0.03333333
 0.03333333 0.03333333 0.03333333 0.03333333 0.03333333 0.03333333
 0.03333333 0.03333333 0.03333333 0.03333333 0.03333333 0.03333333
 0.03333333 0.03333333 0.03333333 0.03333333 0.03333333 0.03333333]
客户端选择掩码: [0.0, 1.0, 1.0, 1.0, 0.0, 0.0, 1.0, 1.0, 1.0, 1.0, 1.0, 1.0, 1.0, 1.0, 1.0, 1.0, 1.0, 0.0, 1.0, 0.0, 1.0, 0.0, 1.0, 1.0, 1.0, 1.0, 0.0, 0.0, 0.0, 1.0]
稀疏向量: [0.         0.12158925 0.03303015 0.01890855 0.         0.
 0.03494495 0.06390617 0.06366685 0.02776448 0.04691239 0.03111534
 0.0078985  0.05169937 0.05122066 0.03039731 0.01914792 0.
 0.0615127  0.         0.09717567 0.         0.06247006 0.06318808
 0.04427955 0.00981331 0.         0.         0.         0.05935847]
更新后概率: [0.03333333 0.03333333 0.03333333 0.03333333 0.03333333 0.03333333
 0.03333333 0.03333333 0.03333333 0.03333333 0.03333333 0.03333333
 0.03333333 0.03333333 0.03333333 0.03333333 0.03333333 0.03333333
 0.03333333 0.03333333 0.03333333 0.03333333 0.03333333 0.03333333
 0.03333333 0.03333333 0.03333333 0.03333333 0.03333333 0.03333333]
Classification: 0.9981295698010543 0.9216152019002375 27
(114, 6)
(508, 6)
(138, 6)
(79, 6)
(71, 6)
(45, 6)
(146, 6)
(267, 6)
(266, 6)
(116, 6)
(196, 6)
(130, 6)
(33, 6)
(216, 6)
(214, 6)
(127, 6)
(80, 6)
(441, 6)
(257, 6)
(41, 6)
(406, 6)
(221, 6)
(261, 6)
(264, 6)
(185, 6)
(41, 6)
(106, 6)
(145, 6)
(519, 6)
(248, 6)
[0.09412277 0.17088051 0.09155755 0.13930502 0.1050511  0.07283408
 0.11873722 0.08581158 0.10197581 0.11829053 0.1273486  0.08018992
 0.06730947 0.08630126 0.09098374 0.06101295 0.04852153 0.17530569
 0.09452414 0.06672712 0.12530929 0.0895921  0.11105339 0.08387117
 0.10491221 0.08397248 0.07722662 0.1343886  0.12818131 0.06470225]
本轮采样概率阵: [0.03333333 0.03333333 0.03333333 0.03333333 0.03333333 0.03333333
 0.03333333 0.03333333 0.03333333 0.03333333 0.03333333 0.03333333
 0.03333333 0.03333333 0.03333333 0.03333333 0.03333333 0.03333333
 0.03333333 0.03333333 0.03333333 0.03333333 0.03333333 0.03333333
 0.03333333 0.03333333 0.03333333 0.03333333 0.03333333 0.03333333]
客户端选择掩码: [1.0, 1.0, 1.0, 1.0, 0.0, 0.0, 1.0, 1.0, 1.0, 1.0, 1.0, 0.0, 1.0, 1.0, 0.0, 1.0, 0.0, 1.0, 1.0, 0.0, 1.0, 1.0, 0.0, 1.0, 1.0, 0.0, 1.0, 1.0, 0.0, 1.0]
稀疏向量: [0.02545211 0.11341814 0.03081044 0.01763785 0.         0.
 0.03259656 0.05961151 0.05938826 0.02589863 0.04375976 0.
 0.0073677  0.04822506 0.         0.02835454 0.         0.09845942
 0.05737885 0.         0.09064519 0.04934134 0.         0.05894169
 0.04130385 0.         0.02366599 0.03237328 0.         0.0553695 ]
更新后概率: [0.03333333 0.03333333 0.03333333 0.03333333 0.03333333 0.03333333
 0.03333333 0.03333333 0.03333333 0.03333333 0.03333333 0.03333333
 0.03333333 0.03333333 0.03333333 0.03333333 0.03333333 0.03333333
 0.03333333 0.03333333 0.03333333 0.03333333 0.03333333 0.03333333
 0.03333333 0.03333333 0.03333333 0.03333333 0.03333333 0.03333333]
Classification: 1.0 0.9175432643366135 28
(114, 6)
(508, 6)
(138, 6)
(79, 6)
(71, 6)
(45, 6)
(146, 6)
(267, 6)
(266, 6)
(116, 6)
(196, 6)
(130, 6)
(33, 6)
(216, 6)
(214, 6)
(127, 6)
(80, 6)
(441, 6)
(257, 6)
(41, 6)
(406, 6)
(221, 6)
(261, 6)
(264, 6)
(185, 6)
(41, 6)
(106, 6)
(145, 6)
(519, 6)
(248, 6)
[0.09529735 0.17322659 0.08499847 0.13594226 0.094827   0.06609597
 0.12701434 0.08428563 0.10243172 0.12892333 0.13157255 0.08200825
 0.0531105  0.0893221  0.07985165 0.06028617 0.05145822 0.18307675
 0.09902677 0.05565706 0.1264769  0.08683845 0.11368194 0.08104121
 0.10724445 0.08623096 0.10255026 0.11821421 0.13139662 0.06791232]
本轮采样概率阵: [0.03333333 0.03333333 0.03333333 0.03333333 0.03333333 0.03333333
 0.03333333 0.03333333 0.03333333 0.03333333 0.03333333 0.03333333
 0.03333333 0.03333333 0.03333333 0.03333333 0.03333333 0.03333333
 0.03333333 0.03333333 0.03333333 0.03333333 0.03333333 0.03333333
 0.03333333 0.03333333 0.03333333 0.03333333 0.03333333 0.03333333]
客户端选择掩码: [1.0, 0.0, 1.0, 1.0, 1.0, 0.0, 1.0, 0.0, 1.0, 1.0, 1.0, 1.0, 1.0, 1.0, 0.0, 1.0, 1.0, 0.0, 0.0, 0.0, 1.0, 1.0, 1.0, 0.0, 1.0, 1.0, 1.0, 1.0, 0.0, 1.0]
稀疏向量: [0.0342857  0.         0.04150375 0.0237594  0.02135337 0.
 0.04390976 0.         0.07999998 0.03488724 0.05894739 0.03909773
 0.0099248  0.06496242 0.         0.03819545 0.02406011 0.
 0.         0.         0.12210525 0.06646615 0.0784963  0.
 0.05563911 0.01233084 0.03187963 0.04360901 0.         0.07458644]
更新后概率: [0.03333333 0.03333333 0.03333333 0.03333333 0.03333333 0.03333333
 0.03333333 0.03333333 0.03333333 0.03333333 0.03333333 0.03333333
 0.03333333 0.03333333 0.03333333 0.03333333 0.03333333 0.03333333
 0.03333333 0.03333333 0.03333333 0.03333333 0.03333333 0.03333333
 0.03333333 0.03333333 0.03333333 0.03333333 0.03333333 0.03333333]
Classification: 0.9988097262370346 0.9250084832032576 29
(114, 6)
(508, 6)
(138, 6)
(79, 6)
(71, 6)
(45, 6)
(146, 6)
(267, 6)
(266, 6)
(116, 6)
(196, 6)
(130, 6)
(33, 6)
(216, 6)
(214, 6)
(127, 6)
(80, 6)
(441, 6)
(257, 6)
(41, 6)
(406, 6)
(221, 6)
(261, 6)
(264, 6)
(185, 6)
(41, 6)
(106, 6)
(145, 6)
(519, 6)
(248, 6)
[0.09323744 0.1736219  0.08805397 0.13741973 0.09321767 0.0790331
 0.12666585 0.08707561 0.1090425  0.1166284  0.10811036 0.08349087
 0.0522029  0.08376117 0.09748078 0.05983217 0.05630347 0.18429495
 0.1027735  0.0642522  0.11979524 0.08262652 0.12161706 0.08782666
 0.1028755  0.09012308 0.07667921 0.12807148 0.12249915 0.07138754]
本轮采样概率阵: [0.03333333 0.03333333 0.03333333 0.03333333 0.03333333 0.03333333
 0.03333333 0.03333333 0.03333333 0.03333333 0.03333333 0.03333333
 0.03333333 0.03333333 0.03333333 0.03333333 0.03333333 0.03333333
 0.03333333 0.03333333 0.03333333 0.03333333 0.03333333 0.03333333
 0.03333333 0.03333333 0.03333333 0.03333333 0.03333333 0.03333333]
客户端选择掩码: [0.0, 0.0, 0.0, 1.0, 0.0, 1.0, 1.0, 1.0, 1.0, 1.0, 1.0, 0.0, 1.0, 1.0, 1.0, 0.0, 1.0, 1.0, 0.0, 1.0, 1.0, 0.0, 1.0, 0.0, 1.0, 1.0, 1.0, 1.0, 1.0, 1.0]
稀疏向量: [0.         0.         0.         0.01950135 0.         0.01110835
 0.03604048 0.06590966 0.06566278 0.02863488 0.04838312 0.
 0.00814612 0.05332018 0.05282646 0.         0.01974822 0.10886206
 0.         0.01012098 0.10022216 0.         0.06442857 0.
 0.04566773 0.01012093 0.02616633 0.03579367 0.12811649 0.0612194 ]
更新后概率: [0.03333333 0.03333333 0.03333333 0.03333333 0.03333333 0.03333333
 0.03333333 0.03333333 0.03333333 0.03333333 0.03333333 0.03333333
 0.03333333 0.03333333 0.03333333 0.03333333 0.03333333 0.03333333
 0.03333333 0.03333333 0.03333333 0.03333333 0.03333333 0.03333333
 0.03333333 0.03333333 0.03333333 0.03333333 0.03333333 0.03333333]
Classification: 0.9989797653460296 0.9178825924669155 30
(114, 6)
(508, 6)
(138, 6)
(79, 6)
(71, 6)
(45, 6)
(146, 6)
(267, 6)
(266, 6)
(116, 6)
(196, 6)
(130, 6)
(33, 6)
(216, 6)
(214, 6)
(127, 6)
(80, 6)
(441, 6)
(257, 6)
(41, 6)
(406, 6)
(221, 6)
(261, 6)
(264, 6)
(185, 6)
(41, 6)
(106, 6)
(145, 6)
(519, 6)
(248, 6)
[0.09810913 0.16148623 0.08637496 0.12117923 0.10047255 0.07317995
 0.12689835 0.08948332 0.10854461 0.11514057 0.12131668 0.0816757
 0.06447416 0.07936409 0.08734672 0.05757542 0.05513814 0.18681101
 0.09653772 0.06135626 0.11708615 0.09368521 0.11869246 0.0809797
 0.10439631 0.07483564 0.10287884 0.1349773  0.12593983 0.07406375]
本轮采样概率阵: [0.03333333 0.03333333 0.03333333 0.03333333 0.03333333 0.03333333
 0.03333333 0.03333333 0.03333333 0.03333333 0.03333333 0.03333333
 0.03333333 0.03333333 0.03333333 0.03333333 0.03333333 0.03333333
 0.03333333 0.03333333 0.03333333 0.03333333 0.03333333 0.03333333
 0.03333333 0.03333333 0.03333333 0.03333333 0.03333333 0.03333333]
客户端选择掩码: [0.0, 1.0, 1.0, 1.0, 0.0, 1.0, 1.0, 1.0, 0.0, 1.0, 1.0, 1.0, 0.0, 1.0, 1.0, 1.0, 0.0, 1.0, 1.0, 1.0, 1.0, 0.0, 1.0, 1.0, 1.0, 1.0, 1.0, 0.0, 0.0, 0.0]
稀疏向量: [0.         0.12141488 0.03298281 0.01888147 0.         0.01075525
 0.03489484 0.06381452 0.         0.02772466 0.04684513 0.03107072
 0.         0.05162526 0.05114723 0.03035372 0.         0.10540154
 0.06142449 0.00979921 0.09703632 0.         0.0623805  0.06309753
 0.04421601 0.00979922 0.02533457 0.         0.         0.        ]
更新后概率: [0.03333333 0.03333333 0.03333333 0.03333333 0.03333333 0.03333333
 0.03333333 0.03333333 0.03333333 0.03333333 0.03333333 0.03333333
 0.03333333 0.03333333 0.03333333 0.03333333 0.03333333 0.03333333
 0.03333333 0.03333333 0.03333333 0.03333333 0.03333333 0.03333333
 0.03333333 0.03333333 0.03333333 0.03333333 0.03333333 0.03333333]
Classification: 0.9969392960380887 0.9195792331184255 31
(114, 6)
(508, 6)
(138, 6)
(79, 6)
(71, 6)
(45, 6)
(146, 6)
(267, 6)
(266, 6)
(116, 6)
(196, 6)
(130, 6)
(33, 6)
(216, 6)
(214, 6)
(127, 6)
(80, 6)
(441, 6)
(257, 6)
(41, 6)
(406, 6)
(221, 6)
(261, 6)
(264, 6)
(185, 6)
(41, 6)
(106, 6)
(145, 6)
(519, 6)
(248, 6)
[0.0949182  0.16258525 0.09046042 0.1246787  0.09208836 0.0723985
 0.12499433 0.08943665 0.10733086 0.11593777 0.11596646 0.08092562
 0.06054983 0.0925075  0.08242524 0.06062288 0.05208538 0.21508032
 0.10040769 0.05725818 0.11857836 0.09227706 0.11884646 0.08320635
 0.09575575 0.08140453 0.09160638 0.12713743 0.12894958 0.06957998]
本轮采样概率阵: [0.03333333 0.03333333 0.03333333 0.03333333 0.03333333 0.03333333
 0.03333333 0.03333333 0.03333333 0.03333333 0.03333333 0.03333333
 0.03333333 0.03333333 0.03333333 0.03333333 0.03333333 0.03333333
 0.03333333 0.03333333 0.03333333 0.03333333 0.03333333 0.03333333
 0.03333333 0.03333333 0.03333333 0.03333333 0.03333333 0.03333333]
客户端选择掩码: [1.0, 0.0, 1.0, 1.0, 1.0, 0.0, 1.0, 1.0, 1.0, 0.0, 1.0, 0.0, 1.0, 0.0, 1.0, 1.0, 1.0, 1.0, 1.0, 0.0, 0.0, 0.0, 1.0, 1.0, 1.0, 1.0, 1.0, 0.0, 1.0, 1.0]
稀疏向量: [0.02812731 0.         0.03404886 0.01949171 0.01751787 0.
 0.03602272 0.06587713 0.06563039 0.         0.04835923 0.
 0.00814211 0.         0.05280038 0.03133481 0.01973844 0.10880823
 0.06340984 0.         0.         0.         0.06439669 0.06513689
 0.04564515 0.01011597 0.02615346 0.         0.12805326 0.06118929]
更新后概率: [0.03333333 0.03333333 0.03333333 0.03333333 0.03333333 0.03333333
 0.03333333 0.03333333 0.03333333 0.03333333 0.03333333 0.03333333
 0.03333333 0.03333333 0.03333333 0.03333333 0.03333333 0.03333333
 0.03333333 0.03333333 0.03333333 0.03333333 0.03333333 0.03333333
 0.03333333 0.03333333 0.03333333 0.03333333 0.03333333 0.03333333]
Classification: 0.9982996089100493 0.9202578893790295 32
(114, 6)
(508, 6)
(138, 6)
(79, 6)
(71, 6)
(45, 6)
(146, 6)
(267, 6)
(266, 6)
(116, 6)
(196, 6)
(130, 6)
(33, 6)
(216, 6)
(214, 6)
(127, 6)
(80, 6)
(441, 6)
(257, 6)
(41, 6)
(406, 6)
(221, 6)
(261, 6)
(264, 6)
(185, 6)
(41, 6)
(106, 6)
(145, 6)
(519, 6)
(248, 6)
[0.10017125 0.16920175 0.07539454 0.13137095 0.09677992 0.0678331
 0.13029589 0.07985852 0.11760954 0.10967784 0.10088589 0.0844646
 0.05436212 0.08884985 0.0861939  0.06161358 0.0537675  0.19428568
 0.09631727 0.06150434 0.12144096 0.09499923 0.12062843 0.09026385
 0.1030856  0.07595942 0.09028981 0.13912612 0.13009424 0.07367432]
本轮采样概率阵: [0.03333333 0.03333333 0.03333333 0.03333333 0.03333333 0.03333333
 0.03333333 0.03333333 0.03333333 0.03333333 0.03333333 0.03333333
 0.03333333 0.03333333 0.03333333 0.03333333 0.03333333 0.03333333
 0.03333333 0.03333333 0.03333333 0.03333333 0.03333333 0.03333333
 0.03333333 0.03333333 0.03333333 0.03333333 0.03333333 0.03333333]
客户端选择掩码: [1.0, 1.0, 1.0, 0.0, 1.0, 1.0, 0.0, 0.0, 1.0, 0.0, 1.0, 0.0, 0.0, 1.0, 0.0, 1.0, 1.0, 1.0, 1.0, 1.0, 1.0, 0.0, 1.0, 1.0, 0.0, 1.0, 1.0, 1.0, 1.0, 1.0]
稀疏向量: [0.02538975 0.11314031 0.03073497 0.         0.01581292 0.01002225
 0.         0.         0.05924275 0.         0.04365256 0.
 0.         0.04810689 0.         0.02828506 0.01781737 0.09821832
 0.05723835 0.00913139 0.0904232  0.         0.05812914 0.05879731
 0.         0.00913139 0.023608   0.03229398 0.11559018 0.05523382]
更新后概率: [0.03333333 0.03333333 0.03333333 0.03333333 0.03333333 0.03333333
 0.03333333 0.03333333 0.03333333 0.03333333 0.03333333 0.03333333
 0.03333333 0.03333333 0.03333333 0.03333333 0.03333333 0.03333333
 0.03333333 0.03333333 0.03333333 0.03333333 0.03333333 0.03333333
 0.03333333 0.03333333 0.03333333 0.03333333 0.03333333 0.03333333]
Classification: 0.997449413365074 0.9185612487275195 33
(114, 6)
(508, 6)
(138, 6)
(79, 6)
(71, 6)
(45, 6)
(146, 6)
(267, 6)
(266, 6)
(116, 6)
(196, 6)
(130, 6)
(33, 6)
(216, 6)
(214, 6)
(127, 6)
(80, 6)
(441, 6)
(257, 6)
(41, 6)
(406, 6)
(221, 6)
(261, 6)
(264, 6)
(185, 6)
(41, 6)
(106, 6)
(145, 6)
(519, 6)
(248, 6)
[0.0965037  0.16334763 0.07928954 0.11993313 0.10112246 0.07431489
 0.13108003 0.0764299  0.11908084 0.10997105 0.11973583 0.09580584
 0.06980943 0.08086728 0.08808043 0.06428152 0.05894474 0.18936014
 0.09863272 0.06224134 0.11470475 0.08968162 0.10685394 0.08587545
 0.0964968  0.0778209  0.08432809 0.13636994 0.13422149 0.07481458]
本轮采样概率阵: [0.03333333 0.03333333 0.03333333 0.03333333 0.03333333 0.03333333
 0.03333333 0.03333333 0.03333333 0.03333333 0.03333333 0.03333333
 0.03333333 0.03333333 0.03333333 0.03333333 0.03333333 0.03333333
 0.03333333 0.03333333 0.03333333 0.03333333 0.03333333 0.03333333
 0.03333333 0.03333333 0.03333333 0.03333333 0.03333333 0.03333333]
客户端选择掩码: [1.0, 0.0, 0.0, 1.0, 1.0, 0.0, 0.0, 1.0, 1.0, 1.0, 0.0, 0.0, 1.0, 1.0, 1.0, 1.0, 1.0, 0.0, 1.0, 1.0, 1.0, 1.0, 0.0, 1.0, 1.0, 1.0, 0.0, 1.0, 1.0, 1.0]
稀疏向量: [0.02915601 0.         0.         0.02020462 0.01815857 0.
 0.         0.06828645 0.06803067 0.02966751 0.         0.
 0.0084399  0.05524296 0.05473144 0.0324808  0.02046031 0.
 0.06572891 0.01048593 0.10383622 0.05652172 0.         0.06751915
 0.04731461 0.01048595 0.         0.03708437 0.13273656 0.06342711]
更新后概率: [0.03333333 0.03333333 0.03333333 0.03333333 0.03333333 0.03333333
 0.03333333 0.03333333 0.03333333 0.03333333 0.03333333 0.03333333
 0.03333333 0.03333333 0.03333333 0.03333333 0.03333333 0.03333333
 0.03333333 0.03333333 0.03333333 0.03333333 0.03333333 0.03333333
 0.03333333 0.03333333 0.03333333 0.03333333 0.03333333 0.03333333]
Classification: 1.0 0.9233118425517476 34
(114, 6)
(508, 6)
(138, 6)
(79, 6)
(71, 6)
(45, 6)
(146, 6)
(267, 6)
(266, 6)
(116, 6)
(196, 6)
(130, 6)
(33, 6)
(216, 6)
(214, 6)
(127, 6)
(80, 6)
(441, 6)
(257, 6)
(41, 6)
(406, 6)
(221, 6)
(261, 6)
(264, 6)
(185, 6)
(41, 6)
(106, 6)
(145, 6)
(519, 6)
(248, 6)
[0.10427292 0.16356584 0.0797266  0.12012095 0.09770272 0.07320237
 0.12975836 0.08069084 0.10637077 0.10740297 0.10579295 0.08725184
 0.07219432 0.09140428 0.09179073 0.06347808 0.05147841 0.1849321
 0.09862861 0.06629045 0.12231318 0.08568325 0.11334207 0.09194551
 0.09568127 0.08705021 0.08694121 0.13218771 0.13408972 0.07470976]
本轮采样概率阵: [0.03333333 0.03333333 0.03333333 0.03333333 0.03333333 0.03333333
 0.03333333 0.03333333 0.03333333 0.03333333 0.03333333 0.03333333
 0.03333333 0.03333333 0.03333333 0.03333333 0.03333333 0.03333333
 0.03333333 0.03333333 0.03333333 0.03333333 0.03333333 0.03333333
 0.03333333 0.03333333 0.03333333 0.03333333 0.03333333 0.03333333]
客户端选择掩码: [1.0, 1.0, 1.0, 1.0, 1.0, 1.0, 1.0, 0.0, 1.0, 1.0, 1.0, 1.0, 0.0, 1.0, 1.0, 1.0, 0.0, 0.0, 0.0, 1.0, 0.0, 0.0, 1.0, 1.0, 1.0, 1.0, 1.0, 0.0, 0.0, 1.0]
稀疏向量: [0.03246013 0.14464694 0.03929387 0.02249429 0.02021641 0.01281321
 0.04157174 0.         0.07574032 0.03302962 0.05580867 0.03701594
 0.         0.0615034  0.06093395 0.03616171 0.         0.
 0.         0.0116743  0.         0.         0.07431661 0.07517082
 0.05267654 0.01167424 0.03018217 0.         0.         0.070615  ]
更新后概率: [0.03333333 0.03333333 0.03333333 0.03333333 0.03333333 0.03333333
 0.03333333 0.03333333 0.03333333 0.03333333 0.03333333 0.03333333
 0.03333333 0.03333333 0.03333333 0.03333333 0.03333333 0.03333333
 0.03333333 0.03333333 0.03333333 0.03333333 0.03333333 0.03333333
 0.03333333 0.03333333 0.03333333 0.03333333 0.03333333 0.03333333]
Classification: 1.0 0.9209365456396336 35
(114, 6)
(508, 6)
(138, 6)
(79, 6)
(71, 6)
(45, 6)
(146, 6)
(267, 6)
(266, 6)
(116, 6)
(196, 6)
(130, 6)
(33, 6)
(216, 6)
(214, 6)
(127, 6)
(80, 6)
(441, 6)
(257, 6)
(41, 6)
(406, 6)
(221, 6)
(261, 6)
(264, 6)
(185, 6)
(41, 6)
(106, 6)
(145, 6)
(519, 6)
(248, 6)
[0.09837401 0.15785988 0.08114717 0.12271987 0.09908846 0.07262009
 0.14031485 0.09064747 0.11029603 0.11732359 0.11169261 0.09142654
 0.05681011 0.08337698 0.08215185 0.06114875 0.05027496 0.1830393
 0.09779213 0.06006081 0.12598145 0.08606824 0.11224463 0.09030384
 0.09913447 0.08771692 0.08341754 0.1371553  0.14102196 0.06879021]
本轮采样概率阵: [0.03333333 0.03333333 0.03333333 0.03333333 0.03333333 0.03333333
 0.03333333 0.03333333 0.03333333 0.03333333 0.03333333 0.03333333
 0.03333333 0.03333333 0.03333333 0.03333333 0.03333333 0.03333333
 0.03333333 0.03333333 0.03333333 0.03333333 0.03333333 0.03333333
 0.03333333 0.03333333 0.03333333 0.03333333 0.03333333 0.03333333]
客户端选择掩码: [0.0, 1.0, 1.0, 1.0, 1.0, 1.0, 0.0, 1.0, 0.0, 0.0, 1.0, 1.0, 1.0, 1.0, 0.0, 1.0, 0.0, 1.0, 1.0, 1.0, 1.0, 1.0, 0.0, 1.0, 1.0, 1.0, 0.0, 0.0, 1.0, 1.0]
稀疏向量: [0.         0.11459508 0.03113016 0.01782087 0.01601623 0.01015114
 0.         0.0602301  0.         0.         0.04421384 0.02932551
 0.00744416 0.04872545 0.         0.02864879 0.         0.09948114
 0.05797429 0.00924881 0.09158581 0.04985334 0.         0.05955333
 0.04173244 0.00924883 0.         0.         0.11707646 0.0559441 ]
更新后概率: [0.03333333 0.03333333 0.03333333 0.03333333 0.03333333 0.03333333
 0.03333333 0.03333333 0.03333333 0.03333333 0.03333333 0.03333333
 0.03333333 0.03333333 0.03333333 0.03333333 0.03333333 0.03333333
 0.03333333 0.03333333 0.03333333 0.03333333 0.03333333 0.03333333
 0.03333333 0.03333333 0.03333333 0.03333333 0.03333333 0.03333333]
Classification: 0.9977894915830641 0.9260264675941635 36
(114, 6)
(508, 6)
(138, 6)
(79, 6)
(71, 6)
(45, 6)
(146, 6)
(267, 6)
(266, 6)
(116, 6)
(196, 6)
(130, 6)
(33, 6)
(216, 6)
(214, 6)
(127, 6)
(80, 6)
(441, 6)
(257, 6)
(41, 6)
(406, 6)
(221, 6)
(261, 6)
(264, 6)
(185, 6)
(41, 6)
(106, 6)
(145, 6)
(519, 6)
(248, 6)
[0.10258173 0.16499417 0.09130107 0.12377087 0.09946057 0.07487151
 0.14176854 0.08731279 0.11632504 0.11030746 0.11060596 0.08297876
 0.06562008 0.07631048 0.08653684 0.06656929 0.04692689 0.17278865
 0.09269294 0.05249923 0.12441048 0.08421452 0.11129051 0.09189661
 0.10342669 0.0869676  0.08711174 0.13440634 0.13560897 0.07444366]
本轮采样概率阵: [0.03333333 0.03333333 0.03333333 0.03333333 0.03333333 0.03333333
 0.03333333 0.03333333 0.03333333 0.03333333 0.03333333 0.03333333
 0.03333333 0.03333333 0.03333333 0.03333333 0.03333333 0.03333333
 0.03333333 0.03333333 0.03333333 0.03333333 0.03333333 0.03333333
 0.03333333 0.03333333 0.03333333 0.03333333 0.03333333 0.03333333]
客户端选择掩码: [1.0, 1.0, 1.0, 0.0, 1.0, 0.0, 1.0, 0.0, 1.0, 1.0, 1.0, 1.0, 0.0, 1.0, 1.0, 0.0, 1.0, 0.0, 1.0, 0.0, 0.0, 1.0, 1.0, 1.0, 1.0, 1.0, 1.0, 0.0, 1.0, 1.0]
稀疏向量: [0.02653012 0.11822198 0.03211545 0.         0.01652315 0.
 0.03397718 0.         0.06190364 0.02699559 0.04561323 0.03025365
 0.         0.05026762 0.04980219 0.         0.01861759 0.
 0.05980914 0.         0.         0.05143122 0.06074007 0.06143827
 0.04305326 0.00954153 0.02466838 0.         0.12078196 0.05771467]
更新后概率: [0.03333333 0.03333333 0.03333333 0.03333333 0.03333333 0.03333333
 0.03333333 0.03333333 0.03333333 0.03333333 0.03333333 0.03333333
 0.03333333 0.03333333 0.03333333 0.03333333 0.03333333 0.03333333
 0.03333333 0.03333333 0.03333333 0.03333333 0.03333333 0.03333333
 0.03333333 0.03333333 0.03333333 0.03333333 0.03333333 0.03333333]
Classification: 1.0 0.9205972175093315 37
(114, 6)
(508, 6)
(138, 6)
(79, 6)
(71, 6)
(45, 6)
(146, 6)
(267, 6)
(266, 6)
(116, 6)
(196, 6)
(130, 6)
(33, 6)
(216, 6)
(214, 6)
(127, 6)
(80, 6)
(441, 6)
(257, 6)
(41, 6)
(406, 6)
(221, 6)
(261, 6)
(264, 6)
(185, 6)
(41, 6)
(106, 6)
(145, 6)
(519, 6)
(248, 6)
[0.10112261 0.16336659 0.09543188 0.12141545 0.09252551 0.0799616
 0.13511688 0.09085859 0.11910936 0.10412803 0.10396784 0.08161196
 0.06168528 0.08391451 0.0883976  0.06310235 0.05239433 0.16492939
 0.09114703 0.05762226 0.12296656 0.09532061 0.11862365 0.09329233
 0.10405981 0.07992859 0.08923584 0.13706119 0.13367522 0.07402716]
本轮采样概率阵: [0.03333333 0.03333333 0.03333333 0.03333333 0.03333333 0.03333333
 0.03333333 0.03333333 0.03333333 0.03333333 0.03333333 0.03333333
 0.03333333 0.03333333 0.03333333 0.03333333 0.03333333 0.03333333
 0.03333333 0.03333333 0.03333333 0.03333333 0.03333333 0.03333333
 0.03333333 0.03333333 0.03333333 0.03333333 0.03333333 0.03333333]
客户端选择掩码: [0.0, 1.0, 1.0, 1.0, 1.0, 1.0, 1.0, 0.0, 1.0, 1.0, 1.0, 1.0, 1.0, 1.0, 0.0, 1.0, 0.0, 1.0, 1.0, 1.0, 0.0, 0.0, 0.0, 1.0, 1.0, 1.0, 0.0, 1.0, 0.0, 1.0]
稀疏向量: [0.         0.13755758 0.03736799 0.02139182 0.01922554 0.01218521
 0.03953424 0.         0.0720282  0.03141076 0.05307337 0.03520172
 0.00893582 0.05848904 0.         0.03438938 0.         0.11941509
 0.06959111 0.01110212 0.         0.         0.         0.07148659
 0.05009472 0.01110211 0.         0.03926346 0.         0.06715406]
更新后概率: [0.03333333 0.03333333 0.03333333 0.03333333 0.03333333 0.03333333
 0.03333333 0.03333333 0.03333333 0.03333333 0.03333333 0.03333333
 0.03333333 0.03333333 0.03333333 0.03333333 0.03333333 0.03333333
 0.03333333 0.03333333 0.03333333 0.03333333 0.03333333 0.03333333
 0.03333333 0.03333333 0.03333333 0.03333333 0.03333333 0.03333333]
Classification: 0.997449413365074 0.9219545300305395 38
(114, 6)
(508, 6)
(138, 6)
(79, 6)
(71, 6)
(45, 6)
(146, 6)
(267, 6)
(266, 6)
(116, 6)
(196, 6)
(130, 6)
(33, 6)
(216, 6)
(214, 6)
(127, 6)
(80, 6)
(441, 6)
(257, 6)
(41, 6)
(406, 6)
(221, 6)
(261, 6)
(264, 6)
(185, 6)
(41, 6)
(106, 6)
(145, 6)
(519, 6)
(248, 6)
[0.10212992 0.15809598 0.09886493 0.12599901 0.09410147 0.07300574
 0.13104843 0.08460374 0.11944234 0.11031912 0.11571317 0.08557706
 0.05701224 0.09104988 0.08595818 0.0668382  0.04914928 0.18495898
 0.09107183 0.05641922 0.12034994 0.07920359 0.11306181 0.09966851
 0.09813948 0.08583012 0.08426958 0.13008382 0.13261329 0.07542115]
本轮采样概率阵: [0.03333333 0.03333333 0.03333333 0.03333333 0.03333333 0.03333333
 0.03333333 0.03333333 0.03333333 0.03333333 0.03333333 0.03333333
 0.03333333 0.03333333 0.03333333 0.03333333 0.03333333 0.03333333
 0.03333333 0.03333333 0.03333333 0.03333333 0.03333333 0.03333333
 0.03333333 0.03333333 0.03333333 0.03333333 0.03333333 0.03333333]
客户端选择掩码: [1.0, 1.0, 1.0, 1.0, 1.0, 1.0, 1.0, 1.0, 1.0, 0.0, 1.0, 0.0, 1.0, 1.0, 1.0, 0.0, 1.0, 1.0, 0.0, 0.0, 0.0, 1.0, 1.0, 1.0, 1.0, 1.0, 0.0, 0.0, 0.0, 1.0]
稀疏向量: [0.02825977 0.12592961 0.0342092  0.01958354 0.01760039 0.01115519
 0.03619235 0.06618739 0.06593953 0.         0.04858702 0.
 0.00818045 0.05354488 0.05304907 0.         0.01983144 0.10932076
 0.         0.         0.         0.05478435 0.0647001  0.06544375
 0.0458602  0.01016364 0.         0.         0.         0.06147743]
更新后概率: [0.03333333 0.03333333 0.03333333 0.03333333 0.03333333 0.03333333
 0.03333333 0.03333333 0.03333333 0.03333333 0.03333333 0.03333333
 0.03333333 0.03333333 0.03333333 0.03333333 0.03333333 0.03333333
 0.03333333 0.03333333 0.03333333 0.03333333 0.03333333 0.03333333
 0.03333333 0.03333333 0.03333333 0.03333333 0.03333333 0.03333333]
Classification: 0.9971093351470838 0.9141499830335935 39
(114, 6)
(508, 6)
(138, 6)
(79, 6)
(71, 6)
(45, 6)
(146, 6)
(267, 6)
(266, 6)
(116, 6)
(196, 6)
(130, 6)
(33, 6)
(216, 6)
(214, 6)
(127, 6)
(80, 6)
(441, 6)
(257, 6)
(41, 6)
(406, 6)
(221, 6)
(261, 6)
(264, 6)
(185, 6)
(41, 6)
(106, 6)
(145, 6)
(519, 6)
(248, 6)
[0.10126117 0.14859856 0.09206377 0.13770603 0.09031207 0.07003945
 0.13785601 0.07802256 0.12347915 0.11277776 0.1130646  0.0838754
 0.05783582 0.0877431  0.09055283 0.06365123 0.05401833 0.17974106
 0.09625107 0.05990938 0.11643841 0.0848855  0.11000289 0.09707473
 0.09748949 0.07992152 0.0904462  0.13137071 0.13956449 0.0740467 ]
本轮采样概率阵: [0.03333333 0.03333333 0.03333333 0.03333333 0.03333333 0.03333333
 0.03333333 0.03333333 0.03333333 0.03333333 0.03333333 0.03333333
 0.03333333 0.03333333 0.03333333 0.03333333 0.03333333 0.03333333
 0.03333333 0.03333333 0.03333333 0.03333333 0.03333333 0.03333333
 0.03333333 0.03333333 0.03333333 0.03333333 0.03333333 0.03333333]
客户端选择掩码: [0.0, 1.0, 1.0, 0.0, 0.0, 1.0, 1.0, 1.0, 1.0, 1.0, 1.0, 1.0, 1.0, 0.0, 0.0, 1.0, 1.0, 1.0, 1.0, 1.0, 1.0, 0.0, 1.0, 1.0, 1.0, 1.0, 1.0, 0.0, 0.0, 0.0]
稀疏向量: [0.         0.12530836 0.03404045 0.         0.         0.01110013
 0.0360138  0.06586087 0.06561421 0.02861371 0.0483473  0.03206709
 0.00814011 0.         0.         0.03132706 0.01973359 0.10878144
 0.06339418 0.01011343 0.10014803 0.         0.06438083 0.06512088
 0.04563393 0.01011347 0.02614698 0.         0.         0.        ]
更新后概率: [0.03333333 0.03333333 0.03333333 0.03333333 0.03333333 0.03333333
 0.03333333 0.03333333 0.03333333 0.03333333 0.03333333 0.03333333
 0.03333333 0.03333333 0.03333333 0.03333333 0.03333333 0.03333333
 0.03333333 0.03333333 0.03333333 0.03333333 0.03333333 0.03333333
 0.03333333 0.03333333 0.03333333 0.03333333 0.03333333 0.03333333]
Classification: 0.9984696480190444 0.9253478113335596 40
(114, 6)
(508, 6)
(138, 6)
(79, 6)
(71, 6)
(45, 6)
(146, 6)
(267, 6)
(266, 6)
(116, 6)
(196, 6)
(130, 6)
(33, 6)
(216, 6)
(214, 6)
(127, 6)
(80, 6)
(441, 6)
(257, 6)
(41, 6)
(406, 6)
(221, 6)
(261, 6)
(264, 6)
(185, 6)
(41, 6)
(106, 6)
(145, 6)
(519, 6)
(248, 6)
[0.09641179 0.15740343 0.08619083 0.12832695 0.09123369 0.07331321
 0.13450256 0.07270684 0.11459808 0.11421216 0.11728009 0.08878641
 0.07436954 0.08485045 0.08452157 0.0643553  0.05650613 0.20370564
 0.08799966 0.05649975 0.12334161 0.082081   0.11611316 0.09228216
 0.08838222 0.07518007 0.09231109 0.13680451 0.13493385 0.07079627]
本轮采样概率阵: [0.03333333 0.03333333 0.03333333 0.03333333 0.03333333 0.03333333
 0.03333333 0.03333333 0.03333333 0.03333333 0.03333333 0.03333333
 0.03333333 0.03333333 0.03333333 0.03333333 0.03333333 0.03333333
 0.03333333 0.03333333 0.03333333 0.03333333 0.03333333 0.03333333
 0.03333333 0.03333333 0.03333333 0.03333333 0.03333333 0.03333333]
客户端选择掩码: [0.0, 1.0, 0.0, 1.0, 1.0, 0.0, 1.0, 1.0, 1.0, 0.0, 1.0, 0.0, 1.0, 1.0, 1.0, 0.0, 1.0, 1.0, 1.0, 0.0, 1.0, 0.0, 1.0, 0.0, 1.0, 1.0, 1.0, 1.0, 1.0, 1.0]
稀疏向量: [0.         0.10843112 0.         0.01686232 0.01515474 0.
 0.03116328 0.0569904  0.05677697 0.         0.04183564 0.
 0.00704375 0.04610457 0.04567769 0.         0.01707578 0.09413014
 0.05485596 0.         0.08665954 0.         0.05570977 0.
 0.03948773 0.00875129 0.02262541 0.03094985 0.11077903 0.0529349 ]
更新后概率: [0.03333333 0.03333333 0.03333333 0.03333333 0.03333333 0.03333333
 0.03333333 0.03333333 0.03333333 0.03333333 0.03333333 0.03333333
 0.03333333 0.03333333 0.03333333 0.03333333 0.03333333 0.03333333
 0.03333333 0.03333333 0.03333333 0.03333333 0.03333333 0.03333333
 0.03333333 0.03333333 0.03333333 0.03333333 0.03333333 0.03333333]
Classification: 1.0 0.9212758737699356 41
(114, 6)
(508, 6)
(138, 6)
(79, 6)
(71, 6)
(45, 6)
(146, 6)
(267, 6)
(266, 6)
(116, 6)
(196, 6)
(130, 6)
(33, 6)
(216, 6)
(214, 6)
(127, 6)
(80, 6)
(441, 6)
(257, 6)
(41, 6)
(406, 6)
(221, 6)
(261, 6)
(264, 6)
(185, 6)
(41, 6)
(106, 6)
(145, 6)
(519, 6)
(248, 6)
[0.100963   0.14967534 0.09232729 0.12762818 0.09889999 0.07533022
 0.14044387 0.07783555 0.11907423 0.11163384 0.12420131 0.08545717
 0.05435855 0.08460905 0.0851481  0.06566033 0.06168473 0.18490163
 0.09095806 0.05426991 0.12427994 0.07787411 0.11780077 0.09004117
 0.08909245 0.08256631 0.09313415 0.13631795 0.13394572 0.06988709]
本轮采样概率阵: [0.03333333 0.03333333 0.03333333 0.03333333 0.03333333 0.03333333
 0.03333333 0.03333333 0.03333333 0.03333333 0.03333333 0.03333333
 0.03333333 0.03333333 0.03333333 0.03333333 0.03333333 0.03333333
 0.03333333 0.03333333 0.03333333 0.03333333 0.03333333 0.03333333
 0.03333333 0.03333333 0.03333333 0.03333333 0.03333333 0.03333333]
客户端选择掩码: [1.0, 0.0, 0.0, 1.0, 1.0, 0.0, 1.0, 1.0, 0.0, 1.0, 1.0, 1.0, 1.0, 0.0, 1.0, 0.0, 1.0, 1.0, 0.0, 0.0, 1.0, 1.0, 1.0, 1.0, 1.0, 1.0, 1.0, 0.0, 1.0, 1.0]
稀疏向量: [0.02754955 0.         0.         0.01909131 0.01715805 0.
 0.03528275 0.06452391 0.         0.02803287 0.04736592 0.03141614
 0.00797485 0.         0.05171581 0.         0.01933303 0.10657324
 0.         0.         0.09811497 0.05340746 0.06307396 0.06379889
 0.04470759 0.00990818 0.02561625 0.         0.12542291 0.05993239]
更新后概率: [0.03333333 0.03333333 0.03333333 0.03333333 0.03333333 0.03333333
 0.03333333 0.03333333 0.03333333 0.03333333 0.03333333 0.03333333
 0.03333333 0.03333333 0.03333333 0.03333333 0.03333333 0.03333333
 0.03333333 0.03333333 0.03333333 0.03333333 0.03333333 0.03333333
 0.03333333 0.03333333 0.03333333 0.03333333 0.03333333 0.03333333]
Classification: 0.9986396871280394 0.9270444519850696 42
(114, 6)
(508, 6)
(138, 6)
(79, 6)
(71, 6)
(45, 6)
(146, 6)
(267, 6)
(266, 6)
(116, 6)
(196, 6)
(130, 6)
(33, 6)
(216, 6)
(214, 6)
(127, 6)
(80, 6)
(441, 6)
(257, 6)
(41, 6)
(406, 6)
(221, 6)
(261, 6)
(264, 6)
(185, 6)
(41, 6)
(106, 6)
(145, 6)
(519, 6)
(248, 6)
[0.09900016 0.15486189 0.08537872 0.12873362 0.08839894 0.07289469
 0.1361156  0.07550118 0.11587366 0.11608128 0.13391612 0.08606561
 0.05715223 0.07630323 0.09407602 0.06964107 0.05756499 0.17375852
 0.09238658 0.06734607 0.12882265 0.08785912 0.11877324 0.09031553
 0.09334665 0.07535688 0.08676956 0.13355024 0.1340415  0.07011446]
本轮采样概率阵: [0.03333333 0.03333333 0.03333333 0.03333333 0.03333333 0.03333333
 0.03333333 0.03333333 0.03333333 0.03333333 0.03333333 0.03333333
 0.03333333 0.03333333 0.03333333 0.03333333 0.03333333 0.03333333
 0.03333333 0.03333333 0.03333333 0.03333333 0.03333333 0.03333333
 0.03333333 0.03333333 0.03333333 0.03333333 0.03333333 0.03333333]
客户端选择掩码: [0.0, 1.0, 1.0, 1.0, 1.0, 1.0, 0.0, 1.0, 1.0, 0.0, 0.0, 1.0, 0.0, 1.0, 1.0, 1.0, 1.0, 0.0, 1.0, 1.0, 1.0, 0.0, 1.0, 1.0, 1.0, 1.0, 1.0, 0.0, 1.0, 0.0]
稀疏向量: [0.         0.12035054 0.03269365 0.01871593 0.01682066 0.01066097
 0.         0.06325519 0.06301825 0.         0.         0.0307984
 0.         0.05117267 0.05069891 0.03008762 0.01895287 0.
 0.06088606 0.00971334 0.0961858  0.         0.06183369 0.0625444
 0.04382852 0.00971331 0.02511247 0.         0.12295664 0.        ]
更新后概率: [0.03333333 0.03333333 0.03333333 0.03333333 0.03333333 0.03333333
 0.03333333 0.03333333 0.03333333 0.03333333 0.03333333 0.03333333
 0.03333333 0.03333333 0.03333333 0.03333333 0.03333333 0.03333333
 0.03333333 0.03333333 0.03333333 0.03333333 0.03333333 0.03333333
 0.03333333 0.03333333 0.03333333 0.03333333 0.03333333 0.03333333]
Classification: 0.9981295698010543 0.9277231082456736 43
(114, 6)
(508, 6)
(138, 6)
(79, 6)
(71, 6)
(45, 6)
(146, 6)
(267, 6)
(266, 6)
(116, 6)
(196, 6)
(130, 6)
(33, 6)
(216, 6)
(214, 6)
(127, 6)
(80, 6)
(441, 6)
(257, 6)
(41, 6)
(406, 6)
(221, 6)
(261, 6)
(264, 6)
(185, 6)
(41, 6)
(106, 6)
(145, 6)
(519, 6)
(248, 6)
[0.09628223 0.1565453  0.0872444  0.1306012  0.0949292  0.06996177
 0.14337957 0.0811024  0.1182307  0.10572713 0.12726217 0.08524349
 0.06431408 0.08129564 0.09092213 0.06440075 0.06184506 0.18076082
 0.09132935 0.06064557 0.11953153 0.08168168 0.11118023 0.09180454
 0.09871358 0.07721609 0.09206581 0.12863444 0.13493283 0.07221632]
本轮采样概率阵: [0.03333333 0.03333333 0.03333333 0.03333333 0.03333333 0.03333333
 0.03333333 0.03333333 0.03333333 0.03333333 0.03333333 0.03333333
 0.03333333 0.03333333 0.03333333 0.03333333 0.03333333 0.03333333
 0.03333333 0.03333333 0.03333333 0.03333333 0.03333333 0.03333333
 0.03333333 0.03333333 0.03333333 0.03333333 0.03333333 0.03333333]
客户端选择掩码: [0.0, 1.0, 0.0, 1.0, 0.0, 0.0, 1.0, 1.0, 1.0, 1.0, 1.0, 1.0, 1.0, 1.0, 1.0, 0.0, 1.0, 0.0, 1.0, 1.0, 0.0, 1.0, 1.0, 1.0, 1.0, 1.0, 1.0, 1.0, 0.0, 0.0]
稀疏向量: [0.         0.1346766  0.         0.0209438  0.         0.
 0.03870626 0.07078469 0.07051963 0.03075292 0.05196181 0.03446449
 0.00874867 0.05726404 0.05673382 0.         0.02120891 0.
 0.06813364 0.01086957 0.         0.05858962 0.0691941  0.06998938
 0.0490456  0.01086961 0.02810176 0.03844119 0.         0.        ]
更新后概率: [0.03333333 0.03333333 0.03333333 0.03333333 0.03333333 0.03333333
 0.03333333 0.03333333 0.03333333 0.03333333 0.03333333 0.03333333
 0.03333333 0.03333333 0.03333333 0.03333333 0.03333333 0.03333333
 0.03333333 0.03333333 0.03333333 0.03333333 0.03333333 0.03333333
 0.03333333 0.03333333 0.03333333 0.03333333 0.03333333 0.03333333]
Classification: 1.0 0.9246691550729556 44
(114, 6)
(508, 6)
(138, 6)
(79, 6)
(71, 6)
(45, 6)
(146, 6)
(267, 6)
(266, 6)
(116, 6)
(196, 6)
(130, 6)
(33, 6)
(216, 6)
(214, 6)
(127, 6)
(80, 6)
(441, 6)
(257, 6)
(41, 6)
(406, 6)
(221, 6)
(261, 6)
(264, 6)
(185, 6)
(41, 6)
(106, 6)
(145, 6)
(519, 6)
(248, 6)
[0.0945856  0.16430719 0.09946679 0.12563115 0.08625066 0.06577368
 0.14035969 0.07731092 0.11854732 0.09927921 0.12047769 0.08260795
 0.05466233 0.09196607 0.09422848 0.07129631 0.0611556  0.17927231
 0.09905895 0.05163176 0.12155018 0.08439877 0.1179267  0.10088461
 0.09607535 0.07519608 0.09077478 0.12837678 0.13679694 0.07015014]
本轮采样概率阵: [0.03333333 0.03333333 0.03333333 0.03333333 0.03333333 0.03333333
 0.03333333 0.03333333 0.03333333 0.03333333 0.03333333 0.03333333
 0.03333333 0.03333333 0.03333333 0.03333333 0.03333333 0.03333333
 0.03333333 0.03333333 0.03333333 0.03333333 0.03333333 0.03333333
 0.03333333 0.03333333 0.03333333 0.03333333 0.03333333 0.03333333]
客户端选择掩码: [0.0, 1.0, 1.0, 0.0, 0.0, 1.0, 1.0, 1.0, 1.0, 1.0, 1.0, 1.0, 1.0, 1.0, 1.0, 1.0, 0.0, 1.0, 1.0, 0.0, 1.0, 1.0, 0.0, 1.0, 0.0, 1.0, 0.0, 0.0, 1.0, 1.0]
稀疏向量: [0.         0.10585541 0.02875598 0.         0.         0.00937695
 0.030423   0.05563658 0.05542819 0.0241717  0.04084184 0.02708898
 0.00687643 0.04500938 0.04459264 0.02646385 0.         0.0918941
 0.05355281 0.         0.08460092 0.04605123 0.         0.05501142
 0.         0.00854344 0.         0.         0.10814755 0.05167744]
更新后概率: [0.03333333 0.03333333 0.03333333 0.03333333 0.03333333 0.03333333
 0.03333333 0.03333333 0.03333333 0.03333333 0.03333333 0.03333333
 0.03333333 0.03333333 0.03333333 0.03333333 0.03333333 0.03333333
 0.03333333 0.03333333 0.03333333 0.03333333 0.03333333 0.03333333
 0.03333333 0.03333333 0.03333333 0.03333333 0.03333333 0.03333333]
Classification: 0.9979595306920592 0.9189005768578216 45
(114, 6)
(508, 6)
(138, 6)
(79, 6)
(71, 6)
(45, 6)
(146, 6)
(267, 6)
(266, 6)
(116, 6)
(196, 6)
(130, 6)
(33, 6)
(216, 6)
(214, 6)
(127, 6)
(80, 6)
(441, 6)
(257, 6)
(41, 6)
(406, 6)
(221, 6)
(261, 6)
(264, 6)
(185, 6)
(41, 6)
(106, 6)
(145, 6)
(519, 6)
(248, 6)
[0.09367148 0.16286139 0.08778561 0.1228914  0.09578472 0.07069088
 0.13933338 0.08064298 0.11424302 0.10060278 0.12419959 0.08504503
 0.05184709 0.09217614 0.09168915 0.07630502 0.05811385 0.19153823
 0.09466284 0.06446696 0.11901801 0.08152252 0.11484027 0.08676466
 0.09033172 0.07896714 0.09566242 0.12901935 0.13536524 0.06995714]
本轮采样概率阵: [0.03333333 0.03333333 0.03333333 0.03333333 0.03333333 0.03333333
 0.03333333 0.03333333 0.03333333 0.03333333 0.03333333 0.03333333
 0.03333333 0.03333333 0.03333333 0.03333333 0.03333333 0.03333333
 0.03333333 0.03333333 0.03333333 0.03333333 0.03333333 0.03333333
 0.03333333 0.03333333 0.03333333 0.03333333 0.03333333 0.03333333]
客户端选择掩码: [0.0, 0.0, 1.0, 1.0, 1.0, 1.0, 1.0, 1.0, 1.0, 1.0, 1.0, 1.0, 1.0, 1.0, 0.0, 1.0, 0.0, 1.0, 1.0, 1.0, 1.0, 1.0, 0.0, 1.0, 0.0, 1.0, 0.0, 1.0, 0.0, 0.0]
稀疏向量: [0.         0.         0.0378497  0.02166759 0.01947339 0.01234229
 0.04004389 0.07323097 0.07295661 0.03181569 0.05375754 0.0356555
 0.00905101 0.05924302 0.         0.03483269 0.         0.12095449
 0.07048815 0.01124525 0.1113549  0.0606144  0.         0.07240812
 0.         0.01124518 0.         0.03976958 0.         0.        ]
更新后概率: [0.03333333 0.03333333 0.03333333 0.03333333 0.03333333 0.03333333
 0.03333333 0.03333333 0.03333333 0.03333333 0.03333333 0.03333333
 0.03333333 0.03333333 0.03333333 0.03333333 0.03333333 0.03333333
 0.03333333 0.03333333 0.03333333 0.03333333 0.03333333 0.03333333
 0.03333333 0.03333333 0.03333333 0.03333333 0.03333333 0.03333333]
Classification: 1.0 0.9233118425517476 46
(114, 6)
(508, 6)
(138, 6)
(79, 6)
(71, 6)
(45, 6)
(146, 6)
(267, 6)
(266, 6)
(116, 6)
(196, 6)
(130, 6)
(33, 6)
(216, 6)
(214, 6)
(127, 6)
(80, 6)
(441, 6)
(257, 6)
(41, 6)
(406, 6)
(221, 6)
(261, 6)
(264, 6)
(185, 6)
(41, 6)
(106, 6)
(145, 6)
(519, 6)
(248, 6)
[0.09267129 0.16033828 0.09119686 0.12222938 0.09720435 0.0766791
 0.13886453 0.07951679 0.11932784 0.09400523 0.11681325 0.08873651
 0.06400099 0.08563235 0.08586123 0.06805345 0.05656429 0.18556457
 0.09519668 0.06153796 0.10989521 0.08339383 0.11572509 0.09464227
 0.09080642 0.09044512 0.09378471 0.14007407 0.13222038 0.06901796]
本轮采样概率阵: [0.03333333 0.03333333 0.03333333 0.03333333 0.03333333 0.03333333
 0.03333333 0.03333333 0.03333333 0.03333333 0.03333333 0.03333333
 0.03333333 0.03333333 0.03333333 0.03333333 0.03333333 0.03333333
 0.03333333 0.03333333 0.03333333 0.03333333 0.03333333 0.03333333
 0.03333333 0.03333333 0.03333333 0.03333333 0.03333333 0.03333333]
客户端选择掩码: [1.0, 1.0, 0.0, 0.0, 1.0, 1.0, 1.0, 1.0, 0.0, 1.0, 1.0, 1.0, 1.0, 1.0, 1.0, 0.0, 0.0, 1.0, 0.0, 0.0, 0.0, 1.0, 1.0, 1.0, 0.0, 1.0, 1.0, 1.0, 1.0, 1.0]
稀疏向量: [0.02649932 0.11808457 0.         0.         0.01650393 0.01046024
 0.03393771 0.06206417 0.         0.02696423 0.04556021 0.03021852
 0.00767084 0.05020922 0.0497443  0.         0.         0.10251047
 0.         0.         0.         0.05137142 0.06066944 0.06136677
 0.         0.00953045 0.02463965 0.03370521 0.12064147 0.0576476 ]
更新后概率: [0.03333333 0.03333333 0.03333333 0.03333333 0.03333333 0.03333333
 0.03333333 0.03333333 0.03333333 0.03333333 0.03333333 0.03333333
 0.03333333 0.03333333 0.03333333 0.03333333 0.03333333 0.03333333
 0.03333333 0.03333333 0.03333333 0.03333333 0.03333333 0.03333333
 0.03333333 0.03333333 0.03333333 0.03333333 0.03333333 0.03333333]
Classification: 1.0 0.9212758737699356 47
(114, 6)
(508, 6)
(138, 6)
(79, 6)
(71, 6)
(45, 6)
(146, 6)
(267, 6)
(266, 6)
(116, 6)
(196, 6)
(130, 6)
(33, 6)
(216, 6)
(214, 6)
(127, 6)
(80, 6)
(441, 6)
(257, 6)
(41, 6)
(406, 6)
(221, 6)
(261, 6)
(264, 6)
(185, 6)
(41, 6)
(106, 6)
(145, 6)
(519, 6)
(248, 6)
[0.09522485 0.15270708 0.08442147 0.12318992 0.08538644 0.08498178
 0.14198233 0.08124903 0.11799637 0.10091901 0.11104777 0.08949594
 0.05118975 0.09936686 0.09019151 0.06415099 0.05125283 0.18326998
 0.10173886 0.05533471 0.12088593 0.08111459 0.11776472 0.09570893
 0.09714095 0.08303802 0.09222702 0.13097821 0.13886744 0.0771767 ]
本轮采样概率阵: [0.03333333 0.03333333 0.03333333 0.03333333 0.03333333 0.03333333
 0.03333333 0.03333333 0.03333333 0.03333333 0.03333333 0.03333333
 0.03333333 0.03333333 0.03333333 0.03333333 0.03333333 0.03333333
 0.03333333 0.03333333 0.03333333 0.03333333 0.03333333 0.03333333
 0.03333333 0.03333333 0.03333333 0.03333333 0.03333333 0.03333333]
客户端选择掩码: [0.0, 1.0, 1.0, 1.0, 1.0, 0.0, 0.0, 1.0, 0.0, 1.0, 1.0, 1.0, 1.0, 1.0, 1.0, 0.0, 1.0, 1.0, 1.0, 1.0, 1.0, 1.0, 1.0, 1.0, 0.0, 0.0, 1.0, 0.0, 0.0, 1.0]
稀疏向量: [0.         0.11833217 0.03214534 0.01840202 0.01653854 0.
 0.         0.06219428 0.         0.02702073 0.04565572 0.03028185
 0.00768693 0.05031446 0.04984858 0.         0.01863499 0.10272542
 0.05986489 0.00955047 0.09457257 0.05147916 0.06079666 0.06149548
 0.         0.         0.02469128 0.         0.         0.05776849]
更新后概率: [0.03333333 0.03333333 0.03333333 0.03333333 0.03333333 0.03333333
 0.03333333 0.03333333 0.03333333 0.03333333 0.03333333 0.03333333
 0.03333333 0.03333333 0.03333333 0.03333333 0.03333333 0.03333333
 0.03333333 0.03333333 0.03333333 0.03333333 0.03333333 0.03333333
 0.03333333 0.03333333 0.03333333 0.03333333 0.03333333 0.03333333]
Classification: 0.9982996089100493 0.9199185612487275 48
(114, 6)
(508, 6)
(138, 6)
(79, 6)
(71, 6)
(45, 6)
(146, 6)
(267, 6)
(266, 6)
(116, 6)
(196, 6)
(130, 6)
(33, 6)
(216, 6)
(214, 6)
(127, 6)
(80, 6)
(441, 6)
(257, 6)
(41, 6)
(406, 6)
(221, 6)
(261, 6)
(264, 6)
(185, 6)
(41, 6)
(106, 6)
(145, 6)
(519, 6)
(248, 6)
[0.09579852 0.15836971 0.08326058 0.11899829 0.10245214 0.07985027
 0.13346623 0.0879164  0.12016866 0.0989225  0.11130569 0.0885848
 0.05484584 0.09675767 0.08656084 0.06224093 0.06469605 0.18584881
 0.09070716 0.05234773 0.11010274 0.08530212 0.11298513 0.09486569
 0.0962096  0.08682643 0.09207618 0.14336344 0.13233146 0.07283835]
本轮采样概率阵: [0.03333333 0.03333333 0.03333333 0.03333333 0.03333333 0.03333333
 0.03333333 0.03333333 0.03333333 0.03333333 0.03333333 0.03333333
 0.03333333 0.03333333 0.03333333 0.03333333 0.03333333 0.03333333
 0.03333333 0.03333333 0.03333333 0.03333333 0.03333333 0.03333333
 0.03333333 0.03333333 0.03333333 0.03333333 0.03333333 0.03333333]
客户端选择掩码: [0.0, 0.0, 1.0, 0.0, 1.0, 0.0, 1.0, 1.0, 0.0, 1.0, 1.0, 1.0, 1.0, 1.0, 1.0, 1.0, 1.0, 1.0, 1.0, 1.0, 1.0, 1.0, 0.0, 1.0, 0.0, 0.0, 1.0, 1.0, 0.0, 1.0]
稀疏向量: [0.         0.         0.03572353 0.         0.01837949 0.
 0.03779446 0.06911726 0.         0.03002849 0.05073778 0.03365258
 0.00854259 0.05591509 0.05539737 0.032876   0.02070926 0.11415992
 0.0665286  0.01061348 0.10509962 0.05720941 0.         0.06834062
 0.         0.         0.0274398  0.03753555 0.         0.06419879]
更新后概率: [0.03333333 0.03333333 0.03333333 0.03333333 0.03333333 0.03333333
 0.03333333 0.03333333 0.03333333 0.03333333 0.03333333 0.03333333
 0.03333333 0.03333333 0.03333333 0.03333333 0.03333333 0.03333333
 0.03333333 0.03333333 0.03333333 0.03333333 0.03333333 0.03333333
 0.03333333 0.03333333 0.03333333 0.03333333 0.03333333 0.03333333]
Classification: 0.9977894915830641 0.9212758737699356 49
(114, 6)
(508, 6)
(138, 6)
(79, 6)
(71, 6)
(45, 6)
(146, 6)
(267, 6)
(266, 6)
(116, 6)
(196, 6)
(130, 6)
(33, 6)
(216, 6)
(214, 6)
(127, 6)
(80, 6)
(441, 6)
(257, 6)
(41, 6)
(406, 6)
(221, 6)
(261, 6)
(264, 6)
(185, 6)
(41, 6)
(106, 6)
(145, 6)
(519, 6)
(248, 6)
[0.09026177 0.153955   0.08729944 0.12136637 0.0932398  0.07782048
 0.14103522 0.08460858 0.13004745 0.0994787  0.11132042 0.0900183
 0.06530085 0.09436953 0.09121194 0.06245299 0.05708453 0.17984733
 0.09209018 0.05969286 0.11268971 0.08300207 0.11142545 0.10322174
 0.09107287 0.07835758 0.09360191 0.13546587 0.13360556 0.07505548]
本轮采样概率阵: [0.03333333 0.03333333 0.03333333 0.03333333 0.03333333 0.03333333
 0.03333333 0.03333333 0.03333333 0.03333333 0.03333333 0.03333333
 0.03333333 0.03333333 0.03333333 0.03333333 0.03333333 0.03333333
 0.03333333 0.03333333 0.03333333 0.03333333 0.03333333 0.03333333
 0.03333333 0.03333333 0.03333333 0.03333333 0.03333333 0.03333333]
客户端选择掩码: [1.0, 1.0, 0.0, 0.0, 1.0, 0.0, 1.0, 0.0, 0.0, 1.0, 1.0, 1.0, 1.0, 0.0, 0.0, 1.0, 1.0, 1.0, 1.0, 1.0, 1.0, 1.0, 0.0, 1.0, 1.0, 1.0, 1.0, 1.0, 1.0, 0.0]
稀疏向量: [0.02748977 0.12249822 0.         0.         0.0171208  0.
 0.03520618 0.         0.         0.02797201 0.04726307 0.03134796
 0.00795754 0.         0.         0.03062456 0.01929102 0.10634197
 0.06197251 0.00988668 0.09790205 0.05329157 0.         0.06366044
 0.04461055 0.00988664 0.02556061 0.03496502 0.12515071 0.        ]
更新后概率: [0.03333333 0.03333333 0.03333333 0.03333333 0.03333333 0.03333333
 0.03333333 0.03333333 0.03333333 0.03333333 0.03333333 0.03333333
 0.03333333 0.03333333 0.03333333 0.03333333 0.03333333 0.03333333
 0.03333333 0.03333333 0.03333333 0.03333333 0.03333333 0.03333333
 0.03333333 0.03333333 0.03333333 0.03333333 0.03333333 0.03333333]
Classification: 0.9977894915830641 0.9300984051577876 50
(114, 6)
(508, 6)
(138, 6)
(79, 6)
(71, 6)
(45, 6)
(146, 6)
(267, 6)
(266, 6)
(116, 6)
(196, 6)
(130, 6)
(33, 6)
(216, 6)
(214, 6)
(127, 6)
(80, 6)
(441, 6)
(257, 6)
(41, 6)
(406, 6)
(221, 6)
(261, 6)
(264, 6)
(185, 6)
(41, 6)
(106, 6)
(145, 6)
(519, 6)
(248, 6)
[0.0945417  0.15700614 0.07781003 0.12256092 0.0921101  0.07902087
 0.14422127 0.08085711 0.11814919 0.11387282 0.09932863 0.09344347
 0.06399077 0.09145998 0.09183036 0.06285468 0.06154126 0.1765941
 0.09230342 0.05822196 0.10859111 0.08110629 0.10812902 0.1031684
 0.09755196 0.07422337 0.09931321 0.13967814 0.13873052 0.07778923]
本轮采样概率阵: [0.03333333 0.03333333 0.03333333 0.03333333 0.03333333 0.03333333
 0.03333333 0.03333333 0.03333333 0.03333333 0.03333333 0.03333333
 0.03333333 0.03333333 0.03333333 0.03333333 0.03333333 0.03333333
 0.03333333 0.03333333 0.03333333 0.03333333 0.03333333 0.03333333
 0.03333333 0.03333333 0.03333333 0.03333333 0.03333333 0.03333333]
客户端选择掩码: [1.0, 1.0, 1.0, 0.0, 0.0, 1.0, 0.0, 1.0, 1.0, 1.0, 1.0, 0.0, 1.0, 1.0, 1.0, 1.0, 1.0, 0.0, 1.0, 1.0, 0.0, 1.0, 1.0, 0.0, 1.0, 1.0, 1.0, 0.0, 0.0, 1.0]
稀疏向量: [0.03097826 0.13804354 0.0375     0.         0.         0.01222824
 0.         0.07255433 0.0722826  0.03152172 0.05326088 0.
 0.00896739 0.05869567 0.05815216 0.03451088 0.02173912 0.
 0.06983699 0.01114128 0.         0.0600543  0.07092393 0.
 0.05027171 0.01114129 0.02880434 0.         0.         0.06739128]
更新后概率: [0.03333333 0.03333333 0.03333333 0.03333333 0.03333333 0.03333333
 0.03333333 0.03333333 0.03333333 0.03333333 0.03333333 0.03333333
 0.03333333 0.03333333 0.03333333 0.03333333 0.03333333 0.03333333
 0.03333333 0.03333333 0.03333333 0.03333333 0.03333333 0.03333333
 0.03333333 0.03333333 0.03333333 0.03333333 0.03333333 0.03333333]
Classification: 0.9986396871280394 0.9250084832032576 51
(114, 6)
(508, 6)
(138, 6)
(79, 6)
(71, 6)
(45, 6)
(146, 6)
(267, 6)
(266, 6)
(116, 6)
(196, 6)
(130, 6)
(33, 6)
(216, 6)
(214, 6)
(127, 6)
(80, 6)
(441, 6)
(257, 6)
(41, 6)
(406, 6)
(221, 6)
(261, 6)
(264, 6)
(185, 6)
(41, 6)
(106, 6)
(145, 6)
(519, 6)
(248, 6)
[0.09661773 0.15466242 0.07613476 0.11559098 0.09259563 0.07668764
 0.14274287 0.08102827 0.11827857 0.09704936 0.09979993 0.08948342
 0.06401611 0.09312828 0.09201852 0.06333496 0.06176511 0.20208311
 0.08828507 0.05637942 0.10453408 0.08650514 0.11293388 0.1012577
 0.09691007 0.0861392  0.09786784 0.13623901 0.14008783 0.0758431 ]
本轮采样概率阵: [0.03333333 0.03333333 0.03333333 0.03333333 0.03333333 0.03333333
 0.03333333 0.03333333 0.03333333 0.03333333 0.03333333 0.03333333
 0.03333333 0.03333333 0.03333333 0.03333333 0.03333333 0.03333333
 0.03333333 0.03333333 0.03333333 0.03333333 0.03333333 0.03333333
 0.03333333 0.03333333 0.03333333 0.03333333 0.03333333 0.03333333]
客户端选择掩码: [1.0, 1.0, 1.0, 1.0, 1.0, 1.0, 1.0, 1.0, 0.0, 1.0, 1.0, 1.0, 0.0, 1.0, 1.0, 0.0, 0.0, 0.0, 1.0, 1.0, 1.0, 0.0, 1.0, 1.0, 0.0, 1.0, 0.0, 0.0, 1.0, 1.0]
稀疏向量: [0.02665421 0.11877482 0.0322656  0.01847089 0.01660043 0.01052137
 0.03413608 0.06242694 0.         0.02712182 0.04582651 0.03039514
 0.         0.05050269 0.05003508 0.         0.         0.
 0.06008887 0.00958616 0.09492636 0.         0.06102404 0.06172547
 0.         0.00958619 0.         0.         0.12134671 0.05798456]
更新后概率: [0.03333333 0.03333333 0.03333333 0.03333333 0.03333333 0.03333333
 0.03333333 0.03333333 0.03333333 0.03333333 0.03333333 0.03333333
 0.03333333 0.03333333 0.03333333 0.03333333 0.03333333 0.03333333
 0.03333333 0.03333333 0.03333333 0.03333333 0.03333333 0.03333333
 0.03333333 0.03333333 0.03333333 0.03333333 0.03333333 0.03333333]
Classification: 1.0 0.9239904988123515 52
(114, 6)
(508, 6)
(138, 6)
(79, 6)
(71, 6)
(45, 6)
(146, 6)
(267, 6)
(266, 6)
(116, 6)
(196, 6)
(130, 6)
(33, 6)
(216, 6)
(214, 6)
(127, 6)
(80, 6)
(441, 6)
(257, 6)
(41, 6)
(406, 6)
(221, 6)
(261, 6)
(264, 6)
(185, 6)
(41, 6)
(106, 6)
(145, 6)
(519, 6)
(248, 6)
[0.09684648 0.15562212 0.0850808  0.10913771 0.08543877 0.0786603
 0.14599369 0.09308447 0.11835761 0.09999339 0.09818319 0.08781845
 0.05552393 0.08525757 0.09518712 0.06351951 0.05806853 0.19764285
 0.08882372 0.06551266 0.1063238  0.08391331 0.10592785 0.099097
 0.09672917 0.08030768 0.10659735 0.13586127 0.1428317  0.078658  ]
本轮采样概率阵: [0.03333333 0.03333333 0.03333333 0.03333333 0.03333333 0.03333333
 0.03333333 0.03333333 0.03333333 0.03333333 0.03333333 0.03333333
 0.03333333 0.03333333 0.03333333 0.03333333 0.03333333 0.03333333
 0.03333333 0.03333333 0.03333333 0.03333333 0.03333333 0.03333333
 0.03333333 0.03333333 0.03333333 0.03333333 0.03333333 0.03333333]
客户端选择掩码: [1.0, 1.0, 1.0, 1.0, 1.0, 0.0, 1.0, 1.0, 1.0, 1.0, 1.0, 0.0, 1.0, 0.0, 1.0, 1.0, 1.0, 1.0, 1.0, 0.0, 0.0, 0.0, 0.0, 1.0, 0.0, 1.0, 1.0, 1.0, 1.0, 0.0]
稀疏向量: [0.02761628 0.123062   0.03343023 0.0191376  0.0171996  0.
 0.03536821 0.06468024 0.06443799 0.0281008  0.04748062 0.
 0.00799417 0.         0.05184107 0.03076549 0.01937982 0.10683139
 0.06225773 0.         0.         0.         0.         0.06395343
 0.         0.00993213 0.02567828 0.03512596 0.12572667 0.        ]
更新后概率: [0.03333333 0.03333333 0.03333333 0.03333333 0.03333333 0.03333333
 0.03333333 0.03333333 0.03333333 0.03333333 0.03333333 0.03333333
 0.03333333 0.03333333 0.03333333 0.03333333 0.03333333 0.03333333
 0.03333333 0.03333333 0.03333333 0.03333333 0.03333333 0.03333333
 0.03333333 0.03333333 0.03333333 0.03333333 0.03333333 0.03333333]
Classification: 0.9972793742560789 0.9192399049881235 53
(114, 6)
(508, 6)
(138, 6)
(79, 6)
(71, 6)
(45, 6)
(146, 6)
(267, 6)
(266, 6)
(116, 6)
(196, 6)
(130, 6)
(33, 6)
(216, 6)
(214, 6)
(127, 6)
(80, 6)
(441, 6)
(257, 6)
(41, 6)
(406, 6)
(221, 6)
(261, 6)
(264, 6)
(185, 6)
(41, 6)
(106, 6)
(145, 6)
(519, 6)
(248, 6)
[0.09540652 0.16796723 0.07927612 0.11718483 0.08743234 0.0784946
 0.14674314 0.08729479 0.11932636 0.09229039 0.10341057 0.09228615
 0.05240945 0.07785307 0.09527945 0.06372605 0.05875453 0.19820007
 0.08974756 0.05574692 0.09924383 0.08847969 0.11502662 0.10123233
 0.09980337 0.07727255 0.10468257 0.13265607 0.14411179 0.07866101]
本轮采样概率阵: [0.03333333 0.03333333 0.03333333 0.03333333 0.03333333 0.03333333
 0.03333333 0.03333333 0.03333333 0.03333333 0.03333333 0.03333333
 0.03333333 0.03333333 0.03333333 0.03333333 0.03333333 0.03333333
 0.03333333 0.03333333 0.03333333 0.03333333 0.03333333 0.03333333
 0.03333333 0.03333333 0.03333333 0.03333333 0.03333333 0.03333333]
客户端选择掩码: [1.0, 1.0, 0.0, 0.0, 1.0, 1.0, 1.0, 1.0, 0.0, 1.0, 1.0, 0.0, 1.0, 1.0, 1.0, 1.0, 0.0, 1.0, 1.0, 1.0, 1.0, 1.0, 1.0, 1.0, 0.0, 0.0, 1.0, 1.0, 0.0, 0.0]
稀疏向量: [0.02717522 0.12109654 0.         0.         0.01692491 0.01072703
 0.03480332 0.06364723 0.         0.02765196 0.04672228 0.
 0.00786649 0.05148987 0.0510131  0.03027411 0.         0.10512511
 0.06126341 0.00977355 0.09678186 0.05268172 0.06221692 0.06293199
 0.         0.         0.02526819 0.03456499 0.         0.        ]
更新后概率: [0.03333333 0.03333333 0.03333333 0.03333333 0.03333333 0.03333333
 0.03333333 0.03333333 0.03333333 0.03333333 0.03333333 0.03333333
 0.03333333 0.03333333 0.03333333 0.03333333 0.03333333 0.03333333
 0.03333333 0.03333333 0.03333333 0.03333333 0.03333333 0.03333333
 0.03333333 0.03333333 0.03333333 0.03333333 0.03333333 0.03333333]
Classification: 0.9979595306920592 0.9219545300305395 54
(114, 6)
(508, 6)
(138, 6)
(79, 6)
(71, 6)
(45, 6)
(146, 6)
(267, 6)
(266, 6)
(116, 6)
(196, 6)
(130, 6)
(33, 6)
(216, 6)
(214, 6)
(127, 6)
(80, 6)
(441, 6)
(257, 6)
(41, 6)
(406, 6)
(221, 6)
(261, 6)
(264, 6)
(185, 6)
(41, 6)
(106, 6)
(145, 6)
(519, 6)
(248, 6)
[0.09268706 0.16417208 0.08326789 0.11762861 0.08513399 0.08338421
 0.14231445 0.08271877 0.10970393 0.10118172 0.09191347 0.09205846
 0.0552941  0.08676548 0.09434446 0.06609559 0.05768801 0.19662108
 0.09471657 0.06322582 0.09961475 0.0948679  0.11180287 0.09462143
 0.09288928 0.07726578 0.10926843 0.13879104 0.14072332 0.07923942]
本轮采样概率阵: [0.03333333 0.03333333 0.03333333 0.03333333 0.03333333 0.03333333
 0.03333333 0.03333333 0.03333333 0.03333333 0.03333333 0.03333333
 0.03333333 0.03333333 0.03333333 0.03333333 0.03333333 0.03333333
 0.03333333 0.03333333 0.03333333 0.03333333 0.03333333 0.03333333
 0.03333333 0.03333333 0.03333333 0.03333333 0.03333333 0.03333333]
客户端选择掩码: [1.0, 1.0, 1.0, 0.0, 1.0, 0.0, 0.0, 0.0, 0.0, 1.0, 1.0, 1.0, 1.0, 1.0, 0.0, 1.0, 1.0, 0.0, 1.0, 0.0, 1.0, 1.0, 0.0, 1.0, 1.0, 1.0, 1.0, 1.0, 1.0, 1.0]
稀疏向量: [0.02766318 0.12327105 0.033487   0.         0.01722884 0.
 0.         0.         0.         0.02814851 0.04756128 0.03154572
 0.00800776 0.05241446 0.         0.03081775 0.01941274 0.
 0.0623635  0.         0.09851976 0.05362771 0.         0.06406215
 0.04489202 0.00994898 0.02572188 0.03518563 0.12594022 0.06017953]
更新后概率: [0.03333333 0.03333333 0.03333333 0.03333333 0.03333333 0.03333333
 0.03333333 0.03333333 0.03333333 0.03333333 0.03333333 0.03333333
 0.03333333 0.03333333 0.03333333 0.03333333 0.03333333 0.03333333
 0.03333333 0.03333333 0.03333333 0.03333333 0.03333333 0.03333333
 0.03333333 0.03333333 0.03333333 0.03333333 0.03333333 0.03333333]
Classification: 1.0 0.9212758737699356 55
(114, 6)
(508, 6)
(138, 6)
(79, 6)
(71, 6)
(45, 6)
(146, 6)
(267, 6)
(266, 6)
(116, 6)
(196, 6)
(130, 6)
(33, 6)
(216, 6)
(214, 6)
(127, 6)
(80, 6)
(441, 6)
(257, 6)
(41, 6)
(406, 6)
(221, 6)
(261, 6)
(264, 6)
(185, 6)
(41, 6)
(106, 6)
(145, 6)
(519, 6)
(248, 6)
[0.09455409 0.16092739 0.07422145 0.11715641 0.0942796  0.07733127
 0.13937432 0.08603453 0.11174593 0.10436498 0.10925218 0.09548117
 0.06800917 0.08448099 0.09204721 0.06591082 0.06155827 0.17965573
 0.08821373 0.06055532 0.10265831 0.09455181 0.11530719 0.09345432
 0.09970502 0.06868871 0.09957433 0.13923571 0.14091493 0.08075513]
本轮采样概率阵: [0.03333333 0.03333333 0.03333333 0.03333333 0.03333333 0.03333333
 0.03333333 0.03333333 0.03333333 0.03333333 0.03333333 0.03333333
 0.03333333 0.03333333 0.03333333 0.03333333 0.03333333 0.03333333
 0.03333333 0.03333333 0.03333333 0.03333333 0.03333333 0.03333333
 0.03333333 0.03333333 0.03333333 0.03333333 0.03333333 0.03333333]
客户端选择掩码: [1.0, 1.0, 1.0, 1.0, 0.0, 0.0, 0.0, 1.0, 1.0, 1.0, 1.0, 1.0, 1.0, 0.0, 1.0, 1.0, 0.0, 0.0, 1.0, 1.0, 1.0, 1.0, 1.0, 1.0, 0.0, 0.0, 1.0, 0.0, 1.0, 1.0]
稀疏向量: [0.02527154 0.11261358 0.0305919  0.01751274 0.         0.
 0.         0.05918865 0.05896696 0.02571492 0.04344934 0.02881841
 0.00731544 0.         0.04743959 0.02815338 0.         0.
 0.05697187 0.00908887 0.09000222 0.04899132 0.05785858 0.05852364
 0.         0.         0.02349809 0.         0.11505207 0.05497674]
更新后概率: [0.03333333 0.03333333 0.03333333 0.03333333 0.03333333 0.03333333
 0.03333333 0.03333333 0.03333333 0.03333333 0.03333333 0.03333333
 0.03333333 0.03333333 0.03333333 0.03333333 0.03333333 0.03333333
 0.03333333 0.03333333 0.03333333 0.03333333 0.03333333 0.03333333
 0.03333333 0.03333333 0.03333333 0.03333333 0.03333333 0.03333333]
Classification: 0.9986396871280394 0.9246691550729556 56
(114, 6)
(508, 6)
(138, 6)
(79, 6)
(71, 6)
(45, 6)
(146, 6)
(267, 6)
(266, 6)
(116, 6)
(196, 6)
(130, 6)
(33, 6)
(216, 6)
(214, 6)
(127, 6)
(80, 6)
(441, 6)
(257, 6)
(41, 6)
(406, 6)
(221, 6)
(261, 6)
(264, 6)
(185, 6)
(41, 6)
(106, 6)
(145, 6)
(519, 6)
(248, 6)
[0.09251673 0.16901341 0.0800701  0.12046173 0.09230967 0.08055761
 0.13792119 0.07958027 0.11819286 0.10061896 0.10697684 0.08935894
 0.0591042  0.08337583 0.08709958 0.06817484 0.05698635 0.1920192
 0.09108531 0.06539757 0.10202799 0.08941686 0.10825866 0.09130947
 0.09984708 0.07288461 0.10891417 0.13809221 0.14238269 0.07604508]
本轮采样概率阵: [0.03333333 0.03333333 0.03333333 0.03333333 0.03333333 0.03333333
 0.03333333 0.03333333 0.03333333 0.03333333 0.03333333 0.03333333
 0.03333333 0.03333333 0.03333333 0.03333333 0.03333333 0.03333333
 0.03333333 0.03333333 0.03333333 0.03333333 0.03333333 0.03333333
 0.03333333 0.03333333 0.03333333 0.03333333 0.03333333 0.03333333]
客户端选择掩码: [0.0, 0.0, 0.0, 1.0, 0.0, 1.0, 1.0, 0.0, 1.0, 1.0, 0.0, 1.0, 1.0, 1.0, 1.0, 1.0, 1.0, 1.0, 1.0, 0.0, 1.0, 0.0, 1.0, 1.0, 0.0, 1.0, 1.0, 1.0, 1.0, 1.0]
稀疏向量: [0.         0.         0.         0.01908212 0.         0.01086955
 0.03526569 0.         0.06425118 0.02801929 0.         0.03140096
 0.00797101 0.05217389 0.05169079 0.0306763  0.01932365 0.10652172
 0.06207732 0.         0.09806765 0.         0.0630435  0.06376812
 0.         0.00990337 0.02560384 0.03502416 0.12536232 0.0599034 ]
更新后概率: [0.03333333 0.03333333 0.03333333 0.03333333 0.03333333 0.03333333
 0.03333333 0.03333333 0.03333333 0.03333333 0.03333333 0.03333333
 0.03333333 0.03333333 0.03333333 0.03333333 0.03333333 0.03333333
 0.03333333 0.03333333 0.03333333 0.03333333 0.03333333 0.03333333
 0.03333333 0.03333333 0.03333333 0.03333333 0.03333333 0.03333333]
Classification: 1.0 0.9233118425517476 57
