# 启动时间: 2026-04-19 11:14:37
# GPU: 3
# CMD: CUDA_VISIBLE_DEVICES=3 python -u FedCSL_All.py -dataset HAR --config configACF.yml --dirichlet-alpha 0.2 --use-client-selection --client-selection-method omp --client-selection-ratio 0.7 --min-selection-prob 0.01 --ema-alpha 0.0 --description omp+acf

/mnt/data/user_liangzhiyu/envs/fedcsl/lib/python3.8/site-packages/scipy/__init__.py:146: UserWarning: A NumPy version >=1.16.5 and <1.23.0 is required for this version of SciPy (detected version 1.23.5
  warnings.warn(f"A NumPy version >={np_minversion} and <{np_maxversion}"
[0.09514033 0.10277917 0.11127909 0.12035814 0.12964186 0.13872091
 0.14722083 0.15485967]
/data/user_lixiongfei/CSL-main/dataset_utils.py:133: FutureWarning: You are using `torch.load` with `weights_only=False` (the current default value), which uses the default pickle module implicitly. It is possible to construct malicious pickle data which will execute arbitrary code during unpickling (See https://github.com/pytorch/pytorch/blob/main/SECURITY.md#untrusted-models for more details). In a future release, the default value for `weights_only` will be flipped to `True`. This limits the functions that could be executed during unpickling. Arbitrary objects will no longer be allowed to be loaded via this mode unless they are explicitly allowlisted by the user via `torch.serialization.add_safe_globals`. We recommend you start setting `weights_only=True` for any use case where you don't have full control of the loaded file. Please open an issue on GitHub for any issues related to this experimental feature.
  X = torch.load("./HAR/train.pt")
/data/user_lixiongfei/CSL-main/dataset_utils.py:136: FutureWarning: You are using `torch.load` with `weights_only=False` (the current default value), which uses the default pickle module implicitly. It is possible to construct malicious pickle data which will execute arbitrary code during unpickling (See https://github.com/pytorch/pytorch/blob/main/SECURITY.md#untrusted-models for more details). In a future release, the default value for `weights_only` will be flipped to `True`. This limits the functions that could be executed during unpickling. Arbitrary objects will no longer be allowed to be loaded via this mode unless they are explicitly allowlisted by the user via `torch.serialization.add_safe_globals`. We recommend you start setting `weights_only=True` for any use case where you don't have full control of the loaded file. Please open an issue on GitHub for any issues related to this experimental feature.
  X2= torch.load("./HAR/test.pt")
[5 1 1 ... 0 4 0]
[  3   4   6   7   9  10  11  12  14  20  22  23  25  26  28  29  30  31
  34  37  38  43  44  47  48  56  60  61  71  72  75  76  77  78  80  81
  82  87  89  95  98 100 102 107 108 119 121 122 124 125 133 136 138 142
 146 150 151 154 155 157 158 159 160 161 162 163 167 170 173 184 185 186
 187 189 190 191 195 202 205 209 212 213 215 218 223 230 233 234 239 245
 262 264 281 291 292 293 300 301 306 307 311 314 319 331 342 351 364 367
 374 385 399 408 409 411 413 415 416 417 422 433 442 463 467 468 469 470
 474 475 482 491 502 508 512 516 524 537 547 557 562 569 589 593 599 600
 605 618 619 624 635 638 647 650 656 675 680 687 696 697 702 731 732 734
 739 747 751 754 758 760 762 763 767 770 781 789 790 795 801 809 811 822
 831 843 849 856 877 894 898 900 905 908 924 937 940 943]
[4, 4, 3, 4, 2, 3, 2, 3, 3, 2, 4, 2, 2, 2, 4, 3, 4, 3, 4, 4, 3, 2, 2, 4, 4, 4, 2, 4, 4, 2, 2, 4, 4, 4, 2, 4, 2, 4, 2, 2, 4, 2, 2, 2, 4, 4, 4, 4, 4, 2, 2, 4, 2, 4, 4, 2, 4, 2, 4, 4, 4, 4, 4, 4, 4, 2, 4, 2, 2, 4, 4, 4, 4, 2, 4, 4, 2, 4, 4, 4, 4, 2, 4, 2, 4, 4, 2, 4, 2, 2, 2, 2, 2, 2, 2, 2, 2, 2, 2, 2, 2, 2, 2, 2, 2, 2, 2, 2, 2, 2, 2, 2, 2, 2, 2, 2, 2, 2, 2, 2, 2, 2, 2, 2, 2, 2, 2, 2, 2, 2, 2, 2, 2, 2, 2, 2, 2, 2, 2, 2, 2, 2, 2, 2, 2, 2, 2, 2, 2, 2, 2, 2, 2, 2, 2, 2, 2, 2, 2, 2, 2, 2, 2, 2, 2, 2, 2, 2, 2, 2, 2, 2, 2, 2, 2, 2, 2, 2, 2, 2, 2, 2, 2, 2, 2, 2, 2, 2, 2, 2, 2, 2, 2, 2]
[5, 1, 1, 1, 5, 5, 1, 1, 1, 1, 1, 3, 1, 3, 3, 3, 1, 1, 3, 3, 1, 3, 3, 3, 1, 3, 1, 1, 3, 3, 3, 1, 1, 3, 3, 1, 1, 1, 1, 1, 3, 3, 3, 1, 1, 3, 3, 1, 1, 3, 1, 1, 1, 1, 3, 1, 1, 3, 1, 3, 3, 3, 3, 3, 3, 3, 4, 3, 3, 4, 3, 4, 4, 3, 4, 3, 3, 3, 3, 2]
[5, 5, 5, 5, 5, 5, 5, 5, 5, 5, 5, 5, 5, 5, 5, 5, 5, 5, 5, 5, 5, 5, 5, 5, 5, 5, 5, 5, 5, 5, 5, 5, 5, 5, 1, 5, 1, 1, 5, 1, 5, 5, 1, 5, 5, 1, 1, 5, 1, 5, 1, 1, 5, 4, 5, 1, 3, 3, 3, 1, 1, 5, 3, 5, 5, 5, 3, 5, 5, 5, 5, 5, 5, 5, 5, 5, 5, 5, 5, 5, 5, 5, 5, 5, 5, 5, 5, 5, 5, 5, 5, 5, 5, 5, 5, 5, 5, 5, 5, 5, 5, 5, 5, 5, 5, 5, 5, 5, 5, 5, 5, 5, 5, 5, 5, 5, 5, 5, 5, 5, 5, 5, 5, 5, 5, 5, 5, 5, 5, 5, 5, 5, 5, 5, 5, 5, 5, 5, 5, 5, 5, 5, 5, 5, 5, 5, 5, 5, 5, 5, 5, 5, 5, 5, 5, 5, 5, 5, 5, 5, 5, 5, 5, 5, 5, 5, 5, 5, 5, 5, 5, 5, 5, 5, 5, 5, 5, 5, 5, 5, 5, 5, 5, 5, 5, 5, 5, 5, 5, 5, 5, 5, 5, 5, 5, 5, 5, 5, 5, 5, 5, 5, 5, 5, 5, 5, 5, 5, 5, 5, 5, 5, 5, 5, 5, 5, 5, 5, 5, 5, 5, 5, 5, 5, 5, 5, 5, 5, 5, 5, 5, 5, 5, 5, 5, 5, 5, 5, 5, 5, 5, 5, 5, 5, 5, 5, 5, 5, 5, 5, 5, 5, 5, 5, 5, 5, 5, 5, 5, 5, 5, 5, 5, 5, 5, 5, 5, 5, 5, 5, 5, 5, 5, 5, 5, 5, 5, 5, 5, 5, 5, 5, 5, 5, 5, 5, 5, 5, 5, 5, 5, 5, 5, 5, 5, 5, 5, 5, 5, 5, 5, 5, 5, 5, 5, 5, 5, 5, 5, 5, 5, 5, 5, 5, 5, 5, 5, 5, 5, 5, 5, 5, 5, 5, 5, 5, 5, 5, 5, 5, 5, 5, 5, 5, 5, 5, 5, 5, 5, 5, 5, 5, 5, 5, 5, 5]
FedCSL_All.py:214: FutureWarning: You are using `torch.load` with `weights_only=False` (the current default value), which uses the default pickle module implicitly. It is possible to construct malicious pickle data which will execute arbitrary code during unpickling (See https://github.com/pytorch/pytorch/blob/main/SECURITY.md#untrusted-models for more details). In a future release, the default value for `weights_only` will be flipped to `True`. This limits the functions that could be executed during unpickling. Arbitrary objects will no longer be allowed to be loaded via this mode unless they are explicitly allowlisted by the user via `torch.serialization.add_safe_globals`. We recommend you start setting `weights_only=True` for any use case where you don't have full control of the loaded file. Please open an issue on GitHub for any issues related to this experimental feature.
  val_data = torch.load("./HAR/val.pt")
shapelet initialized! 

All 30 clinet initialized! 

客户端选择已启用，采样比例: 0.7, 选择方法: OMP自适应采样
最低选择概率: 0.01, EMA平滑系数: 0.0
/data/user_lixiongfei/CSL-main/train.py:601: UserWarning: Creating a tensor from a list of numpy.ndarrays is extremely slow. Please consider converting the list to a single numpy.ndarray with numpy.array() before converting to a tensor. (Triggered internally at ../torch/csrc/utils/tensor_new.cpp:278.)
  X = torch.tensor(X, dtype=torch.float)
(194, 6)
(80, 6)
(346, 6)
(325, 6)
(369, 6)
(535, 6)
(71, 6)
(537, 6)
(110, 6)
(31, 6)
(80, 6)
(27, 6)
(19, 6)
(283, 6)
(274, 6)
(157, 6)
(179, 6)
(362, 6)
(142, 6)
(294, 6)
(277, 6)
(397, 6)
(19, 6)
(143, 6)
(118, 6)
(181, 6)
(73, 6)
(102, 6)
(96, 6)
(82, 6)
[0.09249734 0.07082636 0.12308191 0.10109112 0.12885389 0.18441622
 0.09309318 0.10673939 0.08061423 0.06752792 0.07374981 0.05995168
 0.03385987 0.14391533 0.16447397 0.08656217 0.13913919 0.08085265
 0.13258318 0.08984392 0.15734437 0.10103862 0.02812347 0.09743186
 0.07871065 0.1144201  0.11039113 0.07744952 0.11736161 0.06405533]
第一轮：全选所有客户端（OMP自适应采样模式）
稀疏向量: [0.03336987 0.         0.05903182 0.0554736  0.06299691 0.09109694
 0.         0.09133967 0.01905336 0.         0.         0.
 0.         0.04824527 0.04691163 0.02708146 0.03079486 0.06184403
 0.02453675 0.05024054 0.04725021 0.06761987 0.         0.02455066
 0.02057224 0.03113283 0.         0.01792492 0.01676571 0.        ]
更新后概率: [0.03333333 0.03333333 0.03333333 0.03333333 0.03333333 0.03333333
 0.03333333 0.03333333 0.03333333 0.03333333 0.03333333 0.03333333
 0.03333333 0.03333333 0.03333333 0.03333333 0.03333333 0.03333333
 0.03333333 0.03333333 0.03333333 0.03333333 0.03333333 0.03333333
 0.03333333 0.03333333 0.03333333 0.03333333 0.03333333 0.03333333]
Classification: 0.9962591396021084 0.9348489989820156 0
# 启动时间: 2026-04-19 11:36:17
# GPU: 3
# CMD: CUDA_VISIBLE_DEVICES=3 python -u FedCSL_All.py -dataset HAR --config configACF.yml --dirichlet-alpha 0.2 --use-client-selection --client-selection-method omp --client-selection-ratio 0.7 --min-selection-prob 0.01 --ema-alpha 0.0 --description omp+acf

/mnt/data/user_liangzhiyu/envs/fedcsl/lib/python3.8/site-packages/scipy/__init__.py:146: UserWarning: A NumPy version >=1.16.5 and <1.23.0 is required for this version of SciPy (detected version 1.23.5
  warnings.warn(f"A NumPy version >={np_minversion} and <{np_maxversion}"
[0.09514033 0.10277917 0.11127909 0.12035814 0.12964186 0.13872091
 0.14722083 0.15485967]
/data/user_lixiongfei/CSL-main/dataset_utils.py:133: FutureWarning: You are using `torch.load` with `weights_only=False` (the current default value), which uses the default pickle module implicitly. It is possible to construct malicious pickle data which will execute arbitrary code during unpickling (See https://github.com/pytorch/pytorch/blob/main/SECURITY.md#untrusted-models for more details). In a future release, the default value for `weights_only` will be flipped to `True`. This limits the functions that could be executed during unpickling. Arbitrary objects will no longer be allowed to be loaded via this mode unless they are explicitly allowlisted by the user via `torch.serialization.add_safe_globals`. We recommend you start setting `weights_only=True` for any use case where you don't have full control of the loaded file. Please open an issue on GitHub for any issues related to this experimental feature.
  X = torch.load("./HAR/train.pt")
/data/user_lixiongfei/CSL-main/dataset_utils.py:136: FutureWarning: You are using `torch.load` with `weights_only=False` (the current default value), which uses the default pickle module implicitly. It is possible to construct malicious pickle data which will execute arbitrary code during unpickling (See https://github.com/pytorch/pytorch/blob/main/SECURITY.md#untrusted-models for more details). In a future release, the default value for `weights_only` will be flipped to `True`. This limits the functions that could be executed during unpickling. Arbitrary objects will no longer be allowed to be loaded via this mode unless they are explicitly allowlisted by the user via `torch.serialization.add_safe_globals`. We recommend you start setting `weights_only=True` for any use case where you don't have full control of the loaded file. Please open an issue on GitHub for any issues related to this experimental feature.
  X2= torch.load("./HAR/test.pt")
[5 1 1 ... 0 4 0]
[  3   4   6   7   9  10  11  12  14  20  22  23  25  26  28  29  30  31
  34  37  38  43  44  47  48  56  60  61  71  72  75  76  77  78  80  81
  82  87  89  95  98 100 102 107 108 119 121 122 124 125 133 136 138 142
 146 150 151 154 155 157 158 159 160 161 162 163 167 170 173 184 185 186
 187 189 190 191 195 202 205 209 212 213 215 218 223 230 233 234 239 245
 262 264 281 291 292 293 300 301 306 307 311 314 319 331 342 351 364 367
 374 385 399 408 409 411 413 415 416 417 422 433 442 463 467 468 469 470
 474 475 482 491 502 508 512 516 524 537 547 557 562 569 589 593 599 600
 605 618 619 624 635 638 647 650 656 675 680 687 696 697 702 731 732 734
 739 747 751 754 758 760 762 763 767 770 781 789 790 795 801 809 811 822
 831 843 849 856 877 894 898 900 905 908 924 937 940 943]
[4, 4, 3, 4, 2, 3, 2, 3, 3, 2, 4, 2, 2, 2, 4, 3, 4, 3, 4, 4, 3, 2, 2, 4, 4, 4, 2, 4, 4, 2, 2, 4, 4, 4, 2, 4, 2, 4, 2, 2, 4, 2, 2, 2, 4, 4, 4, 4, 4, 2, 2, 4, 2, 4, 4, 2, 4, 2, 4, 4, 4, 4, 4, 4, 4, 2, 4, 2, 2, 4, 4, 4, 4, 2, 4, 4, 2, 4, 4, 4, 4, 2, 4, 2, 4, 4, 2, 4, 2, 2, 2, 2, 2, 2, 2, 2, 2, 2, 2, 2, 2, 2, 2, 2, 2, 2, 2, 2, 2, 2, 2, 2, 2, 2, 2, 2, 2, 2, 2, 2, 2, 2, 2, 2, 2, 2, 2, 2, 2, 2, 2, 2, 2, 2, 2, 2, 2, 2, 2, 2, 2, 2, 2, 2, 2, 2, 2, 2, 2, 2, 2, 2, 2, 2, 2, 2, 2, 2, 2, 2, 2, 2, 2, 2, 2, 2, 2, 2, 2, 2, 2, 2, 2, 2, 2, 2, 2, 2, 2, 2, 2, 2, 2, 2, 2, 2, 2, 2, 2, 2, 2, 2, 2, 2]
[5, 1, 1, 1, 5, 5, 1, 1, 1, 1, 1, 3, 1, 3, 3, 3, 1, 1, 3, 3, 1, 3, 3, 3, 1, 3, 1, 1, 3, 3, 3, 1, 1, 3, 3, 1, 1, 1, 1, 1, 3, 3, 3, 1, 1, 3, 3, 1, 1, 3, 1, 1, 1, 1, 3, 1, 1, 3, 1, 3, 3, 3, 3, 3, 3, 3, 4, 3, 3, 4, 3, 4, 4, 3, 4, 3, 3, 3, 3, 2]
[5, 5, 5, 5, 5, 5, 5, 5, 5, 5, 5, 5, 5, 5, 5, 5, 5, 5, 5, 5, 5, 5, 5, 5, 5, 5, 5, 5, 5, 5, 5, 5, 5, 5, 1, 5, 1, 1, 5, 1, 5, 5, 1, 5, 5, 1, 1, 5, 1, 5, 1, 1, 5, 4, 5, 1, 3, 3, 3, 1, 1, 5, 3, 5, 5, 5, 3, 5, 5, 5, 5, 5, 5, 5, 5, 5, 5, 5, 5, 5, 5, 5, 5, 5, 5, 5, 5, 5, 5, 5, 5, 5, 5, 5, 5, 5, 5, 5, 5, 5, 5, 5, 5, 5, 5, 5, 5, 5, 5, 5, 5, 5, 5, 5, 5, 5, 5, 5, 5, 5, 5, 5, 5, 5, 5, 5, 5, 5, 5, 5, 5, 5, 5, 5, 5, 5, 5, 5, 5, 5, 5, 5, 5, 5, 5, 5, 5, 5, 5, 5, 5, 5, 5, 5, 5, 5, 5, 5, 5, 5, 5, 5, 5, 5, 5, 5, 5, 5, 5, 5, 5, 5, 5, 5, 5, 5, 5, 5, 5, 5, 5, 5, 5, 5, 5, 5, 5, 5, 5, 5, 5, 5, 5, 5, 5, 5, 5, 5, 5, 5, 5, 5, 5, 5, 5, 5, 5, 5, 5, 5, 5, 5, 5, 5, 5, 5, 5, 5, 5, 5, 5, 5, 5, 5, 5, 5, 5, 5, 5, 5, 5, 5, 5, 5, 5, 5, 5, 5, 5, 5, 5, 5, 5, 5, 5, 5, 5, 5, 5, 5, 5, 5, 5, 5, 5, 5, 5, 5, 5, 5, 5, 5, 5, 5, 5, 5, 5, 5, 5, 5, 5, 5, 5, 5, 5, 5, 5, 5, 5, 5, 5, 5, 5, 5, 5, 5, 5, 5, 5, 5, 5, 5, 5, 5, 5, 5, 5, 5, 5, 5, 5, 5, 5, 5, 5, 5, 5, 5, 5, 5, 5, 5, 5, 5, 5, 5, 5, 5, 5, 5, 5, 5, 5, 5, 5, 5, 5, 5, 5, 5, 5, 5, 5, 5, 5, 5, 5, 5, 5, 5, 5, 5, 5, 5, 5, 5]
FedCSL_All.py:214: FutureWarning: You are using `torch.load` with `weights_only=False` (the current default value), which uses the default pickle module implicitly. It is possible to construct malicious pickle data which will execute arbitrary code during unpickling (See https://github.com/pytorch/pytorch/blob/main/SECURITY.md#untrusted-models for more details). In a future release, the default value for `weights_only` will be flipped to `True`. This limits the functions that could be executed during unpickling. Arbitrary objects will no longer be allowed to be loaded via this mode unless they are explicitly allowlisted by the user via `torch.serialization.add_safe_globals`. We recommend you start setting `weights_only=True` for any use case where you don't have full control of the loaded file. Please open an issue on GitHub for any issues related to this experimental feature.
  val_data = torch.load("./HAR/val.pt")
shapelet initialized! 

All 30 clinet initialized! 

客户端选择已启用，采样比例: 0.7, 选择方法: OMP自适应采样
最低选择概率: 0.01, EMA平滑系数: 0.0
/data/user_lixiongfei/CSL-main/train.py:601: UserWarning: Creating a tensor from a list of numpy.ndarrays is extremely slow. Please consider converting the list to a single numpy.ndarray with numpy.array() before converting to a tensor. (Triggered internally at ../torch/csrc/utils/tensor_new.cpp:278.)
  X = torch.tensor(X, dtype=torch.float)
(194, 6)
(80, 6)
(346, 6)
(325, 6)
(369, 6)
(535, 6)
(71, 6)
(537, 6)
(110, 6)
(31, 6)
(80, 6)
(27, 6)
(19, 6)
(283, 6)
(274, 6)
(157, 6)
(179, 6)
(362, 6)
(142, 6)
(294, 6)
(277, 6)
(397, 6)
(19, 6)
(143, 6)
(118, 6)
(181, 6)
(73, 6)
(102, 6)
(96, 6)
(82, 6)
[0.09249734 0.07082636 0.12308191 0.10109112 0.12885389 0.18441622
 0.09309318 0.10673939 0.08061423 0.06752792 0.07374981 0.05995168
 0.03385987 0.14391533 0.16447397 0.08656217 0.13913919 0.08085265
 0.13258318 0.08984392 0.15734437 0.10103862 0.02812347 0.09743186
 0.07871065 0.1144201  0.11039113 0.07744952 0.11736161 0.06405533]
第一轮：全选所有客户端（OMP自适应采样模式）
稀疏向量: [0.03336987 0.         0.05903182 0.0554736  0.06299691 0.09109694
 0.         0.09133967 0.01905336 0.         0.         0.
 0.         0.04824527 0.04691163 0.02708146 0.03079486 0.06184403
 0.02453675 0.05024054 0.04725021 0.06761987 0.         0.02455066
 0.02057224 0.03113283 0.         0.01792492 0.01676571 0.        ]
更新后概率: [0.03333333 0.03333333 0.03333333 0.03333333 0.03333333 0.03333333
 0.03333333 0.03333333 0.03333333 0.03333333 0.03333333 0.03333333
 0.03333333 0.03333333 0.03333333 0.03333333 0.03333333 0.03333333
 0.03333333 0.03333333 0.03333333 0.03333333 0.03333333 0.03333333
 0.03333333 0.03333333 0.03333333 0.03333333 0.03333333 0.03333333]
Classification: 0.9962591396021084 0.9348489989820156 0
(194, 6)
(80, 6)
(346, 6)
(325, 6)
(369, 6)
(535, 6)
(71, 6)
(537, 6)
(110, 6)
(31, 6)
(80, 6)
(27, 6)
(19, 6)
(283, 6)
(274, 6)
(157, 6)
(179, 6)
(362, 6)
(142, 6)
(294, 6)
(277, 6)
(397, 6)
(19, 6)
(143, 6)
(118, 6)
(181, 6)
(73, 6)
(102, 6)
(96, 6)
(82, 6)
[0.12011137 0.09392749 0.09337263 0.09849245 0.09026632 0.1779554
 0.09383712 0.11127829 0.08339607 0.07334165 0.06286909 0.04692842
 0.1302309  0.16906427 0.10493977 0.07724639 0.10847302 0.07799174
 0.11685483 0.10988195 0.12087072 0.08274853 0.10176744 0.07858918
 0.11034465 0.10447997 0.0829432  0.08822513 0.10166098 0.087911  ]
本轮采样概率阵: [0.03333333 0.03333333 0.03333333 0.03333333 0.03333333 0.03333333
 0.03333333 0.03333333 0.03333333 0.03333333 0.03333333 0.03333333
 0.03333333 0.03333333 0.03333333 0.03333333 0.03333333 0.03333333
 0.03333333 0.03333333 0.03333333 0.03333333 0.03333333 0.03333333
 0.03333333 0.03333333 0.03333333 0.03333333 0.03333333 0.03333333]
客户端选择掩码: [1.0, 1.0, 1.0, 1.0, 1.0, 1.0, 1.0, 1.0, 0.0, 1.0, 0.0, 1.0, 0.0, 0.0, 1.0, 1.0, 1.0, 1.0, 1.0, 1.0, 0.0, 0.0, 1.0, 0.0, 1.0, 1.0, 0.0, 0.0, 1.0, 1.0]
稀疏向量: [0.04390135 0.01810364 0.07829826 0.07354607 0.08350304 0.1210681
 0.01606698 0.12152073 0.         0.00701516 0.         0.00611
 0.         0.         0.062005   0.03552839 0.04050692 0.08191902
 0.032134   0.06653086 0.         0.         0.00429959 0.
 0.02670287 0.04095946 0.         0.         0.02172434 0.01855621]
更新后概率: [0.03333333 0.03333333 0.03333333 0.03333333 0.03333333 0.03333333
 0.03333333 0.03333333 0.03333333 0.03333333 0.03333333 0.03333333
 0.03333333 0.03333333 0.03333333 0.03333333 0.03333333 0.03333333
 0.03333333 0.03333333 0.03333333 0.03333333 0.03333333 0.03333333
 0.03333333 0.03333333 0.03333333 0.03333333 0.03333333 0.03333333]
Classification: 0.9971093351470838 0.9239904988123515 1
(194, 6)
(80, 6)
(346, 6)
(325, 6)
(369, 6)
(535, 6)
(71, 6)
(537, 6)
(110, 6)
(31, 6)
(80, 6)
(27, 6)
(19, 6)
(283, 6)
(274, 6)
(157, 6)
(179, 6)
(362, 6)
(142, 6)
(294, 6)
(277, 6)
(397, 6)
(19, 6)
(143, 6)
(118, 6)
(181, 6)
(73, 6)
(102, 6)
(96, 6)
(82, 6)
[0.09117128 0.10138304 0.108272   0.09244303 0.09742282 0.15529332
 0.09178736 0.11476525 0.06535156 0.0786991  0.04965567 0.09743405
 0.10131877 0.12269007 0.10095682 0.09002772 0.10756807 0.09047201
 0.12940627 0.11170164 0.12303161 0.08064321 0.09592829 0.08167613
 0.12429316 0.11122776 0.06817539 0.1346244  0.08940435 0.09317584]
本轮采样概率阵: [0.03333333 0.03333333 0.03333333 0.03333333 0.03333333 0.03333333
 0.03333333 0.03333333 0.03333333 0.03333333 0.03333333 0.03333333
 0.03333333 0.03333333 0.03333333 0.03333333 0.03333333 0.03333333
 0.03333333 0.03333333 0.03333333 0.03333333 0.03333333 0.03333333
 0.03333333 0.03333333 0.03333333 0.03333333 0.03333333 0.03333333]
客户端选择掩码: [0.0, 0.0, 1.0, 1.0, 1.0, 1.0, 1.0, 0.0, 1.0, 1.0, 1.0, 1.0, 1.0, 1.0, 1.0, 1.0, 1.0, 0.0, 0.0, 0.0, 1.0, 1.0, 0.0, 1.0, 1.0, 1.0, 0.0, 1.0, 1.0, 0.0]
稀疏向量: [0.         0.         0.08398055 0.07888349 0.08956313 0.12985438
 0.017233   0.         0.02669903 0.00752427 0.01941748 0.0065534
 0.00461164 0.06868933 0.06650485 0.03810681 0.04344655 0.
 0.         0.         0.06723291 0.09635913 0.         0.03470869
 0.02864079 0.04393208 0.         0.02475727 0.02330098 0.        ]
更新后概率: [0.03333333 0.03333333 0.03333333 0.03333333 0.03333333 0.03333333
 0.03333333 0.03333333 0.03333333 0.03333333 0.03333333 0.03333333
 0.03333333 0.03333333 0.03333333 0.03333333 0.03333333 0.03333333
 0.03333333 0.03333333 0.03333333 0.03333333 0.03333333 0.03333333
 0.03333333 0.03333333 0.03333333 0.03333333 0.03333333 0.03333333]
Classification: 1.0 0.9246691550729556 2
(194, 6)
(80, 6)
(346, 6)
(325, 6)
(369, 6)
(535, 6)
(71, 6)
(537, 6)
(110, 6)
(31, 6)
(80, 6)
(27, 6)
(19, 6)
(283, 6)
(274, 6)
(157, 6)
(179, 6)
(362, 6)
(142, 6)
(294, 6)
(277, 6)
(397, 6)
(19, 6)
(143, 6)
(118, 6)
(181, 6)
(73, 6)
(102, 6)
(96, 6)
(82, 6)
[0.08863081 0.09946022 0.11264066 0.09893749 0.08998753 0.16088752
 0.0973941  0.11747181 0.08075985 0.09700627 0.06198445 0.09238493
 0.06792606 0.11627883 0.09741312 0.08791794 0.13228746 0.10041129
 0.11523219 0.10453093 0.11204238 0.08459484 0.0527248  0.06809746
 0.10662666 0.11145346 0.07612776 0.12789637 0.08681307 0.15407974]
本轮采样概率阵: [0.03333333 0.03333333 0.03333333 0.03333333 0.03333333 0.03333333
 0.03333333 0.03333333 0.03333333 0.03333333 0.03333333 0.03333333
 0.03333333 0.03333333 0.03333333 0.03333333 0.03333333 0.03333333
 0.03333333 0.03333333 0.03333333 0.03333333 0.03333333 0.03333333
 0.03333333 0.03333333 0.03333333 0.03333333 0.03333333 0.03333333]
客户端选择掩码: [1.0, 0.0, 0.0, 1.0, 0.0, 1.0, 1.0, 1.0, 1.0, 1.0, 1.0, 0.0, 1.0, 1.0, 1.0, 0.0, 1.0, 1.0, 1.0, 1.0, 1.0, 1.0, 0.0, 0.0, 1.0, 0.0, 1.0, 0.0, 1.0, 1.0]
稀疏向量: [0.04331325 0.         0.         0.07256084 0.         0.11944626
 0.01585173 0.11989281 0.02455906 0.00692119 0.01786114 0.
 0.00424201 0.06318375 0.06117438 0.         0.03996428 0.0808216
 0.03170348 0.06563967 0.06184419 0.08863585 0.         0.
 0.02634519 0.         0.01629827 0.         0.02143337 0.01830762]
更新后概率: [0.03333333 0.03333333 0.03333333 0.03333333 0.03333333 0.03333333
 0.03333333 0.03333333 0.03333333 0.03333333 0.03333333 0.03333333
 0.03333333 0.03333333 0.03333333 0.03333333 0.03333333 0.03333333
 0.03333333 0.03333333 0.03333333 0.03333333 0.03333333 0.03333333
 0.03333333 0.03333333 0.03333333 0.03333333 0.03333333 0.03333333]
Classification: 0.9979595306920592 0.9317950458092976 3
(194, 6)
(80, 6)
(346, 6)
(325, 6)
(369, 6)
(535, 6)
(71, 6)
(537, 6)
(110, 6)
(31, 6)
(80, 6)
(27, 6)
(19, 6)
(283, 6)
(274, 6)
(157, 6)
(179, 6)
(362, 6)
(142, 6)
(294, 6)
(277, 6)
(397, 6)
(19, 6)
(143, 6)
(118, 6)
(181, 6)
(73, 6)
(102, 6)
(96, 6)
(82, 6)
[0.08466502 0.0915934  0.10181318 0.09504682 0.07804816 0.15390155
 0.08479418 0.12294373 0.06478001 0.11615091 0.10498353 0.1040688
 0.07422538 0.11268068 0.08413144 0.07558766 0.13587555 0.0836404
 0.07481623 0.12369144 0.12401547 0.07572768 0.04437182 0.06481614
 0.09977536 0.11371468 0.12769462 0.12821231 0.11056729 0.14366653]
本轮采样概率阵: [0.03333333 0.03333333 0.03333333 0.03333333 0.03333333 0.03333333
 0.03333333 0.03333333 0.03333333 0.03333333 0.03333333 0.03333333
 0.03333333 0.03333333 0.03333333 0.03333333 0.03333333 0.03333333
 0.03333333 0.03333333 0.03333333 0.03333333 0.03333333 0.03333333
 0.03333333 0.03333333 0.03333333 0.03333333 0.03333333 0.03333333]
客户端选择掩码: [0.0, 1.0, 1.0, 1.0, 0.0, 1.0, 1.0, 1.0, 1.0, 1.0, 1.0, 0.0, 1.0, 1.0, 1.0, 1.0, 1.0, 1.0, 0.0, 1.0, 0.0, 0.0, 1.0, 1.0, 0.0, 1.0, 1.0, 0.0, 0.0, 1.0]
稀疏向量: [0.         0.01913419 0.08275531 0.07773262 0.         0.1279598
 0.01698158 0.12843814 0.02630949 0.00741448 0.01913418 0.
 0.00454435 0.06768713 0.06553456 0.0375508  0.0428127  0.08658215
 0.         0.0703181  0.         0.         0.00454438 0.03420227
 0.         0.04329105 0.01745995 0.         0.         0.01961251]
更新后概率: [0.03333333 0.03333333 0.03333333 0.03333333 0.03333333 0.03333333
 0.03333333 0.03333333 0.03333333 0.03333333 0.03333333 0.03333333
 0.03333333 0.03333333 0.03333333 0.03333333 0.03333333 0.03333333
 0.03333333 0.03333333 0.03333333 0.03333333 0.03333333 0.03333333
 0.03333333 0.03333333 0.03333333 0.03333333 0.03333333 0.03333333]
Classification: 0.9982996089100493 0.9246691550729556 4
(194, 6)
(80, 6)
(346, 6)
(325, 6)
(369, 6)
(535, 6)
(71, 6)
(537, 6)
(110, 6)
(31, 6)
(80, 6)
(27, 6)
(19, 6)
(283, 6)
(274, 6)
(157, 6)
(179, 6)
(362, 6)
(142, 6)
(294, 6)
(277, 6)
(397, 6)
(19, 6)
(143, 6)
(118, 6)
(181, 6)
(73, 6)
(102, 6)
(96, 6)
(82, 6)
[0.06963415 0.09028718 0.09955667 0.10323029 0.0848093  0.14457916
 0.10503256 0.14430242 0.07887245 0.11083703 0.09308868 0.12109489
 0.06965478 0.10704227 0.09323013 0.09052405 0.15519457 0.09184473
 0.08355626 0.11595242 0.12276906 0.08689432 0.03786325 0.06958688
 0.08817956 0.10999508 0.07137383 0.13521055 0.09112691 0.13467655]
本轮采样概率阵: [0.03333333 0.03333333 0.03333333 0.03333333 0.03333333 0.03333333
 0.03333333 0.03333333 0.03333333 0.03333333 0.03333333 0.03333333
 0.03333333 0.03333333 0.03333333 0.03333333 0.03333333 0.03333333
 0.03333333 0.03333333 0.03333333 0.03333333 0.03333333 0.03333333
 0.03333333 0.03333333 0.03333333 0.03333333 0.03333333 0.03333333]
客户端选择掩码: [0.0, 1.0, 1.0, 0.0, 1.0, 0.0, 1.0, 0.0, 1.0, 1.0, 0.0, 1.0, 0.0, 1.0, 1.0, 0.0, 1.0, 1.0, 1.0, 1.0, 1.0, 1.0, 1.0, 1.0, 1.0, 0.0, 1.0, 1.0, 0.0, 1.0]
稀疏向量: [0.         0.02116963 0.09155865 0.         0.09764485 0.
 0.01878805 0.         0.02910822 0.00820324 0.         0.00714474
 0.         0.07488754 0.07250597 0.         0.04736703 0.09579253
 0.03757605 0.07779834 0.07329977 0.1050542  0.00502775 0.03784063
 0.03122517 0.         0.01931728 0.02699129 0.         0.02169887]
更新后概率: [0.03333333 0.03333333 0.03333333 0.03333333 0.03333333 0.03333333
 0.03333333 0.03333333 0.03333333 0.03333333 0.03333333 0.03333333
 0.03333333 0.03333333 0.03333333 0.03333333 0.03333333 0.03333333
 0.03333333 0.03333333 0.03333333 0.03333333 0.03333333 0.03333333
 0.03333333 0.03333333 0.03333333 0.03333333 0.03333333 0.03333333]
Classification: 1.0 0.9182219205972175 5
(194, 6)
(80, 6)
(346, 6)
(325, 6)
(369, 6)
(535, 6)
(71, 6)
(537, 6)
(110, 6)
(31, 6)
(80, 6)
(27, 6)
(19, 6)
(283, 6)
(274, 6)
(157, 6)
(179, 6)
(362, 6)
(142, 6)
(294, 6)
(277, 6)
(397, 6)
(19, 6)
(143, 6)
(118, 6)
(181, 6)
(73, 6)
(102, 6)
(96, 6)
(82, 6)
[0.07714923 0.1015771  0.10475257 0.1149227  0.08692949 0.1375522
 0.09750281 0.13969244 0.08249619 0.13453973 0.08353651 0.10966236
 0.04247339 0.0921124  0.07264399 0.09168163 0.15244468 0.09106539
 0.07332429 0.1129973  0.12669842 0.09616805 0.02896992 0.06114323
 0.09826884 0.10567798 0.08782829 0.15042829 0.1059082  0.13985237]
本轮采样概率阵: [0.03333333 0.03333333 0.03333333 0.03333333 0.03333333 0.03333333
 0.03333333 0.03333333 0.03333333 0.03333333 0.03333333 0.03333333
 0.03333333 0.03333333 0.03333333 0.03333333 0.03333333 0.03333333
 0.03333333 0.03333333 0.03333333 0.03333333 0.03333333 0.03333333
 0.03333333 0.03333333 0.03333333 0.03333333 0.03333333 0.03333333]
客户端选择掩码: [0.0, 1.0, 1.0, 0.0, 0.0, 1.0, 1.0, 1.0, 1.0, 1.0, 1.0, 1.0, 1.0, 1.0, 1.0, 1.0, 0.0, 0.0, 1.0, 0.0, 1.0, 1.0, 0.0, 1.0, 1.0, 0.0, 0.0, 1.0, 1.0, 1.0]
稀疏向量: [0.         0.02047607 0.08855898 0.         0.         0.13693361
 0.01817249 0.13744558 0.02815457 0.00793448 0.02047606 0.00691066
 0.00486305 0.0724341  0.07013053 0.04018427 0.         0.
 0.03634503 0.         0.07089835 0.10161249 0.         0.03660095
 0.03020216 0.         0.         0.02610701 0.02457123 0.02098792]
更新后概率: [0.03333333 0.03333333 0.03333333 0.03333333 0.03333333 0.03333333
 0.03333333 0.03333333 0.03333333 0.03333333 0.03333333 0.03333333
 0.03333333 0.03333333 0.03333333 0.03333333 0.03333333 0.03333333
 0.03333333 0.03333333 0.03333333 0.03333333 0.03333333 0.03333333
 0.03333333 0.03333333 0.03333333 0.03333333 0.03333333 0.03333333]
Classification: 1.0 0.9219545300305395 6
(194, 6)
(80, 6)
(346, 6)
(325, 6)
(369, 6)
(535, 6)
(71, 6)
(537, 6)
(110, 6)
(31, 6)
(80, 6)
(27, 6)
(19, 6)
(283, 6)
(274, 6)
(157, 6)
(179, 6)
(362, 6)
(142, 6)
(294, 6)
(277, 6)
(397, 6)
(19, 6)
(143, 6)
(118, 6)
(181, 6)
(73, 6)
(102, 6)
(96, 6)
(82, 6)
[0.08280144 0.10762352 0.09898871 0.1158921  0.08244848 0.14251832
 0.09715644 0.14523697 0.07349604 0.11598466 0.10797462 0.0845239
 0.05521765 0.10226587 0.0677796  0.08019369 0.15650909 0.0955028
 0.07200141 0.10944178 0.1376015  0.08828045 0.02414633 0.06176715
 0.09249596 0.11363644 0.08119004 0.14067255 0.0993055  0.16734697]
本轮采样概率阵: [0.03333333 0.03333333 0.03333333 0.03333333 0.03333333 0.03333333
 0.03333333 0.03333333 0.03333333 0.03333333 0.03333333 0.03333333
 0.03333333 0.03333333 0.03333333 0.03333333 0.03333333 0.03333333
 0.03333333 0.03333333 0.03333333 0.03333333 0.03333333 0.03333333
 0.03333333 0.03333333 0.03333333 0.03333333 0.03333333 0.03333333]
客户端选择掩码: [1.0, 1.0, 1.0, 1.0, 0.0, 1.0, 1.0, 1.0, 1.0, 1.0, 1.0, 0.0, 1.0, 1.0, 0.0, 1.0, 1.0, 1.0, 1.0, 0.0, 0.0, 1.0, 0.0, 0.0, 1.0, 1.0, 1.0, 1.0, 0.0, 0.0]
稀疏向量: [0.04488662 0.01850995 0.08005553 0.07519663 0.         0.12378527
 0.01642755 0.12424804 0.02545117 0.00717262 0.01850996 0.
 0.0043961  0.06547897 0.         0.03632577 0.04141596 0.08375751
 0.03285516 0.         0.         0.09185559 0.         0.
 0.02730213 0.04187878 0.01689029 0.0236002  0.         0.        ]
更新后概率: [0.03333333 0.03333333 0.03333333 0.03333333 0.03333333 0.03333333
 0.03333333 0.03333333 0.03333333 0.03333333 0.03333333 0.03333333
 0.03333333 0.03333333 0.03333333 0.03333333 0.03333333 0.03333333
 0.03333333 0.03333333 0.03333333 0.03333333 0.03333333 0.03333333
 0.03333333 0.03333333 0.03333333 0.03333333 0.03333333 0.03333333]
Classification: 1.0 0.9212758737699356 7
(194, 6)
(80, 6)
(346, 6)
(325, 6)
(369, 6)
(535, 6)
(71, 6)
(537, 6)
(110, 6)
(31, 6)
(80, 6)
(27, 6)
(19, 6)
(283, 6)
(274, 6)
(157, 6)
(179, 6)
(362, 6)
(142, 6)
(294, 6)
(277, 6)
(397, 6)
(19, 6)
(143, 6)
(118, 6)
(181, 6)
(73, 6)
(102, 6)
(96, 6)
(82, 6)
[0.0868777  0.09903629 0.10030069 0.12167873 0.0790323  0.16281357
 0.09616865 0.13950207 0.07433865 0.12261098 0.09445203 0.09753099
 0.06449718 0.10333089 0.0755666  0.0882821  0.15656786 0.09536641
 0.07305383 0.10936433 0.11677206 0.08861296 0.02717685 0.06012954
 0.10648915 0.11494906 0.09002078 0.13793431 0.07984244 0.13770102]
本轮采样概率阵: [0.03333333 0.03333333 0.03333333 0.03333333 0.03333333 0.03333333
 0.03333333 0.03333333 0.03333333 0.03333333 0.03333333 0.03333333
 0.03333333 0.03333333 0.03333333 0.03333333 0.03333333 0.03333333
 0.03333333 0.03333333 0.03333333 0.03333333 0.03333333 0.03333333
 0.03333333 0.03333333 0.03333333 0.03333333 0.03333333 0.03333333]
客户端选择掩码: [1.0, 1.0, 1.0, 1.0, 0.0, 0.0, 0.0, 1.0, 1.0, 1.0, 0.0, 1.0, 0.0, 1.0, 1.0, 1.0, 1.0, 1.0, 1.0, 1.0, 0.0, 0.0, 0.0, 0.0, 1.0, 1.0, 1.0, 1.0, 1.0, 1.0]
稀疏向量: [0.04858501 0.02003507 0.08665166 0.0813924  0.         0.
 0.         0.13448532 0.02754819 0.00776359 0.         0.00676181
 0.         0.07087404 0.0686201  0.0393188  0.04482844 0.09065866
 0.03556217 0.07362892 0.         0.         0.         0.
 0.02955167 0.04532931 0.01828197 0.02554472 0.0240421  0.02053593]
更新后概率: [0.03333333 0.03333333 0.03333333 0.03333333 0.03333333 0.03333333
 0.03333333 0.03333333 0.03333333 0.03333333 0.03333333 0.03333333
 0.03333333 0.03333333 0.03333333 0.03333333 0.03333333 0.03333333
 0.03333333 0.03333333 0.03333333 0.03333333 0.03333333 0.03333333
 0.03333333 0.03333333 0.03333333 0.03333333 0.03333333 0.03333333]
Classification: 0.9979595306920592 0.9209365456396336 8
(194, 6)
(80, 6)
(346, 6)
(325, 6)
(369, 6)
(535, 6)
(71, 6)
(537, 6)
(110, 6)
(31, 6)
(80, 6)
(27, 6)
(19, 6)
(283, 6)
(274, 6)
(157, 6)
(179, 6)
(362, 6)
(142, 6)
(294, 6)
(277, 6)
(397, 6)
(19, 6)
(143, 6)
(118, 6)
(181, 6)
(73, 6)
(102, 6)
(96, 6)
(82, 6)
[0.07059008 0.09367909 0.10190556 0.12997499 0.0829473  0.16644713
 0.09786899 0.14016773 0.08057691 0.14434977 0.08253721 0.10661159
 0.05598116 0.0986147  0.06908202 0.09027309 0.14742918 0.09593081
 0.07146109 0.10767089 0.12156241 0.08066338 0.03258342 0.05977676
 0.1058955  0.11249308 0.08369734 0.14462296 0.08654537 0.1380605 ]
本轮采样概率阵: [0.03333333 0.03333333 0.03333333 0.03333333 0.03333333 0.03333333
 0.03333333 0.03333333 0.03333333 0.03333333 0.03333333 0.03333333
 0.03333333 0.03333333 0.03333333 0.03333333 0.03333333 0.03333333
 0.03333333 0.03333333 0.03333333 0.03333333 0.03333333 0.03333333
 0.03333333 0.03333333 0.03333333 0.03333333 0.03333333 0.03333333]
客户端选择掩码: [1.0, 1.0, 1.0, 1.0, 0.0, 1.0, 0.0, 0.0, 0.0, 0.0, 1.0, 0.0, 0.0, 1.0, 1.0, 0.0, 1.0, 1.0, 0.0, 1.0, 1.0, 1.0, 1.0, 1.0, 1.0, 1.0, 1.0, 1.0, 1.0, 1.0]
稀疏向量: [0.04369368 0.01801802 0.07792792 0.07319821 0.         0.12049551
 0.         0.         0.         0.         0.01801802 0.
 0.         0.06373873 0.06171174 0.         0.04031531 0.08153152
 0.         0.06621624 0.06238739 0.08941437 0.00427926 0.03220713
 0.02657654 0.04076583 0.01644142 0.02297292 0.02162157 0.01846845]
更新后概率: [0.03333333 0.03333333 0.03333333 0.03333333 0.03333333 0.03333333
 0.03333333 0.03333333 0.03333333 0.03333333 0.03333333 0.03333333
 0.03333333 0.03333333 0.03333333 0.03333333 0.03333333 0.03333333
 0.03333333 0.03333333 0.03333333 0.03333333 0.03333333 0.03333333
 0.03333333 0.03333333 0.03333333 0.03333333 0.03333333 0.03333333]
Classification: 1.0 0.9270444519850696 9
(194, 6)
(80, 6)
(346, 6)
(325, 6)
(369, 6)
(535, 6)
(71, 6)
(537, 6)
(110, 6)
(31, 6)
(80, 6)
(27, 6)
(19, 6)
(283, 6)
(274, 6)
(157, 6)
(179, 6)
(362, 6)
(142, 6)
(294, 6)
(277, 6)
(397, 6)
(19, 6)
(143, 6)
(118, 6)
(181, 6)
(73, 6)
(102, 6)
(96, 6)
(82, 6)
[0.08004083 0.09007153 0.10532075 0.14065901 0.08124991 0.16333778
 0.10637044 0.13328705 0.0837281  0.12602347 0.08713163 0.0976044
 0.06368662 0.09001697 0.07461873 0.08699351 0.13813506 0.10481202
 0.06410011 0.10314457 0.13070418 0.08450527 0.03095969 0.06047277
 0.08841871 0.11414255 0.0952141  0.1395154  0.08791835 0.14781649]
本轮采样概率阵: [0.03333333 0.03333333 0.03333333 0.03333333 0.03333333 0.03333333
 0.03333333 0.03333333 0.03333333 0.03333333 0.03333333 0.03333333
 0.03333333 0.03333333 0.03333333 0.03333333 0.03333333 0.03333333
 0.03333333 0.03333333 0.03333333 0.03333333 0.03333333 0.03333333
 0.03333333 0.03333333 0.03333333 0.03333333 0.03333333 0.03333333]
客户端选择掩码: [1.0, 1.0, 0.0, 0.0, 0.0, 1.0, 1.0, 1.0, 1.0, 0.0, 0.0, 1.0, 1.0, 0.0, 1.0, 1.0, 1.0, 0.0, 1.0, 1.0, 1.0, 0.0, 1.0, 0.0, 1.0, 1.0, 1.0, 1.0, 1.0, 1.0]
稀疏向量: [0.05438739 0.02242781 0.         0.         0.         0.14998592
 0.01990469 0.15054667 0.03083821 0.         0.         0.00756939
 0.0053266  0.         0.07681528 0.04401457 0.05018215 0.
 0.03980938 0.08242218 0.07765631 0.         0.00532657 0.
 0.03308099 0.05074292 0.02046536 0.0285954  0.02691335 0.02298851]
更新后概率: [0.03333333 0.03333333 0.03333333 0.03333333 0.03333333 0.03333333
 0.03333333 0.03333333 0.03333333 0.03333333 0.03333333 0.03333333
 0.03333333 0.03333333 0.03333333 0.03333333 0.03333333 0.03333333
 0.03333333 0.03333333 0.03333333 0.03333333 0.03333333 0.03333333
 0.03333333 0.03333333 0.03333333 0.03333333 0.03333333 0.03333333]
Classification: 1.0 0.9199185612487275 10
(194, 6)
(80, 6)
(346, 6)
(325, 6)
(369, 6)
(535, 6)
(71, 6)
(537, 6)
(110, 6)
(31, 6)
(80, 6)
(27, 6)
(19, 6)
(283, 6)
(274, 6)
(157, 6)
(179, 6)
(362, 6)
(142, 6)
(294, 6)
(277, 6)
(397, 6)
(19, 6)
(143, 6)
(118, 6)
(181, 6)
(73, 6)
(102, 6)
(96, 6)
(82, 6)
[0.06921815 0.09586544 0.10522704 0.14007739 0.08044653 0.15361033
 0.09435534 0.13103448 0.08676877 0.11600516 0.06884296 0.10917586
 0.06558413 0.11403549 0.06931369 0.08740109 0.14359028 0.10636641
 0.06239814 0.10294451 0.14096151 0.08366563 0.02899682 0.06155146
 0.10367382 0.11944624 0.07614326 0.13359687 0.09430615 0.15539709]
本轮采样概率阵: [0.03333333 0.03333333 0.03333333 0.03333333 0.03333333 0.03333333
 0.03333333 0.03333333 0.03333333 0.03333333 0.03333333 0.03333333
 0.03333333 0.03333333 0.03333333 0.03333333 0.03333333 0.03333333
 0.03333333 0.03333333 0.03333333 0.03333333 0.03333333 0.03333333
 0.03333333 0.03333333 0.03333333 0.03333333 0.03333333 0.03333333]
客户端选择掩码: [1.0, 1.0, 1.0, 0.0, 0.0, 0.0, 0.0, 0.0, 1.0, 1.0, 1.0, 1.0, 1.0, 0.0, 1.0, 0.0, 1.0, 1.0, 1.0, 1.0, 0.0, 1.0, 1.0, 1.0, 0.0, 1.0, 1.0, 1.0, 1.0, 1.0]
稀疏向量: [0.06004332 0.02476013 0.10708765 0.         0.         0.
 0.         0.         0.03404519 0.00959456 0.02476014 0.00835656
 0.00588054 0.         0.08480348 0.         0.05540083 0.1120397
 0.04394927 0.09099352 0.         0.12287222 0.00588051 0.04425868
 0.         0.05601978 0.0225936  0.03156916 0.02971216 0.02537915]
更新后概率: [0.03333333 0.03333333 0.03333333 0.03333333 0.03333333 0.03333333
 0.03333333 0.03333333 0.03333333 0.03333333 0.03333333 0.03333333
 0.03333333 0.03333333 0.03333333 0.03333333 0.03333333 0.03333333
 0.03333333 0.03333333 0.03333333 0.03333333 0.03333333 0.03333333
 0.03333333 0.03333333 0.03333333 0.03333333 0.03333333 0.03333333]
Classification: 0.9988097262370346 0.9202578893790295 11
(194, 6)
(80, 6)
(346, 6)
(325, 6)
(369, 6)
(535, 6)
(71, 6)
(537, 6)
(110, 6)
(31, 6)
(80, 6)
(27, 6)
(19, 6)
(283, 6)
(274, 6)
(157, 6)
(179, 6)
(362, 6)
(142, 6)
(294, 6)
(277, 6)
(397, 6)
(19, 6)
(143, 6)
(118, 6)
(181, 6)
(73, 6)
(102, 6)
(96, 6)
(82, 6)
[0.07570893 0.09933671 0.11231516 0.12500485 0.0970841  0.1638058
 0.11833377 0.11843938 0.08344854 0.11732497 0.0736433  0.10212815
 0.05543831 0.09226233 0.06901269 0.09008416 0.1366333  0.09859485
 0.06638117 0.10133015 0.1378386  0.08221659 0.04040614 0.06951115
 0.09021059 0.12695344 0.07856975 0.1222518  0.10058072 0.15515062]
本轮采样概率阵: [0.03333333 0.03333333 0.03333333 0.03333333 0.03333333 0.03333333
 0.03333333 0.03333333 0.03333333 0.03333333 0.03333333 0.03333333
 0.03333333 0.03333333 0.03333333 0.03333333 0.03333333 0.03333333
 0.03333333 0.03333333 0.03333333 0.03333333 0.03333333 0.03333333
 0.03333333 0.03333333 0.03333333 0.03333333 0.03333333 0.03333333]
客户端选择掩码: [1.0, 0.0, 0.0, 1.0, 1.0, 0.0, 1.0, 1.0, 1.0, 0.0, 0.0, 1.0, 1.0, 1.0, 1.0, 0.0, 1.0, 1.0, 1.0, 0.0, 1.0, 1.0, 0.0, 1.0, 1.0, 1.0, 1.0, 0.0, 1.0, 1.0]
稀疏向量: [0.04555059 0.         0.         0.07630896 0.08664004 0.
 0.01667056 0.12608589 0.02582766 0.         0.         0.00633951
 0.00446113 0.06644753 0.06433435 0.         0.04202864 0.08499648
 0.03334116 0.         0.06503876 0.09321437 0.         0.03357594
 0.02770604 0.04249821 0.01714016 0.         0.02254048 0.01925337]
更新后概率: [0.03333333 0.03333333 0.03333333 0.03333333 0.03333333 0.03333333
 0.03333333 0.03333333 0.03333333 0.03333333 0.03333333 0.03333333
 0.03333333 0.03333333 0.03333333 0.03333333 0.03333333 0.03333333
 0.03333333 0.03333333 0.03333333 0.03333333 0.03333333 0.03333333
 0.03333333 0.03333333 0.03333333 0.03333333 0.03333333 0.03333333]
Classification: 0.9972793742560789 0.9202578893790295 12
(194, 6)
(80, 6)
(346, 6)
(325, 6)
(369, 6)
(535, 6)
(71, 6)
(537, 6)
(110, 6)
(31, 6)
(80, 6)
(27, 6)
(19, 6)
(283, 6)
(274, 6)
(157, 6)
(179, 6)
(362, 6)
(142, 6)
(294, 6)
(277, 6)
(397, 6)
(19, 6)
(143, 6)
(118, 6)
(181, 6)
(73, 6)
(102, 6)
(96, 6)
(82, 6)
[0.07454092 0.09914942 0.11944711 0.13672172 0.0927827  0.16549913
 0.10409471 0.12056717 0.08363453 0.12567483 0.05260194 0.10235737
 0.05515523 0.09566751 0.08458243 0.10947141 0.13007127 0.10363067
 0.07233919 0.104899   0.12814888 0.09033545 0.03937677 0.05904259
 0.09413755 0.11081452 0.07722312 0.12447848 0.10445354 0.13910084]
本轮采样概率阵: [0.03333333 0.03333333 0.03333333 0.03333333 0.03333333 0.03333333
 0.03333333 0.03333333 0.03333333 0.03333333 0.03333333 0.03333333
 0.03333333 0.03333333 0.03333333 0.03333333 0.03333333 0.03333333
 0.03333333 0.03333333 0.03333333 0.03333333 0.03333333 0.03333333
 0.03333333 0.03333333 0.03333333 0.03333333 0.03333333 0.03333333]
客户端选择掩码: [0.0, 1.0, 0.0, 0.0, 0.0, 0.0, 1.0, 1.0, 0.0, 1.0, 1.0, 0.0, 1.0, 1.0, 1.0, 1.0, 1.0, 1.0, 1.0, 1.0, 1.0, 0.0, 1.0, 1.0, 1.0, 0.0, 1.0, 1.0, 1.0, 1.0]
稀疏向量: [0.         0.02339866 0.         0.         0.         0.
 0.02076631 0.15706347 0.         0.00906698 0.02339864 0.
 0.00555716 0.08277274 0.08014038 0.04591986 0.05235445 0.1058789
 0.04153258 0.08599006 0.08101789 0.         0.00555721 0.0418251
 0.03451304 0.         0.02135123 0.02983327 0.02807839 0.02398359]
更新后概率: [0.03333333 0.03333333 0.03333333 0.03333333 0.03333333 0.03333333
 0.03333333 0.03333333 0.03333333 0.03333333 0.03333333 0.03333333
 0.03333333 0.03333333 0.03333333 0.03333333 0.03333333 0.03333333
 0.03333333 0.03333333 0.03333333 0.03333333 0.03333333 0.03333333
 0.03333333 0.03333333 0.03333333 0.03333333 0.03333333 0.03333333]
Classification: 0.9977894915830641 0.9284017645062775 13
(194, 6)
(80, 6)
(346, 6)
(325, 6)
(369, 6)
(535, 6)
(71, 6)
(537, 6)
(110, 6)
(31, 6)
(80, 6)
(27, 6)
(19, 6)
(283, 6)
(274, 6)
(157, 6)
(179, 6)
(362, 6)
(142, 6)
(294, 6)
(277, 6)
(397, 6)
(19, 6)
(143, 6)
(118, 6)
(181, 6)
(73, 6)
(102, 6)
(96, 6)
(82, 6)
[0.08858671 0.10273266 0.12437266 0.14168378 0.08074164 0.1632909
 0.10044431 0.12221794 0.09706007 0.11348321 0.05387996 0.11355686
 0.04720073 0.09759494 0.07417548 0.09561662 0.12705014 0.103118
 0.07488008 0.09928524 0.13329007 0.09010975 0.03854328 0.07231163
 0.09165686 0.1121621  0.07843689 0.11604554 0.10719662 0.13927534]
本轮采样概率阵: [0.03333333 0.03333333 0.03333333 0.03333333 0.03333333 0.03333333
 0.03333333 0.03333333 0.03333333 0.03333333 0.03333333 0.03333333
 0.03333333 0.03333333 0.03333333 0.03333333 0.03333333 0.03333333
 0.03333333 0.03333333 0.03333333 0.03333333 0.03333333 0.03333333
 0.03333333 0.03333333 0.03333333 0.03333333 0.03333333 0.03333333]
客户端选择掩码: [0.0, 1.0, 1.0, 1.0, 1.0, 1.0, 1.0, 1.0, 1.0, 0.0, 0.0, 0.0, 1.0, 1.0, 1.0, 0.0, 0.0, 1.0, 1.0, 1.0, 1.0, 1.0, 0.0, 1.0, 1.0, 0.0, 1.0, 0.0, 1.0, 1.0]
稀疏向量: [0.         0.01621732 0.07013988 0.06588285 0.07480234 0.10845324
 0.01439287 0.10885872 0.0222988  0.         0.         0.
 0.0038516  0.05736874 0.0555443  0.         0.         0.07338335
 0.02878571 0.05959867 0.05615247 0.08047836 0.         0.0289884
 0.02392055 0.         0.01479827 0.         0.0194608  0.0166227 ]
更新后概率: [0.03333333 0.03333333 0.03333333 0.03333333 0.03333333 0.03333333
 0.03333333 0.03333333 0.03333333 0.03333333 0.03333333 0.03333333
 0.03333333 0.03333333 0.03333333 0.03333333 0.03333333 0.03333333
 0.03333333 0.03333333 0.03333333 0.03333333 0.03333333 0.03333333
 0.03333333 0.03333333 0.03333333 0.03333333 0.03333333 0.03333333]
Classification: 0.9969392960380887 0.9334916864608076 14
(194, 6)
(80, 6)
(346, 6)
(325, 6)
(369, 6)
(535, 6)
(71, 6)
(537, 6)
(110, 6)
(31, 6)
(80, 6)
(27, 6)
(19, 6)
(283, 6)
(274, 6)
(157, 6)
(179, 6)
(362, 6)
(142, 6)
(294, 6)
(277, 6)
(397, 6)
(19, 6)
(143, 6)
(118, 6)
(181, 6)
(73, 6)
(102, 6)
(96, 6)
(82, 6)
[0.08680018 0.09096283 0.11410596 0.13826358 0.08977007 0.16285281
 0.10269382 0.12756888 0.0910257  0.10993475 0.05407661 0.10160689
 0.05817427 0.10065359 0.0806842  0.08658846 0.13561046 0.10936802
 0.07809167 0.09492759 0.14455731 0.08698249 0.04594795 0.07737762
 0.09600353 0.12056068 0.07556897 0.10897122 0.09945835 0.13081153]
本轮采样概率阵: [0.03333333 0.03333333 0.03333333 0.03333333 0.03333333 0.03333333
 0.03333333 0.03333333 0.03333333 0.03333333 0.03333333 0.03333333
 0.03333333 0.03333333 0.03333333 0.03333333 0.03333333 0.03333333
 0.03333333 0.03333333 0.03333333 0.03333333 0.03333333 0.03333333
 0.03333333 0.03333333 0.03333333 0.03333333 0.03333333 0.03333333]
客户端选择掩码: [1.0, 1.0, 0.0, 1.0, 0.0, 1.0, 1.0, 0.0, 1.0, 1.0, 0.0, 1.0, 1.0, 0.0, 1.0, 1.0, 1.0, 0.0, 1.0, 1.0, 0.0, 1.0, 0.0, 1.0, 1.0, 1.0, 1.0, 0.0, 1.0, 1.0]
稀疏向量: [0.05498869 0.02267574 0.         0.09212016 0.         0.15164398
 0.02012471 0.         0.03117913 0.00878686 0.         0.00765305
 0.00538546 0.         0.07766438 0.04450116 0.05073693 0.
 0.04024941 0.08333329 0.         0.11252831 0.         0.04053286
 0.03344672 0.05130384 0.02069157 0.         0.02721083 0.02324265]
更新后概率: [0.03333333 0.03333333 0.03333333 0.03333333 0.03333333 0.03333333
 0.03333333 0.03333333 0.03333333 0.03333333 0.03333333 0.03333333
 0.03333333 0.03333333 0.03333333 0.03333333 0.03333333 0.03333333
 0.03333333 0.03333333 0.03333333 0.03333333 0.03333333 0.03333333
 0.03333333 0.03333333 0.03333333 0.03333333 0.03333333 0.03333333]
Classification: 1.0 0.9243298269426535 15
(194, 6)
(80, 6)
(346, 6)
(325, 6)
(369, 6)
(535, 6)
(71, 6)
(537, 6)
(110, 6)
(31, 6)
(80, 6)
(27, 6)
(19, 6)
(283, 6)
(274, 6)
(157, 6)
(179, 6)
(362, 6)
(142, 6)
(294, 6)
(277, 6)
(397, 6)
(19, 6)
(143, 6)
(118, 6)
(181, 6)
(73, 6)
(102, 6)
(96, 6)
(82, 6)
[0.07450467 0.08794829 0.13440931 0.14149325 0.07567959 0.16507848
 0.10085771 0.12161752 0.08918278 0.11421356 0.05793248 0.10263264
 0.07078665 0.10050392 0.08892348 0.08321298 0.12537625 0.09902495
 0.06599407 0.09307424 0.1442592  0.08977801 0.04677932 0.08620505
 0.08773183 0.11014303 0.07703895 0.11110255 0.10276141 0.15175382]
本轮采样概率阵: [0.03333333 0.03333333 0.03333333 0.03333333 0.03333333 0.03333333
 0.03333333 0.03333333 0.03333333 0.03333333 0.03333333 0.03333333
 0.03333333 0.03333333 0.03333333 0.03333333 0.03333333 0.03333333
 0.03333333 0.03333333 0.03333333 0.03333333 0.03333333 0.03333333
 0.03333333 0.03333333 0.03333333 0.03333333 0.03333333 0.03333333]
客户端选择掩码: [1.0, 1.0, 1.0, 1.0, 0.0, 1.0, 1.0, 1.0, 1.0, 0.0, 0.0, 1.0, 0.0, 1.0, 0.0, 1.0, 0.0, 1.0, 0.0, 1.0, 1.0, 0.0, 1.0, 1.0, 1.0, 1.0, 1.0, 1.0, 1.0, 0.0]
稀疏向量: [0.04480369 0.01847574 0.0799076  0.07505776 0.         0.1235566
 0.01639722 0.12401844 0.02540413 0.         0.         0.00623557
 0.         0.06535796 0.         0.03625865 0.         0.08360277
 0.         0.0678984  0.06397223 0.         0.004388   0.0330254
 0.02725172 0.04180137 0.01685905 0.02355661 0.02217088 0.        ]
更新后概率: [0.03333333 0.03333333 0.03333333 0.03333333 0.03333333 0.03333333
 0.03333333 0.03333333 0.03333333 0.03333333 0.03333333 0.03333333
 0.03333333 0.03333333 0.03333333 0.03333333 0.03333333 0.03333333
 0.03333333 0.03333333 0.03333333 0.03333333 0.03333333 0.03333333
 0.03333333 0.03333333 0.03333333 0.03333333 0.03333333 0.03333333]
Classification: 1.0 0.9219545300305395 16
(194, 6)
(80, 6)
(346, 6)
(325, 6)
(369, 6)
(535, 6)
(71, 6)
(537, 6)
(110, 6)
(31, 6)
(80, 6)
(27, 6)
(19, 6)
(283, 6)
(274, 6)
(157, 6)
(179, 6)
(362, 6)
(142, 6)
(294, 6)
(277, 6)
(397, 6)
(19, 6)
(143, 6)
(118, 6)
(181, 6)
(73, 6)
(102, 6)
(96, 6)
(82, 6)
[0.06743435 0.08677951 0.12693201 0.14125072 0.07961822 0.16163764
 0.10560881 0.1349035  0.08639052 0.11144216 0.05908027 0.08973397
 0.06199132 0.0944696  0.0765436  0.08842835 0.13752137 0.08982626
 0.08418008 0.09974273 0.14161706 0.09112752 0.05835943 0.08577327
 0.09151545 0.1262485  0.07559478 0.12511665 0.08691048 0.1342219 ]
本轮采样概率阵: [0.03333333 0.03333333 0.03333333 0.03333333 0.03333333 0.03333333
 0.03333333 0.03333333 0.03333333 0.03333333 0.03333333 0.03333333
 0.03333333 0.03333333 0.03333333 0.03333333 0.03333333 0.03333333
 0.03333333 0.03333333 0.03333333 0.03333333 0.03333333 0.03333333
 0.03333333 0.03333333 0.03333333 0.03333333 0.03333333 0.03333333]
客户端选择掩码: [1.0, 0.0, 1.0, 1.0, 0.0, 1.0, 1.0, 1.0, 1.0, 1.0, 1.0, 1.0, 1.0, 1.0, 0.0, 1.0, 0.0, 1.0, 0.0, 1.0, 0.0, 1.0, 1.0, 1.0, 0.0, 0.0, 1.0, 0.0, 1.0, 1.0]
稀疏向量: [0.04640039 0.         0.0827553  0.07773259 0.         0.12795979
 0.01698157 0.12843813 0.0263095  0.0074145  0.01913418 0.00645778
 0.00454435 0.06768713 0.         0.03755081 0.         0.08658215
 0.         0.0703181  0.         0.09495334 0.00454436 0.03420234
 0.         0.         0.01745995 0.         0.02296102 0.01961254]
更新后概率: [0.03333333 0.03333333 0.03333333 0.03333333 0.03333333 0.03333333
 0.03333333 0.03333333 0.03333333 0.03333333 0.03333333 0.03333333
 0.03333333 0.03333333 0.03333333 0.03333333 0.03333333 0.03333333
 0.03333333 0.03333333 0.03333333 0.03333333 0.03333333 0.03333333
 0.03333333 0.03333333 0.03333333 0.03333333 0.03333333 0.03333333]
Classification: 0.9982996089100493 0.9270444519850696 17
(194, 6)
(80, 6)
(346, 6)
(325, 6)
(369, 6)
(535, 6)
(71, 6)
(537, 6)
(110, 6)
(31, 6)
(80, 6)
(27, 6)
(19, 6)
(283, 6)
(274, 6)
(157, 6)
(179, 6)
(362, 6)
(142, 6)
(294, 6)
(277, 6)
(397, 6)
(19, 6)
(143, 6)
(118, 6)
(181, 6)
(73, 6)
(102, 6)
(96, 6)
(82, 6)
[0.07139125 0.08479936 0.12522838 0.13506003 0.08120105 0.16134687
 0.0987312  0.13809981 0.07380588 0.10400424 0.0659198  0.08941887
 0.05519567 0.09718874 0.08115257 0.10000404 0.12208535 0.09328313
 0.08514941 0.09796633 0.14107491 0.10132577 0.05545565 0.07891638
 0.08820017 0.12301    0.07415086 0.12724125 0.09562052 0.15397249]
本轮采样概率阵: [0.03333333 0.03333333 0.03333333 0.03333333 0.03333333 0.03333333
 0.03333333 0.03333333 0.03333333 0.03333333 0.03333333 0.03333333
 0.03333333 0.03333333 0.03333333 0.03333333 0.03333333 0.03333333
 0.03333333 0.03333333 0.03333333 0.03333333 0.03333333 0.03333333
 0.03333333 0.03333333 0.03333333 0.03333333 0.03333333 0.03333333]
客户端选择掩码: [1.0, 1.0, 0.0, 0.0, 0.0, 1.0, 1.0, 0.0, 1.0, 1.0, 0.0, 0.0, 1.0, 1.0, 1.0, 1.0, 1.0, 1.0, 1.0, 1.0, 1.0, 0.0, 1.0, 1.0, 1.0, 0.0, 1.0, 1.0, 0.0, 1.0]
稀疏向量: [0.05472496 0.02256699 0.         0.         0.         0.15091676
 0.02002821 0.         0.03102962 0.00874472 0.         0.
 0.00535966 0.07983074 0.07729195 0.0442877  0.05049358 0.10211573
 0.04005636 0.08293369 0.07813828 0.         0.00535967 0.04033852
 0.03328632 0.         0.02059234 0.02877295 0.         0.02313113]
更新后概率: [0.03333333 0.03333333 0.03333333 0.03333333 0.03333333 0.03333333
 0.03333333 0.03333333 0.03333333 0.03333333 0.03333333 0.03333333
 0.03333333 0.03333333 0.03333333 0.03333333 0.03333333 0.03333333
 0.03333333 0.03333333 0.03333333 0.03333333 0.03333333 0.03333333
 0.03333333 0.03333333 0.03333333 0.03333333 0.03333333 0.03333333]
Classification: 0.9984696480190444 0.9273837801153716 18
(194, 6)
(80, 6)
(346, 6)
(325, 6)
(369, 6)
(535, 6)
(71, 6)
(537, 6)
(110, 6)
(31, 6)
(80, 6)
(27, 6)
(19, 6)
(283, 6)
(274, 6)
(157, 6)
(179, 6)
(362, 6)
(142, 6)
(294, 6)
(277, 6)
(397, 6)
(19, 6)
(143, 6)
(118, 6)
(181, 6)
(73, 6)
(102, 6)
(96, 6)
(82, 6)
[0.07561882 0.0898258  0.1334758  0.14104501 0.08557153 0.16295762
 0.11843556 0.13300056 0.07119512 0.10694832 0.05245288 0.08748298
 0.06151525 0.09670492 0.07535254 0.0908534  0.12696012 0.0980383
 0.08070966 0.10158308 0.13754886 0.09350338 0.06585485 0.07907295
 0.0874264  0.12910762 0.07046212 0.12044916 0.09625128 0.13059611]
本轮采样概率阵: [0.03333333 0.03333333 0.03333333 0.03333333 0.03333333 0.03333333
 0.03333333 0.03333333 0.03333333 0.03333333 0.03333333 0.03333333
 0.03333333 0.03333333 0.03333333 0.03333333 0.03333333 0.03333333
 0.03333333 0.03333333 0.03333333 0.03333333 0.03333333 0.03333333
 0.03333333 0.03333333 0.03333333 0.03333333 0.03333333 0.03333333]
客户端选择掩码: [1.0, 1.0, 1.0, 0.0, 1.0, 1.0, 1.0, 0.0, 1.0, 1.0, 0.0, 1.0, 0.0, 1.0, 0.0, 1.0, 0.0, 1.0, 1.0, 1.0, 1.0, 1.0, 1.0, 1.0, 0.0, 1.0, 0.0, 0.0, 1.0, 1.0]
稀疏向量: [0.04623454 0.01906578 0.08245949 0.         0.08794089 0.12750235
 0.01692087 0.         0.02621544 0.00738799 0.         0.0064347
 0.         0.0674452  0.         0.03741656 0.         0.08627268
 0.03384175 0.07006669 0.06601524 0.09461386 0.00452811 0.03408007
 0.         0.04313636 0.         0.         0.0228789  0.01954242]
更新后概率: [0.03333333 0.03333333 0.03333333 0.03333333 0.03333333 0.03333333
 0.03333333 0.03333333 0.03333333 0.03333333 0.03333333 0.03333333
 0.03333333 0.03333333 0.03333333 0.03333333 0.03333333 0.03333333
 0.03333333 0.03333333 0.03333333 0.03333333 0.03333333 0.03333333
 0.03333333 0.03333333 0.03333333 0.03333333 0.03333333 0.03333333]
Classification: 1.0 0.9236511706820495 19
(194, 6)
(80, 6)
(346, 6)
(325, 6)
(369, 6)
(535, 6)
(71, 6)
(537, 6)
(110, 6)
(31, 6)
(80, 6)
(27, 6)
(19, 6)
(283, 6)
(274, 6)
(157, 6)
(179, 6)
(362, 6)
(142, 6)
(294, 6)
(277, 6)
(397, 6)
(19, 6)
(143, 6)
(118, 6)
(181, 6)
(73, 6)
(102, 6)
(96, 6)
(82, 6)
[0.07510806 0.08646899 0.12975829 0.142035   0.08742178 0.16470694
 0.10167204 0.12220898 0.074613   0.09856784 0.05752314 0.08800506
 0.05682482 0.09452962 0.07193826 0.08978934 0.12006482 0.10149939
 0.09040622 0.10036605 0.14639002 0.09863604 0.06143112 0.09112575
 0.09457765 0.12332131 0.07347281 0.13015365 0.08148865 0.14589536]
本轮采样概率阵: [0.03333333 0.03333333 0.03333333 0.03333333 0.03333333 0.03333333
 0.03333333 0.03333333 0.03333333 0.03333333 0.03333333 0.03333333
 0.03333333 0.03333333 0.03333333 0.03333333 0.03333333 0.03333333
 0.03333333 0.03333333 0.03333333 0.03333333 0.03333333 0.03333333
 0.03333333 0.03333333 0.03333333 0.03333333 0.03333333 0.03333333]
客户端选择掩码: [1.0, 1.0, 1.0, 1.0, 1.0, 1.0, 0.0, 0.0, 0.0, 1.0, 1.0, 1.0, 0.0, 1.0, 1.0, 1.0, 0.0, 1.0, 1.0, 0.0, 1.0, 0.0, 1.0, 1.0, 1.0, 1.0, 1.0, 0.0, 1.0, 0.0]
稀疏向量: [0.04717896 0.01945526 0.08414397 0.07903697 0.08973736 0.13010705
 0.         0.         0.         0.00753891 0.01945523 0.00656614
 0.         0.06882297 0.06663425 0.03818096 0.         0.08803499
 0.0345331  0.         0.0673638  0.         0.0046206  0.0347762
 0.02869652 0.04401751 0.01775288 0.         0.02334629 0.        ]
更新后概率: [0.03333333 0.03333333 0.03333333 0.03333333 0.03333333 0.03333333
 0.03333333 0.03333333 0.03333333 0.03333333 0.03333333 0.03333333
 0.03333333 0.03333333 0.03333333 0.03333333 0.03333333 0.03333333
 0.03333333 0.03333333 0.03333333 0.03333333 0.03333333 0.03333333
 0.03333333 0.03333333 0.03333333 0.03333333 0.03333333 0.03333333]
Classification: 0.9986396871280394 0.9250084832032576 20
(194, 6)
(80, 6)
(346, 6)
(325, 6)
(369, 6)
(535, 6)
(71, 6)
(537, 6)
(110, 6)
(31, 6)
(80, 6)
(27, 6)
(19, 6)
(283, 6)
(274, 6)
(157, 6)
(179, 6)
(362, 6)
(142, 6)
(294, 6)
(277, 6)
(397, 6)
(19, 6)
(143, 6)
(118, 6)
(181, 6)
(73, 6)
(102, 6)
(96, 6)
(82, 6)
[0.07187665 0.08955461 0.12937101 0.1388116  0.084432   0.16234996
 0.10199336 0.12598486 0.07710013 0.10419864 0.06481542 0.08561567
 0.05800166 0.0956039  0.06849018 0.09879909 0.11426141 0.09772619
 0.09372611 0.10543179 0.14269226 0.09934291 0.06413013 0.08603986
 0.08799462 0.12823751 0.07332868 0.12119301 0.08621308 0.14268372]
本轮采样概率阵: [0.03333333 0.03333333 0.03333333 0.03333333 0.03333333 0.03333333
 0.03333333 0.03333333 0.03333333 0.03333333 0.03333333 0.03333333
 0.03333333 0.03333333 0.03333333 0.03333333 0.03333333 0.03333333
 0.03333333 0.03333333 0.03333333 0.03333333 0.03333333 0.03333333
 0.03333333 0.03333333 0.03333333 0.03333333 0.03333333 0.03333333]
客户端选择掩码: [1.0, 1.0, 0.0, 1.0, 1.0, 1.0, 0.0, 1.0, 1.0, 1.0, 1.0, 0.0, 1.0, 1.0, 1.0, 1.0, 1.0, 1.0, 0.0, 0.0, 0.0, 0.0, 1.0, 1.0, 1.0, 1.0, 0.0, 1.0, 1.0, 0.0]
稀疏向量: [0.04625655 0.01907488 0.         0.07749165 0.08798286 0.1275632
 0.         0.12804005 0.02622796 0.00739152 0.01907487 0.
 0.00453028 0.06747735 0.06533138 0.03743443 0.04267999 0.08631375
 0.         0.         0.         0.         0.00453031 0.03409632
 0.02813542 0.04315688 0.         0.02432046 0.02288983 0.        ]
更新后概率: [0.03333333 0.03333333 0.03333333 0.03333333 0.03333333 0.03333333
 0.03333333 0.03333333 0.03333333 0.03333333 0.03333333 0.03333333
 0.03333333 0.03333333 0.03333333 0.03333333 0.03333333 0.03333333
 0.03333333 0.03333333 0.03333333 0.03333333 0.03333333 0.03333333
 0.03333333 0.03333333 0.03333333 0.03333333 0.03333333 0.03333333]
Classification: 0.997619452474069 0.9205972175093315 21
(194, 6)
(80, 6)
(346, 6)
(325, 6)
(369, 6)
(535, 6)
(71, 6)
(537, 6)
(110, 6)
(31, 6)
(80, 6)
(27, 6)
(19, 6)
(283, 6)
(274, 6)
(157, 6)
(179, 6)
(362, 6)
(142, 6)
(294, 6)
(277, 6)
(397, 6)
(19, 6)
(143, 6)
(118, 6)
(181, 6)
(73, 6)
(102, 6)
(96, 6)
(82, 6)
[0.07283762 0.08862413 0.13451048 0.14033207 0.07825655 0.15222955
 0.10552714 0.13114283 0.08417232 0.10940825 0.06882076 0.07543595
 0.06234658 0.08993344 0.06861164 0.09558755 0.1327693  0.08888433
 0.09636947 0.10604952 0.14999678 0.09834844 0.04552407 0.07527102
 0.09207957 0.1218348  0.07783095 0.12795001 0.09317449 0.13614042]
本轮采样概率阵: [0.03333333 0.03333333 0.03333333 0.03333333 0.03333333 0.03333333
 0.03333333 0.03333333 0.03333333 0.03333333 0.03333333 0.03333333
 0.03333333 0.03333333 0.03333333 0.03333333 0.03333333 0.03333333
 0.03333333 0.03333333 0.03333333 0.03333333 0.03333333 0.03333333
 0.03333333 0.03333333 0.03333333 0.03333333 0.03333333 0.03333333]
客户端选择掩码: [1.0, 1.0, 1.0, 0.0, 0.0, 1.0, 1.0, 1.0, 0.0, 0.0, 1.0, 1.0, 1.0, 1.0, 0.0, 0.0, 1.0, 1.0, 0.0, 1.0, 1.0, 1.0, 1.0, 1.0, 1.0, 1.0, 1.0, 1.0, 0.0, 0.0]
稀疏向量: [0.04493861 0.0185314  0.08014826 0.         0.         0.12392858
 0.01644662 0.12439191 0.         0.         0.01853139 0.00625434
 0.00440119 0.06555478 0.         0.         0.041464   0.08385451
 0.         0.06810287 0.06416496 0.09196194 0.00440123 0.03312486
 0.02733381 0.04192724 0.01690988 0.02362754 0.         0.        ]
更新后概率: [0.03333333 0.03333333 0.03333333 0.03333333 0.03333333 0.03333333
 0.03333333 0.03333333 0.03333333 0.03333333 0.03333333 0.03333333
 0.03333333 0.03333333 0.03333333 0.03333333 0.03333333 0.03333333
 0.03333333 0.03333333 0.03333333 0.03333333 0.03333333 0.03333333
 0.03333333 0.03333333 0.03333333 0.03333333 0.03333333 0.03333333]
Classification: 1.0 0.9324737020699015 22
(194, 6)
(80, 6)
(346, 6)
(325, 6)
(369, 6)
(535, 6)
(71, 6)
(537, 6)
(110, 6)
(31, 6)
(80, 6)
(27, 6)
(19, 6)
(283, 6)
(274, 6)
(157, 6)
(179, 6)
(362, 6)
(142, 6)
(294, 6)
(277, 6)
(397, 6)
(19, 6)
(143, 6)
(118, 6)
(181, 6)
(73, 6)
(102, 6)
(96, 6)
(82, 6)
[0.07317202 0.08395716 0.13548948 0.14971589 0.07971139 0.16616559
 0.10577737 0.13683675 0.07544543 0.10322964 0.07314139 0.07381053
 0.06403199 0.09693006 0.06985535 0.09517914 0.12417283 0.10288424
 0.09237025 0.10742816 0.15317414 0.09619754 0.05278463 0.0731338
 0.09654934 0.11184445 0.08196018 0.11644723 0.08365957 0.12494446]
本轮采样概率阵: [0.03333333 0.03333333 0.03333333 0.03333333 0.03333333 0.03333333
 0.03333333 0.03333333 0.03333333 0.03333333 0.03333333 0.03333333
 0.03333333 0.03333333 0.03333333 0.03333333 0.03333333 0.03333333
 0.03333333 0.03333333 0.03333333 0.03333333 0.03333333 0.03333333
 0.03333333 0.03333333 0.03333333 0.03333333 0.03333333 0.03333333]
客户端选择掩码: [0.0, 1.0, 1.0, 1.0, 1.0, 1.0, 1.0, 0.0, 0.0, 0.0, 0.0, 0.0, 1.0, 1.0, 0.0, 1.0, 1.0, 1.0, 1.0, 1.0, 1.0, 1.0, 1.0, 0.0, 1.0, 0.0, 1.0, 1.0, 1.0, 1.0]
稀疏向量: [0.         0.01849284 0.07998153 0.07512712 0.08529818 0.12367079
 0.01641239 0.         0.         0.         0.         0.
 0.00439202 0.06541839 0.         0.03629216 0.04137769 0.08368012
 0.03282478 0.06796118 0.06403141 0.09177065 0.00439203 0.
 0.02727687 0.         0.01687466 0.02357837 0.02219137 0.01895512]
更新后概率: [0.03333333 0.03333333 0.03333333 0.03333333 0.03333333 0.03333333
 0.03333333 0.03333333 0.03333333 0.03333333 0.03333333 0.03333333
 0.03333333 0.03333333 0.03333333 0.03333333 0.03333333 0.03333333
 0.03333333 0.03333333 0.03333333 0.03333333 0.03333333 0.03333333
 0.03333333 0.03333333 0.03333333 0.03333333 0.03333333 0.03333333]
Classification: 0.9979595306920592 0.9307770614183916 23
(194, 6)
(80, 6)
(346, 6)
(325, 6)
(369, 6)
(535, 6)
(71, 6)
(537, 6)
(110, 6)
(31, 6)
(80, 6)
(27, 6)
(19, 6)
(283, 6)
(274, 6)
(157, 6)
(179, 6)
(362, 6)
(142, 6)
(294, 6)
(277, 6)
(397, 6)
(19, 6)
(143, 6)
(118, 6)
(181, 6)
(73, 6)
(102, 6)
(96, 6)
(82, 6)
[0.06704135 0.07920871 0.14082266 0.14799695 0.0819828  0.15862892
 0.10393169 0.13116488 0.06965908 0.08979024 0.08476607 0.0729824
 0.06354108 0.11131153 0.06783419 0.08667624 0.12278584 0.11927312
 0.0933076  0.1058677  0.14982733 0.09762759 0.04439472 0.07773123
 0.09832042 0.11253909 0.07843939 0.11718977 0.08215262 0.14320479]
本轮采样概率阵: [0.03333333 0.03333333 0.03333333 0.03333333 0.03333333 0.03333333
 0.03333333 0.03333333 0.03333333 0.03333333 0.03333333 0.03333333
 0.03333333 0.03333333 0.03333333 0.03333333 0.03333333 0.03333333
 0.03333333 0.03333333 0.03333333 0.03333333 0.03333333 0.03333333
 0.03333333 0.03333333 0.03333333 0.03333333 0.03333333 0.03333333]
客户端选择掩码: [1.0, 1.0, 1.0, 1.0, 1.0, 1.0, 1.0, 0.0, 1.0, 1.0, 1.0, 0.0, 1.0, 0.0, 0.0, 0.0, 0.0, 1.0, 1.0, 0.0, 1.0, 1.0, 1.0, 1.0, 1.0, 1.0, 1.0, 0.0, 0.0, 1.0]
稀疏向量: [0.04906422 0.02023268 0.08750632 0.08219524 0.09332323 0.13530602
 0.01795651 0.         0.02781993 0.00784016 0.02023268 0.
 0.00480525 0.         0.         0.         0.         0.09155285
 0.03591301 0.         0.07005564 0.10040465 0.00480523 0.03616584
 0.02984319 0.04577647 0.01846232 0.         0.         0.02073848]
更新后概率: [0.03333333 0.03333333 0.03333333 0.03333333 0.03333333 0.03333333
 0.03333333 0.03333333 0.03333333 0.03333333 0.03333333 0.03333333
 0.03333333 0.03333333 0.03333333 0.03333333 0.03333333 0.03333333
 0.03333333 0.03333333 0.03333333 0.03333333 0.03333333 0.03333333
 0.03333333 0.03333333 0.03333333 0.03333333 0.03333333 0.03333333]
Classification: 0.9989797653460296 0.9236511706820495 24
(194, 6)
(80, 6)
(346, 6)
(325, 6)
(369, 6)
(535, 6)
(71, 6)
(537, 6)
(110, 6)
(31, 6)
(80, 6)
(27, 6)
(19, 6)
(283, 6)
(274, 6)
(157, 6)
(179, 6)
(362, 6)
(142, 6)
(294, 6)
(277, 6)
(397, 6)
(19, 6)
(143, 6)
(118, 6)
(181, 6)
(73, 6)
(102, 6)
(96, 6)
(82, 6)
[0.0713712  0.0829747  0.14313985 0.1518544  0.08854703 0.1559828
 0.0980661  0.12829333 0.07623908 0.09453622 0.07581195 0.06766834
 0.06077892 0.10441648 0.06886197 0.09653882 0.12334592 0.10421548
 0.09168265 0.10929204 0.15234699 0.09732554 0.05443734 0.07347007
 0.08782512 0.12285078 0.06994423 0.12229801 0.0890006  0.13688407]
本轮采样概率阵: [0.03333333 0.03333333 0.03333333 0.03333333 0.03333333 0.03333333
 0.03333333 0.03333333 0.03333333 0.03333333 0.03333333 0.03333333
 0.03333333 0.03333333 0.03333333 0.03333333 0.03333333 0.03333333
 0.03333333 0.03333333 0.03333333 0.03333333 0.03333333 0.03333333
 0.03333333 0.03333333 0.03333333 0.03333333 0.03333333 0.03333333]
客户端选择掩码: [0.0, 1.0, 1.0, 1.0, 1.0, 1.0, 1.0, 1.0, 0.0, 1.0, 1.0, 1.0, 1.0, 1.0, 0.0, 0.0, 0.0, 1.0, 1.0, 1.0, 1.0, 1.0, 0.0, 1.0, 0.0, 0.0, 0.0, 1.0, 1.0, 1.0]
稀疏向量: [0.         0.01739887 0.07525011 0.0706829  0.08025227 0.11635492
 0.01544149 0.11678991 0.         0.00674206 0.01739887 0.00587213
 0.00413222 0.06154852 0.         0.         0.         0.07872989
 0.030883   0.06394088 0.06024351 0.08634198 0.         0.03110045
 0.         0.         0.         0.02218356 0.02087861 0.01783387]
更新后概率: [0.03333333 0.03333333 0.03333333 0.03333333 0.03333333 0.03333333
 0.03333333 0.03333333 0.03333333 0.03333333 0.03333333 0.03333333
 0.03333333 0.03333333 0.03333333 0.03333333 0.03333333 0.03333333
 0.03333333 0.03333333 0.03333333 0.03333333 0.03333333 0.03333333
 0.03333333 0.03333333 0.03333333 0.03333333 0.03333333 0.03333333]
Classification: 1.0 0.9253478113335596 25
(194, 6)
(80, 6)
(346, 6)
(325, 6)
(369, 6)
(535, 6)
(71, 6)
(537, 6)
(110, 6)
(31, 6)
(80, 6)
(27, 6)
(19, 6)
(283, 6)
(274, 6)
(157, 6)
(179, 6)
(362, 6)
(142, 6)
(294, 6)
(277, 6)
(397, 6)
(19, 6)
(143, 6)
(118, 6)
(181, 6)
(73, 6)
(102, 6)
(96, 6)
(82, 6)
[0.06907247 0.08610411 0.13255947 0.14487202 0.076003   0.15531584
 0.09756382 0.13175601 0.07618988 0.0964049  0.07863932 0.06581178
 0.06493869 0.09910357 0.06824133 0.09196796 0.12883078 0.09481188
 0.09593344 0.11399143 0.15293447 0.10381711 0.04978725 0.09355401
 0.08748697 0.11479637 0.07855911 0.12196237 0.08307951 0.14591114]
本轮采样概率阵: [0.03333333 0.03333333 0.03333333 0.03333333 0.03333333 0.03333333
 0.03333333 0.03333333 0.03333333 0.03333333 0.03333333 0.03333333
 0.03333333 0.03333333 0.03333333 0.03333333 0.03333333 0.03333333
 0.03333333 0.03333333 0.03333333 0.03333333 0.03333333 0.03333333
 0.03333333 0.03333333 0.03333333 0.03333333 0.03333333 0.03333333]
客户端选择掩码: [1.0, 1.0, 1.0, 1.0, 1.0, 0.0, 1.0, 1.0, 1.0, 1.0, 1.0, 1.0, 1.0, 1.0, 0.0, 1.0, 1.0, 0.0, 0.0, 1.0, 0.0, 1.0, 1.0, 1.0, 0.0, 1.0, 0.0, 0.0, 0.0, 1.0]
稀疏向量: [0.04943933 0.02038735 0.08817532 0.08282364 0.09403669 0.
 0.01809378 0.13685016 0.02803261 0.0079001  0.02038737 0.00688074
 0.004842   0.0721203  0.         0.04001019 0.04561671 0.
 0.         0.0749235  0.         0.10117225 0.00484201 0.0364424
 0.         0.04612642 0.         0.         0.         0.02089703]
更新后概率: [0.03333333 0.03333333 0.03333333 0.03333333 0.03333333 0.03333333
 0.03333333 0.03333333 0.03333333 0.03333333 0.03333333 0.03333333
 0.03333333 0.03333333 0.03333333 0.03333333 0.03333333 0.03333333
 0.03333333 0.03333333 0.03333333 0.03333333 0.03333333 0.03333333
 0.03333333 0.03333333 0.03333333 0.03333333 0.03333333 0.03333333]
Classification: 0.9972793742560789 0.9212758737699356 26
(194, 6)
(80, 6)
(346, 6)
(325, 6)
(369, 6)
(535, 6)
(71, 6)
(537, 6)
(110, 6)
(31, 6)
(80, 6)
(27, 6)
(19, 6)
(283, 6)
(274, 6)
(157, 6)
(179, 6)
(362, 6)
(142, 6)
(294, 6)
(277, 6)
(397, 6)
(19, 6)
(143, 6)
(118, 6)
(181, 6)
(73, 6)
(102, 6)
(96, 6)
(82, 6)
[0.08114269 0.08769823 0.13100388 0.1441331  0.08710716 0.14530685
 0.09457599 0.12751492 0.0768146  0.10855121 0.08059088 0.06948874
 0.05978632 0.09282606 0.07069696 0.09611435 0.11625164 0.09538763
 0.09604656 0.11454383 0.14972476 0.10133154 0.0558764  0.08656916
 0.08520848 0.11194426 0.0730385  0.12636029 0.08316319 0.15120181]
本轮采样概率阵: [0.03333333 0.03333333 0.03333333 0.03333333 0.03333333 0.03333333
 0.03333333 0.03333333 0.03333333 0.03333333 0.03333333 0.03333333
 0.03333333 0.03333333 0.03333333 0.03333333 0.03333333 0.03333333
 0.03333333 0.03333333 0.03333333 0.03333333 0.03333333 0.03333333
 0.03333333 0.03333333 0.03333333 0.03333333 0.03333333 0.03333333]
客户端选择掩码: [1.0, 1.0, 0.0, 1.0, 1.0, 1.0, 0.0, 0.0, 0.0, 1.0, 0.0, 0.0, 1.0, 1.0, 1.0, 1.0, 0.0, 1.0, 1.0, 1.0, 0.0, 1.0, 1.0, 1.0, 1.0, 0.0, 1.0, 1.0, 1.0, 1.0]
稀疏向量: [0.04737483 0.01953604 0.         0.07936507 0.09010991 0.13064711
 0.         0.         0.         0.00757021 0.         0.
 0.00463979 0.06910867 0.06691086 0.03833941 0.         0.08840048
 0.03467649 0.07179486 0.         0.09694751 0.00463979 0.03492058
 0.02881562 0.         0.0178266  0.02490844 0.02344323 0.02002438]
更新后概率: [0.03333333 0.03333333 0.03333333 0.03333333 0.03333333 0.03333333
 0.03333333 0.03333333 0.03333333 0.03333333 0.03333333 0.03333333
 0.03333333 0.03333333 0.03333333 0.03333333 0.03333333 0.03333333
 0.03333333 0.03333333 0.03333333 0.03333333 0.03333333 0.03333333
 0.03333333 0.03333333 0.03333333 0.03333333 0.03333333 0.03333333]
Classification: 1.0 0.9355276552426196 27
(194, 6)
(80, 6)
(346, 6)
(325, 6)
(369, 6)
(535, 6)
(71, 6)
(537, 6)
(110, 6)
(31, 6)
(80, 6)
(27, 6)
(19, 6)
(283, 6)
(274, 6)
(157, 6)
(179, 6)
(362, 6)
(142, 6)
(294, 6)
(277, 6)
(397, 6)
(19, 6)
(143, 6)
(118, 6)
(181, 6)
(73, 6)
(102, 6)
(96, 6)
(82, 6)
[0.08210429 0.09569696 0.1255531  0.14435883 0.07968794 0.14693527
 0.09855681 0.1260914  0.07981028 0.09968703 0.0809939  0.07392437
 0.05886828 0.10047805 0.06551004 0.0911896  0.11037012 0.09926744
 0.10071195 0.1085707  0.14669729 0.09987559 0.05384579 0.08396584
 0.08524089 0.12020949 0.07681315 0.12766975 0.08745028 0.14986556]
本轮采样概率阵: [0.03333333 0.03333333 0.03333333 0.03333333 0.03333333 0.03333333
 0.03333333 0.03333333 0.03333333 0.03333333 0.03333333 0.03333333
 0.03333333 0.03333333 0.03333333 0.03333333 0.03333333 0.03333333
 0.03333333 0.03333333 0.03333333 0.03333333 0.03333333 0.03333333
 0.03333333 0.03333333 0.03333333 0.03333333 0.03333333 0.03333333]
客户端选择掩码: [0.0, 1.0, 1.0, 1.0, 0.0, 0.0, 1.0, 1.0, 0.0, 0.0, 1.0, 1.0, 0.0, 1.0, 1.0, 1.0, 1.0, 1.0, 1.0, 1.0, 0.0, 0.0, 1.0, 1.0, 1.0, 1.0, 1.0, 0.0, 1.0, 1.0]
稀疏向量: [0.         0.02067719 0.08942881 0.084001   0.         0.
 0.01835098 0.13879554 0.         0.         0.02067719 0.00697854
 0.         0.07314553 0.07081933 0.04057896 0.04626517 0.0935642
 0.03670198 0.0759886  0.         0.         0.00491082 0.0369604
 0.03049882 0.04678208 0.01886785 0.         0.02481258 0.0211941 ]
更新后概率: [0.03333333 0.03333333 0.03333333 0.03333333 0.03333333 0.03333333
 0.03333333 0.03333333 0.03333333 0.03333333 0.03333333 0.03333333
 0.03333333 0.03333333 0.03333333 0.03333333 0.03333333 0.03333333
 0.03333333 0.03333333 0.03333333 0.03333333 0.03333333 0.03333333
 0.03333333 0.03333333 0.03333333 0.03333333 0.03333333 0.03333333]
Classification: 1.0 0.9216152019002375 28
(194, 6)
(80, 6)
(346, 6)
(325, 6)
(369, 6)
(535, 6)
(71, 6)
(537, 6)
(110, 6)
(31, 6)
(80, 6)
(27, 6)
(19, 6)
(283, 6)
(274, 6)
(157, 6)
(179, 6)
(362, 6)
(142, 6)
(294, 6)
(277, 6)
(397, 6)
(19, 6)
(143, 6)
(118, 6)
(181, 6)
(73, 6)
(102, 6)
(96, 6)
(82, 6)
[0.0779244  0.08033004 0.1204271  0.14224901 0.09428153 0.14828079
 0.09615533 0.12968294 0.08168299 0.08956228 0.08713232 0.06988054
 0.05681309 0.09699211 0.06571116 0.09972668 0.11836757 0.10489976
 0.09937724 0.10618581 0.15606437 0.10137426 0.05791224 0.0734181
 0.08666684 0.11688907 0.08162635 0.12960858 0.07633256 0.15444494]
本轮采样概率阵: [0.03333333 0.03333333 0.03333333 0.03333333 0.03333333 0.03333333
 0.03333333 0.03333333 0.03333333 0.03333333 0.03333333 0.03333333
 0.03333333 0.03333333 0.03333333 0.03333333 0.03333333 0.03333333
 0.03333333 0.03333333 0.03333333 0.03333333 0.03333333 0.03333333
 0.03333333 0.03333333 0.03333333 0.03333333 0.03333333 0.03333333]
客户端选择掩码: [1.0, 1.0, 1.0, 1.0, 1.0, 0.0, 0.0, 0.0, 1.0, 1.0, 1.0, 1.0, 1.0, 1.0, 1.0, 1.0, 0.0, 0.0, 1.0, 0.0, 1.0, 0.0, 0.0, 0.0, 1.0, 1.0, 1.0, 1.0, 1.0, 1.0]
稀疏向量: [0.05763517 0.0237671  0.10279264 0.09655375 0.10962568 0.
 0.         0.         0.03267974 0.00920974 0.0237671  0.00802139
 0.00564468 0.08407603 0.08140222 0.04664288 0.         0.
 0.04218655 0.         0.0822935  0.         0.         0.
 0.03505645 0.05377305 0.02168741 0.03030305 0.02852045 0.02436127]
更新后概率: [0.03333333 0.03333333 0.03333333 0.03333333 0.03333333 0.03333333
 0.03333333 0.03333333 0.03333333 0.03333333 0.03333333 0.03333333
 0.03333333 0.03333333 0.03333333 0.03333333 0.03333333 0.03333333
 0.03333333 0.03333333 0.03333333 0.03333333 0.03333333 0.03333333
 0.03333333 0.03333333 0.03333333 0.03333333 0.03333333 0.03333333]
Classification: 0.9984696480190444 0.9189005768578216 29
(194, 6)
(80, 6)
(346, 6)
(325, 6)
(369, 6)
(535, 6)
(71, 6)
(537, 6)
(110, 6)
(31, 6)
(80, 6)
(27, 6)
(19, 6)
(283, 6)
(274, 6)
(157, 6)
(179, 6)
(362, 6)
(142, 6)
(294, 6)
(277, 6)
(397, 6)
(19, 6)
(143, 6)
(118, 6)
(181, 6)
(73, 6)
(102, 6)
(96, 6)
(82, 6)
[0.07589439 0.08063228 0.13409977 0.13900203 0.09566265 0.14521026
 0.09830735 0.13839861 0.07779574 0.08139489 0.08289453 0.06843197
 0.06463743 0.09408817 0.07101704 0.09614513 0.1073968  0.10263364
 0.09202339 0.11650769 0.1443221  0.11192785 0.05581582 0.07510723
 0.07361982 0.12795359 0.07814186 0.11978385 0.09142128 0.15973282]
本轮采样概率阵: [0.03333333 0.03333333 0.03333333 0.03333333 0.03333333 0.03333333
 0.03333333 0.03333333 0.03333333 0.03333333 0.03333333 0.03333333
 0.03333333 0.03333333 0.03333333 0.03333333 0.03333333 0.03333333
 0.03333333 0.03333333 0.03333333 0.03333333 0.03333333 0.03333333
 0.03333333 0.03333333 0.03333333 0.03333333 0.03333333 0.03333333]
客户端选择掩码: [1.0, 1.0, 0.0, 1.0, 1.0, 1.0, 1.0, 1.0, 0.0, 1.0, 1.0, 0.0, 1.0, 0.0, 1.0, 0.0, 1.0, 1.0, 1.0, 1.0, 1.0, 1.0, 0.0, 1.0, 1.0, 1.0, 0.0, 0.0, 1.0, 0.0]
稀疏向量: [0.04124148 0.01700681 0.         0.06909011 0.07844386 0.11373293
 0.01509352 0.11415815 0.         0.00659013 0.01700681 0.
 0.00403913 0.         0.0582483  0.         0.03805272 0.0769558
 0.03018707 0.06250006 0.05888604 0.08439618 0.         0.03039968
 0.02508505 0.0384779  0.         0.         0.02040815 0.        ]
更新后概率: [0.03333333 0.03333333 0.03333333 0.03333333 0.03333333 0.03333333
 0.03333333 0.03333333 0.03333333 0.03333333 0.03333333 0.03333333
 0.03333333 0.03333333 0.03333333 0.03333333 0.03333333 0.03333333
 0.03333333 0.03333333 0.03333333 0.03333333 0.03333333 0.03333333
 0.03333333 0.03333333 0.03333333 0.03333333 0.03333333 0.03333333]
Classification: 0.9979595306920592 0.9253478113335596 30
(194, 6)
(80, 6)
(346, 6)
(325, 6)
(369, 6)
(535, 6)
(71, 6)
(537, 6)
(110, 6)
(31, 6)
(80, 6)
(27, 6)
(19, 6)
(283, 6)
(274, 6)
(157, 6)
(179, 6)
(362, 6)
(142, 6)
(294, 6)
(277, 6)
(397, 6)
(19, 6)
(143, 6)
(118, 6)
(181, 6)
(73, 6)
(102, 6)
(96, 6)
(82, 6)
[0.07465171 0.0784876  0.12488626 0.1448477  0.09235722 0.14468619
 0.09066381 0.13434049 0.07860717 0.08988104 0.08707908 0.07091805
 0.07968515 0.09044147 0.07436635 0.10126163 0.11017927 0.08671314
 0.09092264 0.12172015 0.14410951 0.11026346 0.04957937 0.07393266
 0.08104924 0.12418692 0.08491046 0.12584954 0.09030711 0.14911561]
本轮采样概率阵: [0.03333333 0.03333333 0.03333333 0.03333333 0.03333333 0.03333333
 0.03333333 0.03333333 0.03333333 0.03333333 0.03333333 0.03333333
 0.03333333 0.03333333 0.03333333 0.03333333 0.03333333 0.03333333
 0.03333333 0.03333333 0.03333333 0.03333333 0.03333333 0.03333333
 0.03333333 0.03333333 0.03333333 0.03333333 0.03333333 0.03333333]
客户端选择掩码: [1.0, 1.0, 1.0, 1.0, 0.0, 1.0, 1.0, 1.0, 0.0, 1.0, 0.0, 1.0, 1.0, 1.0, 0.0, 1.0, 0.0, 1.0, 0.0, 1.0, 0.0, 1.0, 1.0, 1.0, 1.0, 0.0, 0.0, 1.0, 1.0, 1.0]
稀疏向量: [0.04599336 0.01896634 0.08202939 0.07705072 0.         0.12683737
 0.01683262 0.12731153 0.         0.00734946 0.         0.00640114
 0.00450451 0.06709339 0.         0.03722141 0.         0.08582264
 0.         0.06970126 0.         0.09412042 0.00450451 0.03390234
 0.0279753  0.         0.         0.02418206 0.02275961 0.01944047]
更新后概率: [0.03333333 0.03333333 0.03333333 0.03333333 0.03333333 0.03333333
 0.03333333 0.03333333 0.03333333 0.03333333 0.03333333 0.03333333
 0.03333333 0.03333333 0.03333333 0.03333333 0.03333333 0.03333333
 0.03333333 0.03333333 0.03333333 0.03333333 0.03333333 0.03333333
 0.03333333 0.03333333 0.03333333 0.03333333 0.03333333 0.03333333]
Classification: 0.9984696480190444 0.9304377332880895 31
(194, 6)
(80, 6)
(346, 6)
(325, 6)
(369, 6)
(535, 6)
(71, 6)
(537, 6)
(110, 6)
(31, 6)
(80, 6)
(27, 6)
(19, 6)
(283, 6)
(274, 6)
(157, 6)
(179, 6)
(362, 6)
(142, 6)
(294, 6)
(277, 6)
(397, 6)
(19, 6)
(143, 6)
(118, 6)
(181, 6)
(73, 6)
(102, 6)
(96, 6)
(82, 6)
[0.06398378 0.07564972 0.12443558 0.13735398 0.08923009 0.15102932
 0.0938295  0.14371955 0.08125857 0.09227256 0.08867218 0.07352755
 0.06968157 0.10178385 0.07317655 0.09835277 0.11021263 0.09527873
 0.08839608 0.11975035 0.14687082 0.11532172 0.05839998 0.07743495
 0.07553085 0.12446095 0.0682002  0.12289707 0.08219624 0.15709231]
本轮采样概率阵: [0.03333333 0.03333333 0.03333333 0.03333333 0.03333333 0.03333333
 0.03333333 0.03333333 0.03333333 0.03333333 0.03333333 0.03333333
 0.03333333 0.03333333 0.03333333 0.03333333 0.03333333 0.03333333
 0.03333333 0.03333333 0.03333333 0.03333333 0.03333333 0.03333333
 0.03333333 0.03333333 0.03333333 0.03333333 0.03333333 0.03333333]
客户端选择掩码: [0.0, 1.0, 1.0, 1.0, 1.0, 1.0, 1.0, 1.0, 1.0, 1.0, 0.0, 1.0, 1.0, 1.0, 1.0, 0.0, 0.0, 0.0, 1.0, 1.0, 1.0, 1.0, 0.0, 0.0, 0.0, 0.0, 1.0, 1.0, 1.0, 1.0]
稀疏向量: [0.         0.01789711 0.07740494 0.07270696 0.08255032 0.11968685
 0.01588366 0.12013417 0.0246085  0.00693513 0.         0.00604027
 0.00425057 0.06331095 0.06129753 0.         0.         0.
 0.03176732 0.06577187 0.06196869 0.08881431 0.         0.
 0.         0.         0.01633107 0.02281876 0.0214765  0.01834452]
更新后概率: [0.03333333 0.03333333 0.03333333 0.03333333 0.03333333 0.03333333
 0.03333333 0.03333333 0.03333333 0.03333333 0.03333333 0.03333333
 0.03333333 0.03333333 0.03333333 0.03333333 0.03333333 0.03333333
 0.03333333 0.03333333 0.03333333 0.03333333 0.03333333 0.03333333
 0.03333333 0.03333333 0.03333333 0.03333333 0.03333333 0.03333333]
Classification: 0.9965992178200986 0.9294197488971836 32
(194, 6)
(80, 6)
(346, 6)
(325, 6)
(369, 6)
(535, 6)
(71, 6)
(537, 6)
(110, 6)
(31, 6)
(80, 6)
(27, 6)
(19, 6)
(283, 6)
(274, 6)
(157, 6)
(179, 6)
(362, 6)
(142, 6)
(294, 6)
(277, 6)
(397, 6)
(19, 6)
(143, 6)
(118, 6)
(181, 6)
(73, 6)
(102, 6)
(96, 6)
(82, 6)
[0.07048039 0.07995574 0.12549777 0.13305662 0.08774728 0.1513655
 0.09062792 0.13403285 0.0796734  0.09529222 0.08178304 0.07323204
 0.06160814 0.10113467 0.07745966 0.10138156 0.11256947 0.08965056
 0.08780865 0.12130999 0.14819535 0.10874399 0.06672621 0.08113822
 0.07906472 0.13002796 0.07316474 0.12509271 0.07530594 0.15687272]
本轮采样概率阵: [0.03333333 0.03333333 0.03333333 0.03333333 0.03333333 0.03333333
 0.03333333 0.03333333 0.03333333 0.03333333 0.03333333 0.03333333
 0.03333333 0.03333333 0.03333333 0.03333333 0.03333333 0.03333333
 0.03333333 0.03333333 0.03333333 0.03333333 0.03333333 0.03333333
 0.03333333 0.03333333 0.03333333 0.03333333 0.03333333 0.03333333]
客户端选择掩码: [0.0, 1.0, 1.0, 1.0, 1.0, 0.0, 0.0, 0.0, 1.0, 0.0, 1.0, 1.0, 1.0, 1.0, 1.0, 1.0, 1.0, 1.0, 0.0, 1.0, 0.0, 1.0, 1.0, 1.0, 1.0, 1.0, 0.0, 1.0, 0.0, 1.0]
稀疏向量: [0.         0.02026856 0.08766152 0.08234105 0.09348872 0.
 0.         0.         0.02786927 0.         0.02026857 0.00684065
 0.00481376 0.07170001 0.0694198  0.03977703 0.04535091 0.09171525
 0.         0.07448696 0.         0.10058272 0.00481376 0.03623007
 0.02989614 0.04585762 0.         0.02584239 0.         0.02077522]
更新后概率: [0.03333333 0.03333333 0.03333333 0.03333333 0.03333333 0.03333333
 0.03333333 0.03333333 0.03333333 0.03333333 0.03333333 0.03333333
 0.03333333 0.03333333 0.03333333 0.03333333 0.03333333 0.03333333
 0.03333333 0.03333333 0.03333333 0.03333333 0.03333333 0.03333333
 0.03333333 0.03333333 0.03333333 0.03333333 0.03333333 0.03333333]
Classification: 1.0 0.9263657957244655 33
(194, 6)
(80, 6)
(346, 6)
(325, 6)
(369, 6)
(535, 6)
(71, 6)
(537, 6)
(110, 6)
(31, 6)
(80, 6)
(27, 6)
(19, 6)
(283, 6)
(274, 6)
(157, 6)
(179, 6)
(362, 6)
(142, 6)
(294, 6)
(277, 6)
(397, 6)
(19, 6)
(143, 6)
(118, 6)
(181, 6)
(73, 6)
(102, 6)
(96, 6)
(82, 6)
[0.06485515 0.07535975 0.12876698 0.13985235 0.09144759 0.15701803
 0.08492936 0.14041356 0.08450323 0.08743564 0.08196462 0.0697381
 0.06127347 0.10088661 0.07042459 0.10055045 0.11664387 0.09785017
 0.09697634 0.12074541 0.15140951 0.1020848  0.06004174 0.07576501
 0.07561203 0.13411796 0.07039018 0.12166841 0.08226135 0.15501376]
本轮采样概率阵: [0.03333333 0.03333333 0.03333333 0.03333333 0.03333333 0.03333333
 0.03333333 0.03333333 0.03333333 0.03333333 0.03333333 0.03333333
 0.03333333 0.03333333 0.03333333 0.03333333 0.03333333 0.03333333
 0.03333333 0.03333333 0.03333333 0.03333333 0.03333333 0.03333333
 0.03333333 0.03333333 0.03333333 0.03333333 0.03333333 0.03333333]
客户端选择掩码: [1.0, 1.0, 1.0, 1.0, 0.0, 0.0, 1.0, 1.0, 1.0, 1.0, 0.0, 1.0, 1.0, 1.0, 1.0, 0.0, 0.0, 0.0, 0.0, 1.0, 1.0, 0.0, 1.0, 1.0, 1.0, 1.0, 1.0, 0.0, 1.0, 1.0]
稀疏向量: [0.05418991 0.02234638 0.09664804 0.09078213 0.         0.
 0.0198324  0.15       0.03072625 0.00865922 0.         0.00754188
 0.00530726 0.07905027 0.07653631 0.         0.         0.
 0.         0.08212288 0.0773743  0.         0.00530724 0.03994408
 0.03296087 0.05055869 0.02039102 0.         0.02681563 0.02290503]
更新后概率: [0.03333333 0.03333333 0.03333333 0.03333333 0.03333333 0.03333333
 0.03333333 0.03333333 0.03333333 0.03333333 0.03333333 0.03333333
 0.03333333 0.03333333 0.03333333 0.03333333 0.03333333 0.03333333
 0.03333333 0.03333333 0.03333333 0.03333333 0.03333333 0.03333333
 0.03333333 0.03333333 0.03333333 0.03333333 0.03333333 0.03333333]
Classification: 0.9982996089100493 0.9226331862911435 34
(194, 6)
(80, 6)
(346, 6)
(325, 6)
(369, 6)
(535, 6)
(71, 6)
(537, 6)
(110, 6)
(31, 6)
(80, 6)
(27, 6)
(19, 6)
(283, 6)
(274, 6)
(157, 6)
(179, 6)
(362, 6)
(142, 6)
(294, 6)
(277, 6)
(397, 6)
(19, 6)
(143, 6)
(118, 6)
(181, 6)
(73, 6)
(102, 6)
(96, 6)
(82, 6)
[0.06574357 0.07538698 0.12533037 0.13974261 0.09616801 0.14186268
 0.08768634 0.13095623 0.08215653 0.09199152 0.08563484 0.07744038
 0.06122319 0.09224242 0.07326985 0.09662412 0.11265136 0.10361273
 0.09273452 0.1171282  0.15512642 0.10050391 0.0633157  0.09074445
 0.07508367 0.140543   0.07108709 0.12543955 0.07605027 0.15251948]
本轮采样概率阵: [0.03333333 0.03333333 0.03333333 0.03333333 0.03333333 0.03333333
 0.03333333 0.03333333 0.03333333 0.03333333 0.03333333 0.03333333
 0.03333333 0.03333333 0.03333333 0.03333333 0.03333333 0.03333333
 0.03333333 0.03333333 0.03333333 0.03333333 0.03333333 0.03333333
 0.03333333 0.03333333 0.03333333 0.03333333 0.03333333 0.03333333]
客户端选择掩码: [0.0, 0.0, 1.0, 1.0, 1.0, 1.0, 1.0, 1.0, 1.0, 0.0, 1.0, 1.0, 1.0, 0.0, 1.0, 1.0, 0.0, 0.0, 1.0, 1.0, 1.0, 1.0, 0.0, 1.0, 1.0, 0.0, 0.0, 1.0, 1.0, 1.0]
稀疏向量: [0.         0.         0.07687178 0.07220618 0.08198177 0.11886244
 0.01577428 0.11930684 0.02443901 0.         0.01777384 0.00599867
 0.00422127 0.         0.06087537 0.03488114 0.         0.
 0.0315485  0.06531886 0.06154183 0.08820265 0.         0.0317707
 0.02621641 0.         0.         0.02266162 0.02132856 0.01821815]
更新后概率: [0.03333333 0.03333333 0.03333333 0.03333333 0.03333333 0.03333333
 0.03333333 0.03333333 0.03333333 0.03333333 0.03333333 0.03333333
 0.03333333 0.03333333 0.03333333 0.03333333 0.03333333 0.03333333
 0.03333333 0.03333333 0.03333333 0.03333333 0.03333333 0.03333333
 0.03333333 0.03333333 0.03333333 0.03333333 0.03333333 0.03333333]
Classification: 0.9977894915830641 0.9277231082456736 35
(194, 6)
(80, 6)
(346, 6)
(325, 6)
(369, 6)
(535, 6)
(71, 6)
(537, 6)
(110, 6)
(31, 6)
(80, 6)
(27, 6)
(19, 6)
(283, 6)
(274, 6)
(157, 6)
(179, 6)
(362, 6)
(142, 6)
(294, 6)
(277, 6)
(397, 6)
(19, 6)
(143, 6)
(118, 6)
(181, 6)
(73, 6)
(102, 6)
(96, 6)
(82, 6)
[0.06083092 0.07861982 0.12310709 0.14124647 0.08738616 0.14762919
 0.07813102 0.13070544 0.0814698  0.09518043 0.08749551 0.07694969
 0.06242836 0.08561838 0.08533366 0.1051646  0.11006644 0.09158528
 0.09030551 0.12389228 0.14745215 0.10420422 0.06051109 0.08910422
 0.07476083 0.13885603 0.08144837 0.1345554  0.07169216 0.15426948]
本轮采样概率阵: [0.03333333 0.03333333 0.03333333 0.03333333 0.03333333 0.03333333
 0.03333333 0.03333333 0.03333333 0.03333333 0.03333333 0.03333333
 0.03333333 0.03333333 0.03333333 0.03333333 0.03333333 0.03333333
 0.03333333 0.03333333 0.03333333 0.03333333 0.03333333 0.03333333
 0.03333333 0.03333333 0.03333333 0.03333333 0.03333333 0.03333333]
客户端选择掩码: [0.0, 0.0, 1.0, 0.0, 1.0, 1.0, 0.0, 1.0, 1.0, 1.0, 1.0, 0.0, 1.0, 1.0, 1.0, 1.0, 1.0, 1.0, 1.0, 0.0, 1.0, 1.0, 1.0, 0.0, 1.0, 0.0, 1.0, 1.0, 0.0, 1.0]
稀疏向量: [0.         0.         0.07702582 0.         0.08214606 0.11910062
 0.         0.11954587 0.02448796 0.00690115 0.01780943 0.
 0.00422973 0.0630009  0.06099735 0.03495101 0.03984858 0.08058768
 0.03161174 0.         0.06166517 0.08837938 0.00422973 0.
 0.02626894 0.         0.01625109 0.02270703 0.         0.01825464]
更新后概率: [0.03333333 0.03333333 0.03333333 0.03333333 0.03333333 0.03333333
 0.03333333 0.03333333 0.03333333 0.03333333 0.03333333 0.03333333
 0.03333333 0.03333333 0.03333333 0.03333333 0.03333333 0.03333333
 0.03333333 0.03333333 0.03333333 0.03333333 0.03333333 0.03333333
 0.03333333 0.03333333 0.03333333 0.03333333 0.03333333 0.03333333]
Classification: 0.9979595306920592 0.9307770614183916 36
(194, 6)
(80, 6)
(346, 6)
(325, 6)
(369, 6)
(535, 6)
(71, 6)
(537, 6)
(110, 6)
(31, 6)
(80, 6)
(27, 6)
(19, 6)
(283, 6)
(274, 6)
(157, 6)
(179, 6)
(362, 6)
(142, 6)
(294, 6)
(277, 6)
(397, 6)
(19, 6)
(143, 6)
(118, 6)
(181, 6)
(73, 6)
(102, 6)
(96, 6)
(82, 6)
[0.0661448  0.07212851 0.12732096 0.13677194 0.09166697 0.15046404
 0.07986101 0.14335654 0.07708346 0.09877781 0.08980664 0.08098525
 0.05958866 0.09273821 0.07999598 0.10855066 0.1115082  0.09283725
 0.09459918 0.11926068 0.13907069 0.10125651 0.06158391 0.08599474
 0.0790475  0.12719703 0.06999981 0.1334871  0.07428885 0.1546271 ]
本轮采样概率阵: [0.03333333 0.03333333 0.03333333 0.03333333 0.03333333 0.03333333
 0.03333333 0.03333333 0.03333333 0.03333333 0.03333333 0.03333333
 0.03333333 0.03333333 0.03333333 0.03333333 0.03333333 0.03333333
 0.03333333 0.03333333 0.03333333 0.03333333 0.03333333 0.03333333
 0.03333333 0.03333333 0.03333333 0.03333333 0.03333333 0.03333333]
客户端选择掩码: [1.0, 1.0, 1.0, 0.0, 0.0, 1.0, 1.0, 0.0, 1.0, 1.0, 1.0, 0.0, 1.0, 1.0, 1.0, 1.0, 1.0, 0.0, 1.0, 1.0, 1.0, 0.0, 1.0, 0.0, 1.0, 0.0, 1.0, 1.0, 0.0, 1.0]
稀疏向量: [0.0559723  0.02308136 0.09982689 0.         0.         0.15435663
 0.0204847  0.         0.03173689 0.00894401 0.02308137 0.
 0.00548181 0.08165029 0.07905363 0.04529717 0.05164456 0.
 0.04096941 0.08482397 0.07991922 0.         0.00548182 0.
 0.03404495 0.         0.02106177 0.02942874 0.         0.02365838]
更新后概率: [0.03333333 0.03333333 0.03333333 0.03333333 0.03333333 0.03333333
 0.03333333 0.03333333 0.03333333 0.03333333 0.03333333 0.03333333
 0.03333333 0.03333333 0.03333333 0.03333333 0.03333333 0.03333333
 0.03333333 0.03333333 0.03333333 0.03333333 0.03333333 0.03333333
 0.03333333 0.03333333 0.03333333 0.03333333 0.03333333 0.03333333]
Classification: 1.0 0.9273837801153716 37
(194, 6)
(80, 6)
(346, 6)
(325, 6)
(369, 6)
(535, 6)
(71, 6)
(537, 6)
(110, 6)
(31, 6)
(80, 6)
(27, 6)
(19, 6)
(283, 6)
(274, 6)
(157, 6)
(179, 6)
(362, 6)
(142, 6)
(294, 6)
(277, 6)
(397, 6)
(19, 6)
(143, 6)
(118, 6)
(181, 6)
(73, 6)
(102, 6)
(96, 6)
(82, 6)
[0.06557919 0.07007213 0.13238129 0.14276277 0.08566299 0.141754
 0.08164169 0.14884098 0.07545958 0.08252298 0.09610359 0.08464268
 0.05493796 0.08624324 0.07557081 0.10473931 0.11128455 0.09434607
 0.09271756 0.11193576 0.14801258 0.11726541 0.06289429 0.08688847
 0.0837138  0.12811068 0.06504989 0.12866905 0.07399614 0.16620058]
本轮采样概率阵: [0.03333333 0.03333333 0.03333333 0.03333333 0.03333333 0.03333333
 0.03333333 0.03333333 0.03333333 0.03333333 0.03333333 0.03333333
 0.03333333 0.03333333 0.03333333 0.03333333 0.03333333 0.03333333
 0.03333333 0.03333333 0.03333333 0.03333333 0.03333333 0.03333333
 0.03333333 0.03333333 0.03333333 0.03333333 0.03333333 0.03333333]
客户端选择掩码: [0.0, 1.0, 1.0, 1.0, 0.0, 1.0, 1.0, 0.0, 1.0, 1.0, 0.0, 1.0, 0.0, 0.0, 1.0, 1.0, 0.0, 1.0, 1.0, 1.0, 1.0, 1.0, 1.0, 1.0, 1.0, 1.0, 0.0, 1.0, 0.0, 1.0]
稀疏向量: [0.         0.01964155 0.08494965 0.07979374 0.         0.13135277
 0.01743188 0.         0.02700711 0.0076111  0.         0.00662902
 0.         0.         0.06727228 0.0385465  0.         0.08887801
 0.03486374 0.07218269 0.06800882 0.09747116 0.00466487 0.03510923
 0.02897124 0.04443898 0.         0.02504294 0.         0.02013257]
更新后概率: [0.03333333 0.03333333 0.03333333 0.03333333 0.03333333 0.03333333
 0.03333333 0.03333333 0.03333333 0.03333333 0.03333333 0.03333333
 0.03333333 0.03333333 0.03333333 0.03333333 0.03333333 0.03333333
 0.03333333 0.03333333 0.03333333 0.03333333 0.03333333 0.03333333
 0.03333333 0.03333333 0.03333333 0.03333333 0.03333333 0.03333333]
Classification: 1.0 0.9314557176789956 38
(194, 6)
(80, 6)
(346, 6)
(325, 6)
(369, 6)
(535, 6)
(71, 6)
(537, 6)
(110, 6)
(31, 6)
(80, 6)
(27, 6)
(19, 6)
(283, 6)
(274, 6)
(157, 6)
(179, 6)
(362, 6)
(142, 6)
(294, 6)
(277, 6)
(397, 6)
(19, 6)
(143, 6)
(118, 6)
(181, 6)
(73, 6)
(102, 6)
(96, 6)
(82, 6)
[0.07028751 0.06541067 0.1193414  0.14450562 0.08974824 0.14341117
 0.08313151 0.13569711 0.08011284 0.08718108 0.10237375 0.08134824
 0.08001632 0.09271504 0.07231976 0.09471223 0.11037603 0.09994044
 0.09616903 0.10934487 0.15196926 0.11188839 0.06275491 0.08167105
 0.07618338 0.13660263 0.06961718 0.12340634 0.06771516 0.16004883]
本轮采样概率阵: [0.03333333 0.03333333 0.03333333 0.03333333 0.03333333 0.03333333
 0.03333333 0.03333333 0.03333333 0.03333333 0.03333333 0.03333333
 0.03333333 0.03333333 0.03333333 0.03333333 0.03333333 0.03333333
 0.03333333 0.03333333 0.03333333 0.03333333 0.03333333 0.03333333
 0.03333333 0.03333333 0.03333333 0.03333333 0.03333333 0.03333333]
客户端选择掩码: [1.0, 0.0, 1.0, 1.0, 1.0, 0.0, 1.0, 0.0, 1.0, 1.0, 0.0, 0.0, 1.0, 1.0, 1.0, 0.0, 1.0, 0.0, 1.0, 1.0, 1.0, 0.0, 1.0, 1.0, 0.0, 1.0, 1.0, 1.0, 1.0, 1.0]
稀疏向量: [0.05373961 0.         0.09584488 0.09002772 0.10221606 0.
 0.01966759 0.         0.03047091 0.00858726 0.         0.
 0.00526315 0.07839335 0.07590028 0.         0.0495845  0.
 0.03933517 0.08144043 0.07673131 0.         0.00526314 0.03961217
 0.         0.05013851 0.0202216  0.02825486 0.02659277 0.02271473]
更新后概率: [0.03333333 0.03333333 0.03333333 0.03333333 0.03333333 0.03333333
 0.03333333 0.03333333 0.03333333 0.03333333 0.03333333 0.03333333
 0.03333333 0.03333333 0.03333333 0.03333333 0.03333333 0.03333333
 0.03333333 0.03333333 0.03333333 0.03333333 0.03333333 0.03333333
 0.03333333 0.03333333 0.03333333 0.03333333 0.03333333 0.03333333]
Classification: 0.9982996089100493 0.9246691550729556 39
(194, 6)
(80, 6)
(346, 6)
(325, 6)
(369, 6)
(535, 6)
(71, 6)
(537, 6)
(110, 6)
(31, 6)
(80, 6)
(27, 6)
(19, 6)
(283, 6)
(274, 6)
(157, 6)
(179, 6)
(362, 6)
(142, 6)
(294, 6)
(277, 6)
(397, 6)
(19, 6)
(143, 6)
(118, 6)
(181, 6)
(73, 6)
(102, 6)
(96, 6)
(82, 6)
[0.06945948 0.07189559 0.13133664 0.14539075 0.09001684 0.13509856
 0.07919621 0.13915537 0.07816265 0.09404838 0.10617452 0.08214489
 0.05782559 0.10214419 0.07173814 0.09616334 0.10365831 0.09709231
 0.1059004  0.119381   0.15515023 0.1105521  0.06482026 0.08529359
 0.07737655 0.12999589 0.06658701 0.12732267 0.0796805  0.12723804]
本轮采样概率阵: [0.03333333 0.03333333 0.03333333 0.03333333 0.03333333 0.03333333
 0.03333333 0.03333333 0.03333333 0.03333333 0.03333333 0.03333333
 0.03333333 0.03333333 0.03333333 0.03333333 0.03333333 0.03333333
 0.03333333 0.03333333 0.03333333 0.03333333 0.03333333 0.03333333
 0.03333333 0.03333333 0.03333333 0.03333333 0.03333333 0.03333333]
客户端选择掩码: [1.0, 1.0, 1.0, 0.0, 1.0, 1.0, 1.0, 0.0, 0.0, 1.0, 0.0, 1.0, 1.0, 1.0, 1.0, 1.0, 1.0, 1.0, 1.0, 1.0, 0.0, 0.0, 1.0, 0.0, 1.0, 1.0, 0.0, 0.0, 1.0, 1.0]
稀疏向量: [0.05027208 0.02073076 0.08966053 0.         0.09562062 0.13863695
 0.01839855 0.         0.         0.00803317 0.         0.0069966
 0.00492356 0.07333506 0.07100285 0.04068411 0.04638506 0.09380665
 0.03679708 0.07618549 0.         0.         0.00492353 0.
 0.0305778  0.04690332 0.         0.         0.02487686 0.02124902]
更新后概率: [0.03333333 0.03333333 0.03333333 0.03333333 0.03333333 0.03333333
 0.03333333 0.03333333 0.03333333 0.03333333 0.03333333 0.03333333
 0.03333333 0.03333333 0.03333333 0.03333333 0.03333333 0.03333333
 0.03333333 0.03333333 0.03333333 0.03333333 0.03333333 0.03333333
 0.03333333 0.03333333 0.03333333 0.03333333 0.03333333 0.03333333]
Classification: 1.0 0.9256871394638616 40
(194, 6)
(80, 6)
(346, 6)
(325, 6)
(369, 6)
(535, 6)
(71, 6)
(537, 6)
(110, 6)
(31, 6)
(80, 6)
(27, 6)
(19, 6)
(283, 6)
(274, 6)
(157, 6)
(179, 6)
(362, 6)
(142, 6)
(294, 6)
(277, 6)
(397, 6)
(19, 6)
(143, 6)
(118, 6)
(181, 6)
(73, 6)
(102, 6)
(96, 6)
(82, 6)
[0.07108712 0.06890029 0.13427245 0.14132561 0.0853204  0.1432727
 0.09028368 0.14104278 0.07463091 0.08984483 0.10197878 0.08331849
 0.06129499 0.09287704 0.0698489  0.09182814 0.10612241 0.09693671
 0.09317371 0.11706619 0.14982813 0.1174466  0.06656648 0.08156336
 0.0742389  0.13610171 0.06402725 0.13039254 0.07575598 0.14965292]
本轮采样概率阵: [0.03333333 0.03333333 0.03333333 0.03333333 0.03333333 0.03333333
 0.03333333 0.03333333 0.03333333 0.03333333 0.03333333 0.03333333
 0.03333333 0.03333333 0.03333333 0.03333333 0.03333333 0.03333333
 0.03333333 0.03333333 0.03333333 0.03333333 0.03333333 0.03333333
 0.03333333 0.03333333 0.03333333 0.03333333 0.03333333 0.03333333]
客户端选择掩码: [1.0, 1.0, 1.0, 1.0, 1.0, 1.0, 1.0, 1.0, 0.0, 1.0, 0.0, 1.0, 1.0, 0.0, 1.0, 1.0, 0.0, 0.0, 0.0, 1.0, 0.0, 1.0, 1.0, 0.0, 1.0, 1.0, 1.0, 0.0, 1.0, 1.0]
稀疏向量: [0.04591716 0.01893491 0.0818935  0.07692311 0.08733727 0.12662716
 0.01680473 0.12710063 0.         0.00733726 0.         0.00639053
 0.00449704 0.         0.06485204 0.03715976 0.         0.
 0.         0.06958577 0.         0.09396445 0.00449705 0.
 0.02792901 0.04284019 0.01727811 0.         0.02272188 0.01940824]
更新后概率: [0.03333333 0.03333333 0.03333333 0.03333333 0.03333333 0.03333333
 0.03333333 0.03333333 0.03333333 0.03333333 0.03333333 0.03333333
 0.03333333 0.03333333 0.03333333 0.03333333 0.03333333 0.03333333
 0.03333333 0.03333333 0.03333333 0.03333333 0.03333333 0.03333333
 0.03333333 0.03333333 0.03333333 0.03333333 0.03333333 0.03333333]
Classification: 0.9981295698010543 0.9270444519850696 41
(194, 6)
(80, 6)
(346, 6)
(325, 6)
(369, 6)
(535, 6)
(71, 6)
(537, 6)
(110, 6)
(31, 6)
(80, 6)
(27, 6)
(19, 6)
(283, 6)
(274, 6)
(157, 6)
(179, 6)
(362, 6)
(142, 6)
(294, 6)
(277, 6)
(397, 6)
(19, 6)
(143, 6)
(118, 6)
(181, 6)
(73, 6)
(102, 6)
(96, 6)
(82, 6)
[0.06760734 0.0878629  0.13053868 0.15123339 0.09067294 0.14239167
 0.0819938  0.14192955 0.07481301 0.08664955 0.09648577 0.07464175
 0.05690841 0.09156572 0.07431016 0.09500019 0.10194227 0.10293636
 0.08955297 0.11160585 0.15546295 0.11061564 0.06572506 0.07845421
 0.07917841 0.1406598  0.07306792 0.11468554 0.06883377 0.16267444]
本轮采样概率阵: [0.03333333 0.03333333 0.03333333 0.03333333 0.03333333 0.03333333
 0.03333333 0.03333333 0.03333333 0.03333333 0.03333333 0.03333333
 0.03333333 0.03333333 0.03333333 0.03333333 0.03333333 0.03333333
 0.03333333 0.03333333 0.03333333 0.03333333 0.03333333 0.03333333
 0.03333333 0.03333333 0.03333333 0.03333333 0.03333333 0.03333333]
客户端选择掩码: [1.0, 0.0, 0.0, 1.0, 0.0, 0.0, 1.0, 0.0, 0.0, 0.0, 1.0, 1.0, 1.0, 1.0, 1.0, 1.0, 0.0, 1.0, 1.0, 0.0, 1.0, 1.0, 1.0, 1.0, 1.0, 1.0, 1.0, 1.0, 1.0, 1.0]
稀疏向量: [0.05669199 0.         0.         0.09497371 0.         0.
 0.02074811 0.         0.         0.         0.02337814 0.00789012
 0.0055523  0.08270014 0.08007012 0.0458796  0.         0.10578603
 0.04149619 0.         0.08094683 0.11601394 0.00555229 0.04178841
 0.03448277 0.05289306 0.02133252 0.02980711 0.02805379 0.02396259]
更新后概率: [0.03333333 0.03333333 0.03333333 0.03333333 0.03333333 0.03333333
 0.03333333 0.03333333 0.03333333 0.03333333 0.03333333 0.03333333
 0.03333333 0.03333333 0.03333333 0.03333333 0.03333333 0.03333333
 0.03333333 0.03333333 0.03333333 0.03333333 0.03333333 0.03333333
 0.03333333 0.03333333 0.03333333 0.03333333 0.03333333 0.03333333]
Classification: 0.9972793742560789 0.9300984051577876 42
(194, 6)
(80, 6)
(346, 6)
(325, 6)
(369, 6)
(535, 6)
(71, 6)
(537, 6)
(110, 6)
(31, 6)
(80, 6)
(27, 6)
(19, 6)
(283, 6)
(274, 6)
(157, 6)
(179, 6)
(362, 6)
(142, 6)
(294, 6)
(277, 6)
(397, 6)
(19, 6)
(143, 6)
(118, 6)
(181, 6)
(73, 6)
(102, 6)
(96, 6)
(82, 6)
[0.06599749 0.07306957 0.13863621 0.15065824 0.10337887 0.14079178
 0.08507801 0.14727669 0.07783025 0.08558679 0.0992837  0.08370447
 0.05899751 0.09778274 0.06978445 0.09088624 0.10242857 0.09037112
 0.09411132 0.10997172 0.14922526 0.11104448 0.06348417 0.08480565
 0.07582303 0.13559386 0.06208932 0.12219922 0.07940767 0.15070161]
本轮采样概率阵: [0.03333333 0.03333333 0.03333333 0.03333333 0.03333333 0.03333333
 0.03333333 0.03333333 0.03333333 0.03333333 0.03333333 0.03333333
 0.03333333 0.03333333 0.03333333 0.03333333 0.03333333 0.03333333
 0.03333333 0.03333333 0.03333333 0.03333333 0.03333333 0.03333333
 0.03333333 0.03333333 0.03333333 0.03333333 0.03333333 0.03333333]
客户端选择掩码: [0.0, 1.0, 1.0, 1.0, 1.0, 0.0, 0.0, 0.0, 1.0, 1.0, 1.0, 1.0, 0.0, 1.0, 0.0, 1.0, 1.0, 1.0, 1.0, 1.0, 1.0, 1.0, 1.0, 0.0, 1.0, 1.0, 0.0, 1.0, 0.0, 1.0]
稀疏向量: [0.         0.02019692 0.08735166 0.08204998 0.0931583  0.
 0.         0.         0.02777076 0.00782632 0.02019692 0.00681645
 0.         0.07144658 0.         0.03963645 0.0451906  0.09139101
 0.03584952 0.07422371 0.06993177 0.10022722 0.00479675 0.
 0.02979045 0.04569556 0.         0.02575105 0.         0.02070184]
更新后概率: [0.03333333 0.03333333 0.03333333 0.03333333 0.03333333 0.03333333
 0.03333333 0.03333333 0.03333333 0.03333333 0.03333333 0.03333333
 0.03333333 0.03333333 0.03333333 0.03333333 0.03333333 0.03333333
 0.03333333 0.03333333 0.03333333 0.03333333 0.03333333 0.03333333
 0.03333333 0.03333333 0.03333333 0.03333333 0.03333333 0.03333333]
Classification: 1.0 0.9199185612487275 43
(194, 6)
(80, 6)
(346, 6)
(325, 6)
(369, 6)
(535, 6)
(71, 6)
(537, 6)
(110, 6)
(31, 6)
(80, 6)
(27, 6)
(19, 6)
(283, 6)
(274, 6)
(157, 6)
(179, 6)
(362, 6)
(142, 6)
(294, 6)
(277, 6)
(397, 6)
(19, 6)
(143, 6)
(118, 6)
(181, 6)
(73, 6)
(102, 6)
(96, 6)
(82, 6)
[0.05853765 0.07179763 0.13294041 0.15245332 0.0957592  0.15486613
 0.07560066 0.14055474 0.07360855 0.07836083 0.10386982 0.08522124
 0.06316915 0.08622051 0.07159981 0.10873404 0.10074647 0.0934224
 0.09119021 0.11389231 0.14864789 0.11983342 0.06520999 0.08373249
 0.07731812 0.13498491 0.06797818 0.12094946 0.07868524 0.1501152 ]
本轮采样概率阵: [0.03333333 0.03333333 0.03333333 0.03333333 0.03333333 0.03333333
 0.03333333 0.03333333 0.03333333 0.03333333 0.03333333 0.03333333
 0.03333333 0.03333333 0.03333333 0.03333333 0.03333333 0.03333333
 0.03333333 0.03333333 0.03333333 0.03333333 0.03333333 0.03333333
 0.03333333 0.03333333 0.03333333 0.03333333 0.03333333 0.03333333]
客户端选择掩码: [1.0, 0.0, 1.0, 1.0, 0.0, 1.0, 0.0, 0.0, 1.0, 1.0, 1.0, 1.0, 1.0, 1.0, 0.0, 0.0, 1.0, 1.0, 0.0, 1.0, 0.0, 0.0, 1.0, 1.0, 1.0, 1.0, 1.0, 1.0, 1.0, 1.0]
稀疏向量: [0.05390386 0.         0.0961378  0.09030288 0.         0.14865242
 0.         0.         0.03056403 0.0086135  0.02222841 0.00750207
 0.00527923 0.07863294 0.         0.         0.04973604 0.10058348
 0.         0.08168936 0.         0.         0.00527924 0.03973325
 0.03278688 0.05029176 0.02028336 0.02834123 0.02667406 0.0227841 ]
更新后概率: [0.03333333 0.03333333 0.03333333 0.03333333 0.03333333 0.03333333
 0.03333333 0.03333333 0.03333333 0.03333333 0.03333333 0.03333333
 0.03333333 0.03333333 0.03333333 0.03333333 0.03333333 0.03333333
 0.03333333 0.03333333 0.03333333 0.03333333 0.03333333 0.03333333
 0.03333333 0.03333333 0.03333333 0.03333333 0.03333333 0.03333333]
Classification: 0.9986396871280394 0.9199185612487275 44
(194, 6)
(80, 6)
(346, 6)
(325, 6)
(369, 6)
(535, 6)
(71, 6)
(537, 6)
(110, 6)
(31, 6)
(80, 6)
(27, 6)
(19, 6)
(283, 6)
(274, 6)
(157, 6)
(179, 6)
(362, 6)
(142, 6)
(294, 6)
(277, 6)
(397, 6)
(19, 6)
(143, 6)
(118, 6)
(181, 6)
(73, 6)
(102, 6)
(96, 6)
(82, 6)
[0.06581245 0.07364477 0.12270421 0.14624614 0.09385314 0.14355992
 0.08130649 0.14039773 0.07526858 0.08539733 0.10309688 0.08982964
 0.05846735 0.09167406 0.07018181 0.09953437 0.10390325 0.09553311
 0.09343433 0.11385761 0.15678232 0.12101861 0.06311362 0.08534127
 0.07678745 0.13437838 0.06788084 0.12536694 0.08309888 0.13852853]
本轮采样概率阵: [0.03333333 0.03333333 0.03333333 0.03333333 0.03333333 0.03333333
 0.03333333 0.03333333 0.03333333 0.03333333 0.03333333 0.03333333
 0.03333333 0.03333333 0.03333333 0.03333333 0.03333333 0.03333333
 0.03333333 0.03333333 0.03333333 0.03333333 0.03333333 0.03333333
 0.03333333 0.03333333 0.03333333 0.03333333 0.03333333 0.03333333]
客户端选择掩码: [1.0, 0.0, 1.0, 0.0, 1.0, 1.0, 0.0, 1.0, 0.0, 1.0, 1.0, 1.0, 1.0, 1.0, 1.0, 1.0, 0.0, 1.0, 1.0, 0.0, 1.0, 0.0, 1.0, 0.0, 1.0, 1.0, 0.0, 1.0, 1.0, 1.0]
稀疏向量: [0.04585199 0.         0.08177736 0.         0.08721344 0.12644766
 0.         0.12692039 0.         0.00732687 0.01890805 0.00638146
 0.00449067 0.06688724 0.06476011 0.03710707 0.         0.08555896
 0.03356184 0.         0.06546914 0.         0.00449067 0.
 0.02788937 0.04277948 0.         0.02410779 0.02268964 0.01938076]
更新后概率: [0.03333333 0.03333333 0.03333333 0.03333333 0.03333333 0.03333333
 0.03333333 0.03333333 0.03333333 0.03333333 0.03333333 0.03333333
 0.03333333 0.03333333 0.03333333 0.03333333 0.03333333 0.03333333
 0.03333333 0.03333333 0.03333333 0.03333333 0.03333333 0.03333333
 0.03333333 0.03333333 0.03333333 0.03333333 0.03333333 0.03333333]
Classification: 1.0 0.9263657957244655 45
(194, 6)
(80, 6)
(346, 6)
(325, 6)
(369, 6)
(535, 6)
(71, 6)
(537, 6)
(110, 6)
(31, 6)
(80, 6)
(27, 6)
(19, 6)
(283, 6)
(274, 6)
(157, 6)
(179, 6)
(362, 6)
(142, 6)
(294, 6)
(277, 6)
(397, 6)
(19, 6)
(143, 6)
(118, 6)
(181, 6)
(73, 6)
(102, 6)
(96, 6)
(82, 6)
[0.06777481 0.08432762 0.11890721 0.14387194 0.09847649 0.14580608
 0.08274542 0.14136627 0.07689876 0.08408267 0.10989349 0.0850804
 0.05645429 0.08668434 0.0713181  0.09094405 0.10446564 0.09966997
 0.09593969 0.1167938  0.15837809 0.11114357 0.0633157  0.08597761
 0.07069683 0.12189531 0.06948883 0.13236724 0.08805724 0.13717854]
本轮采样概率阵: [0.03333333 0.03333333 0.03333333 0.03333333 0.03333333 0.03333333
 0.03333333 0.03333333 0.03333333 0.03333333 0.03333333 0.03333333
 0.03333333 0.03333333 0.03333333 0.03333333 0.03333333 0.03333333
 0.03333333 0.03333333 0.03333333 0.03333333 0.03333333 0.03333333
 0.03333333 0.03333333 0.03333333 0.03333333 0.03333333 0.03333333]
客户端选择掩码: [1.0, 0.0, 1.0, 1.0, 1.0, 0.0, 1.0, 1.0, 1.0, 0.0, 0.0, 1.0, 1.0, 1.0, 0.0, 1.0, 0.0, 0.0, 1.0, 0.0, 1.0, 1.0, 1.0, 0.0, 1.0, 1.0, 1.0, 1.0, 1.0, 1.0]
稀疏向量: [0.04942673 0.         0.08815286 0.08280253 0.09401274 0.
 0.01808916 0.13681528 0.0280255  0.         0.         0.00687898
 0.00484074 0.07210191 0.         0.03999998 0.         0.
 0.03617829 0.         0.07057329 0.10114647 0.00484076 0.
 0.03006371 0.04611466 0.01859869 0.02598728 0.0244586  0.02089169]
更新后概率: [0.03333333 0.03333333 0.03333333 0.03333333 0.03333333 0.03333333
 0.03333333 0.03333333 0.03333333 0.03333333 0.03333333 0.03333333
 0.03333333 0.03333333 0.03333333 0.03333333 0.03333333 0.03333333
 0.03333333 0.03333333 0.03333333 0.03333333 0.03333333 0.03333333
 0.03333333 0.03333333 0.03333333 0.03333333 0.03333333 0.03333333]
Classification: 1.0 0.9250084832032576 46
(194, 6)
(80, 6)
(346, 6)
(325, 6)
(369, 6)
(535, 6)
(71, 6)
(537, 6)
(110, 6)
(31, 6)
(80, 6)
(27, 6)
(19, 6)
(283, 6)
(274, 6)
(157, 6)
(179, 6)
(362, 6)
(142, 6)
(294, 6)
(277, 6)
(397, 6)
(19, 6)
(143, 6)
(118, 6)
(181, 6)
(73, 6)
(102, 6)
(96, 6)
(82, 6)
[0.06475654 0.08453743 0.12694938 0.14171735 0.10108045 0.14845196
 0.08242958 0.14214519 0.08224951 0.08061473 0.10418331 0.08754815
 0.0585601  0.08836491 0.07340684 0.09875955 0.10574643 0.10095538
 0.09285473 0.11802035 0.15764616 0.11894245 0.06065669 0.07765783
 0.06802867 0.11943963 0.0665871  0.11594803 0.08264577 0.14911578]
本轮采样概率阵: [0.03333333 0.03333333 0.03333333 0.03333333 0.03333333 0.03333333
 0.03333333 0.03333333 0.03333333 0.03333333 0.03333333 0.03333333
 0.03333333 0.03333333 0.03333333 0.03333333 0.03333333 0.03333333
 0.03333333 0.03333333 0.03333333 0.03333333 0.03333333 0.03333333
 0.03333333 0.03333333 0.03333333 0.03333333 0.03333333 0.03333333]
客户端选择掩码: [1.0, 0.0, 1.0, 0.0, 1.0, 0.0, 1.0, 1.0, 1.0, 1.0, 0.0, 0.0, 1.0, 1.0, 1.0, 1.0, 1.0, 1.0, 0.0, 1.0, 1.0, 1.0, 1.0, 1.0, 0.0, 0.0, 1.0, 0.0, 1.0, 1.0]
稀疏向量: [0.04498028 0.         0.08022258 0.         0.08555529 0.
 0.01646184 0.12450734 0.02550427 0.00718756 0.         0.
 0.00440527 0.06561559 0.06352887 0.03640158 0.04150241 0.08393233
 0.         0.06816605 0.06422445 0.09204733 0.00440533 0.03315557
 0.         0.         0.01692556 0.         0.02225825 0.0190123 ]
更新后概率: [0.03333333 0.03333333 0.03333333 0.03333333 0.03333333 0.03333333
 0.03333333 0.03333333 0.03333333 0.03333333 0.03333333 0.03333333
 0.03333333 0.03333333 0.03333333 0.03333333 0.03333333 0.03333333
 0.03333333 0.03333333 0.03333333 0.03333333 0.03333333 0.03333333
 0.03333333 0.03333333 0.03333333 0.03333333 0.03333333 0.03333333]
Classification: 1.0 0.9294197488971836 47
(194, 6)
(80, 6)
(346, 6)
(325, 6)
(369, 6)
(535, 6)
(71, 6)
(537, 6)
(110, 6)
(31, 6)
(80, 6)
(27, 6)
(19, 6)
(283, 6)
(274, 6)
(157, 6)
(179, 6)
(362, 6)
(142, 6)
(294, 6)
(277, 6)
(397, 6)
(19, 6)
(143, 6)
(118, 6)
(181, 6)
(73, 6)
(102, 6)
(96, 6)
(82, 6)
[0.05971227 0.07739158 0.12482627 0.14369464 0.08989732 0.15009859
 0.08261099 0.14262976 0.08467252 0.07843105 0.09549733 0.08373389
 0.0618237  0.0855625  0.06571698 0.11033268 0.10245467 0.09563966
 0.0949554  0.11484373 0.15942638 0.12264015 0.06318552 0.07853064
 0.06636865 0.1255187  0.0721854  0.12364675 0.08918402 0.15478827]
本轮采样概率阵: [0.03333333 0.03333333 0.03333333 0.03333333 0.03333333 0.03333333
 0.03333333 0.03333333 0.03333333 0.03333333 0.03333333 0.03333333
 0.03333333 0.03333333 0.03333333 0.03333333 0.03333333 0.03333333
 0.03333333 0.03333333 0.03333333 0.03333333 0.03333333 0.03333333
 0.03333333 0.03333333 0.03333333 0.03333333 0.03333333 0.03333333]
客户端选择掩码: [1.0, 1.0, 0.0, 0.0, 0.0, 1.0, 1.0, 1.0, 1.0, 1.0, 0.0, 0.0, 1.0, 1.0, 1.0, 0.0, 1.0, 1.0, 1.0, 1.0, 0.0, 1.0, 1.0, 1.0, 1.0, 0.0, 1.0, 0.0, 1.0, 1.0]
稀疏向量: [0.04803169 0.01980691 0.         0.         0.         0.13245854
 0.01757861 0.1329537  0.02723448 0.00767519 0.         0.
 0.00470413 0.07006683 0.06783857 0.         0.04431788 0.08962609
 0.03515723 0.07279032 0.         0.09829164 0.00470415 0.03540478
 0.02921515 0.         0.0180738  0.         0.02376825 0.02030208]
更新后概率: [0.03333333 0.03333333 0.03333333 0.03333333 0.03333333 0.03333333
 0.03333333 0.03333333 0.03333333 0.03333333 0.03333333 0.03333333
 0.03333333 0.03333333 0.03333333 0.03333333 0.03333333 0.03333333
 0.03333333 0.03333333 0.03333333 0.03333333 0.03333333 0.03333333
 0.03333333 0.03333333 0.03333333 0.03333333 0.03333333 0.03333333]
Classification: 1.0 0.9294197488971836 48
(194, 6)
(80, 6)
(346, 6)
(325, 6)
(369, 6)
(535, 6)
(71, 6)
(537, 6)
(110, 6)
(31, 6)
(80, 6)
(27, 6)
(19, 6)
(283, 6)
(274, 6)
(157, 6)
(179, 6)
(362, 6)
(142, 6)
(294, 6)
(277, 6)
(397, 6)
(19, 6)
(143, 6)
(118, 6)
(181, 6)
(73, 6)
(102, 6)
(96, 6)
(82, 6)
[0.06958207 0.07828145 0.1330014  0.14333301 0.08591145 0.15695078
 0.08552671 0.1409646  0.0842564  0.08507335 0.09675227 0.08680114
 0.0485297  0.08471641 0.07166786 0.10995213 0.10133501 0.10465618
 0.08054619 0.11936147 0.15842882 0.11857635 0.06645964 0.07820362
 0.07405706 0.12381607 0.06230158 0.12164822 0.0809144  0.14839465]
本轮采样概率阵: [0.03333333 0.03333333 0.03333333 0.03333333 0.03333333 0.03333333
 0.03333333 0.03333333 0.03333333 0.03333333 0.03333333 0.03333333
 0.03333333 0.03333333 0.03333333 0.03333333 0.03333333 0.03333333
 0.03333333 0.03333333 0.03333333 0.03333333 0.03333333 0.03333333
 0.03333333 0.03333333 0.03333333 0.03333333 0.03333333 0.03333333]
客户端选择掩码: [1.0, 1.0, 1.0, 1.0, 1.0, 1.0, 0.0, 1.0, 1.0, 0.0, 1.0, 0.0, 1.0, 1.0, 1.0, 1.0, 0.0, 1.0, 1.0, 1.0, 0.0, 0.0, 0.0, 1.0, 1.0, 1.0, 0.0, 1.0, 0.0, 1.0]
稀疏向量: [0.04098881 0.01690261 0.07310376 0.06866679 0.07796323 0.11303609
 0.         0.11345876 0.02324107 0.         0.01690262 0.
 0.00401435 0.05979295 0.05789139 0.03317134 0.         0.07648425
 0.03000211 0.06211701 0.         0.         0.         0.03021339
 0.02493132 0.03824214 0.         0.02155077 0.         0.01732514]
更新后概率: [0.03333333 0.03333333 0.03333333 0.03333333 0.03333333 0.03333333
 0.03333333 0.03333333 0.03333333 0.03333333 0.03333333 0.03333333
 0.03333333 0.03333333 0.03333333 0.03333333 0.03333333 0.03333333
 0.03333333 0.03333333 0.03333333 0.03333333 0.03333333 0.03333333
 0.03333333 0.03333333 0.03333333 0.03333333 0.03333333 0.03333333]
Classification: 0.9977894915830641 0.9236511706820495 49
(194, 6)
(80, 6)
(346, 6)
(325, 6)
(369, 6)
(535, 6)
(71, 6)
(537, 6)
(110, 6)
(31, 6)
(80, 6)
(27, 6)
(19, 6)
(283, 6)
(274, 6)
(157, 6)
(179, 6)
(362, 6)
(142, 6)
(294, 6)
(277, 6)
(397, 6)
(19, 6)
(143, 6)
(118, 6)
(181, 6)
(73, 6)
(102, 6)
(96, 6)
(82, 6)
[0.07130281 0.07725328 0.11739104 0.14989455 0.10311561 0.15057019
 0.08273022 0.14503332 0.07970688 0.07921516 0.10100746 0.08998928
 0.05622118 0.08772756 0.07662343 0.09142005 0.11043983 0.10547006
 0.08086996 0.11686585 0.15079343 0.12482996 0.06090512 0.07920826
 0.07493159 0.11745204 0.06684852 0.12629185 0.07593116 0.14996034]
本轮采样概率阵: [0.03333333 0.03333333 0.03333333 0.03333333 0.03333333 0.03333333
 0.03333333 0.03333333 0.03333333 0.03333333 0.03333333 0.03333333
 0.03333333 0.03333333 0.03333333 0.03333333 0.03333333 0.03333333
 0.03333333 0.03333333 0.03333333 0.03333333 0.03333333 0.03333333
 0.03333333 0.03333333 0.03333333 0.03333333 0.03333333 0.03333333]
客户端选择掩码: [1.0, 0.0, 0.0, 1.0, 1.0, 1.0, 1.0, 1.0, 0.0, 1.0, 1.0, 1.0, 1.0, 1.0, 0.0, 1.0, 1.0, 1.0, 0.0, 0.0, 1.0, 1.0, 0.0, 1.0, 1.0, 1.0, 1.0, 0.0, 1.0, 0.0]
稀疏向量: [0.04355635 0.         0.         0.07296816 0.08284687 0.12011674
 0.01594073 0.12056573 0.         0.00696004 0.01796137 0.00606197
 0.00426583 0.06353837 0.         0.03524921 0.04018861 0.08127519
 0.         0.         0.06219128 0.08913334 0.         0.03210593
 0.02649305 0.04063767 0.01638974 0.         0.02155364 0.        ]
更新后概率: [0.03333333 0.03333333 0.03333333 0.03333333 0.03333333 0.03333333
 0.03333333 0.03333333 0.03333333 0.03333333 0.03333333 0.03333333
 0.03333333 0.03333333 0.03333333 0.03333333 0.03333333 0.03333333
 0.03333333 0.03333333 0.03333333 0.03333333 0.03333333 0.03333333
 0.03333333 0.03333333 0.03333333 0.03333333 0.03333333 0.03333333]
Classification: 0.9986396871280394 0.9253478113335596 50
(194, 6)
(80, 6)
(346, 6)
(325, 6)
(369, 6)
(535, 6)
(71, 6)
(537, 6)
(110, 6)
(31, 6)
(80, 6)
(27, 6)
(19, 6)
(283, 6)
(274, 6)
(157, 6)
(179, 6)
(362, 6)
(142, 6)
(294, 6)
(277, 6)
(397, 6)
(19, 6)
(143, 6)
(118, 6)
(181, 6)
(73, 6)
(102, 6)
(96, 6)
(82, 6)
[0.06187311 0.06995196 0.13360716 0.14474369 0.09853554 0.15343542
 0.08073658 0.14753826 0.0827554  0.07571562 0.10362836 0.09255001
 0.05702491 0.0923638  0.06914449 0.10295945 0.10722084 0.10247045
 0.08826216 0.11220161 0.14851311 0.11941103 0.0657133  0.08071382
 0.07058833 0.12072831 0.07109999 0.12483068 0.08128647 0.14039613]
本轮采样概率阵: [0.03333333 0.03333333 0.03333333 0.03333333 0.03333333 0.03333333
 0.03333333 0.03333333 0.03333333 0.03333333 0.03333333 0.03333333
 0.03333333 0.03333333 0.03333333 0.03333333 0.03333333 0.03333333
 0.03333333 0.03333333 0.03333333 0.03333333 0.03333333 0.03333333
 0.03333333 0.03333333 0.03333333 0.03333333 0.03333333 0.03333333]
客户端选择掩码: [0.0, 1.0, 0.0, 0.0, 0.0, 0.0, 1.0, 1.0, 1.0, 0.0, 1.0, 1.0, 1.0, 1.0, 1.0, 1.0, 1.0, 1.0, 1.0, 1.0, 0.0, 0.0, 0.0, 1.0, 1.0, 1.0, 1.0, 1.0, 1.0, 1.0]
稀疏向量: [0.         0.02346041 0.         0.         0.         0.
 0.02082114 0.15747799 0.03225807 0.         0.02346041 0.00791787
 0.00557184 0.08299126 0.08035192 0.04604104 0.05249263 0.10615838
 0.04164226 0.08621702 0.         0.         0.         0.04193546
 0.03460409 0.05307912 0.0214076  0.02991196 0.02815247 0.02404693]
更新后概率: [0.03333333 0.03333333 0.03333333 0.03333333 0.03333333 0.03333333
 0.03333333 0.03333333 0.03333333 0.03333333 0.03333333 0.03333333
 0.03333333 0.03333333 0.03333333 0.03333333 0.03333333 0.03333333
 0.03333333 0.03333333 0.03333333 0.03333333 0.03333333 0.03333333
 0.03333333 0.03333333 0.03333333 0.03333333 0.03333333 0.03333333]
Classification: 0.997619452474069 0.9263657957244655 51
(194, 6)
(80, 6)
(346, 6)
(325, 6)
(369, 6)
(535, 6)
(71, 6)
(537, 6)
(110, 6)
(31, 6)
(80, 6)
(27, 6)
(19, 6)
(283, 6)
(274, 6)
(157, 6)
(179, 6)
(362, 6)
(142, 6)
(294, 6)
(277, 6)
(397, 6)
(19, 6)
(143, 6)
(118, 6)
(181, 6)
(73, 6)
(102, 6)
(96, 6)
(82, 6)
[0.06467772 0.07768082 0.11845772 0.14837874 0.08936342 0.14688476
 0.07530013 0.1499337  0.08834977 0.07921903 0.09797644 0.09051434
 0.04869319 0.08321031 0.07430801 0.10468038 0.10890975 0.11260262
 0.08003205 0.11566714 0.15490484 0.13074787 0.05918753 0.07819613
 0.06619721 0.12883882 0.06682403 0.12801121 0.08678624 0.1454661 ]
本轮采样概率阵: [0.03333333 0.03333333 0.03333333 0.03333333 0.03333333 0.03333333
 0.03333333 0.03333333 0.03333333 0.03333333 0.03333333 0.03333333
 0.03333333 0.03333333 0.03333333 0.03333333 0.03333333 0.03333333
 0.03333333 0.03333333 0.03333333 0.03333333 0.03333333 0.03333333
 0.03333333 0.03333333 0.03333333 0.03333333 0.03333333 0.03333333]
客户端选择掩码: [1.0, 0.0, 1.0, 1.0, 1.0, 1.0, 0.0, 1.0, 1.0, 0.0, 1.0, 0.0, 1.0, 1.0, 0.0, 1.0, 1.0, 1.0, 1.0, 1.0, 1.0, 1.0, 1.0, 0.0, 1.0, 0.0, 0.0, 0.0, 1.0, 1.0]
稀疏向量: [0.03942287 0.         0.07031091 0.0660435  0.07498477 0.10871774
 0.         0.10912413 0.02235317 0.         0.01625687 0.
 0.00386101 0.05750864 0.         0.03190407 0.03637472 0.07356229
 0.02885594 0.05974395 0.05628935 0.08067469 0.00386095 0.
 0.02397887 0.         0.         0.         0.01950822 0.01666327]
更新后概率: [0.03333333 0.03333333 0.03333333 0.03333333 0.03333333 0.03333333
 0.03333333 0.03333333 0.03333333 0.03333333 0.03333333 0.03333333
 0.03333333 0.03333333 0.03333333 0.03333333 0.03333333 0.03333333
 0.03333333 0.03333333 0.03333333 0.03333333 0.03333333 0.03333333
 0.03333333 0.03333333 0.03333333 0.03333333 0.03333333 0.03333333]
Classification: 1.0 0.9267051238547676 52
(194, 6)
(80, 6)
(346, 6)
(325, 6)
(369, 6)
(535, 6)
(71, 6)
(537, 6)
(110, 6)
(31, 6)
(80, 6)
(27, 6)
(19, 6)
(283, 6)
(274, 6)
(157, 6)
(179, 6)
(362, 6)
(142, 6)
(294, 6)
(277, 6)
(397, 6)
(19, 6)
(143, 6)
(118, 6)
(181, 6)
(73, 6)
(102, 6)
(96, 6)
(82, 6)
[0.06256978 0.07649326 0.11699464 0.14628109 0.10030377 0.15179969
 0.08037396 0.145299   0.08641159 0.08092151 0.10134487 0.0872444
 0.05119151 0.0901089  0.07479667 0.09301417 0.10751713 0.10989981
 0.07723471 0.11666267 0.15422788 0.12187355 0.06682559 0.07655552
 0.06879345 0.13455511 0.07456358 0.12659856 0.08215537 0.13738824]
本轮采样概率阵: [0.03333333 0.03333333 0.03333333 0.03333333 0.03333333 0.03333333
 0.03333333 0.03333333 0.03333333 0.03333333 0.03333333 0.03333333
 0.03333333 0.03333333 0.03333333 0.03333333 0.03333333 0.03333333
 0.03333333 0.03333333 0.03333333 0.03333333 0.03333333 0.03333333
 0.03333333 0.03333333 0.03333333 0.03333333 0.03333333 0.03333333]
客户端选择掩码: [1.0, 1.0, 1.0, 1.0, 0.0, 1.0, 1.0, 1.0, 0.0, 1.0, 1.0, 1.0, 1.0, 1.0, 1.0, 0.0, 1.0, 0.0, 1.0, 0.0, 1.0, 0.0, 1.0, 0.0, 1.0, 0.0, 1.0, 0.0, 1.0, 1.0]
稀疏向量: [0.05121436 0.02111932 0.09134109 0.08579726 0.         0.14123544
 0.01874341 0.14176351 0.         0.00818374 0.02111931 0.00712778
 0.00501582 0.07470959 0.07233368 0.         0.04725444 0.
 0.03748683 0.         0.07312559 0.         0.00501584 0.
 0.03115098 0.         0.01927134 0.         0.02534313 0.02164734]
更新后概率: [0.03333333 0.03333333 0.03333333 0.03333333 0.03333333 0.03333333
 0.03333333 0.03333333 0.03333333 0.03333333 0.03333333 0.03333333
 0.03333333 0.03333333 0.03333333 0.03333333 0.03333333 0.03333333
 0.03333333 0.03333333 0.03333333 0.03333333 0.03333333 0.03333333
 0.03333333 0.03333333 0.03333333 0.03333333 0.03333333 0.03333333]
Classification: 0.9979595306920592 0.9243298269426535 53
(194, 6)
(80, 6)
(346, 6)
(325, 6)
(369, 6)
(535, 6)
(71, 6)
(537, 6)
(110, 6)
(31, 6)
(80, 6)
(27, 6)
(19, 6)
(283, 6)
(274, 6)
(157, 6)
(179, 6)
(362, 6)
(142, 6)
(294, 6)
(277, 6)
(397, 6)
(19, 6)
(143, 6)
(118, 6)
(181, 6)
(73, 6)
(102, 6)
(96, 6)
(82, 6)
[0.062501   0.08144307 0.12007372 0.14378906 0.08997503 0.1530257
 0.08188851 0.14056281 0.08648801 0.0929424  0.10332078 0.08620661
 0.05920736 0.08414795 0.0705929  0.08649118 0.11181212 0.11253651
 0.07884455 0.11086895 0.15529925 0.11889177 0.06919728 0.07309888
 0.07588842 0.13072976 0.0691395  0.12199688 0.0887499  0.14029011]
本轮采样概率阵: [0.03333333 0.03333333 0.03333333 0.03333333 0.03333333 0.03333333
 0.03333333 0.03333333 0.03333333 0.03333333 0.03333333 0.03333333
 0.03333333 0.03333333 0.03333333 0.03333333 0.03333333 0.03333333
 0.03333333 0.03333333 0.03333333 0.03333333 0.03333333 0.03333333
 0.03333333 0.03333333 0.03333333 0.03333333 0.03333333 0.03333333]
客户端选择掩码: [1.0, 1.0, 1.0, 0.0, 1.0, 1.0, 1.0, 0.0, 0.0, 1.0, 1.0, 1.0, 1.0, 1.0, 1.0, 1.0, 1.0, 1.0, 0.0, 0.0, 1.0, 0.0, 1.0, 1.0, 1.0, 0.0, 1.0, 0.0, 0.0, 1.0]
稀疏向量: [0.05216456 0.02151117 0.09303574 0.         0.09922023 0.14385588
 0.01909115 0.         0.         0.00833557 0.02151116 0.00726002
 0.00510888 0.07609572 0.07367577 0.04221564 0.0481312  0.09733798
 0.         0.         0.07448235 0.         0.00510891 0.03845116
 0.03172898 0.         0.0196289  0.         0.         0.02204891]
更新后概率: [0.03333333 0.03333333 0.03333333 0.03333333 0.03333333 0.03333333
 0.03333333 0.03333333 0.03333333 0.03333333 0.03333333 0.03333333
 0.03333333 0.03333333 0.03333333 0.03333333 0.03333333 0.03333333
 0.03333333 0.03333333 0.03333333 0.03333333 0.03333333 0.03333333
 0.03333333 0.03333333 0.03333333 0.03333333 0.03333333 0.03333333]
Classification: 0.9986396871280394 0.9229725144214456 54
(194, 6)
(80, 6)
(346, 6)
(325, 6)
(369, 6)
(535, 6)
(71, 6)
(537, 6)
(110, 6)
(31, 6)
(80, 6)
(27, 6)
(19, 6)
(283, 6)
(274, 6)
(157, 6)
(179, 6)
(362, 6)
(142, 6)
(294, 6)
(277, 6)
(397, 6)
(19, 6)
(143, 6)
(118, 6)
(181, 6)
(73, 6)
(102, 6)
(96, 6)
(82, 6)
[0.06485295 0.08010971 0.14843449 0.14103016 0.08250411 0.14803865
 0.08110717 0.14100137 0.09247422 0.07803924 0.09785587 0.09011535
 0.06206802 0.08866985 0.06441854 0.09594155 0.11218213 0.11105446
 0.07557891 0.11441639 0.15386845 0.12004961 0.06838268 0.07705203
 0.06666477 0.13364118 0.06304407 0.1218616  0.09367902 0.13186347]
本轮采样概率阵: [0.03333333 0.03333333 0.03333333 0.03333333 0.03333333 0.03333333
 0.03333333 0.03333333 0.03333333 0.03333333 0.03333333 0.03333333
 0.03333333 0.03333333 0.03333333 0.03333333 0.03333333 0.03333333
 0.03333333 0.03333333 0.03333333 0.03333333 0.03333333 0.03333333
 0.03333333 0.03333333 0.03333333 0.03333333 0.03333333 0.03333333]
客户端选择掩码: [0.0, 0.0, 1.0, 1.0, 1.0, 0.0, 1.0, 0.0, 1.0, 1.0, 1.0, 1.0, 1.0, 1.0, 1.0, 1.0, 1.0, 0.0, 0.0, 0.0, 1.0, 1.0, 0.0, 1.0, 1.0, 0.0, 1.0, 1.0, 1.0, 1.0]
稀疏向量: [0.         0.         0.09721833 0.0913178  0.10368082 0.
 0.01994944 0.         0.03090753 0.00871032 0.02247824 0.00758641
 0.00533857 0.07951675 0.07698788 0.04411351 0.05029503 0.
 0.         0.         0.07783084 0.1115482  0.         0.0401798
 0.03315539 0.         0.02051135 0.02865971 0.02697384 0.02304017]
更新后概率: [0.03333333 0.03333333 0.03333333 0.03333333 0.03333333 0.03333333
 0.03333333 0.03333333 0.03333333 0.03333333 0.03333333 0.03333333
 0.03333333 0.03333333 0.03333333 0.03333333 0.03333333 0.03333333
 0.03333333 0.03333333 0.03333333 0.03333333 0.03333333 0.03333333
 0.03333333 0.03333333 0.03333333 0.03333333 0.03333333 0.03333333]
Classification: 0.9986396871280394 0.9209365456396336 55
(194, 6)
(80, 6)
(346, 6)
(325, 6)
(369, 6)
(535, 6)
(71, 6)
(537, 6)
(110, 6)
(31, 6)
(80, 6)
(27, 6)
(19, 6)
(283, 6)
(274, 6)
(157, 6)
(179, 6)
(362, 6)
(142, 6)
(294, 6)
(277, 6)
(397, 6)
(19, 6)
(143, 6)
(118, 6)
(181, 6)
(73, 6)
(102, 6)
(96, 6)
(82, 6)
[0.05617224 0.08386464 0.1439721  0.15151022 0.09730199 0.14329738
 0.0773748  0.13593414 0.08206608 0.07937842 0.1027677  0.07908198
 0.04527034 0.08757071 0.07003529 0.10685257 0.109349   0.11905639
 0.08502274 0.118425   0.15741175 0.11710191 0.07187376 0.08047971
 0.06373305 0.12233212 0.06361252 0.1249359  0.08725546 0.13696008]
本轮采样概率阵: [0.03333333 0.03333333 0.03333333 0.03333333 0.03333333 0.03333333
 0.03333333 0.03333333 0.03333333 0.03333333 0.03333333 0.03333333
 0.03333333 0.03333333 0.03333333 0.03333333 0.03333333 0.03333333
 0.03333333 0.03333333 0.03333333 0.03333333 0.03333333 0.03333333
 0.03333333 0.03333333 0.03333333 0.03333333 0.03333333 0.03333333]
客户端选择掩码: [1.0, 1.0, 0.0, 1.0, 1.0, 1.0, 0.0, 0.0, 0.0, 1.0, 0.0, 1.0, 1.0, 1.0, 0.0, 0.0, 1.0, 1.0, 1.0, 1.0, 1.0, 0.0, 1.0, 1.0, 1.0, 1.0, 1.0, 0.0, 1.0, 1.0]
稀疏向量: [0.05066596 0.02089319 0.         0.08487853 0.09636977 0.13972315
 0.         0.         0.         0.00809611 0.         0.00705145
 0.00496212 0.07390962 0.         0.         0.0467485  0.09454164
 0.0370854  0.07678246 0.07234255 0.         0.00496211 0.03734655
 0.03081746 0.04727078 0.01906504 0.         0.0250718  0.02141545]
更新后概率: [0.03333333 0.03333333 0.03333333 0.03333333 0.03333333 0.03333333
 0.03333333 0.03333333 0.03333333 0.03333333 0.03333333 0.03333333
 0.03333333 0.03333333 0.03333333 0.03333333 0.03333333 0.03333333
 0.03333333 0.03333333 0.03333333 0.03333333 0.03333333 0.03333333
 0.03333333 0.03333333 0.03333333 0.03333333 0.03333333 0.03333333]
Classification: 0.9986396871280394 0.9328130302002036 56
(194, 6)
(80, 6)
(346, 6)
(325, 6)
(369, 6)
(535, 6)
(71, 6)
(537, 6)
(110, 6)
(31, 6)
(80, 6)
(27, 6)
(19, 6)
(283, 6)
(274, 6)
(157, 6)
(179, 6)
(362, 6)
(142, 6)
(294, 6)
(277, 6)
(397, 6)
(19, 6)
(143, 6)
(118, 6)
(181, 6)
(73, 6)
(102, 6)
(96, 6)
(82, 6)
[0.06024932 0.08507459 0.1331448  0.1463129  0.09480512 0.14549685
 0.07179327 0.13503307 0.08265146 0.07650033 0.1081606  0.08148994
 0.05775675 0.09482088 0.06886712 0.08943632 0.11120287 0.12038903
 0.09343767 0.12172071 0.15450238 0.11761215 0.0659346  0.07842047
 0.0668925  0.12687191 0.05813598 0.12504978 0.08267491 0.14556173]
本轮采样概率阵: [0.03333333 0.03333333 0.03333333 0.03333333 0.03333333 0.03333333
 0.03333333 0.03333333 0.03333333 0.03333333 0.03333333 0.03333333
 0.03333333 0.03333333 0.03333333 0.03333333 0.03333333 0.03333333
 0.03333333 0.03333333 0.03333333 0.03333333 0.03333333 0.03333333
 0.03333333 0.03333333 0.03333333 0.03333333 0.03333333 0.03333333]
客户端选择掩码: [1.0, 1.0, 1.0, 1.0, 0.0, 0.0, 1.0, 0.0, 1.0, 1.0, 1.0, 1.0, 1.0, 0.0, 0.0, 1.0, 1.0, 1.0, 0.0, 1.0, 1.0, 1.0, 1.0, 1.0, 0.0, 1.0, 1.0, 1.0, 0.0, 0.0]
稀疏向量: [0.05595612 0.02307469 0.09979811 0.09374099 0.         0.
 0.02047881 0.         0.03172771 0.00894143 0.02307471 0.00778771
 0.00548024 0.         0.         0.04528408 0.05162963 0.10441302
 0.         0.08479953 0.07989611 0.11450825 0.00548024 0.04124602
 0.         0.05220652 0.0210556  0.02942027 0.         0.        ]
更新后概率: [0.03333333 0.03333333 0.03333333 0.03333333 0.03333333 0.03333333
 0.03333333 0.03333333 0.03333333 0.03333333 0.03333333 0.03333333
 0.03333333 0.03333333 0.03333333 0.03333333 0.03333333 0.03333333
 0.03333333 0.03333333 0.03333333 0.03333333 0.03333333 0.03333333
 0.03333333 0.03333333 0.03333333 0.03333333 0.03333333 0.03333333]
Classification: 0.9982996089100493 0.9294197488971836 57
