Running experiment with dataset: ArticularyWordRecognition, config: ./result/ablation_study/config_ArticularyWordRecognition.yml
[0.09514033 0.10277917 0.11127909 0.12035814 0.12964186 0.13872091
 0.14722083 0.15485967]
275
<class 'pandas.core.frame.DataFrame'>
RangeIndex: 275 entries, 0 to 274
Data columns (total 10 columns):
 #   Column      Non-Null Count  Dtype 
---  ------      --------------  ----- 
 0   dim_0       275 non-null    object
 1   dim_1       275 non-null    object
 2   dim_2       275 non-null    object
 3   dim_3       275 non-null    object
 4   dim_4       275 non-null    object
 5   dim_5       275 non-null    object
 6   dim_6       275 non-null    object
 7   dim_7       275 non-null    object
 8   dim_8       275 non-null    object
 9   class_vals  275 non-null    object
dtypes: object(10)
memory usage: 21.6+ KB
None
{144}
<class 'pandas.core.frame.DataFrame'>
RangeIndex: 275 entries, 0 to 274
Data columns (total 10 columns):
 #   Column      Non-Null Count  Dtype 
---  ------      --------------  ----- 
 0   dim_0       275 non-null    object
 1   dim_1       275 non-null    object
 2   dim_2       275 non-null    object
 3   dim_3       275 non-null    object
 4   dim_4       275 non-null    object
 5   dim_5       275 non-null    object
 6   dim_6       275 non-null    object
 7   dim_7       275 non-null    object
 8   dim_8       275 non-null    object
 9   class_vals  275 non-null    object
dtypes: object(10)
memory usage: 21.6+ KB
None
[ 0  0  0  0  0  0  0  0  0  0  0  1  1  1  1  1  1  1  1  1  1  1  2  2
  2  2  2  2  2  2  2  2  2  3  3  3  3  3  3  3  3  3  3  3  4  4  4  4
  4  4  4  4  4  4  4  5  5  5  5  5  5  5  5  5  5  5  6  6  6  6  6  6
  6  6  6  6  6  7  7  7  7  7  7  7  7  7  7  7  8  8  8  8  8  8  8  8
  8  8  8  9  9  9  9  9  9  9  9  9  9  9 10 10 10 10 10 10 10 10 10 10
 10 11 11 11 11 11 11 11 11 11 11 11 12 12 12 12 12 12 12 12 12 12 12 13
 13 13 13 13 13 13 13 13 13 13 14 14 14 14 14 14 14 14 14 14 14 15 15 15
 15 15 15 15 15 15 15 15 16 16 16 16 16 16 16 16 16 16 16 17 17 17 17 17
 17 17 17 17 17 17 18 18 18 18 18 18 18 18 18 18 18 19 19 19 19 19 19 19
 19 19 19 19 20 20 20 20 20 20 20 20 20 20 20 21 21 21 21 21 21 21 21 21
 21 21 22 22 22 22 22 22 22 22 22 22 22 23 23 23 23 23 23 23 23 23 23 23
 24 24 24 24 24 24 24 24 24 24 24]
[  0  11  22  23  24  25  26  27  33  34  35  36  44  55  56  77  78  79
  80  81  88  89  90  99 100 101 102 103 104 105 106 121 132 133 134 135
 136 137 138 139 154 155 156 157 158 165 187 188 189 198 199 200 201 209
 210 211 212 220 231 232 242 253 254 264 265 266]
[0, 1, 2, 2, 2, 2, 2, 2, 3, 3, 3, 3, 4, 5, 5, 7, 7, 7, 7, 7, 8, 8, 8, 9, 9, 9, 9, 9, 9, 9, 9, 11, 12, 12, 12, 12, 12, 12, 12, 12, 14, 14, 14, 14, 14, 15, 17, 17, 17, 18, 18, 18, 18, 19, 19, 19, 19, 20, 21, 21, 22, 23, 23, 24, 24, 24]
[0, 0, 0, 0, 0, 0, 0, 0, 1, 2, 2, 2, 2, 3, 5, 5, 5, 5, 5, 6, 6, 6, 6, 6, 7, 8, 8, 8, 8, 8, 8, 8, 9, 10, 10, 10, 10, 10, 10, 11, 11, 11, 11, 11, 11, 12, 12, 13, 13, 13, 13, 13, 13, 13, 13, 13, 14, 14, 14, 15, 15, 15, 15, 15, 15, 15, 15, 15, 16, 16, 16, 16, 16, 16, 16, 16, 17, 17, 17, 17, 18, 18, 19, 19, 19, 19, 20, 21, 21, 21, 21, 21, 21, 22, 22, 22, 22, 22, 22, 23, 23, 23, 23, 23, 23, 24, 24, 24, 24]
[0, 0, 1, 1, 1, 1, 1, 1, 1, 1, 1, 2, 3, 3, 3, 3, 3, 3, 4, 4, 4, 4, 4, 4, 4, 4, 4, 4, 5, 5, 5, 5, 6, 6, 6, 6, 6, 6, 7, 7, 7, 7, 7, 8, 9, 9, 10, 10, 10, 10, 10, 11, 11, 11, 11, 12, 13, 13, 14, 14, 14, 15, 16, 16, 16, 17, 17, 17, 17, 18, 18, 18, 18, 18, 19, 19, 19, 20, 20, 20, 20, 20, 20, 20, 20, 20, 21, 21, 21, 22, 22, 22, 22, 23, 23, 23, 24, 24, 24, 24]
shapelet initialized! 

All 3 clinet initialized! 

(66, 25)
(109, 25)
(100, 25)
[0.71575094 0.9936078  1.29064125]
Classification: 1.0 0.9833333333333333 0
(66, 25)
(109, 25)
(100, 25)
[0.61063554 1.00165402 1.38771044]
Classification: 1.0 0.9833333333333333 1
(66, 25)
(109, 25)
(100, 25)
[0.55612644 0.97882052 1.46505304]
Classification: 1.0 0.9833333333333333 2
(66, 25)
(109, 25)
(100, 25)
[0.58162941 1.0627341  1.3556365 ]
Classification: 1.0 0.9833333333333333 3
(66, 25)
(109, 25)
(100, 25)
[0.61621553 0.96987422 1.41391025]
Classification: 1.0 0.9833333333333333 4
(66, 25)
(109, 25)
(100, 25)
[0.58339341 1.00365127 1.41295532]
Classification: 1.0 0.9833333333333333 5
(66, 25)
(109, 25)
(100, 25)
[0.63632325 1.00476912 1.35890763]
Classification: 1.0 0.9833333333333333 6
(66, 25)
(109, 25)
(100, 25)
[0.56464383 1.05364726 1.38170891]
Classification: 1.0 0.9833333333333333 7
(66, 25)
(109, 25)
(100, 25)
[0.56161232 0.99754847 1.44083921]
Classification: 1.0 0.9833333333333333 8
(66, 25)
(109, 25)
(100, 25)
[0.58899819 0.99099933 1.42000247]
Classification: 1.0 0.9833333333333333 9
(66, 25)
(109, 25)
(100, 25)
[0.54336604 1.01390089 1.44273307]
Classification: 1.0 0.9833333333333333 10
(66, 25)
(109, 25)
(100, 25)
[0.56216198 1.03317982 1.4046582 ]
Classification: 1.0 0.9833333333333333 11
(66, 25)
(109, 25)
(100, 25)
[0.62943272 1.02348542 1.34708186]
Classification: 1.0 0.9833333333333333 12
(66, 25)
(109, 25)
(100, 25)
[0.52757704 1.04185363 1.43056933]
Classification: 1.0 0.9833333333333333 13
(66, 25)
(109, 25)
(100, 25)
[0.57671243 1.03269126 1.39059632]
Classification: 1.0 0.9833333333333333 14
(66, 25)
(109, 25)
(100, 25)
[0.58794778 1.01562278 1.39642944]
Classification: 1.0 0.9833333333333333 15
(66, 25)
(109, 25)
(100, 25)
[0.56743702 1.0172689  1.41529408]
Classification: 1.0 0.9833333333333333 16
(66, 25)
(109, 25)
(100, 25)
[0.6028323  0.99072747 1.40644023]
Classification: 1.0 0.9833333333333333 17
(66, 25)
(109, 25)
(100, 25)
[0.56800431 1.03421235 1.39778334]
Classification: 1.0 0.9833333333333333 18
(66, 25)
(109, 25)
(100, 25)
[0.56676386 0.98314058 1.45009557]
Classification: 1.0 0.9833333333333333 19
(66, 25)
(109, 25)
(100, 25)
[0.55694037 0.9895351  1.45352453]
Classification: 1.0 0.9833333333333333 20
(66, 25)
(109, 25)
(100, 25)
[0.56811468 1.01376154 1.41812378]
Classification: 1.0 0.9833333333333333 21
(66, 25)
(109, 25)
(100, 25)
[0.51731576 1.11494831 1.36773593]
Classification: 1.0 0.9833333333333333 22
(66, 25)
(109, 25)
(100, 25)
[0.5437172  1.14625112 1.31003169]
Classification: 1.0 0.9833333333333333 23
(66, 25)
(109, 25)
(100, 25)
[0.53781462 1.1101452  1.35204019]
Classification: 1.0 0.9833333333333333 24
(66, 25)
(109, 25)
(100, 25)
[0.54940297 1.00286229 1.44773474]
Classification: 1.0 0.9833333333333333 25
(66, 25)
(109, 25)
(100, 25)
[0.54917657 1.03439171 1.41643172]
Classification: 1.0 0.9833333333333333 26
(66, 25)
(109, 25)
(100, 25)
[0.58237858 1.01540826 1.40221316]
Classification: 1.0 0.9833333333333333 27
(66, 25)
(109, 25)
(100, 25)
[0.60992578 0.99389402 1.3961802 ]
Classification: 1.0 0.9833333333333333 28
(66, 25)
(109, 25)
(100, 25)
[0.59195518 1.07303081 1.33501401]
Classification: 1.0 0.9833333333333333 29
(66, 25)
(109, 25)
(100, 25)
[0.5469529  1.01706565 1.43598145]
Classification: 1.0 0.9833333333333333 30
(66, 25)
(109, 25)
(100, 25)
[0.51613104 1.05726    1.42660896]
Classification: 1.0 0.9833333333333333 31
(66, 25)
(109, 25)
(100, 25)
[0.58771698 0.99251178 1.41977123]
Classification: 1.0 0.9833333333333333 32
(66, 25)
(109, 25)
(100, 25)
[0.58071906 0.99582785 1.42345309]
Classification: 1.0 0.9833333333333333 33
(66, 25)
(109, 25)
(100, 25)
[0.51730675 1.01495547 1.46773778]
Classification: 1.0 0.9833333333333333 34
(66, 25)
(109, 25)
(100, 25)
[0.55163927 1.06429759 1.38406315]
Classification: 1.0 0.9833333333333333 35
(66, 25)
(109, 25)
(100, 25)
[0.59572439 1.01479979 1.38947581]
Classification: 1.0 0.9833333333333333 36
(66, 25)
(109, 25)
(100, 25)
[0.57329435 0.96568555 1.4610201 ]
Classification: 1.0 0.9833333333333333 37
(66, 25)
(109, 25)
(100, 25)
[0.60461394 0.990992   1.40439406]
Classification: 1.0 0.9833333333333333 38
(66, 25)
(109, 25)
(100, 25)
[0.61835662 1.00112576 1.38051762]
Classification: 1.0 0.9833333333333333 39
(66, 25)
(109, 25)
(100, 25)
[0.62774264 1.00569558 1.36656179]
Classification: 1.0 0.9833333333333333 40
(66, 25)
(109, 25)
(100, 25)
[0.53632972 1.07924807 1.38442221]
Classification: 1.0 0.9833333333333333 41
(66, 25)
(109, 25)
(100, 25)
[0.58446994 1.05040916 1.36512091]
Classification: 1.0 0.9833333333333333 42
(66, 25)
(109, 25)
(100, 25)
[0.55764702 1.03273051 1.40962247]
Classification: 1.0 0.9833333333333333 43
(66, 25)
(109, 25)
(100, 25)
[0.51855393 1.02495532 1.45649075]
Classification: 1.0 0.9833333333333333 44
(66, 25)
(109, 25)
(100, 25)
[0.51458374 1.02982806 1.45558821]
Classification: 1.0 0.9833333333333333 45
(66, 25)
(109, 25)
(100, 25)
[0.60350177 1.0804154  1.31608282]
Classification: 1.0 0.9833333333333333 46
(66, 25)
(109, 25)
(100, 25)
[0.63041044 0.99930573 1.37028384]
Classification: 1.0 0.9833333333333333 47
(66, 25)
(109, 25)
(100, 25)
[0.57346484 1.06310993 1.36342523]
Classification: 1.0 0.9833333333333333 48
(66, 25)
(109, 25)
(100, 25)
[0.52474822 1.07348688 1.4017649 ]
Classification: 1.0 0.9833333333333333 49
(66, 25)
(109, 25)
(100, 25)
[0.52884929 1.04451872 1.426632  ]
Classification: 1.0 0.9833333333333333 50
(66, 25)
(109, 25)
(100, 25)
[0.59714335 1.07965402 1.32320263]
Classification: 1.0 0.9833333333333333 51
(66, 25)
(109, 25)
(100, 25)
[0.58674902 1.07690378 1.33634721]
Classification: 1.0 0.9833333333333333 52
(66, 25)
(109, 25)
(100, 25)
[0.62732391 0.98177219 1.3909039 ]
Classification: 1.0 0.9833333333333333 53
(66, 25)
(109, 25)
(100, 25)
[0.60324164 0.99177712 1.40498124]
Classification: 1.0 0.9833333333333333 54
(66, 25)
(109, 25)
(100, 25)
[0.58875138 0.99339581 1.41785282]
Classification: 1.0 0.9833333333333333 55
(66, 25)
(109, 25)
(100, 25)
[0.57322697 1.12979998 1.29697305]
Classification: 1.0 0.9833333333333333 56
(66, 25)
(109, 25)
(100, 25)
[0.53408684 1.07876431 1.38714884]
Classification: 1.0 0.9833333333333333 57
(66, 25)
(109, 25)
(100, 25)
[0.56768495 1.08073414 1.35158091]
Classification: 1.0 0.9833333333333333 58
(66, 25)
(109, 25)
(100, 25)
[0.57489663 1.08200377 1.3430996 ]
Classification: 1.0 0.9833333333333333 59
(66, 25)
(109, 25)
(100, 25)
[0.60061601 1.00259085 1.39679314]
Classification: 1.0 0.9833333333333333 60
(66, 25)
(109, 25)
(100, 25)
[0.56505078 1.00110326 1.43384596]
Classification: 1.0 0.9833333333333333 61
(66, 25)
(109, 25)
(100, 25)
[0.61525699 0.96141487 1.42332814]
Classification: 1.0 0.9833333333333333 62
(66, 25)
(109, 25)
(100, 25)
[0.58232333 1.03974625 1.37793042]
Classification: 1.0 0.9833333333333333 63
(66, 25)
(109, 25)
(100, 25)
[0.55351189 1.04039791 1.40609019]
Classification: 1.0 0.9833333333333333 64
(66, 25)
(109, 25)
(100, 25)
[0.53525808 1.04213339 1.42260852]
Classification: 1.0 0.9833333333333333 65
(66, 25)
(109, 25)
(100, 25)
[0.60695453 0.96818527 1.4248602 ]
Classification: 1.0 0.9833333333333333 66
(66, 25)
(109, 25)
(100, 25)
[0.52486245 1.03830438 1.43683317]
Classification: 1.0 0.9833333333333333 67
(66, 25)
(109, 25)
(100, 25)
[0.60510861 0.97838928 1.41650211]
Classification: 1.0 0.9833333333333333 68
(66, 25)
(109, 25)
(100, 25)
[0.52679803 0.95629526 1.51690671]
Classification: 1.0 0.9833333333333333 69
(66, 25)
(109, 25)
(100, 25)
[0.62251667 0.94749961 1.42998372]
Classification: 1.0 0.9833333333333333 70
(66, 25)
(109, 25)
(100, 25)
[0.56912062 1.03435465 1.39652473]
Classification: 1.0 0.9833333333333333 71
(66, 25)
(109, 25)
(100, 25)
[0.59393631 1.00467077 1.40139292]
Classification: 1.0 0.9833333333333333 72
(66, 25)
(109, 25)
(100, 25)
[0.57901677 1.0161778  1.40480543]
Classification: 1.0 0.9833333333333333 73
(66, 25)
(109, 25)
(100, 25)
[0.55407515 1.01781026 1.42811459]
Classification: 1.0 0.9833333333333333 74
(66, 25)
(109, 25)
(100, 25)
[0.63244187 0.97084387 1.39671426]
Classification: 1.0 0.9833333333333333 75
(66, 25)
(109, 25)
(100, 25)
[0.56667436 1.03250032 1.40082532]
Classification: 1.0 0.9833333333333333 76
(66, 25)
(109, 25)
(100, 25)
[0.63297685 0.95684662 1.41017652]
Classification: 1.0 0.9833333333333333 77
(66, 25)
(109, 25)
(100, 25)
[0.56241954 0.96232842 1.47525204]
Classification: 1.0 0.9833333333333333 78
(66, 25)
(109, 25)
(100, 25)
[0.50875851 1.03478011 1.45646137]
Classification: 1.0 0.9833333333333333 79
(66, 25)
(109, 25)
(100, 25)
[0.56982463 0.96576517 1.4644102 ]
Classification: 1.0 0.9833333333333333 80
(66, 25)
(109, 25)
(100, 25)
[0.55344921 1.0130671  1.43348369]
Classification: 1.0 0.9833333333333333 81
(66, 25)
(109, 25)
(100, 25)
[0.59061637 1.01526241 1.39412122]
Classification: 1.0 0.9833333333333333 82
(66, 25)
(109, 25)
(100, 25)
[0.61218344 0.95758006 1.43023651]
Classification: 1.0 0.9833333333333333 83
(66, 25)
(109, 25)
(100, 25)
[0.61883341 1.00969841 1.37146818]
Classification: 1.0 0.9833333333333333 84
(66, 25)
(109, 25)
(100, 25)
[0.57129698 1.03376329 1.39493973]
Classification: 1.0 0.9833333333333333 85
(66, 25)
(109, 25)
(100, 25)
[0.5906264  1.01248871 1.3968849 ]
Classification: 1.0 0.9833333333333333 86
(66, 25)
(109, 25)
(100, 25)
[0.58557631 1.04906947 1.36535422]
Classification: 1.0 0.9833333333333333 87
(66, 25)
(109, 25)
(100, 25)
[0.62507166 0.96634742 1.40858092]
Classification: 1.0 0.9833333333333333 88
(66, 25)
(109, 25)
(100, 25)
[0.61504272 1.03646232 1.34849496]
Classification: 1.0 0.9833333333333333 89
(66, 25)
(109, 25)
(100, 25)
[0.56734549 1.08476226 1.34789225]
Classification: 1.0 0.9833333333333333 90
(66, 25)
(109, 25)
(100, 25)
[0.59090975 0.9698065  1.43928374]
Classification: 1.0 0.9833333333333333 91
(66, 25)
(109, 25)
(100, 25)
[0.62155591 1.02082478 1.3576193 ]
Classification: 1.0 0.9833333333333333 92
(66, 25)
(109, 25)
(100, 25)
[0.5182011  1.09480353 1.38699538]
Classification: 1.0 0.9833333333333333 93
(66, 25)
(109, 25)
(100, 25)
[0.5289384  1.03541988 1.43564171]
Classification: 1.0 0.9833333333333333 94
(66, 25)
(109, 25)
(100, 25)
[0.59152024 1.08719518 1.32128458]
Classification: 1.0 0.9833333333333333 95
(66, 25)
(109, 25)
(100, 25)
[0.56807198 1.0245653  1.40736272]
Classification: 1.0 0.9833333333333333 96
(66, 25)
(109, 25)
(100, 25)
[0.56723699 0.92879701 1.503966  ]
Classification: 1.0 0.9833333333333333 97
(66, 25)
(109, 25)
(100, 25)
[0.58252359 1.04847673 1.36899968]
Classification: 1.0 0.9833333333333333 98
(66, 25)
(109, 25)
(100, 25)
[0.60658126 0.99668796 1.39673077]
Classification: 1.0 0.9833333333333333 99
(66, 25)
(109, 25)
(100, 25)
[0.60266976 0.97474517 1.42258507]
Classification: 1.0 0.9833333333333333 100
(66, 25)
(109, 25)
(100, 25)
[0.57706836 1.08220581 1.34072583]
Classification: 1.0 0.9833333333333333 101
(66, 25)
(109, 25)
(100, 25)
[0.59065111 1.03975607 1.36959282]
Classification: 1.0 0.9833333333333333 102
(66, 25)
(109, 25)
(100, 25)
[0.56102515 1.04727766 1.39169719]
Classification: 1.0 0.9833333333333333 103
(66, 25)
(109, 25)
(100, 25)
[0.58674445 1.02866175 1.3845938 ]
Classification: 1.0 0.9833333333333333 104
(66, 25)
(109, 25)
(100, 25)
[0.58943189 1.02668131 1.3838868 ]
Classification: 1.0 0.9833333333333333 105
(66, 25)
(109, 25)
(100, 25)
[0.53842553 1.05676005 1.40481442]
Classification: 1.0 0.9833333333333333 106
(66, 25)
(109, 25)
(100, 25)
[0.61084016 1.00477454 1.3843853 ]
Classification: 1.0 0.9833333333333333 107
(66, 25)
(109, 25)
(100, 25)
[0.57448344 1.08767034 1.33784622]
Classification: 1.0 0.9833333333333333 108
(66, 25)
(109, 25)
(100, 25)
[0.60149317 1.02600239 1.37250444]
Classification: 1.0 0.9833333333333333 109
(66, 25)
(109, 25)
(100, 25)
[0.58371176 0.97844527 1.43784297]
Classification: 1.0 0.9833333333333333 110
(66, 25)
(109, 25)
(100, 25)
[0.58471749 0.99349942 1.42178309]
Classification: 1.0 0.9833333333333333 111
(66, 25)
(109, 25)
(100, 25)
[0.55197336 1.01698604 1.4310406 ]
Classification: 1.0 0.9833333333333333 112
(66, 25)
(109, 25)
(100, 25)
[0.60327738 1.02079621 1.37592641]
Classification: 1.0 0.9833333333333333 113
(66, 25)
(109, 25)
(100, 25)
[0.61165542 0.93438467 1.45395991]
Classification: 1.0 0.9833333333333333 114
(66, 25)
(109, 25)
(100, 25)
[0.62110782 1.0269667  1.35192548]
Classification: 1.0 0.9833333333333333 115
(66, 25)
(109, 25)
(100, 25)
[0.59081996 0.98889493 1.42028511]
Classification: 1.0 0.9833333333333333 116
(66, 25)
(109, 25)
(100, 25)
[0.57021365 1.05423924 1.3755471 ]
Classification: 1.0 0.9833333333333333 117
(66, 25)
(109, 25)
(100, 25)
[0.56610183 1.01951174 1.41438643]
Classification: 1.0 0.9833333333333333 118
(66, 25)
(109, 25)
(100, 25)
[0.59956052 1.04934384 1.35109564]
Classification: 1.0 0.9833333333333333 119
(66, 25)
(109, 25)
(100, 25)
[0.5912386  1.04429909 1.36446231]
Classification: 1.0 0.9833333333333333 120
(66, 25)
(109, 25)
(100, 25)
[0.56945991 1.06399053 1.36654956]
Classification: 1.0 0.9833333333333333 121
(66, 25)
(109, 25)
(100, 25)
[0.57742473 0.98275029 1.43982497]
Classification: 1.0 0.9833333333333333 122
(66, 25)
(109, 25)
(100, 25)
[0.55358065 1.09352608 1.35289327]
Classification: 1.0 0.9833333333333333 123
(66, 25)
(109, 25)
(100, 25)
[0.66300247 0.99960441 1.33739311]
Classification: 1.0 0.9833333333333333 124
(66, 25)
(109, 25)
(100, 25)
[0.61109788 1.11524846 1.27365366]
Classification: 1.0 0.9833333333333333 125
(66, 25)
(109, 25)
(100, 25)
[0.60478976 0.99416364 1.4010466 ]
Classification: 1.0 0.9833333333333333 126
(66, 25)
(109, 25)
(100, 25)
[0.63666441 1.06652991 1.29680568]
Classification: 1.0 0.9833333333333333 127
(66, 25)
(109, 25)
(100, 25)
[0.59591315 1.08481741 1.31926944]
Classification: 1.0 0.9833333333333333 128
(66, 25)
(109, 25)
(100, 25)
[0.64449461 0.99605631 1.35944907]
Classification: 1.0 0.9833333333333333 129
(66, 25)
(109, 25)
(100, 25)
[0.61103668 0.98443978 1.40452354]
Classification: 1.0 0.9833333333333333 130
(66, 25)
(109, 25)
(100, 25)
[0.57784132 1.05385874 1.36829995]
Classification: 1.0 0.9833333333333333 131
(66, 25)
(109, 25)
(100, 25)
[0.63002178 1.02416154 1.34581668]
Classification: 1.0 0.9833333333333333 132
(66, 25)
(109, 25)
(100, 25)
[0.58789021 1.05091839 1.36119139]
Classification: 1.0 0.9833333333333333 133
(66, 25)
(109, 25)
(100, 25)
[0.63698067 1.03859844 1.32442089]
Classification: 1.0 0.9833333333333333 134
(66, 25)
(109, 25)
(100, 25)
[0.57938789 1.1372759  1.2833362 ]
Classification: 1.0 0.9833333333333333 135
(66, 25)
(109, 25)
(100, 25)
[0.61811575 0.99930651 1.38257774]
Classification: 1.0 0.9833333333333333 136
(66, 25)
(109, 25)
(100, 25)
[0.63524505 1.02774262 1.33701232]
Classification: 1.0 0.9833333333333333 137
(66, 25)
(109, 25)
(100, 25)
[0.56300759 1.01928014 1.41771227]
Classification: 1.0 0.9833333333333333 138
(66, 25)
(109, 25)
(100, 25)
[0.5578176  1.11169977 1.33048262]
Classification: 1.0 0.9833333333333333 139
(66, 25)
(109, 25)
(100, 25)
[0.60212999 0.99701814 1.40085187]
Classification: 1.0 0.9833333333333333 140
(66, 25)
(109, 25)
(100, 25)
[0.62219757 1.0458613  1.33194112]
Classification: 1.0 0.9833333333333333 141
(66, 25)
(109, 25)
(100, 25)
[0.61325042 1.02092599 1.3658236 ]
Classification: 1.0 0.9833333333333333 142
(66, 25)
(109, 25)
(100, 25)
[0.62551022 1.05924636 1.31524341]
Classification: 1.0 0.9833333333333333 143
(66, 25)
(109, 25)
(100, 25)
[0.57985671 1.12310358 1.29703971]
Classification: 1.0 0.9833333333333333 144
(66, 25)
(109, 25)
(100, 25)
[0.59412408 1.09053317 1.31534275]
Classification: 1.0 0.9833333333333333 145
(66, 25)
(109, 25)
(100, 25)
[0.62694545 0.96695516 1.40609939]
Classification: 1.0 0.9833333333333333 146
(66, 25)
(109, 25)
(100, 25)
[0.56200934 1.0588379  1.37915276]
Classification: 1.0 0.9833333333333333 147
(66, 25)
(109, 25)
(100, 25)
[0.56887476 1.04912413 1.3820011 ]
Classification: 1.0 0.9833333333333333 148
(66, 25)
(109, 25)
(100, 25)
[0.58026947 1.04816063 1.37156989]
Classification: 1.0 0.9833333333333333 149
(66, 25)
(109, 25)
(100, 25)
[0.5680615  1.04761947 1.38431903]
Classification: 1.0 0.9833333333333333 150
(66, 25)
(109, 25)
(100, 25)
[0.59384792 1.08737206 1.31878001]
Classification: 1.0 0.9833333333333333 151
(66, 25)
(109, 25)
(100, 25)
[0.58560164 1.00381109 1.41058727]
Classification: 1.0 0.9833333333333333 152
(66, 25)
(109, 25)
(100, 25)
[0.56033115 0.98780117 1.45186768]
Classification: 1.0 0.9833333333333333 153
(66, 25)
(109, 25)
(100, 25)
[0.61696246 1.03263119 1.35040635]
Classification: 1.0 0.9833333333333333 154
(66, 25)
(109, 25)
(100, 25)
[0.62355067 1.05218904 1.32426029]
Classification: 1.0 0.9833333333333333 155
(66, 25)
(109, 25)
(100, 25)
[0.58988843 1.09246205 1.31764952]
Classification: 1.0 0.9833333333333333 156
(66, 25)
(109, 25)
(100, 25)
[0.56376912 1.08112853 1.35510235]
Classification: 1.0 0.9833333333333333 157
(66, 25)
(109, 25)
(100, 25)
[0.59367994 1.02716141 1.37915865]
Classification: 1.0 0.9833333333333333 158
(66, 25)
(109, 25)
(100, 25)
[0.5751594  1.01454905 1.41029155]
Classification: 1.0 0.9833333333333333 159
(66, 25)
(109, 25)
(100, 25)
[0.5629244  1.03358587 1.40348973]
Classification: 1.0 0.9833333333333333 160
(66, 25)
(109, 25)
(100, 25)
[0.6084347  0.99830098 1.39326433]
Classification: 1.0 0.9833333333333333 161
(66, 25)
(109, 25)
(100, 25)
[0.60202223 1.05263458 1.34534318]
Classification: 1.0 0.9833333333333333 162
(66, 25)
(109, 25)
(100, 25)
[0.58036763 1.04819076 1.37144161]
Classification: 1.0 0.9833333333333333 163
(66, 25)
(109, 25)
(100, 25)
[0.60271811 1.07943807 1.31784381]
Classification: 1.0 0.9833333333333333 164
(66, 25)
(109, 25)
(100, 25)
[0.58893634 1.06781734 1.34324633]
Classification: 1.0 0.9833333333333333 165
(66, 25)
(109, 25)
(100, 25)
[0.59684484 1.03482596 1.36832921]
Classification: 1.0 0.9833333333333333 166
(66, 25)
(109, 25)
(100, 25)
[0.55229033 1.04484184 1.40286784]
Classification: 1.0 0.9833333333333333 167
(66, 25)
(109, 25)
(100, 25)
[0.5948698  1.08176903 1.32336117]
Classification: 1.0 0.9833333333333333 168
(66, 25)
(109, 25)
(100, 25)
[0.57080772 1.02601985 1.40317244]
Classification: 1.0 0.9866666666666667 169
(66, 25)
(109, 25)
(100, 25)
[0.59273482 1.05404733 1.35321784]
Classification: 1.0 0.9833333333333333 170
(66, 25)
(109, 25)
(100, 25)
[0.57280143 1.106184   1.32101457]
Classification: 1.0 0.9833333333333333 171
(66, 25)
(109, 25)
(100, 25)
[0.63228188 1.0400749  1.32764322]
Classification: 1.0 0.9833333333333333 172
(66, 25)
(109, 25)
(100, 25)
[0.59872183 0.97377673 1.42750144]
Classification: 1.0 0.9866666666666667 173
(66, 25)
(109, 25)
(100, 25)
[0.63752566 1.02216024 1.34031409]
Classification: 1.0 0.9833333333333333 174
(66, 25)
(109, 25)
(100, 25)
[0.55132082 1.02339252 1.42528665]
Classification: 1.0 0.9833333333333333 175
(66, 25)
(109, 25)
(100, 25)
[0.61061469 1.00003036 1.38935495]
Classification: 1.0 0.9866666666666667 176
(66, 25)
(109, 25)
(100, 25)
[0.56314421 1.08476132 1.35209447]
Classification: 1.0 0.9866666666666667 177
(66, 25)
(109, 25)
(100, 25)
[0.62544264 1.07605127 1.29850609]
Classification: 1.0 0.9833333333333333 178
(66, 25)
(109, 25)
(100, 25)
[0.60933358 1.0194906  1.37117582]
Classification: 1.0 0.9866666666666667 179
(66, 25)
(109, 25)
(100, 25)
[0.58823109 1.07398124 1.33778767]
Classification: 1.0 0.9833333333333333 180
(66, 25)
(109, 25)
(100, 25)
[0.62428619 1.07531895 1.30039485]
Classification: 1.0 0.9833333333333333 181
(66, 25)
(109, 25)
(100, 25)
[0.57751169 1.0054846  1.41700371]
Classification: 1.0 0.9833333333333333 182
(66, 25)
(109, 25)
(100, 25)
[0.58753715 1.06330905 1.3491538 ]
Classification: 1.0 0.9833333333333333 183
(66, 25)
(109, 25)
(100, 25)
[0.59876658 1.05735992 1.3438735 ]
Classification: 1.0 0.9866666666666667 184
(66, 25)
(109, 25)
(100, 25)
[0.56715935 1.09208264 1.34075802]
Classification: 1.0 0.9833333333333333 185
(66, 25)
(109, 25)
(100, 25)
[0.60075913 1.06690669 1.33233419]
Classification: 1.0 0.9866666666666667 186
(66, 25)
(109, 25)
(100, 25)
[0.64964439 1.05899577 1.29135983]
Classification: 1.0 0.9866666666666667 187
(66, 25)
(109, 25)
(100, 25)
[0.53249847 1.14319586 1.32430567]
Classification: 1.0 0.9866666666666667 188
(66, 25)
(109, 25)
(100, 25)
[0.58709896 1.01463524 1.3982658 ]
Classification: 1.0 0.9866666666666667 189
(66, 25)
(109, 25)
(100, 25)
[0.62304338 1.11174403 1.26521259]
Classification: 1.0 0.9866666666666667 190
(66, 25)
(109, 25)
(100, 25)
[0.56327709 1.01204785 1.42467507]
Classification: 1.0 0.9833333333333333 191
(66, 25)
(109, 25)
(100, 25)
[0.61692442 1.02702214 1.35605344]
Classification: 1.0 0.9866666666666667 192
(66, 25)
(109, 25)
(100, 25)
[0.61990201 1.01775729 1.3623407 ]
Classification: 1.0 0.9866666666666667 193
(66, 25)
(109, 25)
(100, 25)
[0.63252392 1.0667066  1.30076948]
Classification: 1.0 0.9866666666666667 194
(66, 25)
(109, 25)
(100, 25)
[0.63804406 1.10049264 1.2614633 ]
Classification: 1.0 0.9833333333333333 195
(66, 25)
(109, 25)
(100, 25)
[0.5676851  1.10945069 1.32286421]
Classification: 1.0 0.9866666666666667 196
(66, 25)
(109, 25)
(100, 25)
[0.61751134 1.07105667 1.311432  ]
Classification: 1.0 0.9866666666666667 197
(66, 25)
(109, 25)
(100, 25)
[0.59766852 0.999322   1.40300947]
Classification: 1.0 0.9866666666666667 198
(66, 25)
(109, 25)
(100, 25)
[0.59321603 1.0584302  1.34835377]
Classification: 1.0 0.9866666666666667 199
(66, 25)
(109, 25)
(100, 25)
[0.57555644 1.09499473 1.32944883]
Classification: 1.0 0.9866666666666667 200
(66, 25)
(109, 25)
(100, 25)
[0.66569493 1.06242264 1.27188243]
Classification: 1.0 0.9866666666666667 201
(66, 25)
(109, 25)
(100, 25)
[0.58728075 1.08184313 1.33087611]
Classification: 1.0 0.9866666666666667 202
(66, 25)
(109, 25)
(100, 25)
[0.59654553 1.09918335 1.30427112]
Classification: 1.0 0.9866666666666667 203
(66, 25)
(109, 25)
(100, 25)
[0.57594214 1.14296805 1.28108981]
Classification: 1.0 0.9866666666666667 204
(66, 25)
(109, 25)
(100, 25)
[0.62355742 1.12300442 1.25343816]
Classification: 1.0 0.9866666666666667 205
(66, 25)
(109, 25)
(100, 25)
[0.60353861 0.99120346 1.40525793]
Classification: 1.0 0.9866666666666667 206
(66, 25)
(109, 25)
(100, 25)
[0.64318995 1.00380516 1.3530049 ]
Classification: 1.0 0.9866666666666667 207
(66, 25)
(109, 25)
(100, 25)
[0.63718949 1.09818549 1.26462502]
Classification: 1.0 0.9866666666666667 208
(66, 25)
(109, 25)
(100, 25)
[0.59810264 1.08300108 1.31889628]
Classification: 1.0 0.9866666666666667 209
(66, 25)
(109, 25)
(100, 25)
[0.62012108 1.10357268 1.27630624]
Classification: 1.0 0.9866666666666667 210
(66, 25)
(109, 25)
(100, 25)
[0.63695989 1.01232622 1.3507139 ]
Classification: 1.0 0.9866666666666667 211
(66, 25)
(109, 25)
(100, 25)
[0.62752763 1.0535941  1.31887826]
Classification: 1.0 0.9866666666666667 212
(66, 25)
(109, 25)
(100, 25)
[0.58951408 1.07622333 1.33426259]
Classification: 1.0 0.9866666666666667 213
(66, 25)
(109, 25)
(100, 25)
[0.64491173 1.0515618  1.30352647]
Classification: 1.0 0.9866666666666667 214
(66, 25)
(109, 25)
(100, 25)
[0.58558455 1.10314937 1.31126609]
Classification: 1.0 0.9866666666666667 215
(66, 25)
(109, 25)
(100, 25)
[0.59302319 1.11024205 1.29673476]
Classification: 1.0 0.9866666666666667 216
(66, 25)
(109, 25)
(100, 25)
[0.62293107 1.07616716 1.30090178]
Classification: 1.0 0.9866666666666667 217
(66, 25)
(109, 25)
(100, 25)
[0.63792115 1.06385778 1.29822107]
Classification: 1.0 0.9866666666666667 218
(66, 25)
(109, 25)
(100, 25)
[0.6667638  1.01637242 1.31686378]
Classification: 1.0 0.9866666666666667 219
(66, 25)
(109, 25)
(100, 25)
[0.63217587 1.07047158 1.29735255]
Classification: 1.0 0.9866666666666667 220
(66, 25)
(109, 25)
(100, 25)
[0.56020569 1.09535249 1.34444182]
Classification: 1.0 0.9866666666666667 221
(66, 25)
(109, 25)
(100, 25)
[0.59197227 1.11564587 1.29238186]
Classification: 1.0 0.9866666666666667 222
(66, 25)
(109, 25)
(100, 25)
[0.66791965 1.01851618 1.31356418]
Classification: 1.0 0.9866666666666667 223
(66, 25)
(109, 25)
(100, 25)
[0.56477179 1.07734818 1.35788003]
Classification: 1.0 0.9866666666666667 224
(66, 25)
(109, 25)
(100, 25)
[0.60222629 1.06222906 1.33554465]
Classification: 1.0 0.9866666666666667 225
(66, 25)
(109, 25)
(100, 25)
[0.63746484 1.10140339 1.26113177]
Classification: 1.0 0.9866666666666667 226
(66, 25)
(109, 25)
(100, 25)
[0.64124277 1.00080949 1.35794774]
Classification: 1.0 0.9866666666666667 227
(66, 25)
(109, 25)
(100, 25)
[0.61490537 1.08458693 1.3005077 ]
Classification: 1.0 0.9866666666666667 228
(66, 25)
(109, 25)
(100, 25)
[0.59577735 1.07673089 1.32749176]
Classification: 1.0 0.9866666666666667 229
(66, 25)
(109, 25)
(100, 25)
[0.5861219  1.05004006 1.36383804]
Classification: 1.0 0.9866666666666667 230
(66, 25)
(109, 25)
(100, 25)
[0.59620119 1.09145992 1.31233889]
Classification: 1.0 0.9866666666666667 231
(66, 25)
(109, 25)
(100, 25)
[0.65377636 1.06866871 1.27755494]
Classification: 1.0 0.9866666666666667 232
(66, 25)
(109, 25)
(100, 25)
[0.60260891 1.0778     1.3195911 ]
Classification: 1.0 0.9866666666666667 233
(66, 25)
(109, 25)
(100, 25)
[0.55328729 1.12095324 1.32575946]
Classification: 1.0 0.9866666666666667 234
(66, 25)
(109, 25)
(100, 25)
[0.58706043 1.102203   1.31073657]
Classification: 1.0 0.9866666666666667 235
(66, 25)
(109, 25)
(100, 25)
[0.61456987 1.14946242 1.23596771]
Classification: 1.0 0.9866666666666667 236
(66, 25)
(109, 25)
(100, 25)
[0.66546226 1.09284525 1.24169249]
Classification: 1.0 0.9866666666666667 237
(66, 25)
(109, 25)
(100, 25)
[0.58433445 1.14782126 1.26784429]
Classification: 1.0 0.9866666666666667 238
(66, 25)
(109, 25)
(100, 25)
[0.59272532 1.12692185 1.28035283]
Classification: 1.0 0.9866666666666667 239
(66, 25)
(109, 25)
(100, 25)
[0.61969171 1.17518277 1.20512552]
Classification: 1.0 0.9866666666666667 240
(66, 25)
(109, 25)
(100, 25)
[0.68990768 1.04056265 1.26952967]
Classification: 1.0 0.9866666666666667 241
(66, 25)
(109, 25)
(100, 25)
[0.64053118 1.06896616 1.29050266]
Classification: 1.0 0.9866666666666667 242
(66, 25)
(109, 25)
(100, 25)
[0.56331556 1.05189333 1.38479111]
Classification: 1.0 0.9866666666666667 243
(66, 25)
(109, 25)
(100, 25)
[0.61706453 1.07350256 1.30943291]
Classification: 1.0 0.9866666666666667 244
(66, 25)
(109, 25)
(100, 25)
[0.64075717 1.04913836 1.31010447]
Classification: 1.0 0.9866666666666667 245
(66, 25)
(109, 25)
(100, 25)
[0.62416891 0.99430695 1.38152414]
Classification: 1.0 0.9866666666666667 246
(66, 25)
(109, 25)
(100, 25)
[0.59371193 1.0726212  1.33366686]
Classification: 1.0 0.9866666666666667 247
(66, 25)
(109, 25)
(100, 25)
[0.65691918 1.10252844 1.24055238]
Classification: 1.0 0.9866666666666667 248
(66, 25)
(109, 25)
(100, 25)
[0.60782633 1.01928557 1.3728881 ]
Classification: 1.0 0.9866666666666667 249
(66, 25)
(109, 25)
(100, 25)
[0.56937099 1.08475032 1.34587869]
Classification: 1.0 0.9866666666666667 250
(66, 25)
(109, 25)
(100, 25)
[0.6141562 1.1254875 1.2603563]
Classification: 1.0 0.9866666666666667 251
(66, 25)
(109, 25)
(100, 25)
[0.65907369 1.07214367 1.26878265]
Classification: 1.0 0.9866666666666667 252
(66, 25)
(109, 25)
(100, 25)
[0.58869268 1.09724572 1.3140616 ]
Classification: 1.0 0.9866666666666667 253
(66, 25)
(109, 25)
(100, 25)
[0.63680588 1.08017021 1.28302391]
Classification: 1.0 0.9866666666666667 254
(66, 25)
(109, 25)
(100, 25)
[0.62641715 1.14531214 1.22827071]
Classification: 1.0 0.9866666666666667 255
(66, 25)
(109, 25)
(100, 25)
[0.6609332  1.12557381 1.21349298]
Classification: 1.0 0.9866666666666667 256
(66, 25)
(109, 25)
(100, 25)
[0.62745437 1.12486585 1.24767978]
Classification: 1.0 0.9866666666666667 257
(66, 25)
(109, 25)
(100, 25)
[0.60858104 1.09218127 1.29923768]
Classification: 1.0 0.9866666666666667 258
(66, 25)
(109, 25)
(100, 25)
[0.62488187 1.05246499 1.32265313]
Classification: 1.0 0.9866666666666667 259
(66, 25)
(109, 25)
(100, 25)
[0.6436195  1.14656683 1.20981367]
Classification: 1.0 0.9866666666666667 260
(66, 25)
(109, 25)
(100, 25)
[0.64432627 1.04093308 1.31474065]
Classification: 1.0 0.9866666666666667 261
(66, 25)
(109, 25)
(100, 25)
[0.58564482 1.156912   1.25744318]
Classification: 1.0 0.9866666666666667 262
(66, 25)
(109, 25)
(100, 25)
[0.62434286 1.08074955 1.29490759]
Classification: 1.0 0.9866666666666667 263
(66, 25)
(109, 25)
(100, 25)
[0.58646253 1.06835977 1.3451777 ]
Classification: 1.0 0.9866666666666667 264
(66, 25)
(109, 25)
(100, 25)
[0.65511471 1.08661819 1.2582671 ]
Classification: 1.0 0.9866666666666667 265
(66, 25)
(109, 25)
(100, 25)
[0.68022805 1.19163154 1.1281404 ]
Classification: 1.0 0.9866666666666667 266
(66, 25)
(109, 25)
(100, 25)
[0.63362994 1.18067301 1.18569705]
Classification: 1.0 0.9866666666666667 267
(66, 25)
(109, 25)
(100, 25)
[0.65471204 1.10198029 1.24330767]
Classification: 1.0 0.9866666666666667 268
(66, 25)
(109, 25)
(100, 25)
[0.59525465 1.11351001 1.29123533]
Classification: 1.0 0.9866666666666667 269
(66, 25)
(109, 25)
(100, 25)
[0.55994316 1.19088315 1.24917369]
Classification: 1.0 0.9866666666666667 270
(66, 25)
(109, 25)
(100, 25)
[0.6044406  1.16046778 1.23509162]
Classification: 1.0 0.9866666666666667 271
(66, 25)
(109, 25)
(100, 25)
[0.61724662 1.08181352 1.30093986]
Classification: 1.0 0.9866666666666667 272
(66, 25)
(109, 25)
(100, 25)
[0.663684   1.02451946 1.31179654]
Classification: 1.0 0.9866666666666667 273
(66, 25)
(109, 25)
(100, 25)
[0.60226101 1.11263814 1.28510085]
Classification: 1.0 0.9866666666666667 274
(66, 25)
(109, 25)
(100, 25)
[0.60901734 1.12648134 1.26450132]
Classification: 1.0 0.9866666666666667 275
(66, 25)
(109, 25)
(100, 25)
[0.60144271 1.08536017 1.31319712]
Classification: 1.0 0.9866666666666667 276
(66, 25)
(109, 25)
(100, 25)
[0.59529202 1.09120043 1.31350756]
Classification: 1.0 0.9866666666666667 277
(66, 25)
(109, 25)
(100, 25)
[0.62082354 1.09656064 1.28261581]
Classification: 1.0 0.9866666666666667 278
(66, 25)
(109, 25)
(100, 25)
[0.59064511 1.09965301 1.30970188]
Classification: 1.0 0.9866666666666667 279
(66, 25)
(109, 25)
(100, 25)
[0.61965851 1.14697432 1.23336717]
Classification: 1.0 0.9866666666666667 280
(66, 25)
(109, 25)
(100, 25)
[0.60814696 1.16727561 1.22457742]
Classification: 1.0 0.9866666666666667 281
(66, 25)
(109, 25)
(100, 25)
[0.58487203 1.16050463 1.25462334]
Classification: 1.0 0.9866666666666667 282
(66, 25)
(109, 25)
(100, 25)
[0.58459962 1.16942642 1.24597396]
Classification: 1.0 0.9866666666666667 283
(66, 25)
(109, 25)
(100, 25)
[0.65182157 1.07702926 1.27114917]
Classification: 1.0 0.9866666666666667 284
(66, 25)
(109, 25)
(100, 25)
[0.6088129  1.10708587 1.28410123]
Classification: 1.0 0.9866666666666667 285
(66, 25)
(109, 25)
(100, 25)
[0.66108126 1.05611645 1.28280229]
Classification: 1.0 0.9866666666666667 286
(66, 25)
(109, 25)
(100, 25)
[0.54676211 1.10319231 1.35004558]
Classification: 1.0 0.9866666666666667 287
(66, 25)
(109, 25)
(100, 25)
[0.57766628 1.12111007 1.30122365]
Classification: 1.0 0.9866666666666667 288
(66, 25)
(109, 25)
(100, 25)
[0.57973347 1.12197929 1.29828723]
Classification: 1.0 0.9866666666666667 289
(66, 25)
(109, 25)
(100, 25)
[0.61896027 1.12481657 1.25622316]
Classification: 1.0 0.9866666666666667 290
(66, 25)
(109, 25)
(100, 25)
[0.61592407 1.08501127 1.29906467]
Classification: 1.0 0.9866666666666667 291
(66, 25)
(109, 25)
(100, 25)
[0.61234398 1.18463151 1.2030245 ]
Classification: 1.0 0.9866666666666667 292
(66, 25)
(109, 25)
(100, 25)
[0.57090295 1.11498306 1.31411399]
Classification: 1.0 0.9866666666666667 293
(66, 25)
(109, 25)
(100, 25)
[0.62293171 1.08929922 1.28776907]
Classification: 1.0 0.9866666666666667 294
(66, 25)
(109, 25)
(100, 25)
[0.53275315 1.13739549 1.32985136]
Classification: 1.0 0.9866666666666667 295
(66, 25)
(109, 25)
(100, 25)
[0.62447469 1.04875938 1.32676592]
Classification: 1.0 0.9866666666666667 296
(66, 25)
(109, 25)
(100, 25)
[0.65110098 1.06982686 1.27907216]
Classification: 1.0 0.9866666666666667 297
(66, 25)
(109, 25)
(100, 25)
[0.62213851 1.05561458 1.32224691]
Classification: 1.0 0.9866666666666667 298
(66, 25)
(109, 25)
(100, 25)
[0.59235554 1.09169851 1.31594595]
Classification: 1.0 0.9866666666666667 299
(66, 25)
(109, 25)
(100, 25)
[0.59825945 1.15266041 1.24908014]
Classification: 1.0 0.9866666666666667 300
(66, 25)
(109, 25)
(100, 25)
[0.6153918  1.10668027 1.27792793]
Classification: 1.0 0.9866666666666667 301
(66, 25)
(109, 25)
(100, 25)
[0.65299287 1.10339787 1.24360926]
Classification: 1.0 0.9866666666666667 302
(66, 25)
(109, 25)
(100, 25)
[0.59514018 1.04534256 1.35951725]
Classification: 1.0 0.9866666666666667 303
(66, 25)
(109, 25)
(100, 25)
[0.61506925 1.05451408 1.33041667]
Classification: 1.0 0.9866666666666667 304
(66, 25)
(109, 25)
(100, 25)
[0.58588547 1.14537493 1.2687396 ]
Classification: 1.0 0.9866666666666667 305
(66, 25)
(109, 25)
(100, 25)
[0.58768414 1.14433907 1.26797679]
Classification: 1.0 0.9866666666666667 306
(66, 25)
(109, 25)
(100, 25)
[0.63705946 1.03039346 1.33254708]
Classification: 1.0 0.9866666666666667 307
(66, 25)
(109, 25)
(100, 25)
[0.62087964 1.09755595 1.28156441]
Classification: 1.0 0.9866666666666667 308
(66, 25)
(109, 25)
(100, 25)
[0.62197896 1.02012416 1.35789688]
Classification: 1.0 0.9866666666666667 309
(66, 25)
(109, 25)
(100, 25)
[0.60521375 1.12414179 1.27064447]
Classification: 1.0 0.9866666666666667 310
(66, 25)
(109, 25)
(100, 25)
[0.57437548 1.18737179 1.23825272]
Classification: 1.0 0.9866666666666667 311
(66, 25)
(109, 25)
(100, 25)
[0.57986314 1.1080645  1.31207236]
Classification: 1.0 0.9866666666666667 312
(66, 25)
(109, 25)
(100, 25)
[0.57844248 1.1542028  1.26735472]
Classification: 1.0 0.9866666666666667 313
(66, 25)
(109, 25)
(100, 25)
[0.58653823 1.09334855 1.32011322]
Classification: 1.0 0.9866666666666667 314
(66, 25)
(109, 25)
(100, 25)
[0.56852565 1.14441156 1.2870628 ]
Classification: 1.0 0.9866666666666667 315
(66, 25)
(109, 25)
(100, 25)
[0.59139026 1.14610774 1.262502  ]
Classification: 1.0 0.9866666666666667 316
(66, 25)
(109, 25)
(100, 25)
[0.6219012  1.08537588 1.29272292]
Classification: 1.0 0.9866666666666667 317
(66, 25)
(109, 25)
(100, 25)
[0.57033295 1.11575545 1.3139116 ]
Classification: 1.0 0.9866666666666667 318
(66, 25)
(109, 25)
(100, 25)
[0.589008   1.06435438 1.34663761]
Classification: 1.0 0.9866666666666667 319
(66, 25)
(109, 25)
(100, 25)
[0.55323823 1.11276148 1.33400029]
Classification: 1.0 0.9866666666666667 320
(66, 25)
(109, 25)
(100, 25)
[0.63030341 1.18720564 1.18249095]
Classification: 1.0 0.9866666666666667 321
(66, 25)
(109, 25)
(100, 25)
[0.61641689 1.03181994 1.35176317]
Classification: 1.0 0.9866666666666667 322
(66, 25)
(109, 25)
(100, 25)
[0.59160367 1.13271819 1.27567814]
Classification: 1.0 0.9866666666666667 323
(66, 25)
(109, 25)
(100, 25)
[0.57306631 1.10073482 1.32619887]
Classification: 1.0 0.9866666666666667 324
(66, 25)
(109, 25)
(100, 25)
[0.69052265 1.07155702 1.23792033]
Classification: 1.0 0.9866666666666667 325
(66, 25)
(109, 25)
(100, 25)
[0.63884952 1.07881921 1.28233127]
Classification: 1.0 0.9866666666666667 326
(66, 25)
(109, 25)
(100, 25)
[0.63029616 1.09707211 1.27263173]
Classification: 1.0 0.9866666666666667 327
(66, 25)
(109, 25)
(100, 25)
[0.60381436 1.11446029 1.28172535]
Classification: 1.0 0.9866666666666667 328
(66, 25)
(109, 25)
(100, 25)
[0.64183599 1.16893082 1.18923319]
Classification: 1.0 0.9866666666666667 329
(66, 25)
(109, 25)
(100, 25)
[0.65086521 1.08180129 1.2673335 ]
Classification: 1.0 0.9866666666666667 330
(66, 25)
(109, 25)
(100, 25)
[0.62670317 1.08734245 1.28595438]
Classification: 1.0 0.9866666666666667 331
(66, 25)
(109, 25)
(100, 25)
[0.62899141 1.11644121 1.25456739]
Classification: 1.0 0.9866666666666667 332
(66, 25)
(109, 25)
(100, 25)
[0.66310994 1.07815744 1.25873262]
Classification: 1.0 0.9866666666666667 333
(66, 25)
(109, 25)
(100, 25)
[0.63100939 1.11747465 1.25151596]
Classification: 1.0 0.9866666666666667 334
(66, 25)
(109, 25)
(100, 25)
[0.61565111 1.09717474 1.28717415]
Classification: 1.0 0.9866666666666667 335
(66, 25)
(109, 25)
(100, 25)
[0.59103727 1.06941888 1.33954385]
Classification: 1.0 0.9866666666666667 336
(66, 25)
(109, 25)
(100, 25)
[0.57483121 1.1022141  1.32295469]
Classification: 1.0 0.9866666666666667 337
(66, 25)
(109, 25)
(100, 25)
[0.56993441 1.08528183 1.34478377]
Classification: 1.0 0.9866666666666667 338
(66, 25)
(109, 25)
(100, 25)
[0.62168162 1.12502087 1.25329751]
Classification: 1.0 0.9866666666666667 339
(66, 25)
(109, 25)
(100, 25)
[0.60334914 1.18183599 1.21481487]
Classification: 1.0 0.9866666666666667 340
(66, 25)
(109, 25)
(100, 25)
[0.59314913 1.14363329 1.26321758]
Classification: 1.0 0.9866666666666667 341
(66, 25)
(109, 25)
(100, 25)
[0.5858678  1.16065456 1.25347764]
Classification: 1.0 0.9866666666666667 342
(66, 25)
(109, 25)
(100, 25)
[0.60334582 1.12936699 1.26728718]
Classification: 1.0 0.9866666666666667 343
(66, 25)
(109, 25)
(100, 25)
[0.62674308 1.11624287 1.25701405]
Classification: 1.0 0.9866666666666667 344
(66, 25)
(109, 25)
(100, 25)
[0.55548627 1.11115984 1.3333539 ]
Classification: 1.0 0.9866666666666667 345
(66, 25)
(109, 25)
(100, 25)
[0.61258473 1.1067225  1.28069277]
Classification: 1.0 0.9866666666666667 346
(66, 25)
(109, 25)
(100, 25)
[0.62497007 1.11422937 1.26080057]
Classification: 1.0 0.9866666666666667 347
(66, 25)
(109, 25)
(100, 25)
[0.5862283  1.17718951 1.23658219]
Classification: 1.0 0.9866666666666667 348
(66, 25)
(109, 25)
(100, 25)
[0.6472096  1.04800958 1.30478081]
Classification: 1.0 0.9866666666666667 349
(66, 25)
(109, 25)
(100, 25)
[0.65969416 1.08712719 1.25317865]
Classification: 1.0 0.9866666666666667 350
(66, 25)
(109, 25)
(100, 25)
[0.61015803 1.18545664 1.20438533]
Classification: 1.0 0.9866666666666667 351
(66, 25)
(109, 25)
(100, 25)
[0.63554189 1.12850123 1.23595688]
Classification: 1.0 0.9866666666666667 352
(66, 25)
(109, 25)
(100, 25)
[0.61809954 1.17691514 1.20498533]
Classification: 1.0 0.9866666666666667 353
(66, 25)
(109, 25)
(100, 25)
[0.61743097 1.10164349 1.28092554]
Classification: 1.0 0.9866666666666667 354
(66, 25)
(109, 25)
(100, 25)
[0.67929573 1.12208448 1.19861979]
Classification: 1.0 0.9866666666666667 355
(66, 25)
(109, 25)
(100, 25)
[0.62171142 1.13126363 1.24702495]
Classification: 1.0 0.9866666666666667 356
(66, 25)
(109, 25)
(100, 25)
[0.67530202 1.15001583 1.17468215]
Classification: 1.0 0.9866666666666667 357
(66, 25)
(109, 25)
(100, 25)
[0.61416684 1.12808007 1.25775309]
Classification: 1.0 0.9866666666666667 358
(66, 25)
(109, 25)
(100, 25)
[0.69013477 1.0923694  1.21749583]
Classification: 1.0 0.9866666666666667 359
(66, 25)
(109, 25)
(100, 25)
[0.63835955 1.14715848 1.21448197]
Classification: 1.0 0.9866666666666667 360
(66, 25)
(109, 25)
(100, 25)
[0.69391677 1.10876119 1.19732204]
Classification: 1.0 0.9866666666666667 361
(66, 25)
(109, 25)
(100, 25)
[0.65965743 1.01668036 1.32366221]
Classification: 1.0 0.9866666666666667 362
(66, 25)
(109, 25)
(100, 25)
[0.67366259 1.10840382 1.21793359]
Classification: 1.0 0.9866666666666667 363
(66, 25)
(109, 25)
(100, 25)
[0.65621494 1.1131869  1.23059816]
Classification: 1.0 0.9866666666666667 364
(66, 25)
(109, 25)
(100, 25)
[0.61974078 1.10278393 1.27747529]
Classification: 1.0 0.9866666666666667 365
(66, 25)
(109, 25)
(100, 25)
[0.63365775 1.12867866 1.23766359]
Classification: 1.0 0.9866666666666667 366
(66, 25)
(109, 25)
(100, 25)
[0.69230795 1.12866758 1.17902447]
Classification: 1.0 0.9866666666666667 367
(66, 25)
(109, 25)
(100, 25)
[0.62315742 1.1553053  1.22153728]
Classification: 1.0 0.9866666666666667 368
(66, 25)
(109, 25)
(100, 25)
[0.54964588 1.15706815 1.29328598]
Classification: 1.0 0.9866666666666667 369
(66, 25)
(109, 25)
(100, 25)
[0.65355743 1.16277183 1.18367074]
Classification: 1.0 0.9866666666666667 370
(66, 25)
(109, 25)
(100, 25)
[0.68054856 1.05688109 1.26257035]
Classification: 1.0 0.9866666666666667 371
(66, 25)
(109, 25)
(100, 25)
[0.65812859 1.17622109 1.16565032]
Classification: 1.0 0.9866666666666667 372
(66, 25)
(109, 25)
(100, 25)
[0.71628601 1.19072802 1.09298598]
Classification: 1.0 0.9866666666666667 373
(66, 25)
(109, 25)
(100, 25)
[0.63653506 1.14759432 1.21587061]
Classification: 1.0 0.9866666666666667 374
(66, 25)
(109, 25)
(100, 25)
[0.62205257 1.16643633 1.2115111 ]
Classification: 1.0 0.9866666666666667 375
(66, 25)
(109, 25)
(100, 25)
[0.62124509 1.12274113 1.25601378]
Classification: 1.0 0.9866666666666667 376
(66, 25)
(109, 25)
(100, 25)
[0.7076383  1.09284917 1.19951253]
Classification: 1.0 0.9866666666666667 377
(66, 25)
(109, 25)
(100, 25)
[0.6002408  1.08955542 1.31020378]
Classification: 1.0 0.9866666666666667 378
(66, 25)
(109, 25)
(100, 25)
[0.65905901 1.14316919 1.1977718 ]
Classification: 1.0 0.9866666666666667 379
(66, 25)
(109, 25)
(100, 25)
[0.69698451 1.12618566 1.17682983]
Classification: 1.0 0.9866666666666667 380
(66, 25)
(109, 25)
(100, 25)
[0.61224718 1.1709487  1.21680412]
Classification: 1.0 0.9866666666666667 381
(66, 25)
(109, 25)
(100, 25)
[0.64939508 1.12862153 1.22198339]
Classification: 1.0 0.9866666666666667 382
(66, 25)
(109, 25)
(100, 25)
[0.57756157 1.15915819 1.26328024]
Classification: 1.0 0.9866666666666667 383
(66, 25)
(109, 25)
(100, 25)
[0.62897029 1.11897934 1.25205036]
Classification: 1.0 0.9866666666666667 384
(66, 25)
(109, 25)
(100, 25)
[0.59589033 1.12358336 1.28052631]
Classification: 1.0 0.9866666666666667 385
(66, 25)
(109, 25)
(100, 25)
[0.71307332 1.07531403 1.21161264]
Classification: 1.0 0.9866666666666667 386
(66, 25)
(109, 25)
(100, 25)
[0.61470049 1.15945218 1.22584733]
Classification: 1.0 0.9866666666666667 387
(66, 25)
(109, 25)
(100, 25)
[0.65513416 1.14710435 1.19776149]
Classification: 1.0 0.9866666666666667 388
(66, 25)
(109, 25)
(100, 25)
[0.66572772 1.11046449 1.22380779]
Classification: 1.0 0.9866666666666667 389
(66, 25)
(109, 25)
(100, 25)
[0.61925429 1.14560199 1.23514373]
Classification: 1.0 0.9866666666666667 390
(66, 25)
(109, 25)
(100, 25)
[0.64926208 1.12241936 1.22831856]
Classification: 1.0 0.9866666666666667 391
(66, 25)
(109, 25)
(100, 25)
[0.61937636 1.16886886 1.21175478]
Classification: 1.0 0.9866666666666667 392
(66, 25)
(109, 25)
(100, 25)
[0.63666221 1.2152263  1.14811149]
Classification: 1.0 0.9866666666666667 393
(66, 25)
(109, 25)
(100, 25)
[0.65557787 1.13946115 1.20496098]
Classification: 1.0 0.9866666666666667 394
(66, 25)
(109, 25)
(100, 25)
[0.62654028 1.12122831 1.25223142]
Classification: 1.0 0.9866666666666667 395
(66, 25)
(109, 25)
(100, 25)
[0.63453572 1.20215932 1.16330495]
Classification: 1.0 0.9866666666666667 396
(66, 25)
(109, 25)
(100, 25)
[0.63416919 1.15783638 1.20799443]
Classification: 1.0 0.9866666666666667 397
(66, 25)
(109, 25)
(100, 25)
[0.6657235  1.17431571 1.15996079]
Classification: 1.0 0.9866666666666667 398
(66, 25)
(109, 25)
(100, 25)
[0.65681787 1.15863337 1.18454876]
Classification: 1.0 0.9866666666666667 399
(66, 25)
(109, 25)
(100, 25)
[0.6315524  1.10894488 1.25950272]
Classification: 1.0 0.9866666666666667 400
(66, 25)
(109, 25)
(100, 25)
[0.61187516 1.19790253 1.19022231]
Classification: 1.0 0.9866666666666667 401
(66, 25)
(109, 25)
(100, 25)
[0.59027595 1.17320538 1.23651867]
Classification: 1.0 0.9866666666666667 402
(66, 25)
(109, 25)
(100, 25)
[0.6181619  1.14436809 1.23747   ]
Classification: 1.0 0.9866666666666667 403
(66, 25)
(109, 25)
(100, 25)
[0.60834858 1.20231109 1.18934033]
Classification: 1.0 0.9866666666666667 404
(66, 25)
(109, 25)
(100, 25)
[0.62801599 1.20164763 1.17033638]
Classification: 1.0 0.9866666666666667 405
(66, 25)
(109, 25)
(100, 25)
[0.6250675  1.10758515 1.26734735]
Classification: 1.0 0.9866666666666667 406
(66, 25)
(109, 25)
(100, 25)
[0.65457344 1.2061423  1.13928426]
Classification: 1.0 0.9866666666666667 407
(66, 25)
(109, 25)
(100, 25)
[0.60633648 1.14832157 1.24534195]
Classification: 1.0 0.9866666666666667 408
(66, 25)
(109, 25)
(100, 25)
[0.66333728 1.17687336 1.15978937]
Classification: 1.0 0.9866666666666667 409
(66, 25)
(109, 25)
(100, 25)
[0.65766824 1.19116046 1.1511713 ]
Classification: 1.0 0.9866666666666667 410
(66, 25)
(109, 25)
(100, 25)
[0.64365251 1.17026557 1.18608192]
Classification: 1.0 0.9866666666666667 411
(66, 25)
(109, 25)
(100, 25)
[0.60237316 1.23884426 1.15878257]
Classification: 1.0 0.9866666666666667 412
(66, 25)
(109, 25)
(100, 25)
[0.61290809 1.19383671 1.1932552 ]
Classification: 1.0 0.9866666666666667 413
(66, 25)
(109, 25)
(100, 25)
[0.65234168 1.12183586 1.22582246]
Classification: 1.0 0.9866666666666667 414
(66, 25)
(109, 25)
(100, 25)
[0.6287584  1.14504694 1.22619466]
Classification: 1.0 0.9866666666666667 415
(66, 25)
(109, 25)
(100, 25)
[0.62915622 1.17823926 1.19260452]
Classification: 1.0 0.9866666666666667 416
(66, 25)
(109, 25)
(100, 25)
[0.57753507 1.22704412 1.19542081]
Classification: 1.0 0.9866666666666667 417
(66, 25)
(109, 25)
(100, 25)
[0.632199   1.12037802 1.24742298]
Classification: 1.0 0.9866666666666667 418
(66, 25)
(109, 25)
(100, 25)
[0.66458361 1.14413188 1.19128451]
Classification: 1.0 0.9866666666666667 419
(66, 25)
(109, 25)
(100, 25)
[0.60047831 1.2090081  1.19051358]
Classification: 1.0 0.9866666666666667 420
(66, 25)
(109, 25)
(100, 25)
[0.63195337 1.21165204 1.15639459]
Classification: 1.0 0.9866666666666667 421
(66, 25)
(109, 25)
(100, 25)
[0.67520621 1.08111298 1.24368081]
Classification: 1.0 0.9866666666666667 422
(66, 25)
(109, 25)
(100, 25)
[0.62147724 1.25666512 1.12185763]
Classification: 1.0 0.9866666666666667 423
(66, 25)
(109, 25)
(100, 25)
[0.63707098 1.2037183  1.15921072]
Classification: 1.0 0.9866666666666667 424
(66, 25)
(109, 25)
(100, 25)
[0.58255062 1.1576199  1.25982948]
Classification: 1.0 0.9866666666666667 425
(66, 25)
(109, 25)
(100, 25)
[0.63153534 1.16971916 1.19874551]
Classification: 1.0 0.9866666666666667 426
(66, 25)
(109, 25)
(100, 25)
/mnt/data/user_liangzhiyu/envs/fedcsl/lib/python3.8/site-packages/scipy/__init__.py:146: UserWarning: A NumPy version >=1.16.5 and <1.23.0 is required for this version of SciPy (detected version 1.23.5
  warnings.warn(f"A NumPy version >={np_minversion} and <{np_maxversion}"
/mnt/data/user_liangzhiyu/envs/fedcsl/lib/python3.8/site-packages/tslearn/bases/bases.py:15: UserWarning: h5py not installed, hdf5 features will not be supported.
Install h5py to use hdf5 features: http://docs.h5py.org/
  warn(h5py_msg)
/mnt/data/user_liangzhiyu/lixiongfei/CSL-main/train.py:392: UserWarning: Creating a tensor from a list of numpy.ndarrays is extremely slow. Please consider converting the list to a single numpy.ndarray with numpy.array() before converting to a tensor. (Triggered internally at /opt/conda/conda-bld/pytorch_1724789259345/work/torch/csrc/utils/tensor_new.cpp:278.)
  X = torch.tensor(X, dtype=torch.float).contiguous()
[0.59436933 1.23852685 1.16710382]
Classification: 1.0 0.9866666666666667 427
(66, 25)
(109, 25)
(100, 25)
[0.60884022 1.18872009 1.20243968]
Classification: 1.0 0.9866666666666667 428
(66, 25)
(109, 25)
(100, 25)
[0.64240367 1.15342216 1.20417418]
Classification: 1.0 0.9866666666666667 429
(66, 25)
(109, 25)
(100, 25)
[0.64055321 1.1432729  1.21617389]
Classification: 1.0 0.9866666666666667 430
(66, 25)
(109, 25)
(100, 25)
[0.64094703 1.15438596 1.20466701]
Classification: 1.0 0.9866666666666667 431
(66, 25)
(109, 25)
(100, 25)
[0.6835833  1.12051638 1.19590032]
Classification: 1.0 0.9866666666666667 432
(66, 25)
(109, 25)
(100, 25)
[0.66404681 1.19577969 1.14017351]
Classification: 1.0 0.9866666666666667 433
(66, 25)
(109, 25)
(100, 25)
[0.65800182 1.19547766 1.14652052]
Classification: 1.0 0.9866666666666667 434
(66, 25)
(109, 25)
(100, 25)
[0.67938766 1.02702693 1.29358541]
Classification: 1.0 0.9866666666666667 435
(66, 25)
(109, 25)
(100, 25)
[0.61741046 1.09984506 1.28274448]
Classification: 1.0 0.9866666666666667 436
(66, 25)
(109, 25)
(100, 25)
[0.61590754 1.18251892 1.20157353]
Classification: 1.0 0.9866666666666667 437
(66, 25)
(109, 25)
(100, 25)
[0.57993233 1.2220632  1.19800447]
Classification: 1.0 0.9866666666666667 438
(66, 25)
(109, 25)
(100, 25)
[0.62997817 1.14414165 1.22588019]
Classification: 1.0 0.9866666666666667 439
(66, 25)
(109, 25)
(100, 25)
[0.58435818 1.18371087 1.23193095]
Classification: 1.0 0.9866666666666667 440
(66, 25)
(109, 25)
(100, 25)
[0.60613869 1.19519281 1.1986685 ]
Classification: 1.0 0.9866666666666667 441
(66, 25)
(109, 25)
(100, 25)
[0.6242888  1.16401091 1.21170029]
Classification: 1.0 0.9866666666666667 442
(66, 25)
(109, 25)
(100, 25)
[0.62989522 1.10297393 1.26713085]
Classification: 1.0 0.9866666666666667 443
(66, 25)
(109, 25)
(100, 25)
[0.62980866 1.07829356 1.29189779]
Classification: 1.0 0.9866666666666667 444
(66, 25)
(109, 25)
(100, 25)
[0.60983635 1.1506794  1.23948425]
Classification: 1.0 0.9866666666666667 445
(66, 25)
(109, 25)
(100, 25)
[0.63753004 1.10644527 1.25602469]
Classification: 1.0 0.9866666666666667 446
(66, 25)
(109, 25)
(100, 25)
[0.61461078 1.18437661 1.20101261]
Classification: 1.0 0.9866666666666667 447
(66, 25)
(109, 25)
(100, 25)
[0.61404205 1.14001698 1.24594097]
Classification: 1.0 0.9866666666666667 448
(66, 25)
(109, 25)
(100, 25)
[0.58603333 1.26685837 1.14710829]
Classification: 1.0 0.9866666666666667 449
(66, 25)
(109, 25)
(100, 25)
[0.63046261 1.16457172 1.20496567]
Classification: 1.0 0.9866666666666667 450
(66, 25)
(109, 25)
(100, 25)
[0.59893357 1.09047193 1.3105945 ]
Classification: 1.0 0.9866666666666667 451
(66, 25)
(109, 25)
(100, 25)
[0.64777587 1.13241081 1.21981332]
Classification: 1.0 0.9866666666666667 452
(66, 25)
(109, 25)
(100, 25)
[0.64542986 1.09791964 1.2566505 ]
Classification: 1.0 0.9866666666666667 453
(66, 25)
(109, 25)
(100, 25)
[0.58649739 1.16685744 1.24664517]
Classification: 1.0 0.9866666666666667 454
(66, 25)
(109, 25)
(100, 25)
[0.62429163 1.2195283  1.15618007]
Classification: 1.0 0.9866666666666667 455
(66, 25)
(109, 25)
(100, 25)
[0.69312768 1.16456032 1.142312  ]
Classification: 1.0 0.9866666666666667 456
(66, 25)
(109, 25)
(100, 25)
[0.65926034 1.10140835 1.23933131]
Classification: 1.0 0.9866666666666667 457
(66, 25)
(109, 25)
(100, 25)
[0.59854251 1.17872754 1.22272995]
Classification: 1.0 0.9866666666666667 458
(66, 25)
(109, 25)
(100, 25)
[0.63908886 1.13490908 1.22600206]
Classification: 1.0 0.9866666666666667 459
(66, 25)
(109, 25)
(100, 25)
[0.61395149 1.10869707 1.27735144]
Classification: 1.0 0.9866666666666667 460
(66, 25)
(109, 25)
(100, 25)
[0.63478327 1.23139932 1.13381741]
Classification: 1.0 0.9866666666666667 461
(66, 25)
(109, 25)
(100, 25)
[0.63560816 1.21610159 1.14829025]
Classification: 1.0 0.9866666666666667 462
(66, 25)
(109, 25)
(100, 25)
[0.63559473 1.1766822  1.18772307]
Classification: 1.0 0.9866666666666667 463
(66, 25)
(109, 25)
(100, 25)
[0.67329823 1.11937289 1.20732888]
Classification: 1.0 0.9866666666666667 464
(66, 25)
(109, 25)
(100, 25)
[0.61720046 1.23721384 1.1455857 ]
Classification: 1.0 0.9866666666666667 465
(66, 25)
(109, 25)
(100, 25)
[0.66375203 1.21465338 1.12159459]
Classification: 1.0 0.9866666666666667 466
(66, 25)
(109, 25)
(100, 25)
[0.62608844 1.16267777 1.21123379]
Classification: 1.0 0.9866666666666667 467
(66, 25)
(109, 25)
(100, 25)
[0.58999848 1.22837584 1.18162568]
Classification: 1.0 0.9866666666666667 468
(66, 25)
(109, 25)
(100, 25)
[0.61760192 1.08119168 1.3012064 ]
Classification: 1.0 0.9866666666666667 469
(66, 25)
(109, 25)
(100, 25)
[0.67527389 1.19838288 1.12634323]
Classification: 1.0 0.9866666666666667 470
(66, 25)
(109, 25)
(100, 25)
[0.57510051 1.27547564 1.14942385]
Classification: 1.0 0.9866666666666667 471
(66, 25)
(109, 25)
(100, 25)
[0.61666305 1.17013922 1.21319773]
Classification: 1.0 0.9866666666666667 472
(66, 25)
(109, 25)
(100, 25)
[0.63058972 1.22005107 1.14935921]
Classification: 1.0 0.9866666666666667 473
(66, 25)
(109, 25)
(100, 25)
[0.58217682 1.26333808 1.1544851 ]
Classification: 1.0 0.9866666666666667 474
(66, 25)
(109, 25)
(100, 25)
[0.61061056 1.26163627 1.12775317]
Classification: 1.0 0.9866666666666667 475
(66, 25)
(109, 25)
(100, 25)
[0.61150388 1.14490446 1.24359166]
Classification: 1.0 0.9866666666666667 476
(66, 25)
(109, 25)
(100, 25)
[0.61158316 1.25277667 1.13564017]
Classification: 1.0 0.9866666666666667 477
(66, 25)
(109, 25)
(100, 25)
[0.65252774 1.13241273 1.21505952]
Classification: 1.0 0.9866666666666667 478
(66, 25)
(109, 25)
(100, 25)
[0.62577558 1.19364523 1.18057919]
Classification: 1.0 0.9866666666666667 479
(66, 25)
(109, 25)
(100, 25)
[0.61663279 1.18803253 1.19533469]
Classification: 1.0 0.9866666666666667 480
(66, 25)
(109, 25)
(100, 25)
[0.67067452 1.22891971 1.10040576]
Classification: 1.0 0.9866666666666667 481
(66, 25)
(109, 25)
(100, 25)
[0.61765624 1.29751952 1.08482424]
Classification: 1.0 0.9866666666666667 482
(66, 25)
(109, 25)
(100, 25)
[0.60824774 1.23562875 1.15612352]
Classification: 1.0 0.9866666666666667 483
(66, 25)
(109, 25)
(100, 25)
[0.61719224 1.20824401 1.17456375]
Classification: 1.0 0.9866666666666667 484
(66, 25)
(109, 25)
(100, 25)
[0.70581583 1.23545028 1.05873389]
Classification: 1.0 0.9866666666666667 485
(66, 25)
(109, 25)
(100, 25)
[0.60709282 1.18072416 1.21218302]
Classification: 1.0 0.9866666666666667 486
(66, 25)
(109, 25)
(100, 25)
[0.6506557  1.14246849 1.20687581]
Classification: 1.0 0.9866666666666667 487
(66, 25)
(109, 25)
(100, 25)
[0.63737475 1.23138566 1.13123959]
Classification: 1.0 0.9866666666666667 488
(66, 25)
(109, 25)
(100, 25)
[0.64442449 1.15024753 1.20532798]
Classification: 1.0 0.9866666666666667 489
(66, 25)
(109, 25)
(100, 25)
[0.67087677 1.15338284 1.17574039]
Classification: 1.0 0.9866666666666667 490
(66, 25)
(109, 25)
(100, 25)
[0.61638422 1.1850931  1.19852269]
Classification: 1.0 0.9866666666666667 491
(66, 25)
(109, 25)
(100, 25)
[0.64292804 1.22003579 1.13703617]
Classification: 1.0 0.9866666666666667 492
(66, 25)
(109, 25)
(100, 25)
[0.64029684 1.19721066 1.1624925 ]
Classification: 1.0 0.9866666666666667 493
(66, 25)
(109, 25)
(100, 25)
[0.63378954 1.21743862 1.14877185]
Classification: 1.0 0.9866666666666667 494
(66, 25)
(109, 25)
(100, 25)
[0.671662   1.14082187 1.18751613]
Classification: 1.0 0.9866666666666667 495
(66, 25)
(109, 25)
(100, 25)
[0.61037831 1.17877477 1.21084692]
Classification: 1.0 0.9866666666666667 496
(66, 25)
(109, 25)
(100, 25)
[0.69776944 1.15143038 1.15080018]
Classification: 1.0 0.9866666666666667 497
(66, 25)
(109, 25)
(100, 25)
[0.572479   1.19065614 1.23686486]
Classification: 1.0 0.9866666666666667 498
(66, 25)
(109, 25)
(100, 25)
[0.61040388 1.13189809 1.25769803]
Classification: 1.0 0.9866666666666667 499
Traceback (most recent call last):
  File "FedCSL_All.py", line 318, in <module>
    save_model(best_model, dataset, formatted_date)
  File "FedCSL_All.py", line 310, in train
    
  File "/mnt/data/user_liangzhiyu/envs/fedcsl/lib/python3.8/site-packages/torch/serialization.py", line 651, in save
    with _open_zipfile_writer(f) as opened_zipfile:
  File "/mnt/data/user_liangzhiyu/envs/fedcsl/lib/python3.8/site-packages/torch/serialization.py", line 525, in _open_zipfile_writer
    return container(name_or_buffer)
  File "/mnt/data/user_liangzhiyu/envs/fedcsl/lib/python3.8/site-packages/torch/serialization.py", line 496, in __init__
    super().__init__(torch._C.PyTorchFileWriter(self.name))
RuntimeError: Parent directory ./checkpoint/ArticularyWordRecognition does not exist.
Running experiment with dataset: ArticularyWordRecognition, config: ./result/ablation_study/config_ArticularyWordRecognition.yml
/mnt/data/user_liangzhiyu/envs/fedcsl/lib/python3.8/site-packages/scipy/__init__.py:146: UserWarning: A NumPy version >=1.16.5 and <1.23.0 is required for this version of SciPy (detected version 1.23.5
  warnings.warn(f"A NumPy version >={np_minversion} and <{np_maxversion}"
/mnt/data/user_liangzhiyu/envs/fedcsl/lib/python3.8/site-packages/tslearn/bases/bases.py:15: UserWarning: h5py not installed, hdf5 features will not be supported.
Install h5py to use hdf5 features: http://docs.h5py.org/
  warn(h5py_msg)
/mnt/data/user_liangzhiyu/lixiongfei/CSL-main/train.py:392: UserWarning: Creating a tensor from a list of numpy.ndarrays is extremely slow. Please consider converting the list to a single numpy.ndarray with numpy.array() before converting to a tensor. (Triggered internally at /opt/conda/conda-bld/pytorch_1724789259345/work/torch/csrc/utils/tensor_new.cpp:278.)
  X = torch.tensor(X, dtype=torch.float).contiguous()
[0.09514033 0.10277917 0.11127909 0.12035814 0.12964186 0.13872091
 0.14722083 0.15485967]
275
<class 'pandas.core.frame.DataFrame'>
RangeIndex: 275 entries, 0 to 274
Data columns (total 10 columns):
 #   Column      Non-Null Count  Dtype 
---  ------      --------------  ----- 
 0   dim_0       275 non-null    object
 1   dim_1       275 non-null    object
 2   dim_2       275 non-null    object
 3   dim_3       275 non-null    object
 4   dim_4       275 non-null    object
 5   dim_5       275 non-null    object
 6   dim_6       275 non-null    object
 7   dim_7       275 non-null    object
 8   dim_8       275 non-null    object
 9   class_vals  275 non-null    object
dtypes: object(10)
memory usage: 21.6+ KB
None
{144}
<class 'pandas.core.frame.DataFrame'>
RangeIndex: 275 entries, 0 to 274
Data columns (total 10 columns):
 #   Column      Non-Null Count  Dtype 
---  ------      --------------  ----- 
 0   dim_0       275 non-null    object
 1   dim_1       275 non-null    object
 2   dim_2       275 non-null    object
 3   dim_3       275 non-null    object
 4   dim_4       275 non-null    object
 5   dim_5       275 non-null    object
 6   dim_6       275 non-null    object
 7   dim_7       275 non-null    object
 8   dim_8       275 non-null    object
 9   class_vals  275 non-null    object
dtypes: object(10)
memory usage: 21.6+ KB
None
[ 0  0  0  0  0  0  0  0  0  0  0  1  1  1  1  1  1  1  1  1  1  1  2  2
  2  2  2  2  2  2  2  2  2  3  3  3  3  3  3  3  3  3  3  3  4  4  4  4
  4  4  4  4  4  4  4  5  5  5  5  5  5  5  5  5  5  5  6  6  6  6  6  6
  6  6  6  6  6  7  7  7  7  7  7  7  7  7  7  7  8  8  8  8  8  8  8  8
  8  8  8  9  9  9  9  9  9  9  9  9  9  9 10 10 10 10 10 10 10 10 10 10
 10 11 11 11 11 11 11 11 11 11 11 11 12 12 12 12 12 12 12 12 12 12 12 13
 13 13 13 13 13 13 13 13 13 13 14 14 14 14 14 14 14 14 14 14 14 15 15 15
 15 15 15 15 15 15 15 15 16 16 16 16 16 16 16 16 16 16 16 17 17 17 17 17
 17 17 17 17 17 17 18 18 18 18 18 18 18 18 18 18 18 19 19 19 19 19 19 19
 19 19 19 19 20 20 20 20 20 20 20 20 20 20 20 21 21 21 21 21 21 21 21 21
 21 21 22 22 22 22 22 22 22 22 22 22 22 23 23 23 23 23 23 23 23 23 23 23
 24 24 24 24 24 24 24 24 24 24 24]
[  0  11  22  23  24  25  26  27  33  34  35  36  44  55  56  77  78  79
  80  81  88  89  90  99 100 101 102 103 104 105 106 121 132 133 134 135
 136 137 138 139 154 155 156 157 158 165 187 188 189 198 199 200 201 209
 210 211 212 220 231 232 242 253 254 264 265 266]
[0, 1, 2, 2, 2, 2, 2, 2, 3, 3, 3, 3, 4, 5, 5, 7, 7, 7, 7, 7, 8, 8, 8, 9, 9, 9, 9, 9, 9, 9, 9, 11, 12, 12, 12, 12, 12, 12, 12, 12, 14, 14, 14, 14, 14, 15, 17, 17, 17, 18, 18, 18, 18, 19, 19, 19, 19, 20, 21, 21, 22, 23, 23, 24, 24, 24]
[0, 0, 0, 0, 0, 0, 0, 0, 1, 2, 2, 2, 2, 3, 5, 5, 5, 5, 5, 6, 6, 6, 6, 6, 7, 8, 8, 8, 8, 8, 8, 8, 9, 10, 10, 10, 10, 10, 10, 11, 11, 11, 11, 11, 11, 12, 12, 13, 13, 13, 13, 13, 13, 13, 13, 13, 14, 14, 14, 15, 15, 15, 15, 15, 15, 15, 15, 15, 16, 16, 16, 16, 16, 16, 16, 16, 17, 17, 17, 17, 18, 18, 19, 19, 19, 19, 20, 21, 21, 21, 21, 21, 21, 22, 22, 22, 22, 22, 22, 23, 23, 23, 23, 23, 23, 24, 24, 24, 24]
[0, 0, 1, 1, 1, 1, 1, 1, 1, 1, 1, 2, 3, 3, 3, 3, 3, 3, 4, 4, 4, 4, 4, 4, 4, 4, 4, 4, 5, 5, 5, 5, 6, 6, 6, 6, 6, 6, 7, 7, 7, 7, 7, 8, 9, 9, 10, 10, 10, 10, 10, 11, 11, 11, 11, 12, 13, 13, 14, 14, 14, 15, 16, 16, 16, 17, 17, 17, 17, 18, 18, 18, 18, 18, 19, 19, 19, 20, 20, 20, 20, 20, 20, 20, 20, 20, 21, 21, 21, 22, 22, 22, 22, 23, 23, 23, 24, 24, 24, 24]
shapelet initialized! 

All 3 clinet initialized! 

(66, 25)
(109, 25)
(100, 25)
[0.71575094 0.9936078  1.29064125]
Classification: 1.0 0.9666666666666667 0
(66, 25)
(109, 25)
(100, 25)
[0.58020486 0.98817479 1.43162034]
Classification: 1.0 0.98 1
(66, 25)
(109, 25)
(100, 25)
[0.59788381 0.88558614 1.51653006]
Classification: 1.0 0.97 2
Traceback (most recent call last):
  File "FedCSL_All.py", line 341, in <module>
    train(dataset=args.dataset)
  File "FedCSL_All.py", line 254, in train
    losses = c.train(X_fed[idx], epochs=numEpoch, batch_size=batch_size, epoch_idx=-1,lr=lr)
  File "/mnt/data/user_liangzhiyu/lixiongfei/CSL-main/train.py", line 462, in train
    current_loss_ce, C_accu_q, c_normalising_factor_q, C_accu_k, c_normalising_factor_k = self.update_CL(x, C_accu_q, c_normalising_factor_q, C_accu_k, 
  File "/mnt/data/user_liangzhiyu/lixiongfei/CSL-main/train.py", line 202, in update_CL
    q_g = self.Global_Model(x_q, optimize=None, masking=False)
  File "/mnt/data/user_liangzhiyu/envs/fedcsl/lib/python3.8/site-packages/torch/nn/modules/module.py", line 1553, in _wrapped_call_impl
    return self._call_impl(*args, **kwargs)
  File "/mnt/data/user_liangzhiyu/envs/fedcsl/lib/python3.8/site-packages/torch/nn/modules/module.py", line 1562, in _call_impl
    return forward_call(*args, **kwargs)
  File "/mnt/data/user_liangzhiyu/lixiongfei/CSL-main/blocks.py", line 277, in forward
    x = self.shapelets_blocks(x, masking) # 
  File "/mnt/data/user_liangzhiyu/envs/fedcsl/lib/python3.8/site-packages/torch/nn/modules/module.py", line 1553, in _wrapped_call_impl
    return self._call_impl(*args, **kwargs)
  File "/mnt/data/user_liangzhiyu/envs/fedcsl/lib/python3.8/site-packages/torch/nn/modules/module.py", line 1562, in _call_impl
    return forward_call(*args, **kwargs)
  File "/mnt/data/user_liangzhiyu/lixiongfei/CSL-main/blocks.py", line 225, in forward
    out = torch.cat((out, block(x, masking)), dim=2)
  File "/mnt/data/user_liangzhiyu/envs/fedcsl/lib/python3.8/site-packages/torch/nn/modules/module.py", line 1553, in _wrapped_call_impl
    return self._call_impl(*args, **kwargs)
  File "/mnt/data/user_liangzhiyu/envs/fedcsl/lib/python3.8/site-packages/torch/nn/modules/module.py", line 1562, in _call_impl
    return forward_call(*args, **kwargs)
  File "/mnt/data/user_liangzhiyu/lixiongfei/CSL-main/blocks.py", line 125, in forward
    shapelets_norm = (self.shapelets / self.shapelets.norm(p=2, dim=2, keepdim=True).clamp(min=1e-8))
  File "/mnt/data/user_liangzhiyu/envs/fedcsl/lib/python3.8/site-packages/torch/_tensor.py", line 761, in norm
    return torch.norm(self, p, dim, keepdim, dtype=dtype)
  File "/mnt/data/user_liangzhiyu/envs/fedcsl/lib/python3.8/site-packages/torch/functional.py", line 1632, in norm
    return torch.linalg.vector_norm(input, _p, _dim, keepdim, dtype=dtype)
  File "/mnt/data/user_liangzhiyu/envs/fedcsl/lib/python3.8/site-packages/torch/fx/traceback.py", line 72, in format_stack
    return traceback.format_list(traceback.extract_stack()[:-1])
  File "/mnt/data/user_liangzhiyu/envs/fedcsl/lib/python3.8/traceback.py", line 211, in extract_stack
    stack = StackSummary.extract(walk_stack(f), limit=limit)
  File "/mnt/data/user_liangzhiyu/envs/fedcsl/lib/python3.8/traceback.py", line 362, in extract
    linecache.checkcache(filename)
  File "/mnt/data/user_liangzhiyu/envs/fedcsl/lib/python3.8/linecache.py", line 74, in checkcache
    stat = os.stat(fullname)
KeyboardInterrupt
Running experiment with dataset: ArticularyWordRecognition, config: ./result/ablation_study/config_ArticularyWordRecognition.yml
[0.09514033 0.10277917 0.11127909 0.12035814 0.12964186 0.13872091
 0.14722083 0.15485967]
275
<class 'pandas.core.frame.DataFrame'>
RangeIndex: 275 entries, 0 to 274
Data columns (total 10 columns):
 #   Column      Non-Null Count  Dtype 
---  ------      --------------  ----- 
 0   dim_0       275 non-null    object
 1   dim_1       275 non-null    object
 2   dim_2       275 non-null    object
 3   dim_3       275 non-null    object
 4   dim_4       275 non-null    object
 5   dim_5       275 non-null    object
 6   dim_6       275 non-null    object
 7   dim_7       275 non-null    object
 8   dim_8       275 non-null    object
 9   class_vals  275 non-null    object
dtypes: object(10)
memory usage: 21.6+ KB
None
{144}
<class 'pandas.core.frame.DataFrame'>
RangeIndex: 275 entries, 0 to 274
Data columns (total 10 columns):
 #   Column      Non-Null Count  Dtype 
---  ------      --------------  ----- 
 0   dim_0       275 non-null    object
 1   dim_1       275 non-null    object
 2   dim_2       275 non-null    object
 3   dim_3       275 non-null    object
 4   dim_4       275 non-null    object
 5   dim_5       275 non-null    object
 6   dim_6       275 non-null    object
 7   dim_7       275 non-null    object
 8   dim_8       275 non-null    object
 9   class_vals  275 non-null    object
dtypes: object(10)
memory usage: 21.6+ KB
None
[ 0  0  0  0  0  0  0  0  0  0  0  1  1  1  1  1  1  1  1  1  1  1  2  2
  2  2  2  2  2  2  2  2  2  3  3  3  3  3  3  3  3  3  3  3  4  4  4  4
  4  4  4  4  4  4  4  5  5  5  5  5  5  5  5  5  5  5  6  6  6  6  6  6
  6  6  6  6  6  7  7  7  7  7  7  7  7  7  7  7  8  8  8  8  8  8  8  8
  8  8  8  9  9  9  9  9  9  9  9  9  9  9 10 10 10 10 10 10 10 10 10 10
 10 11 11 11 11 11 11 11 11 11 11 11 12 12 12 12 12 12 12 12 12 12 12 13
 13 13 13 13 13 13 13 13 13 13 14 14 14 14 14 14 14 14 14 14 14 15 15 15
 15 15 15 15 15 15 15 15 16 16 16 16 16 16 16 16 16 16 16 17 17 17 17 17
 17 17 17 17 17 17 18 18 18 18 18 18 18 18 18 18 18 19 19 19 19 19 19 19
 19 19 19 19 20 20 20 20 20 20 20 20 20 20 20 21 21 21 21 21 21 21 21 21
 21 21 22 22 22 22 22 22 22 22 22 22 22 23 23 23 23 23 23 23 23 23 23 23
 24 24 24 24 24 24 24 24 24 24 24]
[  0  11  22  23  24  25  26  27  33  34  35  36  44  55  56  77  78  79
  80  81  88  89  90  99 100 101 102 103 104 105 106 121 132 133 134 135
 136 137 138 139 154 155 156 157 158 165 187 188 189 198 199 200 201 209
 210 211 212 220 231 232 242 253 254 264 265 266]
[0, 1, 2, 2, 2, 2, 2, 2, 3, 3, 3, 3, 4, 5, 5, 7, 7, 7, 7, 7, 8, 8, 8, 9, 9, 9, 9, 9, 9, 9, 9, 11, 12, 12, 12, 12, 12, 12, 12, 12, 14, 14, 14, 14, 14, 15, 17, 17, 17, 18, 18, 18, 18, 19, 19, 19, 19, 20, 21, 21, 22, 23, 23, 24, 24, 24]
[0, 0, 0, 0, 0, 0, 0, 0, 1, 2, 2, 2, 2, 3, 5, 5, 5, 5, 5, 6, 6, 6, 6, 6, 7, 8, 8, 8, 8, 8, 8, 8, 9, 10, 10, 10, 10, 10, 10, 11, 11, 11, 11, 11, 11, 12, 12, 13, 13, 13, 13, 13, 13, 13, 13, 13, 14, 14, 14, 15, 15, 15, 15, 15, 15, 15, 15, 15, 16, 16, 16, 16, 16, 16, 16, 16, 17, 17, 17, 17, 18, 18, 19, 19, 19, 19, 20, 21, 21, 21, 21, 21, 21, 22, 22, 22, 22, 22, 22, 23, 23, 23, 23, 23, 23, 24, 24, 24, 24]
[0, 0, 1, 1, 1, 1, 1, 1, 1, 1, 1, 2, 3, 3, 3, 3, 3, 3, 4, 4, 4, 4, 4, 4, 4, 4, 4, 4, 5, 5, 5, 5, 6, 6, 6, 6, 6, 6, 7, 7, 7, 7, 7, 8, 9, 9, 10, 10, 10, 10, 10, 11, 11, 11, 11, 12, 13, 13, 14, 14, 14, 15, 16, 16, 16, 17, 17, 17, 17, 18, 18, 18, 18, 18, 19, 19, 19, 20, 20, 20, 20, 20, 20, 20, 20, 20, 21, 21, 21, 22, 22, 22, 22, 23, 23, 23, 24, 24, 24, 24]
shapelet initialized! 

All 3 clinet initialized! 

(66, 25)
(109, 25)
(100, 25)
[0.71575094 0.9936078  1.29064125]
Classification: 1.0 0.9666666666666667 0
(66, 25)
(109, 25)
(100, 25)
[0.58020486 0.98817479 1.43162034]
Classification: 1.0 0.98 1
(66, 25)
(109, 25)
(100, 25)
[0.59788381 0.88558614 1.51653006]
Classification: 1.0 0.97 2
(66, 25)
(109, 25)
(100, 25)
[0.64357108 0.94159451 1.41483441]
Classification: 1.0 0.97 3
(66, 25)
(109, 25)
(100, 25)
[0.68464176 0.85244257 1.46291567]
Classification: 1.0 0.97 4
(66, 25)
(109, 25)
(100, 25)
[0.70479775 0.87150147 1.42370078]
Classification: 1.0 0.97 5
(66, 25)
(109, 25)
(100, 25)
[0.72895941 0.86464993 1.40639066]
Classification: 1.0 0.97 6
(66, 25)
(109, 25)
(100, 25)
[0.7566564  0.83194138 1.41140222]
Classification: 1.0 0.98 7
(66, 25)
(109, 25)
(100, 25)
[0.74531663 0.83074152 1.42394185]
Classification: 1.0 0.97 8
(66, 25)
(109, 25)
(100, 25)
[0.78335924 0.80427433 1.41236643]
Classification: 1.0 0.97 9
(66, 25)
(109, 25)
(100, 25)
[0.79352728 0.82779491 1.3786778 ]
Classification: 1.0 0.97 10
(66, 25)
(109, 25)
(100, 25)
[0.79318362 0.85293767 1.35387871]
Classification: 1.0 0.97 11
(66, 25)
(109, 25)
(100, 25)
[0.76871763 0.9282462  1.30303617]
Classification: 1.0 0.97 12
(66, 25)
(109, 25)
(100, 25)
[0.80656895 0.84391444 1.34951661]
Classification: 1.0 0.97 13
(66, 25)
(109, 25)
(100, 25)
[0.81132971 0.87120835 1.31746194]
Classification: 1.0 0.97 14
(66, 25)
(109, 25)
(100, 25)
[0.84111376 0.85615707 1.30272917]
Classification: 1.0 0.97 15
(66, 25)
(109, 25)
(100, 25)
[0.83383999 0.88341806 1.28274195]
Classification: 1.0 0.97 16
(66, 25)
(109, 25)
(100, 25)
[0.83363922 0.83954095 1.32681983]
Classification: 1.0 0.97 17
(66, 25)
(109, 25)
(100, 25)
[0.84251323 0.90547254 1.25201423]
Classification: 1.0 0.97 18
(66, 25)
(109, 25)
(100, 25)
[0.84110561 0.84804522 1.31084917]
Classification: 1.0 0.9733333333333334 19
(66, 25)
(109, 25)
(100, 25)
[0.84531459 0.86910656 1.28557885]
Classification: 1.0 0.97 20
(66, 25)
(109, 25)
(100, 25)
[0.85569356 0.86770554 1.27660091]
Classification: 1.0 0.9733333333333334 21
(66, 25)
(109, 25)
(100, 25)
[0.82871872 0.90132617 1.26995511]
Classification: 1.0 0.9733333333333334 22
(66, 25)
(109, 25)
(100, 25)
[0.87411271 0.87974299 1.2461443 ]
Classification: 1.0 0.9733333333333334 23
(66, 25)
(109, 25)
(100, 25)
[0.85257559 0.95493228 1.19249213]
Classification: 1.0 0.9733333333333334 24
(66, 25)
(109, 25)
(100, 25)
[0.78838958 0.93273669 1.27887373]
Classification: 1.0 0.9733333333333334 25
(66, 25)
(109, 25)
(100, 25)
[0.82107747 0.92734302 1.25157951]
Classification: 1.0 0.9733333333333334 26
(66, 25)
(109, 25)
(100, 25)
[0.84317555 0.93608538 1.22073907]
Classification: 1.0 0.9733333333333334 27
(66, 25)
(109, 25)
(100, 25)
[0.87679135 0.94871318 1.17449548]
Classification: 1.0 0.9733333333333334 28
(66, 25)
(109, 25)
(100, 25)
[0.80718504 0.98227486 1.2105401 ]
Classification: 1.0 0.9733333333333334 29
(66, 25)
(109, 25)
(100, 25)
[0.73948807 0.94894862 1.31156331]
Classification: 1.0 0.9733333333333334 30
(66, 25)
(109, 25)
(100, 25)
[0.77018749 0.94829249 1.28152001]
Classification: 1.0 0.9733333333333334 31
(66, 25)
(109, 25)
(100, 25)
[0.80033945 0.88232502 1.31733553]
Classification: 1.0 0.9733333333333334 32
(66, 25)
(109, 25)
(100, 25)
[0.81114586 0.89142177 1.29743238]
Classification: 1.0 0.9733333333333334 33
(66, 25)
(109, 25)
(100, 25)
[0.75609612 0.89029403 1.35360986]
Classification: 1.0 0.9733333333333334 34
(66, 25)
(109, 25)
(100, 25)
[0.8577461  0.90971628 1.23253762]
Classification: 1.0 0.9733333333333334 35
(66, 25)
(109, 25)
(100, 25)
[0.78917979 0.93759123 1.27322897]
Classification: 1.0 0.9733333333333334 36
(66, 25)
(109, 25)
(100, 25)
[0.81116334 0.94318147 1.24565519]
Classification: 1.0 0.9733333333333334 37
(66, 25)
(109, 25)
(100, 25)
[0.85182362 0.940491   1.20768538]
Classification: 1.0 0.9733333333333334 38
(66, 25)
(109, 25)
(100, 25)
[0.74154482 1.01036153 1.24809365]
Classification: 1.0 0.9733333333333334 39
(66, 25)
(109, 25)
(100, 25)
[0.84812972 0.92709743 1.22477284]
Classification: 1.0 0.9733333333333334 40
(66, 25)
(109, 25)
(100, 25)
[0.84140075 0.9662008  1.19239845]
Classification: 1.0 0.9733333333333334 41
(66, 25)
(109, 25)
(100, 25)
[0.8131723  0.91084392 1.27598378]
Classification: 1.0 0.9766666666666667 42
(66, 25)
(109, 25)
(100, 25)
[0.75888876 0.95108038 1.29003085]
Classification: 1.0 0.9766666666666667 43
(66, 25)
(109, 25)
(100, 25)
[0.72360709 0.96880553 1.30758738]
Classification: 1.0 0.9766666666666667 44
(66, 25)
(109, 25)
(100, 25)
[0.66779516 1.02960898 1.30259587]
Classification: 1.0 0.9766666666666667 45
(66, 25)
(109, 25)
(100, 25)
[0.77254626 1.0225689  1.20488484]
Classification: 1.0 0.9766666666666667 46
(66, 25)
(109, 25)
(100, 25)
[0.84282974 0.9573374  1.19983286]
Classification: 1.0 0.9766666666666667 47
(66, 25)
(109, 25)
(100, 25)
[0.7710006  1.00460172 1.22439767]
Classification: 1.0 0.9766666666666667 48
(66, 25)
(109, 25)
(100, 25)
[0.79577792 0.98156701 1.22265507]
Classification: 1.0 0.9766666666666667 49
(66, 25)
(109, 25)
(100, 25)
[0.70961437 0.99315237 1.29723327]
Classification: 1.0 0.98 50
(66, 25)
(109, 25)
(100, 25)
[0.76465935 0.98057882 1.25476183]
Classification: 1.0 0.98 51
(66, 25)
(109, 25)
(100, 25)
[0.76784674 1.06146075 1.17069251]
Classification: 1.0 0.98 52
(66, 25)
(109, 25)
(100, 25)
[0.69389064 1.11424251 1.19186685]
Classification: 1.0 0.98 53
(66, 25)
(109, 25)
(100, 25)
[0.78503101 0.88720641 1.32776259]
Classification: 1.0 0.98 54
(66, 25)
(109, 25)
(100, 25)
[0.74169196 1.04388719 1.21442085]
Classification: 1.0 0.98 55
(66, 25)
(109, 25)
(100, 25)
[0.75571298 1.07813286 1.16615416]
Classification: 1.0 0.98 56
(66, 25)
(109, 25)
(100, 25)
[0.77647088 1.04389919 1.17962993]
Classification: 1.0 0.98 57
(66, 25)
(109, 25)
(100, 25)
[0.75333946 1.10576783 1.14089271]
Classification: 1.0 0.9766666666666667 58
(66, 25)
(109, 25)
(100, 25)
[0.76663333 0.99732605 1.23604061]
Classification: 1.0 0.98 59
(66, 25)
(109, 25)
(100, 25)
[0.7756935  0.98920546 1.23510104]
Classification: 1.0 0.98 60
(66, 25)
(109, 25)
(100, 25)
[0.68319889 0.99901246 1.31778866]
Classification: 1.0 0.98 61
(66, 25)
(109, 25)
(100, 25)
[0.79457214 1.00708087 1.19834698]
Classification: 1.0 0.98 62
(66, 25)
(109, 25)
(100, 25)
[0.7562209  0.98780608 1.25597302]
Classification: 1.0 0.9766666666666667 63
(66, 25)
(109, 25)
(100, 25)
[0.71090897 1.05184313 1.2372479 ]
Classification: 1.0 0.98 64
(66, 25)
(109, 25)
(100, 25)
[0.7948678  0.95010721 1.25502499]
Classification: 1.0 0.9766666666666667 65
(66, 25)
(109, 25)
(100, 25)
[0.71564038 0.9818859  1.30247372]
Classification: 1.0 0.98 66
(66, 25)
(109, 25)
(100, 25)
[0.72808928 1.07612284 1.19578789]
Classification: 1.0 0.9766666666666667 67
(66, 25)
(109, 25)
(100, 25)
[0.80034535 1.02059622 1.17905843]
Classification: 1.0 0.9766666666666667 68
(66, 25)
(109, 25)
(100, 25)
[0.71418015 0.97767343 1.30814642]
Classification: 1.0 0.9766666666666667 69
(66, 25)
(109, 25)
(100, 25)
[0.71265949 1.0081174  1.27922311]
Classification: 1.0 0.9766666666666667 70
(66, 25)
(109, 25)
(100, 25)
[0.72875154 1.06940437 1.2018441 ]
Classification: 1.0 0.9766666666666667 71
(66, 25)
(109, 25)
(100, 25)
[0.7086962  1.03468372 1.25662009]
Classification: 1.0 0.9766666666666667 72
(66, 25)
(109, 25)
(100, 25)
[0.68190541 0.96971249 1.3483821 ]
Classification: 1.0 0.9766666666666667 73
(66, 25)
(109, 25)
(100, 25)
[0.69088359 1.11710469 1.19201173]
Classification: 1.0 0.9766666666666667 74
(66, 25)
(109, 25)
(100, 25)
[0.70132321 1.12852167 1.17015512]
Classification: 1.0 0.9766666666666667 75
(66, 25)
(109, 25)
(100, 25)
[0.70101951 1.02575838 1.27322211]
Classification: 1.0 0.9766666666666667 76
(66, 25)
(109, 25)
(100, 25)
[0.6937033  1.07866611 1.2276306 ]
Classification: 1.0 0.9766666666666667 77
(66, 25)
(109, 25)
(100, 25)
[0.64288441 1.09153672 1.26557887]
Classification: 1.0 0.9766666666666667 78
(66, 25)
(109, 25)
(100, 25)
[0.65006366 1.07839131 1.27154504]
Classification: 1.0 0.9766666666666667 79
(66, 25)
(109, 25)
(100, 25)
[0.6739438  1.05176812 1.27428808]
Classification: 1.0 0.9766666666666667 80
(66, 25)
(109, 25)
(100, 25)
[0.66400621 1.11446749 1.2215263 ]
Classification: 1.0 0.9766666666666667 81
(66, 25)
(109, 25)
(100, 25)
[0.67464466 1.06696887 1.25838647]
Classification: 1.0 0.98 82
(66, 25)
(109, 25)
(100, 25)
[0.70068815 1.03951499 1.25979686]
Classification: 1.0 0.98 83
(66, 25)
(109, 25)
(100, 25)
[0.71037094 1.14670538 1.14292368]
Classification: 1.0 0.9766666666666667 84
(66, 25)
(109, 25)
(100, 25)
[0.6559185  1.09044967 1.25363183]
Classification: 1.0 0.9733333333333334 85
(66, 25)
(109, 25)
(100, 25)
[0.66098741 1.15602061 1.18299198]
Classification: 1.0 0.9766666666666667 86
(66, 25)
(109, 25)
(100, 25)
[0.6378761  1.18064753 1.18147636]
Classification: 1.0 0.9766666666666667 87
(66, 25)
(109, 25)
(100, 25)
[0.63231527 1.28526872 1.08241601]
Classification: 1.0 0.9766666666666667 88
(66, 25)
(109, 25)
(100, 25)
[0.65795064 1.16368639 1.17836298]
Classification: 1.0 0.9766666666666667 89
(66, 25)
(109, 25)
(100, 25)
[0.62164673 1.18484317 1.1935101 ]
Classification: 1.0 0.9766666666666667 90
(66, 25)
(109, 25)
(100, 25)
[0.62429587 1.19710768 1.17859646]
Classification: 1.0 0.9766666666666667 91
(66, 25)
(109, 25)
(100, 25)
[0.66017727 1.1450361  1.19478663]
Classification: 1.0 0.9766666666666667 92
(66, 25)
(109, 25)
(100, 25)
[0.64065723 1.16819206 1.19115071]
Classification: 1.0 0.9733333333333334 93
(66, 25)
(109, 25)
(100, 25)
[0.67610996 1.09993063 1.22395941]
Classification: 1.0 0.9766666666666667 94
(66, 25)
(109, 25)
(100, 25)
[0.67312075 1.18221261 1.14466664]
Classification: 1.0 0.9766666666666667 95
(66, 25)
(109, 25)
(100, 25)
[0.69687604 1.0255929  1.27753106]
Classification: 1.0 0.9766666666666667 96
(66, 25)
(109, 25)
(100, 25)
[0.66030785 1.16576326 1.17392888]
Classification: 1.0 0.9766666666666667 97
(66, 25)
(109, 25)
(100, 25)
[0.67010811 1.27274371 1.05714818]
Classification: 1.0 0.9766666666666667 98
(66, 25)
(109, 25)
(100, 25)
[0.66068381 1.20211138 1.13720481]
Classification: 1.0 0.9766666666666667 99
(66, 25)
(109, 25)
(100, 25)
[0.69092536 1.13226912 1.17680552]
Classification: 1.0 0.9766666666666667 100
(66, 25)
(109, 25)
(100, 25)
[0.67792514 1.1915673  1.13050756]
Classification: 1.0 0.9766666666666667 101
(66, 25)
(109, 25)
(100, 25)
[0.72924572 1.1746531  1.09610118]
Classification: 1.0 0.9766666666666667 102
(66, 25)
(109, 25)
(100, 25)
[0.74002912 1.166396   1.09357488]
Classification: 1.0 0.9766666666666667 103
(66, 25)
(109, 25)
(100, 25)
[0.71432739 1.17151413 1.11415848]
Classification: 1.0 0.9766666666666667 104
(66, 25)
(109, 25)
(100, 25)
[0.66961698 1.26592991 1.06445311]
Classification: 1.0 0.9766666666666667 105
(66, 25)
(109, 25)
(100, 25)
[0.71192626 1.15765456 1.13041918]
Classification: 1.0 0.9766666666666667 106
(66, 25)
(109, 25)
(100, 25)
[0.68447157 1.28890976 1.02661867]
Classification: 1.0 0.9766666666666667 107
(66, 25)
(109, 25)
(100, 25)
[0.80589655 1.20048976 0.99361369]
Classification: 1.0 0.9766666666666667 108
(66, 25)
(109, 25)
(100, 25)
[0.72195548 1.21809732 1.0599472 ]
Classification: 1.0 0.9766666666666667 109
(66, 25)
(109, 25)
(100, 25)
[0.74317607 1.17846158 1.07836235]
Classification: 1.0 0.9766666666666667 110
(66, 25)
(109, 25)
(100, 25)
[0.65428888 1.16867898 1.17703214]
Classification: 1.0 0.9766666666666667 111
(66, 25)
(109, 25)
(100, 25)
[0.74615812 1.23271014 1.02113174]
Classification: 1.0 0.9766666666666667 112
(66, 25)
(109, 25)
(100, 25)
[0.78290636 1.19194485 1.02514879]
Classification: 1.0 0.9766666666666667 113
(66, 25)
(109, 25)
(100, 25)
[0.74647494 1.10114878 1.15237628]
Classification: 1.0 0.9766666666666667 114
(66, 25)
(109, 25)
(100, 25)
[0.81237172 1.20271093 0.98491735]
Classification: 1.0 0.9766666666666667 115
(66, 25)
(109, 25)
(100, 25)
[0.75898503 1.23680368 1.00421129]
Classification: 1.0 0.9766666666666667 116
(66, 25)
(109, 25)
(100, 25)
[0.7562782 1.2214785 1.0222433]
Classification: 1.0 0.9766666666666667 117
(66, 25)
(109, 25)
(100, 25)
[0.78986189 1.18871868 1.02141942]
Classification: 1.0 0.9766666666666667 118
(66, 25)
(109, 25)
(100, 25)
[0.79527685 1.1871235  1.01759965]
Classification: 1.0 0.9733333333333334 119
(66, 25)
(109, 25)
(100, 25)
[0.72985277 1.20128908 1.06885815]
Classification: 1.0 0.9766666666666667 120
(66, 25)
(109, 25)
(100, 25)
[0.77818868 1.23159849 0.99021283]
Classification: 1.0 0.9766666666666667 121
(66, 25)
(109, 25)
(100, 25)
[0.75067901 1.25470723 0.99461376]
Classification: 1.0 0.9766666666666667 122
(66, 25)
(109, 25)
(100, 25)
[0.75692772 1.2852994  0.95777288]
Classification: 1.0 0.9766666666666667 123
(66, 25)
(109, 25)
(100, 25)
[0.78977145 1.15883326 1.0513953 ]
Classification: 1.0 0.9766666666666667 124
(66, 25)
(109, 25)
(100, 25)
[0.92318465 1.11521179 0.96160355]
Classification: 1.0 0.9766666666666667 125
(66, 25)
(109, 25)
(100, 25)
[0.76122199 1.22708734 1.01169067]
Classification: 1.0 0.9766666666666667 126
(66, 25)
(109, 25)
(100, 25)
[0.8330687  1.22822364 0.93870766]
Classification: 1.0 0.9733333333333334 127
(66, 25)
(109, 25)
(100, 25)
[0.73998123 1.28872704 0.97129174]
Classification: 1.0 0.9766666666666667 128
(66, 25)
(109, 25)
(100, 25)
[0.80519133 1.21368342 0.98112526]
Classification: 1.0 0.9766666666666667 129
(66, 25)
(109, 25)
(100, 25)
[0.80551667 1.29793923 0.8965441 ]
Classification: 1.0 0.9766666666666667 130
(66, 25)
(109, 25)
(100, 25)
[0.79126798 1.28540193 0.92333008]
Classification: 1.0 0.9766666666666667 131
(66, 25)
(109, 25)
(100, 25)
[0.81322786 1.32696556 0.85980658]
Classification: 1.0 0.9766666666666667 132
(66, 25)
(109, 25)
(100, 25)
[0.81728394 1.1873676  0.99534846]
Classification: 1.0 0.9766666666666667 133
(66, 25)
(109, 25)
(100, 25)
[0.85611254 1.23441785 0.90946961]
Classification: 1.0 0.9766666666666667 134
(66, 25)
(109, 25)
(100, 25)
[0.80967714 1.254924   0.93539886]
Classification: 1.0 0.9766666666666667 135
(66, 25)
(109, 25)
(100, 25)
[0.83701485 1.29441806 0.86856709]
Classification: 1.0 0.9766666666666667 136
(66, 25)
(109, 25)
(100, 25)
[0.91648314 1.18136277 0.90215409]
Classification: 1.0 0.9766666666666667 137
(66, 25)
(109, 25)
(100, 25)
[0.80701802 1.29597289 0.89700909]
Classification: 1.0 0.9766666666666667 138
(66, 25)
(109, 25)
(100, 25)
[0.79158187 1.35025048 0.85816764]
Classification: 1.0 0.9766666666666667 139
(66, 25)
(109, 25)
(100, 25)
[0.80040818 1.31106174 0.88853008]
Classification: 1.0 0.9766666666666667 140
(66, 25)
(109, 25)
(100, 25)
[0.78043816 1.33565294 0.8839089 ]
Classification: 1.0 0.9766666666666667 141
(66, 25)
(109, 25)
(100, 25)
[0.87962584 1.27331486 0.8470593 ]
Classification: 1.0 0.9766666666666667 142
(66, 25)
(109, 25)
(100, 25)
[0.90794193 1.29397453 0.79808354]
Classification: 1.0 0.9766666666666667 143
(66, 25)
(109, 25)
(100, 25)
[0.8413699  1.27602159 0.88260851]
Classification: 1.0 0.9766666666666667 144
(66, 25)
(109, 25)
(100, 25)
[0.80231032 1.36140641 0.83628327]
Classification: 1.0 0.9766666666666667 145
(66, 25)
(109, 25)
(100, 25)
[0.86627382 1.24319786 0.89052833]
Classification: 1.0 0.9766666666666667 146
(66, 25)
(109, 25)
(100, 25)
[0.79885693 1.3400752  0.86106787]
Classification: 1.0 0.9766666666666667 147
(66, 25)
(109, 25)
(100, 25)
[0.83363178 1.37418511 0.79218312]
Classification: 1.0 0.9766666666666667 148
(66, 25)
(109, 25)
(100, 25)
[0.83749321 1.27633208 0.88617471]
Classification: 1.0 0.9766666666666667 149
(66, 25)
(109, 25)
(100, 25)
[0.82696741 1.31162565 0.86140695]
Classification: 1.0 0.9766666666666667 150
(66, 25)
(109, 25)
(100, 25)
[0.898759   1.29859441 0.80264659]
Classification: 1.0 0.9766666666666667 151
(66, 25)
(109, 25)
(100, 25)
[0.80009634 1.33557091 0.86433274]
Classification: 1.0 0.9766666666666667 152
(66, 25)
(109, 25)
(100, 25)
[0.84997892 1.24852459 0.90149648]
Classification: 1.0 0.9766666666666667 153
(66, 25)
(109, 25)
(100, 25)
[0.85179059 1.27879332 0.86941608]
Classification: 1.0 0.9766666666666667 154
(66, 25)
(109, 25)
(100, 25)
[0.88585893 1.31428418 0.79985689]
Classification: 1.0 0.9766666666666667 155
(66, 25)
(109, 25)
(100, 25)
[0.88256889 1.22198582 0.89544529]
Classification: 1.0 0.9766666666666667 156
(66, 25)
(109, 25)
(100, 25)
[0.78142158 1.40472011 0.8138583 ]
Classification: 1.0 0.9766666666666667 157
(66, 25)
(109, 25)
(100, 25)
[0.92722134 1.28494021 0.78783845]
Classification: 1.0 0.9766666666666667 158
(66, 25)
(109, 25)
(100, 25)
[0.88469021 1.23065104 0.88465875]
Classification: 1.0 0.9766666666666667 159
(66, 25)
(109, 25)
(100, 25)
[0.85817267 1.21852147 0.92330586]
Classification: 1.0 0.9766666666666667 160
(66, 25)
(109, 25)
(100, 25)
[0.83744095 1.37929154 0.78326752]
Classification: 1.0 0.9766666666666667 161
(66, 25)
(109, 25)
(100, 25)
[0.84022573 1.33926113 0.82051315]
Classification: 1.0 0.9766666666666667 162
(66, 25)
(109, 25)
(100, 25)
[0.922494   1.22633378 0.85117222]
Classification: 1.0 0.9766666666666667 163
(66, 25)
(109, 25)
(100, 25)
[0.93399916 1.22857535 0.83742548]
Classification: 1.0 0.9766666666666667 164
(66, 25)
(109, 25)
(100, 25)
[0.89879397 1.26009346 0.84111257]
Classification: 1.0 0.9766666666666667 165
(66, 25)
(109, 25)
(100, 25)
[0.84241527 1.21653773 0.94104699]
Classification: 1.0 0.9766666666666667 166
(66, 25)
(109, 25)
(100, 25)
[0.86416598 1.25349333 0.88234069]
Classification: 1.0 0.9766666666666667 167
(66, 25)
(109, 25)
(100, 25)
[0.86364205 1.2943314  0.84202655]
Classification: 1.0 0.9766666666666667 168
(66, 25)
(109, 25)
(100, 25)
[0.86183726 1.2289181  0.90924464]
Classification: 1.0 0.9766666666666667 169
(66, 25)
(109, 25)
(100, 25)
[0.9277496  1.20680614 0.86544426]
Classification: 1.0 0.9766666666666667 170
(66, 25)
(109, 25)
(100, 25)
[0.9576354  1.17537475 0.86698986]
Classification: 1.0 0.9766666666666667 171
(66, 25)
(109, 25)
(100, 25)
[0.96849586 1.19688358 0.83462056]
Classification: 1.0 0.9766666666666667 172
(66, 25)
(109, 25)
(100, 25)
[0.91818435 1.21508898 0.86672668]
Classification: 1.0 0.9766666666666667 173
(66, 25)
(109, 25)
(100, 25)
[0.94585415 1.16978891 0.88435695]
Classification: 1.0 0.9766666666666667 174
(66, 25)
(109, 25)
(100, 25)
[0.78441729 1.25030769 0.96527502]
Classification: 1.0 0.9766666666666667 175
(66, 25)
(109, 25)
(100, 25)
[0.92819505 1.3187078  0.75309715]
Classification: 1.0 0.9766666666666667 176
(66, 25)
(109, 25)
(100, 25)
[0.84723947 1.30213022 0.85063031]
Classification: 1.0 0.9766666666666667 177
(66, 25)
(109, 25)
(100, 25)
[0.98837638 1.15351986 0.85810376]
Classification: 1.0 0.9766666666666667 178
(66, 25)
(109, 25)
(100, 25)
[0.94058478 1.18582371 0.87359151]
Classification: 1.0 0.9766666666666667 179
(66, 25)
(109, 25)
(100, 25)
[0.84778539 1.28489563 0.86731897]
Classification: 1.0 0.9766666666666667 180
(66, 25)
(109, 25)
(100, 25)
[0.88281618 1.28608091 0.8311029 ]
Classification: 1.0 0.9766666666666667 181
(66, 25)
(109, 25)
(100, 25)
[0.85074142 1.29209106 0.85716751]
Classification: 1.0 0.9766666666666667 182
(66, 25)
(109, 25)
(100, 25)
[0.85767146 1.21052309 0.93180546]
Classification: 1.0 0.9766666666666667 183
(66, 25)
(109, 25)
(100, 25)
[0.95164149 1.26877074 0.77958777]
Classification: 1.0 0.9766666666666667 184
(66, 25)
(109, 25)
(100, 25)
[0.825769   1.27138595 0.90284505]
Classification: 1.0 0.9766666666666667 185
(66, 25)
(109, 25)
(100, 25)
[0.8314622  1.27606679 0.89247101]
Classification: 1.0 0.9766666666666667 186
(66, 25)
(109, 25)
(100, 25)
[0.90293624 1.27587695 0.82118682]
Classification: 1.0 0.9766666666666667 187
(66, 25)
(109, 25)
(100, 25)
[0.80088775 1.37752392 0.82158834]
Classification: 1.0 0.9766666666666667 188
(66, 25)
(109, 25)
(100, 25)
[0.88284314 1.28348235 0.83367451]
Classification: 1.0 0.9766666666666667 189
(66, 25)
(109, 25)
(100, 25)
[0.86878634 1.30637347 0.82484019]
Classification: 1.0 0.9766666666666667 190
(66, 25)
(109, 25)
(100, 25)
[0.86629847 1.2041259  0.92957563]
Classification: 1.0 0.9766666666666667 191
(66, 25)
(109, 25)
(100, 25)
[0.90591406 1.27599767 0.81808826]
Classification: 1.0 0.9766666666666667 192
(66, 25)
(109, 25)
(100, 25)
[0.85966794 1.31729007 0.82304199]
Classification: 1.0 0.9766666666666667 193
(66, 25)
(109, 25)
(100, 25)
[0.96424335 1.21591517 0.81984148]
Classification: 1.0 0.9766666666666667 194
(66, 25)
(109, 25)
(100, 25)
[0.9105061  1.19983748 0.88965642]
Classification: 1.0 0.9766666666666667 195
(66, 25)
(109, 25)
(100, 25)
[0.88892026 1.22813218 0.88294756]
Classification: 1.0 0.9766666666666667 196
(66, 25)
(109, 25)
(100, 25)
[0.89717923 1.21779396 0.88502681]
Classification: 1.0 0.9766666666666667 197
(66, 25)
(109, 25)
(100, 25)
[0.91498385 1.2310953  0.85392085]
Classification: 1.0 0.9766666666666667 198
(66, 25)
(109, 25)
(100, 25)
[0.94786926 1.20777706 0.84435368]
Classification: 1.0 0.9766666666666667 199
(66, 25)
(109, 25)
(100, 25)
[0.91939682 1.19337047 0.88723271]
Classification: 1.0 0.9766666666666667 200
(66, 25)
(109, 25)
(100, 25)
[0.85107024 1.23783478 0.91109498]
Classification: 1.0 0.9766666666666667 201
(66, 25)
(109, 25)
(100, 25)
[0.88671934 1.22709583 0.88618483]
Classification: 1.0 0.9766666666666667 202
(66, 25)
(109, 25)
(100, 25)
[0.8905978  1.32680406 0.78259814]
Classification: 1.0 0.9766666666666667 203
(66, 25)
(109, 25)
(100, 25)
[0.82520794 1.27206431 0.90272776]
Classification: 1.0 0.9766666666666667 204
(66, 25)
(109, 25)
(100, 25)
[0.88668622 1.24172492 0.87158886]
Classification: 1.0 0.9766666666666667 205
(66, 25)
(109, 25)
(100, 25)
[0.96438144 1.16107836 0.8745402 ]
Classification: 1.0 0.9766666666666667 206
(66, 25)
(109, 25)
(100, 25)
[1.02112517 1.13165931 0.84721552]
Classification: 1.0 0.9766666666666667 207
(66, 25)
(109, 25)
(100, 25)
[0.83996834 1.26436996 0.8956617 ]
Classification: 1.0 0.9766666666666667 208
(66, 25)
(109, 25)
(100, 25)
[0.87211972 1.2984596  0.82942068]
Classification: 1.0 0.9766666666666667 209
(66, 25)
(109, 25)
(100, 25)
[0.90551951 1.2785125  0.815968  ]
Classification: 1.0 0.9766666666666667 210
(66, 25)
(109, 25)
(100, 25)
[0.87261737 1.26138679 0.86599584]
Classification: 1.0 0.9733333333333334 211
(66, 25)
(109, 25)
(100, 25)
[0.82355903 1.2341383  0.94230268]
Classification: 1.0 0.9733333333333334 212
(66, 25)
(109, 25)
(100, 25)
[0.87906435 1.2529658  0.86796985]
Classification: 1.0 0.9733333333333334 213
(66, 25)
(109, 25)
(100, 25)
[0.87481465 1.21478139 0.91040395]
Classification: 1.0 0.9766666666666667 214
(66, 25)
(109, 25)
(100, 25)
[0.81037259 1.2725676  0.91705981]
Classification: 1.0 0.9733333333333334 215
(66, 25)
(109, 25)
(100, 25)
[0.82807895 1.28681306 0.88510799]
Classification: 1.0 0.9733333333333334 216
(66, 25)
(109, 25)
(100, 25)
[0.95803561 1.20013874 0.84182565]
Classification: 1.0 0.9733333333333334 217
(66, 25)
(109, 25)
(100, 25)
[0.8426172  1.21995944 0.93742336]
Classification: 1.0 0.9733333333333334 218
(66, 25)
(109, 25)
(100, 25)
[0.81709947 1.2786783  0.90422223]
Classification: 1.0 0.9733333333333334 219
(66, 25)
(109, 25)
(100, 25)
[0.92557357 1.27860516 0.79582127]
Classification: 1.0 0.9733333333333334 220
(66, 25)
(109, 25)
(100, 25)
[0.8448214 1.2815047 0.8736739]
Classification: 1.0 0.9733333333333334 221
(66, 25)
(109, 25)
(100, 25)
[0.86171722 1.29847845 0.83980433]
Classification: 1.0 0.9733333333333334 222
(66, 25)
(109, 25)
(100, 25)
[0.84063875 1.27363901 0.88572224]
Classification: 1.0 0.9733333333333334 223
(66, 25)
(109, 25)
(100, 25)
[0.90001746 1.24471025 0.85527229]
Classification: 1.0 0.9733333333333334 224
(66, 25)
(109, 25)
(100, 25)
[0.92294938 1.19801376 0.87903686]
Classification: 1.0 0.9733333333333334 225
(66, 25)
(109, 25)
(100, 25)
[0.91638646 1.18304974 0.9005638 ]
Classification: 1.0 0.9733333333333334 226
(66, 25)
(109, 25)
(100, 25)
[0.86492535 1.27456434 0.8605103 ]
Classification: 1.0 0.9733333333333334 227
(66, 25)
(109, 25)
(100, 25)
[0.91486173 1.19715959 0.88797868]
Classification: 1.0 0.9733333333333334 228
(66, 25)
(109, 25)
(100, 25)
[0.92695346 1.24240439 0.83064215]
Classification: 1.0 0.9733333333333334 229
(66, 25)
(109, 25)
(100, 25)
[0.93627053 1.21369525 0.85003422]
Classification: 1.0 0.9733333333333334 230
(66, 25)
(109, 25)
(100, 25)
[0.94794397 1.19176395 0.86029208]
Classification: 1.0 0.9733333333333334 231
(66, 25)
(109, 25)
(100, 25)
[0.89410657 1.20952301 0.89637042]
Classification: 1.0 0.9733333333333334 232
(66, 25)
(109, 25)
(100, 25)
[0.87825733 1.30128779 0.82045488]
Classification: 1.0 0.9733333333333334 233
(66, 25)
(109, 25)
(100, 25)
[0.86932793 1.30013865 0.83053342]
Classification: 1.0 0.9733333333333334 234
(66, 25)
(109, 25)
(100, 25)
[0.88957192 1.28227358 0.8281545 ]
Classification: 1.0 0.9733333333333334 235
(66, 25)
(109, 25)
(100, 25)
[0.87578445 1.28474173 0.83947382]
Classification: 1.0 0.9733333333333334 236
(66, 25)
(109, 25)
(100, 25)
[0.88700264 1.25998284 0.85301451]
Classification: 1.0 0.9733333333333334 237
(66, 25)
(109, 25)
(100, 25)
[0.92740815 1.20758757 0.86500428]
Classification: 1.0 0.9733333333333334 238
(66, 25)
(109, 25)
(100, 25)
[0.9346747  1.23508832 0.83023698]
Classification: 1.0 0.9733333333333334 239
(66, 25)
(109, 25)
(100, 25)
[0.85383588 1.34291506 0.80324906]
Classification: 1.0 0.9733333333333334 240
(66, 25)
(109, 25)
(100, 25)
[0.94772833 1.21460559 0.83766608]
Classification: 1.0 0.9733333333333334 241
(66, 25)
(109, 25)
(100, 25)
[0.95374468 1.13702844 0.90922689]
Classification: 1.0 0.9733333333333334 242
(66, 25)
(109, 25)
(100, 25)
[0.8945208  1.16496035 0.94051884]
Classification: 1.0 0.9733333333333334 243
(66, 25)
(109, 25)
(100, 25)
[1.00649436 1.17655923 0.8169464 ]
Classification: 1.0 0.9733333333333334 244
(66, 25)
(109, 25)
(100, 25)
[1.00720082 1.05063222 0.94216696]
Classification: 1.0 0.9733333333333334 245
(66, 25)
(109, 25)
(100, 25)
[1.00465393 1.13319853 0.86214754]
Classification: 1.0 0.9733333333333334 246
(66, 25)
(109, 25)
(100, 25)
[0.88589089 1.27950746 0.83460165]
Classification: 1.0 0.9733333333333334 247
(66, 25)
(109, 25)
(100, 25)
[0.96317248 1.24195233 0.79487519]
Classification: 1.0 0.9733333333333334 248
(66, 25)
(109, 25)
(100, 25)
[0.87391004 1.22845588 0.89763407]
Classification: 1.0 0.9733333333333334 249
(66, 25)
(109, 25)
(100, 25)
[0.87698987 1.24745095 0.87555918]
Classification: 1.0 0.9733333333333334 250
(66, 25)
(109, 25)
(100, 25)
[0.92493853 1.29295441 0.78210706]
Classification: 1.0 0.9733333333333334 251
(66, 25)
(109, 25)
(100, 25)
[1.02596163 1.14856767 0.8254707 ]
Classification: 1.0 0.9733333333333334 252
(66, 25)
(109, 25)
(100, 25)
[1.02333723 1.15481756 0.82184521]
Classification: 1.0 0.9733333333333334 253
(66, 25)
(109, 25)
(100, 25)
[1.00321724 1.19471253 0.80207023]
Classification: 1.0 0.9733333333333334 254
(66, 25)
(109, 25)
(100, 25)
[0.96507634 1.22234741 0.81257625]
Classification: 1.0 0.9733333333333334 255
(66, 25)
(109, 25)
(100, 25)
[1.03600723 1.09701604 0.86697673]
Classification: 1.0 0.9733333333333334 256
(66, 25)
(109, 25)
(100, 25)
[0.90734235 1.21744633 0.87521132]
Classification: 1.0 0.9733333333333334 257
(66, 25)
(109, 25)
(100, 25)
[0.98869516 1.2010084  0.81029645]
Classification: 1.0 0.9733333333333334 258
(66, 25)
(109, 25)
(100, 25)
[0.96644055 1.19860435 0.83495509]
Classification: 1.0 0.9733333333333334 259
(66, 25)
(109, 25)
(100, 25)
[0.98294558 1.1957398  0.82131462]
Classification: 1.0 0.9733333333333334 260
(66, 25)
(109, 25)
(100, 25)
[1.04664335 1.10137238 0.85198427]
Classification: 1.0 0.9733333333333334 261
(66, 25)
(109, 25)
(100, 25)
[0.98637694 1.12335685 0.89026621]
Classification: 1.0 0.9733333333333334 262
(66, 25)
(109, 25)
(100, 25)
[0.90693873 1.26088364 0.83217763]
Classification: 1.0 0.9733333333333334 263
(66, 25)
(109, 25)
(100, 25)
[0.96091651 1.17567749 0.863406  ]
Classification: 1.0 0.9733333333333334 264
(66, 25)
(109, 25)
(100, 25)
[0.95477127 1.22242699 0.82280174]
Classification: 1.0 0.9733333333333334 265
(66, 25)
(109, 25)
(100, 25)
[0.96521786 1.2422336  0.79254854]
Classification: 1.0 0.9733333333333334 266
(66, 25)
(109, 25)
(100, 25)
[0.98975766 1.17888385 0.83135849]
Classification: 1.0 0.9733333333333334 267
(66, 25)
(109, 25)
(100, 25)
[1.05274034 1.1441315  0.80312817]
Classification: 1.0 0.9733333333333334 268
(66, 25)
(109, 25)
(100, 25)
[0.94324976 1.16593795 0.89081228]
Classification: 1.0 0.9733333333333334 269
(66, 25)
(109, 25)
(100, 25)
[0.97176507 1.24805453 0.78018041]
Classification: 1.0 0.9733333333333334 270
(66, 25)
(109, 25)
(100, 25)
[0.97130528 1.22948603 0.7992087 ]
Classification: 1.0 0.9733333333333334 271
(66, 25)
(109, 25)
(100, 25)
[0.92246476 1.15521567 0.92231956]
Classification: 1.0 0.9733333333333334 272
(66, 25)
(109, 25)
(100, 25)
[0.98466563 1.0710427  0.94429167]
Classification: 1.0 0.9733333333333334 273
(66, 25)
(109, 25)
(100, 25)
[0.9996755  1.19797854 0.80234596]
Classification: 1.0 0.9733333333333334 274
(66, 25)
(109, 25)
(100, 25)
[1.06944701 1.12030536 0.81024763]
Classification: 1.0 0.9733333333333334 275
(66, 25)
(109, 25)
(100, 25)
[0.926645   1.21918855 0.85416645]
Classification: 1.0 0.9733333333333334 276
(66, 25)
(109, 25)
(100, 25)
[0.9982135  1.11554705 0.88623946]
Classification: 1.0 0.9733333333333334 277
(66, 25)
(109, 25)
(100, 25)
[1.05644215 1.15046943 0.79308842]
Classification: 1.0 0.9733333333333334 278
(66, 25)
(109, 25)
(100, 25)
[0.99671957 1.1331815  0.87009893]
Classification: 1.0 0.9733333333333334 279
(66, 25)
(109, 25)
(100, 25)
[1.03044334 1.17985076 0.7897059 ]
Classification: 1.0 0.9733333333333334 280
(66, 25)
(109, 25)
(100, 25)
[0.97143823 1.12769682 0.90086495]
Classification: 1.0 0.9733333333333334 281
(66, 25)
(109, 25)
(100, 25)
[0.98417433 1.24238512 0.77344055]
Classification: 1.0 0.9733333333333334 282
(66, 25)
(109, 25)
(100, 25)
[0.97256496 1.22745876 0.79997629]
Classification: 1.0 0.9733333333333334 283
(66, 25)
(109, 25)
(100, 25)
[0.96877695 1.17177847 0.85944458]
Classification: 1.0 0.9733333333333334 284
(66, 25)
(109, 25)
(100, 25)
[1.07791056 1.13690034 0.7851891 ]
Classification: 1.0 0.9733333333333334 285
(66, 25)
(109, 25)
(100, 25)
[0.94402364 1.19896881 0.85700755]
Classification: 1.0 0.9733333333333334 286
(66, 25)
(109, 25)
(100, 25)
[0.941725   1.18205045 0.87622455]
Classification: 1.0 0.9733333333333334 287
(66, 25)
(109, 25)
(100, 25)
[1.00812697 1.07892173 0.91295129]
Classification: 1.0 0.9733333333333334 288
(66, 25)
(109, 25)
(100, 25)
[0.96454203 1.2016951  0.83376287]
Classification: 1.0 0.9733333333333334 289
(66, 25)
(109, 25)
(100, 25)
[1.02126454 1.11785769 0.86087776]
Classification: 1.0 0.9733333333333334 290
(66, 25)
(109, 25)
(100, 25)
[0.92764675 1.18445279 0.88790046]
Classification: 1.0 0.9733333333333334 291
(66, 25)
(109, 25)
(100, 25)
[1.0535167  1.16636229 0.780121  ]
Classification: 1.0 0.9733333333333334 292
(66, 25)
(109, 25)
(100, 25)
[0.96836255 1.19426299 0.83737445]
Classification: 1.0 0.9733333333333334 293
(66, 25)
(109, 25)
(100, 25)
[0.99748186 1.19200135 0.81051679]
Classification: 1.0 0.9766666666666667 294
(66, 25)
(109, 25)
(100, 25)
[1.05679491 1.17613433 0.76707076]
Classification: 1.0 0.9733333333333334 295
(66, 25)
(109, 25)
(100, 25)
[1.0627271  1.10573554 0.83153737]
Classification: 1.0 0.9733333333333334 296
(66, 25)
(109, 25)
(100, 25)
[1.01322776 1.1123421  0.87443014]
Classification: 1.0 0.9733333333333334 297
(66, 25)
(109, 25)
(100, 25)
[1.05419802 1.12063513 0.82516686]
Classification: 1.0 0.9766666666666667 298
(66, 25)
(109, 25)
(100, 25)
[1.14875895 1.10558155 0.7456595 ]
Classification: 1.0 0.9733333333333334 299
(66, 25)
(109, 25)
(100, 25)
[1.00461453 1.15465593 0.84072954]
Classification: 1.0 0.9733333333333334 300
(66, 25)
(109, 25)
(100, 25)
[1.03615143 1.11706851 0.84678005]
Classification: 1.0 0.9733333333333334 301
(66, 25)
(109, 25)
(100, 25)
[1.13424368 1.08857304 0.77718328]
Classification: 1.0 0.9733333333333334 302
(66, 25)
(109, 25)
(100, 25)
[1.00742314 1.20689268 0.78568419]
Classification: 1.0 0.9733333333333334 303
(66, 25)
(109, 25)
(100, 25)
[1.05666392 1.08586574 0.85747034]
Classification: 1.0 0.9733333333333334 304
(66, 25)
(109, 25)
(100, 25)
[1.01588596 1.16691545 0.81719859]
Classification: 1.0 0.9733333333333334 305
(66, 25)
(109, 25)
(100, 25)
[1.00727117 1.14346264 0.84926619]
Classification: 1.0 0.9766666666666667 306
(66, 25)
(109, 25)
(100, 25)
[1.0350121  1.08691411 0.87807378]
Classification: 1.0 0.98 307
(66, 25)
(109, 25)
(100, 25)
[0.96619735 1.19997784 0.8338248 ]
Classification: 1.0 0.9766666666666667 308
(66, 25)
(109, 25)
(100, 25)
[1.16372519 1.03165283 0.80462198]
Classification: 1.0 0.98 309
(66, 25)
(109, 25)
(100, 25)
[1.08391669 1.16773681 0.7483465 ]
Classification: 1.0 0.9733333333333334 310
(66, 25)
(109, 25)
(100, 25)
[1.14825474 1.14081186 0.7109334 ]
Classification: 1.0 0.9733333333333334 311
(66, 25)
(109, 25)
(100, 25)
[1.05202258 1.16868477 0.77929265]
Classification: 1.0 0.9766666666666667 312
(66, 25)
(109, 25)
(100, 25)
[1.10442687 1.11482433 0.7807488 ]
Classification: 1.0 0.9766666666666667 313
(66, 25)
(109, 25)
(100, 25)
[1.13465949 1.09878501 0.7665555 ]
Classification: 1.0 0.98 314
(66, 25)
(109, 25)
(100, 25)
[0.99346052 1.21475031 0.79178918]
Classification: 1.0 0.98 315
(66, 25)
(109, 25)
(100, 25)
[1.02053258 1.14156534 0.83790208]
Classification: 1.0 0.9766666666666667 316
(66, 25)
(109, 25)
(100, 25)
[1.05502781 1.10124995 0.84372224]
Classification: 1.0 0.9733333333333334 317
(66, 25)
(109, 25)
(100, 25)
[1.03137869 1.0889622  0.87965912]
Classification: 1.0 0.9733333333333334 318
(66, 25)
(109, 25)
(100, 25)
[1.13114135 1.10976823 0.75909042]
Classification: 1.0 0.9766666666666667 319
(66, 25)
(109, 25)
(100, 25)
[1.06648071 1.12865613 0.80486315]
Classification: 1.0 0.9733333333333334 320
(66, 25)
(109, 25)
(100, 25)
[1.08076227 1.1633961  0.75584163]
Classification: 1.0 0.9766666666666667 321
(66, 25)
(109, 25)
(100, 25)
[1.03543689 1.19734269 0.76722043]
Classification: 1.0 0.9766666666666667 322
(66, 25)
(109, 25)
(100, 25)
[0.94183237 1.1458536  0.91231403]
Classification: 1.0 0.9766666666666667 323
(66, 25)
(109, 25)
(100, 25)
[1.02371998 1.14501402 0.831266  ]
Classification: 1.0 0.9733333333333334 324
(66, 25)
(109, 25)
(100, 25)
[1.08377162 1.1498339  0.76639448]
Classification: 1.0 0.9733333333333334 325
(66, 25)
(109, 25)
(100, 25)
[1.18322696 1.10607899 0.71069406]
Classification: 1.0 0.9733333333333334 326
(66, 25)
(109, 25)
(100, 25)
[1.00727525 1.11500787 0.87771688]
Classification: 1.0 0.9733333333333334 327
(66, 25)
(109, 25)
(100, 25)
[1.02982581 1.22064332 0.74953087]
Classification: 1.0 0.9733333333333334 328
(66, 25)
(109, 25)
(100, 25)
[1.00851655 1.16166305 0.8298204 ]
Classification: 1.0 0.9766666666666667 329
(66, 25)
(109, 25)
(100, 25)
[1.15044295 1.06905685 0.7805002 ]
Classification: 1.0 0.9766666666666667 330
(66, 25)
(109, 25)
(100, 25)
[1.09035326 1.13306623 0.77658051]
Classification: 1.0 0.9766666666666667 331
(66, 25)
(109, 25)
(100, 25)
[1.09301885 1.09084632 0.81613483]
Classification: 1.0 0.9733333333333334 332
(66, 25)
(109, 25)
(100, 25)
[1.14006767 1.09929587 0.76063646]
Classification: 1.0 0.9733333333333334 333
(66, 25)
(109, 25)
(100, 25)
[1.11823628 1.06877982 0.8129839 ]
Classification: 1.0 0.98 334
(66, 25)
(109, 25)
(100, 25)
[0.99939799 1.14230328 0.85829873]
Classification: 1.0 0.9733333333333334 335
(66, 25)
(109, 25)
(100, 25)
[1.05880246 1.12718552 0.81401201]
Classification: 1.0 0.9766666666666667 336
(66, 25)
(109, 25)
(100, 25)
[1.07600777 1.09236493 0.8316273 ]
Classification: 1.0 0.9766666666666667 337
(66, 25)
(109, 25)
(100, 25)
[1.13722763 1.02895704 0.83381533]
Classification: 1.0 0.9766666666666667 338
(66, 25)
(109, 25)
(100, 25)
[1.24254334 0.99655465 0.76090202]
Classification: 1.0 0.98 339
(66, 25)
(109, 25)
(100, 25)
[1.20049423 1.05160839 0.74789738]
Classification: 1.0 0.9733333333333334 340
(66, 25)
(109, 25)
(100, 25)
[1.10521076 1.0998015  0.79498774]
Classification: 1.0 0.9766666666666667 341
(66, 25)
(109, 25)
(100, 25)
[1.10739414 1.09011482 0.80249104]
Classification: 1.0 0.9766666666666667 342
(66, 25)
(109, 25)
(100, 25)
[1.1183389  1.08151954 0.80014157]
Classification: 1.0 0.9766666666666667 343
(66, 25)
(109, 25)
(100, 25)
[1.11648051 1.07400691 0.80951258]
Classification: 1.0 0.9733333333333334 344
(66, 25)
(109, 25)
(100, 25)
[1.19474352 1.00268599 0.80257049]
Classification: 1.0 0.9766666666666667 345
(66, 25)
(109, 25)
(100, 25)
[1.04371648 1.14993817 0.80634536]
Classification: 1.0 0.9766666666666667 346
(66, 25)
(109, 25)
(100, 25)
[1.09206518 1.07532342 0.8326114 ]
Classification: 1.0 0.9766666666666667 347
(66, 25)
(109, 25)
(100, 25)
[1.142716   1.07786375 0.77942025]
Classification: 1.0 0.9733333333333334 348
(66, 25)
(109, 25)
(100, 25)
[1.15257529 1.01865973 0.82876498]
Classification: 1.0 0.98 349
(66, 25)
(109, 25)
(100, 25)
[1.07348309 1.1191886  0.80732831]
Classification: 1.0 0.9766666666666667 350
(66, 25)
(109, 25)
(100, 25)
[1.13221455 1.15028101 0.71750445]
Classification: 1.0 0.98 351
(66, 25)
(109, 25)
(100, 25)
[1.09402572 1.00214183 0.90383245]
Classification: 1.0 0.98 352
(66, 25)
(109, 25)
(100, 25)
[1.07612764 1.07150774 0.85236463]
Classification: 1.0 0.98 353
(66, 25)
(109, 25)
(100, 25)
[1.09631029 1.12595893 0.77773078]
Classification: 1.0 0.9766666666666667 354
(66, 25)
(109, 25)
(100, 25)
[1.15213644 1.05014911 0.79771445]
Classification: 1.0 0.9766666666666667 355
(66, 25)
(109, 25)
(100, 25)
[1.05434278 1.10743972 0.8382175 ]
Classification: 1.0 0.9733333333333334 356
(66, 25)
(109, 25)
(100, 25)
[1.07767625 1.11946811 0.80285563]
Classification: 1.0 0.9766666666666667 357
(66, 25)
(109, 25)
(100, 25)
[1.16178092 1.11941241 0.71880667]
Classification: 1.0 0.9766666666666667 358
(66, 25)
(109, 25)
(100, 25)
[1.19209541 1.00215535 0.80574924]
Classification: 1.0 0.98 359
(66, 25)
(109, 25)
(100, 25)
[1.03802365 1.13743924 0.82453712]
Classification: 1.0 0.98 360
(66, 25)
(109, 25)
(100, 25)
[1.07659211 1.07524664 0.84816125]
Classification: 1.0 0.9733333333333334 361
(66, 25)
(109, 25)
(100, 25)
[1.23714407 0.96454882 0.79830712]
Classification: 1.0 0.9733333333333334 362
(66, 25)
(109, 25)
(100, 25)
[1.0403107  1.02075775 0.93893155]
Classification: 1.0 0.9766666666666667 363
(66, 25)
(109, 25)
(100, 25)
[1.11209622 1.05877179 0.82913199]
Classification: 1.0 0.9733333333333334 364
(66, 25)
(109, 25)
(100, 25)
[1.10001164 1.03355232 0.86643604]
Classification: 1.0 0.98 365
(66, 25)
(109, 25)
(100, 25)
[1.07912371 1.11041932 0.81045697]
Classification: 1.0 0.9766666666666667 366
(66, 25)
(109, 25)
(100, 25)
[1.09226261 1.06537058 0.84236681]
Classification: 1.0 0.9766666666666667 367
(66, 25)
(109, 25)
(100, 25)
[1.13362093 1.03422944 0.83214963]
Classification: 1.0 0.9766666666666667 368
(66, 25)
(109, 25)
(100, 25)
[1.19954999 0.94807337 0.85237664]
Classification: 1.0 0.97 369
(66, 25)
(109, 25)
(100, 25)
[1.14299444 1.04615779 0.81084777]
Classification: 1.0 0.97 370
(66, 25)
(109, 25)
(100, 25)
[1.12436057 0.99752013 0.8781193 ]
Classification: 1.0 0.9733333333333334 371
(66, 25)
(109, 25)
(100, 25)
[1.00023091 1.10121544 0.89855365]
Classification: 1.0 0.9733333333333334 372
(66, 25)
(109, 25)
(100, 25)
[1.12540525 1.06792225 0.8066725 ]
Classification: 1.0 0.9733333333333334 373
(66, 25)
(109, 25)
(100, 25)
[1.16187394 1.09948564 0.73864042]
Classification: 1.0 0.97 374
(66, 25)
(109, 25)
(100, 25)
[1.13137989 1.05765685 0.81096326]
Classification: 1.0 0.9766666666666667 375
(66, 25)
(109, 25)
(100, 25)
[1.08466954 1.08080797 0.83452249]
Classification: 1.0 0.97 376
(66, 25)
(109, 25)
(100, 25)
[0.99725824 1.16650156 0.8362402 ]
Classification: 1.0 0.97 377
(66, 25)
(109, 25)
(100, 25)
[1.0653837  1.08618872 0.84842758]
Classification: 1.0 0.9733333333333334 378
(66, 25)
(109, 25)
(100, 25)
[1.13523211 1.10482    0.75994789]
Classification: 1.0 0.97 379
(66, 25)
(109, 25)
(100, 25)
[1.12559044 1.04169828 0.83271128]
Classification: 1.0 0.97 380
(66, 25)
(109, 25)
(100, 25)
[1.12027142 1.03887357 0.84085501]
Classification: 1.0 0.9766666666666667 381
(66, 25)
(109, 25)
(100, 25)
[1.10290906 1.06626963 0.83082131]
Classification: 1.0 0.9733333333333334 382
(66, 25)
(109, 25)
(100, 25)
[1.07339786 1.05015532 0.87644681]
Classification: 1.0 0.9733333333333334 383
(66, 25)
(109, 25)
(100, 25)
[1.10342179 1.08393569 0.81264252]
Classification: 1.0 0.97 384
(66, 25)
(109, 25)
(100, 25)
[1.1160576  1.05740275 0.82653965]
Classification: 1.0 0.9766666666666667 385
(66, 25)
(109, 25)
(100, 25)
[1.25147236 0.93678593 0.81174171]
Classification: 1.0 0.98 386
(66, 25)
(109, 25)
(100, 25)
[1.0779328  1.06265111 0.85941609]
Classification: 1.0 0.9766666666666667 387
(66, 25)
(109, 25)
(100, 25)
[1.17319626 0.93699911 0.88980463]
Classification: 1.0 0.9766666666666667 388
(66, 25)
(109, 25)
(100, 25)
[1.22071681 0.93833657 0.84094661]
Classification: 1.0 0.9766666666666667 389
(66, 25)
(109, 25)
(100, 25)
[1.23480688 0.99137363 0.77381949]
Classification: 1.0 0.97 390
(66, 25)
(109, 25)
(100, 25)
[1.17016307 1.06783794 0.761999  ]
Classification: 1.0 0.9766666666666667 391
(66, 25)
(109, 25)
(100, 25)
[1.18805131 1.05930351 0.75264518]
Classification: 1.0 0.9733333333333334 392
(66, 25)
(109, 25)
(100, 25)
[1.2572518  0.93400608 0.80874212]
Classification: 1.0 0.98 393
(66, 25)
(109, 25)
(100, 25)
[1.20174817 0.95903343 0.8392184 ]
Classification: 1.0 0.9766666666666667 394
(66, 25)
(109, 25)
(100, 25)
[1.14426215 1.01322696 0.84251088]
Classification: 1.0 0.97 395
(66, 25)
(109, 25)
(100, 25)
[1.23289621 1.02003351 0.74707027]
Classification: 1.0 0.9733333333333334 396
(66, 25)
(109, 25)
(100, 25)
[1.19054481 0.98417682 0.82527837]
Classification: 1.0 0.9666666666666667 397
(66, 25)
(109, 25)
(100, 25)
[1.17946823 0.97389197 0.8466398 ]
Classification: 1.0 0.97 398
(66, 25)
(109, 25)
(100, 25)
[1.20722333 0.98269734 0.81007933]
Classification: 1.0 0.98 399
(66, 25)
(109, 25)
(100, 25)
[1.2647987  0.94504802 0.79015327]
Classification: 1.0 0.97 400
(66, 25)
(109, 25)
(100, 25)
[1.31383337 1.00012276 0.68604387]
Classification: 1.0 0.9733333333333334 401
(66, 25)
(109, 25)
(100, 25)
[1.31957345 0.9157935  0.76463306]
Classification: 1.0 0.9766666666666667 402
(66, 25)
(109, 25)
(100, 25)
[1.25307387 0.89501765 0.85190848]
Classification: 1.0 0.98 403
(66, 25)
(109, 25)
(100, 25)
[1.14116208 1.05740765 0.80143027]
Classification: 1.0 0.97 404
(66, 25)
(109, 25)
(100, 25)
[1.09201333 1.04883119 0.85915548]
Classification: 1.0 0.9766666666666667 405
(66, 25)
(109, 25)
(100, 25)
[1.18445697 0.99576367 0.81977936]
Classification: 1.0 0.97 406
(66, 25)
(109, 25)
(100, 25)
[1.28781659 0.94059311 0.7715903 ]
Classification: 1.0 0.9766666666666667 407
(66, 25)
(109, 25)
(100, 25)
[1.13887287 1.00977722 0.85134991]
Classification: 1.0 0.97 408
(66, 25)
(109, 25)
(100, 25)
[1.28236368 0.90947125 0.80816507]
Classification: 1.0 0.98 409
(66, 25)
(109, 25)
(100, 25)
[1.17764422 1.02281518 0.7995406 ]
Classification: 1.0 0.9766666666666667 410
(66, 25)
(109, 25)
(100, 25)
[1.1141276  1.05590424 0.82996816]
Classification: 1.0 0.97 411
(66, 25)
(109, 25)
(100, 25)
[1.13062908 0.99362461 0.87574631]
Classification: 1.0 0.9766666666666667 412
(66, 25)
(109, 25)
(100, 25)
[1.13940619 1.07192205 0.78867177]
Classification: 1.0 0.98 413
(66, 25)
(109, 25)
(100, 25)
[1.16172816 1.06140949 0.77686235]
Classification: 1.0 0.9766666666666667 414
(66, 25)
(109, 25)
(100, 25)
[1.16398996 1.01252083 0.82348921]
Classification: 1.0 0.9733333333333334 415
(66, 25)
(109, 25)
(100, 25)
[1.24156667 0.98367421 0.77475912]
Classification: 1.0 0.97 416
(66, 25)
(109, 25)
(100, 25)
[1.23515203 1.00445632 0.76039165]
Classification: 1.0 0.97 417
(66, 25)
(109, 25)
(100, 25)
[1.23998755 0.95001493 0.80999752]
Classification: 1.0 0.9733333333333334 418
(66, 25)
(109, 25)
(100, 25)
[1.28840537 0.95535165 0.75624299]
Classification: 1.0 0.97 419
(66, 25)
(109, 25)
(100, 25)
[1.26082818 0.95099682 0.788175  ]
Classification: 1.0 0.9733333333333334 420
(66, 25)
(109, 25)
(100, 25)
[1.26143521 0.97673332 0.76183147]
Classification: 1.0 0.9733333333333334 421
(66, 25)
(109, 25)
(100, 25)
[1.30691869 0.91838906 0.77469225]
Classification: 1.0 0.98 422
(66, 25)
(109, 25)
(100, 25)
[1.31044924 0.93561474 0.75393602]
Classification: 1.0 0.98 423
(66, 25)
(109, 25)
(100, 25)
[1.13365864 1.07373705 0.79260432]
Classification: 1.0 0.9766666666666667 424
(66, 25)
(109, 25)
(100, 25)
[1.3488164  0.89147435 0.75970925]
Classification: 1.0 0.98 425
(66, 25)
(109, 25)
(100, 25)
[1.24437745 0.96932476 0.78629778]
Classification: 1.0 0.9733333333333334 426
(66, 25)
(109, 25)
(100, 25)
[1.25324314 1.00785221 0.73890465]
Classification: 1.0 0.98 427
(66, 25)
(109, 25)
(100, 25)
[1.23696169 0.9697961  0.7932422 ]
Classification: 1.0 0.9766666666666667 428
(66, 25)
(109, 25)
(100, 25)
[1.20935573 0.93310264 0.85754163]
Classification: 1.0 0.97 429
(66, 25)
(109, 25)
(100, 25)
[1.20303391 0.92988875 0.86707734]
Classification: 1.0 0.9733333333333334 430
(66, 25)
(109, 25)
(100, 25)
[1.25161253 0.98230796 0.76607951]
Classification: 1.0 0.97 431
(66, 25)
(109, 25)
(100, 25)
[1.19780979 1.00696454 0.79522566]
Classification: 1.0 0.9766666666666667 432
(66, 25)
(109, 25)
(100, 25)
[1.07281385 1.10560296 0.82158319]
Classification: 1.0 0.97 433
(66, 25)
(109, 25)
(100, 25)
[1.21814086 0.99912991 0.78272923]
Classification: 1.0 0.9766666666666667 434
(66, 25)
(109, 25)
(100, 25)
[1.25499755 0.82409101 0.92091144]
Classification: 1.0 0.9766666666666667 435
(66, 25)
(109, 25)
(100, 25)
[1.22130461 0.94760992 0.83108547]
Classification: 1.0 0.9766666666666667 436
(66, 25)
(109, 25)
(100, 25)
[1.22227292 0.95246478 0.82526231]
Classification:/mnt/data/user_liangzhiyu/envs/fedcsl/lib/python3.8/site-packages/scipy/__init__.py:146: UserWarning: A NumPy version >=1.16.5 and <1.23.0 is required for this version of SciPy (detected version 1.23.5
  warnings.warn(f"A NumPy version >={np_minversion} and <{np_maxversion}"
/mnt/data/user_liangzhiyu/envs/fedcsl/lib/python3.8/site-packages/tslearn/bases/bases.py:15: UserWarning: h5py not installed, hdf5 features will not be supported.
Install h5py to use hdf5 features: http://docs.h5py.org/
  warn(h5py_msg)
/mnt/data/user_liangzhiyu/lixiongfei/CSL-main/train.py:392: UserWarning: Creating a tensor from a list of numpy.ndarrays is extremely slow. Please consider converting the list to a single numpy.ndarray with numpy.array() before converting to a tensor. (Triggered internally at /opt/conda/conda-bld/pytorch_1724789259345/work/torch/csrc/utils/tensor_new.cpp:278.)
  X = torch.tensor(X, dtype=torch.float).contiguous()
 1.0 0.9766666666666667 437
(66, 25)
(109, 25)
(100, 25)
[1.29962068 0.93571265 0.76466667]
Classification: 1.0 0.9733333333333334 438
(66, 25)
(109, 25)
(100, 25)
[1.19376817 0.9122821  0.89394973]
Classification: 1.0 0.9733333333333334 439
(66, 25)
(109, 25)
(100, 25)
[1.16872921 1.02647049 0.8048003 ]
Classification: 1.0 0.97 440
(66, 25)
(109, 25)
(100, 25)
[1.24669544 0.97674966 0.7765549 ]
Classification: 1.0 0.97 441
(66, 25)
(109, 25)
(100, 25)
[1.09149738 1.07427781 0.83422481]
Classification: 1.0 0.9733333333333334 442
(66, 25)
(109, 25)
(100, 25)
[1.20023856 0.98828139 0.81148005]
Classification: 1.0 0.9766666666666667 443
(66, 25)
(109, 25)
(100, 25)
[1.16489578 0.9239805  0.91112371]
Classification: 1.0 0.9733333333333334 444
(66, 25)
(109, 25)
(100, 25)
[1.25272501 0.96082495 0.78645004]
Classification: 1.0 0.9733333333333334 445
(66, 25)
(109, 25)
(100, 25)
[1.25934927 0.9309949  0.80965584]
Classification: 1.0 0.98 446
(66, 25)
(109, 25)
(100, 25)
[1.30533543 0.97297308 0.72169149]
Classification: 1.0 0.98 447
(66, 25)
(109, 25)
(100, 25)
[1.27119502 0.95273987 0.77606512]
Classification: 1.0 0.98 448
(66, 25)
(109, 25)
(100, 25)
[1.20571758 1.01466779 0.77961464]
Classification: 1.0 0.97 449
(66, 25)
(109, 25)
(100, 25)
[1.27045068 0.91535511 0.81419421]
Classification: 1.0 0.98 450
(66, 25)
(109, 25)
(100, 25)
[1.33959737 0.84820125 0.81220137]
Classification: 1.0 0.9733333333333334 451
(66, 25)
(109, 25)
(100, 25)
[1.27022126 0.93414841 0.79563033]
Classification: 1.0 0.9766666666666667 452
(66, 25)
(109, 25)
(100, 25)
[1.24857374 0.88226978 0.86915648]
Classification: 1.0 0.9666666666666667 453
(66, 25)
(109, 25)
(100, 25)
[1.32989633 0.87820777 0.7918959 ]
Classification: 1.0 0.9766666666666667 454
(66, 25)
(109, 25)
(100, 25)
[1.2693308 0.935238  0.7954312]
Classification: 1.0 0.98 455
(66, 25)
(109, 25)
(100, 25)
[1.21306513 0.95994331 0.82699156]
Classification: 1.0 0.9733333333333334 456
(66, 25)
(109, 25)
(100, 25)
[1.23118968 0.92050567 0.84830465]
Classification: 1.0 0.9733333333333334 457
(66, 25)
(109, 25)
(100, 25)
[1.35601826 0.81583997 0.82814177]
Classification: 1.0 0.9766666666666667 458
(66, 25)
(109, 25)
(100, 25)
[1.22525109 0.96300328 0.81174563]
Classification: 1.0 0.9766666666666667 459
(66, 25)
(109, 25)
(100, 25)
[1.19253367 0.9585587  0.84890763]
Classification: 1.0 0.9766666666666667 460
(66, 25)
(109, 25)
(100, 25)
[1.25145505 1.01936015 0.7291848 ]
Classification: 1.0 0.9733333333333334 461
(66, 25)
(109, 25)
(100, 25)
[1.223742   0.93315882 0.84309918]
Classification: 1.0 0.9766666666666667 462
(66, 25)
(109, 25)
(100, 25)
[1.18050332 0.99401787 0.82547881]
Classification: 1.0 0.98 463
(66, 25)
(109, 25)
(100, 25)
[1.27057081 0.87160544 0.85782375]
Classification: 1.0 0.97 464
(66, 25)
(109, 25)
(100, 25)
[1.23047002 0.97822257 0.7913074 ]
Classification: 1.0 0.9766666666666667 465
(66, 25)
(109, 25)
(100, 25)
[1.21733709 0.97098259 0.81168032]
Classification: 1.0 0.9733333333333334 466
(66, 25)
(109, 25)
(100, 25)
[1.29078795 0.90530679 0.80390526]
Classification: 1.0 0.9766666666666667 467
(66, 25)
(109, 25)
(100, 25)
[1.2123838  0.96250531 0.82511089]
Classification: 1.0 0.97 468
(66, 25)
(109, 25)
(100, 25)
[1.26093158 0.89624579 0.84282263]
Classification: 1.0 0.9666666666666667 469
(66, 25)
(109, 25)
(100, 25)
[1.17715938 1.06814247 0.75469815]
Classification: 1.0 0.97 470
(66, 25)
(109, 25)
(100, 25)
[1.27091454 0.96220284 0.76688263]
Classification: 1.0 0.9766666666666667 471
(66, 25)
(109, 25)
(100, 25)
[1.36492896 0.83996528 0.79510576]
Classification: 1.0 0.9766666666666667 472
(66, 25)
(109, 25)
(100, 25)
[1.2195995  0.92030588 0.86009462]
Classification: 1.0 0.9733333333333334 473
(66, 25)
(109, 25)
(100, 25)
[1.23486668 1.00705227 0.75808105]
Classification: 1.0 0.9666666666666667 474
(66, 25)
(109, 25)
(100, 25)
[1.29683109 0.96204246 0.74112645]
Classification: 1.0 0.98 475
(66, 25)
(109, 25)
(100, 25)
[1.24681389 0.94779319 0.80539292]
Classification: 1.0 0.97 476
(66, 25)
(109, 25)
(100, 25)
[1.26968692 0.94941883 0.78089425]
Classification: 1.0 0.9733333333333334 477
(66, 25)
(109, 25)
(100, 25)
[1.22424935 0.96276816 0.8129825 ]
Classification: 1.0 0.97 478
(66, 25)
(109, 25)
(100, 25)
[1.11768296 1.00992905 0.87238799]
Classification: 1.0 0.9766666666666667 479
(66, 25)
(109, 25)
(100, 25)
[1.21293356 0.9605082  0.82655824]
Classification: 1.0 0.98 480
(66, 25)
(109, 25)
(100, 25)
[1.28985822 0.92365235 0.78648943]
Classification: 1.0 0.9766666666666667 481
(66, 25)
(109, 25)
(100, 25)
[1.26096102 1.03918506 0.69985392]
Classification: 1.0 0.9666666666666667 482
(66, 25)
(109, 25)
(100, 25)
[1.21077794 1.00674314 0.78247892]
Classification: 1.0 0.9733333333333334 483
(66, 25)
(109, 25)
(100, 25)
[1.23979518 0.9792074  0.78099742]
Classification: 1.0 0.98 484
(66, 25)
(109, 25)
(100, 25)
[1.29627357 1.01325419 0.69047224]
Classification: 1.0 0.97 485
(66, 25)
(109, 25)
(100, 25)
[1.32924029 0.96419411 0.7065656 ]
Classification: 1.0 0.9633333333333334 486
(66, 25)
(109, 25)
(100, 25)
[1.37825257 0.87974882 0.74199861]
Classification: 1.0 0.9733333333333334 487
(66, 25)
(109, 25)
(100, 25)
[1.33392741 0.87919897 0.78687362]
Classification: 1.0 0.9766666666666667 488
(66, 25)
(109, 25)
(100, 25)
[1.25732312 0.8914803  0.85119658]
Classification: 1.0 0.98 489
(66, 25)
(109, 25)
(100, 25)
[1.27001882 0.91552678 0.8144544 ]
Classification: 1.0 0.9733333333333334 490
(66, 25)
(109, 25)
(100, 25)
[1.28616979 0.93183172 0.7819985 ]
Classification: 1.0 0.98 491
(66, 25)
(109, 25)
(100, 25)
[1.20382105 0.9586159  0.83756304]
Classification: 1.0 0.9733333333333334 492
(66, 25)
(109, 25)
(100, 25)
[1.2304314  0.97294681 0.79662178]
Classification: 1.0 0.97 493
(66, 25)
(109, 25)
(100, 25)
[1.18855464 0.99386937 0.81757599]
Classification: 1.0 0.9733333333333334 494
(66, 25)
(109, 25)
(100, 25)
[1.23679152 0.92360011 0.83960837]
Classification: 1.0 0.97 495
(66, 25)
(109, 25)
(100, 25)
[1.26161995 0.95796333 0.78041672]
Classification: 1.0 0.97 496
(66, 25)
(109, 25)
(100, 25)
[1.32432243 0.9007777  0.77489987]
Classification: 1.0 0.9733333333333334 497
(66, 25)
(109, 25)
(100, 25)
[1.2535919  1.00355529 0.74285281]
Classification: 1.0 0.9733333333333334 498
(66, 25)
(109, 25)
(100, 25)
[1.2860141  0.96876324 0.74522266]
Classification: 1.0 0.9733333333333334 499
best round is 1, acc is 0.980000
Model saved to ./checkpoint/ArticularyWordRecognition/2025-03-08-13_ArticularyWordRecognition_model.pt
Running experiment with dataset: ArticularyWordRecognition, config: ./result/ablation_study/config_ArticularyWordRecognition.yml
/mnt/data/user_liangzhiyu/envs/fedcsl/lib/python3.8/site-packages/scipy/__init__.py:146: UserWarning: A NumPy version >=1.16.5 and <1.23.0 is required for this version of SciPy (detected version 1.23.5
  warnings.warn(f"A NumPy version >={np_minversion} and <{np_maxversion}"
/mnt/data/user_liangzhiyu/envs/fedcsl/lib/python3.8/site-packages/tslearn/bases/bases.py:15: UserWarning: h5py not installed, hdf5 features will not be supported.
Install h5py to use hdf5 features: http://docs.h5py.org/
  warn(h5py_msg)
/mnt/data/user_liangzhiyu/lixiongfei/CSL-main/train.py:392: UserWarning: Creating a tensor from a list of numpy.ndarrays is extremely slow. Please consider converting the list to a single numpy.ndarray with numpy.array() before converting to a tensor. (Triggered internally at /opt/conda/conda-bld/pytorch_1724789259345/work/torch/csrc/utils/tensor_new.cpp:278.)
  X = torch.tensor(X, dtype=torch.float).contiguous()
[0.09514033 0.10277917 0.11127909 0.12035814 0.12964186 0.13872091
 0.14722083 0.15485967]
275
<class 'pandas.core.frame.DataFrame'>
RangeIndex: 275 entries, 0 to 274
Data columns (total 10 columns):
 #   Column      Non-Null Count  Dtype 
---  ------      --------------  ----- 
 0   dim_0       275 non-null    object
 1   dim_1       275 non-null    object
 2   dim_2       275 non-null    object
 3   dim_3       275 non-null    object
 4   dim_4       275 non-null    object
 5   dim_5       275 non-null    object
 6   dim_6       275 non-null    object
 7   dim_7       275 non-null    object
 8   dim_8       275 non-null    object
 9   class_vals  275 non-null    object
dtypes: object(10)
memory usage: 21.6+ KB
None
{144}
<class 'pandas.core.frame.DataFrame'>
RangeIndex: 275 entries, 0 to 274
Data columns (total 10 columns):
 #   Column      Non-Null Count  Dtype 
---  ------      --------------  ----- 
 0   dim_0       275 non-null    object
 1   dim_1       275 non-null    object
 2   dim_2       275 non-null    object
 3   dim_3       275 non-null    object
 4   dim_4       275 non-null    object
 5   dim_5       275 non-null    object
 6   dim_6       275 non-null    object
 7   dim_7       275 non-null    object
 8   dim_8       275 non-null    object
 9   class_vals  275 non-null    object
dtypes: object(10)
memory usage: 21.6+ KB
None
[ 0  0  0  0  0  0  0  0  0  0  0  1  1  1  1  1  1  1  1  1  1  1  2  2
  2  2  2  2  2  2  2  2  2  3  3  3  3  3  3  3  3  3  3  3  4  4  4  4
  4  4  4  4  4  4  4  5  5  5  5  5  5  5  5  5  5  5  6  6  6  6  6  6
  6  6  6  6  6  7  7  7  7  7  7  7  7  7  7  7  8  8  8  8  8  8  8  8
  8  8  8  9  9  9  9  9  9  9  9  9  9  9 10 10 10 10 10 10 10 10 10 10
 10 11 11 11 11 11 11 11 11 11 11 11 12 12 12 12 12 12 12 12 12 12 12 13
 13 13 13 13 13 13 13 13 13 13 14 14 14 14 14 14 14 14 14 14 14 15 15 15
 15 15 15 15 15 15 15 15 16 16 16 16 16 16 16 16 16 16 16 17 17 17 17 17
 17 17 17 17 17 17 18 18 18 18 18 18 18 18 18 18 18 19 19 19 19 19 19 19
 19 19 19 19 20 20 20 20 20 20 20 20 20 20 20 21 21 21 21 21 21 21 21 21
 21 21 22 22 22 22 22 22 22 22 22 22 22 23 23 23 23 23 23 23 23 23 23 23
 24 24 24 24 24 24 24 24 24 24 24]
[  0  11  22  23  24  25  26  27  33  34  35  36  44  55  56  77  78  79
  80  81  88  89  90  99 100 101 102 103 104 105 106 121 132 133 134 135
 136 137 138 139 154 155 156 157 158 165 187 188 189 198 199 200 201 209
 210 211 212 220 231 232 242 253 254 264 265 266]
[0, 1, 2, 2, 2, 2, 2, 2, 3, 3, 3, 3, 4, 5, 5, 7, 7, 7, 7, 7, 8, 8, 8, 9, 9, 9, 9, 9, 9, 9, 9, 11, 12, 12, 12, 12, 12, 12, 12, 12, 14, 14, 14, 14, 14, 15, 17, 17, 17, 18, 18, 18, 18, 19, 19, 19, 19, 20, 21, 21, 22, 23, 23, 24, 24, 24]
[0, 0, 0, 0, 0, 0, 0, 0, 1, 2, 2, 2, 2, 3, 5, 5, 5, 5, 5, 6, 6, 6, 6, 6, 7, 8, 8, 8, 8, 8, 8, 8, 9, 10, 10, 10, 10, 10, 10, 11, 11, 11, 11, 11, 11, 12, 12, 13, 13, 13, 13, 13, 13, 13, 13, 13, 14, 14, 14, 15, 15, 15, 15, 15, 15, 15, 15, 15, 16, 16, 16, 16, 16, 16, 16, 16, 17, 17, 17, 17, 18, 18, 19, 19, 19, 19, 20, 21, 21, 21, 21, 21, 21, 22, 22, 22, 22, 22, 22, 23, 23, 23, 23, 23, 23, 24, 24, 24, 24]
[0, 0, 1, 1, 1, 1, 1, 1, 1, 1, 1, 2, 3, 3, 3, 3, 3, 3, 4, 4, 4, 4, 4, 4, 4, 4, 4, 4, 5, 5, 5, 5, 6, 6, 6, 6, 6, 6, 7, 7, 7, 7, 7, 8, 9, 9, 10, 10, 10, 10, 10, 11, 11, 11, 11, 12, 13, 13, 14, 14, 14, 15, 16, 16, 16, 17, 17, 17, 17, 18, 18, 18, 18, 18, 19, 19, 19, 20, 20, 20, 20, 20, 20, 20, 20, 20, 21, 21, 21, 22, 22, 22, 22, 23, 23, 23, 24, 24, 24, 24]
shapelet initialized! 

All 3 clinet initialized! 

Traceback (most recent call last):
  File "FedCSL_All.py", line 331, in <module>
    train(dataset=args.dataset)
  File "FedCSL_All.py", line 254, in train
    losses = c.train(X_fed[idx], epochs=numEpoch, batch_size=batch_size, epoch_idx=-1,lr=lr)
  File "/mnt/data/user_liangzhiyu/lixiongfei/CSL-main/train.py", line 462, in train
    current_loss_ce, C_accu_q, c_normalising_factor_q, C_accu_k, c_normalising_factor_k = self.update_CL(x, C_accu_q, c_normalising_factor_q, C_accu_k, 
  File "/mnt/data/user_liangzhiyu/lixiongfei/CSL-main/train.py", line 133, in update_CL
    config = yaml.load(f, Loader=yaml.FullLoader)
  File "/mnt/data/user_liangzhiyu/envs/fedcsl/lib/python3.8/site-packages/yaml/__init__.py", line 81, in load
    return loader.get_single_data()
  File "/mnt/data/user_liangzhiyu/envs/fedcsl/lib/python3.8/site-packages/yaml/constructor.py", line 49, in get_single_data
    node = self.get_single_node()
  File "/mnt/data/user_liangzhiyu/envs/fedcsl/lib/python3.8/site-packages/yaml/composer.py", line 36, in get_single_node
    document = self.compose_document()
  File "/mnt/data/user_liangzhiyu/envs/fedcsl/lib/python3.8/site-packages/yaml/composer.py", line 55, in compose_document
    node = self.compose_node(None, None)
  File "/mnt/data/user_liangzhiyu/envs/fedcsl/lib/python3.8/site-packages/yaml/composer.py", line 84, in compose_node
    node = self.compose_mapping_node(anchor)
  File "/mnt/data/user_liangzhiyu/envs/fedcsl/lib/python3.8/site-packages/yaml/composer.py", line 133, in compose_mapping_node
    item_value = self.compose_node(node, item_key)
  File "/mnt/data/user_liangzhiyu/envs/fedcsl/lib/python3.8/site-packages/yaml/composer.py", line 84, in compose_node
    node = self.compose_mapping_node(anchor)
  File "/mnt/data/user_liangzhiyu/envs/fedcsl/lib/python3.8/site-packages/yaml/composer.py", line 133, in compose_mapping_node
    item_value = self.compose_node(node, item_key)
  File "/mnt/data/user_liangzhiyu/envs/fedcsl/lib/python3.8/site-packages/yaml/composer.py", line 84, in compose_node
    node = self.compose_mapping_node(anchor)
  File "/mnt/data/user_liangzhiyu/envs/fedcsl/lib/python3.8/site-packages/yaml/composer.py", line 133, in compose_mapping_node
    item_value = self.compose_node(node, item_key)
  File "/mnt/data/user_liangzhiyu/envs/fedcsl/lib/python3.8/site-packages/yaml/composer.py", line 64, in compose_node
    if self.check_event(AliasEvent):
  File "/mnt/data/user_liangzhiyu/envs/fedcsl/lib/python3.8/site-packages/yaml/parser.py", line 98, in check_event
    self.current_event = self.state()
  File "/mnt/data/user_liangzhiyu/envs/fedcsl/lib/python3.8/site-packages/yaml/parser.py", line 451, in parse_block_mapping_value
    return self.parse_block_node_or_indentless_sequence()
  File "/mnt/data/user_liangzhiyu/envs/fedcsl/lib/python3.8/site-packages/yaml/parser.py", line 271, in parse_block_node_or_indentless_sequence
    return self.parse_node(block=True, indentless_sequence=True)
  File "/mnt/data/user_liangzhiyu/envs/fedcsl/lib/python3.8/site-packages/yaml/parser.py", line 334, in parse_node
    event = ScalarEvent(anchor, tag, implicit, token.value,
  File "/mnt/data/user_liangzhiyu/envs/fedcsl/lib/python3.8/site-packages/yaml/events.py", line 65, in __init__
    def __init__(self, anchor, tag, implicit, value,
KeyboardInterrupt
Running experiment with dataset: ArticularyWordRecognition, config: ./result/ablation_study/config_ArticularyWordRecognition.yml
[0.09514033 0.10277917 0.11127909 0.12035814 0.12964186 0.13872091
 0.14722083 0.15485967]
275
<class 'pandas.core.frame.DataFrame'>
RangeIndex: 275 entries, 0 to 274
Data columns (total 10 columns):
 #   Column      Non-Null Count  Dtype 
---  ------      --------------  ----- 
 0   dim_0       275 non-null    object
 1   dim_1       275 non-null    object
 2   dim_2       275 non-null    object
 3   dim_3       275 non-null    object
 4   dim_4       275 non-null    object
 5   dim_5       275 non-null    object
 6   dim_6       275 non-null    object
 7   dim_7       275 non-null    object
 8   dim_8       275 non-null    object
 9   class_vals  275 non-null    object
dtypes: object(10)
memory usage: 21.6+ KB
None
{144}
<class 'pandas.core.frame.DataFrame'>
RangeIndex: 275 entries, 0 to 274
Data columns (total 10 columns):
 #   Column      Non-Null Count  Dtype 
---  ------      --------------  ----- 
 0   dim_0       275 non-null    object
 1   dim_1       275 non-null    object
 2   dim_2       275 non-null    object
 3   dim_3       275 non-null    object
 4   dim_4       275 non-null    object
 5   dim_5       275 non-null    object
 6   dim_6       275 non-null    object
 7   dim_7       275 non-null    object
 8   dim_8       275 non-null    object
 9   class_vals  275 non-null    object
dtypes: object(10)
memory usage: 21.6+ KB
None
[ 0  0  0  0  0  0  0  0  0  0  0  1  1  1  1  1  1  1  1  1  1  1  2  2
  2  2  2  2  2  2  2  2  2  3  3  3  3  3  3  3  3  3  3  3  4  4  4  4
  4  4  4  4  4  4  4  5  5  5  5  5  5  5  5  5  5  5  6  6  6  6  6  6
  6  6  6  6  6  7  7  7  7  7  7  7  7  7  7  7  8  8  8  8  8  8  8  8
  8  8  8  9  9  9  9  9  9  9  9  9  9  9 10 10 10 10 10 10 10 10 10 10
 10 11 11 11 11 11 11 11 11 11 11 11 12 12 12 12 12 12 12 12 12 12 12 13
 13 13 13 13 13 13 13 13 13 13 14 14 14 14 14 14 14 14 14 14 14 15 15 15
 15 15 15 15 15 15 15 15 16 16 16 16 16 16 16 16 16 16 16 17 17 17 17 17
 17 17 17 17 17 17 18 18 18 18 18 18 18 18 18 18 18 19 19 19 19 19 19 19
 19 19 19 19 20 20 20 20 20 20 20 20 20 20 20 21 21 21 21 21 21 21 21 21
 21 21 22 22 22 22 22 22 22 22 22 22 22 23 23 23 23 23 23 23 23 23 23 23
 24 24 24 24 24 24 24 24 24 24 24]
[  0  11  22  23  24  25  26  27  33  34  35  36  44  55  56  77  78  79
  80  81  88  89  90  99 100 101 102 103 104 105 106 121 132 133 134 135
 136 137 138 139 154 155 156 157 158 165 187 188 189 198 199 200 201 209
 210 211 212 220 231 232 242 253 254 264 265 266]
[0, 1, 2, 2, 2, 2, 2, 2, 3, 3, 3, 3, 4, 5, 5, 7, 7, 7, 7, 7, 8, 8, 8, 9, 9, 9, 9, 9, 9, 9, 9, 11, 12, 12, 12, 12, 12, 12, 12, 12, 14, 14, 14, 14, 14, 15, 17, 17, 17, 18, 18, 18, 18, 19, 19, 19, 19, 20, 21, 21, 22, 23, 23, 24, 24, 24]
[0, 0, 0, 0, 0, 0, 0, 0, 1, 2, 2, 2, 2, 3, 5, 5, 5, 5, 5, 6, 6, 6, 6, 6, 7, 8, 8, 8, 8, 8, 8, 8, 9, 10, 10, 10, 10, 10, 10, 11, 11, 11, 11, 11, 11, 12, 12, 13, 13, 13, 13, 13, 13, 13, 13, 13, 14, 14, 14, 15, 15, 15, 15, 15, 15, 15, 15, 15, 16, 16, 16, 16, 16, 16, 16, 16, 17, 17, 17, 17, 18, 18, 19, 19, 19, 19, 20, 21, 21, 21, 21, 21, 21, 22, 22, 22, 22, 22, 22, 23, 23, 23, 23, 23, 23, 24, 24, 24, 24]
[0, 0, 1, 1, 1, 1, 1, 1, 1, 1, 1, 2, 3, 3, 3, 3, 3, 3, 4, 4, 4, 4, 4, 4, 4, 4, 4, 4, 5, 5, 5, 5, 6, 6, 6, 6, 6, 6, 7, 7, 7, 7, 7, 8, 9, 9, 10, 10, 10, 10, 10, 11, 11, 11, 11, 12, 13, 13, 14, 14, 14, 15, 16, 16, 16, 17, 17, 17, 17, 18, 18, 18, 18, 18, 19, 19, 19, 20, 20, 20, 20, 20, 20, 20, 20, 20, 21, 21, 21, 22, 22, 22, 22, 23, 23, 23, 24, 24, 24, 24]
shapelet initialized! 

All 3 clinet initialized! 

(66, 25)
(109, 25)
(100, 25)
[0.72728282 0.97259348 1.3001237 ]
Classification: 1.0 0.9666666666666667 0
(66, 25)
(109, 25)
(100, 25)
[0.66011763 0.91943606 1.42044631]
Classification: 1.0 0.97 1
(66, 25)
(109, 25)
(100, 25)
[0.70787921 0.84595782 1.44616296]
Classification: 1.0 0.97 2
(66, 25)
(109, 25)
(100, 25)
[0.80193316 0.88080416 1.31726268]
Classification: 1.0 0.97 3
(66, 25)
(109, 25)
(100, 25)
[0.82809802 0.88925162 1.28265037]
Classification: 1.0 0.97 4
(66, 25)
(109, 25)
(100, 25)
[0.82553695 0.96219117 1.21227188]
Classification: 1.0 0.97 5
(66, 25)
(109, 25)
(100, 25)
[0.82214668 0.94031345 1.23753987]
Classification: 1.0 0.97 6
(66, 25)
(109, 25)
(100, 25)
[0.81022001 0.96017632 1.22960367]
Classification: 1.0 0.97 7
(66, 25)
(109, 25)
(100, 25)
[0.78802674 0.95686954 1.25510372]
Classification: 1.0 0.9733333333333334 8
(66, 25)
(109, 25)
(100, 25)
[0.82977274 0.8927003  1.27752695]
Classification: 1.0 0.9733333333333334 9
(66, 25)
(109, 25)
(100, 25)
[0.82690199 0.90335921 1.2697388 ]
Classification: 1.0 0.9733333333333334 10
(66, 25)
(109, 25)
(100, 25)
[0.81802542 0.90792281 1.27405177]
Classification: 1.0 0.97 11
(66, 25)
(109, 25)
(100, 25)
[0.80231117 0.98476992 1.21291891]
Classification: 1.0 0.97 12
(66, 25)
(109, 25)
(100, 25)
[0.81431648 0.94331001 1.24237351]
Classification: 1.0 0.97 13
(66, 25)
(109, 25)
(100, 25)
[0.78502111 0.97294036 1.24203853]
Classification: 1.0 0.9733333333333334 14
(66, 25)
(109, 25)
(100, 25)
[0.80029421 0.96316721 1.23653858]
Classification: 1.0 0.9733333333333334 15
(66, 25)
(109, 25)
(100, 25)
[0.80240757 0.95583214 1.24176029]
Classification: 1.0 0.9733333333333334 16
(66, 25)
(109, 25)
(100, 25)
[0.79992953 0.87638049 1.32368997]
Classification: 1.0 0.9733333333333334 17
(66, 25)
(109, 25)
(100, 25)
[0.85165059 0.92030658 1.22804283]
Classification: 1.0 0.9733333333333334 18
(66, 25)
(109, 25)
(100, 25)
[0.86937577 0.85275648 1.27786775]
Classification: 1.0 0.9733333333333334 19
(66, 25)
(109, 25)
(100, 25)
[0.83746975 0.94572515 1.2168051 ]
Classification: 1.0 0.9733333333333334 20
(66, 25)
(109, 25)
(100, 25)
[0.8228993  0.96016448 1.21693622]
Classification: 1.0 0.9733333333333334 21
(66, 25)
(109, 25)
(100, 25)
[0.84415355 0.9584389  1.19740755]
Classification: 1.0 0.9766666666666667 22
(66, 25)
(109, 25)
(100, 25)
[0.87797981 0.97509248 1.14692771]
Classification: 1.0 0.9766666666666667 23
(66, 25)
(109, 25)
(100, 25)
[0.81752775 1.11580337 1.06666888]
Classification: 1.0 0.9766666666666667 24
(66, 25)
(109, 25)
(100, 25)
[0.78923659 1.08226375 1.12849966]
Classification: 1.0 0.9766666666666667 25
(66, 25)
(109, 25)
(100, 25)
[0.86381629 1.00544227 1.13074143]
Classification: 1.0 0.9766666666666667 26
(66, 25)
(109, 25)
(100, 25)
[0.88831736 1.06572998 1.04595266]
Classification: 1.0 0.9766666666666667 27
(66, 25)
(109, 25)
(100, 25)
[0.87545615 1.13414623 0.99039762]
Classification: 1.0 0.9766666666666667 28
(66, 25)
(109, 25)
(100, 25)
[0.8179207  1.17350161 1.00857769]
Classification: 1.0 0.9766666666666667 29
(66, 25)
(109, 25)
(100, 25)
[0.73197721 1.11643889 1.15158389]
Classification: 1.0 0.9766666666666667 30
(66, 25)
(109, 25)
(100, 25)
[0.76704825 1.14922873 1.08372302]
Classification: 1.0 0.9766666666666667 31
(66, 25)
(109, 25)
(100, 25)
[0.82385205 1.03426946 1.14187848]
Classification: 1.0 0.9766666666666667 32
(66, 25)
(109, 25)
(100, 25)
[0.82401176 1.06209122 1.11389702]
Classification: 1.0 0.9766666666666667 33
(66, 25)
(109, 25)
(100, 25)
[0.83922053 1.0180466  1.14273287]
Classification: 1.0 0.9766666666666667 34
(66, 25)
(109, 25)
(100, 25)
[0.89101709 1.10582623 1.00315668]
Classification: 1.0 0.9766666666666667 35
(66, 25)
(109, 25)
(100, 25)
[0.94374996 1.04726589 1.00898415]
Classification: 1.0 0.9766666666666667 36
(66, 25)
(109, 25)
(100, 25)
[0.98174606 1.03789787 0.98035607]
Classification: 1.0 0.9766666666666667 37
(66, 25)
(109, 25)
(100, 25)
[1.01130333 1.07691739 0.91177928]
Classification: 1.0 0.9733333333333334 38
(66, 25)
(109, 25)
(100, 25)
[0.97294856 1.10633414 0.9207173 ]
Classification: 1.0 0.9733333333333334 39
(66, 25)
(109, 25)
(100, 25)
[1.06508295 1.0217834  0.91313365]
Classification: 1.0 0.9733333333333334 40
(66, 25)
(109, 25)
(100, 25)
[1.08537138 1.11355435 0.80107427]
Classification: 1.0 0.9733333333333334 41
(66, 25)
(109, 25)
(100, 25)
[1.10477196 1.04360437 0.85162367]
Classification: 1.0 0.9733333333333334 42
(66, 25)
(109, 25)
(100, 25)
[1.03164992 1.05251429 0.91583579]
Classification: 1.0 0.9766666666666667 43
(66, 25)
(109, 25)
(100, 25)
[1.04987721 1.07633454 0.87378825]
Classification: 1.0 0.9766666666666667 44
(66, 25)
(109, 25)
(100, 25)
[0.91906992 1.22477304 0.85615703]
Classification: 1.0 0.9766666666666667 45
(66, 25)
(109, 25)
(100, 25)
[1.08264863 1.17699387 0.7403575 ]
Classification: 1.0 0.9766666666666667 46
(66, 25)
(109, 25)
(100, 25)
[1.16958461 1.07482386 0.75559152]
Classification: 1.0 0.9766666666666667 47
(66, 25)
(109, 25)
(100, 25)
[0.98477598 1.21047556 0.80474846]
Classification: 1.0 0.9766666666666667 48
(66, 25)
(109, 25)
(100, 25)
[1.06243287 1.17197351 0.76559362]
Classification: 1.0 0.9766666666666667 49
(66, 25)
(109, 25)
(100, 25)
[1.01152518 1.15511911 0.8333557 ]
Classification: 1.0 0.9733333333333334 50
(66, 25)
(109, 25)
(100, 25)
[1.06395172 1.11937359 0.81667468]
Classification: 1.0 0.9766666666666667 51
(66, 25)
(109, 25)
(100, 25)
[1.14699433 1.16014633 0.69285934]
Classification: 1.0 0.9766666666666667 52
(66, 25)
(109, 25)
(100, 25)
[1.03897706 1.24440774 0.71661519]
Classification: 1.0 0.9766666666666667 53
(66, 25)
(109, 25)
(100, 25)
[1.15475508 1.08109568 0.76414924]
Classification: 1.0 0.9766666666666667 54
(66, 25)
(109, 25)
(100, 25)
[1.07830791 1.1814298  0.74026229]
Classification: 1.0 0.9766666666666667 55
(66, 25)
(109, 25)
(100, 25)
[1.10831507 1.20998879 0.68169613]
Classification: 1.0 0.9766666666666667 56
(66, 25)
(109, 25)
(100, 25)
[1.21284688 1.1290352  0.65811792]
Classification: 1.0 0.9766666666666667 57
(66, 25)
(109, 25)
(100, 25)
[1.13189959 1.16293757 0.70516284]
Classification: 1.0 0.9766666666666667 58
(66, 25)
(109, 25)
(100, 25)
[1.12926126 1.16851727 0.70222148]
Classification: 1.0 0.9766666666666667 59
(66, 25)
(109, 25)
(100, 25)
[1.23020408 1.05849872 0.7112972 ]
Classification: 1.0 0.9766666666666667 60
(66, 25)
(109, 25)
(100, 25)
[1.15507227 1.13722495 0.70770278]
Classification: 1.0 0.9766666666666667 61
(66, 25)
(109, 25)
(100, 25)
[1.3159482 1.054387  0.6296648]
Classification: 1.0 0.9766666666666667 62
(66, 25)
(109, 25)
(100, 25)
[1.22381849 1.05576787 0.72041364]
Classification: 1.0 0.9766666666666667 63
(66, 25)
(109, 25)
(100, 25)
[1.17068693 1.08458282 0.74473025]
Classification: 1.0 0.9766666666666667 64
(66, 25)
(109, 25)
(100, 25)
[1.28713662 1.00118307 0.71168031]
Classification: 1.0 0.9766666666666667 65
(66, 25)
(109, 25)
(100, 25)
[1.28336385 1.02710479 0.68953136]
Classification: 1.0 0.9766666666666667 66
(66, 25)
(109, 25)
(100, 25)
[1.2311049  1.12160148 0.64729361]
Classification: 1.0 0.9766666666666667 67
(66, 25)
(109, 25)
(100, 25)
[1.28337259 1.05364651 0.6629809 ]
Classification: 1.0 0.9766666666666667 68
(66, 25)
(109, 25)
(100, 25)
[1.22497376 1.03144962 0.74357662]
Classification: 1.0 0.9766666666666667 69
(66, 25)
(109, 25)
(100, 25)
[1.16124187 1.04740654 0.79135159]
Classification: 1.0 0.9766666666666667 70
(66, 25)
(109, 25)
(100, 25)
[1.12652667 1.13703042 0.73644291]
Classification: 1.0 0.9766666666666667 71
(66, 25)
(109, 25)
(100, 25)
[1.17311103 1.12516799 0.70172098]
Classification: 1.0 0.9766666666666667 72
(66, 25)
(109, 25)
(100, 25)
[1.16900266 1.09334419 0.73765315]
Classification: 1.0 0.9766666666666667 73
(66, 25)
(109, 25)
(100, 25)
[1.13546133 1.21004429 0.65449438]
Classification: 1.0 0.9766666666666667 74
(66, 25)
(109, 25)
(100, 25)
[1.14394788 1.163716   0.69233612]
Classification: 1.0 0.98 75
(66, 25)
(109, 25)
(100, 25)
[1.26852505 1.0565827  0.67489225]
Classification: 1.0 0.98 76
(66, 25)
(109, 25)
(100, 25)
[1.13647251 1.10782733 0.75570016]
Classification: 1.0 0.98 77
(66, 25)
(109, 25)
(100, 25)
[1.18339121 1.13638521 0.68022358]
Classification: 1.0 0.98 78
(66, 25)
(109, 25)
(100, 25)
[1.05832282 1.26352248 0.6781547 ]
Classification: 1.0 0.98 79
(66, 25)
(109, 25)
(100, 25)
[1.17012585 1.13121804 0.69865611]
Classification: 1.0 0.98 80
(66, 25)
(109, 25)
(100, 25)
[1.1852806  1.19789338 0.61682602]
Classification: 1.0 0.98 81
(66, 25)
(109, 25)
(100, 25)
[1.18512055 1.10794364 0.70693581]
Classification: 1.0 0.98 82
(66, 25)
(109, 25)
(100, 25)
[1.1713394  1.13360623 0.69505437]
Classification: 1.0 0.98 83
(66, 25)
(109, 25)
(100, 25)
[1.24820152 1.16713123 0.58466725]
Classification: 1.0 0.98 84
(66, 25)
(109, 25)
(100, 25)
[1.08417599 1.21098275 0.70484126]
Classification: 1.0 0.98 85
(66, 25)
(109, 25)
(100, 25)
[1.20271906 1.13055272 0.66672821]
Classification: 1.0 0.98 86
(66, 25)
(109, 25)
(100, 25)
[0.98916492 1.30621323 0.70462185]
Classification: 1.0 0.98 87
(66, 25)
(109, 25)
(100, 25)
[1.02118171 1.38583549 0.5929828 ]
Classification: 1.0 0.98 88
(66, 25)
(109, 25)
(100, 25)
[1.15021071 1.18434036 0.66544893]
Classification: 1.0 0.9766666666666667 89
(66, 25)
(109, 25)
(100, 25)
[1.16422463 1.19755944 0.63821593]
Classification: 1.0 0.98 90
(66, 25)
(109, 25)
(100, 25)
[1.15595141 1.19206378 0.65198481]
Classification: 1.0 0.98 91
(66, 25)
(109, 25)
(100, 25)
[1.19468138 1.11265974 0.69265887]
Classification: 1.0 0.9766666666666667 92
(66, 25)
(109, 25)
(100, 25)
[1.17307751 1.1281674  0.69875508]
Classification: 1.0 0.9733333333333334 93
(66, 25)
(109, 25)
(100, 25)
[1.17969069 1.14308061 0.67722871]
Classification: 1.0 0.9766666666666667 94
(66, 25)
(109, 25)
(100, 25)
[1.17148961 1.17382503 0.65468536]
Classification: 1.0 0.9766666666666667 95
(66, 25)
(109, 25)
(100, 25)
[1.24138367 1.05511124 0.70350508]
Classification: 1.0 0.9766666666666667 96
(66, 25)
(109, 25)
(100, 25)
[1.20266493 1.17804418 0.61929089]
Classification: 1.0 0.9733333333333334 97
(66, 25)
(109, 25)
(100, 25)
[1.12613459 1.25975292 0.61411249]
Classification: 1.0 0.9733333333333334 98
(66, 25)
(109, 25)
(100, 25)
[1.1407307  1.18538223 0.67388707]
Classification: 1.0 0.9733333333333334 99
(66, 25)
(109, 25)
(100, 25)
[1.14537821 1.10088242 0.75373937]
Classification: 1.0 0.9733333333333334 100
(66, 25)
(109, 25)
(100, 25)
[1.10664193 1.20479258 0.68856549]
Classification: 1.0 0.9733333333333334 101
(66, 25)
(109, 25)
(100, 25)
[1.26880796 1.0721415  0.65905054]
Classification: 1.0 0.9733333333333334 102
(66, 25)
(109, 25)
(100, 25)
[1.25353618 1.08704329 0.65942053]
Classification: 1.0 0.9733333333333334 103
(66, 25)
(109, 25)
(100, 25)
[1.25509572 1.096817   0.64808728]
Classification: 1.0 0.9733333333333334 104
(66, 25)
(109, 25)
(100, 25)
[1.21703906 1.19007309 0.59288785]
Classification: 1.0 0.9733333333333334 105
(66, 25)
(109, 25)
(100, 25)
[1.1862783  1.22271754 0.59100416]
Classification: 1.0 0.9733333333333334 106
(66, 25)
(109, 25)
(100, 25)
[1.2094068 1.1971663 0.5934269]
Classification: 1.0 0.9733333333333334 107
(66, 25)
(109, 25)
(100, 25)
[1.25992457 1.15145075 0.58862468]
Classification: 1.0 0.9733333333333334 108
(66, 25)
(109, 25)
(100, 25)
[1.18400376 1.21547243 0.60052381]
Classification: 1.0 0.9733333333333334 109
(66, 25)
(109, 25)
(100, 25)
[1.2763646  1.11201336 0.61162203]
Classification: 1.0 0.9766666666666667 110
(66, 25)
(109, 25)
(100, 25)
[1.2453887  1.11260087 0.64201043]
Classification: 1.0 0.9733333333333334 111
(66, 25)
(109, 25)
(100, 25)
[1.23407737 1.10684173 0.65908089]
Classification: 1.0 0.9733333333333334 112
(66, 25)
(109, 25)
(100, 25)
[1.24906408 1.13944501 0.61149092]
Classification: 1.0 0.9733333333333334 113
(66, 25)
(109, 25)
(100, 25)
[1.31314277 1.09591175 0.59094549]
Classification: 1.0 0.9733333333333334 114
(66, 25)
(109, 25)
(100, 25)
[1.33110299 1.09428907 0.57460794]
Classification: 1.0 0.9733333333333334 115
(66, 25)
(109, 25)
(100, 25)
[1.27184797 1.11906764 0.60908439]
Classification: 1.0 0.9733333333333334 116
(66, 25)
(109, 25)
(100, 25)
[1.25298293 1.11127213 0.63574494]
Classification: 1.0 0.9733333333333334 117
(66, 25)
(109, 25)
(100, 25)
[1.23774108 1.14206604 0.62019288]
Classification: 1.0 0.9733333333333334 118
(66, 25)
(109, 25)
(100, 25)
[1.30377657 1.1229769  0.57324653]
Classification: 1.0 0.9733333333333334 119
(66, 25)
(109, 25)
(100, 25)
[1.22980232 1.10836559 0.66183209]
Classification: 1.0 0.9733333333333334 120
(66, 25)
(109, 25)
(100, 25)
[1.28135771 1.06977376 0.64886852]
Classification: 1.0 0.9733333333333334 121
(66, 25)
(109, 25)
(100, 25)
[1.28437277 1.05425554 0.66137169]
Classification: 1.0 0.9733333333333334 122
(66, 25)
(109, 25)
(100, 25)
[1.23509682 1.06003556 0.70486761]
Classification: 1.0 0.9733333333333334 123
(66, 25)
(109, 25)
(100, 25)
[1.26043486 1.00318799 0.73637715]
Classification: 1.0 0.9733333333333334 124
(66, 25)
(109, 25)
(100, 25)
[1.35178148 0.94012178 0.70809674]
Classification: 1.0 0.9733333333333334 125
(66, 25)
(109, 25)
(100, 25)
[1.25222449 1.04343467 0.70434085]
Classification: 1.0 0.9733333333333334 126
(66, 25)
(109, 25)
(100, 25)
[1.31868895 0.96931832 0.71199272]
Classification: 1.0 0.9733333333333334 127
(66, 25)
(109, 25)
(100, 25)
[1.25047648 1.08431434 0.66520919]
Classification: 1.0 0.9733333333333334 128
(66, 25)
(109, 25)
(100, 25)
[1.29319586 0.97717785 0.72962628]
Classification: 1.0 0.9733333333333334 129
(66, 25)
(109, 25)
(100, 25)
[1.28031447 1.12629814 0.59338739]
Classification: 1.0 0.9733333333333334 130
(66, 25)
(109, 25)
(100, 25)
[1.27209636 1.12680652 0.60109712]
Classification: 1.0 0.9733333333333334 131
(66, 25)
(109, 25)
(100, 25)
[1.20052095 1.1899639  0.60951515]
Classification: 1.0 0.9733333333333334 132
(66, 25)
(109, 25)
(100, 25)
[1.3369146  1.01337903 0.64970637]
Classification: 1.0 0.9733333333333334 133
(66, 25)
(109, 25)
(100, 25)
[1.19433171 1.08341349 0.7222548 ]
Classification: 1.0 0.9733333333333334 134
(66, 25)
(109, 25)
(100, 25)
[1.24325117 1.03710145 0.71964738]
Classification: 1.0 0.9733333333333334 135
(66, 25)
(109, 25)
(100, 25)
[1.29745774 0.99959953 0.70294273]
Classification: 1.0 0.9733333333333334 136
(66, 25)
(109, 25)
(100, 25)
[1.27380389 0.99564596 0.73055015]
Classification: 1.0 0.9733333333333334 137
(66, 25)
(109, 25)
(100, 25)
[1.3158783  1.00341076 0.68071094]
Classification: 1.0 0.9733333333333334 138
(66, 25)
(109, 25)
(100, 25)
[1.28131899 1.05267816 0.66600285]
Classification: 1.0 0.9733333333333334 139
(66, 25)
(109, 25)
(100, 25)
[1.23801045 1.02026585 0.7417237 ]
Classification: 1.0 0.97 140
(66, 25)
(109, 25)
(100, 25)
[1.14101858 1.09525295 0.76372847]
Classification: 1.0 0.9733333333333334 141
(66, 25)
(109, 25)
(100, 25)
[1.21839225 1.06588006 0.7157277 ]
Classification: 1.0 0.9733333333333334 142
(66, 25)
(109, 25)
(100, 25)
[1.17596899 1.09695858 0.72707243]
Classification: 1.0 0.9733333333333334 143
(66, 25)
(109, 25)
(100, 25)
[1.2868968  0.97151913 0.74158407]
Classification: 1.0 0.9733333333333334 144
(66, 25)
(109, 25)
(100, 25)
[1.08571632 1.12939767 0.78488601]
Classification: 1.0 0.9733333333333334 145
(66, 25)
(109, 25)
(100, 25)
[1.17996151 1.00589113 0.81414736]
Classification: 1.0 0.9733333333333334 146
(66, 25)
(109, 25)
(100, 25)
[1.14547818 1.10349235 0.75102947]
Classification: 1.0 0.9733333333333334 147
(66, 25)
(109, 25)
(100, 25)
[1.24508852 1.05281606 0.70209541]
Classification: 1.0 0.9733333333333334 148
(66, 25)
(109, 25)
(100, 25)
[1.31559168 0.99302534 0.69138298]
Classification: 1.0 0.9733333333333334 149
(66, 25)
(109, 25)
(100, 25)
[1.28771853 0.99223631 0.72004516]
Classification: 1.0 0.9733333333333334 150
(66, 25)
(109, 25)
(100, 25)
[1.25577656 1.0355984  0.70862504]
Classification: 1.0 0.9733333333333334 151
(66, 25)
(109, 25)
(100, 25)
[1.19293405 1.12882619 0.67823977]
Classification: 1.0 0.9733333333333334 152
(66, 25)
(109, 25)
(100, 25)
[1.26114766 1.01158731 0.72726503]
Classification: 1.0 0.9733333333333334 153
(66, 25)
(109, 25)
(100, 25)
[1.25579734 1.11802224 0.62618041]
Classification: 1.0 0.9733333333333334 154
(66, 25)
(109, 25)
(100, 25)
[1.29630134 1.05269965 0.65099901]
Classification: 1.0 0.9733333333333334 155
(66, 25)
(109, 25)
(100, 25)
[1.26409563 0.96193812 0.77396625]
Classification: 1.0 0.9733333333333334 156
(66, 25)
(109, 25)
(100, 25)
[1.26864378 1.11146204 0.61989418]
Classification: 1.0 0.9733333333333334 157
(66, 25)
(109, 25)
(100, 25)
[1.32629229 0.9932472  0.68046052]
Classification: 1.0 0.9733333333333334 158
(66, 25)
(109, 25)
(100, 25)
[1.24503842 1.00407613 0.75088545]
Classification: 1.0 0.9733333333333334 159
(66, 25)
(109, 25)
(100, 25)
[1.34309358 0.94754248 0.70936393]
Classification: 1.0 0.9733333333333334 160
(66, 25)
(109, 25)
(100, 25)
[1.25857067 1.05292306 0.68850627]
Classification: 1.0 0.9733333333333334 161
(66, 25)
(109, 25)
(100, 25)
[1.23892763 1.11475697 0.6463154 ]
Classification: 1.0 0.9733333333333334 162
(66, 25)
(109, 25)
(100, 25)
[1.2414412  1.05329928 0.70525952]
Classification: 1.0 0.9733333333333334 163
(66, 25)
(109, 25)
(100, 25)
[1.30590934 1.0154058  0.67868486]
Classification: 1.0 0.9733333333333334 164
(66, 25)
(109, 25)
(100, 25)
[1.26093771 1.05207539 0.68698691]
Classification: 1.0 0.9733333333333334 165
(66, 25)
(109, 25)
(100, 25)
[1.22237363 1.01181689 0.76580948]
Classification: 1.0 0.9733333333333334 166
(66, 25)
(109, 25)
(100, 25)
[1.29166283 1.002667   0.70567017]
Classification: 1.0 0.9733333333333334 167
(66, 25)
(109, 25)
(100, 25)
[1.29474583 1.04231422 0.66293994]
Classification: 1.0 0.9733333333333334 168
(66, 25)
(109, 25)
(100, 25)
[1.34968396 1.00509929 0.64521675]
Classification: 1.0 0.9733333333333334 169
(66, 25)
(109, 25)
(100, 25)
[1.25878573 0.99293054 0.74828373]
Classification: 1.0 0.9733333333333334 170
(66, 25)
(109, 25)
(100, 25)
[1.30447094 0.9352785  0.76025057]
Classification: 1.0 0.9733333333333334 171
(66, 25)
(109, 25)
(100, 25)
[1.30150955 0.90610442 0.79238604]
Classification: 1.0 0.9733333333333334 172
(66, 25)
(109, 25)
(100, 25)
[1.37691281 0.92899736 0.69408983]
Classification: 1.0 0.9733333333333334 173
(66, 25)
(109, 25)
(100, 25)
[1.33490126 0.95844425 0.70665449]
Classification: 1.0 0.9733333333333334 174
(66, 25)
(109, 25)
(100, 25)
[1.24414153 0.97846366 0.77739481]
Classification: 1.0 0.9733333333333334 175
(66, 25)
(109, 25)
(100, 25)
[1.32490742 0.96930771 0.70578488]
Classification: 1.0 0.9733333333333334 176
(66, 25)
(109, 25)
(100, 25)
[1.24360804 1.07894188 0.67745008]
Classification: 1.0 0.9733333333333334 177
(66, 25)
(109, 25)
(100, 25)
[1.35615834 0.93380166 0.71004   ]
Classification: 1.0 0.9733333333333334 178
(66, 25)
(109, 25)
(100, 25)
[1.23952205 0.97792984 0.78254811]
Classification: 1.0 0.9733333333333334 179
(66, 25)
(109, 25)
(100, 25)
[1.27484286 1.09144544 0.6337117 ]
Classification: 1.0 0.9733333333333334 180
(66, 25)
(109, 25)
(100, 25)
[1.26687379 1.01840609 0.71472012]
Classification: 1.0 0.9733333333333334 181
(66, 25)
(109, 25)
(100, 25)
[1.22318901 1.09203969 0.6847713 ]
Classification: 1.0 0.9733333333333334 182
(66, 25)
(109, 25)
(100, 25)
[1.33724522 0.93959937 0.72315541]
Classification: 1.0 0.9733333333333334 183
(66, 25)
(109, 25)
(100, 25)
[1.28358313 1.03727324 0.67914362]
Classification: 1.0 0.9733333333333334 184
(66, 25)
(109, 25)
(100, 25)
[1.28408882 0.97694607 0.73896511]
Classification: 1.0 0.9733333333333334 185
(66, 25)
(109, 25)
(100, 25)
[1.26902558 0.97116698 0.75980744]
Classification: 1.0 0.9733333333333334 186
(66, 25)
(109, 25)
(100, 25)
[1.31084864 1.0339401  0.65521125]
Classification: 1.0 0.9733333333333334 187
(66, 25)
(109, 25)
(100, 25)
[1.28093293 1.07476756 0.64429951]
Classification: 1.0 0.9733333333333334 188
(66, 25)
(109, 25)
(100, 25)
[1.29815322 1.03546273 0.66638405]
Classification: 1.0 0.9733333333333334 189
(66, 25)
(109, 25)
(100, 25)
[1.29624819 0.98679401 0.71695779]
Classification: 1.0 0.9733333333333334 190
(66, 25)
(109, 25)
(100, 25)
[1.353782   0.87267095 0.77354705]
Classification: 1.0 0.9733333333333334 191
(66, 25)
(109, 25)
(100, 25)
[1.36730919 0.96403819 0.66865262]
Classification: 1.0 0.9733333333333334 192
(66, 25)
(109, 25)
(100, 25)
[1.26545746 0.98492409 0.74961846]
Classification: 1.0 0.9733333333333334 193
(66, 25)
(109, 25)
(100, 25)
[1.36029041 0.96796844 0.67174114]
Classification: 1.0 0.9733333333333334 194
(66, 25)
(109, 25)
(100, 25)
[1.39469894 0.85550663 0.74979443]
Classification: 1.0 0.9733333333333334 195
(66, 25)
(109, 25)
(100, 25)
[1.33520147 0.88669902 0.77809951]
Classification: 1.0 0.9733333333333334 196
(66, 25)
(109, 25)
(100, 25)
[1.35772121 0.93192135 0.71035744]
Classification: 1.0 0.9733333333333334 197
(66, 25)
(109, 25)
(100, 25)
[1.37576381 0.8921588  0.7320774 ]
Classification: 1.0 0.9733333333333334 198
(66, 25)
(109, 25)
(100, 25)
[1.40419963 0.84040787 0.7553925 ]
Classification: 1.0 0.9733333333333334 199
(66, 25)
(109, 25)
(100, 25)
[1.4272323 0.8761261 0.6966416]
Classification: 1.0 0.9733333333333334 200
(66, 25)
(109, 25)
(100, 25)
[1.34266801 0.92516977 0.73216221]
Classification: 1.0 0.9733333333333334 201
(66, 25)
(109, 25)
(100, 25)
[1.43298974 0.82984332 0.73716695]
Classification: 1.0 0.9733333333333334 202
(66, 25)
(109, 25)
(100, 25)
[1.3469855  0.92038731 0.73262718]
Classification: 1.0 0.9733333333333334 203
(66, 25)
(109, 25)
(100, 25)
[1.35466444 0.88292018 0.76241539]
Classification: 1.0 0.9733333333333334 204
(66, 25)
(109, 25)
(100, 25)
[1.42053496 0.81416229 0.76530275]
Classification: 1.0 0.9733333333333334 205
(66, 25)
(109, 25)
(100, 25)
[1.43895434 0.86556649 0.69547917]
Classification: 1.0 0.9733333333333334 206
(66, 25)
(109, 25)
(100, 25)
[1.45720132 0.84217076 0.70062793]
Classification: 1.0 0.9733333333333334 207
(66, 25)
(109, 25)
(100, 25)
[1.27860155 0.95587104 0.76552741]
Classification: 1.0 0.9733333333333334 208
(66, 25)
(109, 25)
(100, 25)
[1.30471804 1.0094157  0.68586625]
Classification: 1.0 0.9733333333333334 209
(66, 25)
(109, 25)
(100, 25)
[1.35009946 0.98997913 0.65992141]
Classification: 1.0 0.97 210
(66, 25)
(109, 25)
(100, 25)
[1.20299033 1.0202191  0.77679057]
Classification: 1.0 0.9733333333333334 211
(66, 25)
(109, 25)
(100, 25)
[1.33982127 0.96648026 0.69369847]
Classification: 1.0 0.9733333333333334 212
(66, 25)
(109, 25)
(100, 25)
[1.36473888 0.95192186 0.68333926]
Classification: 1.0 0.9733333333333334 213
(66, 25)
(109, 25)
(100, 25)
[1.35668655 0.93939786 0.70391559]
Classification: 1.0 0.9733333333333334 214
(66, 25)
(109, 25)
(100, 25)
[1.36205952 0.97548008 0.66246041]
Classification: 1.0 0.9733333333333334 215
(66, 25)
(109, 25)
(100, 25)
[1.27624266 1.02601668 0.69774066]
Classification: 1.0 0.9733333333333334 216
(66, 25)
(109, 25)
(100, 25)
[1.32311884 0.98510572 0.69177544]
Classification: 1.0 0.9733333333333334 217
(66, 25)
(109, 25)
(100, 25)
[1.34107671 0.95015602 0.70876727]
Classification: 1.0 0.97 218
(66, 25)
(109, 25)
(100, 25)
[1.23653952 1.07710201 0.68635848]
Classification: 1.0 0.9733333333333334 219
(66, 25)
(109, 25)
(100, 25)
[1.33919137 0.98216286 0.67864577]
Classification: 1.0 0.9733333333333334 220
(66, 25)
(109, 25)
(100, 25)
[1.39733508 0.95175429 0.65091063]
Classification: 1.0 0.9666666666666667 221
(66, 25)
(109, 25)
(100, 25)
[1.35234297 0.9691931  0.67846392]
Classification: 1.0 0.97 222
(66, 25)
(109, 25)
(100, 25)
[1.41527875 0.89819074 0.6865305 ]
Classification: 1.0 0.9733333333333334 223
(66, 25)
(109, 25)
(100, 25)
[1.37276173 0.94075461 0.68648366]
Classification: 1.0 0.9666666666666667 224
(66, 25)
(109, 25)
(100, 25)
[1.39363553 0.87024731 0.73611716]
Classification: 1.0 0.9733333333333334 225
(66, 25)
(109, 25)
(100, 25)
[1.38819139 0.96216566 0.64964294]
Classification: 1.0 0.9733333333333334 226
(66, 25)
(109, 25)
(100, 25)
[1.38670468 0.92665293 0.68664239]
Classification: 1.0 0.9733333333333334 227
(66, 25)
(109, 25)
(100, 25)
[1.45736695 0.85163127 0.69100178]
Classification: 1.0 0.9733333333333334 228
(66, 25)
(109, 25)
(100, 25)
[1.38672028 0.88998172 0.723298  ]
Classification: 1.0 0.97 229
(66, 25)
(109, 25)
(100, 25)
[1.48441329 0.84040208 0.67518463]
Classification: 1.0 0.97 230
(66, 25)
(109, 25)
(100, 25)
[1.40988037 0.90233613 0.6877835 ]
Classification: 1.0 0.97 231
(66, 25)
(109, 25)
(100, 25)
[1.32200439 0.94650871 0.7314869 ]
Classification: 1.0 0.97 232
(66, 25)
(109, 25)
(100, 25)
[1.35803508 0.97588009 0.66608483]
Classification: 1.0 0.9666666666666667 233
(66, 25)
(109, 25)
(100, 25)
[1.37920007 0.94087657 0.67992336]
Classification: 1.0 0.9666666666666667 234
(66, 25)
(109, 25)
(100, 25)
[1.42084187 0.93328667 0.64587146]
Classification: 1.0 0.9666666666666667 235
(66, 25)
(109, 25)
(100, 25)
[1.43923828 0.90477074 0.65599098]
Classification: 1.0 0.9666666666666667 236
(66, 25)
(109, 25)
(100, 25)
[1.39916973 0.90114326 0.69968701]
Classification: 1.0 0.9733333333333334 237
(66, 25)
(109, 25)
(100, 25)
[1.53206913 0.82498814 0.64294274]
Classification: 1.0 0.97 238
(66, 25)
(109, 25)
(100, 25)
[1.48954813 0.84722321 0.66322866]
Classification: 1.0 0.97 239
(66, 25)
(109, 25)
(100, 25)
[1.35502624 0.98802164 0.65695212]
Classification: 1.0 0.9633333333333334 240
(66, 25)
(109, 25)
(100, 25)
[1.48921415 0.848432   0.66235384]
Classification: 1.0 0.9733333333333334 241
(66, 25)
(109, 25)
(100, 25)
[1.42058321 0.85399197 0.72542482]
Classification: 1.0 0.9733333333333334 242
(66, 25)
(109, 25)
(100, 25)
[1.43721511 0.87205614 0.69072876]
Classification: 1.0 0.97 243
(66, 25)
(109, 25)
(100, 25)
[1.52901122 0.8544015  0.61658728]
Classification: 1.0 0.9733333333333334 244
(66, 25)
(109, 25)
(100, 25)
[1.41764302 0.86180226 0.72055471]
Classification: 1.0 0.9733333333333334 245
(66, 25)
(109, 25)
(100, 25)
[1.5421151  0.80291547 0.65496943]
Classification: 1.0 0.9733333333333334 246
(66, 25)
(109, 25)
(100, 25)
[1.38177141 0.96971124 0.64851735]
Classification: 1.0 0.9733333333333334 247
(66, 25)
(109, 25)
(100, 25)
[1.45929706 0.90345119 0.63725175]
Classification: 1.0 0.9666666666666667 248
(66, 25)
(109, 25)
(100, 25)
[1.40927627 0.86874564 0.72197809]
Classification: 1.0 0.97 249
(66, 25)
(109, 25)
(100, 25)
[1.40496199 0.89426087 0.70077714]
Classification: 1.0 0.9733333333333334 250
(66, 25)
(109, 25)
(100, 25)
[1.4078504  0.93254957 0.65960002]
Classification: 1.0 0.9733333333333334 251
(66, 25)
(109, 25)
(100, 25)
[1.52213308 0.84087991 0.63698701]
Classification: 1.0 0.9733333333333334 252
(66, 25)
(109, 25)
(100, 25)
[1.50229222 0.84977752 0.64793026]
Classification: 1.0 0.9733333333333334 253
(66, 25)
(109, 25)
(100, 25)
[1.4246729  0.91974552 0.65558157]
Classification: 1.0 0.9733333333333334 254
(66, 25)
(109, 25)
(100, 25)
[1.41060239 0.91682831 0.6725693 ]
Classification: 1.0 0.9733333333333334 255
(66, 25)
(109, 25)
(100, 25)
[1.47345654 0.82066457 0.70587889]
Classification: 1.0 0.9733333333333334 256
(66, 25)
(109, 25)
(100, 25)
[1.40647849 0.94890177 0.64461974]
Classification: 1.0 0.97 257
(66, 25)
(109, 25)
(100, 25)
[1.54134137 0.89846374 0.56019489]
Classification: 1.0 0.9666666666666667 258
(66, 25)
(109, 25)
(100, 25)
[1.37223692 0.97890758 0.6488555 ]
Classification: 1.0 0.9733333333333334 259
(66, 25)
(109, 25)
(100, 25)
[1.51294038 0.85574375 0.63131587]
Classification: 1.0 0.97 260
(66, 25)
(109, 25)
(100, 25)
[1.57859564 0.79906187 0.62234249]
Classification: 1.0 0.97 261
(66, 25)
(109, 25)
(100, 25)
[1.51091343 0.8791167  0.60996986]
Classification: 1.0 0.9666666666666667 262
(66, 25)
(109, 25)
(100, 25)
[1.39448132 0.97452009 0.63099858]
Classification: 1.0 0.9666666666666667 263
(66, 25)
(109, 25)
(100, 25)
[1.45707679 0.92055327 0.62236994]
Classification: 1.0 0.9666666666666667 264
(66, 25)
(109, 25)
(100, 25)
[1.51061937 0.88562787 0.60375277]
Classification: 1.0 0.9733333333333334 265
(66, 25)
(109, 25)
(100, 25)
[1.46725375 0.87955804 0.6531882 ]
Classification: 1.0 0.97 266
(66, 25)
(109, 25)
(100, 25)
[1.52550351 0.80708529 0.66741119]
Classification: 1.0 0.97 267
(66, 25)
(109, 25)
(100, 25)
[1.51840942 0.82233326 0.65925732]
Classification: 1.0 0.97 268
(66, 25)
(109, 25)
(100, 25)
[1.47092649 0.8687585  0.66031501]
Classification: 1.0 0.97 269
(66, 25)
(109, 25)
(100, 25)
[1.46476912 0.88901576 0.64621512]
Classification: 1.0 0.97 270
(66, 25)
(109, 25)
(100, 25)
[1.5177739  0.84579065 0.63643545]
Classification: 1.0 0.9666666666666667 271
(66, 25)
(109, 25)
(100, 25)
[1.41659551 0.87265428 0.71075021]
Classification: 1.0 0.97 272
(66, 25)
(109, 25)
(100, 25)
[1.5133092  0.81928715 0.66740365]
Classification: 1.0 0.97 273
(66, 25)
(109, 25)
(100, 25)
[1.53216765 0.87787522 0.58995713]
Classification: 1.0 0.97 274
(66, 25)
(109, 25)
(100, 25)
[1.52323353 0.81304198 0.66372449]
Classification: 1.0 0.9733333333333334 275
(66, 25)
(109, 25)
(100, 25)
[1.40790645 0.91031937 0.68177418]
Classification: 1.0 0.97 276
(66, 25)
(109, 25)
(100, 25)
[1.52159198 0.84700955 0.63139847]
Classification: 1.0 0.97 277
(66, 25)
(109, 25)
(100, 25)
[1.49811551 0.87505772 0.62682677]
Classification: 1.0 0.9733333333333334 278
(66, 25)
(109, 25)
(100, 25)
[1.51264855 0.8219976  0.66535385]
Classification: 1.0 0.9733333333333334 279
(66, 25)
(109, 25)
(100, 25)
[1.46668204 0.8781374  0.65518056]
Classification: 1.0 0.97 280
(66, 25)
(109, 25)
(100, 25)
[1.37061182 0.87692366 0.75246453]
Classification: 1.0 0.9733333333333334 281
(66, 25)
(109, 25)
(100, 25)
[1.39251075 0.95282751 0.65466174]
Classification: 1.0 0.9733333333333334 282
(66, 25)
(109, 25)
(100, 25)
[1.35580276 0.93307867 0.71111857]
Classification: 1.0 0.9733333333333334 283
(66, 25)
(109, 25)
(100, 25)
[1.36995739 0.93276332 0.69727929]
Classification: 1.0 0.97 284
(66, 25)
(109, 25)
(100, 25)
[1.54946303 0.85972559 0.59081137]
Classification: 1.0 0.9666666666666667 285
(66, 25)
(109, 25)
(100, 25)
[1.43875908 0.92118337 0.64005755]
Classification: 1.0 0.97 286
(66, 25)
(109, 25)
(100, 25)
[1.44627191 1.00069197 0.55303611]
Classification: 1.0 0.97 287
(66, 25)
(109, 25)
(100, 25)
[1.49482961 0.88172271 0.62344767]
Classification: 1.0 0.9633333333333334 288
(66, 25)
(109, 25)
(100, 25)
[1.45974558 0.95737131 0.58288312]
Classification: 1.0 0.97 289
(66, 25)
(109, 25)
(100, 25)
[1.53456277 0.85251513 0.6129221 ]
Classification: 1.0 0.97 290
(66, 25)
(109, 25)
(100, 25)
[1.3837886  0.89870185 0.71750955]
Classification: 1.0 0.9733333333333334 291
(66, 25)
(109, 25)
(100, 25)
[1.49703251 0.89224379 0.6107237 ]
Classification: 1.0 0.9733333333333334 292
(66, 25)
(109, 25)
(100, 25)
[1.45116816 0.85833331 0.69049853]
Classification: 1.0 0.9733333333333334 293
(66, 25)
(109, 25)
(100, 25)
[1.45435197 0.8928943  0.65275374]
Classification: 1.0 0.9766666666666667 294
(66, 25)
(109, 25)
(100, 25)
[1.53601946 0.86187621 0.60210433]
Classification: 1.0 0.97 295
(66, 25)
(109, 25)
(100, 25)
[1.53772423 0.85128094 0.61099484]
Classification: 1.0 0.9733333333333334 296
(66, 25)
(109, 25)
(100, 25)
[1.5117288  0.84870887 0.63956233]
Classification: 1.0 0.97 297
(66, 25)
(109, 25)
(100, 25)
[1.50306262 0.8366229  0.66031448]
Classification: 1.0 0.9733333333333334 298
(66, 25)
(109, 25)
(100, 25)
[1.63232569 0.77071942 0.5969549 ]
Classification: 1.0 0.9733333333333334 299
(66, 25)
(109, 25)
(100, 25)
[1.50511322 0.78827042 0.70661636]
Classification: 1.0 0.9766666666666667 300
(66, 25)
(109, 25)
(100, 25)
[1.55913121 0.81314344 0.62772535]
Classification: 1.0 0.9733333333333334 301
(66, 25)
(109, 25)
(100, 25)
[1.61008177 0.78129741 0.60862083]
Classification: 1.0 0.9733333333333334 302
(66, 25)
(109, 25)
(100, 25)
[1.53606892 0.87009467 0.59383641]
Classification: 1.0 0.9733333333333334 303
(66, 25)
(109, 25)
(100, 25)
[1.52510851 0.77794228 0.69694921]
Classification: 1.0 0.9733333333333334 304
(66, 25)
(109, 25)
(100, 25)
[1.5189979  0.83331013 0.64769197]
Classification: 1.0 0.9733333333333334 305
(66, 25)
(109, 25)
(100, 25)
[1.50113784 0.83664284 0.66221932]
Classification: 1.0 0.9733333333333334 306
(66, 25)
(109, 25)
(100, 25)
[1.50625537 0.782968   0.71077663]
Classification: 1.0 0.9733333333333334 307
(66, 25)
(109, 25)
(100, 25)
[1.5269332 0.8239679 0.6490989]
Classification: 1.0 0.97 308
(66, 25)
(109, 25)
(100, 25)
[1.606596   0.75322363 0.64018037]
Classification: 1.0 0.9733333333333334 309
(66, 25)
(109, 25)
(100, 25)
[1.57166062 0.82144289 0.6068965 ]
Classification: 1.0 0.9666666666666667 310
(66, 25)
(109, 25)
(100, 25)
[1.61152602 0.81122587 0.57724811]
Classification: 1.0 0.9733333333333334 311
(66, 25)
(109, 25)
(100, 25)
[1.49707093 0.87970423 0.62322484]
Classification: 1.0 0.9666666666666667 312
(66, 25)
(109, 25)
(100, 25)
[1.52174729 0.82527486 0.65297785]
Classification: 1.0 0.9733333333333334 313
(66, 25)
(109, 25)
(100, 25)
[1.5798577  0.80960344 0.61053886]
Classification: 1.0 0.9733333333333334 314
(66, 25)
(109, 25)
(100, 25)
[1.50248279 0.87313736 0.62437984]
Classification: 1.0 0.97 315
(66, 25)
(109, 25)
(100, 25)
[1.45763326 0.85849158 0.68387516]
Classification: 1.0 0.97 316
(66, 25)
(109, 25)
(100, 25)
[1.51297382 0.87999704 0.60702914]
Classification: 1.0 0.97 317
(66, 25)
(109, 25)
(100, 25)
[1.54133003 0.82844009 0.63022988]
Classification: 1.0 0.9733333333333334 318
(66, 25)
(109, 25)
(100, 25)
[1.51798218 0.8664398  0.61557802]
Classification: 1.0 0.97 319
(66, 25)
(109, 25)
(100, 25)
[1.52382332 0.84023886 0.63593781]
Classification: 1.0 0.9733333333333334 320
(66, 25)
(109, 25)
(100, 25)
[1.45432132 0.90257175 0.64310692]
Classification: 1.0 0.97 321
(66, 25)
(109, 25)
(100, 25)
[1.46033001 0.93314588 0.6065241 ]
Classification: 1.0 0.9733333333333334 322
(66, 25)
(109, 25)
(100, 25)
[1.4560775  0.91318492 0.63073757]
Classification: 1.0 0.9733333333333334 323
(66, 25)
(109, 25)
(100, 25)
[1.47640281 0.87471491 0.64888228]
Classification: 1.0 0.9733333333333334 324
(66, 25)
(109, 25)
(100, 25)
[1.51021196 0.88627769 0.60351035]
Classification: 1.0 0.97 325
(66, 25)
(109, 25)
(100, 25)
[1.55789465 0.87210224 0.57000311]
Classification: 1.0 0.9733333333333334 326
(66, 25)
(109, 25)
(100, 25)
[1.52609841 0.85166656 0.62223503]
Classification: 1.0 0.97 327
(66, 25)
(109, 25)
(100, 25)
[1.48502238 0.90249853 0.61247908]
Classification: 1.0 0.97 328
(66, 25)
(109, 25)
(100, 25)
[1.47144043 0.86117873 0.66738084]
Classification: 1.0 0.9733333333333334 329
(66, 25)
(109, 25)
(100, 25)
[1.51375318 0.85601971 0.6302271 ]
Classification: 1.0 0.9733333333333334 330
(66, 25)
(109, 25)
(100, 25)
[1.55265426 0.82379001 0.62355573]
Classification: 1.0 0.9666666666666667 331
(66, 25)
(109, 25)
(100, 25)
[1.56736107 0.77501547 0.65762346]
Classification: 1.0 0.9733333333333334 332
(66, 25)
(109, 25)
(100, 25)
[1.50869414 0.85744311 0.63386275]
Classification: 1.0 0.9733333333333334 333
(66, 25)
(109, 25)
(100, 25)
[1.58682662 0.77473322 0.63844016]
Classification: 1.0 0.9666666666666667 334
(66, 25)
(109, 25)
(100, 25)
[1.55274063 0.81375524 0.63350413]
Classification: 1.0 0.97 335
(66, 25)
(109, 25)
(100, 25)
[1.51800764 0.86466799 0.61732437]
Classification: 1.0 0.97 336
(66, 25)
(109, 25)
(100, 25)
[1.53270828 0.82493602 0.64235569]
Classification: 1.0 0.9666666666666667 337
(66, 25)
(109, 25)
(100, 25)
[1.56193734 0.79559889 0.64246377]
Classification: 1.0 0.9666666666666667 338
(66, 25)
(109, 25)
(100, 25)
[1.63314195 0.75875879 0.60809926]
Classification: 1.0 0.9733333333333334 339
(66, 25)
(109, 25)
(100, 25)
[1.63513003 0.74378127 0.6210887 ]
Classification: 1.0 0.9733333333333334 340
(66, 25)
(109, 25)
(100, 25)
[1.52980538 0.86927569 0.60091893]
Classification: 1.0 0.9766666666666667 341
(66, 25)
(109, 25)
(100, 25)
[1.53338405 0.79089807 0.67571788]
Classification: 1.0 0.9666666666666667 342
(66, 25)
(109, 25)
(100, 25)
[1.52384336 0.85333804 0.6228186 ]
Classification: 1.0 0.9733333333333334 343
(66, 25)
(109, 25)
(100, 25)
[1.53821408 0.84242788 0.61935804]
Classification: 1.0 0.97 344
(66, 25)
(109, 25)
(100, 25)
[1.63795415 0.74121993 0.62082592]
Classification: 1.0 0.9666666666666667 345
(66, 25)
(109, 25)
(100, 25)
[1.55275767 0.84805786 0.59918447]
Classification: 1.0 0.9733333333333334 346
(66, 25)
(109, 25)
(100, 25)
[1.55498607 0.83474825 0.61026568]
Classification: 1.0 0.9733333333333334 347
(66, 25)
(109, 25)
(100, 25)
[1.59907446 0.79626342 0.60466212]
Classification: 1.0 0.9733333333333334 348
(66, 25)
(109, 25)
(100, 25)
[1.57346113 0.78598724 0.64055163]
Classification: 1.0 0.97 349
(66, 25)
(109, 25)
(100, 25)
[1.57356796 0.77817191 0.64826014]
Classification: 1.0 0.97 350
(66, 25)
(109, 25)
(100, 25)
[1.52537223 0.90880349 0.56582427]
Classification: 1.0 0.9733333333333334 351
(66, 25)
(109, 25)
(100, 25)
[1.51298886 0.89520345 0.59180769]
Classification: 1.0 0.97 352
(66, 25)
(109, 25)
(100, 25)
[1.52220955 0.84188277 0.63590768]
Classification: 1.0 0.9733333333333334 353
(66, 25)
(109, 25)
(100, 25)
[1.54658397 0.84437827 0.60903776]
Classification: 1.0 0.9733333333333334 354
(66, 25)
(109, 25)
(100, 25)
[1.57965566 0.77940149 0.64094286]
Classification: 1.0 0.9733333333333334 355
(66, 25)
(109, 25)
(100, 25)
[1.52283111 0.80645532 0.67071357]
Classification: 1.0 0.97 356
(66, 25)
(109, 25)
(100, 25)
[1.48533616 0.86472176 0.64994209]
Classification: 1.0 0.97 357
(66, 25)
(109, 25)
(100, 25)
[1.50940585 0.8683535  0.62224064]
Classification: 1.0 0.9733333333333334 358
(66, 25)
(109, 25)
(100, 25)
[1.58327524 0.79162833 0.62509643]
Classification: 1.0 0.9733333333333334 359
(66, 25)
(109, 25)
(100, 25)
[1.50371702 0.89177539 0.60450759]
Classification: 1.0 0.97 360
(66, 25)
(109, 25)
(100, 25)
[1.54908286 0.81191824 0.63899889]
Classification: 1.0 0.97 361
(66, 25)
(109, 25)
(100, 25)
[1.65417755 0.7723993  0.57342315]
Classification: 1.0 0.9666666666666667 362
(66, 25)
(109, 25)
(100, 25)
[1.55199276 0.84480782 0.60319942]
Classification: 1.0 0.9733333333333334 363
(66, 25)
(109, 25)
(100, 25)
[1.57060056 0.78513404 0.6442654 ]
Classification: 1.0 0.9766666666666667 364
(66, 25)
(109, 25)
(100, 25)
[1.56470953 0.74671163 0.68857883]
Classification: 1.0 0.9733333333333334 365
(66, 25)
(109, 25)
(100, 25)
[1.5756026  0.79135444 0.63304296]
Classification: 1.0 0.9733333333333334 366
(66, 25)
(109, 25)
(100, 25)
[1.52865404 0.85870594 0.61264003]
Classification: 1.0 0.9733333333333334 367
(66, 25)
(109, 25)
(100, 25)
[1.57455904 0.75109555 0.67434541]
Classification: 1.0 0.9733333333333334 368
(66, 25)
(109, 25)
(100, 25)
[1.6210233  0.70734499 0.67163172]
Classification: 1.0 0.97 369
(66, 25)
(109, 25)
(100, 25)
[1.57616062 0.78846508 0.63537431]
Classification: 1.0 0.97 370
(66, 25)
(109, 25)
(100, 25)
[1.59448884 0.772053   0.63345815]
Classification: 1.0 0.97 371
(66, 25)
(109, 25)
(100, 25)
[1.52613204 0.84753082 0.62633714]
Classification: 1.0 0.9733333333333334 372
(66, 25)
(109, 25)
(100, 25)
[1.57349151 0.81444385 0.61206464]
Classification: 1.0 0.97 373
(66, 25)
(109, 25)
(100, 25)
[1.53272742 0.84735027 0.6199223 ]
Classification: 1.0 0.97 374
(66, 25)
(109, 25)
(100, 25)
[1.52604814 0.77575283 0.69819902]
Classification: 1.0 0.9733333333333334 375
(66, 25)
(109, 25)
(100, 25)
[1.55169858 0.78511994 0.66318148]
Classification: 1.0 0.9733333333333334 376
(66, 25)
(109, 25)
(100, 25)
[1.50034392 0.82040907 0.67924701]
Classification: 1.0 0.97 377
(66, 25)
(109, 25)
(100, 25)
[1.52470478 0.82823093 0.64706428]
Classification: 1.0 0.97 378
(66, 25)
(109, 25)
(100, 25)
[1.58866731 0.73351229 0.6778204 ]
Classification: 1.0 0.9666666666666667 379
(66, 25)
(109, 25)
(100, 25)
[1.61021695 0.77282283 0.61696022]
Classification: 1.0 0.97 380
(66, 25)
(109, 25)
(100, 25)
[1.60566093 0.77740818 0.61693089]
Classification: 1.0 0.9666666666666667 381
(66, 25)
(109, 25)
(100, 25)
[1.55490121 0.78671676 0.65838203]
Classification: 1.0 0.9666666666666667 382
(66, 25)
(109, 25)
(100, 25)
[1.6112717  0.76450954 0.62421876]
Classification: 1.0 0.97 383
(66, 25)
(109, 25)
(100, 25)
[1.59444732 0.80089901 0.60465368]
Classification: 1.0 0.97 384
(66, 25)
(109, 25)
(100, 25)
[1.62857518 0.74538131 0.62604351]
Classification: 1.0 0.97 385
(66, 25)
(109, 25)
(100, 25)
[1.69141343 0.70377877 0.6048078 ]
Classification: 1.0 0.97 386
(66, 25)
(109, 25)
(100, 25)
[1.64850775 0.78815812 0.56333413]
Classification: 1.0 0.9733333333333334 387
(66, 25)
(109, 25)
(100, 25)
[1.64421138 0.66020128 0.69558734]
Classification: 1.0 0.97 388
(66, 25)
(109, 25)
(100, 25)
[1.62808318 0.7177671  0.65414972]
Classification: 1.0 0.9733333333333334 389
(66, 25)
(109, 25)
(100, 25)
[1.64088682 0.71163615 0.64747703]
Classification: 1.0 0.97 390
(66, 25)
(109, 25)
(100, 25)
[1.60556153 0.77920988 0.61522859]
Classification: 1.0 0.9733333333333334 391
(66, 25)
(109, 25)
(100, 25)
[1.63253897 0.73774269 0.62971834]
Classification: 1.0 0.9733333333333334 392
(66, 25)
(109, 25)
(100, 25)
[1.71340694 0.64835181 0.63824125]
Classification: 1.0 0.97 393
(66, 25)
(109, 25)
(100, 25)
[1.67132629 0.68854444 0.64012927]
Classification: 1.0 0.9733333333333334 394
(66, 25)
(109, 25)
(100, 25)
[1.62085963 0.7829334  0.59620696]
Classification: 1.0 0.9766666666666667 395
(66, 25)
(109, 25)
(100, 25)
[1.63027431 0.72863642 0.64108927]
Classification: 1.0 0.9733333333333334 396
(66, 25)
(109, 25)
(100, 25)
[1.62912268 0.77876153 0.59211579]
Classification: 1.0 0.97 397
(66, 25)
(109, 25)
(100, 25)
[1.61197623 0.74043568 0.6475881 ]
Classification: 1.0 0.97 398
(66, 25)
(109, 25)
(100, 25)
[1.66800545 0.71010853 0.62188602]
Classification: 1.0 0.9733333333333334 399
(66, 25)
(109, 25)
(100, 25)
[1.69334545 0.70436683 0.60228772]
Classification: 1.0 0.97 400
(66, 25)
(109, 25)
(100, 25)
[1.65963947 0.70639868 0.63396185]
Classification: 1.0 0.9733333333333334 401
(66, 25)
(109, 25)
(100, 25)
[1.70093401 0.69402064 0.60504535]
Classification: 1.0 0.97 402
(66, 25)
(109, 25)
(100, 25)
[1.66998832 0.63008939 0.69992229]
Classification: 1.0 0.9733333333333334 403
(66, 25)
(109, 25)
(100, 25)
[1.59535371 0.75551735 0.64912894]
Classification: 1.0 0.97 404
(66, 25)
(109, 25)
(100, 25)
[1.57868482 0.71640903 0.70490615]
Classification: 1.0 0.97 405
(66, 25)
(109, 25)
(100, 25)
[1.57011605 0.74106861 0.68881534]
Classification: 1.0 0.97 406
(66, 25)
(109, 25)
(100, 25)
[1.64329447 0.64018372 0.71652181]
Classification: 1.0 0.9766666666666667 407
(66, 25)
(109, 25)
(100, 25)
[1.5628268  0.75815667 0.67901653]
Classification: 1.0 0.9733333333333334 408
(66, 25)
(109, 25)
(100, 25)
[1.71607783 0.66462947 0.6192927 ]
Classification: 1.0 0.9733333333333334 409
(66, 25)
(109, 25)
(100, 25)
[1.62132268 0.71672388 0.66195343]
Classification: 1.0 0.9733333333333334 410
(66, 25)
(109, 25)
(100, 25)
[1.63484003 0.75112551 0.61403446]
Classification: 1.0 0.97 411
(66, 25)
(109, 25)
(100, 25)
[1.64507723 0.67903673 0.67588604]
Classification: 1.0 0.9733333333333334 412
(66, 25)
(109, 25)
(100, 25)
[1.59753095 0.76002762 0.64244143]
Classification: 1.0 0.9733333333333334 413
(66, 25)
(109, 25)
(100, 25)
[1.71313641 0.69395445 0.59290914]
Classification: 1.0 0.9666666666666667 414
(66, 25)
(109, 25)
(100, 25)
[1.62755228 0.65854831 0.71389941]
Classification: 1.0 0.9666666666666667 415
(66, 25)
(109, 25)
(100, 25)
[1.71327275 0.65404513 0.63268212]
Classification: 1.0 0.97 416
(66, 25)
(109, 25)
(100, 25)
[1.74443023 0.64031908 0.61525069]
Classification: 1.0 0.97 417
(66, 25)
(109, 25)
(100, 25)
[1.62375721 0.67888644 0.69735635]
Classification: 1.0 0.97 418
(66, 25)
(109, 25)
(100, 25)
[1.7094902  0.63064934 0.65986047]
Classification: 1.0 0.97 419
(66, 25)
(109, 25)
(100, 25)
[1.71675557 0.62083039 0.66241404]
Classification: 1.0 0.9733333333333334 420
(66, 25)
(109, 25)
(100, 25)
[1.65421091 0.69430444 0.65148465]
Classification: 1.0 0.97 421
(66, 25)
(109, 25)
(100, 25)
[1.69385964 0.68079308 0.62534728]
Classification: 1.0 0.9766666666666667 422
(66, 25)
(109, 25)
(100, 25)
[1.70284216 0.67914779 0.61801005]
Classification: 1.0 0.9733333333333334 423
(66, 25)
(109, 25)
(100, 25)
[1.61244332 0.73898327 0.64857341]
Classification: 1.0 0.9666666666666667 424
(66, 25)
(109, 25)
(100, 25)
[1.65044852 0.66399858 0.6855529 ]
Classification: 1.0 0.97 425
(66, 25)
(109, 25)
(100, 25)
[1.65792036 0.68787022 0.65420941]
Classification: 1.0 0.97 426
(66, 25)
(109, 25)
(100, 25)
[1.60351198 0.77580536 0.62068266]
Classification: 1.0 0.97 427
(66, 25)
(109, 25)
(100, 25)
[1.69150304 0.64771622 0.66078074]
Classification: 1.0 0.9733333333333334 428
(66, 25)
(109, 25)
(100, 25)
[1.6553572 0.6547839 0.6898589]
Classification: 1.0 0.9633333333333334 429
(66, 25)
(109, 25)
(100, 25)
[1.65508409 0.65316147 0.69175443]
Classification: 1.0 0.97 430
(66, 25)
(109, 25)
(100, 25)
[1.65905793 0.70240878 0.6385333 ]
Classification: 1.0 0.9666666666666667 431
(66, 25)
(109, 25)
(100, 25)
[1.64065988 0.72818971 0.63115041]
Classification: 1.0 0.9666666666666667 432
(66, 25)
(109, 25)
(100, 25)
[1.54962676 0.74431679 0.70605645]
Classification: 1.0 0.97 433
(66, 25)
(109, 25)
(100, 25)
[1.61240174 0.68421396 0.7033843 ]
Classification: 1.0 0.97 434
(66, 25)
(109, 25)
(100, 25)
[1.64982006 0.57643856 0.77374138]
Classification: 1.0 0.9733333333333334 435
(66, 25)
(109, 25)
(100, 25)
[1.64081844 0.67472976 0.6844518 ]
Classification: 1.0 0.97 436
(66, 25)
(109, 25)
(100, 25)
[1.60450339 0.65850097 0.73699564]
Classification: 1.0 0.9733333333333334 437
(66, 25)
(109, 25)
(100, 25)
[1.70725182 0.64258571 0.65016247]
Classification: 1.0 0.9733333333333334 438
(66, 25)
(109, 25)
(100, 25)
[1.68867497 0.65873691 0.65258812]
Classification: 1.0 0.97 439
(66, 25)
(109, 25)
(100, 25)
[1.61842185 0.7081891  0.67338906]
Classification: 1.0 0.9733333333333334 440
(66, 25)
(109, 25)
(100, 25)
[1.70499419 0.67998918 0.61501663]
Classification: 1.0 /mnt/data/user_liangzhiyu/envs/fedcsl/lib/python3.8/site-packages/scipy/__init__.py:146: UserWarning: A NumPy version >=1.16.5 and <1.23.0 is required for this version of SciPy (detected version 1.23.5
  warnings.warn(f"A NumPy version >={np_minversion} and <{np_maxversion}"
/mnt/data/user_liangzhiyu/envs/fedcsl/lib/python3.8/site-packages/tslearn/bases/bases.py:15: UserWarning: h5py not installed, hdf5 features will not be supported.
Install h5py to use hdf5 features: http://docs.h5py.org/
  warn(h5py_msg)
/mnt/data/user_liangzhiyu/lixiongfei/CSL-main/train.py:392: UserWarning: Creating a tensor from a list of numpy.ndarrays is extremely slow. Please consider converting the list to a single numpy.ndarray with numpy.array() before converting to a tensor. (Triggered internally at /opt/conda/conda-bld/pytorch_1724789259345/work/torch/csrc/utils/tensor_new.cpp:278.)
  X = torch.tensor(X, dtype=torch.float).contiguous()
0.9733333333333334 441
(66, 25)
(109, 25)
(100, 25)
[1.6391809  0.71331688 0.64750222]
Classification: 1.0 0.97 442
(66, 25)
(109, 25)
(100, 25)
[1.67847095 0.666625   0.65490405]
Classification: 1.0 0.97 443
(66, 25)
(109, 25)
(100, 25)
[1.7083333  0.64115605 0.65051064]
Classification: 1.0 0.9666666666666667 444
(66, 25)
(109, 25)
(100, 25)
[1.74132508 0.63596946 0.62270547]
Classification: 1.0 0.9833333333333333 445
(66, 25)
(109, 25)
(100, 25)
[1.69721357 0.63389885 0.66888758]
Classification: 1.0 0.97 446
(66, 25)
(109, 25)
(100, 25)
[1.69542694 0.6085998  0.69597326]
Classification: 1.0 0.9666666666666667 447
(66, 25)
(109, 25)
(100, 25)
[1.7210373  0.62394109 0.65502161]
Classification: 1.0 0.98 448
(66, 25)
(109, 25)
(100, 25)
[1.70365655 0.68352413 0.61281932]
Classification: 1.0 0.97 449
(66, 25)
(109, 25)
(100, 25)
[1.70503688 0.66541459 0.62954853]
Classification: 1.0 0.9733333333333334 450
(66, 25)
(109, 25)
(100, 25)
[1.74463407 0.60994665 0.64541928]
Classification: 1.0 0.97 451
(66, 25)
(109, 25)
(100, 25)
[1.69281657 0.70223824 0.6049452 ]
Classification: 1.0 0.97 452
(66, 25)
(109, 25)
(100, 25)
[1.7171379  0.59508046 0.68778164]
Classification: 1.0 0.9666666666666667 453
(66, 25)
(109, 25)
(100, 25)
[1.77440069 0.62124391 0.6043554 ]
Classification: 1.0 0.97 454
(66, 25)
(109, 25)
(100, 25)
[1.72599448 0.68523629 0.58876923]
Classification: 1.0 0.97 455
(66, 25)
(109, 25)
(100, 25)
[1.65078443 0.6983508  0.65086477]
Classification: 1.0 0.9833333333333333 456
(66, 25)
(109, 25)
(100, 25)
[1.74306184 0.67891709 0.57802106]
Classification: 1.0 0.9733333333333334 457
(66, 25)
(109, 25)
(100, 25)
[1.82826075 0.60136758 0.57037166]
Classification: 1.0 0.9666666666666667 458
(66, 25)
(109, 25)
(100, 25)
[1.69648606 0.72230942 0.58120452]
Classification: 1.0 0.9733333333333334 459
(66, 25)
(109, 25)
(100, 25)
[1.74462952 0.64851945 0.60685102]
Classification: 1.0 0.9833333333333333 460
(66, 25)
(109, 25)
(100, 25)
[1.6863187 0.6903347 0.6233466]
Classification: 1.0 0.97 461
(66, 25)
(109, 25)
(100, 25)
[1.7105193  0.62881698 0.66066372]
Classification: 1.0 0.9733333333333334 462
(66, 25)
(109, 25)
(100, 25)
[1.63576803 0.76263137 0.6016006 ]
Classification: 1.0 0.9833333333333333 463
(66, 25)
(109, 25)
(100, 25)
[1.75282894 0.6102353  0.63693576]
Classification: 1.0 0.98 464
(66, 25)
(109, 25)
(100, 25)
[1.69440546 0.70830643 0.59728811]
Classification: 1.0 0.9733333333333334 465
(66, 25)
(109, 25)
(100, 25)
[1.6351395  0.64003376 0.72482674]
Classification: 1.0 0.97 466
(66, 25)
(109, 25)
(100, 25)
[1.69533977 0.6436851  0.66097513]
Classification: 1.0 0.9666666666666667 467
(66, 25)
(109, 25)
(100, 25)
[1.68957217 0.69878655 0.61164128]
Classification: 1.0 0.97 468
(66, 25)
(109, 25)
(100, 25)
[1.77373936 0.64439445 0.5818662 ]
Classification: 1.0 0.9733333333333334 469
(66, 25)
(109, 25)
(100, 25)
[1.64353853 0.73196758 0.6244939 ]
Classification: 1.0 0.9666666666666667 470
(66, 25)
(109, 25)
(100, 25)
[1.70945595 0.71575944 0.57478461]
Classification: 1.0 0.98 471
(66, 25)
(109, 25)
(100, 25)
[1.78152623 0.62081306 0.59766071]
Classification: 1.0 0.97 472
(66, 25)
(109, 25)
(100, 25)
[1.70384742 0.67142701 0.62472557]
Classification: 1.0 0.97 473
(66, 25)
(109, 25)
(100, 25)
[1.63993183 0.69381699 0.66625117]
Classification: 1.0 0.97 474
(66, 25)
(109, 25)
(100, 25)
[1.73075087 0.66205033 0.6071988 ]
Classification: 1.0 0.98 475
(66, 25)
(109, 25)
(100, 25)
[1.72667297 0.67273577 0.60059126]
Classification: 1.0 0.9766666666666667 476
(66, 25)
(109, 25)
(100, 25)
[1.71669579 0.62512144 0.65818277]
Classification: 1.0 0.9733333333333334 477
(66, 25)
(109, 25)
(100, 25)
[1.68944063 0.70463609 0.60592328]
Classification: 1.0 0.9733333333333334 478
(66, 25)
(109, 25)
(100, 25)
[1.65891849 0.74277178 0.59830973]
Classification: 1.0 0.9733333333333334 479
(66, 25)
(109, 25)
(100, 25)
[1.76808079 0.62840731 0.6035119 ]
Classification: 1.0 0.97 480
(66, 25)
(109, 25)
(100, 25)
[1.75842203 0.62409722 0.61748075]
Classification: 1.0 0.97 481
(66, 25)
(109, 25)
(100, 25)
[1.72950378 0.64940153 0.62109469]
Classification: 1.0 0.9733333333333334 482
(66, 25)
(109, 25)
(100, 25)
[1.69677599 0.70625338 0.59697063]
Classification: 1.0 0.9766666666666667 483
(66, 25)
(109, 25)
(100, 25)
[1.71383869 0.73483481 0.5513265 ]
Classification: 1.0 0.97 484
(66, 25)
(109, 25)
(100, 25)
[1.75052212 0.63081697 0.6186609 ]
Classification: 1.0 0.98 485
(66, 25)
(109, 25)
(100, 25)
[1.7579603  0.64524579 0.59679391]
Classification: 1.0 0.97 486
(66, 25)
(109, 25)
(100, 25)
[1.83355891 0.60101585 0.56542524]
Classification: 1.0 0.9666666666666667 487
(66, 25)
(109, 25)
(100, 25)
[1.79428879 0.59308643 0.61262478]
Classification: 1.0 0.9666666666666667 488
(66, 25)
(109, 25)
(100, 25)
[1.74477973 0.60938374 0.64583653]
Classification: 1.0 0.98 489
(66, 25)
(109, 25)
(100, 25)
[1.73769906 0.63936748 0.62293346]
Classification: 1.0 0.97 490
(66, 25)
(109, 25)
(100, 25)
[1.75417203 0.64508208 0.60074589]
Classification: 1.0 0.97 491
(66, 25)
(109, 25)
(100, 25)
[1.68046585 0.67281291 0.64672124]
Classification: 1.0 0.9733333333333334 492
(66, 25)
(109, 25)
(100, 25)
[1.71436492 0.69773045 0.58790463]
Classification: 1.0 0.9733333333333334 493
(66, 25)
(109, 25)
(100, 25)
[1.70099002 0.68246861 0.61654137]
Classification: 1.0 0.9666666666666667 494
(66, 25)
(109, 25)
(100, 25)
[1.73024916 0.67294178 0.59680907]
Classification: 1.0 0.97 495
(66, 25)
(109, 25)
(100, 25)
[1.68312523 0.67141403 0.64546074]
Classification: 1.0 0.97 496
(66, 25)
(109, 25)
(100, 25)
[1.79128782 0.63318836 0.57552382]
Classification: 1.0 0.9666666666666667 497
(66, 25)
(109, 25)
(100, 25)
[1.73824581 0.63058402 0.63117017]
Classification: 1.0 0.97 498
(66, 25)
(109, 25)
(100, 25)
[1.71264636 0.65970299 0.62765065]
Classification: 1.0 0.9666666666666667 499
best round is 445, acc is 0.983333
Model saved to ./checkpoint/ArticularyWordRecognition/2025-03-10-16_ArticularyWordRecognition_model.pt
