Running experiment with dataset: BasicMotions, config: ./result/ablation_study/config_BasicMotions.yml
/mnt/data/user_liangzhiyu/envs/fedcsl/lib/python3.8/site-packages/scipy/__init__.py:146: UserWarning: A NumPy version >=1.16.5 and <1.23.0 is required for this version of SciPy (detected version 1.23.5
  warnings.warn(f"A NumPy version >={np_minversion} and <{np_maxversion}"
/mnt/data/user_liangzhiyu/envs/fedcsl/lib/python3.8/site-packages/tslearn/bases/bases.py:15: UserWarning: h5py not installed, hdf5 features will not be supported.
Install h5py to use hdf5 features: http://docs.h5py.org/
  warn(h5py_msg)
/mnt/data/user_liangzhiyu/lixiongfei/CSL-main/train.py:392: UserWarning: Creating a tensor from a list of numpy.ndarrays is extremely slow. Please consider converting the list to a single numpy.ndarray with numpy.array() before converting to a tensor. (Triggered internally at /opt/conda/conda-bld/pytorch_1724789259345/work/torch/csrc/utils/tensor_new.cpp:278.)
  X = torch.tensor(X, dtype=torch.float).contiguous()
[0.09514033 0.10277917 0.11127909 0.12035814 0.12964186 0.13872091
 0.14722083 0.15485967]
40
<class 'pandas.core.frame.DataFrame'>
RangeIndex: 40 entries, 0 to 39
Data columns (total 7 columns):
 #   Column      Non-Null Count  Dtype 
---  ------      --------------  ----- 
 0   dim_0       40 non-null     object
 1   dim_1       40 non-null     object
 2   dim_2       40 non-null     object
 3   dim_3       40 non-null     object
 4   dim_4       40 non-null     object
 5   dim_5       40 non-null     object
 6   class_vals  40 non-null     object
dtypes: object(7)
memory usage: 2.3+ KB
None
{100}
<class 'pandas.core.frame.DataFrame'>
RangeIndex: 40 entries, 0 to 39
Data columns (total 7 columns):
 #   Column      Non-Null Count  Dtype 
---  ------      --------------  ----- 
 0   dim_0       40 non-null     object
 1   dim_1       40 non-null     object
 2   dim_2       40 non-null     object
 3   dim_3       40 non-null     object
 4   dim_4       40 non-null     object
 5   dim_5       40 non-null     object
 6   class_vals  40 non-null     object
dtypes: object(7)
memory usage: 2.3+ KB
None
[0 0 0 0 0 0 0 0 0 0 1 1 1 1 1 1 1 1 1 1 2 2 2 2 2 2 2 2 2 2 3 3 3 3 3 3 3
 3 3 3]
[10 11 12 13 14 15 16 17 18]
[1, 1, 1, 1, 1, 1, 1, 1, 1]
[2, 2, 2, 2, 2, 2, 2, 2, 2, 3, 3, 3, 3, 3, 3, 3, 3, 3]
[0, 0, 0, 0, 0, 0, 0, 0, 0, 0, 1, 2, 3]
shapelet initialized! 

All 3 clinet initialized! 

(9, 4)
(18, 4)
(13, 4)
[0.84535156 1.66108206 0.49356638]
Classification: 1.0 0.95 0
(9, 4)
(18, 4)
(13, 4)
[0.93771599 1.51536849 0.54691552]
Classification: 1.0 0.95 1
(9, 4)
(18, 4)
(13, 4)
[1.00353796 1.42480155 0.5716605 ]
Classification: 1.0 0.95 2
(9, 4)
(18, 4)
(13, 4)
[1.14106995 1.31697963 0.54195042]
Classification: 1.0 0.95 3
(9, 4)
(18, 4)
(13, 4)
[1.10288301 1.33364935 0.56346765]
Classification: 1.0 0.95 4
(9, 4)
(18, 4)
(13, 4)
[0.98726082 1.32445869 0.68828049]
Classification: 1.0 0.95 5
(9, 4)
(18, 4)
(13, 4)
[0.94715675 1.33417432 0.71866893]
Classification: 1.0 0.95 6
(9, 4)
(18, 4)
(13, 4)
[0.91302913 1.34438755 0.74258333]
Classification: 1.0 0.95 7
(9, 4)
(18, 4)
(13, 4)
[0.77755752 1.28735173 0.93509075]
Classification: 1.0 0.95 8
(9, 4)
(18, 4)
(13, 4)
[0.7336471  1.16619479 1.10015811]
Classification: 1.0 0.95 9
(9, 4)
(18, 4)
(13, 4)
[0.66524199 1.20115472 1.13360329]
Classification: 1.0 0.95 10
(9, 4)
(18, 4)
(13, 4)
[0.68543036 1.29441309 1.02015655]
Classification: 1.0 0.95 11
(9, 4)
(18, 4)
(13, 4)
[0.65008388 1.33278565 1.01713047]
Classification: 1.0 0.95 12
(9, 4)
(18, 4)
(13, 4)
[0.59994163 1.23487934 1.16517903]
Classification: 1.0 0.95 13
(9, 4)
(18, 4)
(13, 4)
[0.66238011 1.11915807 1.21846182]
Classification: 1.0 0.95 14
(9, 4)
(18, 4)
(13, 4)
[0.66717242 0.97289642 1.35993115]
Classification: 1.0 0.95 15
(9, 4)
(18, 4)
(13, 4)
[0.5661634  1.11627583 1.31756077]
Classification: 1.0 0.95 16
(9, 4)
(18, 4)
(13, 4)
[0.64942426 1.18541116 1.16516458]
Classification: 1.0 0.95 17
(9, 4)
(18, 4)
(13, 4)
[0.65283295 1.35133893 0.99582812]
Classification: 1.0 0.95 18
(9, 4)
(18, 4)
(13, 4)
[0.43655619 1.49815888 1.06528492]
Classification: 1.0 0.95 19
(9, 4)
(18, 4)
(13, 4)
[0.57310358 1.47575191 0.95114452]
Classification: 1.0 0.95 20
Traceback (most recent call last):
  File "FedCSL_All.py", line 318, in <module>
    train(dataset=args.dataset)
  File "FedCSL_All.py", line 247, in train
    losses = c.train(X_fed[idx], epochs=numEpoch, batch_size=batch_size, epoch_idx=-1,lr=lr)
  File "/mnt/data/user_liangzhiyu/lixiongfei/CSL-main/train.py", line 462, in train
    current_loss_ce, C_accu_q, c_normalising_factor_q, C_accu_k, c_normalising_factor_k = self.update_CL(x, C_accu_q, c_normalising_factor_q, C_accu_k, 
  File "/mnt/data/user_liangzhiyu/lixiongfei/CSL-main/train.py", line 334, in update_CL
    loss.backward()
  File "/mnt/data/user_liangzhiyu/envs/fedcsl/lib/python3.8/site-packages/torch/_tensor.py", line 521, in backward
    torch.autograd.backward(
  File "/mnt/data/user_liangzhiyu/envs/fedcsl/lib/python3.8/site-packages/torch/autograd/__init__.py", line 289, in backward
    _engine_run_backward(
  File "/mnt/data/user_liangzhiyu/envs/fedcsl/lib/python3.8/site-packages/torch/autograd/graph.py", line 769, in _engine_run_backward
    return Variable._execution_engine.run_backward(  # Calls into the C++ engine to run the backward pass
KeyboardInterrupt
Running experiment with dataset: BasicMotions, config: ./result/ablation_study/config_BasicMotions.yml
[0.09514033 0.10277917 0.11127909 0.12035814 0.12964186 0.13872091
 0.14722083 0.15485967]
40
<class 'pandas.core.frame.DataFrame'>
RangeIndex: 40 entries, 0 to 39
Data columns (total 7 columns):
 #   Column      Non-Null Count  Dtype 
---  ------      --------------  ----- 
 0   dim_0       40 non-null     object
 1   dim_1       40 non-null     object
 2   dim_2       40 non-null     object
 3   dim_3       40 non-null     object
 4   dim_4       40 non-null     object
 5   dim_5       40 non-null     object
 6   class_vals  40 non-null     object
dtypes: object(7)
memory usage: 2.3+ KB
None
{100}
<class 'pandas.core.frame.DataFrame'>
RangeIndex: 40 entries, 0 to 39
Data columns (total 7 columns):
 #   Column      Non-Null Count  Dtype 
---  ------      --------------  ----- 
 0   dim_0       40 non-null     object
 1   dim_1       40 non-null     object
 2   dim_2       40 non-null     object
 3   dim_3       40 non-null     object
 4   dim_4       40 non-null     object
 5   dim_5       40 non-null     object
 6   class_vals  40 non-null     object
dtypes: object(7)
memory usage: 2.3+ KB
None
[0 0 0 0 0 0 0 0 0 0 1 1 1 1 1 1 1 1 1 1 2 2 2 2 2 2 2 2 2 2 3 3 3 3 3 3 3
 3 3 3]
[10 11 12 13 14 15 16 17 18]
[1, 1, 1, 1, 1, 1, 1, 1, 1]
[2, 2, 2, 2, 2, 2, 2, 2, 2, 3, 3, 3, 3, 3, 3, 3, 3, 3]
[0, 0, 0, 0, 0, 0, 0, 0, 0, 0, 1, 2, 3]
shapelet initialized! 

All 3 clinet initialized! 

(9, 4)
(18, 4)
(13, 4)
[0.86884617 1.62961944 0.50153439]
Classification: 1.0 0.95 0
(9, 4)
(18, 4)
(13, 4)
[0.86017176 1.63032267 0.50950557]
Classification: 1.0 0.95 1
(9, 4)
(18, 4)
(13, 4)
[0.85664475 1.6389787  0.50437655]
Classification: 1.0 0.95 2
(9, 4)
(18, 4)
(13, 4)
[0.86964215 1.61135511 0.51900274]
Classification: 1.0 0.95 3
(9, 4)
(18, 4)
(13, 4)
[0.83167957 1.63777867 0.53054177]
Classification: 1.0 0.95 4
(9, 4)
(18, 4)
(13, 4)
[0.82452669 1.62953032 0.54594299]
Classification: 1.0 0.95 5
(9, 4)
(18, 4)
(13, 4)
[0.80315041 1.63303718 0.56381241]
Classification: 1.0 0.95 6
(9, 4)
(18, 4)
(13, 4)
[0.79844548 1.59644519 0.60510933]
Classification: 1.0 0.95 7
(9, 4)
(18, 4)
(13, 4)
[0.79450324 1.49406477 0.71143199]
Classification: 1.0 0.95 8
(9, 4)
(18, 4)
(13, 4)
[0.75973008 1.4640085  0.77626142]
Classification: 1.0 0.95 9
(9, 4)
(18, 4)
(13, 4)
[0.80286013 1.33097995 0.86615992]
Classification: 1.0 0.95 10
(9, 4)
(18, 4)
(13, 4)
[0.76814725 1.3297304  0.90212235]
Classification: 1.0 0.95 11
(9, 4)
(18, 4)
(13, 4)
[0.79022892 1.28610398 0.9236671 ]
Classification: 1.0 0.95 12
(9, 4)
(18, 4)
(13, 4)
[0.77110548 1.25212719 0.97676733]
Classification: 1.0 0.95 13
(9, 4)
(18, 4)
(13, 4)
[0.74855218 1.22660128 1.02484655]
Classification: 1.0 0.95 14
(9, 4)
(18, 4)
(13, 4)
[0.72216356 1.23213895 1.04569749]
Classification: 1.0 0.95 15
(9, 4)
(18, 4)
(13, 4)
[0.69249823 1.29262467 1.0148771 ]
Classification: 1.0 0.95 16
(9, 4)
(18, 4)
(13, 4)
[0.6748483  1.33193205 0.99321965]
Classification: 1.0 0.95 17
(9, 4)
(18, 4)
(13, 4)
[0.65899301 1.3674096  0.97359739]
Classification: 1.0 0.95 18
(9, 4)
(18, 4)
(13, 4)
[0.67752537 1.31506893 1.0074057 ]
Classification: 1.0 0.95 19
(9, 4)
(18, 4)
(13, 4)
[0.68928335 1.35278136 0.95793529]
Classification: 1.0 0.95 20
(9, 4)
(18, 4)
(13, 4)
[0.73552031 1.29978153 0.96469817]
Classification: 1.0 0.95 21
(9, 4)
(18, 4)
(13, 4)
[0.7449884  1.35185638 0.90315523]
Classification: 1.0 0.95 22
(9, 4)
(18, 4)
(13, 4)
[0.74294915 1.34067498 0.91637587]
Classification: 1.0 0.95 23
(9, 4)
(18, 4)
(13, 4)
[0.74827588 1.31924534 0.93247879]
Classification: 1.0 0.95 24
(9, 4)
(18, 4)
(13, 4)
[0.71128814 1.29320794 0.99550393]
Classification: 1.0 0.95 25
(9, 4)
(18, 4)
(13, 4)
[0.6731255  1.29511597 1.03175853]
Classification: 1.0 0.95 26
(9, 4)
(18, 4)
(13, 4)
[0.67511224 1.25996915 1.06491861]
Classification: 1.0 0.95 27
(9, 4)
(18, 4)
(13, 4)
[0.657273  1.3709306 0.9717964]
Classification: 1.0 0.95 28
(9, 4)
(18, 4)
(13, 4)
[0.68675826 1.27556832 1.03767343]
Classification: 1.0 0.95 29
(9, 4)
(18, 4)
(13, 4)
[0.69517637 1.28206226 1.02276138]
Classification: 1.0 0.95 30
(9, 4)
(18, 4)
(13, 4)
[0.66427578 1.33055397 1.00517026]
Classification: 1.0 0.95 31
(9, 4)
(18, 4)
(13, 4)
[0.69468237 1.29407155 1.01124608]
Classification: 1.0 0.95 32
(9, 4)
(18, 4)
(13, 4)
[0.71898888 1.23546237 1.04554876]
Classification: 1.0 0.95 33
(9, 4)
(18, 4)
(13, 4)
[0.68530152 1.35694335 0.95775514]
Classification: 1.0 0.95 34
(9, 4)
(18, 4)
(13, 4)
[0.65203634 1.34879181 0.99917185]
Classification: 1.0 0.95 35
(9, 4)
(18, 4)
(13, 4)
[0.66480302 1.33326201 1.00193497]
Classification: 1.0 0.95 36
(9, 4)
(18, 4)
(13, 4)
[0.68216229 1.30427664 1.01356107]
Classification: 1.0 0.95 37
(9, 4)
(18, 4)
(13, 4)
[0.75970317 1.31578886 0.92450797]
Classification: 1.0 0.95 38
(9, 4)
(18, 4)
(13, 4)
[0.80943646 1.27639822 0.91416532]
Classification: 1.0 0.95 39
(9, 4)
(18, 4)
(13, 4)
[0.76365408 1.23704505 0.99930087]
Classification: 1.0 0.95 40
(9, 4)
(18, 4)
(13, 4)
[0.72093374 1.29238618 0.98668008]
Classification: 1.0 0.95 41
(9, 4)
(18, 4)
(13, 4)
[0.7797512  1.25383211 0.96641669]
Classification: 1.0 0.95 42
(9, 4)
(18, 4)
(13, 4)
[0.81941855 1.2194784  0.96110306]
Classification: 1.0 0.95 43
(9, 4)
(18, 4)
(13, 4)
[0.79718857 1.32968645 0.87312499]
Classification: 1.0 0.95 44
(9, 4)
(18, 4)
(13, 4)
[0.79400675 1.34304728 0.86294597]
Classification: 1.0 0.95 45
(9, 4)
(18, 4)
(13, 4)
[0.84559712 1.25708012 0.89732275]
Classification: 1.0 0.95 46
(9, 4)
(18, 4)
(13, 4)
[0.83998714 1.27153236 0.88848049]
Classification: 1.0 0.95 47
(9, 4)
(18, 4)
(13, 4)
[0.82724763 1.25010998 0.92264239]
Classification: 1.0 0.95 48
(9, 4)
(18, 4)
(13, 4)
[0.77393584 1.31873664 0.90732752]
Classification: 1.0 0.95 49
(9, 4)
(18, 4)
(13, 4)
[0.74237205 1.32463665 0.9329913 ]
Classification: 1.0 0.95 50
(9, 4)
(18, 4)
(13, 4)
[0.7494107  1.32798547 0.92260383]
Classification: 1.0 0.95 51
(9, 4)
(18, 4)
(13, 4)
[0.69768108 1.43409095 0.86822797]
Classification: 1.0 0.95 52
(9, 4)
(18, 4)
(13, 4)
[0.73642291 1.39075404 0.87282305]
Classification: 1.0 0.95 53
(9, 4)
(18, 4)
(13, 4)
[0.75615088 1.367907   0.87594211]
Classification: 1.0 0.95 54
(9, 4)
(18, 4)
(13, 4)
[0.81445883 1.33926159 0.84627958]
Classification: 1.0 0.95 55
(9, 4)
(18, 4)
(13, 4)
[0.83291224 1.33535077 0.83173699]
Classification: 1.0 0.95 56
(9, 4)
(18, 4)
(13, 4)
[0.78125637 1.31608959 0.90265404]
Classification: 1.0 0.95 57
(9, 4)
(18, 4)
(13, 4)
[0.78960322 1.317866   0.89253078]
Classification: 1.0 0.95 58
(9, 4)
(18, 4)
(13, 4)
[0.80428196 1.22797285 0.96774518]
Classification: 1.0 0.95 59
(9, 4)
(18, 4)
(13, 4)
[0.81996988 1.26666931 0.91336081]
Classification: 1.0 0.95 60
(9, 4)
(18, 4)
(13, 4)
[0.78828961 1.34716718 0.86454321]
Classification: 1.0 0.95 61
(9, 4)
(18, 4)
(13, 4)
[0.82922575 1.2363159  0.93445835]
Classification: 1.0 0.95 62
(9, 4)
(18, 4)
(13, 4)
[0.76610374 1.29378417 0.94011209]
Classification: 1.0 0.95 63
(9, 4)
(18, 4)
(13, 4)
[0.78896061 1.32118841 0.88985099]
Classification: 1.0 0.95 64
(9, 4)
(18, 4)
(13, 4)
[0.83813234 1.33291767 0.82894999]
Classification: 1.0 0.95 65
(9, 4)
(18, 4)
(13, 4)
[0.75180212 1.4489141  0.79928378]
Classification: 1.0 0.95 66
(9, 4)
(18, 4)
(13, 4)
[0.83066994 1.33667375 0.8326563 ]
Classification: 1.0 0.95 67
(9, 4)
(18, 4)
(13, 4)
[0.79543906 1.35630638 0.84825456]
Classification: 1.0 0.95 68
(9, 4)
(18, 4)
(13, 4)
[0.79624277 1.38819885 0.81555838]
Classification: 1.0 0.95 69
(9, 4)
(18, 4)
(13, 4)
[0.86675909 1.36062017 0.77262074]
Classification: 1.0 0.95 70
(9, 4)
(18, 4)
(13, 4)
[0.81464957 1.38875193 0.7965985 ]
Classification: 1.0 0.95 71
(9, 4)
(18, 4)
(13, 4)
[0.81335402 1.35483994 0.83180604]
Classification: 1.0 0.95 72
(9, 4)
(18, 4)
(13, 4)
[0.80302241 1.4030668  0.79391079]
Classification: 1.0 0.95 73
(9, 4)
(18, 4)
(13, 4)
[0.82548648 1.38523342 0.78928011]
Classification: 1.0 0.95 74
(9, 4)
(18, 4)
(13, 4)
[0.82886647 1.34390082 0.82723271]
Classification: 1.0 0.95 75
(9, 4)
(18, 4)
(13, 4)
[0.82444499 1.38350155 0.79205347]
Classification: 1.0 0.95 76
(9, 4)
(18, 4)
(13, 4)
[0.88672886 1.30553712 0.80773402]
Classification: 1.0 0.95 77
(9, 4)
(18, 4)
(13, 4)
[0.85330441 1.39772151 0.74897407]
Classification: 1.0 0.95 78
(9, 4)
(18, 4)
(13, 4)
[0.80737478 1.30062478 0.89200044]
Classification: 1.0 0.95 79
(9, 4)
(18, 4)
(13, 4)
[0.76185627 1.39291947 0.84522426]
Classification: 1.0 0.95 80
(9, 4)
(18, 4)
(13, 4)
[0.74131074 1.47619039 0.78249887]
Classification: 1.0 0.95 81
(9, 4)
(18, 4)
(13, 4)
[0.77469128 1.42746358 0.79784514]
Classification: 1.0 0.95 82
(9, 4)
(18, 4)
(13, 4)
[0.77502656 1.45784172 0.76713172]
Classification: 1.0 0.95 83
(9, 4)
(18, 4)
(13, 4)
[0.81518653 1.35595946 0.82885401]
Classification: 1.0 0.95 84
(9, 4)
(18, 4)
(13, 4)
[0.74249575 1.47327108 0.78423317]
Classification: 1.0 0.95 85
(9, 4)
(18, 4)
(13, 4)
[0.79567316 1.43743726 0.76688958]
Classification: 1.0 0.95 86
(9, 4)
(18, 4)
(13, 4)
[0.85184318 1.4046848  0.74347202]
Classification: 1.0 0.95 87
(9, 4)
(18, 4)
(13, 4)
[0.84771078 1.34802471 0.80426451]
Classification: 1.0 0.95 88
(9, 4)
(18, 4)
(13, 4)
[0.83255611 1.42295689 0.744487  ]
Classification: 1.0 0.95 89
(9, 4)
(18, 4)
(13, 4)
[0.84241562 1.39940899 0.75817539]
Classification: 1.0 0.95 90
(9, 4)
(18, 4)
(13, 4)
[0.84053195 1.40343909 0.75602896]
Classification: 1.0 0.95 91
(9, 4)
(18, 4)
(13, 4)
[0.84883926 1.4632752  0.68788554]
Classification: 1.0 0.95 92
(9, 4)
(18, 4)
(13, 4)
[0.82922693 1.45888956 0.7118835 ]
Classification: 1.0 0.95 93
(9, 4)
(18, 4)
(13, 4)
[0.88162423 1.41254091 0.70583486]
Classification: 1.0 0.95 94
(9, 4)
(18, 4)
(13, 4)
[0.85031984 1.45475521 0.69492494]
Classification: 1.0 0.95 95
(9, 4)
(18, 4)
(13, 4)
[0.83723578 1.38453415 0.77823006]
Classification: 1.0 0.95 96
(9, 4)
(18, 4)
(13, 4)
[0.82587791 1.38312392 0.79099817]
Classification: 1.0 0.95 97
(9, 4)
(18, 4)
(13, 4)
[0.81444899 1.42147817 0.76407284]
Classification: 1.0 0.95 98
(9, 4)
(18, 4)
(13, 4)
[0.79609782 1.44647022 0.75743197]
Classification: 1.0 0.95 99
(9, 4)
(18, 4)
(13, 4)
[0.77222846 1.51921745 0.70855409]
Classification: 1.0 0.95 100
(9, 4)
(18, 4)
(13, 4)
[0.73583439 1.48511583 0.77904978]
Classification: 1.0 0.95 101
(9, 4)
(18, 4)
(13, 4)
[0.78828109 1.47327156 0.73844734]
Classification: 1.0 0.95 102
(9, 4)
(18, 4)
(13, 4)
[0.84201207 1.52286624 0.6351217 ]
Classification: 1.0 0.95 103
(9, 4)
(18, 4)
(13, 4)
[0.86704371 1.42445743 0.70849886]
Classification: 1.0 0.95 104
(9, 4)
(18, 4)
(13, 4)
[0.81169841 1.47826058 0.71004101]
Classification: 1.0 0.95 105
(9, 4)
(18, 4)
(13, 4)
[0.82762201 1.43198851 0.74038948]
Classification: 1.0 0.95 106
(9, 4)
(18, 4)
(13, 4)
[0.85856013 1.46915986 0.67228001]
Classification: 1.0 0.95 107
(9, 4)
(18, 4)
(13, 4)
[0.82038504 1.48948966 0.6901253 ]
Classification: 1.0 0.95 108
(9, 4)
(18, 4)
(13, 4)
[0.78498336 1.47186256 0.74315408]
Classification: 1.0 0.95 109
(9, 4)
(18, 4)
(13, 4)
[0.81441918 1.48473055 0.70085026]
Classification: 1.0 0.95 110
(9, 4)
(18, 4)
(13, 4)
[0.8320621  1.35244543 0.81549247]
Classification: 1.0 0.95 111
(9, 4)
(18, 4)
(13, 4)
[0.85816846 1.39777717 0.74405437]
Classification: 1.0 0.95 112
(9, 4)
(18, 4)
(13, 4)
[0.91742159 1.41180063 0.67077778]
Classification: 1.0 0.95 113
(9, 4)
(18, 4)
(13, 4)
[0.90024259 1.41888557 0.68087184]
Classification: 1.0 0.95 114
(9, 4)
(18, 4)
(13, 4)
[0.83479721 1.46657603 0.69862675]
Classification: 1.0 0.95 115
(9, 4)
(18, 4)
(13, 4)
[0.93462709 1.4313604  0.63401251]
Classification: 1.0 0.95 116
(9, 4)
(18, 4)
(13, 4)
[0.91966156 1.38990421 0.69043423]
Classification: 1.0 0.95 117
(9, 4)
(18, 4)
(13, 4)
[0.9100018  1.38767377 0.70232443]
Classification: 1.0 0.95 118
(9, 4)
(18, 4)
(13, 4)
[0.82714645 1.48951599 0.68333756]
Classification: 1.0 0.95 119
(9, 4)
(18, 4)
(13, 4)
[0.85128664 1.46351121 0.68520215]
Classification: 1.0 0.95 120
(9, 4)
(18, 4)
(13, 4)
[0.87077523 1.4746699  0.65455487]
Classification: 1.0 0.95 121
(9, 4)
(18, 4)
(13, 4)
[0.85674786 1.49053105 0.65272109]
Classification: 1.0 0.95 122
(9, 4)
(18, 4)
(13, 4)
[0.87745243 1.40769375 0.71485382]
Classification: 1.0 0.95 123
(9, 4)
(18, 4)
(13, 4)
[0.8226484  1.42985547 0.74749612]
Classification: 1.0 0.95 124
(9, 4)
(18, 4)
(13, 4)
[0.80069399 1.46302387 0.73628214]
Classification: 1.0 0.95 125
(9, 4)
(18, 4)
(13, 4)
[0.85082233 1.39915473 0.75002294]
Classification: 1.0 0.95 126
(9, 4)
(18, 4)
(13, 4)
[0.79897525 1.49288313 0.70814162]
Classification: 1.0 0.95 127
(9, 4)
(18, 4)
(13, 4)
[0.8735577  1.51368622 0.61275608]
Classification: 1.0 0.95 128
(9, 4)
(18, 4)
(13, 4)
[0.89427841 1.46082666 0.64489494]
Classification: 1.0 0.95 129
(9, 4)
(18, 4)
(13, 4)
[0.82554796 1.4830277  0.69142434]
Classification: 1.0 0.95 130
(9, 4)
(18, 4)
(13, 4)
[0.81908694 1.46634429 0.71456877]
Classification: 1.0 0.95 131
(9, 4)
(18, 4)
(13, 4)
[0.8001809  1.46130937 0.73850973]
Classification: 1.0 0.95 132
(9, 4)
(18, 4)
(13, 4)
[0.7689433  1.48051982 0.75053688]
Classification: 1.0 0.95 133
(9, 4)
(18, 4)
(13, 4)
[0.77828369 1.49779891 0.7239174 ]
Classification: 1.0 0.95 134
(9, 4)
(18, 4)
(13, 4)
[0.7209962  1.54138243 0.73762137]
Classification: 1.0 0.95 135
(9, 4)
(18, 4)
(13, 4)
[0.75104485 1.48971602 0.75923914]
Classification: 1.0 0.95 136
(9, 4)
(18, 4)
(13, 4)
[0.768166  1.4807539 0.7510801]
Classification: 1.0 0.95 137
(9, 4)
(18, 4)
(13, 4)
[0.81793722 1.51572897 0.66633381]
Classification: 1.0 0.95 138
(9, 4)
(18, 4)
(13, 4)
[0.81481627 1.43917843 0.74600531]
Classification: 1.0 0.95 139
(9, 4)
(18, 4)
(13, 4)
[0.77615511 1.4673602  0.75648469]
Classification: 1.0 0.95 140
(9, 4)
(18, 4)
(13, 4)
[0.77073351 1.49794475 0.73132175]
Classification: 1.0 0.95 141
(9, 4)
(18, 4)
(13, 4)
[0.78467005 1.49724396 0.71808599]
Classification: 1.0 0.95 142
(9, 4)
(18, 4)
(13, 4)
[0.72269414 1.52204451 0.75526135]
Classification: 1.0 0.95 143
(9, 4)
(18, 4)
(13, 4)
[0.73293744 1.50351012 0.76355243]
Classification: 1.0 0.95 144
(9, 4)
(18, 4)
(13, 4)
[0.79881566 1.48136185 0.7198225 ]
Classification: 1.0 0.95 145
(9, 4)
(18, 4)
(13, 4)
[0.86210155 1.45842488 0.67947357]
Classification: 1.0 0.95 146
(9, 4)
(18, 4)
(13, 4)
[0.79874037 1.4329462  0.76831344]
Classification: 1.0 0.95 147
(9, 4)
(18, 4)
(13, 4)
[0.75963715 1.54983297 0.69052988]
Classification: 1.0 0.95 148
(9, 4)
(18, 4)
(13, 4)
[0.85782945 1.51759286 0.62457769]
Classification: 1.0 0.95 149
(9, 4)
(18, 4)
(13, 4)
[0.87169266 1.52322802 0.60507932]
Classification: 1.0 0.95 150
(9, 4)
(18, 4)
(13, 4)
[0.85042077 1.54324995 0.60632928]
Classification: 1.0 0.95 151
(9, 4)
(18, 4)
(13, 4)
[0.83864653 1.55847317 0.60288031]
Classification: 1.0 0.95 152
(9, 4)
(18, 4)
(13, 4)
[0.79240705 1.58935174 0.61824121]
Classification: 1.0 0.95 153
(9, 4)
(18, 4)
(13, 4)
[0.76013981 1.60838565 0.63147454]
Classification: 1.0 0.95 154
(9, 4)
(18, 4)
(13, 4)
[0.82594641 1.49901831 0.67503528]
Classification: 1.0 0.95 155
(9, 4)
(18, 4)
(13, 4)
[0.76782207 1.60680775 0.62537018]
Classification: 1.0 0.95 156
(9, 4)
(18, 4)
(13, 4)
[0.82756144 1.53084767 0.64159089]
Classification: 1.0 0.95 157
(9, 4)
(18, 4)
(13, 4)
[0.78894671 1.52507427 0.68597902]
Classification: 1.0 0.95 158
(9, 4)
(18, 4)
(13, 4)
[0.81674227 1.52537521 0.65788252]
Classification: 1.0 0.95 159
(9, 4)
(18, 4)
(13, 4)
[0.80706894 1.49365583 0.69927523]
Classification: 1.0 0.95 160
(9, 4)
(18, 4)
(13, 4)
[0.81323089 1.51585166 0.67091745]
Classification: 1.0 0.95 161
(9, 4)
(18, 4)
(13, 4)
[0.79428642 1.52437883 0.68133475]
Classification: 1.0 0.95 162
(9, 4)
(18, 4)
(13, 4)
[0.79459166 1.55246171 0.65294663]
Classification: 1.0 0.95 163
(9, 4)
(18, 4)
(13, 4)
[0.79412211 1.51647062 0.68940727]
Classification: 1.0 0.95 164
(9, 4)
(18, 4)
(13, 4)
[0.79955754 1.53624917 0.66419329]
Classification: 1.0 0.95 165
(9, 4)
(18, 4)
(13, 4)
[0.7827806  1.51349667 0.70372272]
Classification: 1.0 0.95 166
(9, 4)
(18, 4)
(13, 4)
[0.75104761 1.53402533 0.71492706]
Classification: 1.0 0.95 167
(9, 4)
(18, 4)
(13, 4)
[0.77539367 1.57285767 0.65174866]
Classification: 1.0 0.95 168
(9, 4)
(18, 4)
(13, 4)
[0.79651359 1.53523334 0.66825307]
Classification: 1.0 0.95 169
(9, 4)
(18, 4)
(13, 4)
[0.76567494 1.51585805 0.718467  ]
Classification: 1.0 0.95 170
(9, 4)
(18, 4)
(13, 4)
[0.88024475 1.40197702 0.71777823]
Classification: 1.0 0.95 171
(9, 4)
(18, 4)
(13, 4)
[0.85255306 1.45119535 0.69625159]
Classification: 1.0 0.95 172
(9, 4)
(18, 4)
(13, 4)
[0.8722756  1.39889491 0.72882949]
Classification: 1.0 0.95 173
(9, 4)
(18, 4)
(13, 4)
[0.93170351 1.43661678 0.63167971]
Classification: 1.0 0.95 174
(9, 4)
(18, 4)
(13, 4)
[0.88274842 1.50269524 0.61455634]
Classification: 1.0 0.95 175
(9, 4)
(18, 4)
(13, 4)
[0.84328305 1.48420762 0.67250934]
Classification: 1.0 0.95 176
(9, 4)
(18, 4)
(13, 4)
[0.91074119 1.47402149 0.61523732]
Classification: 1.0 0.95 177
(9, 4)
(18, 4)
(13, 4)
[0.93958784 1.44193895 0.61847321]
Classification: 1.0 0.95 178
(9, 4)
(18, 4)
(13, 4)
[0.88979926 1.45999533 0.65020542]
Classification: 1.0 0.95 179
(9, 4)
(18, 4)
(13, 4)
[0.88777036 1.51531904 0.5969106 ]
Classification: 1.0 0.95 180
(9, 4)
(18, 4)
(13, 4)
[0.8651644  1.46720043 0.66763517]
Classification: 1.0 0.95 181
(9, 4)
(18, 4)
(13, 4)
[0.8167132  1.59398095 0.58930585]
Classification: 1.0 0.95 182
(9, 4)
(18, 4)
(13, 4)
[0.79338142 1.60323356 0.60338502]
Classification: 1.0 0.95 183
(9, 4)
(18, 4)
(13, 4)
[0.90916524 1.53307209 0.55776267]
Classification: 1.0 0.95 184
(9, 4)
(18, 4)
(13, 4)
[0.89338978 1.47735502 0.62925519]
Classification: 1.0 0.95 185
(9, 4)
(18, 4)
(13, 4)
[0.85328675 1.46813371 0.67857955]
Classification: 1.0 0.95 186
(9, 4)
(18, 4)
(13, 4)
[0.81734021 1.51820543 0.66445436]
Classification: 1.0 0.95 187
(9, 4)
(18, 4)
(13, 4)
[0.91675424 1.45733082 0.62591494]
Classification: 1.0 0.95 188
(9, 4)
(18, 4)
(13, 4)
[0.90959674 1.42037551 0.67002775]
Classification: 1.0 0.95 189
(9, 4)
(18, 4)
(13, 4)
[0.89276381 1.45283958 0.65439662]
Classification: 1.0 0.95 190
(9, 4)
(18, 4)
(13, 4)
[0.91401304 1.40303574 0.68295122]
Classification: 1.0 0.95 191
(9, 4)
(18, 4)
(13, 4)
[0.87018821 1.42842458 0.7013872 ]
Classification: 1.0 0.95 192
(9, 4)
(18, 4)
(13, 4)
[0.89837204 1.42259525 0.67903272]
Classification: 1.0 0.95 193
(9, 4)
(18, 4)
(13, 4)
[0.8649951  1.47330187 0.66170303]
Classification: 1.0 0.95 194
(9, 4)
(18, 4)
(13, 4)
[0.89943724 1.47938827 0.6211745 ]
Classification: 1.0 0.95 195
(9, 4)
(18, 4)
(13, 4)
[0.88358176 1.47411778 0.64230046]
Classification: 1.0 0.95 196
(9, 4)
(18, 4)
(13, 4)
[0.84067361 1.54948092 0.60984546]
Classification: 1.0 0.95 197
(9, 4)
(18, 4)
(13, 4)
[0.86277531 1.5171374  0.62008729]
Classification: 1.0 0.95 198
(9, 4)
(18, 4)
(13, 4)
[0.83704374 1.47989943 0.68305682]
Classification: 1.0 0.95 199
(9, 4)
(18, 4)
(13, 4)
[0.7797808  1.59508958 0.62512962]
Classification: 1.0 0.95 200
(9, 4)
(18, 4)
(13, 4)
[0.73293161 1.602261   0.66480739]
Classification: 1.0 0.95 201
(9, 4)
(18, 4)
(13, 4)
[0.74621794 1.63131394 0.62246812]
Classification: 1.0 0.95 202
(9, 4)
(18, 4)
(13, 4)
[0.78283506 1.56750886 0.64965608]
Classification: 1.0 0.95 203
(9, 4)
(18, 4)
(13, 4)
[0.80030642 1.56532822 0.63436536]
Classification: 1.0 0.95 204
(9, 4)
(18, 4)
(13, 4)
[0.77686482 1.54689102 0.67624416]
Classification: 1.0 0.95 205
(9, 4)
(18, 4)
(13, 4)
[0.72716222 1.58747153 0.68536626]
Classification: 1.0 0.95 206
(9, 4)
(18, 4)
(13, 4)
[0.69988929 1.60900231 0.6911084 ]
Classification: 1.0 0.95 207
(9, 4)
(18, 4)
(13, 4)
[0.77094888 1.50084436 0.72820675]
Classification: 1.0 0.95 208
(9, 4)
(18, 4)
(13, 4)
[0.78829913 1.56127063 0.65043024]
Classification: 1.0 0.95 209
(9, 4)
(18, 4)
(13, 4)
[0.8435594  1.46741223 0.68902837]
Classification: 1.0 0.95 210
(9, 4)
(18, 4)
(13, 4)
[0.77560438 1.53254991 0.69184571]
Classification: 1.0 0.95 211
(9, 4)
(18, 4)
(13, 4)
[0.86582014 1.48712716 0.6470527 ]
Classification: 1.0 0.95 212
(9, 4)
(18, 4)
(13, 4)
[0.80079303 1.50674067 0.6924663 ]
Classification: 1.0 0.95 213
(9, 4)
(18, 4)
(13, 4)
[0.75211615 1.49674754 0.75113631]
Classification: 1.0 0.95 214
(9, 4)
(18, 4)
(13, 4)
[0.80609971 1.4737614  0.72013889]
Classification: 1.0 0.95 215
(9, 4)
(18, 4)
(13, 4)
[0.81932202 1.49011598 0.69056201]
Classification: 1.0 0.95 216
(9, 4)
(18, 4)
(13, 4)
[0.75766822 1.55616459 0.68616719]
Classification: 1.0 0.95 217
(9, 4)
(18, 4)
(13, 4)
[0.74096385 1.59911581 0.65992034]
Classification: 1.0 0.95 218
(9, 4)
(18, 4)
(13, 4)
[0.77017953 1.55135029 0.67847018]
Classification: 1.0 0.95 219
(9, 4)
(18, 4)
(13, 4)
[0.85302218 1.56135176 0.58562606]
Classification: 1.0 0.95 220
(9, 4)
(18, 4)
(13, 4)
[0.77466785 1.55531561 0.67001654]
Classification: 1.0 0.95 221
(9, 4)
(18, 4)
(13, 4)
[0.83615646 1.54281466 0.62102888]
Classification: 1.0 0.95 222
(9, 4)
(18, 4)
(13, 4)
[0.72597193 1.61565703 0.65837104]
Classification: 1.0 0.95 223
(9, 4)
(18, 4)
(13, 4)
[0.79824755 1.44423131 0.75752114]
Classification: 1.0 0.95 224
(9, 4)
(18, 4)
(13, 4)
[0.79289258 1.45654967 0.75055775]
Classification: 1.0 0.95 225
(9, 4)
(18, 4)
(13, 4)
[0.81121005 1.44835182 0.74043813]
Classification: 1.0 0.95 226
(9, 4)
(18, 4)
(13, 4)
[0.8748206  1.40628388 0.71889553]
Classification: 1.0 0.95 227
(9, 4)
(18, 4)
(13, 4)
[0.90824032 1.34556198 0.74619769]
Classification: 1.0 0.95 228
(9, 4)
(18, 4)
(13, 4)
[0.82594051 1.47998797 0.69407152]
Classification: 1.0 0.95 229
(9, 4)
(18, 4)
(13, 4)
[0.83091398 1.48947515 0.67961087]
Classification: 1.0 0.95 230
(9, 4)
(18, 4)
(13, 4)
[0.83317895 1.47477918 0.69204187]
Classification: 1.0 0.95 231
(9, 4)
(18, 4)
(13, 4)
[0.83537787 1.44772296 0.71689917]
Classification: 1.0 0.95 232
(9, 4)
(18, 4)
(13, 4)
[0.80463523 1.51394185 0.68142291]
Classification: 1.0 0.95 233
(9, 4)
(18, 4)
(13, 4)
[0.72912762 1.57017132 0.70070105]
Classification: 1.0 0.95 234
(9, 4)
(18, 4)
(13, 4)
[0.8485468  1.46068701 0.6907662 ]
Classification: 1.0 0.95 235
(9, 4)
(18, 4)
(13, 4)
[0.85250242 1.46252399 0.68497358]
Classification: 1.0 0.95 236
(9, 4)
(18, 4)
(13, 4)
[0.88475467 1.39659513 0.7186502 ]
Classification: 1.0 0.95 237
(9, 4)
(18, 4)
(13, 4)
[0.8357085  1.46015967 0.70413183]
Classification: 1.0 0.95 238
(9, 4)
(18, 4)
(13, 4)
[0.84902085 1.47064737 0.68033178]
Classification: 1.0 0.95 239
(9, 4)
(18, 4)
(13, 4)
[0.80332802 1.55058061 0.64609137]
Classification: 1.0 0.95 240
(9, 4)
(18, 4)
(13, 4)
[0.83500026 1.44423044 0.72076931]
Classification: 1.0 0.95 241
(9, 4)
(18, 4)
(13, 4)
[0.78123918 1.49610063 0.72266018]
Classification: 1.0 0.95 242
(9, 4)
(18, 4)
(13, 4)
[0.81385373 1.47072015 0.71542612]
Classification: 1.0 0.95 243
(9, 4)
(18, 4)
(13, 4)
[0.82983711 1.54552757 0.62463532]
Classification: 1.0 0.95 244
(9, 4)
(18, 4)
(13, 4)
[0.83644253 1.56322165 0.60033582]
Classification: 1.0 0.95 245
(9, 4)
(18, 4)
(13, 4)
[0.84429229 1.52332539 0.63238231]
Classification: 1.0 0.95 246
(9, 4)
(18, 4)
(13, 4)
[0.85710224 1.47627302 0.66662474]
Classification: 1.0 0.95 247
(9, 4)
(18, 4)
(13, 4)
[0.8398879  1.43665472 0.72345739]
Classification: 1.0 0.95 248
(9, 4)
(18, 4)
(13, 4)
[0.82342522 1.52185048 0.6547243 ]
Classification: 1.0 0.95 249
(9, 4)
(18, 4)
(13, 4)
[0.768304  1.4891386 0.7425574]
Classification: 1.0 0.95 250
(9, 4)
(18, 4)
(13, 4)
[0.78675547 1.52536954 0.68787499]
Classification: 1.0 0.95 251
(9, 4)
(18, 4)
(13, 4)
[0.85881666 1.47915565 0.66202769]
Classification: 1.0 0.95 252
(9, 4)
(18, 4)
(13, 4)
[0.79528442 1.52569359 0.679022  ]
Classification: 1.0 0.95 253
(9, 4)
(18, 4)
(13, 4)
[0.80618362 1.45912652 0.73468986]
Classification: 1.0 0.95 254
(9, 4)
(18, 4)
(13, 4)
[0.78617684 1.42704857 0.78677459]
Classification: 1.0 0.95 255
(9, 4)
(18, 4)
(13, 4)
[0.78698604 1.50099097 0.71202299]
Classification: 1.0 0.95 256
(9, 4)
(18, 4)
(13, 4)
[0.79174192 1.46000611 0.74825197]
Classification: 1.0 0.95 257
(9, 4)
(18, 4)
(13, 4)
[0.82973373 1.50885226 0.66141401]
Classification: 1.0 0.95 258
(9, 4)
(18, 4)
(13, 4)
[0.79013212 1.52820833 0.68165954]
Classification: 1.0 0.95 259
(9, 4)
(18, 4)
(13, 4)
[0.7249919 1.5793624 0.6956457]
Classification: 1.0 0.95 260
(9, 4)
(18, 4)
(13, 4)
[0.79128477 1.45134455 0.75737067]
Classification: 1.0 0.95 261
(9, 4)
(18, 4)
(13, 4)
[0.84663124 1.49642855 0.65694021]
Classification: 1.0 0.95 262
(9, 4)
(18, 4)
(13, 4)
[0.83775781 1.50333368 0.65890851]
Classification: 1.0 0.95 263
(9, 4)
(18, 4)
(13, 4)
[0.87678433 1.47259315 0.65062252]
Classification: 1.0 0.95 264
(9, 4)
(18, 4)
(13, 4)
[0.80730886 1.48267922 0.71001192]
Classification: 1.0 0.95 265
(9, 4)
(18, 4)
(13, 4)
[0.77140397 1.5087582  0.71983783]
Classification: 1.0 0.95 266
(9, 4)
(18, 4)
(13, 4)
[0.80423903 1.50070366 0.69505731]
Classification: 1.0 0.95 267
(9, 4)
(18, 4)
(13, 4)
[0.79184213 1.46728329 0.74087458]
Classification: 1.0 0.95 268
(9, 4)
(18, 4)
(13, 4)
[0.81886185 1.4507382  0.73039996]
Classification: 1.0 0.95 269
(9, 4)
(18, 4)
(13, 4)
[0.82222179 1.48941158 0.68836664]
Classification: 1.0 0.95 270
(9, 4)
(18, 4)
(13, 4)
[0.82134675 1.53736215 0.6412911 ]
Classification: 1.0 0.95 271
(9, 4)
(18, 4)
(13, 4)
[0.83283566 1.46512436 0.70203998]
Classification: 1.0 0.95 272
(9, 4)
(18, 4)
(13, 4)
[0.77028816 1.49558134 0.7341305 ]
Classification: 1.0 0.95 273
(9, 4)
(18, 4)
(13, 4)
[0.85524457 1.43258297 0.71217246]
Classification: 1.0 0.95 274
(9, 4)
(18, 4)
(13, 4)
[0.83105184 1.45519715 0.71375101]
Classification: 1.0 0.95 275
(9, 4)
(18, 4)
(13, 4)
[0.77962816 1.4707379  0.74963394]
Classification: 1.0 0.95 276
(9, 4)
(18, 4)
(13, 4)
[0.82043712 1.35143372 0.82812916]
Classification: 1.0 0.95 277
(9, 4)
(18, 4)
(13, 4)
[0.83268582 1.42155172 0.74576247]
Classification: 1.0 0.95 278
(9, 4)
(18, 4)
(13, 4)
[0.77114276 1.45706639 0.77179085]
Classification: 1.0 0.95 279
(9, 4)
(18, 4)
(13, 4)
[0.83281776 1.46618529 0.70099694]
Classification: 1.0 0.95 280
(9, 4)
(18, 4)
(13, 4)
[0.79578772 1.55755927 0.646653  ]
Classification: 1.0 0.95 281
(9, 4)
(18, 4)
(13, 4)
[0.83010272 1.48923233 0.68066495]
Classification: 1.0 0.95 282
(9, 4)
(18, 4)
(13, 4)
[0.85452703 1.47527757 0.6701954 ]
Classification: 1.0 0.95 283
(9, 4)
(18, 4)
(13, 4)
[0.8246848  1.49497088 0.68034432]
Classification: 1.0 0.95 284
(9, 4)
(18, 4)
(13, 4)
[0.81531892 1.54304324 0.64163784]
Classification: 1.0 0.95 285
(9, 4)
(18, 4)
(13, 4)
[0.85484073 1.48026814 0.66489112]
Classification: 1.0 0.95 286
(9, 4)
(18, 4)
(13, 4)
[0.82552305 1.5373006  0.63717635]
Classification: 1.0 0.95 287
(9, 4)
(18, 4)
(13, 4)
[0.83959262 1.50396105 0.65644633]
Classification: 1.0 0.95 288
(9, 4)
(18, 4)
(13, 4)
[0.77964312 1.4854603  0.73489658]
Classification: 1.0 0.95 289
(9, 4)
(18, 4)
(13, 4)
[0.73694642 1.57123527 0.69181831]
Classification: 1.0 0.95 290
(9, 4)
(18, 4)
(13, 4)
[0.80959316 1.45597453 0.7344323 ]
Classification: 1.0 0.95 291
(9, 4)
(18, 4)
(13, 4)
[0.76051112 1.4787006  0.76078828]
Classification: 1.0 0.95 292
(9, 4)
(18, 4)
(13, 4)
[0.68129536 1.53964936 0.77905528]
Classification: 1.0 0.95 293
(9, 4)
(18, 4)
(13, 4)
[0.7031595  1.56033279 0.73650772]
Classification: 1.0 0.95 294
(9, 4)
(18, 4)
(13, 4)
[0.710837   1.50883439 0.78032861]
Classification: 1.0 0.95 295
(9, 4)
(18, 4)
(13, 4)
[0.67430758 1.54850774 0.77718468]
Classification: 1.0 0.95 296
(9, 4)
(18, 4)
(13, 4)
[0.6250885  1.56143036 0.81348114]
Classification: 1.0 0.95 297
(9, 4)
(18, 4)
(13, 4)
[0.69062943 1.62414624 0.68522433]
Classification: 1.0 0.95 298
(9, 4)
(18, 4)
(13, 4)
[0.68940563 1.55569581 0.75489855]
Classification: 1.0 0.95 299
(9, 4)
(18, 4)
(13, 4)
[0.64607345 1.57813749 0.77578907]
Classification: 1.0 0.95 300
(9, 4)
(18, 4)
(13, 4)
[0.7184971  1.53585238 0.74565052]
Classification: 1.0 0.95 301
(9, 4)
(18, 4)
(13, 4)
[0.75384728 1.4887933  0.75735941]
Classification: 1.0 0.95 302
(9, 4)
(18, 4)
(13, 4)
[0.77462938 1.47470928 0.75066133]
Classification: 1.0 0.95 303
(9, 4)
(18, 4)
(13, 4)
[0.83289085 1.35565374 0.81145541]
Classification: 1.0 0.95 304
(9, 4)
(18, 4)
(13, 4)
[0.8134252 1.4247604 0.7618144]
Classification: 1.0 0.95 305
(9, 4)
(18, 4)
(13, 4)
[0.69710176 1.53760601 0.76529223]
Classification: 1.0 0.95 306
(9, 4)
(18, 4)
(13, 4)
[0.68305729 1.56526492 0.7516778 ]
Classification: 1.0 0.95 307
(9, 4)
(18, 4)
(13, 4)
[0.71387432 1.47129874 0.81482693]
Classification: 1.0 0.95 308
(9, 4)
(18, 4)
(13, 4)
[0.60640631 1.45196189 0.9416318 ]
Classification: 1.0 0.95 309
(9, 4)
(18, 4)
(13, 4)
[0.71566482 1.43481814 0.84951704]
Classification: 1.0 0.95 310
(9, 4)
(18, 4)
(13, 4)
[0.69987205 1.44612146 0.8540065 ]
Classification: 1.0 0.95 311
(9, 4)
(18, 4)
(13, 4)
[0.71171418 1.50608076 0.78220506]
Classification: 1.0 0.95 312
(9, 4)
(18, 4)
(13, 4)
[0.70581729 1.5270757  0.767107  ]
Classification: 1.0 0.95 313
(9, 4)
(18, 4)
(13, 4)
[0.6923093  1.52125714 0.78643357]
Classification: 1.0 0.95 314
(9, 4)
(18, 4)
(13, 4)
[0.66744483 1.55872294 0.77383223]
Classification: 1.0 0.95 315
(9, 4)
(18, 4)
(13, 4)
[0.67346135 1.61326016 0.71327849]
Classification: 1.0 0.95 316
(9, 4)
(18, 4)
(13, 4)
[0.64931755 1.60193422 0.74874823]
Classification: 1.0 0.95 317
(9, 4)
(18, 4)
(13, 4)
[0.67429741 1.56006448 0.76563811]
Classification: 1.0 0.95 318
(9, 4)
(18, 4)
(13, 4)
[0.73288986 1.50742876 0.75968138]
Classification: 1.0 0.95 319
(9, 4)
(18, 4)
(13, 4)
[0.72235085 1.47728686 0.80036229]
Classification: 1.0 0.95 320
(9, 4)
(18, 4)
(13, 4)
[0.72883158 1.44313675 0.82803167]
Classification: 1.0 0.95 321
(9, 4)
(18, 4)
(13, 4)
[0.73056027 1.50040516 0.76903457]
Classification: 1.0 0.95 322
(9, 4)
(18, 4)
(13, 4)
[0.7140832  1.54999508 0.73592172]
Classification: 1.0 0.95 323
(9, 4)
(18, 4)
(13, 4)
[0.71876022 1.57631672 0.70492306]
Classification: 1.0 0.95 324
(9, 4)
(18, 4)
(13, 4)
[0.69932281 1.60094163 0.69973556]
Classification: 1.0 0.95 325
(9, 4)
(18, 4)
(13, 4)
[0.70357858 1.59837287 0.69804855]
Classification: 1.0 0.95 326
(9, 4)
(18, 4)
(13, 4)
[0.70684726 1.55548156 0.73767118]
Classification: 1.0 0.95 327
(9, 4)
(18, 4)
(13, 4)
[0.77185734 1.56318089 0.66496177]
Classification: 1.0 0.95 328
(9, 4)
(18, 4)
(13, 4)
[0.80251218 1.55114802 0.6463398 ]
Classification: 1.0 0.95 329
(9, 4)
(18, 4)
(13, 4)
[0.71027205 1.61485349 0.67487446]
Classification: 1.0 0.95 330
(9, 4)
(18, 4)
(13, 4)
[0.68699543 1.58442405 0.72858053]
Classification: 1.0 0.95 331
(9, 4)
(18, 4)
(13, 4)
[0.69659934 1.59295574 0.71044493]
Classification: 1.0 0.95 332
(9, 4)
(18, 4)
(13, 4)
[0.72510067 1.4915235  0.78337584]
Classification: 1.0 0.95 333
(9, 4)
(18, 4)
(13, 4)
[0.66435855 1.52627309 0.80936837]
Classification: 1.0 0.95 334
(9, 4)
(18, 4)
(13, 4)
[0.70783821 1.52294288 0.76921891]
Classification: 1.0 0.95 335
(9, 4)
(18, 4)
(13, 4)
[0.69568795 1.54420875 0.76010329]
Classification: 1.0 0.95 336
(9, 4)
(18, 4)
(13, 4)
[0.72038558 1.50129342 0.778321  ]
Classification: 1.0 0.95 337
(9, 4)
(18, 4)
(13, 4)
[0.72769014 1.50906501 0.76324485]
Classification: 1.0 0.95 338
(9, 4)
(18, 4)
(13, 4)
[0.7286908  1.48636574 0.78494346]
Classification: 1.0 0.95 339
(9, 4)
(18, 4)
(13, 4)
[0.67423306 1.52749608 0.79827086]
Classification: 1.0 0.95 340
(9, 4)
(18, 4)
(13, 4)
[0.62728926 1.56349083 0.80921991]
Classification: 1.0 0.95 341
(9, 4)
(18, 4)
(13, 4)
[0.72052474 1.45806822 0.82140704]
Classification: 1.0 0.95 342
(9, 4)
(18, 4)
(13, 4)
[0.73796399 1.48507184 0.77696417]
Classification: 1.0 0.95 343
(9, 4)
(18, 4)
(13, 4)
[0.69811012 1.57173983 0.73015005]
Classification: 1.0 0.95 344
(9, 4)
(18, 4)
(13, 4)
[0.71995894 1.47307849 0.80696257]
Classification: 1.0 0.95 345
(9, 4)
(18, 4)
(13, 4)
[0.71619383 1.56914863 0.71465754]
Classification: 1.0 0.95 346
(9, 4)
(18, 4)
(13, 4)
[0.68966248 1.60283031 0.70750721]
Classification: 1.0 0.95 347
(9, 4)
(18, 4)
(13, 4)
[0.66075835 1.59886921 0.74037244]
Classification: 1.0 0.95 348
(9, 4)
(18, 4)
(13, 4)
[0.65959984 1.5540177  0.78638246]
Classification: 1.0 0.95 349
(9, 4)
(18, 4)
(13, 4)
[0.67101711 1.52448173 0.80450117]
Classification: 1.0 0.95 350
(9, 4)
(18, 4)
(13, 4)
[0.70985184 1.58058691 0.70956125]
Classification: 1.0 0.95 351
(9, 4)
(18, 4)
(13, 4)
[0.67762188 1.58492063 0.73745749]
Classification: 1.0 0.95 352
(9, 4)
(18, 4)
(13, 4)
[0.70846257 1.57555128 0.71598614]
Classification: 1.0 0.95 353
(9, 4)
(18, 4)
(13, 4)
[0.67717265 1.57551649 0.74731086]
Classification: 1.0 0.95 354
(9, 4)
(18, 4)
(13, 4)
[0.73134159 1.59697455 0.67168387]
Classification: 1.0 0.95 355
(9, 4)
(18, 4)
(13, 4)
[0.73555087 1.51087357 0.75357556]
Classification: 1.0 0.95 356
(9, 4)
(18, 4)
(13, 4)
[0.70772662 1.50897928 0.78329409]
Classification: 1.0 0.95 357
(9, 4)
(18, 4)
(13, 4)
[0.66417122 1.60173646 0.73409232]
Classification: 1.0 0.95 358
(9, 4)
(18, 4)
(13, 4)
[0.62054775 1.63525377 0.74419848]
Classification: 1.0 0.95 359
(9, 4)
(18, 4)
(13, 4)
[0.6333188  1.62555834 0.74112286]
Classification: 1.0 0.95 360
(9, 4)
(18, 4)
(13, 4)
[0.67152911 1.57992274 0.74854815]
Classification: 1.0 0.95 361
(9, 4)
(18, 4)
(13, 4)
[0.67690679 1.61803271 0.7050605 ]
Classification: 1.0 0.95 362
(9, 4)
(18, 4)
(13, 4)
[0.73287542 1.6015044  0.66562018]
Classification: 1.0 0.95 363
(9, 4)
(18, 4)
(13, 4)
[0.7139716 1.6056997 0.6803287]
Classification: 1.0 0.95 364
(9, 4)
(18, 4)
(13, 4)
[0.67093336 1.66814711 0.66091953]
Classification: 1.0 0.95 365
(9, 4)
(18, 4)
(13, 4)
[0.70221843 1.59833808 0.69944348]
Classification: 1.0 0.95 366
(9, 4)
(18, 4)
(13, 4)
[0.6926778  1.60275318 0.70456903]
Classification: 1.0 0.95 367
(9, 4)
(18, 4)
(13, 4)
[0.63921716 1.62213771 0.73864512]
Classification: 1.0 0.95 368
(9, 4)
(18, 4)
(13, 4)
[0.74613783 1.59990591 0.65395626]
Classification: 1.0 0.95 369
(9, 4)
(18, 4)
(13, 4)
[0.68716026 1.62383136 0.68900837]
Classification: 1.0 0.95 370
(9, 4)
(18, 4)
(13, 4)
[0.65934387 1.65025364 0.6904025 ]
Classification: 1.0 0.95 371
(9, 4)
(18, 4)
(13, 4)
[0.66224249 1.66279416 0.67496335]
Classification: 1.0 0.95 372
(9, 4)
(18, 4)
(13, 4)
[0.64044435 1.65475184 0.70480382]
Classification: 1.0 0.95 373
(9, 4)
(18, 4)
(13, 4)
[0.6836715  1.64923699 0.66709152]
Classification: 1.0 0.95 374
(9, 4)
(18, 4)
(13, 4)
[0.70732098 1.60439682 0.68828219]
Classification: 1.0 0.95 375
(9, 4)
(18, 4)
(13, 4)
[0.65233391 1.61131307 0.73635303]
Classification: 1.0 0.95 376
(9, 4)
(18, 4)
(13, 4)
[0.71614051 1.58359426 0.70026523]
Classification: 1.0 0.95 377
(9, 4)
(18, 4)
(13, 4)
[0.66883338 1.63478483 0.69638179]
Classification: 1.0 0.95 378
(9, 4)
(18, 4)
(13, 4)
[0.66473318 1.67374768 0.66151914]
Classification: 1.0 0.95 379
(9, 4)
(18, 4)
(13, 4)
[0.68671182 1.58454922 0.72873896]
Classification: 1.0 0.95 380
(9, 4)
(18, 4)
(13, 4)
[0.65088277 1.58892109 0.76019614]
Classification: 1.0 0.95 381
(9, 4)
(18, 4)
(13, 4)
[0.661213   1.58894493 0.74984207]
Classification: 1.0 0.95 382
(9, 4)
(18, 4)
(13, 4)
[0.69140103 1.58355748 0.72504148]
Classification: 1.0 0.95 383
(9, 4)
(18, 4)
(13, 4)
[0.68922282 1.53958932 0.77118786]
Classification: 1.0 0.95 384
(9, 4)
(18, 4)
(13, 4)
[0.68667401 1.59787318 0.71545281]
Classification: 1.0 0.95 385
(9, 4)
(18, 4)
(13, 4)
[0.65674688 1.58055312 0.7627    ]
Classification: 1.0 0.95 386
(9, 4)
(18, 4)
(13, 4)
[0.69348396 1.59061928 0.71589675]
Classification: 1.0 0.95 387
(9, 4)
(18, 4)
(13, 4)
[0.64038487 1.5731855  0.78642964]
Classification: 1.0 0.95 388
(9, 4)
(18, 4)
(13, 4)
[0.64856668 1.63679317 0.71464015]
Classification: 1.0 0.95 389
(9, 4)
(18, 4)
(13, 4)
[0.70040706 1.5793328  0.72026014]
Classification: 1.0 0.95 390
(9, 4)
(18, 4)
(13, 4)
[0.6997172  1.56837675 0.73190605]
Classification: 1.0 0.95 391
(9, 4)
(18, 4)
(13, 4)
[0.76731558 1.56024687 0.67243755]
Classification: 1.0 0.95 392
(9, 4)
(18, 4)
(13, 4)
[0.72462946 1.54295294 0.73241759]
Classification: 1.0 0.95 393
(9, 4)
(18, 4)
(13, 4)
[0.70203421 1.60245208 0.69551372]
Classification: 1.0 0.95 394
(9, 4)
(18, 4)
(13, 4)
[0.65262377 1.65642273 0.69095351]
Classification: 1.0 0.95 395
(9, 4)
(18, 4)
(13, 4)
[0.60880629 1.63196429 0.75922941]
Classification: 1.0 0.95 396
(9, 4)
(18, 4)
(13, 4)
[0.59351518 1.71795131 0.6885335 ]
Classification: 1.0 0.95 397
(9, 4)
(18, 4)
(13, 4)
[0.57924073 1.70064428 0.72011498]
Classification: 1.0 0.95 398
(9, 4)
(18, 4)
(13, 4)
[0.61179755 1.68513245 0.70307001]
Classification: 1.0 0.95 399
(9, 4)
(18, 4)
(13, 4)
[0.63631419 1.62602143 0.73766438]
Classification: 1.0 0.95 400
(9, 4)
(18, 4)
(13, 4)
[0.71133113 1.57529627 0.7133726 ]
Classification: 1.0 0.95 401
(9, 4)
(18, 4)
(13, 4)
[0.72109269 1.6316572  0.64725011]
Classification: 1.0 0.95 402
(9, 4)
(18, 4)
(13, 4)
[0.66814692 1.60149934 0.73035375]
Classification: 1.0 0.95 403
(9, 4)
(18, 4)
(13, 4)
[0.62160427 1.61292734 0.76546839]
Classification: 1.0 0.95 404
(9, 4)
(18, 4)
(13, 4)
[0.64056661 1.65400816 0.70542523]
Classification: 1.0 0.95 405
(9, 4)
(18, 4)
(13, 4)
[0.64453527 1.68203286 0.67343188]
Classification: 1.0 0.95 406
(9, 4)
(18, 4)
(13, 4)
[0.61702762 1.746017   0.63695537]
Classification: 1.0 0.95 407
(9, 4)
(18, 4)
(13, 4)
[0.67088687 1.62979642 0.69931671]
Classification: 1.0 0.95 408
(9, 4)
(18, 4)
(13, 4)
[0.65476182 1.67671688 0.6685213 ]
Classification: 1.0 0.95 409
(9, 4)
(18, 4)
(13, 4)
[0.64315764 1.7367156  0.62012675]
Classification: 1.0 0.95 410
(9, 4)
(18, 4)
(13, 4)
[0.59969793 1.68668143 0.71362064]
Classification: 1.0 0.95 411
(9, 4)
(18, 4)
(13, 4)
[0.60989503 1.69584555 0.69425942]
Classification: 1.0 0.95 412
(9, 4)
(18, 4)
(13, 4)
[0.63844874 1.67025199 0.69129927]
Classification: 1.0 0.95 413
(9, 4)
(18, 4)
(13, 4)
[0.60126543 1.68854081 0.71019375]
Classification: 1.0 0.95 414
(9, 4)
(18, 4)
(13, 4)
[0.58856882 1.63929819 0.77213299]
Classification: 1.0 0.95 415
(9, 4)
(18, 4)
(13, 4)
[0.6077051  1.66818605 0.72410885]
Classification: 1.0 0.95 416
(9, 4)
(18, 4)
(13, 4)
[0.59951221 1.71324227 0.68724552]
Classification: 1.0 0.95 417
(9, 4)
(18, 4)
(13, 4)
[0.63532539 1.70431952 0.66035509]
Classification: 1.0 0.95 418
(9, 4)
(18, 4)
(13, 4)
[0.62958189 1.69269612 0.67772199]
Classification: 1.0 0.95 419
(9, 4)
(18, 4)
(13, 4)
[0.56251196 1.74410379 0.69338425]
Classification: 1.0 0.95 420
(9, 4)
(18, 4)
(13, 4)
[0.56074431 1.70256652 0.73668917]
Classification: 1.0 0.95 421
(9, 4)
(18, 4)
(13, 4)
[0.65834204 1.61561981 0.72603815]
Classification: 1.0 0.95 422
(9, 4)
(18, 4)
(13, 4)
[0.59651087 1.6431805  0.76030863]
Classification: 1.0 0.95 423
(9, 4)
(18, 4)
(13, 4)
[0.62847707 1.65980835 0.71171458]
Classification: 1.0 0.95 424
(9, 4)
(18, 4)
(13, 4)
[0.58441879 1.68503164 0.73054957]
Classification: 1.0 0.95 425
(9, 4)
(18, 4)
(13, 4)
[0.61200029 1.73332683 0.65467288]
Classification: 1.0 0.95 426
(9, 4)
(18, 4)
(13, 4)
[0.59210488 1.73488231 0.67301282]
Classification: 1.0 0.95 427
(9, 4)
(18, 4)
(13, 4)
[0.6389065  1.67042322 0.69067028]
Classification: 1.0 0.95 428
(9, 4)
(18, 4)
(13, 4)
[0.6115946  1.67994407 0.70846134]
Classification: 1.0 0.95 429
(9, 4)
(18, 4)
(13, 4)
[0.56291011 1.70050196 0.73658793]
Classification: 1.0 0.95 430
(9, 4)
(18, 4)
(13, 4)
[0.52882914 1.67893118 0.79223968]
Classification: 1.0 0.95 431
(9, 4)
(18, 4)
(13, 4)
[0.59466261 1.71201262 0.69332477]
Classification: 1.0 0.95 432
(9, 4)
(18, 4)
(13, 4)
[0.5401531  1.73610756 0.72373933]
Classification: 1.0 0.95 433
(9, 4)
(18, 4)
(13, 4)
[0.60797888 1.652973   0.73904812]
Classification: 1.0 0.95 434
(9, 4)
(18, 4)
(13, 4)
[0.61433754 1.62258037 0.76308209]
Classification: 1.0 0.95 435
(9, 4)
(18, 4)
(13, 4)
[0.64969946 1.62592168 0.72437886]
Classification: 1.0 0.95 436
(9, 4)
(18, 4)
(13, 4)
[0.60910491 1.68215439 0.7087407 ]
Classification: 1.0 0.95 437
(9, 4)
(18, 4)
(13, 4)
[0.57400963 1.73754006 0.68845032]
Classification: 1.0 0.95 438
(9, 4)
(18, 4)
(13, 4)
[0.57757121 1.67548504 0.74694375]
Classification: 1.0 0.95 439
(9, 4)
(18, 4)
(13, 4)
[0.54934427 1.66043623 0.79021949]
Classification: 1.0 0.95 440
(9, 4)
(18, 4)
(13, 4)
[0.53586706 1.72980712 0.73432583]
Classification: 1.0 0.95 441
(9, 4)
(18, 4)
(13, 4)
[0.58442289 1.64818873 0.76738839]
Classification: 1.0 0.95 442
(9, 4)
(18, 4)
(13, 4)
[0.55726491 1.6665506  0.77618449]
Classification: 1.0 0.95 443
(9, 4)
(18, 4)
(13, 4)
[0.54545443 1.65110433 0.80344124]
Classification: 1.0 0.95 444
(9, 4)
(18, 4)
(13, 4)
[0.57074035 1.6571226  0.77213705]
Classification: 1.0 0.95 445
(9, 4)
(18, 4)
(13, 4)
[0.61559988 1.64426846 0.74013165]
Classification: 1.0 0.95 446
(9, 4)
(18, 4)
(13, 4)
[0.54570301 1.68996434 0.76433266]
Classification: 1.0 0.95 447
(9, 4)
(18, 4)
(13, 4)
[0.58482207 1.67227295 0.74290498]
Classification: 1.0 0.95 448
(9, 4)
(18, 4)
(13, 4)
[0.5990409  1.69120712 0.70975198]
Classification: 1.0 0.95 449
(9, 4)
(18, 4)
(13, 4)
[0.55977861 1.7578887  0.68233269]
Classification: 1.0 0.95 450
(9, 4)
(18, 4)
(13, 4)
[0.63291652 1.63474153 0.73234196]
Classification: 1.0 0.95 451
(9, 4)
(18, 4)
(13, 4)
[0.60809339 1.66812589 0.72378071]
Classification: 1.0 0.95 452
(9, 4)
(18, 4)
(13, 4)
[0.66362612 1.65390763 0.68246624]
Classification: 1.0 0.95 453
(9, 4)
(18, 4)
(13, 4)
[0.64285548 1.61886915 0.73827537]
Classification: 1.0 0.95 454
(9, 4)
(18, 4)
(13, 4)
/mnt/data/user_liangzhiyu/envs/fedcsl/lib/python3.8/site-packages/scipy/__init__.py:146: UserWarning: A NumPy version >=1.16.5 and <1.23.0 is required for this version of SciPy (detected version 1.23.5
  warnings.warn(f"A NumPy version >={np_minversion} and <{np_maxversion}"
/mnt/data/user_liangzhiyu/envs/fedcsl/lib/python3.8/site-packages/tslearn/bases/bases.py:15: UserWarning: h5py not installed, hdf5 features will not be supported.
Install h5py to use hdf5 features: http://docs.h5py.org/
  warn(h5py_msg)
/mnt/data/user_liangzhiyu/lixiongfei/CSL-main/train.py:392: UserWarning: Creating a tensor from a list of numpy.ndarrays is extremely slow. Please consider converting the list to a single numpy.ndarray with numpy.array() before converting to a tensor. (Triggered internally at /opt/conda/conda-bld/pytorch_1724789259345/work/torch/csrc/utils/tensor_new.cpp:278.)
  X = torch.tensor(X, dtype=torch.float).contiguous()
[0.66897083 1.58250946 0.7485197 ]
Classification: 1.0 0.95 455
(9, 4)
(18, 4)
(13, 4)
[0.69492435 1.61214371 0.69293193]
Classification: 1.0 0.95 456
(9, 4)
(18, 4)
(13, 4)
[0.65388963 1.62973073 0.71637964]
Classification: 1.0 0.95 457
(9, 4)
(18, 4)
(13, 4)
[0.69879636 1.60593217 0.69527147]
Classification: 1.0 0.95 458
(9, 4)
(18, 4)
(13, 4)
[0.74200393 1.63317051 0.62482556]
Classification: 1.0 0.95 459
(9, 4)
(18, 4)
(13, 4)
[0.67149041 1.62416809 0.7043415 ]
Classification: 1.0 0.95 460
(9, 4)
(18, 4)
(13, 4)
[0.67076537 1.66731598 0.66191866]
Classification: 1.0 0.95 461
(9, 4)
(18, 4)
(13, 4)
[0.68408814 1.65963353 0.65627833]
Classification: 1.0 0.95 462
(9, 4)
(18, 4)
(13, 4)
[0.69200378 1.65008512 0.6579111 ]
Classification: 1.0 0.95 463
(9, 4)
(18, 4)
(13, 4)
[0.723226   1.64270298 0.63407102]
Classification: 1.0 0.95 464
(9, 4)
(18, 4)
(13, 4)
[0.71481442 1.65397431 0.63121127]
Classification: 1.0 0.95 465
(9, 4)
(18, 4)
(13, 4)
[0.71269384 1.65072244 0.63658372]
Classification: 1.0 0.95 466
(9, 4)
(18, 4)
(13, 4)
[0.68895005 1.64698166 0.6640683 ]
Classification: 1.0 0.95 467
(9, 4)
(18, 4)
(13, 4)
[0.7087756  1.59867617 0.69254824]
Classification: 1.0 0.95 468
(9, 4)
(18, 4)
(13, 4)
[0.75429315 1.56650965 0.6791972 ]
Classification: 1.0 0.95 469
(9, 4)
(18, 4)
(13, 4)
[0.7825796  1.51569885 0.70172154]
Classification: 1.0 0.95 470
(9, 4)
(18, 4)
(13, 4)
[0.75729787 1.58323405 0.65946808]
Classification: 1.0 0.95 471
(9, 4)
(18, 4)
(13, 4)
[0.67528845 1.62248286 0.70222869]
Classification: 1.0 0.95 472
(9, 4)
(18, 4)
(13, 4)
[0.64644437 1.6804589  0.67309672]
Classification: 1.0 0.95 473
(9, 4)
(18, 4)
(13, 4)
[0.74362197 1.5544755  0.70190253]
Classification: 1.0 0.95 474
(9, 4)
(18, 4)
(13, 4)
[0.75457435 1.59306077 0.65236488]
Classification: 1.0 0.95 475
(9, 4)
(18, 4)
(13, 4)
[0.78793075 1.51695633 0.69511291]
Classification: 1.0 0.95 476
(9, 4)
(18, 4)
(13, 4)
[0.76281955 1.54336475 0.6938157 ]
Classification: 1.0 0.95 477
(9, 4)
(18, 4)
(13, 4)
[0.73787776 1.5209961  0.74112614]
Classification: 1.0 0.95 478
(9, 4)
(18, 4)
(13, 4)
[0.73520334 1.55940235 0.70539431]
Classification: 1.0 0.95 479
(9, 4)
(18, 4)
(13, 4)
[0.65738247 1.63559989 0.70701764]
Classification: 1.0 0.95 480
(9, 4)
(18, 4)
(13, 4)
[0.68975905 1.54552915 0.7647118 ]
Classification: 1.0 0.95 481
(9, 4)
(18, 4)
(13, 4)
[0.6530347  1.60494809 0.74201721]
Classification: 1.0 0.95 482
(9, 4)
(18, 4)
(13, 4)
[0.65274671 1.68360155 0.66365174]
Classification: 1.0 0.95 483
(9, 4)
(18, 4)
(13, 4)
[0.66694043 1.57601216 0.75704741]
Classification: 1.0 0.95 484
(9, 4)
(18, 4)
(13, 4)
[0.646147   1.57866043 0.77519257]
Classification: 1.0 0.95 485
(9, 4)
(18, 4)
(13, 4)
[0.64503784 1.61885967 0.73610248]
Classification: 1.0 0.95 486
(9, 4)
(18, 4)
(13, 4)
[0.64703883 1.63449364 0.71846753]
Classification: 1.0 0.95 487
(9, 4)
(18, 4)
(13, 4)
[0.67786811 1.59567719 0.7264547 ]
Classification: 1.0 0.95 488
(9, 4)
(18, 4)
(13, 4)
[0.6988469  1.54909545 0.75205765]
Classification: 1.0 0.95 489
(9, 4)
(18, 4)
(13, 4)
[0.71480361 1.57282165 0.71237474]
Classification: 1.0 0.95 490
(9, 4)
(18, 4)
(13, 4)
[0.7220594  1.58340605 0.69453455]
Classification: 1.0 0.95 491
(9, 4)
(18, 4)
(13, 4)
[0.66806809 1.63862218 0.69330972]
Classification: 1.0 0.95 492
(9, 4)
(18, 4)
(13, 4)
[0.641853   1.62169297 0.73645404]
Classification: 1.0 0.95 493
(9, 4)
(18, 4)
(13, 4)
[0.66927702 1.57956122 0.75116175]
Classification: 1.0 0.95 494
(9, 4)
(18, 4)
(13, 4)
[0.63432665 1.56607433 0.79959903]
Classification: 1.0 0.95 495
(9, 4)
(18, 4)
(13, 4)
[0.63965142 1.64001328 0.7203353 ]
Classification: 1.0 0.95 496
(9, 4)
(18, 4)
(13, 4)
[0.64302778 1.62311017 0.73386205]
Classification: 1.0 0.95 497
(9, 4)
(18, 4)
(13, 4)
[0.61836374 1.61727694 0.76435932]
Classification: 1.0 0.95 498
(9, 4)
(18, 4)
(13, 4)
[0.63124893 1.62204206 0.74670901]
Classification: 1.0 0.95 499
Traceback (most recent call last):
  File "FedCSL_All.py", line 318, in <module>
    train(dataset=args.dataset)
  File "FedCSL_All.py", line 310, in train
    torch.save(server.model.state_dict(), f'./checkpoint/{dataset}/{formatted_date}_{dataset}_model.pt')
  File "/mnt/data/user_liangzhiyu/envs/fedcsl/lib/python3.8/site-packages/torch/serialization.py", line 651, in save
    with _open_zipfile_writer(f) as opened_zipfile:
  File "/mnt/data/user_liangzhiyu/envs/fedcsl/lib/python3.8/site-packages/torch/serialization.py", line 525, in _open_zipfile_writer
    return container(name_or_buffer)
  File "/mnt/data/user_liangzhiyu/envs/fedcsl/lib/python3.8/site-packages/torch/serialization.py", line 496, in __init__
    super().__init__(torch._C.PyTorchFileWriter(self.name))
RuntimeError: Parent directory ./checkpoint/BasicMotions does not exist.
Running experiment with dataset: BasicMotions, config: ./result/ablation_study/config_BasicMotions.yml
[0.09514033 0.10277917 0.11127909 0.12035814 0.12964186 0.13872091
 0.14722083 0.15485967]
40
<class 'pandas.core.frame.DataFrame'>
RangeIndex: 40 entries, 0 to 39
Data columns (total 7 columns):
 #   Column      Non-Null Count  Dtype 
---  ------      --------------  ----- 
 0   dim_0       40 non-null     object
 1   dim_1       40 non-null     object
 2   dim_2       40 non-null     object
 3   dim_3       40 non-null     object
 4   dim_4       40 non-null     object
 5   dim_5       40 non-null     object
 6   class_vals  40 non-null     object
dtypes: object(7)
memory usage: 2.3+ KB
None
{100}
<class 'pandas.core.frame.DataFrame'>
RangeIndex: 40 entries, 0 to 39
Data columns (total 7 columns):
 #   Column      Non-Null Count  Dtype 
---  ------      --------------  ----- 
 0   dim_0       40 non-null     object
 1   dim_1       40 non-null     object
 2   dim_2       40 non-null     object
 3   dim_3       40 non-null     object
 4   dim_4       40 non-null     object
 5   dim_5       40 non-null     object
 6   class_vals  40 non-null     object
dtypes: object(7)
memory usage: 2.3+ KB
None
[0 0 0 0 0 0 0 0 0 0 1 1 1 1 1 1 1 1 1 1 2 2 2 2 2 2 2 2 2 2 3 3 3 3 3 3 3
 3 3 3]
[ 0 10 20 21 22 23 24 30 31 32]
[0, 1, 2, 2, 2, 2, 2, 3, 3, 3]
[0, 0, 0, 0, 0, 0, 0, 1, 2, 2, 2, 2, 3, 3]
[0, 0, 1, 1, 1, 1, 1, 1, 1, 1, 2, 3, 3, 3, 3, 3]
shapelet initialized! 

All 3 clinet initialized! 

(10, 4)
(14, 4)
(16, 4)
[1.18518019 0.92801852 0.88680129]
Classification: 1.0 0.925 0
(10, 4)
(14, 4)
(16, 4)
[1.18457493 0.92743013 0.88799494]
Classification: 1.0 0.925 1
(10, 4)
(14, 4)
(16, 4)
[1.19496233 0.90537348 0.89966418]
Classification: 1.0 0.925 2
(10, 4)
(14, 4)
(16, 4)
[1.22220306 0.89661012 0.88118683]
Classification: 1.0 0.95 3
(10, 4)
(14, 4)
(16, 4)
[1.21396285 0.88431324 0.90172391]
Classification: 1.0 0.95 4
(10, 4)
(14, 4)
(16, 4)
[1.20654221 0.86444812 0.92900967]
Classification: 1.0 0.95 5
(10, 4)
(14, 4)
(16, 4)
[1.17899021 0.85109675 0.96991303]
Classification: 1.0 0.95 6
(10, 4)
(14, 4)
(16, 4)
[1.20881745 0.85258267 0.93859989]
Classification: 1.0 0.95 7
(10, 4)
(14, 4)
(16, 4)
[1.21353872 0.84261273 0.94384855]
Classification: 1.0 0.95 8
(10, 4)
(14, 4)
(16, 4)
[1.20540872 0.84581962 0.94877166]
Classification: 1.0 0.95 9
(10, 4)
(14, 4)
(16, 4)
[1.19224254 0.80064643 1.00711104]
Classification: 1.0 0.95 10
(10, 4)
(14, 4)
(16, 4)
[1.27771381 0.81213759 0.9101486 ]
Classification: 1.0 0.95 11
(10, 4)
(14, 4)
(16, 4)
[1.25917726 0.84889432 0.89192842]
Classification: 1.0 0.95 12
(10, 4)
(14, 4)
(16, 4)
[1.19309419 0.91217337 0.89473244]
Classification: 1.0 0.95 13
(10, 4)
(14, 4)
(16, 4)
[1.2361762  0.84243628 0.92138753]
Classification: 1.0 0.95 14
(10, 4)
(14, 4)
(16, 4)
[1.22367271 0.8860116  0.89031569]
Classification: 1.0 0.95 15
(10, 4)
(14, 4)
(16, 4)
[1.14481264 0.93477387 0.92041349]
Classification: 1.0 0.95 16
(10, 4)
(14, 4)
(16, 4)
[1.2401328  0.88214523 0.87772198]
Classification: 1.0 0.95 17
(10, 4)
(14, 4)
(16, 4)
[1.20005818 0.89879969 0.90114213]
Classification: 1.0 0.95 18
(10, 4)
(14, 4)
(16, 4)
[1.21125742 0.88493505 0.90380753]
Classification: 1.0 0.95 19
(10, 4)
(14, 4)
(16, 4)
[1.1489218  0.98094782 0.87013038]
Classification: 1.0 0.95 20
(10, 4)
(14, 4)
(16, 4)
[1.25645123 0.85407937 0.88946941]
Classification: 1.0 0.95 21
(10, 4)
(14, 4)
(16, 4)
[1.24817024 0.85296663 0.89886314]
Classification: 1.0 0.95 22
(10, 4)
(14, 4)
(16, 4)
[1.17467369 0.90081362 0.92451269]
Classification: 1.0 0.95 23
(10, 4)
(14, 4)
(16, 4)
[1.20375454 0.90412968 0.89211578]
Classification: 1.0 0.95 24
(10, 4)
(14, 4)
(16, 4)
[1.16579614 0.9085969  0.92560696]
Classification: 1.0 0.95 25
(10, 4)
(14, 4)
(16, 4)
[1.12303063 0.92753657 0.9494328 ]
Classification: 1.0 0.95 26
(10, 4)
(14, 4)
(16, 4)
[1.15410261 0.95497747 0.89091991]
Classification: 1.0 0.95 27
(10, 4)
(14, 4)
(16, 4)
[1.1717021  0.89656141 0.93173649]
Classification: 1.0 0.95 28
(10, 4)
(14, 4)
(16, 4)
[1.15293979 0.99815451 0.8489057 ]
Classification: 1.0 0.95 29
(10, 4)
(14, 4)
(16, 4)
[1.20724979 0.97709152 0.81565869]
Classification: 1.0 0.95 30
(10, 4)
(14, 4)
(16, 4)
[1.2027178  0.90649662 0.89078558]
Classification: 1.0 0.95 31
(10, 4)
(14, 4)
(16, 4)
[1.24142705 0.92375983 0.83481312]
Classification: 1.0 0.95 32
(10, 4)
(14, 4)
(16, 4)
[1.27197185 0.89647319 0.83155496]
Classification: 1.0 0.95 33
(10, 4)
(14, 4)
(16, 4)
[1.27901186 0.87909158 0.84189656]
Classification: 1.0 0.95 34
(10, 4)
(14, 4)
(16, 4)
[1.20417805 0.95388528 0.84193667]
Classification: 1.0 0.95 35
(10, 4)
(14, 4)
(16, 4)
[1.1886757  0.90217668 0.90914762]
Classification: 1.0 0.95 36
(10, 4)
(14, 4)
(16, 4)
[1.21046716 0.89090691 0.89862593]
Classification: 1.0 0.95 37
(10, 4)
(14, 4)
(16, 4)
[1.21828626 0.9280076  0.85370614]
Classification: 1.0 0.95 38
(10, 4)
(14, 4)
(16, 4)
[1.2614224  0.85014744 0.88843016]
Classification: 1.0 0.95 39
(10, 4)
(14, 4)
(16, 4)
[1.24440926 0.85861664 0.8969741 ]
Classification: 1.0 0.95 40
(10, 4)
(14, 4)
(16, 4)
[1.1987747  0.90280793 0.89841737]
Classification: 1.0 0.95 41
(10, 4)
(14, 4)
(16, 4)
[1.21682403 0.90459675 0.87857922]
Classification: 1.0 0.95 42
(10, 4)
(14, 4)
(16, 4)
[1.17016055 0.93338947 0.89644998]
Classification: 1.0 0.95 43
(10, 4)
(14, 4)
(16, 4)
[1.12838454 0.94977529 0.92184017]
Classification: 1.0 0.95 44
(10, 4)
(14, 4)
(16, 4)
[1.09297303 1.00487195 0.90215503]
Classification: 1.0 0.95 45
(10, 4)
(14, 4)
(16, 4)
[1.18636121 0.9515932  0.86204559]
Classification: 1.0 0.95 46
(10, 4)
(14, 4)
(16, 4)
[1.05056699 1.03767644 0.91175657]
Classification: 1.0 0.95 47
(10, 4)
(14, 4)
(16, 4)
[1.07743373 1.12413805 0.79842823]
Classification: 1.0 0.95 48
(10, 4)
(14, 4)
(16, 4)
[1.04749442 1.08587157 0.86663401]
Classification: 1.0 0.95 49
(10, 4)
(14, 4)
(16, 4)
[1.07954721 1.01352657 0.90692622]
Classification: 1.0 0.95 50
(10, 4)
(14, 4)
(16, 4)
[1.10928733 0.96764547 0.9230672 ]
Classification: 1.0 0.95 51
(10, 4)
(14, 4)
(16, 4)
[1.20189932 0.93239059 0.86571009]
Classification: 1.0 0.95 52
(10, 4)
(14, 4)
(16, 4)
[1.12140447 1.01765912 0.86093641]
Classification: 1.0 0.95 53
(10, 4)
(14, 4)
(16, 4)
[1.17459428 0.92589619 0.89950952]
Classification: 1.0 0.95 54
(10, 4)
(14, 4)
(16, 4)
[1.21856755 0.89620925 0.8852232 ]
Classification: 1.0 0.95 55
(10, 4)
(14, 4)
(16, 4)
[1.17853072 0.89185736 0.92961192]
Classification: 1.0 0.95 56
(10, 4)
(14, 4)
(16, 4)
[1.1459114 0.9360387 0.9180499]
Classification: 1.0 0.95 57
(10, 4)
(14, 4)
(16, 4)
[1.12308815 0.92226549 0.95464637]
Classification: 1.0 0.95 58
(10, 4)
(14, 4)
(16, 4)
[1.09949539 0.9748679  0.92563671]
Classification: 1.0 0.95 59
(10, 4)
(14, 4)
(16, 4)
[1.11238552 0.96933272 0.91828176]
Classification: 1.0 0.95 60
(10, 4)
(14, 4)
(16, 4)
[1.21302475 0.85299522 0.93398003]
Classification: 1.0 0.95 61
(10, 4)
(14, 4)
(16, 4)
[1.20505998 0.95348253 0.84145749]
Classification: 1.0 0.95 62
(10, 4)
(14, 4)
(16, 4)
[1.14722912 0.98462576 0.86814513]
Classification: 1.0 0.95 63
(10, 4)
(14, 4)
(16, 4)
[1.1292238  0.9093404  0.96143581]
Classification: 1.0 0.95 64
(10, 4)
(14, 4)
(16, 4)
[1.14666447 0.89934517 0.95399036]
Classification: 1.0 0.95 65
(10, 4)
(14, 4)
(16, 4)
[1.07976473 0.96802659 0.95220868]
Classification: 1.0 0.95 66
(10, 4)
(14, 4)
(16, 4)
[1.09615572 0.99269128 0.911153  ]
Classification: 1.0 0.95 67
(10, 4)
(14, 4)
(16, 4)
[1.08458218 0.88548019 1.02993763]
Classification: 1.0 0.95 68
(10, 4)
(14, 4)
(16, 4)
[1.16881648 0.87485177 0.95633176]
Classification: 1.0 0.95 69
(10, 4)
(14, 4)
(16, 4)
[1.12418665 0.95421373 0.92159962]
Classification: 1.0 0.95 70
(10, 4)
(14, 4)
(16, 4)
[1.12618    0.91059558 0.96322442]
Classification: 1.0 0.95 71
(10, 4)
(14, 4)
(16, 4)
[1.07774708 0.9555116  0.96674133]
Classification: 1.0 0.95 72
(10, 4)
(14, 4)
(16, 4)
[1.11704514 0.94559641 0.93735846]
Classification: 1.0 0.95 73
(10, 4)
(14, 4)
(16, 4)
[1.11519752 0.98697494 0.89782754]
Classification: 1.0 0.95 74
(10, 4)
(14, 4)
(16, 4)
[1.07483295 0.94453086 0.98063619]
Classification: 1.0 0.95 75
(10, 4)
(14, 4)
(16, 4)
[1.12167021 0.91015207 0.96817771]
Classification: 1.0 0.95 76
(10, 4)
(14, 4)
(16, 4)
[1.11408675 0.9634204  0.92249286]
Classification: 1.0 0.95 77
(10, 4)
(14, 4)
(16, 4)
[1.08406549 0.96485259 0.95108192]
Classification: 1.0 0.95 78
(10, 4)
(14, 4)
(16, 4)
[1.12507704 0.99731294 0.87761002]
Classification: 1.0 0.95 79
(10, 4)
(14, 4)
(16, 4)
[1.06967016 1.0393611  0.89096874]
Classification: 1.0 0.95 80
(10, 4)
(14, 4)
(16, 4)
[0.99879188 1.09490368 0.90630444]
Classification: 1.0 0.95 81
(10, 4)
(14, 4)
(16, 4)
[0.95249694 1.09740248 0.95010058]
Classification: 1.0 0.95 82
(10, 4)
(14, 4)
(16, 4)
[0.94815193 1.02551548 1.02633259]
Classification: 1.0 0.95 83
(10, 4)
(14, 4)
(16, 4)
[1.05161983 0.99814309 0.95023708]
Classification: 1.0 0.95 84
(10, 4)
(14, 4)
(16, 4)
[1.02067942 0.9645128  1.01480778]
Classification: 1.0 0.95 85
(10, 4)
(14, 4)
(16, 4)
[1.0530638  0.93778245 1.00915374]
Classification: 1.0 0.95 86
(10, 4)
(14, 4)
(16, 4)
[1.03758976 0.92056945 1.04184079]
Classification: 1.0 0.95 87
(10, 4)
(14, 4)
(16, 4)
[1.00904859 0.88288482 1.10806659]
Classification: 1.0 0.95 88
(10, 4)
(14, 4)
(16, 4)
[1.06393771 0.96346266 0.97259963]
Classification: 1.0 0.95 89
(10, 4)
(14, 4)
(16, 4)
[1.03154311 1.00235021 0.96610667]
Classification: 1.0 0.95 90
(10, 4)
(14, 4)
(16, 4)
[1.04005418 0.93810084 1.02184498]
Classification: 1.0 0.95 91
(10, 4)
(14, 4)
(16, 4)
[1.08537147 0.9453672  0.96926133]
Classification: 1.0 0.95 92
(10, 4)
(14, 4)
(16, 4)
[0.98340594 1.01165244 1.00494162]
Classification: 1.0 0.95 93
(10, 4)
(14, 4)
(16, 4)
[0.9362953  0.99103468 1.07267001]
Classification: 1.0 0.95 94
(10, 4)
(14, 4)
(16, 4)
[0.93781055 0.8705033  1.19168615]
Classification: 1.0 0.95 95
(10, 4)
(14, 4)
(16, 4)
[1.05148899 0.87601812 1.07249289]
Classification: 1.0 0.95 96
(10, 4)
(14, 4)
(16, 4)
[0.96075273 0.93109165 1.10815562]
Classification: 1.0 0.95 97
(10, 4)
(14, 4)
(16, 4)
[0.94952288 0.96033476 1.09014235]
Classification: 1.0 0.95 98
(10, 4)
(14, 4)
(16, 4)
[0.9983432  0.91582179 1.08583501]
Classification: 1.0 0.95 99
(10, 4)
(14, 4)
(16, 4)
[0.99704787 0.99341221 1.00953991]
Classification: 1.0 0.95 100
(10, 4)
(14, 4)
(16, 4)
[1.01820166 0.97914871 1.00264963]
Classification: 1.0 0.95 101
(10, 4)
(14, 4)
(16, 4)
[0.96976224 0.98892006 1.0413177 ]
Classification: 1.0 0.95 102
(10, 4)
(14, 4)
(16, 4)
[1.06787995 0.96086498 0.97125507]
Classification: 1.0 0.95 103
(10, 4)
(14, 4)
(16, 4)
[0.98548561 0.94750227 1.06701212]
Classification: 1.0 0.95 104
(10, 4)
(14, 4)
(16, 4)
[0.92229589 1.05958722 1.01811689]
Classification: 1.0 0.95 105
(10, 4)
(14, 4)
(16, 4)
[0.94159417 0.95229982 1.10610602]
Classification: 1.0 0.95 106
(10, 4)
(14, 4)
(16, 4)
[0.9850301  0.98233497 1.03263493]
Classification: 1.0 0.95 107
(10, 4)
(14, 4)
(16, 4)
[1.01595397 0.89515411 1.08889193]
Classification: 1.0 0.95 108
(10, 4)
(14, 4)
(16, 4)
[0.99325938 1.02565072 0.9810899 ]
Classification: 1.0 0.95 109
(10, 4)
(14, 4)
(16, 4)
[1.00056289 1.00259074 0.99684637]
Classification: 1.0 0.95 110
(10, 4)
(14, 4)
(16, 4)
[0.9648069  1.0567704  0.97842269]
Classification: 1.0 0.95 111
(10, 4)
(14, 4)
(16, 4)
[0.98252039 0.9961571  1.02132251]
Classification: 1.0 0.95 112
(10, 4)
(14, 4)
(16, 4)
[1.03448481 0.97442673 0.99108846]
Classification: 1.0 0.95 113
(10, 4)
(14, 4)
(16, 4)
[1.03969785 1.01904081 0.94126134]
Classification: 1.0 0.95 114
(10, 4)
(14, 4)
(16, 4)
[1.03132803 0.99195677 0.9767152 ]
Classification: 1.0 0.95 115
(10, 4)
(14, 4)
(16, 4)
[0.97231036 1.00266823 1.02502141]
Classification: 1.0 0.95 116
(10, 4)
(14, 4)
(16, 4)
[0.98125622 0.93518219 1.08356159]
Classification: 1.0 0.95 117
(10, 4)
(14, 4)
(16, 4)
[1.05324828 0.92038082 1.0263709 ]
Classification: 1.0 0.95 118
(10, 4)
(14, 4)
(16, 4)
[1.00590638 1.00676496 0.98732866]
Classification: 1.0 0.95 119
(10, 4)
(14, 4)
(16, 4)
[1.0434394  0.98250388 0.97405672]
Classification: 1.0 0.95 120
(10, 4)
(14, 4)
(16, 4)
[1.01040406 0.91854258 1.07105335]
Classification: 1.0 0.95 121
(10, 4)
(14, 4)
(16, 4)
[0.9997976  1.02167525 0.97852715]
Classification: 1.0 0.95 122
(10, 4)
(14, 4)
(16, 4)
[0.97837439 1.00042063 1.02120499]
Classification: 1.0 0.95 123
(10, 4)
(14, 4)
(16, 4)
[0.98959397 0.99766587 1.01274016]
Classification: 1.0 0.95 124
(10, 4)
(14, 4)
(16, 4)
[1.00519729 1.01672682 0.97807589]
Classification: 1.0 0.95 125
(10, 4)
(14, 4)
(16, 4)
[0.97170779 0.99889393 1.02939828]
Classification: 1.0 0.95 126
(10, 4)
(14, 4)
(16, 4)
[0.94463101 1.01121166 1.04415733]
Classification: 1.0 0.95 127
(10, 4)
(14, 4)
(16, 4)
[0.86885157 1.01574261 1.11540581]
Classification: 1.0 0.95 128
(10, 4)
(14, 4)
(16, 4)
[0.87942281 1.08673173 1.03384546]
Classification: 1.0 0.95 129
(10, 4)
(14, 4)
(16, 4)
[0.94179236 1.11205006 0.94615758]
Classification: 1.0 0.95 130
(10, 4)
(14, 4)
(16, 4)
[0.99295416 1.03405424 0.9729916 ]
Classification: 1.0 0.95 131
(10, 4)
(14, 4)
(16, 4)
[0.95190654 1.08883913 0.95925433]
Classification: 1.0 0.95 132
(10, 4)
(14, 4)
(16, 4)
[0.84134131 1.0489939  1.10966479]
Classification: 1.0 0.95 133
(10, 4)
(14, 4)
(16, 4)
[0.87153571 1.04946383 1.07900047]
Classification: 1.0 0.95 134
(10, 4)
(14, 4)
(16, 4)
[0.85210975 1.00162197 1.14626828]
Classification: 1.0 0.95 135
(10, 4)
(14, 4)
(16, 4)
[0.87710705 1.06002666 1.0628663 ]
Classification: 1.0 0.95 136
(10, 4)
(14, 4)
(16, 4)
[0.84497637 1.04829348 1.10673014]
Classification: 1.0 0.95 137
(10, 4)
(14, 4)
(16, 4)
[0.90221005 1.05964582 1.03814413]
Classification: 1.0 0.95 138
(10, 4)
(14, 4)
(16, 4)
[0.90607343 1.02866136 1.0652652 ]
Classification: 1.0 0.95 139
(10, 4)
(14, 4)
(16, 4)
[0.93188329 0.95208374 1.11603297]
Classification: 1.0 0.95 140
(10, 4)
(14, 4)
(16, 4)
[0.92595035 0.94877226 1.12527739]
Classification: 1.0 0.95 141
(10, 4)
(14, 4)
(16, 4)
[0.9705284  0.92411882 1.10535277]
Classification: 1.0 0.95 142
(10, 4)
(14, 4)
(16, 4)
[0.95633423 1.11213803 0.93152775]
Classification: 1.0 0.95 143
(10, 4)
(14, 4)
(16, 4)
[0.94623117 1.08626867 0.96750016]
Classification: 1.0 0.95 144
(10, 4)
(14, 4)
(16, 4)
[0.95528156 1.03736449 1.00735395]
Classification: 1.0 0.95 145
(10, 4)
(14, 4)
(16, 4)
[0.87819444 1.00329833 1.11850723]
Classification: 1.0 0.95 146
(10, 4)
(14, 4)
(16, 4)
[0.83149768 0.98407645 1.18442587]
Classification: 1.0 0.95 147
(10, 4)
(14, 4)
(16, 4)
[0.81769446 1.03391063 1.14839491]
Classification: 1.0 0.95 148
(10, 4)
(14, 4)
(16, 4)
[0.81228951 1.00744744 1.18026305]
Classification: 1.0 0.95 149
(10, 4)
(14, 4)
(16, 4)
[0.82146192 1.0654385  1.11309958]
Classification: 1.0 0.95 150
(10, 4)
(14, 4)
(16, 4)
[0.86626061 1.08255322 1.05118617]
Classification: 1.0 0.95 151
(10, 4)
(14, 4)
(16, 4)
[0.91293691 0.9752078  1.11185529]
Classification: 1.0 0.95 152
(10, 4)
(14, 4)
(16, 4)
[0.91540062 0.98117978 1.1034196 ]
Classification: 1.0 0.95 153
(10, 4)
(14, 4)
(16, 4)
[0.91953148 0.96596022 1.1145083 ]
Classification: 1.0 0.95 154
(10, 4)
(14, 4)
(16, 4)
[0.96682418 0.96648269 1.06669313]
Classification: 1.0 0.95 155
(10, 4)
(14, 4)
(16, 4)
[0.94886493 0.94899118 1.10214389]
Classification: 1.0 0.95 156
(10, 4)
(14, 4)
(16, 4)
[0.9220714  0.95595422 1.12197437]
Classification: 1.0 0.95 157
(10, 4)
(14, 4)
(16, 4)
[0.96080637 0.94985264 1.08934099]
Classification: 1.0 0.95 158
(10, 4)
(14, 4)
(16, 4)
[0.89655687 1.04193926 1.06150387]
Classification: 1.0 0.95 159
(10, 4)
(14, 4)
(16, 4)
[0.95792923 1.08261626 0.95945451]
Classification: 1.0 0.95 160
(10, 4)
(14, 4)
(16, 4)
[0.98307161 1.02458001 0.99234838]
Classification: 1.0 0.95 161
(10, 4)
(14, 4)
(16, 4)
[0.95435844 0.9894417  1.05619986]
Classification: 1.0 0.95 162
(10, 4)
(14, 4)
(16, 4)
[0.9500898  0.97439917 1.07551103]
Classification: 1.0 0.95 163
(10, 4)
(14, 4)
(16, 4)
[0.92306042 0.94138969 1.13554989]
Classification: 1.0 0.95 164
(10, 4)
(14, 4)
(16, 4)
[0.95806654 1.00733422 1.03459924]
Classification: 1.0 0.95 165
(10, 4)
(14, 4)
(16, 4)
[0.88452256 0.94956441 1.16591303]
Classification: 1.0 0.95 166
(10, 4)
(14, 4)
(16, 4)
[0.9426651  0.97822352 1.07911138]
Classification: 1.0 0.95 167
(10, 4)
(14, 4)
(16, 4)
[1.04577535 0.99972181 0.95450284]
Classification: 1.0 0.95 168
(10, 4)
(14, 4)
(16, 4)
[1.02612198 0.96966398 1.00421404]
Classification: 1.0 0.95 169
(10, 4)
(14, 4)
(16, 4)
[0.96324387 1.00004784 1.03670829]
Classification: 1.0 0.95 170
(10, 4)
(14, 4)
(16, 4)
[0.95342516 0.9435077  1.10306714]
Classification: 1.0 0.95 171
(10, 4)
(14, 4)
(16, 4)
[0.9668806  0.94725909 1.08586032]
Classification: 1.0 0.95 172
(10, 4)
(14, 4)
(16, 4)
[0.92260889 0.98969824 1.08769287]
Classification: 1.0 0.95 173
(10, 4)
(14, 4)
(16, 4)
[0.90627809 0.97474763 1.11897428]
Classification: 1.0 0.95 174
(10, 4)
(14, 4)
(16, 4)
[0.86937806 1.01937093 1.11125101]
Classification: 1.0 0.95 175
(10, 4)
(14, 4)
(16, 4)
[0.83528105 1.11362352 1.05109543]
Classification: 1.0 0.95 176
(10, 4)
(14, 4)
(16, 4)
[0.88879617 1.04636067 1.06484316]
Classification: 1.0 0.95 177
(10, 4)
(14, 4)
(16, 4)
[0.88629995 1.07328789 1.04041216]
Classification: 1.0 0.95 178
(10, 4)
(14, 4)
(16, 4)
[0.86168769 1.06704777 1.07126454]
Classification: 1.0 0.95 179
(10, 4)
(14, 4)
(16, 4)
[0.839082   1.10131075 1.05960726]
Classification: 1.0 0.95 180
(10, 4)
(14, 4)
(16, 4)
[0.80786161 1.1930268  0.99911159]
Classification: 1.0 0.95 181
(10, 4)
(14, 4)
(16, 4)
[0.82537062 1.10355456 1.07107482]
Classification: 1.0 0.95 182
(10, 4)
(14, 4)
(16, 4)
[0.83586509 1.09060128 1.07353362]
Classification: 1.0 0.95 183
(10, 4)
(14, 4)
(16, 4)
[0.90868782 1.03300754 1.05830464]
Classification: 1.0 0.95 184
(10, 4)
(14, 4)
(16, 4)
[0.90836224 0.98042586 1.1112119 ]
Classification: 1.0 0.95 185
(10, 4)
(14, 4)
(16, 4)
[0.92496489 1.02219679 1.05283831]
Classification: 1.0 0.95 186
(10, 4)
(14, 4)
(16, 4)
[0.91279291 0.99559358 1.09161351]
Classification: 1.0 0.95 187
(10, 4)
(14, 4)
(16, 4)
[0.92856186 0.98165901 1.08977913]
Classification: 1.0 0.95 188
(10, 4)
(14, 4)
(16, 4)
[0.92252881 0.98938395 1.08808725]
Classification: 1.0 0.95 189
(10, 4)
(14, 4)
(16, 4)
[0.87553865 1.01404225 1.1104191 ]
Classification: 1.0 0.95 190
(10, 4)
(14, 4)
(16, 4)
[0.88607478 1.02178932 1.0921359 ]
Classification: 1.0 0.95 191
(10, 4)
(14, 4)
(16, 4)
[0.89745522 1.07630544 1.02623934]
Classification: 1.0 0.95 192
(10, 4)
(14, 4)
(16, 4)
[0.89637383 1.04398363 1.05964254]
Classification: 1.0 0.95 193
(10, 4)
(14, 4)
(16, 4)
[0.85506912 1.02265182 1.12227906]
Classification: 1.0 0.95 194
(10, 4)
(14, 4)
(16, 4)
[0.8682298  1.03298861 1.09878159]
Classification: 1.0 0.95 195
(10, 4)
(14, 4)
(16, 4)
[0.8995012  1.05894739 1.04155141]
Classification: 1.0 0.95 196
(10, 4)
(14, 4)
(16, 4)
[0.86850087 1.12599899 1.00550015]
Classification: 1.0 0.95 197
(10, 4)
(14, 4)
(16, 4)
[0.86926153 1.08306031 1.04767816]
Classification: 1.0 0.95 198
(10, 4)
(14, 4)
(16, 4)
[0.86684452 1.02256247 1.11059302]
Classification: 1.0 0.95 199
(10, 4)
(14, 4)
(16, 4)
[0.89889365 1.01683415 1.0842722 ]
Classification: 1.0 0.95 200
(10, 4)
(14, 4)
(16, 4)
[0.93776427 0.99408905 1.06814668]
Classification: 1.0 0.95 201
(10, 4)
(14, 4)
(16, 4)
[0.9212446  0.95300642 1.12574898]
Classification: 1.0 0.95 202
(10, 4)
(14, 4)
(16, 4)
[0.89401901 1.00967176 1.09630923]
Classification: 1.0 0.95 203
(10, 4)
(14, 4)
(16, 4)
[0.84189427 1.07888206 1.07922367]
Classification: 1.0 0.95 204
(10, 4)
(14, 4)
(16, 4)
[0.87669406 1.00154141 1.12176453]
Classification: 1.0 0.95 205
(10, 4)
(14, 4)
(16, 4)
[0.90122234 0.98000776 1.1187699 ]
Classification: 1.0 0.95 206
(10, 4)
(14, 4)
(16, 4)
[0.89070752 0.92531994 1.18397254]
Classification: 1.0 0.95 207
(10, 4)
(14, 4)
(16, 4)
[0.87908477 0.99051707 1.13039816]
Classification: 1.0 0.95 208
(10, 4)
(14, 4)
(16, 4)
[0.86433588 1.03675254 1.09891158]
Classification: 1.0 0.95 209
(10, 4)
(14, 4)
(16, 4)
[0.84523502 1.02948796 1.12527703]
Classification: 1.0 0.95 210
(10, 4)
(14, 4)
(16, 4)
[0.86845554 0.97016833 1.16137614]
Classification: 1.0 0.95 211
(10, 4)
(14, 4)
(16, 4)
[0.85465699 0.9615537  1.18378931]
Classification: 1.0 0.95 212
(10, 4)
(14, 4)
(16, 4)
[0.88957824 1.01764907 1.09277269]
Classification: 1.0 0.95 213
(10, 4)
(14, 4)
(16, 4)
[0.88762664 1.03787196 1.07450139]
Classification: 1.0 0.95 214
(10, 4)
(14, 4)
(16, 4)
[0.86676247 1.09352605 1.03971148]
Classification: 1.0 0.95 215
(10, 4)
(14, 4)
(16, 4)
[0.93159107 1.02192917 1.04647976]
Classification: 1.0 0.95 216
(10, 4)
(14, 4)
(16, 4)
[0.79486553 1.07136496 1.13376951]
Classification: 1.0 0.95 217
(10, 4)
(14, 4)
(16, 4)
[0.86449592 1.01442233 1.12108175]
Classification: 1.0 0.95 218
(10, 4)
(14, 4)
(16, 4)
[0.80190957 1.11519726 1.08289316]
Classification: 1.0 0.95 219
(10, 4)
(14, 4)
(16, 4)
[0.77027077 1.11112928 1.11859995]
Classification: 1.0 0.95 220
(10, 4)
(14, 4)
(16, 4)
[0.80686928 1.03541385 1.15771687]
Classification: 1.0 0.95 221
(10, 4)
(14, 4)
(16, 4)
[0.79537436 1.06142032 1.14320531]
Classification: 1.0 0.95 222
(10, 4)
(14, 4)
(16, 4)
[0.81079136 1.10000617 1.08920247]
Classification: 1.0 0.95 223
(10, 4)
(14, 4)
(16, 4)
[0.74202312 1.08894245 1.16903444]
Classification: 1.0 0.95 224
(10, 4)
(14, 4)
(16, 4)
[0.83256071 1.07897906 1.08846023]
Classification: 1.0 0.95 225
(10, 4)
(14, 4)
(16, 4)
[0.80062562 1.0855854  1.11378898]
Classification: 1.0 0.95 226
(10, 4)
(14, 4)
(16, 4)
[0.73343525 1.17166263 1.09490213]
Classification: 1.0 0.95 227
(10, 4)
(14, 4)
(16, 4)
[0.74621577 1.17735429 1.07642994]
Classification: 1.0 0.95 228
(10, 4)
(14, 4)
(16, 4)
[0.76554111 1.17372513 1.06073376]
Classification: 1.0 0.95 229
(10, 4)
(14, 4)
(16, 4)
[0.77761337 1.0932332  1.12915343]
Classification: 1.0 0.95 230
(10, 4)
(14, 4)
(16, 4)
[0.76918833 1.07819972 1.15261195]
Classification: 1.0 0.95 231
(10, 4)
(14, 4)
(16, 4)
[0.77645105 1.13620409 1.08734486]
Classification: 1.0 0.95 232
(10, 4)
(14, 4)
(16, 4)
[0.7477771 1.089176  1.1630469]
Classification: 1.0 0.95 233
(10, 4)
(14, 4)
(16, 4)
[0.77362668 1.18375423 1.04261909]
Classification: 1.0 0.95 234
(10, 4)
(14, 4)
(16, 4)
[0.79863725 1.06119165 1.14017111]
Classification: 1.0 0.95 235
(10, 4)
(14, 4)
(16, 4)
[0.82215752 1.00066782 1.17717466]
Classification: 1.0 0.95 236
(10, 4)
(14, 4)
(16, 4)
[0.78530594 1.0881747  1.12651936]
Classification: 1.0 0.95 237
(10, 4)
(14, 4)
(16, 4)
[0.84221083 1.02080467 1.1369845 ]
Classification: 1.0 0.95 238
(10, 4)
(14, 4)
(16, 4)
[0.84810582 1.01997011 1.13192407]
Classification: 1.0 0.95 239
(10, 4)
(14, 4)
(16, 4)
[0.84805398 1.00827715 1.14366886]
Classification: 1.0 0.95 240
(10, 4)
(14, 4)
(16, 4)
[0.81479212 1.07229364 1.11291425]
Classification: 1.0 0.95 241
(10, 4)
(14, 4)
(16, 4)
[0.79471753 1.09099003 1.11429244]
Classification: 1.0 0.95 242
(10, 4)
(14, 4)
(16, 4)
[0.83125186 1.08381563 1.08493251]
Classification: 1.0 0.95 243
(10, 4)
(14, 4)
(16, 4)
[0.80244641 1.12338135 1.07417224]
Classification: 1.0 0.95 244
(10, 4)
(14, 4)
(16, 4)
[0.83496863 1.0906807  1.07435068]
Classification: 1.0 0.95 245
(10, 4)
(14, 4)
(16, 4)
[0.77190704 1.08934131 1.13875165]
Classification: 1.0 0.95 246
(10, 4)
(14, 4)
(16, 4)
[0.77870062 1.13659077 1.08470862]
Classification: 1.0 0.95 247
(10, 4)
(14, 4)
(16, 4)
[0.78981133 1.12191224 1.08827643]
Classification: 1.0 0.95 248
(10, 4)
(14, 4)
(16, 4)
[0.79666743 1.07303203 1.13030054]
Classification: 1.0 0.95 249
(10, 4)
(14, 4)
(16, 4)
[0.81839892 1.07648506 1.10511602]
Classification: 1.0 0.95 250
(10, 4)
(14, 4)
(16, 4)
[0.76945005 1.06315318 1.16739677]
Classification: 1.0 0.95 251
(10, 4)
(14, 4)
(16, 4)
[0.73683094 1.07948393 1.18368513]
Classification: 1.0 0.95 252
(10, 4)
(14, 4)
(16, 4)
[0.76414527 1.1264042  1.10945053]
Classification: 1.0 0.95 253
(10, 4)
(14, 4)
(16, 4)
[0.77580985 1.18315308 1.04103708]
Classification: 1.0 0.95 254
(10, 4)
(14, 4)
(16, 4)
[0.86452085 1.05377806 1.08170109]
Classification: 1.0 0.95 255
(10, 4)
(14, 4)
(16, 4)
[0.8913063  1.04388203 1.06481167]
Classification: 1.0 0.95 256
(10, 4)
(14, 4)
(16, 4)
[0.96938127 0.9778968  1.05272192]
Classification: 1.0 0.95 257
(10, 4)
(14, 4)
(16, 4)
[0.8883316  1.01105552 1.10061288]
Classification: 1.0 0.95 258
(10, 4)
(14, 4)
(16, 4)
[0.84462582 1.04194022 1.11343397]
Classification: 1.0 0.95 259
(10, 4)
(14, 4)
(16, 4)
[0.85580505 1.00318868 1.14100627]
Classification: 1.0 0.95 260
(10, 4)
(14, 4)
(16, 4)
[0.79085989 1.10313596 1.10600415]
Classification: 1.0 0.95 261
(10, 4)
(14, 4)
(16, 4)
[0.84044772 1.0199979  1.13955438]
Classification: 1.0 0.95 262
(10, 4)
(14, 4)
(16, 4)
[0.85853353 1.01983059 1.12163588]
Classification: 1.0 0.95 263
(10, 4)
(14, 4)
(16, 4)
[0.81886758 1.11156015 1.06957227]
Classification: 1.0 0.95 264
(10, 4)
(14, 4)
(16, 4)
[0.89764555 1.04295748 1.05939697]
Classification: 1.0 0.95 265
(10, 4)
(14, 4)
(16, 4)
[0.8835002  1.06413786 1.05236194]
Classification: 1.0 0.95 266
(10, 4)
(14, 4)
(16, 4)
[0.88193409 1.0114557  1.10661021]
Classification: 1.0 0.95 267
(10, 4)
(14, 4)
(16, 4)
[0.91091998 1.03387792 1.0552021 ]
Classification: 1.0 0.95 268
(10, 4)
(14, 4)
(16, 4)
[0.83885688 1.03080014 1.13034298]
Classification: 1.0 0.95 269
(10, 4)
(14, 4)
(16, 4)
[0.80288186 1.10630013 1.09081801]
Classification: 1.0 0.95 270
(10, 4)
(14, 4)
(16, 4)
[0.79544237 1.08425173 1.12030591]
Classification: 1.0 0.95 271
(10, 4)
(14, 4)
(16, 4)
[0.80207243 1.13512427 1.06280331]
Classification: 1.0 0.95 272
(10, 4)
(14, 4)
(16, 4)
[0.8486328  1.09212777 1.05923943]
Classification: 1.0 0.95 273
(10, 4)
(14, 4)
(16, 4)
[0.85288417 1.06073722 1.08637861]
Classification: 1.0 0.95 274
(10, 4)
(14, 4)
(16, 4)
[0.81268688 1.05678497 1.13052814]
Classification: 1.0 0.95 275
(10, 4)
(14, 4)
(16, 4)
[0.78378983 1.09560777 1.1206024 ]
Classification: 1.0 0.95 276
(10, 4)
(14, 4)
(16, 4)
[0.79951824 1.07947474 1.12100702]
Classification: 1.0 0.95 277
(10, 4)
(14, 4)
(16, 4)
[0.81822132 1.0461191  1.13565958]
Classification: 1.0 0.95 278
(10, 4)
(14, 4)
(16, 4)
[0.82908865 0.97524855 1.1956628 ]
Classification: 1.0 0.95 279
(10, 4)
(14, 4)
(16, 4)
[0.79241343 1.02989799 1.17768858]
Classification: 1.0 0.95 280
(10, 4)
(14, 4)
(16, 4)
[0.82604474 1.06246294 1.11149232]
Classification: 1.0 0.95 281
(10, 4)
(14, 4)
(16, 4)
[0.82908217 1.03188486 1.13903297]
Classification: 1.0 0.95 282
(10, 4)
(14, 4)
(16, 4)
[0.84387634 1.00575369 1.15036997]
Classification: 1.0 0.95 283
(10, 4)
(14, 4)
(16, 4)
[0.82130274 1.02556462 1.15313264]
Classification: 1.0 0.95 284
(10, 4)
(14, 4)
(16, 4)
[0.83865584 1.03272404 1.12862012]
Classification: 1.0 0.95 285
(10, 4)
(14, 4)
(16, 4)
[0.85518205 0.98042528 1.16439267]
Classification: 1.0 0.95 286
(10, 4)
(14, 4)
(16, 4)
[0.87749136 0.97524675 1.14726189]
Classification: 1.0 0.95 287
(10, 4)
(14, 4)
(16, 4)
[0.80571202 1.06612301 1.12816496]
Classification: 1.0 0.95 288
(10, 4)
(14, 4)
(16, 4)
[0.75586492 1.06983234 1.17430274]
Classification: 1.0 0.95 289
(10, 4)
(14, 4)
(16, 4)
[0.76589171 1.0700222  1.16408609]
Classification: 1.0 0.95 290
(10, 4)
(14, 4)
(16, 4)
[0.85889867 1.0719525  1.06914883]
Classification: 1.0 0.95 291
(10, 4)
(14, 4)
(16, 4)
[0.84623854 1.0429324  1.11082906]
Classification: 1.0 0.95 292
(10, 4)
(14, 4)
(16, 4)
[0.83739775 1.02445845 1.1381438 ]
Classification: 1.0 0.95 293
(10, 4)
(14, 4)
(16, 4)
[0.8137138  1.10966841 1.07661779]
Classification: 1.0 0.95 294
(10, 4)
(14, 4)
(16, 4)
[0.82304572 1.10198602 1.07496826]
Classification: 1.0 0.95 295
(10, 4)
(14, 4)
(16, 4)
[0.8236353  0.99749841 1.17886629]
Classification: 1.0 0.95 296
(10, 4)
(14, 4)
(16, 4)
[0.79704683 1.00549782 1.19745535]
Classification: 1.0 0.95 297
(10, 4)
(14, 4)
(16, 4)
[0.81307028 1.03377608 1.15315364]
Classification: 1.0 0.95 298
(10, 4)
(14, 4)
(16, 4)
[0.83086866 1.01657795 1.1525534 ]
Classification: 1.0 0.95 299
(10, 4)
(14, 4)
(16, 4)
[0.82793518 0.94538996 1.22667486]
Classification: 1.0 0.95 300
(10, 4)
(14, 4)
(16, 4)
[0.84126375 0.92381556 1.2349207 ]
Classification: 1.0 0.95 301
(10, 4)
(14, 4)
(16, 4)
[0.8034698  0.97170408 1.22482612]
Classification: 1.0 0.95 302
(10, 4)
(14, 4)
(16, 4)
[0.85601837 0.97610298 1.16787865]
Classification: 1.0 0.95 303
(10, 4)
(14, 4)
(16, 4)
[0.89345346 0.98995116 1.11659538]
Classification: 1.0 0.95 304
(10, 4)
(14, 4)
(16, 4)
[0.82386248 0.92923772 1.2468998 ]
Classification: 1.0 0.95 305
(10, 4)
(14, 4)
(16, 4)
[0.792559  0.9539632 1.2534778]
Classification: 1.0 0.95 306
(10, 4)
(14, 4)
(16, 4)
[0.75586655 1.02757772 1.21655573]
Classification: 1.0 0.95 307
(10, 4)
(14, 4)
(16, 4)
[0.73446231 1.04301747 1.22252023]
Classification: 1.0 0.95 308
(10, 4)
(14, 4)
(16, 4)
[0.82896248 0.97861139 1.19242612]
Classification: 1.0 0.95 309
(10, 4)
(14, 4)
(16, 4)
[0.79464315 0.9533773  1.25197956]
Classification: 1.0 0.95 310
(10, 4)
(14, 4)
(16, 4)
[0.76131809 1.03861339 1.20006852]
Classification: 1.0 0.95 311
(10, 4)
(14, 4)
(16, 4)
[0.78107874 0.99288338 1.22603788]
Classification: 1.0 0.95 312
(10, 4)
(14, 4)
(16, 4)
[0.77726322 0.99947252 1.22326426]
Classification: 1.0 0.95 313
(10, 4)
(14, 4)
(16, 4)
[0.80972288 0.9774247  1.21285242]
Classification: 1.0 0.95 314
(10, 4)
(14, 4)
(16, 4)
[0.817392   0.92523494 1.25737306]
Classification: 1.0 0.95 315
(10, 4)
(14, 4)
(16, 4)
[0.82183807 0.94070744 1.23745449]
Classification: 1.0 0.95 316
(10, 4)
(14, 4)
(16, 4)
[0.75307322 1.02414901 1.22277777]
Classification: 1.0 0.95 317
(10, 4)
(14, 4)
(16, 4)
[0.80473437 1.0436686  1.15159703]
Classification: 1.0 0.95 318
(10, 4)
(14, 4)
(16, 4)
[0.76767128 0.98597317 1.24635555]
Classification: 1.0 0.95 319
(10, 4)
(14, 4)
(16, 4)
[0.763448   1.04392521 1.19262679]
Classification: 1.0 0.95 320
(10, 4)
(14, 4)
(16, 4)
[0.71864241 1.0586003  1.22275729]
Classification: 1.0 0.95 321
(10, 4)
(14, 4)
(16, 4)
[0.73763621 1.04860018 1.2137636 ]
Classification: 1.0 0.95 322
(10, 4)
(14, 4)
(16, 4)
[0.69161382 1.05481701 1.25356918]
Classification: 1.0 0.95 323
(10, 4)
(14, 4)
(16, 4)
[0.71314885 1.10138244 1.1854687 ]
Classification: 1.0 0.95 324
(10, 4)
(14, 4)
(16, 4)
[0.7378372  1.09795642 1.16420638]
Classification: 1.0 0.95 325
(10, 4)
(14, 4)
(16, 4)
[0.77673973 1.05912336 1.16413691]
Classification: 1.0 0.95 326
(10, 4)
(14, 4)
(16, 4)
[0.84396564 1.00111192 1.15492244]
Classification: 1.0 0.95 327
(10, 4)
(14, 4)
(16, 4)
[0.83292431 1.03801143 1.12906427]
Classification: 1.0 0.95 328
(10, 4)
(14, 4)
(16, 4)
[0.80243866 1.002064   1.19549733]
Classification: 1.0 0.95 329
(10, 4)
(14, 4)
(16, 4)
[0.76528039 1.03661227 1.19810735]
Classification: 1.0 0.95 330
(10, 4)
(14, 4)
(16, 4)
[0.67839933 1.09157155 1.23002912]
Classification: 1.0 0.95 331
(10, 4)
(14, 4)
(16, 4)
[0.74061051 1.02140881 1.23798068]
Classification: 1.0 0.95 332
(10, 4)
(14, 4)
(16, 4)
[0.72336401 1.03553234 1.24110365]
Classification: 1.0 0.95 333
(10, 4)
(14, 4)
(16, 4)
[0.77417052 1.01970004 1.20612944]
Classification: 1.0 0.95 334
(10, 4)
(14, 4)
(16, 4)
[0.83051015 1.01488511 1.15460474]
Classification: 1.0 0.95 335
(10, 4)
(14, 4)
(16, 4)
[0.84371006 0.95211802 1.20417192]
Classification: 1.0 0.95 336
(10, 4)
(14, 4)
(16, 4)
[0.84231185 0.98416194 1.17352621]
Classification: 1.0 0.95 337
(10, 4)
(14, 4)
(16, 4)
[0.79308946 0.96860477 1.23830577]
Classification: 1.0 0.95 338
(10, 4)
(14, 4)
(16, 4)
[0.80206022 0.95551346 1.24242633]
Classification: 1.0 0.95 339
(10, 4)
(14, 4)
(16, 4)
[0.80108639 0.94499198 1.25392163]
Classification: 1.0 0.95 340
(10, 4)
(14, 4)
(16, 4)
[0.82245097 0.97221438 1.20533465]
Classification: 1.0 0.95 341
(10, 4)
(14, 4)
(16, 4)
[0.84085725 0.94688621 1.21225654]
Classification: 1.0 0.95 342
(10, 4)
(14, 4)
(16, 4)
[0.73624788 1.0374542  1.22629792]
Classification: 1.0 0.95 343
(10, 4)
(14, 4)
(16, 4)
[0.80122881 1.05488767 1.14388352]
Classification: 1.0 0.95 344
(10, 4)
(14, 4)
(16, 4)
[0.8032809  1.09527406 1.10144504]
Classification: 1.0 0.95 345
(10, 4)
(14, 4)
(16, 4)
[0.76034999 1.01437391 1.22527609]
Classification: 1.0 0.95 346
(10, 4)
(14, 4)
(16, 4)
[0.82198838 0.96732493 1.21068669]
Classification: 1.0 0.95 347
(10, 4)
(14, 4)
(16, 4)
[0.87341589 0.89911385 1.22747026]
Classification: 1.0 0.95 348
(10, 4)
(14, 4)
(16, 4)
[0.837145   1.01706023 1.14579477]
Classification: 1.0 0.95 349
(10, 4)
(14, 4)
(16, 4)
[0.85022601 0.90644296 1.24333103]
Classification: 1.0 0.95 350
(10, 4)
(14, 4)
(16, 4)
[0.79956218 0.96885014 1.23158768]
Classification: 1.0 0.95 351
(10, 4)
(14, 4)
(16, 4)
[0.80192801 0.95604722 1.24202478]
Classification: 1.0 0.95 352
(10, 4)
(14, 4)
(16, 4)
[0.75178083 1.05069066 1.19752851]
Classification: 1.0 0.95 353
(10, 4)
(14, 4)
(16, 4)
[0.7674337  1.03877062 1.19379568]
Classification: 1.0 0.95 354
(10, 4)
(14, 4)
(16, 4)
[0.70692806 1.0582434  1.23482854]
Classification: 1.0 0.95 355
(10, 4)
(14, 4)
(16, 4)
[0.74169852 0.96491945 1.29338203]
Classification: 1.0 0.95 356
(10, 4)
(14, 4)
(16, 4)
[0.77845241 1.02083979 1.2007078 ]
Classification: 1.0 0.95 357
(10, 4)
(14, 4)
(16, 4)
[0.78086236 0.99403464 1.225103  ]
Classification: 1.0 0.95 358
(10, 4)
(14, 4)
(16, 4)
[0.78274185 0.97102039 1.24623777]
Classification: 1.0 0.95 359
(10, 4)
(14, 4)
(16, 4)
[0.75927371 0.96084827 1.27987802]
Classification: 1.0 0.95 360
(10, 4)
(14, 4)
(16, 4)
[0.74903752 1.01379275 1.23716973]
Classification: 1.0 0.95 361
(10, 4)
(14, 4)
(16, 4)
[0.78414812 1.03750654 1.17834534]
Classification: 1.0 0.95 362
(10, 4)
(14, 4)
(16, 4)
[0.77499473 1.04917406 1.17583121]
Classification: 1.0 0.95 363
(10, 4)
(14, 4)
(16, 4)
[0.7342802  1.07121345 1.19450635]
Classification: 1.0 0.95 364
(10, 4)
(14, 4)
(16, 4)
[0.77079411 1.01843305 1.21077284]
Classification: 1.0 0.95 365
(10, 4)
(14, 4)
(16, 4)
[0.74760396 1.08868212 1.16371392]
Classification: 1.0 0.95 366
(10, 4)
(14, 4)
(16, 4)
[0.76751233 1.06872434 1.16376333]
Classification: 1.0 0.95 367
(10, 4)
(14, 4)
(16, 4)
[0.81045811 1.02059579 1.1689461 ]
Classification: 1.0 0.95 368
(10, 4)
(14, 4)
(16, 4)
[0.77052113 1.01173666 1.21774221]
Classification: 1.0 0.95 369
(10, 4)
(14, 4)
(16, 4)
[0.79940784 1.02079855 1.17979361]
Classification: 1.0 0.95 370
(10, 4)
(14, 4)
(16, 4)
[0.78736627 0.95474837 1.25788536]
Classification: 1.0 0.95 371
(10, 4)
(14, 4)
(16, 4)
[0.79536836 0.98654945 1.21808218]
Classification: 1.0 0.95 372
(10, 4)
(14, 4)
(16, 4)
[0.7468931  0.98210864 1.27099826]
Classification: 1.0 0.95 373
(10, 4)
(14, 4)
(16, 4)
[0.71708275 1.03843181 1.24448544]
Classification: 1.0 0.95 374
(10, 4)
(14, 4)
(16, 4)
[0.71393452 0.95380251 1.33226297]
Classification: 1.0 0.95 375
(10, 4)
(14, 4)
(16, 4)
[0.77847165 0.98127172 1.24025663]
Classification: 1.0 0.95 376
(10, 4)
(14, 4)
(16, 4)
[0.77921297 0.99153461 1.22925242]
Classification: 1.0 0.95 377
(10, 4)
(14, 4)
(16, 4)
[0.77880221 0.9707551  1.25044269]
Classification: 1.0 0.95 378
(10, 4)
(14, 4)
(16, 4)
[0.71064468 1.0045155  1.28483982]
Classification: 1.0 0.95 379
(10, 4)
(14, 4)
(16, 4)
[0.78049237 1.0050082  1.21449943]
Classification: 1.0 0.95 380
(10, 4)
(14, 4)
(16, 4)
[0.76885532 1.0478292  1.18331549]
Classification: 1.0 0.95 381
(10, 4)
(14, 4)
(16, 4)
[0.77462635 0.98780163 1.23757202]
Classification: 1.0 0.95 382
(10, 4)
(14, 4)
(16, 4)
[0.80689554 1.00614684 1.18695762]
Classification: 1.0 0.95 383
(10, 4)
(14, 4)
(16, 4)
[0.78285345 0.95904612 1.25810043]
Classification: 1.0 0.95 384
(10, 4)
(14, 4)
(16, 4)
[0.76174158 1.02902733 1.20923109]
Classification: 1.0 0.95 385
(10, 4)
(14, 4)
(16, 4)
[0.78123962 0.97210411 1.24665627]
Classification: 1.0 0.95 386
(10, 4)
(14, 4)
(16, 4)
[0.76219584 0.99967155 1.23813261]
Classification: 1.0 0.95 387
(10, 4)
(14, 4)
(16, 4)
[0.78329978 1.01271498 1.20398523]
Classification: 1.0 0.95 388
(10, 4)
(14, 4)
(16, 4)
[0.7650555  1.02069398 1.21425052]
Classification: 1.0 0.95 389
(10, 4)
(14, 4)
(16, 4)
[0.75413547 1.1139284  1.13193613]
Classification: 1.0 0.95 390
(10, 4)
(14, 4)
(16, 4)
[0.77634036 0.99060065 1.23305899]
Classification: 1.0 0.95 391
(10, 4)
(14, 4)
(16, 4)
[0.77231209 1.03131919 1.19636872]
Classification: 1.0 0.95 392
(10, 4)
(14, 4)
(16, 4)
[0.79346277 1.01381496 1.19272227]
Classification: 1.0 0.95 393
(10, 4)
(14, 4)
(16, 4)
[0.79091073 1.04518323 1.16390604]
Classification: 1.0 0.95 394
(10, 4)
(14, 4)
(16, 4)
[0.80653681 1.07327941 1.12018377]
Classification: 1.0 0.95 395
(10, 4)
(14, 4)
(16, 4)
[0.75871892 1.06203694 1.17924413]
Classification: 1.0 0.95 396
(10, 4)
(14, 4)
(16, 4)
[0.78112176 1.06863637 1.15024187]
Classification: 1.0 0.95 397
(10, 4)
(14, 4)
(16, 4)
[0.76153523 1.00611144 1.23235332]
Classification: 1.0 0.95 398
(10, 4)
(14, 4)
(16, 4)
[0.74902115 0.97832038 1.27265847]
Classification: 1.0 0.95 399
(10, 4)
(14, 4)
(16, 4)
[0.81122374 0.88567591 1.30310036]
Classification: 1.0 0.95 400
(10, 4)
(14, 4)
(16, 4)
[0.76590466 1.03786438 1.19623095]
Classification: 1.0 0.95 401
(10, 4)
(14, 4)
(16, 4)
[0.76223232 1.00768005 1.23008763]
Classification: 1.0 0.95 402
(10, 4)
(14, 4)
(16, 4)
[0.7638706  1.01861195 1.21751745]
Classification: 1.0 0.95 403
(10, 4)
(14, 4)
(16, 4)
[0.81132279 1.00615125 1.18252596]
Classification: 1.0 0.95 404
(10, 4)
(14, 4)
(16, 4)
[0.78756153 1.04922255 1.16321592]
Classification: 1.0 0.95 405
(10, 4)
(14, 4)
(16, 4)
[0.82896651 0.99012915 1.18090434]
Classification: 1.0 0.95 406
(10, 4)
(14, 4)
(16, 4)
[0.79674937 0.98663511 1.21661552]
Classification: 1.0 0.95 407
(10, 4)
(14, 4)
(16, 4)
[0.75371653 0.92678503 1.31949844]
Classification: 1.0 0.95 408
(10, 4)
(14, 4)
(16, 4)
[0.75840526 0.93027102 1.31132372]
Classification: 1.0 0.95 409
(10, 4)
(14, 4)
(16, 4)
[0.75281959 0.94295363 1.30422678]
Classification: 1.0 0.95 410
(10, 4)
(14, 4)
(16, 4)
[0.71935326 0.96283186 1.31781488]
Classification: 1.0 0.95 411
(10, 4)
(14, 4)
(16, 4)
[0.74691394 0.95675322 1.29633284]
Classification: 1.0 0.95 412
(10, 4)
(14, 4)
(16, 4)
[0.75199222 1.03983729 1.20817049]
Classification: 1.0 0.95 413
(10, 4)
(14, 4)
(16, 4)
[0.72883877 1.04703254 1.22412868]
Classification: 1.0 0.95 414
(10, 4)
(14, 4)
(16, 4)
[0.76858951 0.99149655 1.23991393]
Classification: 1.0 0.95 415
(10, 4)
(14, 4)
(16, 4)
[0.77189488 1.0789334  1.14917173]
Classification: 1.0 0.95 416
(10, 4)
(14, 4)
(16, 4)
[0.78961004 1.02277426 1.1876157 ]
Classification: 1.0 0.95 417
(10, 4)
(14, 4)
(16, 4)
[0.7808739  1.00477394 1.21435216]
Classification: 1.0 0.95 418
(10, 4)
(14, 4)
(16, 4)
[0.7561098  0.99722946 1.24666074]
Classification: 1.0 0.95 419
(10, 4)
(14, 4)
(16, 4)
[0.77116965 1.03166029 1.19717006]
Classification: 1.0 0.95 420
(10, 4)
(14, 4)
(16, 4)
[0.80166936 0.97884432 1.21948632]
Classification: 1.0 0.95 421
(10, 4)
(14, 4)
(16, 4)
[0.79537146 1.04978684 1.1548417 ]
Classification: 1.0 0.95 422
(10, 4)
(14, 4)
(16, 4)
[0.74433061 0.9596687  1.29600069]
Classification: 1.0 0.95 423
(10, 4)
(14, 4)
(16, 4)
[0.76895485 0.97443751 1.25660764]
Classification: 1.0 0.95 424
(10, 4)
(14, 4)
(16, 4)
[0.74974465 1.00717829 1.24307706]
Classification: 1.0 0.95 425
(10, 4)
(14, 4)
(16, 4)
[0.76178439 1.02959086 1.20862474]
Classification: 1.0 0.95 426
(10, 4)
(14, 4)
(16, 4)
[0.71332577 1.02441818 1.26225605]
Classification: 1.0 0.95 427
(10, 4)
(14, 4)
(16, 4)
[0.76154456 1.02892262 1.20953282]
Classification: 1.0 0.95 428
(10, 4)
(14, 4)
(16, 4)
[0.8093526  0.95023967 1.24040772]
Classification: 1.0 0.95 429
(10, 4)
(14, 4)
(16, 4)
[0.82700169 0.97027021 1.2027281 ]
Classification: 1.0 0.95 430
(10, 4)
(14, 4)
(16, 4)
[0.77118132 0.98953149 1.23928719]
Classification: 1.0 0.95 431
(10, 4)
(14, 4)
(16, 4)
[0.76569802 0.99257385 1.24172813]
Classification: 1.0 0.95 432
(10, 4)
(14, 4)
(16, 4)
[0.76880472 1.02531902 1.20587625]
Classification: 1.0 0.95 433
(10, 4)
(14, 4)
(16, 4)
[0.8014787  0.96575306 1.23276823]
Classification: 1.0 0.95 434
(10, 4)
(14, 4)
(16, 4)
[0.78221958 0.98144357 1.23633685]
Classification: 1.0 0.95 435
(10, 4)
(14, 4)
(16, 4)
[0.76611284 0.99024815 1.24363901]
Classification: 1.0 0.95 436
(10, 4)
(14, 4)
(16, 4)
[0.8234859  1.06965623 1.10685787]
Classification: 1.0 0.95 437
(10, 4)
(14, 4)
(16, 4)
[0.77867434 1.0057602  1.21556546]
Classification: 1.0 0.95 438
(10, 4)
(14, 4)
(16, 4)
[0.78008066 1.0088807  1.21103864]
Classification: 1.0 0.95 439
(10, 4)
(14, 4)
(16, 4)
[0.77151558 1.01322094 1.21526348]
Classification: 1.0 0.95 440
(10, 4)
(14, 4)
(16, 4)
[0.76821979 1.01210618 1.21967403]
Classification: 1.0 0.95 441
(10, 4)
(14, 4)
(16, 4)
[0.78925117 0.96893986 1.24180897]
Classification: 1.0 0.95 442
(10, 4)
(14, 4)
(16, 4)
[0.76721671 1.04885453 1.18392877]
Classification: 1.0 0.95 443
(10, 4)
(14, 4)
(16, 4)
[0.77709616 1.04262736 1.18027648]
Classification: 1.0 0.95 444
(10, 4)
(14, 4)
(16, 4)
[0.74461506 1.02053417 1.23485077]
Classification: 1.0 0.95 445
(10, 4)
(14, 4)
(16, 4)
[0.77464627 1.03263226 1.19272147]
Classification: 1.0 0.95 446
(10, 4)
(14, 4)
(16, 4)
[0.78487781 1.02007838 1.19504381]
Classification: 1.0 0.95 447
(10, 4)
(14, 4)
(16, 4)
[0.83797854 0.99472782 1.16729364]
Classification: 1.0 0.95 448
(10, 4)
(14, 4)
(16, 4)
[0.7340263  1.07441324 1.19156046]
Classification: 1.0 0.95 449
(10, 4)
(14, 4)
(16, 4)
/mnt/data/user_liangzhiyu/envs/fedcsl/lib/python3.8/site-packages/scipy/__init__.py:146: UserWarning: A NumPy version >=1.16.5 and <1.23.0 is required for this version of SciPy (detected version 1.23.5
  warnings.warn(f"A NumPy version >={np_minversion} and <{np_maxversion}"
/mnt/data/user_liangzhiyu/envs/fedcsl/lib/python3.8/site-packages/tslearn/bases/bases.py:15: UserWarning: h5py not installed, hdf5 features will not be supported.
Install h5py to use hdf5 features: http://docs.h5py.org/
  warn(h5py_msg)
/mnt/data/user_liangzhiyu/lixiongfei/CSL-main/train.py:392: UserWarning: Creating a tensor from a list of numpy.ndarrays is extremely slow. Please consider converting the list to a single numpy.ndarray with numpy.array() before converting to a tensor. (Triggered internally at /opt/conda/conda-bld/pytorch_1724789259345/work/torch/csrc/utils/tensor_new.cpp:278.)
  X = torch.tensor(X, dtype=torch.float).contiguous()
[0.79977213 0.98218179 1.21804608]
Classification: 1.0 0.95 450
(10, 4)
(14, 4)
(16, 4)
[0.77098948 1.10956705 1.11944347]
Classification: 1.0 0.95 451
(10, 4)
(14, 4)
(16, 4)
[0.76390112 1.11815194 1.11794695]
Classification: 1.0 0.95 452
(10, 4)
(14, 4)
(16, 4)
[0.7783628  1.05697614 1.16466106]
Classification: 1.0 0.95 453
(10, 4)
(14, 4)
(16, 4)
[0.80380615 1.0011141  1.19507975]
Classification: 1.0 0.95 454
(10, 4)
(14, 4)
(16, 4)
[0.83656877 1.0282917  1.13513952]
Classification: 1.0 0.95 455
(10, 4)
(14, 4)
(16, 4)
[0.78144905 1.02476124 1.19378971]
Classification: 1.0 0.95 456
(10, 4)
(14, 4)
(16, 4)
[0.7407349  1.07064804 1.18861706]
Classification: 1.0 0.95 457
(10, 4)
(14, 4)
(16, 4)
[0.78643834 1.03067198 1.18288969]
Classification: 1.0 0.95 458
(10, 4)
(14, 4)
(16, 4)
[0.76345246 1.03239297 1.20415456]
Classification: 1.0 0.95 459
(10, 4)
(14, 4)
(16, 4)
[0.79378757 1.01041722 1.19579522]
Classification: 1.0 0.95 460
(10, 4)
(14, 4)
(16, 4)
[0.79502422 0.98314404 1.22183174]
Classification: 1.0 0.95 461
(10, 4)
(14, 4)
(16, 4)
[0.76548561 1.07396936 1.16054502]
Classification: 1.0 0.95 462
(10, 4)
(14, 4)
(16, 4)
[0.80006941 0.9789347  1.22099589]
Classification: 1.0 0.95 463
(10, 4)
(14, 4)
(16, 4)
[0.74284363 1.04591004 1.21124633]
Classification: 1.0 0.95 464
(10, 4)
(14, 4)
(16, 4)
[0.77958303 1.03119665 1.18922032]
Classification: 1.0 0.95 465
(10, 4)
(14, 4)
(16, 4)
[0.81492231 0.98027803 1.20479966]
Classification: 1.0 0.95 466
(10, 4)
(14, 4)
(16, 4)
[0.83207252 0.95243945 1.21548803]
Classification: 1.0 0.95 467
(10, 4)
(14, 4)
(16, 4)
[0.82881745 0.882645   1.28853755]
Classification: 1.0 0.95 468
(10, 4)
(14, 4)
(16, 4)
[0.80312438 0.91870269 1.27817293]
Classification: 1.0 0.95 469
(10, 4)
(14, 4)
(16, 4)
[0.78423818 0.9823586  1.23340321]
Classification: 1.0 0.95 470
(10, 4)
(14, 4)
(16, 4)
[0.68539247 1.00317785 1.31142968]
Classification: 1.0 0.95 471
(10, 4)
(14, 4)
(16, 4)
[0.73793373 0.96364192 1.29842434]
Classification: 1.0 0.95 472
(10, 4)
(14, 4)
(16, 4)
[0.71127356 0.91106012 1.37766632]
Classification: 1.0 0.95 473
(10, 4)
(14, 4)
(16, 4)
[0.76783477 0.94799876 1.28416646]
Classification: 1.0 0.95 474
(10, 4)
(14, 4)
(16, 4)
[0.74505026 0.98807509 1.26687465]
Classification: 1.0 0.95 475
(10, 4)
(14, 4)
(16, 4)
[0.70551671 0.98470808 1.30977521]
Classification: 1.0 0.95 476
(10, 4)
(14, 4)
(16, 4)
[0.6985536  1.02097479 1.2804716 ]
Classification: 1.0 0.95 477
(10, 4)
(14, 4)
(16, 4)
[0.76640215 0.95258867 1.28100918]
Classification: 1.0 0.95 478
(10, 4)
(14, 4)
(16, 4)
[0.74974749 0.9887485  1.26150401]
Classification: 1.0 0.95 479
(10, 4)
(14, 4)
(16, 4)
[0.80196757 0.95551429 1.24251815]
Classification: 1.0 0.95 480
(10, 4)
(14, 4)
(16, 4)
[0.80694174 0.92495939 1.26809887]
Classification: 1.0 0.95 481
(10, 4)
(14, 4)
(16, 4)
[0.74392208 0.93580979 1.32026813]
Classification: 1.0 0.95 482
(10, 4)
(14, 4)
(16, 4)
[0.78164311 0.98484755 1.23350934]
Classification: 1.0 0.95 483
(10, 4)
(14, 4)
(16, 4)
[0.74381966 0.96884117 1.28733918]
Classification: 1.0 0.95 484
(10, 4)
(14, 4)
(16, 4)
[0.80431568 0.926429   1.26925532]
Classification: 1.0 0.95 485
(10, 4)
(14, 4)
(16, 4)
[0.79388748 0.95148154 1.25463098]
Classification: 1.0 0.95 486
(10, 4)
(14, 4)
(16, 4)
[0.81984679 0.90648121 1.273672  ]
Classification: 1.0 0.95 487
(10, 4)
(14, 4)
(16, 4)
[0.81386547 0.90525207 1.28088246]
Classification: 1.0 0.95 488
(10, 4)
(14, 4)
(16, 4)
[0.76340171 0.97839883 1.25819946]
Classification: 1.0 0.95 489
(10, 4)
(14, 4)
(16, 4)
[0.74540714 1.02234156 1.2322513 ]
Classification: 1.0 0.95 490
(10, 4)
(14, 4)
(16, 4)
[0.75855207 0.95490464 1.28654328]
Classification: 1.0 0.95 491
(10, 4)
(14, 4)
(16, 4)
[0.77533144 0.90082952 1.32383904]
Classification: 1.0 0.95 492
(10, 4)
(14, 4)
(16, 4)
[0.71082879 0.97147206 1.31769915]
Classification: 1.0 0.95 493
(10, 4)
(14, 4)
(16, 4)
[0.73542868 0.88892562 1.3756457 ]
Classification: 1.0 0.95 494
(10, 4)
(14, 4)
(16, 4)
[0.74168675 0.90958363 1.34872962]
Classification: 1.0 0.95 495
(10, 4)
(14, 4)
(16, 4)
[0.77341642 0.94804284 1.27854074]
Classification: 1.0 0.95 496
(10, 4)
(14, 4)
(16, 4)
[0.73171311 0.97164296 1.29664393]
Classification: 1.0 0.95 497
(10, 4)
(14, 4)
(16, 4)
[0.74158671 0.97613463 1.28227867]
Classification: 1.0 0.95 498
(10, 4)
(14, 4)
(16, 4)
[0.68642231 0.95971798 1.3538597 ]
Classification: 1.0 0.95 499
best round is 3, acc is 0.950000
Model saved to ./checkpoint/BasicMotions/2025-03-07-12_BasicMotions_model.pt
Running experiment with dataset: BasicMotions, config: ./result/ablation_study/config_BasicMotions.yml
[0.09514033 0.10277917 0.11127909 0.12035814 0.12964186 0.13872091
 0.14722083 0.15485967]
40
<class 'pandas.core.frame.DataFrame'>
RangeIndex: 40 entries, 0 to 39
Data columns (total 7 columns):
 #   Column      Non-Null Count  Dtype 
---  ------      --------------  ----- 
 0   dim_0       40 non-null     object
 1   dim_1       40 non-null     object
 2   dim_2       40 non-null     object
 3   dim_3       40 non-null     object
 4   dim_4       40 non-null     object
 5   dim_5       40 non-null     object
 6   class_vals  40 non-null     object
dtypes: object(7)
memory usage: 2.3+ KB
None
{100}
<class 'pandas.core.frame.DataFrame'>
RangeIndex: 40 entries, 0 to 39
Data columns (total 7 columns):
 #   Column      Non-Null Count  Dtype 
---  ------      --------------  ----- 
 0   dim_0       40 non-null     object
 1   dim_1       40 non-null     object
 2   dim_2       40 non-null     object
 3   dim_3       40 non-null     object
 4   dim_4       40 non-null     object
 5   dim_5       40 non-null     object
 6   class_vals  40 non-null     object
dtypes: object(7)
memory usage: 2.3+ KB
None
[0 0 0 0 0 0 0 0 0 0 1 1 1 1 1 1 1 1 1 1 2 2 2 2 2 2 2 2 2 2 3 3 3 3 3 3 3
 3 3 3]
[ 0 10 20 21 22 23 24 30 31 32]
[0, 1, 2, 2, 2, 2, 2, 3, 3, 3]
[0, 0, 0, 0, 0, 0, 0, 1, 2, 2, 2, 2, 3, 3]
[0, 0, 1, 1, 1, 1, 1, 1, 1, 1, 2, 3, 3, 3, 3, 3]
shapelet initialized! 

All 3 clinet initialized! 

(10, 4)
(14, 4)
(16, 4)
[1.18518019 0.92801852 0.88680129]
Classification: 1.0 0.925 0
(10, 4)
(14, 4)
(16, 4)
[1.13826436 0.92872438 0.93301126]
Classification: 1.0 0.9 1
(10, 4)
(14, 4)
(16, 4)
[1.11971847 0.91931701 0.96096452]
Classification: 1.0 0.9 2
(10, 4)
(14, 4)
(16, 4)
[1.10869513 0.89911133 0.99219354]
Classification: 1.0 0.9 3
(10, 4)
(14, 4)
(16, 4)
[1.09052362 0.87818264 1.03129374]
Classification: 1.0 0.9 4
(10, 4)
(14, 4)
(16, 4)
[1.06530596 0.86896731 1.06572673]
Classification: 1.0 0.9 5
(10, 4)
(14, 4)
(16, 4)
[1.06156796 0.83546135 1.1029707 ]
Classification: 1.0 0.9 6
(10, 4)
(14, 4)
(16, 4)
[1.06722764 0.85664768 1.07612469]
Classification: 1.0 0.9 7
(10, 4)
(14, 4)
(16, 4)
[1.08788636 0.87246403 1.03964961]
Classification: 1.0 0.9 8
(10, 4)
(14, 4)
(16, 4)
[1.04112082 0.89671133 1.06216785]
Classification: 1.0 0.9 9
(10, 4)
(14, 4)
(16, 4)
[1.01682636 0.86038324 1.1227904 ]
Classification: 1.0 0.9 10
(10, 4)
(14, 4)
(16, 4)
[1.0900174  0.89570624 1.01427636]
Classification: 1.0 0.9 11
(10, 4)
(14, 4)
(16, 4)
[1.09044257 0.91548606 0.99407136]
Classification: 1.0 0.9 12
(10, 4)
(14, 4)
(16, 4)
[0.98927363 1.02214839 0.98857798]
Classification: 1.0 0.9 13
(10, 4)
(14, 4)
(16, 4)
[1.00462988 0.98620099 1.00916912]
Classification: 1.0 0.9 14
(10, 4)
(14, 4)
(16, 4)
[1.04105272 0.96862732 0.99031996]
Classification: 1.0 0.9 15
(10, 4)
(14, 4)
(16, 4)
[1.00448749 0.93123622 1.06427629]
Classification: 1.0 0.9 16
(10, 4)
(14, 4)
(16, 4)
[1.05735929 0.98819074 0.95444997]
Classification: 1.0 0.9 17
(10, 4)
(14, 4)
(16, 4)
[0.95161196 1.08910983 0.95927821]
Classification: 1.0 0.9 18
(10, 4)
(14, 4)
(16, 4)
[0.96620652 1.0670336  0.96675989]
Classification: 1.0 0.9 19
(10, 4)
(14, 4)
(16, 4)
[0.91197621 1.10197253 0.98605126]
Classification: 1.0 0.9 20
(10, 4)
(14, 4)
(16, 4)
[0.99782449 1.05653348 0.94564203]
Classification: 1.0 0.9 21
(10, 4)
(14, 4)
(16, 4)
[0.98353846 1.02434632 0.99211523]
Classification: 1.0 0.9 22
(10, 4)
(14, 4)
(16, 4)
[0.92390423 1.07317975 1.00291602]
Classification: 1.0 0.9 23
(10, 4)
(14, 4)
(16, 4)
[0.97643257 1.11070845 0.91285898]
Classification: 1.0 0.9 24
(10, 4)
(14, 4)
(16, 4)
[0.96276313 1.10916435 0.92807252]
Classification: 1.0 0.9 25
(10, 4)
(14, 4)
(16, 4)
[0.86636997 1.12477027 1.00885976]
Classification: 1.0 0.925 26
(10, 4)
(14, 4)
(16, 4)
[0.92524048 1.17323314 0.90152638]
Classification: 1.0 0.9 27
(10, 4)
(14, 4)
(16, 4)
[0.91199312 1.14460998 0.9433969 ]
Classification: 1.0 0.9 28
(10, 4)
(14, 4)
(16, 4)
[0.85937118 1.20612663 0.93450219]
Classification: 1.0 0.9 29
(10, 4)
(14, 4)
(16, 4)
[0.91400906 1.20645211 0.87953882]
Classification: 1.0 0.9 30
(10, 4)
(14, 4)
(16, 4)
[0.97740227 1.15595347 0.86664426]
Classification: 1.0 0.9 31
(10, 4)
(14, 4)
(16, 4)
[0.95412409 1.18150283 0.86437308]
Classification: 1.0 0.9 32
(10, 4)
(14, 4)
(16, 4)
[0.95849002 1.1642284  0.87728158]
Classification: 1.0 0.925 33
(10, 4)
(14, 4)
(16, 4)
[0.911729   1.15018117 0.93808983]
Classification: 1.0 0.9 34
(10, 4)
(14, 4)
(16, 4)
[0.82478075 1.22213078 0.95308847]
Classification: 1.0 0.9 35
(10, 4)
(14, 4)
(16, 4)
[0.83382595 1.20856273 0.95761132]
Classification: 1.0 0.95 36
(10, 4)
(14, 4)
(16, 4)
[0.7922416  1.25064603 0.95711237]
Classification: 1.0 0.95 37
(10, 4)
(14, 4)
(16, 4)
[0.80400971 1.2325813  0.96340899]
Classification: 1.0 0.95 38
(10, 4)
(14, 4)
(16, 4)
[0.87519341 1.21232043 0.91248616]
Classification: 1.0 0.95 39
(10, 4)
(14, 4)
(16, 4)
[0.85020791 1.25618643 0.89360567]
Classification: 1.0 0.95 40
(10, 4)
(14, 4)
(16, 4)
[0.85355489 1.26790758 0.87853752]
Classification: 1.0 0.95 41
(10, 4)
(14, 4)
(16, 4)
[0.8180693  1.28820088 0.89372982]
Classification: 1.0 0.95 42
(10, 4)
(14, 4)
(16, 4)
[0.73935326 1.3903523  0.87029444]
Classification: 1.0 0.95 43
(10, 4)
(14, 4)
(16, 4)
[0.77392305 1.34118219 0.88489476]
Classification: 1.0 0.95 44
(10, 4)
(14, 4)
(16, 4)
[0.79373498 1.32991345 0.87635156]
Classification: 1.0 0.95 45
(10, 4)
(14, 4)
(16, 4)
[0.82424566 1.2933017  0.88245263]
Classification: 1.0 0.95 46
(10, 4)
(14, 4)
(16, 4)
[0.76866788 1.41214387 0.81918825]
Classification: 1.0 0.95 47
(10, 4)
(14, 4)
(16, 4)
[0.71935353 1.46343428 0.81721219]
Classification: 1.0 0.95 48
(10, 4)
(14, 4)
(16, 4)
[0.72037189 1.41102746 0.86860065]
Classification: 1.0 0.95 49
(10, 4)
(14, 4)
(16, 4)
[0.72789469 1.32763072 0.94447459]
Classification: 1.0 0.95 50
(10, 4)
(14, 4)
(16, 4)
[0.86138641 1.28838364 0.85022995]
Classification: 1.0 0.95 51
(10, 4)
(14, 4)
(16, 4)
[0.72524234 1.35901268 0.91574499]
Classification: 1.0 0.95 52
(10, 4)
(14, 4)
(16, 4)
[0.67486995 1.48793824 0.83719181]
Classification: 1.0 0.95 53
(10, 4)
(14, 4)
(16, 4)
[0.75136522 1.35814824 0.89048654]
Classification: 1.0 0.95 54
(10, 4)
(14, 4)
(16, 4)
[0.76448915 1.28641675 0.9490941 ]
Classification: 1.0 0.95 55
(10, 4)
(14, 4)
(16, 4)
[0.78558774 1.24869267 0.96571959]
Classification: 1.0 0.95 56
(10, 4)
(14, 4)
(16, 4)
[0.74295191 1.32059215 0.93645595]
Classification: 1.0 0.95 57
(10, 4)
(14, 4)
(16, 4)
[0.75764926 1.24695217 0.99539857]
Classification: 1.0 0.95 58
(10, 4)
(14, 4)
(16, 4)
[0.72414564 1.32896291 0.94689145]
Classification: 1.0 0.95 59
(10, 4)
(14, 4)
(16, 4)
[0.61544644 1.37272073 1.01183283]
Classification: 1.0 0.95 60
(10, 4)
(14, 4)
(16, 4)
[0.66337597 1.31743806 1.01918597]
Classification: 1.0 0.95 61
(10, 4)
(14, 4)
(16, 4)
[0.63286248 1.36042489 1.00671262]
Classification: 1.0 0.95 62
(10, 4)
(14, 4)
(16, 4)
[0.71931151 1.24773711 1.03295139]
Classification: 1.0 0.95 63
(10, 4)
(14, 4)
(16, 4)
[0.77080495 1.29939771 0.92979734]
Classification: 1.0 0.95 64
(10, 4)
(14, 4)
(16, 4)
[0.75831647 1.39033029 0.85135324]
Classification: 1.0 0.95 65
(10, 4)
(14, 4)
(16, 4)
[0.7465157  1.31635942 0.93712488]
Classification: 1.0 0.95 66
(10, 4)
(14, 4)
(16, 4)
[0.7101932  1.39184806 0.89795873]
Classification: 1.0 0.95 67
(10, 4)
(14, 4)
(16, 4)
[0.69874943 1.3689936  0.93225696]
Classification: 1.0 0.95 68
(10, 4)
(14, 4)
(16, 4)
[0.74071831 1.20930128 1.04998041]
Classification: 1.0 0.95 69
(10, 4)
(14, 4)
(16, 4)
[0.80599212 1.22543136 0.96857652]
Classification: 1.0 0.95 70
(10, 4)
(14, 4)
(16, 4)
[0.83428    1.19553146 0.97018854]
Classification: 1.0 0.95 71
(10, 4)
(14, 4)
(16, 4)
[0.87104047 1.12860007 1.00035947]
Classification: 1.0 0.95 72
(10, 4)
(14, 4)
(16, 4)
[0.76455361 1.33013947 0.90530691]
Classification: 1.0 0.95 73
(10, 4)
(14, 4)
(16, 4)
[0.77979976 1.28211931 0.93808093]
Classification: 1.0 0.95 74
(10, 4)
(14, 4)
(16, 4)
[0.70938946 1.25317957 1.03743097]
Classification: 1.0 0.95 75
(10, 4)
(14, 4)
(16, 4)
[0.7608827  1.33212258 0.90699473]
Classification: 1.0 0.95 76
(10, 4)
(14, 4)
(16, 4)
[0.70299916 1.29796034 0.9990405 ]
Classification: 1.0 0.95 77
(10, 4)
(14, 4)
(16, 4)
[0.72834511 1.23404186 1.03761304]
Classification: 1.0 0.95 78
(10, 4)
(14, 4)
(16, 4)
[0.78940838 1.25384615 0.95674547]
Classification: 1.0 0.95 79
(10, 4)
(14, 4)
(16, 4)
[0.88638523 1.1755552  0.93805957]
Classification: 1.0 0.95 80
(10, 4)
(14, 4)
(16, 4)
[0.82375892 1.25755282 0.91868826]
Classification: 1.0 0.95 81
(10, 4)
(14, 4)
(16, 4)
[0.86237935 1.22318962 0.91443103]
Classification: 1.0 0.95 82
(10, 4)
(14, 4)
(16, 4)
[0.90799463 1.23210371 0.85990167]
Classification: 1.0 0.95 83
(10, 4)
(14, 4)
(16, 4)
[0.83634518 1.17061674 0.99303808]
Classification: 1.0 0.95 84
(10, 4)
(14, 4)
(16, 4)
[0.83889272 1.1479387  1.01316858]
Classification: 1.0 0.95 85
(10, 4)
(14, 4)
(16, 4)
[0.80722712 1.20860017 0.98417271]
Classification: 1.0 0.95 86
(10, 4)
(14, 4)
(16, 4)
[0.85553518 1.27010089 0.87436393]
Classification: 1.0 0.95 87
(10, 4)
(14, 4)
(16, 4)
[0.83046274 1.19768086 0.9718564 ]
Classification: 1.0 0.95 88
(10, 4)
(14, 4)
(16, 4)
[0.86871329 1.02909755 1.10218916]
Classification: 1.0 0.95 89
(10, 4)
(14, 4)
(16, 4)
[0.79093155 1.1550833  1.05398515]
Classification: 1.0 0.95 90
(10, 4)
(14, 4)
(16, 4)
[0.83812041 1.17689505 0.98498455]
Classification: 1.0 0.95 91
(10, 4)
(14, 4)
(16, 4)
[0.83984584 1.2615162  0.89863796]
Classification: 1.0 0.95 92
(10, 4)
(14, 4)
(16, 4)
[0.81050455 1.29872975 0.8907657 ]
Classification: 1.0 0.95 93
(10, 4)
(14, 4)
(16, 4)
[0.82630382 1.35492678 0.8187694 ]
Classification: 1.0 0.95 94
(10, 4)
(14, 4)
(16, 4)
[0.75257701 1.30236592 0.94505708]
Classification: 1.0 0.95 95
(10, 4)
(14, 4)
(16, 4)
[0.76643859 1.24924489 0.98431653]
Classification: 1.0 0.95 96
(10, 4)
(14, 4)
(16, 4)
[0.71743415 1.417045   0.86552086]
Classification: 1.0 0.95 97
(10, 4)
(14, 4)
(16, 4)
[0.69634603 1.2907576  1.01289637]
Classification: 1.0 0.95 98
(10, 4)
(14, 4)
(16, 4)
[0.73250895 1.33369482 0.93379623]
Classification: 1.0 0.95 99
(10, 4)
(14, 4)
(16, 4)
[0.73387593 1.31668205 0.94944201]
Classification: 1.0 0.95 100
(10, 4)
(14, 4)
(16, 4)
[0.81461697 1.20272156 0.98266146]
Classification: 1.0 0.95 101
(10, 4)
(14, 4)
(16, 4)
[0.75645896 1.20421271 1.03932833]
Classification: 1.0 0.95 102
(10, 4)
(14, 4)
(16, 4)
[0.78320444 1.23567592 0.98111964]
Classification: 1.0 0.95 103
(10, 4)
(14, 4)
(16, 4)
[0.81236041 1.21620002 0.97143957]
Classification: 1.0 0.95 104
(10, 4)
(14, 4)
(16, 4)
[0.77762283 1.10164318 1.12073399]
Classification: 1.0 0.95 105
(10, 4)
(14, 4)
(16, 4)
[0.8361999  1.09812263 1.06567747]
Classification: 1.0 0.95 106
(10, 4)
(14, 4)
(16, 4)
[0.74296942 1.13554583 1.12148475]
Classification: 1.0 0.95 107
(10, 4)
(14, 4)
(16, 4)
[0.73185961 1.23903459 1.02910579]
Classification: 1.0 0.95 108
(10, 4)
(14, 4)
(16, 4)
[0.77953675 1.18356289 1.03690036]
Classification: 1.0 0.95 109
(10, 4)
(14, 4)
(16, 4)
[0.73245139 1.13333262 1.13421598]
Classification: 1.0 0.95 110
(10, 4)
(14, 4)
(16, 4)
[0.73797514 1.13828654 1.12373832]
Classification: 1.0 0.95 111
(10, 4)
(14, 4)
(16, 4)
[0.8014909  1.16699733 1.03151177]
Classification: 1.0 0.95 112
(10, 4)
(14, 4)
(16, 4)
[0.76808448 1.20498002 1.0269355 ]
Classification: 1.0 0.95 113
(10, 4)
(14, 4)
(16, 4)
[0.708665   1.23913192 1.05220309]
Classification: 1.0 0.95 114
(10, 4)
(14, 4)
(16, 4)
[0.82054774 1.15206463 1.02738763]
Classification: 1.0 0.95 115
(10, 4)
(14, 4)
(16, 4)
[0.83147938 1.18957474 0.97894588]
Classification: 1.0 0.95 116
(10, 4)
(14, 4)
(16, 4)
[0.8097253  1.22015309 0.97012162]
Classification: 1.0 0.95 117
(10, 4)
(14, 4)
(16, 4)
[0.78756837 1.16448053 1.04795111]
Classification: 1.0 0.95 118
(10, 4)
(14, 4)
(16, 4)
[0.84354698 1.09046354 1.06598948]
Classification: 1.0 0.95 119
(10, 4)
(14, 4)
(16, 4)
[0.79870646 1.08234826 1.11894529]
Classification: 1.0 0.95 120
(10, 4)
(14, 4)
(16, 4)
[0.77798699 1.02744358 1.19456943]
Classification: 1.0 0.95 121
(10, 4)
(14, 4)
(16, 4)
[0.79246923 0.99253053 1.21500024]
Classification: 1.0 0.95 122
(10, 4)
(14, 4)
(16, 4)
[0.73761379 1.00544938 1.25693683]
Classification: 1.0 0.95 123
(10, 4)
(14, 4)
(16, 4)
[0.74005754 1.1362912  1.12365126]
Classification: 1.0 0.95 124
(10, 4)
(14, 4)
(16, 4)
[0.75516225 1.15534011 1.08949764]
Classification: 1.0 0.95 125
(10, 4)
(14, 4)
(16, 4)
[0.86984255 1.03823743 1.09192001]
Classification: 1.0 0.95 126
(10, 4)
(14, 4)
(16, 4)
[0.79741968 1.0775819  1.12499842]
Classification: 1.0 0.95 127
(10, 4)
(14, 4)
(16, 4)
[0.89178988 1.13846159 0.96974853]
Classification: 1.0 0.95 128
(10, 4)
(14, 4)
(16, 4)
[0.80754419 1.0450339  1.14742191]
Classification: 1.0 0.95 129
(10, 4)
(14, 4)
(16, 4)
[0.85193888 1.05774106 1.09032006]
Classification: 1.0 0.95 130
(10, 4)
(14, 4)
(16, 4)
[0.78345707 1.05597542 1.16056751]
Classification: 1.0 0.95 131
(10, 4)
(14, 4)
(16, 4)
[0.82405248 1.10663288 1.06931464]
Classification: 1.0 0.95 132
(10, 4)
(14, 4)
(16, 4)
[0.80166399 1.12725092 1.0710851 ]
Classification: 1.0 0.95 133
(10, 4)
(14, 4)
(16, 4)
[0.87534865 1.12558824 0.99906311]
Classification: 1.0 0.95 134
(10, 4)
(14, 4)
(16, 4)
[0.87213733 1.06807818 1.05978449]
Classification: 1.0 0.95 135
(10, 4)
(14, 4)
(16, 4)
[0.82248048 1.07498521 1.10253431]
Classification: 1.0 0.95 136
(10, 4)
(14, 4)
(16, 4)
[0.82089869 1.02996876 1.14913255]
Classification: 1.0 0.95 137
(10, 4)
(14, 4)
(16, 4)
[0.80536921 0.98358671 1.21104408]
Classification: 1.0 0.95 138
(10, 4)
(14, 4)
(16, 4)
[0.77425687 1.11145011 1.11429301]
Classification: 1.0 0.95 139
(10, 4)
(14, 4)
(16, 4)
[0.72158803 1.09430666 1.1841053 ]
Classification: 1.0 0.95 140
(10, 4)
(14, 4)
(16, 4)
[0.67665227 1.15934901 1.16399872]
Classification: 1.0 0.95 141
(10, 4)
(14, 4)
(16, 4)
[0.64605331 1.1413684  1.21257829]
Classification: 1.0 0.95 142
(10, 4)
(14, 4)
(16, 4)
[0.64865755 1.10742874 1.2439137 ]
Classification: 1.0 0.95 143
(10, 4)
(14, 4)
(16, 4)
[0.71241909 1.03252227 1.25505864]
Classification: 1.0 0.95 144
(10, 4)
(14, 4)
(16, 4)
[0.7957474  1.09326402 1.11098858]
Classification: 1.0 0.95 145
(10, 4)
(14, 4)
(16, 4)
[0.76038491 1.11736076 1.12225433]
Classification: 1.0 0.95 146
(10, 4)
(14, 4)
(16, 4)
[0.82233364 1.01496628 1.16270008]
Classification: 1.0 0.95 147
(10, 4)
(14, 4)
(16, 4)
[0.82871683 1.08104248 1.09024069]
Classification: 1.0 0.95 148
(10, 4)
(14, 4)
(16, 4)
[0.75807659 1.11345758 1.12846584]
Classification: 1.0 0.95 149
(10, 4)
(14, 4)
(16, 4)
[0.82546761 1.0174418  1.15709058]
Classification: 1.0 0.95 150
(10, 4)
(14, 4)
(16, 4)
[0.79508238 1.11896329 1.08595433]
Classification: 1.0 0.95 151
(10, 4)
(14, 4)
(16, 4)
[0.75766671 1.13274968 1.10958362]
Classification: 1.0 0.95 152
(10, 4)
(14, 4)
(16, 4)
[0.72563178 1.19103262 1.0833356 ]
Classification: 1.0 0.95 153
(10, 4)
(14, 4)
(16, 4)
[0.67349041 1.12757023 1.19893937]
Classification: 1.0 0.95 154
(10, 4)
(14, 4)
(16, 4)
[0.69814011 1.2112412  1.09061869]
Classification: 1.0 0.95 155
(10, 4)
(14, 4)
(16, 4)
[0.75648658 1.13121735 1.11229607]
Classification: 1.0 0.95 156
(10, 4)
(14, 4)
(16, 4)
[0.69179936 1.15011712 1.15808352]
Classification: 1.0 0.95 157
(10, 4)
(14, 4)
(16, 4)
[0.6418075  1.17096043 1.18723206]
Classification: 1.0 0.95 158
(10, 4)
(14, 4)
(16, 4)
[0.7297971 1.1434317 1.1267712]
Classification: 1.0 0.95 159
(10, 4)
(14, 4)
(16, 4)
[0.75044556 1.03603592 1.21351852]
Classification: 1.0 0.95 160
(10, 4)
(14, 4)
(16, 4)
[0.68486325 1.14980405 1.1653327 ]
Classification: 1.0 0.95 161
(10, 4)
(14, 4)
(16, 4)
[0.69820812 1.06678596 1.23500592]
Classification: 1.0 0.95 162
(10, 4)
(14, 4)
(16, 4)
[0.67969204 1.04465051 1.27565745]
Classification: 1.0 0.95 163
(10, 4)
(14, 4)
(16, 4)
[0.67512894 1.16432169 1.16054937]
Classification: 1.0 0.95 164
(10, 4)
(14, 4)
(16, 4)
[0.5793288  1.25518148 1.16548972]
Classification: 1.0 0.95 165
(10, 4)
(14, 4)
(16, 4)
[0.63967725 1.07229522 1.28802753]
Classification: 1.0 0.95 166
(10, 4)
(14, 4)
(16, 4)
[0.62227755 1.11552547 1.26219698]
Classification: 1.0 0.95 167
(10, 4)
(14, 4)
(16, 4)
[0.68840556 1.05898192 1.25261252]
Classification: 1.0 0.95 168
(10, 4)
(14, 4)
(16, 4)
[0.64161744 1.05292178 1.30546078]
Classification: 1.0 0.95 169
(10, 4)
(14, 4)
(16, 4)
[0.68150678 0.99977538 1.31871784]
Classification: 1.0 0.95 170
(10, 4)
(14, 4)
(16, 4)
[0.70309511 0.94522401 1.35168088]
Classification: 1.0 0.95 171
(10, 4)
(14, 4)
(16, 4)
[0.74462919 0.91081729 1.34455352]
Classification: 1.0 0.95 172
(10, 4)
(14, 4)
(16, 4)
[0.84055604 0.99282101 1.16662295]
Classification: 1.0 0.95 173
(10, 4)
(14, 4)
(16, 4)
[0.71090289 1.00486499 1.28423212]
Classification: 1.0 0.95 174
(10, 4)
(14, 4)
(16, 4)
[0.74255009 1.03773691 1.21971299]
Classification: 1.0 0.95 175
(10, 4)
(14, 4)
(16, 4)
[0.72482205 0.95251389 1.32266407]
Classification: 1.0 0.95 176
(10, 4)
(14, 4)
(16, 4)
[0.78520601 0.93826638 1.27652761]
Classification: 1.0 0.95 177
(10, 4)
(14, 4)
(16, 4)
[0.69262414 0.98933828 1.31803758]
Classification: 1.0 0.95 178
(10, 4)
(14, 4)
(16, 4)
[0.72404917 0.96802597 1.30792486]
Classification: 1.0 0.95 179
(10, 4)
(14, 4)
(16, 4)
[0.72092484 0.99925327 1.27982189]
Classification: 1.0 0.95 180
(10, 4)
(14, 4)
(16, 4)
[0.68663114 1.01892888 1.29443999]
Classification: 1.0 0.95 181
(10, 4)
(14, 4)
(16, 4)
[0.69658053 0.97697836 1.32644111]
Classification: 1.0 0.95 182
(10, 4)
(14, 4)
(16, 4)
[0.67738547 1.01821472 1.30439981]
Classification: 1.0 0.95 183
(10, 4)
(14, 4)
(16, 4)
[0.73903954 1.08260195 1.17835851]
Classification: 1.0 0.95 184
(10, 4)
(14, 4)
(16, 4)
[0.77001556 1.00370394 1.22628051]
Classification: 1.0 0.95 185
(10, 4)
(14, 4)
(16, 4)
[0.82407885 1.05800026 1.11792089]
Classification: 1.0 0.95 186
(10, 4)
(14, 4)
(16, 4)
[0.70520013 0.98308571 1.31171416]
Classification: 1.0 0.95 187
(10, 4)
(14, 4)
(16, 4)
[0.73629628 0.91536387 1.34833985]
Classification: 1.0 0.95 188
(10, 4)
(14, 4)
(16, 4)
[0.77856264 1.04761806 1.1738193 ]
Classification: 1.0 0.95 189
(10, 4)
(14, 4)
(16, 4)
[0.70820999 0.96601798 1.32577203]
Classification: 1.0 0.95 190
(10, 4)
(14, 4)
(16, 4)
[0.75900323 0.93385974 1.30713703]
Classification: 1.0 0.95 191
(10, 4)
(14, 4)
(16, 4)
[0.78117235 0.95678626 1.26204139]
Classification: 1.0 0.95 192
(10, 4)
(14, 4)
(16, 4)
[0.77836223 0.91526066 1.3063771 ]
Classification: 1.0 0.95 193
(10, 4)
(14, 4)
(16, 4)
[0.76264802 0.95067695 1.28667504]
Classification: 1.0 0.95 194
(10, 4)
(14, 4)
(16, 4)
[0.71668586 0.98152841 1.30178573]
Classification: 1.0 0.95 195
(10, 4)
(14, 4)
(16, 4)
[0.734587   1.02208717 1.24332583]
Classification: 1.0 0.95 196
(10, 4)
(14, 4)
(16, 4)
[0.72112098 1.05558945 1.22328957]
Classification: 1.0 0.95 197
(10, 4)
(14, 4)
(16, 4)
[0.72013762 1.0214611  1.25840129]
Classification: 1.0 0.95 198
(10, 4)
(14, 4)
(16, 4)
[0.72769408 0.98044216 1.29186376]
Classification: 1.0 0.95 199
(10, 4)
(14, 4)
(16, 4)
[0.75186083 0.95746933 1.29066984]
Classification: 1.0 0.95 200
(10, 4)
(14, 4)
(16, 4)
[0.73642613 0.93681211 1.32676176]
Classification: 1.0 0.95 201
(10, 4)
(14, 4)
(16, 4)
[0.68584565 0.97586077 1.33829358]
Classification: 1.0 0.95 202
(10, 4)
(14, 4)
(16, 4)
[0.69623789 0.91844918 1.38531293]
Classification: 1.0 0.95 203
(10, 4)
(14, 4)
(16, 4)
[0.77821012 0.89887032 1.32291955]
Classification: 1.0 0.95 204
(10, 4)
(14, 4)
(16, 4)
[0.72578357 0.89598799 1.37822844]
Classification: 1.0 0.95 205
(10, 4)
(14, 4)
(16, 4)
[0.78692892 0.95089735 1.26217372]
Classification: 1.0 0.95 206
(10, 4)
(14, 4)
(16, 4)
[0.73172997 0.98151351 1.28675652]
Classification: 1.0 0.95 207
(10, 4)
(14, 4)
(16, 4)
[0.74520414 0.93895364 1.31584222]
Classification: 1.0 0.95 208
(10, 4)
(14, 4)
(16, 4)
[0.72344599 0.97241799 1.30413602]
Classification: 1.0 0.95 209
(10, 4)
(14, 4)
(16, 4)
[0.77229621 0.89234621 1.33535758]
Classification: 1.0 0.95 210
(10, 4)
(14, 4)
(16, 4)
[0.7212324  0.97055693 1.30821067]
Classification: 1.0 0.95 211
(10, 4)
(14, 4)
(16, 4)
[0.70193468 0.96350943 1.33455588]
Classification: 1.0 0.95 212
(10, 4)
(14, 4)
(16, 4)
[0.74767737 0.99037804 1.26194458]
Classification: 1.0 0.95 213
(10, 4)
(14, 4)
(16, 4)
[0.80753501 0.87479784 1.31766714]
Classification: 1.0 0.95 214
(10, 4)
(14, 4)
(16, 4)
[0.78114604 0.89985479 1.31899917]
Classification: 1.0 0.95 215
(10, 4)
(14, 4)
(16, 4)
[0.7575428  0.98932572 1.25313148]
Classification: 1.0 0.95 216
(10, 4)
(14, 4)
(16, 4)
[0.72219737 0.86718937 1.41061326]
Classification: 1.0 0.95 217
(10, 4)
(14, 4)
(16, 4)
[0.71680888 0.91075098 1.37244015]
Classification: 1.0 0.95 218
(10, 4)
(14, 4)
(16, 4)
[0.77783218 0.97977675 1.24239106]
Classification: 1.0 0.95 219
(10, 4)
(14, 4)
(16, 4)
[0.74010586 0.98480888 1.27508527]
Classification: 1.0 0.95 220
(10, 4)
(14, 4)
(16, 4)
[0.77078744 0.94878315 1.28042942]
Classification: 1.0 0.95 221
(10, 4)
(14, 4)
(16, 4)
[0.70956805 0.98002341 1.31040854]
Classification: 1.0 0.95 222
(10, 4)
(14, 4)
(16, 4)
[0.74920507 0.85413393 1.396661  ]
Classification: 1.0 0.95 223
(10, 4)
(14, 4)
(16, 4)
[0.74790263 0.92201366 1.33008371]
Classification: 1.0 0.95 224
(10, 4)
(14, 4)
(16, 4)
[0.71633569 1.03132378 1.25234053]
Classification: 1.0 0.95 225
(10, 4)
(14, 4)
(16, 4)
[0.73711434 0.93888643 1.32399923]
Classification: 1.0 0.95 226
(10, 4)
(14, 4)
(16, 4)
[0.71380006 0.9434879  1.34271204]
Classification: 1.0 0.95 227
(10, 4)
(14, 4)
(16, 4)
[0.76544901 1.00247812 1.23207288]
Classification: 1.0 0.95 228
(10, 4)
(14, 4)
(16, 4)
[0.76051908 1.00406935 1.23541157]
Classification: 1.0 0.95 229
(10, 4)
(14, 4)
(16, 4)
[0.76219946 1.00081407 1.23698647]
Classification: 1.0 0.95 230
(10, 4)
(14, 4)
(16, 4)
[0.73323342 1.01446817 1.25229841]
Classification: 1.0 0.95 231
(10, 4)
(14, 4)
(16, 4)
[0.80715322 0.96515704 1.22768974]
Classification: 1.0 0.95 232
(10, 4)
(14, 4)
(16, 4)
[0.7557605  0.87123988 1.37299962]
Classification: 1.0 0.95 233
(10, 4)
(14, 4)
(16, 4)
[0.79490234 0.9595771  1.24552056]
Classification: 1.0 0.95 234
(10, 4)
(14, 4)
(16, 4)
[0.78394338 0.9786964  1.23736022]
Classification: 1.0 0.95 235
(10, 4)
(14, 4)
(16, 4)
[0.75046519 1.04482713 1.20470768]
Classification: 1.0 0.95 236
(10, 4)
(14, 4)
(16, 4)
[0.78179846 1.01246417 1.20573736]
Classification: 1.0 0.95 237
(10, 4)
(14, 4)
(16, 4)
[0.77031866 0.99979079 1.22989054]
Classification: 1.0 0.95 238
(10, 4)
(14, 4)
(16, 4)
[0.72714435 0.98461443 1.28824121]
Classification: 1.0 0.95 239
(10, 4)
(14, 4)
(16, 4)
[0.71441032 1.05856602 1.22702366]
Classification: 1.0 0.95 240
(10, 4)
(14, 4)
(16, 4)
[0.69832278 1.04845167 1.25322555]
Classification: 1.0 0.95 241
(10, 4)
(14, 4)
(16, 4)
[0.72407995 1.05777666 1.21814339]
Classification: 1.0 0.95 242
(10, 4)
(14, 4)
(16, 4)
[0.72576038 0.95525572 1.3189839 ]
Classification: 1.0 0.95 243
(10, 4)
(14, 4)
(16, 4)
[0.74808057 0.92670079 1.32521863]
Classification: 1.0 0.95 244
(10, 4)
(14, 4)
(16, 4)
[0.71689402 1.02495657 1.25814942]
Classification: 1.0 0.95 245
(10, 4)
(14, 4)
(16, 4)
[0.73974647 0.91360102 1.3466525 ]
Classification: 1.0 0.95 246
(10, 4)
(14, 4)
(16, 4)
[0.64204773 0.95645686 1.4014954 ]
Classification: 1.0 0.95 247
(10, 4)
(14, 4)
(16, 4)
[0.6983229  0.93716607 1.36451103]
Classification: 1.0 0.95 248
(10, 4)
(14, 4)
(16, 4)
[0.67410598 0.88103775 1.44485628]
Classification: 1.0 0.95 249
(10, 4)
(14, 4)
(16, 4)
[0.75000853 0.83320055 1.41679092]
Classification: 1.0 0.95 250
(10, 4)
(14, 4)
(16, 4)
[0.67351614 0.82320991 1.50327395]
Classification: 1.0 0.95 251
(10, 4)
(14, 4)
(16, 4)
[0.71393439 0.78915071 1.49691489]
Classification: 1.0 0.95 252
(10, 4)
(14, 4)
(16, 4)
[0.73306039 0.87687273 1.39006688]
Classification: 1.0 0.95 253
(10, 4)
(14, 4)
(16, 4)
[0.7408528  0.8374915  1.42165569]
Classification: 1.0 0.95 254
(10, 4)
(14, 4)
(16, 4)
[0.75421678 0.89459752 1.35118569]
Classification: 1.0 0.95 255
(10, 4)
(14, 4)
(16, 4)
[0.69002709 0.88989625 1.42007666]
Classification: 1.0 0.95 256
(10, 4)
(14, 4)
(16, 4)
[0.66178306 0.8775939  1.46062303]
Classification: 1.0 0.95 257
(10, 4)
(14, 4)
(16, 4)
[0.64729492 0.90595854 1.44674654]
Classification: 1.0 0.95 258
(10, 4)
(14, 4)
(16, 4)
[0.6410278  0.8818606  1.47711159]
Classification: 1.0 0.95 259
(10, 4)
(14, 4)
(16, 4)
[0.64632456 0.88849383 1.46518161]
Classification: 1.0 0.95 260
(10, 4)
(14, 4)
(16, 4)
[0.69019941 0.96233867 1.34746192]
Classification: 1.0 0.95 261
(10, 4)
(14, 4)
(16, 4)
[0.68501021 0.94028152 1.37470827]
Classification: 1.0 0.95 262
(10, 4)
(14, 4)
(16, 4)
[0.75100013 0.85164101 1.39735886]
Classification: 1.0 0.95 263
(10, 4)
(14, 4)
(16, 4)
[0.67781346 0.81112868 1.51105786]
Classification: 1.0 0.95 264
(10, 4)
(14, 4)
(16, 4)
[0.71576621 0.86390703 1.42032676]
Classification: 1.0 0.95 265
(10, 4)
(14, 4)
(16, 4)
[0.75733647 0.87070877 1.37195476]
Classification: 1.0 0.95 266
(10, 4)
(14, 4)
(16, 4)
[0.64995309 0.97689784 1.37314907]
Classification: 1.0 0.95 267
(10, 4)
(14, 4)
(16, 4)
[0.64375573 0.94816687 1.4080774 ]
Classification: 1.0 0.95 268
(10, 4)
(14, 4)
(16, 4)
[0.60454612 0.90122899 1.49422489]
Classification: 1.0 0.95 269
(10, 4)
(14, 4)
(16, 4)
[0.65410019 0.89838224 1.44751757]
Classification: 1.0 0.95 270
(10, 4)
(14, 4)
(16, 4)
[0.6459986  0.96119302 1.39280838]
Classification: 1.0 0.95 271
(10, 4)
(14, 4)
(16, 4)
[0.65148111 0.82068978 1.5278291 ]
Classification: 1.0 0.95 272
(10, 4)
(14, 4)
(16, 4)
[0.63793983 0.92884513 1.43321504]
Classification: 1.0 0.95 273
(10, 4)
(14, 4)
(16, 4)
[0.67546427 0.86486565 1.45967008]
Classification: 1.0 0.95 274
(10, 4)
(14, 4)
(16, 4)
[0.69002959 0.90670234 1.40326807]
Classification: 1.0 0.95 275
(10, 4)
(14, 4)
(16, 4)
[0.67551648 0.89842209 1.42606143]
Classification: 1.0 0.95 276
(10, 4)
(14, 4)
(16, 4)
[0.65517589 0.92004054 1.42478357]
Classification: 1.0 0.95 277
(10, 4)
(14, 4)
(16, 4)
[0.64547938 0.93117999 1.42334063]
Classification: 1.0 0.95 278
(10, 4)
(14, 4)
(16, 4)
[0.63558667 1.00158938 1.36282395]
Classification: 1.0 0.95 279
(10, 4)
(14, 4)
(16, 4)
[0.6275463  0.88735505 1.48509865]
Classification: 1.0 0.95 280
(10, 4)
(14, 4)
(16, 4)
[0.65592335 0.94776588 1.39631077]
Classification: 1.0 0.95 281
(10, 4)
(14, 4)
(16, 4)
[0.67332345 0.88853319 1.43814336]
Classification: 1.0 0.95 282
(10, 4)
(14, 4)
(16, 4)
[0.66500189 0.95397094 1.38102717]
Classification: 1.0 0.95 283
(10, 4)
(14, 4)
(16, 4)
[0.65748414 0.92425803 1.41825782]
Classification: 1.0 0.95 284
(10, 4)
(14, 4)
(16, 4)
[0.67912108 0.95528654 1.36559237]
Classification: 1.0 0.95 285
(10, 4)
(14, 4)
(16, 4)
[0.65822633 0.96982909 1.37194458]
Classification: 1.0 0.95 286
(10, 4)
(14, 4)
(16, 4)
[0.6742062  0.99462847 1.33116533]
Classification: 1.0 0.95 287
(10, 4)
(14, 4)
(16, 4)
[0.67827792 0.92299803 1.39872405]
Classification: 1.0 0.95 288
(10, 4)
(14, 4)
(16, 4)
[0.62272783 0.90972251 1.46754966]
Classification: 1.0 0.95 289
(10, 4)
(14, 4)
(16, 4)
[0.61005335 0.89121128 1.49873537]
Classification: 1.0 0.95 290
(10, 4)
(14, 4)
(16, 4)
[0.70518117 0.86205895 1.43275988]
Classification: 1.0 0.95 291
(10, 4)
(14, 4)
(16, 4)
[0.70651356 0.89822404 1.3952624 ]
Classification: 1.0 0.95 292
(10, 4)
(14, 4)
(16, 4)
[0.69330319 0.91409862 1.39259819]
Classification: 1.0 0.95 293
(10, 4)
(14, 4)
(16, 4)
[0.63372796 0.89768096 1.46859107]
Classification: 1.0 0.95 294
(10, 4)
(14, 4)
(16, 4)
[0.60931798 0.96020526 1.43047677]
Classification: 1.0 0.95 295
(10, 4)
(14, 4)
(16, 4)
[0.67616484 0.88206774 1.44176742]
Classification: 1.0 0.95 296
(10, 4)
(14, 4)
(16, 4)
[0.69787469 0.91445147 1.38767384]
Classification: 1.0 0.95 297
(10, 4)
(14, 4)
(16, 4)
[0.69721755 0.94059649 1.36218595]
Classification: 1.0 0.95 298
(10, 4)
(14, 4)
(16, 4)
[0.70066793 0.93782883 1.36150325]
Classification: 1.0 0.95 299
(10, 4)
(14, 4)
(16, 4)
[0.70287489 0.87741588 1.41970923]
Classification: 1.0 0.95 300
(10, 4)
(14, 4)
(16, 4)
[0.66449902 0.8909397  1.44456128]
Classification: 1.0 0.95 301
(10, 4)
(14, 4)
(16, 4)
[0.64964743 0.84858652 1.50176605]
Classification: 1.0 0.95 302
(10, 4)
(14, 4)
(16, 4)
[0.63564161 0.97177432 1.39258407]
Classification: 1.0 0.95 303
(10, 4)
(14, 4)
(16, 4)
[0.63938059 0.87632742 1.48429199]
Classification: 1.0 0.95 304
(10, 4)
(14, 4)
(16, 4)
[0.62466113 0.91517486 1.46016401]
Classification: 1.0 0.95 305
(10, 4)
(14, 4)
(16, 4)
[0.62566217 1.00323028 1.37110755]
Classification: 1.0 0.95 306
(10, 4)
(14, 4)
(16, 4)
[0.68635227 0.97125701 1.34239071]
Classification: 1.0 0.95 307
(10, 4)
(14, 4)
(16, 4)
[0.67677824 1.00996972 1.31325204]
Classification: 1.0 0.95 308
(10, 4)
(14, 4)
(16, 4)
[0.61595141 1.06356094 1.32048766]
Classification: 1.0 0.95 309
(10, 4)
(14, 4)
(16, 4)
[0.60964484 1.0694541  1.32090106]
Classification: 1.0 0.95 310
(10, 4)
(14, 4)
(16, 4)
[0.58814349 1.09929938 1.31255712]
Classification: 1.0 0.95 311
(10, 4)
(14, 4)
(16, 4)
[0.59522772 1.05426361 1.35050867]
Classification: 1.0 0.95 312
(10, 4)
(14, 4)
(16, 4)
[0.65891637 0.91949549 1.42158814]
Classification: 1.0 0.95 313
(10, 4)
(14, 4)
(16, 4)
[0.68931457 0.88845997 1.42222546]
Classification: 1.0 0.95 314
(10, 4)
(14, 4)
(16, 4)
[0.69214235 0.90490915 1.40294851]
Classification: 1.0 0.95 315
(10, 4)
(14, 4)
(16, 4)
[0.66706083 0.92130467 1.4116345 ]
Classification: 1.0 0.95 316
(10, 4)
(14, 4)
(16, 4)
[0.67485543 0.8593502  1.46579437]
Classification: 1.0 0.95 317
(10, 4)
(14, 4)
(16, 4)
[0.66993812 1.02246068 1.3076012 ]
Classification: 1.0 0.95 318
(10, 4)
(14, 4)
(16, 4)
[0.65726496 0.97891362 1.36382141]
Classification: 1.0 0.95 319
(10, 4)
(14, 4)
(16, 4)
[0.6516715  1.02862741 1.3197011 ]
Classification: 1.0 0.95 320
(10, 4)
(14, 4)
(16, 4)
[0.66533362 0.94161645 1.39304993]
Classification: 1.0 0.95 321
(10, 4)
(14, 4)
(16, 4)
[0.63912544 1.01918069 1.34169386]
Classification: 1.0 0.95 322
(10, 4)
(14, 4)
(16, 4)
[0.59836234 1.05218734 1.34945032]
Classification: 1.0 0.95 323
(10, 4)
(14, 4)
(16, 4)
[0.64125752 0.97615971 1.38258278]
Classification: 1.0 0.95 324
(10, 4)
(14, 4)
(16, 4)
[0.66981839 0.92522179 1.40495983]
Classification: 1.0 0.95 325
(10, 4)
(14, 4)
(16, 4)
[0.6536433  1.05868782 1.28766888]
Classification: 1.0 0.95 326
(10, 4)
(14, 4)
(16, 4)
[0.63095172 1.04339937 1.32564891]
Classification: 1.0 0.95 327
(10, 4)
(14, 4)
(16, 4)
[0.65207127 0.93001091 1.41791782]
Classification: 1.0 0.95 328
(10, 4)
(14, 4)
(16, 4)
[0.63056088 0.94764618 1.42179294]
Classification: 1.0 0.95 329
(10, 4)
(14, 4)
(16, 4)
[0.62878874 0.97322018 1.39799108]
Classification: 1.0 0.95 330
(10, 4)
(14, 4)
(16, 4)
[0.64758561 0.91500005 1.43741434]
Classification: 1.0 0.95 331
(10, 4)
(14, 4)
(16, 4)
[0.59428606 0.93957892 1.46613502]
Classification: 1.0 0.95 332
(10, 4)
(14, 4)
(16, 4)
[0.6310638 0.9099116 1.4590246]
Classification: 1.0 0.95 333
(10, 4)
(14, 4)
(16, 4)
[0.63433477 0.9424934  1.42317182]
Classification: 1.0 0.95 334
(10, 4)
(14, 4)
(16, 4)
[0.60861654 0.94896498 1.44241847]
Classification: 1.0 0.95 335
(10, 4)
(14, 4)
(16, 4)
[0.68081087 0.99553589 1.32365324]
Classification: 1.0 0.95 336
(10, 4)
(14, 4)
(16, 4)
[0.69548351 0.96294516 1.34157133]
Classification: 1.0 0.95 337
(10, 4)
(14, 4)
(16, 4)
[0.64127415 0.93617873 1.42254712]
Classification: 1.0 0.95 338
(10, 4)
(14, 4)
(16, 4)
[0.5988193 1.0139888 1.3871919]
Classification: 1.0 0.95 339
(10, 4)
(14, 4)
(16, 4)
[0.66848677 0.93531118 1.39620205]
Classification: 1.0 0.95 340
(10, 4)
(14, 4)
(16, 4)
[0.73128431 0.89572379 1.3729919 ]
Classification: 1.0 0.95 341
(10, 4)
(14, 4)
(16, 4)
[0.66520707 0.9469218  1.38787114]
Classification: 1.0 0.95 342
(10, 4)
(14, 4)
(16, 4)
[0.66443006 0.92552521 1.41004472]
Classification: 1.0 0.95 343
(10, 4)
(14, 4)
(16, 4)
[0.70147195 0.95519357 1.34333448]
Classification: 1.0 0.95 344
(10, 4)
(14, 4)
(16, 4)
[0.71874682 0.94177426 1.33947892]
Classification: 1.0 0.95 345
(10, 4)
(14, 4)
(16, 4)
[0.68896236 0.9697954  1.34124225]
Classification: 1.0 0.95 346
(10, 4)
(14, 4)
(16, 4)
[0.69836055 0.93137431 1.37026514]
Classification: 1.0 0.95 347
(10, 4)
(14, 4)
(16, 4)
[0.6794923  0.95151214 1.36899556]
Classification: 1.0 0.95 348
(10, 4)
(14, 4)
(16, 4)
[0.62365192 1.04510536 1.33124273]
Classification: 1.0 0.95 349
(10, 4)
(14, 4)
(16, 4)
[0.63811308 0.92986597 1.43202094]
Classification: 1.0 0.95 350
(10, 4)
(14, 4)
(16, 4)
[0.65079478 0.94753149 1.40167374]
Classification: 1.0 0.95 351
(10, 4)
(14, 4)
(16, 4)
[0.73525377 0.88691198 1.37783425]
Classification: 1.0 0.95 352
(10, 4)
(14, 4)
(16, 4)
[0.75825093 0.91880629 1.32294278]
Classification: 1.0 0.95 353
(10, 4)
(14, 4)
(16, 4)
[0.71269305 0.89324602 1.39406092]
Classification: 1.0 0.95 354
(10, 4)
(14, 4)
(16, 4)
[0.73181776 0.92897899 1.33920325]
Classification: 1.0 0.95 355
(10, 4)
(14, 4)
(16, 4)
[0.69557973 0.87265789 1.43176238]
Classification: 1.0 0.95 356
(10, 4)
(14, 4)
(16, 4)
[0.73984525 0.89717347 1.36298128]
Classification: 1.0 0.95 357
(10, 4)
(14, 4)
(16, 4)
[0.63867083 0.95100139 1.41032778]
Classification: 1.0 0.95 358
(10, 4)
(14, 4)
(16, 4)
[0.67099403 0.91837036 1.41063561]
Classification: 1.0 0.95 359
(10, 4)
(14, 4)
(16, 4)
[0.68253253 0.9187196  1.39874787]
Classification: 1.0 0.95 360
(10, 4)
(14, 4)
(16, 4)
[0.73493116 0.85778579 1.40728305]
Classification: 1.0 0.95 361
(10, 4)
(14, 4)
(16, 4)
[0.71180065 0.94071591 1.34748344]
Classification: 1.0 0.95 362
(10, 4)
(14, 4)
(16, 4)
[0.71694175 0.9400395  1.34301875]
Classification: 1.0 0.95 363
(10, 4)
(14, 4)
(16, 4)
[0.72813568 0.91941216 1.35245216]
Classification: 1.0 0.95 364
(10, 4)
(14, 4)
(16, 4)
[0.68194584 0.93931344 1.37874072]
Classification: 1.0 0.95 365
(10, 4)
(14, 4)
(16, 4)
[0.73280139 0.96026061 1.306938  ]
Classification: 1.0 0.95 366
(10, 4)
(14, 4)
(16, 4)
[0.77877458 0.91381016 1.30741526]
Classification: 1.0 0.95 367
(10, 4)
(14, 4)
(16, 4)
[0.73402854 0.90415584 1.36181562]
Classification: 1.0 0.95 368
(10, 4)
(14, 4)
(16, 4)
[0.68286832 0.92344516 1.39368651]
Classification: 1.0 0.95 369
(10, 4)
(14, 4)
(16, 4)
[0.6840184  0.88718031 1.4288013 ]
Classification: 1.0 0.95 370
(10, 4)
(14, 4)
(16, 4)
[0.66912312 0.87835415 1.45252273]
Classification: 1.0 0.95 371
(10, 4)
(14, 4)
(16, 4)
[0.68648259 0.90939214 1.40412527]
Classification: 1.0 0.95 372
(10, 4)
(14, 4)
(16, 4)
[0.62047591 0.9033797  1.47614439]
Classification: 1.0 0.95 373
(10, 4)
(14, 4)
(16, 4)
[0.64622671 0.96679266 1.38698063]
Classification: 1.0 0.95 374
(10, 4)
(14, 4)
(16, 4)
[0.63435659 0.98619422 1.37944919]
Classification: 1.0 0.95 375
(10, 4)
(14, 4)
(16, 4)
[0.62023292 0.97174423 1.40802285]
Classification: 1.0 0.95 376
(10, 4)
(14, 4)
(16, 4)
[0.6169548  1.02724665 1.35579855]
Classification: 1.0 0.95 377
(10, 4)
(14, 4)
(16, 4)
[0.6255296  0.96985271 1.40461769]
Classification: 1.0 0.95 378
(10, 4)
(14, 4)
(16, 4)
[0.64153456 1.11723017 1.24123527]
Classification: 1.0 0.95 379
(10, 4)
(14, 4)
(16, 4)
[0.67513743 1.10426154 1.22060104]
Classification: 1.0 0.95 380
(10, 4)
(14, 4)
(16, 4)
[0.68082259 1.00546206 1.31371535]
Classification: 1.0 0.95 381
(10, 4)
(14, 4)
(16, 4)
[0.70019458 1.01934764 1.28045778]
Classification: 1.0 0.95 382
(10, 4)
(14, 4)
(16, 4)
[0.70343044 0.98230016 1.3142694 ]
Classification: 1.0 0.95 383
(10, 4)
(14, 4)
(16, 4)
[0.64685782 1.00127741 1.35186476]
Classification: 1.0 0.95 384
(10, 4)
(14, 4)
(16, 4)
[0.64743547 1.03237194 1.32019259]
Classification: 1.0 0.95 385
(10, 4)
(14, 4)
(16, 4)
[0.67370319 0.94252929 1.38376752]
Classification: 1.0 0.95 386
(10, 4)
(14, 4)
(16, 4)
[0.65515524 0.95961289 1.38523186]
Classification: 1.0 0.95 387
(10, 4)
(14, 4)
(16, 4)
[0.68346556 0.96765598 1.34887847]
Classification: 1.0 0.95 388
(10, 4)
(14, 4)
(16, 4)
[0.65003018 0.99243718 1.35753264]
Classification: 1.0 0.95 389
(10, 4)
(14, 4)
(16, 4)
[0.7172942  0.97851714 1.30418866]
Classification: 1.0 0.95 390
(10, 4)
(14, 4)
(16, 4)
[0.68670728 0.97524367 1.33804905]
Classification: 1.0 0.95 391
(10, 4)
(14, 4)
(16, 4)
[0.66119216 0.90890784 1.42990001]
Classification: 1.0 0.95 392
(10, 4)
(14, 4)
(16, 4)
[0.65108065 0.91468398 1.43423538]
Classification: 1.0 0.95 393
(10, 4)
(14, 4)
(16, 4)
[0.65184179 0.86938849 1.47876972]
Classification: 1.0 0.95 394
(10, 4)
(14, 4)
(16, 4)
[0.70039592 0.87897492 1.42062917]
Classification: 1.0 0.95 395
(10, 4)
(14, 4)
(16, 4)
[0.68870775 0.93540904 1.3758832 ]
Classification: 1.0 0.95 396
(10, 4)
(14, 4)
(16, 4)
[0.7274097  0.89259833 1.37999196]
Classification: 1.0 0.95 397
(10, 4)
(14, 4)
(16, 4)
[0.73151534 0.88640656 1.3820781 ]
Classification: 1.0 0.95 398
(10, 4)
(14, 4)
(16, 4)
[0.73184431 0.92159755 1.34655814]
Classification: 1.0 0.95 399
(10, 4)
(14, 4)
(16, 4)
[0.7288241  0.94077712 1.33039878]
Classification: 1.0 0.95 400
(10, 4)
(14, 4)
(16, 4)
[0.6571842  0.90969449 1.43312131]
Classification: 1.0 0.95 401
(10, 4)
(14, 4)
(16, 4)
[0.62280567 0.90790465 1.46928968]
Classification: 1.0 0.95 402
(10, 4)
(14, 4)
(16, 4)
[0.61234909 0.9370598  1.4505911 ]
Classification: 1.0 0.95 403
(10, 4)
(14, 4)
(16, 4)
[0.65185973 0.96488245 1.38325782]
Classification: 1.0 0.95 404
(10, 4)
(14, 4)
(16, 4)
[0.66015102 1.00386911 1.33597987]
Classification: 1.0 0.95 405
(10, 4)
(14, 4)
(16, 4)
[0.63376165 0.99252209 1.37371626]
Classification: 1.0 0.95 406
(10, 4)
(14, 4)
(16, 4)
[0.65840406 0.973015   1.36858094]
Classification: 1.0 0.95 407
(10, 4)
(14, 4)
(16, 4)
[0.64586281 0.96439159 1.3897456 ]
Classification: 1.0 0.95 408
(10, 4)
(14, 4)
(16, 4)
[0.67327345 0.91805871 1.40866784]
Classification: 1.0 0.95 409
(10, 4)
(14, 4)
(16, 4)
[0.69485908 0.92790193 1.37723899]
Classification: 1.0 0.95 410
(10, 4)
(14, 4)
(16, 4)
[0.7044713  0.92137158 1.37415712]
Classification: 1.0 0.95 411
(10, 4)
(14, 4)
(16, 4)
[0.67643864 0.9185184  1.40504296]
Classification: 1.0 0.95 412
(10, 4)
(14, 4)
(16, 4)
[0.70960796 0.94030378 1.35008827]
Classification: 1.0 0.95 413
(10, 4)
(14, 4)
(16, 4)
[0.67542224 0.91294731 1.41163045]
Classification: 1.0 0.95 414
(10, 4)
(14, 4)
(16, 4)
[0.68386458 0.93566574 1.38046969]
Classification: 1.0 0.95 415
(10, 4)
(14, 4)
(16, 4)
[0.65254083 0.99520515 1.35225402]
Classification: 1.0 0.95 416
(10, 4)
(14, 4)
(16, 4)
[0.73690153 0.95502056 1.30807791]
Classification: 1.0 0.95 417
(10, 4)
(14, 4)
(16, 4)
[0.67771222 0.94255262 1.37973516]
Classification: 1.0 0.95 418
(10, 4)
(14, 4)
(16, 4)
[0.71829029 0.94023561 1.3414741 ]
Classification: 1.0 0.95 419
(10, 4)
(14, 4)
(16, 4)
[0.7403459  0.91778077 1.34187333]
Classification: 1.0 0.95 420
(10, 4)
(14, 4)
(16, 4)
[0.62599043 0.97732297 1.3966866 ]
Classification: 1.0 0.95 421
(10, 4)
(14, 4)
(16, 4)
[0.58806929 0.98466662 1.4272641 ]
Classification: 1.0 0.95 422
(10, 4)
(14, 4)
(16, 4)
[0.56983228 0.96372528 1.46644244]
Classification: 1.0 0.95 423
(10, 4)
(14, 4)
(16, 4)
[0.63194267 0.92943825 1.43861908]
Classification: 1.0 0.95 424
(10, 4)
(14, 4)
(16, 4)
[0.64403425 1.0444874  1.31147835]
Classification: 1.0 0.95 425
(10, 4)
(14, 4)
(16, 4)
[0.64813101 1.00605165 1.34581733]
Classification: 1.0 0.95 426
(10, 4)
(14, 4)
(16, 4)
[0.6787637  0.91866353 1.40257278]
Classification: 1.0 0.95 427
(10, 4)
(14, 4)
(16, 4)
[0.75356845 0.92028001 1.32615154]
Classification: 1.0 0.95 428
(10, 4)
(14, 4)
(16, 4)
[0.71096797 0.91266286 1.37636917]
Classification: 1.0 0.95 429
(10, 4)
(14, 4)
(16, 4)
[0.70422792 0.86769402 1.42807806]
Classification: 1.0 0.95 430
(10, 4)
(14, 4)
(16, 4)
[0.6732357  0.90601692 1.42074738]
Classification: 1.0 0.95 431
(10, 4)
(14, 4)
(16, 4)
[0.67537071 0.89671564 1.42791365]
Classification: 1.0 0.95 432
(10, 4)
(14, 4)
(16, 4)
[0.65581026 0.95117843 1.39301131]
Classification: 1.0 0.95 433
(10, 4)
(14, 4)
(16, 4)
[0.65153738 0.90052115 1.44794146]
Classification: 1.0 0.95 434
(10, 4)
(14, 4)
(16, 4)
[0.6372958  0.88124451 1.48145969]
Classification: 1.0 0.95 435
(10, 4)
(14, 4)
(16, 4)
[0.688085   0.94826313 1.36365187]
Classification: 1.0 0.95 436
(10, 4)
(14, 4)
(16, 4)
[0.69978906 0.92033042 1.37988053]
Classification: 1.0 0.95 437
(10, 4)
(14, 4)
(16, 4)
[0.62212273 0.96188882 1.41598844]
Classification: 1.0 0.95 438
(10, 4)
(14, 4)
(16, 4)
[0.66499724 0.87799711 1.45700566]
Classification: 1.0 0.95 439
(10, 4)
(14, 4)
(16, 4)
[0.6469134  0.95703346 1.39605313]
Classification: 1.0 0.95 440
(10, 4)
(14, 4)
(16, 4)
[0.69052845 0.91672146 1.39275009]
Classification: 1.0 0.95 441
(10, 4)
(14, 4)
(16, 4)
[0.66125028 0.93252742 1.4062223 ]
Classification: 1.0 0.95 442
(10, 4)
(14, 4)
(16, 4)
[0.66760378 0.87042024 1.46197598]
Classification: 1.0 0.95 443
(10, 4)
(14, 4)
(16, 4)
[0.65591693 0.94108976 1.40299331]
Classification: 1.0 0.95 444
(10, 4)
(14, 4)
(16, 4)
[0.61943189 0.97601103 1.40455709]
Classification: 1.0 0.95 445
(10, 4)
(14, 4)
(16, 4)
[0.64110491 0.95136602 1.40752907]
Classification: 1.0 0.95 446
(10, 4)
(14, 4)
(16, 4)
[0.71729969 0.93574215 1.34695815]
Classification: 1.0 0.95 447
(10, 4)
(14, 4)
(16, 4)
[0.71446375 0.90520967 1.38032658]
Classification: 1.0 0.95 448
(10, 4)
(14, 4)
(16, 4)
[0.65727834 0.97327054 1.36945112]
Classification: 1.0 0.95 449
(10, 4)
(14, 4)
(16, 4)
/mnt/data/user_liangzhiyu/envs/fedcsl/lib/python3.8/site-packages/scipy/__init__.py:146: UserWarning: A NumPy version >=1.16.5 and <1.23.0 is required for this version of SciPy (detected version 1.23.5
  warnings.warn(f"A NumPy version >={np_minversion} and <{np_maxversion}"
/mnt/data/user_liangzhiyu/envs/fedcsl/lib/python3.8/site-packages/tslearn/bases/bases.py:15: UserWarning: h5py not installed, hdf5 features will not be supported.
Install h5py to use hdf5 features: http://docs.h5py.org/
  warn(h5py_msg)
/mnt/data/user_liangzhiyu/lixiongfei/CSL-main/train.py:392: UserWarning: Creating a tensor from a list of numpy.ndarrays is extremely slow. Please consider converting the list to a single numpy.ndarray with numpy.array() before converting to a tensor. (Triggered internally at /opt/conda/conda-bld/pytorch_1724789259345/work/torch/csrc/utils/tensor_new.cpp:278.)
  X = torch.tensor(X, dtype=torch.float).contiguous()
[0.68896536 0.94390313 1.36713152]
Classification: 1.0 0.95 450
(10, 4)
(14, 4)
(16, 4)
[0.68526733 0.90922824 1.40550444]
Classification: 1.0 0.95 451
(10, 4)
(14, 4)
(16, 4)
[0.75925552 0.86178542 1.37895906]
Classification: 1.0 0.95 452
(10, 4)
(14, 4)
(16, 4)
[0.78489353 0.8927748  1.32233167]
Classification: 1.0 0.95 453
(10, 4)
(14, 4)
(16, 4)
[0.75847451 0.89236775 1.34915774]
Classification: 1.0 0.95 454
(10, 4)
(14, 4)
(16, 4)
[0.75410927 0.87010509 1.37578564]
Classification: 1.0 0.95 455
(10, 4)
(14, 4)
(16, 4)
[0.72719585 0.9235276  1.34927655]
Classification: 1.0 0.95 456
(10, 4)
(14, 4)
(16, 4)
[0.70281671 0.94022537 1.35695793]
Classification: 1.0 0.95 457
(10, 4)
(14, 4)
(16, 4)
[0.68741054 0.90100763 1.41158183]
Classification: 1.0 0.95 458
(10, 4)
(14, 4)
(16, 4)
[0.66296718 0.94693911 1.39009371]
Classification: 1.0 0.95 459
(10, 4)
(14, 4)
(16, 4)
[0.66859884 0.97127566 1.3601255 ]
Classification: 1.0 0.95 460
(10, 4)
(14, 4)
(16, 4)
[0.75183088 0.88541808 1.36275105]
Classification: 1.0 0.95 461
(10, 4)
(14, 4)
(16, 4)
[0.71620767 0.9679988  1.31579353]
Classification: 1.0 0.95 462
(10, 4)
(14, 4)
(16, 4)
[0.72748404 0.90817882 1.36433713]
Classification: 1.0 0.95 463
(10, 4)
(14, 4)
(16, 4)
[0.71582226 0.8614691  1.42270863]
Classification: 1.0 0.95 464
(10, 4)
(14, 4)
(16, 4)
[0.7221977  0.81804363 1.45975867]
Classification: 1.0 0.95 465
(10, 4)
(14, 4)
(16, 4)
[0.74051383 0.85806835 1.40141782]
Classification: 1.0 0.95 466
(10, 4)
(14, 4)
(16, 4)
[0.73972081 0.8684138  1.39186539]
Classification: 1.0 0.95 467
(10, 4)
(14, 4)
(16, 4)
[0.63108033 0.93378034 1.43513933]
Classification: 1.0 0.95 468
(10, 4)
(14, 4)
(16, 4)
[0.64455991 0.88784413 1.46759596]
Classification: 1.0 0.95 469
(10, 4)
(14, 4)
(16, 4)
[0.68039154 0.87368997 1.44591848]
Classification: 1.0 0.95 470
(10, 4)
(14, 4)
(16, 4)
[0.69843828 0.84724804 1.45431368]
Classification: 1.0 0.95 471
(10, 4)
(14, 4)
(16, 4)
[0.67900342 0.79779035 1.52320623]
Classification: 1.0 0.95 472
(10, 4)
(14, 4)
(16, 4)
[0.70051274 0.82686926 1.472618  ]
Classification: 1.0 0.95 473
(10, 4)
(14, 4)
(16, 4)
[0.70021629 0.84835586 1.45142785]
Classification: 1.0 0.95 474
(10, 4)
(14, 4)
(16, 4)
[0.6809515  0.88314002 1.43590847]
Classification: 1.0 0.95 475
(10, 4)
(14, 4)
(16, 4)
[0.69092013 0.86815423 1.44092564]
Classification: 1.0 0.95 476
(10, 4)
(14, 4)
(16, 4)
[0.72037994 0.80960696 1.4700131 ]
Classification: 1.0 0.95 477
(10, 4)
(14, 4)
(16, 4)
[0.66114651 0.88449442 1.45435908]
Classification: 1.0 0.95 478
(10, 4)
(14, 4)
(16, 4)
[0.660257   0.94985534 1.38988766]
Classification: 1.0 0.95 479
(10, 4)
(14, 4)
(16, 4)
[0.68190689 0.92985222 1.38824089]
Classification: 1.0 0.95 480
(10, 4)
(14, 4)
(16, 4)
[0.71118486 0.91680388 1.37201126]
Classification: 1.0 0.95 481
(10, 4)
(14, 4)
(16, 4)
[0.69348087 0.88915693 1.4173622 ]
Classification: 1.0 0.95 482
(10, 4)
(14, 4)
(16, 4)
[0.68108363 0.88498761 1.43392877]
Classification: 1.0 0.95 483
(10, 4)
(14, 4)
(16, 4)
[0.6672822  0.88843627 1.44428153]
Classification: 1.0 0.95 484
(10, 4)
(14, 4)
(16, 4)
[0.69472266 0.89686704 1.4084103 ]
Classification: 1.0 0.95 485
(10, 4)
(14, 4)
(16, 4)
[0.68315852 0.89209167 1.42474981]
Classification: 1.0 0.95 486
(10, 4)
(14, 4)
(16, 4)
[0.73639855 0.88187207 1.38172938]
Classification: 1.0 0.95 487
(10, 4)
(14, 4)
(16, 4)
[0.75252973 0.82124011 1.42623016]
Classification: 1.0 0.95 488
(10, 4)
(14, 4)
(16, 4)
[0.77859338 0.82257638 1.39883024]
Classification: 1.0 0.95 489
(10, 4)
(14, 4)
(16, 4)
[0.74145262 0.83763883 1.42090855]
Classification: 1.0 0.95 490
(10, 4)
(14, 4)
(16, 4)
[0.66154082 0.86380193 1.47465724]
Classification: 1.0 0.95 491
(10, 4)
(14, 4)
(16, 4)
[0.64707266 0.89590911 1.45701823]
Classification: 1.0 0.95 492
(10, 4)
(14, 4)
(16, 4)
[0.64765116 0.96792475 1.38442408]
Classification: 1.0 0.95 493
(10, 4)
(14, 4)
(16, 4)
[0.70466321 0.92090625 1.37443055]
Classification: 1.0 0.95 494
(10, 4)
(14, 4)
(16, 4)
[0.72697421 0.97256937 1.30045643]
Classification: 1.0 0.95 495
(10, 4)
(14, 4)
(16, 4)
[0.7379084  0.95723377 1.30485783]
Classification: 1.0 0.95 496
(10, 4)
(14, 4)
(16, 4)
[0.73831391 0.92607272 1.33561337]
Classification: 1.0 0.95 497
(10, 4)
(14, 4)
(16, 4)
[0.73810695 0.9000129  1.36188016]
Classification: 1.0 0.95 498
(10, 4)
(14, 4)
(16, 4)
[0.70919605 0.91191947 1.37888448]
Classification: 1.0 0.95 499
best round is 36, acc is 0.950000
Model saved to ./checkpoint/BasicMotions/2025-03-08-16_BasicMotions_model.pt
Running experiment with dataset: BasicMotions, config: ./result/ablation_study/config_BasicMotions.yml

A module that was compiled using NumPy 1.x cannot be run in
NumPy 2.0.2 as it may crash. To support both 1.x and 2.x
versions of NumPy, modules must be compiled with NumPy 2.0.
Some module may need to rebuild instead e.g. with 'pybind11>=2.12'.

If you are a user of the module, the easiest solution will be to
downgrade to 'numpy<2' or try to upgrade the affected module.
We expect that some modules will need time to support NumPy 2.

Traceback (most recent call last):  File "/mnt/data/user_liangzhiyu/lixiongfei/CSL-main/FedCSL_All.py", line 1, in <module>
    from seaborn import dark_palette
  File "/home/liangzhiyu/miniconda3/lib/python3.9/site-packages/seaborn/__init__.py", line 2, in <module>
    from .rcmod import *  # noqa: F401,F403
  File "/home/liangzhiyu/miniconda3/lib/python3.9/site-packages/seaborn/rcmod.py", line 3, in <module>
    import matplotlib as mpl
  File "/home/liangzhiyu/miniconda3/lib/python3.9/site-packages/matplotlib/__init__.py", line 129, in <module>
    from . import _api, _version, cbook, _docstring, rcsetup
  File "/home/liangzhiyu/miniconda3/lib/python3.9/site-packages/matplotlib/rcsetup.py", line 27, in <module>
    from matplotlib.colors import Colormap, is_color_like
  File "/home/liangzhiyu/miniconda3/lib/python3.9/site-packages/matplotlib/colors.py", line 56, in <module>
    from matplotlib import _api, _cm, cbook, scale
  File "/home/liangzhiyu/miniconda3/lib/python3.9/site-packages/matplotlib/scale.py", line 22, in <module>
    from matplotlib.ticker import (
  File "/home/liangzhiyu/miniconda3/lib/python3.9/site-packages/matplotlib/ticker.py", line 138, in <module>
    from matplotlib import transforms as mtransforms
  File "/home/liangzhiyu/miniconda3/lib/python3.9/site-packages/matplotlib/transforms.py", line 49, in <module>
    from matplotlib._path import (
AttributeError: _ARRAY_API not found
Traceback (most recent call last):
  File "/mnt/data/user_liangzhiyu/lixiongfei/CSL-main/FedCSL_All.py", line 1, in <module>
    from seaborn import dark_palette
  File "/home/liangzhiyu/miniconda3/lib/python3.9/site-packages/seaborn/__init__.py", line 2, in <module>
    from .rcmod import *  # noqa: F401,F403
  File "/home/liangzhiyu/miniconda3/lib/python3.9/site-packages/seaborn/rcmod.py", line 3, in <module>
    import matplotlib as mpl
  File "/home/liangzhiyu/miniconda3/lib/python3.9/site-packages/matplotlib/__init__.py", line 129, in <module>
    from . import _api, _version, cbook, _docstring, rcsetup
  File "/home/liangzhiyu/miniconda3/lib/python3.9/site-packages/matplotlib/rcsetup.py", line 27, in <module>
    from matplotlib.colors import Colormap, is_color_like
  File "/home/liangzhiyu/miniconda3/lib/python3.9/site-packages/matplotlib/colors.py", line 56, in <module>
    from matplotlib import _api, _cm, cbook, scale
  File "/home/liangzhiyu/miniconda3/lib/python3.9/site-packages/matplotlib/scale.py", line 22, in <module>
    from matplotlib.ticker import (
  File "/home/liangzhiyu/miniconda3/lib/python3.9/site-packages/matplotlib/ticker.py", line 138, in <module>
    from matplotlib import transforms as mtransforms
  File "/home/liangzhiyu/miniconda3/lib/python3.9/site-packages/matplotlib/transforms.py", line 49, in <module>
    from matplotlib._path import (
ImportError: numpy.core.multiarray failed to import
Running experiment with dataset: BasicMotions, config: ./result/ablation_study/config_BasicMotions.yml
[0.09514033 0.10277917 0.11127909 0.12035814 0.12964186 0.13872091
 0.14722083 0.15485967]
40
<class 'pandas.core.frame.DataFrame'>
RangeIndex: 40 entries, 0 to 39
Data columns (total 7 columns):
 #   Column      Non-Null Count  Dtype 
---  ------      --------------  ----- 
 0   dim_0       40 non-null     object
 1   dim_1       40 non-null     object
 2   dim_2       40 non-null     object
 3   dim_3       40 non-null     object
 4   dim_4       40 non-null     object
 5   dim_5       40 non-null     object
 6   class_vals  40 non-null     object
dtypes: object(7)
memory usage: 2.3+ KB
None
{100}
<class 'pandas.core.frame.DataFrame'>
RangeIndex: 40 entries, 0 to 39
Data columns (total 7 columns):
 #   Column      Non-Null Count  Dtype 
---  ------      --------------  ----- 
 0   dim_0       40 non-null     object
 1   dim_1       40 non-null     object
 2   dim_2       40 non-null     object
 3   dim_3       40 non-null     object
 4   dim_4       40 non-null     object
 5   dim_5       40 non-null     object
 6   class_vals  40 non-null     object
dtypes: object(7)
memory usage: 2.3+ KB
None
[0 0 0 0 0 0 0 0 0 0 1 1 1 1 1 1 1 1 1 1 2 2 2 2 2 2 2 2 2 2 3 3 3 3 3 3 3
 3 3 3]
[ 0 10 20 21 22 23 24 30 31 32]
[0, 1, 2, 2, 2, 2, 2, 3, 3, 3]
[0, 0, 0, 0, 0, 0, 0, 1, 2, 2, 2, 2, 3, 3]
[0, 0, 1, 1, 1, 1, 1, 1, 1, 1, 2, 3, 3, 3, 3, 3]
shapelet initialized! 

All 3 clinet initialized! 

(10, 4)
(14, 4)
(16, 4)
[1.18518019 0.92801852 0.88680129]
Classification: 1.0 0.925 0
(10, 4)
(14, 4)
(16, 4)
[1.13826436 0.92872438 0.93301126]
Classification: 1.0 0.9 1
(10, 4)
(14, 4)
(16, 4)
[1.11971847 0.91931701 0.96096452]
Classification: 1.0 0.9 2
(10, 4)
(14, 4)
(16, 4)
[1.10869513 0.89911133 0.99219354]
Classification: 1.0 0.9 3
(10, 4)
(14, 4)
(16, 4)
[1.09052362 0.87818264 1.03129374]
Classification: 1.0 0.9 4
(10, 4)
(14, 4)
(16, 4)
[1.06530596 0.86896731 1.06572673]
Classification: 1.0 0.9 5
(10, 4)
(14, 4)
(16, 4)
[1.06156796 0.83546135 1.1029707 ]
Classification: 1.0 0.9 6
(10, 4)
(14, 4)
(16, 4)
[1.06722764 0.85664768 1.07612469]
Classification: 1.0 0.9 7
(10, 4)
(14, 4)
(16, 4)
[1.08788636 0.87246403 1.03964961]
Classification: 1.0 0.9 8
(10, 4)
(14, 4)
(16, 4)
[1.04112082 0.89671133 1.06216785]
Classification: 1.0 0.9 9
(10, 4)
(14, 4)
(16, 4)
[1.01682636 0.86038324 1.1227904 ]
Classification: 1.0 0.9 10
(10, 4)
(14, 4)
(16, 4)
[1.0900174  0.89570624 1.01427636]
Classification: 1.0 0.9 11
(10, 4)
(14, 4)
(16, 4)
[1.09044257 0.91548606 0.99407136]
Classification: 1.0 0.9 12
(10, 4)
(14, 4)
(16, 4)
[0.98927363 1.02214839 0.98857798]
Classification: 1.0 0.9 13
(10, 4)
(14, 4)
(16, 4)
[1.00462988 0.98620099 1.00916912]
Classification: 1.0 0.9 14
(10, 4)
(14, 4)
(16, 4)
[1.04105272 0.96862732 0.99031996]
Classification: 1.0 0.9 15
(10, 4)
(14, 4)
(16, 4)
[1.00448749 0.93123622 1.06427629]
Classification: 1.0 0.9 16
(10, 4)
(14, 4)
(16, 4)
[1.05735929 0.98819074 0.95444997]
Classification: 1.0 0.9 17
(10, 4)
(14, 4)
(16, 4)
[0.95161196 1.08910983 0.95927821]
Classification: 1.0 0.9 18
(10, 4)
(14, 4)
(16, 4)
[0.96620652 1.0670336  0.96675989]
Classification: 1.0 0.9 19
(10, 4)
(14, 4)
(16, 4)
[0.91197621 1.10197253 0.98605126]
Classification: 1.0 0.9 20
(10, 4)
(14, 4)
(16, 4)
[0.99782449 1.05653348 0.94564203]
Classification: 1.0 0.9 21
(10, 4)
(14, 4)
(16, 4)
[0.98353846 1.02434632 0.99211523]
Classification: 1.0 0.9 22
(10, 4)
(14, 4)
(16, 4)
[0.92390423 1.07317975 1.00291602]
Classification: 1.0 0.9 23
(10, 4)
(14, 4)
(16, 4)
[0.97643257 1.11070845 0.91285898]
Classification: 1.0 0.9 24
(10, 4)
(14, 4)
(16, 4)
[0.96276313 1.10916435 0.92807252]
Classification: 1.0 0.9 25
(10, 4)
(14, 4)
(16, 4)
[0.86636997 1.12477027 1.00885976]
Classification: 1.0 0.925 26
(10, 4)
(14, 4)
(16, 4)
[0.92524048 1.17323314 0.90152638]
Classification: 1.0 0.9 27
(10, 4)
(14, 4)
(16, 4)
[0.91199312 1.14460998 0.9433969 ]
Classification: 1.0 0.9 28
(10, 4)
(14, 4)
(16, 4)
[0.85937118 1.20612663 0.93450219]
Classification: 1.0 0.9 29
(10, 4)
(14, 4)
(16, 4)
[0.91400906 1.20645211 0.87953882]
Classification: 1.0 0.9 30
(10, 4)
(14, 4)
(16, 4)
[0.97740227 1.15595347 0.86664426]
Classification: 1.0 0.9 31
(10, 4)
(14, 4)
(16, 4)
[0.95412409 1.18150283 0.86437308]
Classification: 1.0 0.9 32
(10, 4)
(14, 4)
(16, 4)
[0.95849002 1.1642284  0.87728158]
Classification: 1.0 0.925 33
(10, 4)
(14, 4)
(16, 4)
[0.911729   1.15018117 0.93808983]
Classification: 1.0 0.9 34
(10, 4)
(14, 4)
(16, 4)
[0.82478075 1.22213078 0.95308847]
Classification: 1.0 0.9 35
(10, 4)
(14, 4)
(16, 4)
[0.83382595 1.20856273 0.95761132]
Classification: 1.0 0.95 36
(10, 4)
(14, 4)
(16, 4)
[0.7922416  1.25064603 0.95711237]
Classification: 1.0 0.95 37
(10, 4)
(14, 4)
(16, 4)
[0.80400971 1.2325813  0.96340899]
Classification: 1.0 0.95 38
(10, 4)
(14, 4)
(16, 4)
[0.87519341 1.21232043 0.91248616]
Classification: 1.0 0.95 39
(10, 4)
(14, 4)
(16, 4)
[0.85020791 1.25618643 0.89360567]
Classification: 1.0 0.95 40
(10, 4)
(14, 4)
(16, 4)
[0.85355489 1.26790758 0.87853752]
Classification: 1.0 0.95 41
(10, 4)
(14, 4)
(16, 4)
[0.8180693  1.28820088 0.89372982]
Classification: 1.0 0.95 42
(10, 4)
(14, 4)
(16, 4)
[0.73935326 1.3903523  0.87029444]
Classification: 1.0 0.95 43
(10, 4)
(14, 4)
(16, 4)
[0.77392305 1.34118219 0.88489476]
Classification: 1.0 0.95 44
(10, 4)
(14, 4)
(16, 4)
[0.79373498 1.32991345 0.87635156]
Classification: 1.0 0.95 45
(10, 4)
(14, 4)
(16, 4)
[0.82424566 1.2933017  0.88245263]
Classification: 1.0 0.95 46
(10, 4)
(14, 4)
(16, 4)
[0.76866788 1.41214387 0.81918825]
Classification: 1.0 0.95 47
(10, 4)
(14, 4)
(16, 4)
[0.71935353 1.46343428 0.81721219]
Classification: 1.0 0.95 48
(10, 4)
(14, 4)
(16, 4)
[0.72037189 1.41102746 0.86860065]
Classification: 1.0 0.95 49
(10, 4)
(14, 4)
(16, 4)
[0.72789469 1.32763072 0.94447459]
Classification: 1.0 0.95 50
(10, 4)
(14, 4)
(16, 4)
[0.86138641 1.28838364 0.85022995]
Classification: 1.0 0.95 51
(10, 4)
(14, 4)
(16, 4)
[0.72524234 1.35901268 0.91574499]
Classification: 1.0 0.95 52
(10, 4)
(14, 4)
(16, 4)
[0.67486995 1.48793824 0.83719181]
Classification: 1.0 0.95 53
(10, 4)
(14, 4)
(16, 4)
[0.75136522 1.35814824 0.89048654]
Classification: 1.0 0.95 54
(10, 4)
(14, 4)
(16, 4)
[0.76448915 1.28641675 0.9490941 ]
Classification: 1.0 0.95 55
(10, 4)
(14, 4)
(16, 4)
[0.78558774 1.24869267 0.96571959]
Classification: 1.0 0.95 56
(10, 4)
(14, 4)
(16, 4)
[0.74295191 1.32059215 0.93645595]
Classification: 1.0 0.95 57
(10, 4)
(14, 4)
(16, 4)
[0.75764926 1.24695217 0.99539857]
Classification: 1.0 0.95 58
(10, 4)
(14, 4)
(16, 4)
[0.72414564 1.32896291 0.94689145]
Classification: 1.0 0.95 59
(10, 4)
(14, 4)
(16, 4)
[0.61544644 1.37272073 1.01183283]
Classification: 1.0 0.95 60
(10, 4)
(14, 4)
(16, 4)
[0.66337597 1.31743806 1.01918597]
Classification: 1.0 0.95 61
(10, 4)
(14, 4)
(16, 4)
[0.63286248 1.36042489 1.00671262]
Classification: 1.0 0.95 62
(10, 4)
(14, 4)
(16, 4)
[0.71931151 1.24773711 1.03295139]
Classification: 1.0 0.95 63
(10, 4)
(14, 4)
(16, 4)
[0.77080495 1.29939771 0.92979734]
Classification: 1.0 0.95 64
(10, 4)
(14, 4)
(16, 4)
[0.75831647 1.39033029 0.85135324]
Classification: 1.0 0.95 65
(10, 4)
(14, 4)
(16, 4)
[0.7465157  1.31635942 0.93712488]
Classification: 1.0 0.95 66
(10, 4)
(14, 4)
(16, 4)
[0.7101932  1.39184806 0.89795873]
Classification: 1.0 0.95 67
(10, 4)
(14, 4)
(16, 4)
[0.69874943 1.3689936  0.93225696]
Classification: 1.0 0.95 68
(10, 4)
(14, 4)
(16, 4)
[0.74071831 1.20930128 1.04998041]
Classification: 1.0 0.95 69
(10, 4)
(14, 4)
(16, 4)
[0.80599212 1.22543136 0.96857652]
Classification: 1.0 0.95 70
(10, 4)
(14, 4)
(16, 4)
[0.83428    1.19553146 0.97018854]
Classification: 1.0 0.95 71
(10, 4)
(14, 4)
(16, 4)
[0.87104047 1.12860007 1.00035947]
Classification: 1.0 0.95 72
(10, 4)
(14, 4)
(16, 4)
[0.76455361 1.33013947 0.90530691]
Classification: 1.0 0.95 73
(10, 4)
(14, 4)
(16, 4)
[0.77979976 1.28211931 0.93808093]
Classification: 1.0 0.95 74
(10, 4)
(14, 4)
(16, 4)
[0.70938946 1.25317957 1.03743097]
Classification: 1.0 0.95 75
(10, 4)
(14, 4)
(16, 4)
[0.7608827  1.33212258 0.90699473]
Classification: 1.0 0.95 76
(10, 4)
(14, 4)
(16, 4)
[0.70299916 1.29796034 0.9990405 ]
Classification: 1.0 0.95 77
(10, 4)
(14, 4)
(16, 4)
[0.72834511 1.23404186 1.03761304]
Classification: 1.0 0.95 78
(10, 4)
(14, 4)
(16, 4)
[0.78940838 1.25384615 0.95674547]
Classification: 1.0 0.95 79
(10, 4)
(14, 4)
(16, 4)
[0.88638523 1.1755552  0.93805957]
Classification: 1.0 0.95 80
(10, 4)
(14, 4)
(16, 4)
[0.82375892 1.25755282 0.91868826]
Classification: 1.0 0.95 81
(10, 4)
(14, 4)
(16, 4)
[0.86237935 1.22318962 0.91443103]
Classification: 1.0 0.95 82
(10, 4)
(14, 4)
(16, 4)
[0.90799463 1.23210371 0.85990167]
Classification: 1.0 0.95 83
(10, 4)
(14, 4)
(16, 4)
[0.83634518 1.17061674 0.99303808]
Classification: 1.0 0.95 84
(10, 4)
(14, 4)
(16, 4)
[0.83889272 1.1479387  1.01316858]
Classification: 1.0 0.95 85
(10, 4)
(14, 4)
(16, 4)
[0.80722712 1.20860017 0.98417271]
Classification: 1.0 0.95 86
(10, 4)
(14, 4)
(16, 4)
[0.85553518 1.27010089 0.87436393]
Classification: 1.0 0.95 87
(10, 4)
(14, 4)
(16, 4)
[0.83046274 1.19768086 0.9718564 ]
Classification: 1.0 0.95 88
(10, 4)
(14, 4)
(16, 4)
[0.86871329 1.02909755 1.10218916]
Classification: 1.0 0.95 89
(10, 4)
(14, 4)
(16, 4)
[0.79093155 1.1550833  1.05398515]
Classification: 1.0 0.95 90
(10, 4)
(14, 4)
(16, 4)
[0.83812041 1.17689505 0.98498455]
Classification: 1.0 0.95 91
(10, 4)
(14, 4)
(16, 4)
[0.83984584 1.2615162  0.89863796]
Classification: 1.0 0.95 92
(10, 4)
(14, 4)
(16, 4)
[0.81050455 1.29872975 0.8907657 ]
Classification: 1.0 0.95 93
(10, 4)
(14, 4)
(16, 4)
[0.82630382 1.35492678 0.8187694 ]
Classification: 1.0 0.95 94
(10, 4)
(14, 4)
(16, 4)
[0.75257701 1.30236592 0.94505708]
Classification: 1.0 0.95 95
(10, 4)
(14, 4)
(16, 4)
[0.76643859 1.24924489 0.98431653]
Classification: 1.0 0.95 96
(10, 4)
(14, 4)
(16, 4)
[0.71743415 1.417045   0.86552086]
Classification: 1.0 0.95 97
(10, 4)
(14, 4)
(16, 4)
[0.69634603 1.2907576  1.01289637]
Classification: 1.0 0.95 98
(10, 4)
(14, 4)
(16, 4)
[0.73250895 1.33369482 0.93379623]
Classification: 1.0 0.95 99
(10, 4)
(14, 4)
(16, 4)
[0.73387593 1.31668205 0.94944201]
Classification: 1.0 0.95 100
(10, 4)
(14, 4)
(16, 4)
[0.81461697 1.20272156 0.98266146]
Classification: 1.0 0.95 101
(10, 4)
(14, 4)
(16, 4)
[0.75645896 1.20421271 1.03932833]
Classification: 1.0 0.95 102
(10, 4)
(14, 4)
(16, 4)
[0.78320444 1.23567592 0.98111964]
Classification: 1.0 0.95 103
(10, 4)
(14, 4)
(16, 4)
[0.81236041 1.21620002 0.97143957]
Classification: 1.0 0.95 104
(10, 4)
(14, 4)
(16, 4)
[0.77762283 1.10164318 1.12073399]
Classification: 1.0 0.95 105
(10, 4)
(14, 4)
(16, 4)
[0.8361999  1.09812263 1.06567747]
Classification: 1.0 0.95 106
(10, 4)
(14, 4)
(16, 4)
[0.74296942 1.13554583 1.12148475]
Classification: 1.0 0.95 107
(10, 4)
(14, 4)
(16, 4)
[0.73185961 1.23903459 1.02910579]
Classification: 1.0 0.95 108
(10, 4)
(14, 4)
(16, 4)
[0.77953675 1.18356289 1.03690036]
Classification: 1.0 0.95 109
(10, 4)
(14, 4)
(16, 4)
[0.73245139 1.13333262 1.13421598]
Classification: 1.0 0.95 110
(10, 4)
(14, 4)
(16, 4)
[0.73797514 1.13828654 1.12373832]
Classification: 1.0 0.95 111
(10, 4)
(14, 4)
(16, 4)
[0.8014909  1.16699733 1.03151177]
Classification: 1.0 0.95 112
(10, 4)
(14, 4)
(16, 4)
[0.76808448 1.20498002 1.0269355 ]
Classification: 1.0 0.95 113
(10, 4)
(14, 4)
(16, 4)
[0.708665   1.23913192 1.05220309]
Classification: 1.0 0.95 114
(10, 4)
(14, 4)
(16, 4)
[0.82054774 1.15206463 1.02738763]
Classification: 1.0 0.95 115
(10, 4)
(14, 4)
(16, 4)
[0.83147938 1.18957474 0.97894588]
Classification: 1.0 0.95 116
(10, 4)
(14, 4)
(16, 4)
[0.8097253  1.22015309 0.97012162]
Classification: 1.0 0.95 117
(10, 4)
(14, 4)
(16, 4)
[0.78756837 1.16448053 1.04795111]
Classification: 1.0 0.95 118
(10, 4)
(14, 4)
(16, 4)
[0.84354698 1.09046354 1.06598948]
Classification: 1.0 0.95 119
(10, 4)
(14, 4)
(16, 4)
[0.79870646 1.08234826 1.11894529]
Classification: 1.0 0.95 120
(10, 4)
(14, 4)
(16, 4)
[0.77798699 1.02744358 1.19456943]
Classification: 1.0 0.95 121
(10, 4)
(14, 4)
(16, 4)
[0.79246923 0.99253053 1.21500024]
Classification: 1.0 0.95 122
(10, 4)
(14, 4)
(16, 4)
[0.73761379 1.00544938 1.25693683]
Classification: 1.0 0.95 123
(10, 4)
(14, 4)
(16, 4)
[0.74005754 1.1362912  1.12365126]
Classification: 1.0 0.95 124
(10, 4)
(14, 4)
(16, 4)
[0.75516225 1.15534011 1.08949764]
Classification: 1.0 0.95 125
(10, 4)
(14, 4)
(16, 4)
[0.86984255 1.03823743 1.09192001]
Classification: 1.0 0.95 126
(10, 4)
(14, 4)
(16, 4)
[0.79741968 1.0775819  1.12499842]
Classification: 1.0 0.95 127
(10, 4)
(14, 4)
(16, 4)
[0.89178988 1.13846159 0.96974853]
Classification: 1.0 0.95 128
(10, 4)
(14, 4)
(16, 4)
[0.80754419 1.0450339  1.14742191]
Classification: 1.0 0.95 129
(10, 4)
(14, 4)
(16, 4)
[0.85193888 1.05774106 1.09032006]
Classification: 1.0 0.95 130
(10, 4)
(14, 4)
(16, 4)
[0.78345707 1.05597542 1.16056751]
Classification: 1.0 0.95 131
(10, 4)
(14, 4)
(16, 4)
[0.82405248 1.10663288 1.06931464]
Classification: 1.0 0.95 132
(10, 4)
(14, 4)
(16, 4)
[0.80166399 1.12725092 1.0710851 ]
Classification: 1.0 0.95 133
(10, 4)
(14, 4)
(16, 4)
[0.87534865 1.12558824 0.99906311]
Classification: 1.0 0.95 134
(10, 4)
(14, 4)
(16, 4)
[0.87213733 1.06807818 1.05978449]
Classification: 1.0 0.95 135
(10, 4)
(14, 4)
(16, 4)
[0.82248048 1.07498521 1.10253431]
Classification: 1.0 0.95 136
(10, 4)
(14, 4)
(16, 4)
[0.82089869 1.02996876 1.14913255]
Classification: 1.0 0.95 137
(10, 4)
(14, 4)
(16, 4)
[0.80536921 0.98358671 1.21104408]
Classification: 1.0 0.95 138
(10, 4)
(14, 4)
(16, 4)
[0.77425687 1.11145011 1.11429301]
Classification: 1.0 0.95 139
(10, 4)
(14, 4)
(16, 4)
[0.72158803 1.09430666 1.1841053 ]
Classification: 1.0 0.95 140
(10, 4)
(14, 4)
(16, 4)
[0.67665227 1.15934901 1.16399872]
Classification: 1.0 0.95 141
(10, 4)
(14, 4)
(16, 4)
[0.64605331 1.1413684  1.21257829]
Classification: 1.0 0.95 142
(10, 4)
(14, 4)
(16, 4)
[0.64865755 1.10742874 1.2439137 ]
Classification: 1.0 0.95 143
(10, 4)
(14, 4)
(16, 4)
[0.71241909 1.03252227 1.25505864]
Classification: 1.0 0.95 144
(10, 4)
(14, 4)
(16, 4)
[0.7957474  1.09326402 1.11098858]
Classification: 1.0 0.95 145
(10, 4)
(14, 4)
(16, 4)
[0.76038491 1.11736076 1.12225433]
Classification: 1.0 0.95 146
(10, 4)
(14, 4)
(16, 4)
[0.82233364 1.01496628 1.16270008]
Classification: 1.0 0.95 147
(10, 4)
(14, 4)
(16, 4)
[0.82871683 1.08104248 1.09024069]
Classification: 1.0 0.95 148
(10, 4)
(14, 4)
(16, 4)
[0.75807659 1.11345758 1.12846584]
Classification: 1.0 0.95 149
(10, 4)
(14, 4)
(16, 4)
[0.82546761 1.0174418  1.15709058]
Classification: 1.0 0.95 150
(10, 4)
(14, 4)
(16, 4)
[0.79508238 1.11896329 1.08595433]
Classification: 1.0 0.95 151
(10, 4)
(14, 4)
(16, 4)
[0.75766671 1.13274968 1.10958362]
Classification: 1.0 0.95 152
(10, 4)
(14, 4)
(16, 4)
[0.72563178 1.19103262 1.0833356 ]
Classification: 1.0 0.95 153
(10, 4)
(14, 4)
(16, 4)
[0.67349041 1.12757023 1.19893937]
Classification: 1.0 0.95 154
(10, 4)
(14, 4)
(16, 4)
[0.69814011 1.2112412  1.09061869]
Classification: 1.0 0.95 155
(10, 4)
(14, 4)
(16, 4)
[0.75648658 1.13121735 1.11229607]
Classification: 1.0 0.95 156
(10, 4)
(14, 4)
(16, 4)
[0.69179936 1.15011712 1.15808352]
Classification: 1.0 0.95 157
(10, 4)
(14, 4)
(16, 4)
[0.6418075  1.17096043 1.18723206]
Classification: 1.0 0.95 158
(10, 4)
(14, 4)
(16, 4)
[0.7297971 1.1434317 1.1267712]
Classification: 1.0 0.95 159
(10, 4)
(14, 4)
(16, 4)
[0.75044556 1.03603592 1.21351852]
Classification: 1.0 0.95 160
(10, 4)
(14, 4)
(16, 4)
[0.68486325 1.14980405 1.1653327 ]
Classification: 1.0 0.95 161
(10, 4)
(14, 4)
(16, 4)
[0.69820812 1.06678596 1.23500592]
Classification: 1.0 0.95 162
(10, 4)
(14, 4)
(16, 4)
[0.67969204 1.04465051 1.27565745]
Classification: 1.0 0.95 163
(10, 4)
(14, 4)
(16, 4)
[0.67512894 1.16432169 1.16054937]
Classification: 1.0 0.95 164
(10, 4)
(14, 4)
(16, 4)
[0.5793288  1.25518148 1.16548972]
Classification: 1.0 0.95 165
(10, 4)
(14, 4)
(16, 4)
[0.63967725 1.07229522 1.28802753]
Classification: 1.0 0.95 166
(10, 4)
(14, 4)
(16, 4)
[0.62227755 1.11552547 1.26219698]
Classification: 1.0 0.95 167
(10, 4)
(14, 4)
(16, 4)
[0.68840556 1.05898192 1.25261252]
Classification: 1.0 0.95 168
(10, 4)
(14, 4)
(16, 4)
[0.64161744 1.05292178 1.30546078]
Classification: 1.0 0.95 169
(10, 4)
(14, 4)
(16, 4)
[0.68150678 0.99977538 1.31871784]
Classification: 1.0 0.95 170
(10, 4)
(14, 4)
(16, 4)
[0.70309511 0.94522401 1.35168088]
Classification: 1.0 0.95 171
(10, 4)
(14, 4)
(16, 4)
[0.74462919 0.91081729 1.34455352]
Classification: 1.0 0.95 172
(10, 4)
(14, 4)
(16, 4)
[0.84055604 0.99282101 1.16662295]
Classification: 1.0 0.95 173
(10, 4)
(14, 4)
(16, 4)
[0.71090289 1.00486499 1.28423212]
Classification: 1.0 0.95 174
(10, 4)
(14, 4)
(16, 4)
[0.74255009 1.03773691 1.21971299]
Classification: 1.0 0.95 175
(10, 4)
(14, 4)
(16, 4)
[0.72482205 0.95251389 1.32266407]
Classification: 1.0 0.95 176
(10, 4)
(14, 4)
(16, 4)
[0.78520601 0.93826638 1.27652761]
Classification: 1.0 0.95 177
(10, 4)
(14, 4)
(16, 4)
[0.69262414 0.98933828 1.31803758]
Classification: 1.0 0.95 178
(10, 4)
(14, 4)
(16, 4)
[0.72404917 0.96802597 1.30792486]
Classification: 1.0 0.95 179
(10, 4)
(14, 4)
(16, 4)
[0.72092484 0.99925327 1.27982189]
Classification: 1.0 0.95 180
(10, 4)
(14, 4)
(16, 4)
[0.68663114 1.01892888 1.29443999]
Classification: 1.0 0.95 181
(10, 4)
(14, 4)
(16, 4)
[0.69658053 0.97697836 1.32644111]
Classification: 1.0 0.95 182
(10, 4)
(14, 4)
(16, 4)
[0.67738547 1.01821472 1.30439981]
Classification: 1.0 0.95 183
(10, 4)
(14, 4)
(16, 4)
[0.73903954 1.08260195 1.17835851]
Classification: 1.0 0.95 184
(10, 4)
(14, 4)
(16, 4)
[0.77001556 1.00370394 1.22628051]
Classification: 1.0 0.95 185
(10, 4)
(14, 4)
(16, 4)
[0.82407885 1.05800026 1.11792089]
Classification: 1.0 0.95 186
(10, 4)
(14, 4)
(16, 4)
[0.70520013 0.98308571 1.31171416]
Classification: 1.0 0.95 187
(10, 4)
(14, 4)
(16, 4)
[0.73629628 0.91536387 1.34833985]
Classification: 1.0 0.95 188
(10, 4)
(14, 4)
(16, 4)
[0.77856264 1.04761806 1.1738193 ]
Classification: 1.0 0.95 189
(10, 4)
(14, 4)
(16, 4)
[0.70820999 0.96601798 1.32577203]
Classification: 1.0 0.95 190
(10, 4)
(14, 4)
(16, 4)
[0.75900323 0.93385974 1.30713703]
Classification: 1.0 0.95 191
(10, 4)
(14, 4)
(16, 4)
[0.78117235 0.95678626 1.26204139]
Classification: 1.0 0.95 192
(10, 4)
(14, 4)
(16, 4)
[0.77836223 0.91526066 1.3063771 ]
Classification: 1.0 0.95 193
(10, 4)
(14, 4)
(16, 4)
[0.76264802 0.95067695 1.28667504]
Classification: 1.0 0.95 194
(10, 4)
(14, 4)
(16, 4)
[0.71668586 0.98152841 1.30178573]
Classification: 1.0 0.95 195
(10, 4)
(14, 4)
(16, 4)
[0.734587   1.02208717 1.24332583]
Classification: 1.0 0.95 196
(10, 4)
(14, 4)
(16, 4)
[0.72112098 1.05558945 1.22328957]
Classification: 1.0 0.95 197
(10, 4)
(14, 4)
(16, 4)
[0.72013762 1.0214611  1.25840129]
Classification: 1.0 0.95 198
(10, 4)
(14, 4)
(16, 4)
[0.72769408 0.98044216 1.29186376]
Classification: 1.0 0.95 199
(10, 4)
(14, 4)
(16, 4)
[0.75186083 0.95746933 1.29066984]
Classification: 1.0 0.95 200
(10, 4)
(14, 4)
(16, 4)
[0.73642613 0.93681211 1.32676176]
Classification: 1.0 0.95 201
(10, 4)
(14, 4)
(16, 4)
[0.68584565 0.97586077 1.33829358]
Classification: 1.0 0.95 202
(10, 4)
(14, 4)
(16, 4)
[0.69623789 0.91844918 1.38531293]
Classification: 1.0 0.95 203
(10, 4)
(14, 4)
(16, 4)
[0.77821012 0.89887032 1.32291955]
Classification: 1.0 0.95 204
(10, 4)
(14, 4)
(16, 4)
[0.72578357 0.89598799 1.37822844]
Classification: 1.0 0.95 205
(10, 4)
(14, 4)
(16, 4)
[0.78692892 0.95089735 1.26217372]
Classification: 1.0 0.95 206
(10, 4)
(14, 4)
(16, 4)
[0.73172997 0.98151351 1.28675652]
Classification: 1.0 0.95 207
(10, 4)
(14, 4)
(16, 4)
[0.74520414 0.93895364 1.31584222]
Classification: 1.0 0.95 208
(10, 4)
(14, 4)
(16, 4)
[0.72344599 0.97241799 1.30413602]
Classification: 1.0 0.95 209
(10, 4)
(14, 4)
(16, 4)
[0.77229621 0.89234621 1.33535758]
Classification: 1.0 0.95 210
(10, 4)
(14, 4)
(16, 4)
[0.7212324  0.97055693 1.30821067]
Classification: 1.0 0.95 211
(10, 4)
(14, 4)
(16, 4)
[0.70193468 0.96350943 1.33455588]
Classification: 1.0 0.95 212
(10, 4)
(14, 4)
(16, 4)
[0.74767737 0.99037804 1.26194458]
Classification: 1.0 0.95 213
(10, 4)
(14, 4)
(16, 4)
[0.80753501 0.87479784 1.31766714]
Classification: 1.0 0.95 214
(10, 4)
(14, 4)
(16, 4)
[0.78114604 0.89985479 1.31899917]
Classification: 1.0 0.95 215
(10, 4)
(14, 4)
(16, 4)
[0.7575428  0.98932572 1.25313148]
Classification: 1.0 0.95 216
(10, 4)
(14, 4)
(16, 4)
[0.72219737 0.86718937 1.41061326]
Classification: 1.0 0.95 217
(10, 4)
(14, 4)
(16, 4)
[0.71680888 0.91075098 1.37244015]
Classification: 1.0 0.95 218
(10, 4)
(14, 4)
(16, 4)
[0.77783218 0.97977675 1.24239106]
Classification: 1.0 0.95 219
(10, 4)
(14, 4)
(16, 4)
[0.74010586 0.98480888 1.27508527]
Classification: 1.0 0.95 220
(10, 4)
(14, 4)
(16, 4)
[0.77078744 0.94878315 1.28042942]
Classification: 1.0 0.95 221
(10, 4)
(14, 4)
(16, 4)
[0.70956805 0.98002341 1.31040854]
Classification: 1.0 0.95 222
(10, 4)
(14, 4)
(16, 4)
[0.74920507 0.85413393 1.396661  ]
Classification: 1.0 0.95 223
(10, 4)
(14, 4)
(16, 4)
[0.74790263 0.92201366 1.33008371]
Classification: 1.0 0.95 224
(10, 4)
(14, 4)
(16, 4)
[0.71633569 1.03132378 1.25234053]
Classification: 1.0 0.95 225
(10, 4)
(14, 4)
(16, 4)
[0.73711434 0.93888643 1.32399923]
Classification: 1.0 0.95 226
(10, 4)
(14, 4)
(16, 4)
[0.71380006 0.9434879  1.34271204]
Classification: 1.0 0.95 227
(10, 4)
(14, 4)
(16, 4)
[0.76544901 1.00247812 1.23207288]
Classification: 1.0 0.95 228
(10, 4)
(14, 4)
(16, 4)
[0.76051908 1.00406935 1.23541157]
Classification: 1.0 0.95 229
(10, 4)
(14, 4)
(16, 4)
[0.76219946 1.00081407 1.23698647]
Classification: 1.0 0.95 230
(10, 4)
(14, 4)
(16, 4)
[0.73323342 1.01446817 1.25229841]
Classification: 1.0 0.95 231
(10, 4)
(14, 4)
(16, 4)
[0.80715322 0.96515704 1.22768974]
Classification: 1.0 0.95 232
(10, 4)
(14, 4)
(16, 4)
[0.7557605  0.87123988 1.37299962]
Classification: 1.0 0.95 233
(10, 4)
(14, 4)
(16, 4)
[0.79490234 0.9595771  1.24552056]
Classification: 1.0 0.95 234
(10, 4)
(14, 4)
(16, 4)
[0.78394338 0.9786964  1.23736022]
Classification: 1.0 0.95 235
(10, 4)
(14, 4)
(16, 4)
[0.75046519 1.04482713 1.20470768]
Classification: 1.0 0.95 236
(10, 4)
(14, 4)
(16, 4)
[0.78179846 1.01246417 1.20573736]
Classification: 1.0 0.95 237
(10, 4)
(14, 4)
(16, 4)
[0.77031866 0.99979079 1.22989054]
Classification: 1.0 0.95 238
(10, 4)
(14, 4)
(16, 4)
[0.72714435 0.98461443 1.28824121]
Classification: 1.0 0.95 239
(10, 4)
(14, 4)
(16, 4)
[0.71441032 1.05856602 1.22702366]
Classification: 1.0 0.95 240
(10, 4)
(14, 4)
(16, 4)
[0.69832278 1.04845167 1.25322555]
Classification: 1.0 0.95 241
(10, 4)
(14, 4)
(16, 4)
[0.72407995 1.05777666 1.21814339]
Classification: 1.0 0.95 242
(10, 4)
(14, 4)
(16, 4)
[0.72576038 0.95525572 1.3189839 ]
Classification: 1.0 0.95 243
(10, 4)
(14, 4)
(16, 4)
[0.74808057 0.92670079 1.32521863]
Classification: 1.0 0.95 244
(10, 4)
(14, 4)
(16, 4)
[0.71689402 1.02495657 1.25814942]
Classification: 1.0 0.95 245
(10, 4)
(14, 4)
(16, 4)
[0.73974647 0.91360102 1.3466525 ]
Classification: 1.0 0.95 246
(10, 4)
(14, 4)
(16, 4)
[0.64204773 0.95645686 1.4014954 ]
Classification: 1.0 0.95 247
(10, 4)
(14, 4)
(16, 4)
[0.6983229  0.93716607 1.36451103]
Classification: 1.0 0.95 248
(10, 4)
(14, 4)
(16, 4)
[0.67410598 0.88103775 1.44485628]
Classification: 1.0 0.95 249
(10, 4)
(14, 4)
(16, 4)
[0.75000853 0.83320055 1.41679092]
Classification: 1.0 0.95 250
(10, 4)
(14, 4)
(16, 4)
[0.67351614 0.82320991 1.50327395]
Classification: 1.0 0.95 251
(10, 4)
(14, 4)
(16, 4)
[0.71393439 0.78915071 1.49691489]
Classification: 1.0 0.95 252
(10, 4)
(14, 4)
(16, 4)
[0.73306039 0.87687273 1.39006688]
Classification: 1.0 0.95 253
(10, 4)
(14, 4)
(16, 4)
[0.7408528  0.8374915  1.42165569]
Classification: 1.0 0.95 254
(10, 4)
(14, 4)
(16, 4)
[0.75421678 0.89459752 1.35118569]
Classification: 1.0 0.95 255
(10, 4)
(14, 4)
(16, 4)
[0.69002709 0.88989625 1.42007666]
Classification: 1.0 0.95 256
(10, 4)
(14, 4)
(16, 4)
[0.66178306 0.8775939  1.46062303]
Classification: 1.0 0.95 257
(10, 4)
(14, 4)
(16, 4)
[0.64729492 0.90595854 1.44674654]
Classification: 1.0 0.95 258
(10, 4)
(14, 4)
(16, 4)
[0.6410278  0.8818606  1.47711159]
Classification: 1.0 0.95 259
(10, 4)
(14, 4)
(16, 4)
[0.64632456 0.88849383 1.46518161]
Classification: 1.0 0.95 260
(10, 4)
(14, 4)
(16, 4)
[0.69019941 0.96233867 1.34746192]
Classification: 1.0 0.95 261
(10, 4)
(14, 4)
(16, 4)
[0.68501021 0.94028152 1.37470827]
Classification: 1.0 0.95 262
(10, 4)
(14, 4)
(16, 4)
[0.75100013 0.85164101 1.39735886]
Classification: 1.0 0.95 263
(10, 4)
(14, 4)
(16, 4)
[0.67781346 0.81112868 1.51105786]
Classification: 1.0 0.95 264
(10, 4)
(14, 4)
(16, 4)
[0.71576621 0.86390703 1.42032676]
Classification: 1.0 0.95 265
(10, 4)
(14, 4)
(16, 4)
[0.75733647 0.87070877 1.37195476]
Classification: 1.0 0.95 266
(10, 4)
(14, 4)
(16, 4)
[0.64995309 0.97689784 1.37314907]
Classification: 1.0 0.95 267
(10, 4)
(14, 4)
(16, 4)
[0.64375573 0.94816687 1.4080774 ]
Classification: 1.0 0.95 268
(10, 4)
(14, 4)
(16, 4)
[0.60454612 0.90122899 1.49422489]
Classification: 1.0 0.95 269
(10, 4)
(14, 4)
(16, 4)
[0.65410019 0.89838224 1.44751757]
Classification: 1.0 0.95 270
(10, 4)
(14, 4)
(16, 4)
[0.6459986  0.96119302 1.39280838]
Classification: 1.0 0.95 271
(10, 4)
(14, 4)
(16, 4)
[0.65148111 0.82068978 1.5278291 ]
Classification: 1.0 0.95 272
(10, 4)
(14, 4)
(16, 4)
[0.63793983 0.92884513 1.43321504]
Classification: 1.0 0.95 273
(10, 4)
(14, 4)
(16, 4)
[0.67546427 0.86486565 1.45967008]
Classification: 1.0 0.95 274
(10, 4)
(14, 4)
(16, 4)
[0.69002959 0.90670234 1.40326807]
Classification: 1.0 0.95 275
(10, 4)
(14, 4)
(16, 4)
[0.67551648 0.89842209 1.42606143]
Classification: 1.0 0.95 276
(10, 4)
(14, 4)
(16, 4)
[0.65517589 0.92004054 1.42478357]
Classification: 1.0 0.95 277
(10, 4)
(14, 4)
(16, 4)
[0.64547938 0.93117999 1.42334063]
Classification: 1.0 0.95 278
(10, 4)
(14, 4)
(16, 4)
[0.63558667 1.00158938 1.36282395]
Classification: 1.0 0.95 279
(10, 4)
(14, 4)
(16, 4)
[0.6275463  0.88735505 1.48509865]
Classification: 1.0 0.95 280
(10, 4)
(14, 4)
(16, 4)
[0.65592335 0.94776588 1.39631077]
Classification: 1.0 0.95 281
(10, 4)
(14, 4)
(16, 4)
[0.67332345 0.88853319 1.43814336]
Classification: 1.0 0.95 282
(10, 4)
(14, 4)
(16, 4)
[0.66500189 0.95397094 1.38102717]
Classification: 1.0 0.95 283
(10, 4)
(14, 4)
(16, 4)
[0.65748414 0.92425803 1.41825782]
Classification: 1.0 0.95 284
(10, 4)
(14, 4)
(16, 4)
[0.67912108 0.95528654 1.36559237]
Classification: 1.0 0.95 285
(10, 4)
(14, 4)
(16, 4)
[0.65822633 0.96982909 1.37194458]
Classification: 1.0 0.95 286
(10, 4)
(14, 4)
(16, 4)
[0.6742062  0.99462847 1.33116533]
Classification: 1.0 0.95 287
(10, 4)
(14, 4)
(16, 4)
[0.67827792 0.92299803 1.39872405]
Classification: 1.0 0.95 288
(10, 4)
(14, 4)
(16, 4)
[0.62272783 0.90972251 1.46754966]
Classification: 1.0 0.95 289
(10, 4)
(14, 4)
(16, 4)
[0.61005335 0.89121128 1.49873537]
Classification: 1.0 0.95 290
(10, 4)
(14, 4)
(16, 4)
[0.70518117 0.86205895 1.43275988]
Classification: 1.0 0.95 291
(10, 4)
(14, 4)
(16, 4)
[0.70651356 0.89822404 1.3952624 ]
Classification: 1.0 0.95 292
(10, 4)
(14, 4)
(16, 4)
[0.69330319 0.91409862 1.39259819]
Classification: 1.0 0.95 293
(10, 4)
(14, 4)
(16, 4)
[0.63372796 0.89768096 1.46859107]
Classification: 1.0 0.95 294
(10, 4)
(14, 4)
(16, 4)
[0.60931798 0.96020526 1.43047677]
Classification: 1.0 0.95 295
(10, 4)
(14, 4)
(16, 4)
[0.67616484 0.88206774 1.44176742]
Classification: 1.0 0.95 296
(10, 4)
(14, 4)
(16, 4)
[0.69787469 0.91445147 1.38767384]
Classification: 1.0 0.95 297
(10, 4)
(14, 4)
(16, 4)
[0.69721755 0.94059649 1.36218595]
Classification: 1.0 0.95 298
(10, 4)
(14, 4)
(16, 4)
[0.70066793 0.93782883 1.36150325]
Classification: 1.0 0.95 299
(10, 4)
(14, 4)
(16, 4)
[0.70287489 0.87741588 1.41970923]
Classification: 1.0 0.95 300
(10, 4)
(14, 4)
(16, 4)
[0.66449902 0.8909397  1.44456128]
Classification: 1.0 0.95 301
(10, 4)
(14, 4)
(16, 4)
[0.64964743 0.84858652 1.50176605]
Classification: 1.0 0.95 302
(10, 4)
(14, 4)
(16, 4)
[0.63564161 0.97177432 1.39258407]
Classification: 1.0 0.95 303
(10, 4)
(14, 4)
(16, 4)
[0.63938059 0.87632742 1.48429199]
Classification: 1.0 0.95 304
(10, 4)
(14, 4)
(16, 4)
[0.62466113 0.91517486 1.46016401]
Classification: 1.0 0.95 305
(10, 4)
(14, 4)
(16, 4)
[0.62566217 1.00323028 1.37110755]
Classification: 1.0 0.95 306
(10, 4)
(14, 4)
(16, 4)
[0.68635227 0.97125701 1.34239071]
Classification: 1.0 0.95 307
(10, 4)
(14, 4)
(16, 4)
[0.67677824 1.00996972 1.31325204]
Classification: 1.0 0.95 308
(10, 4)
(14, 4)
(16, 4)
[0.61595141 1.06356094 1.32048766]
Classification: 1.0 0.95 309
(10, 4)
(14, 4)
(16, 4)
[0.60964484 1.0694541  1.32090106]
Classification: 1.0 0.95 310
(10, 4)
(14, 4)
(16, 4)
[0.58814349 1.09929938 1.31255712]
Classification: 1.0 0.95 311
(10, 4)
(14, 4)
(16, 4)
[0.59522772 1.05426361 1.35050867]
Classification: 1.0 0.95 312
(10, 4)
(14, 4)
(16, 4)
[0.65891637 0.91949549 1.42158814]
Classification: 1.0 0.95 313
(10, 4)
(14, 4)
(16, 4)
[0.68931457 0.88845997 1.42222546]
Classification: 1.0 0.95 314
(10, 4)
(14, 4)
(16, 4)
[0.69214235 0.90490915 1.40294851]
Classification: 1.0 0.95 315
(10, 4)
(14, 4)
(16, 4)
[0.66706083 0.92130467 1.4116345 ]
Classification: 1.0 0.95 316
(10, 4)
(14, 4)
(16, 4)
[0.67485543 0.8593502  1.46579437]
Classification: 1.0 0.95 317
(10, 4)
(14, 4)
(16, 4)
[0.66993812 1.02246068 1.3076012 ]
Classification: 1.0 0.95 318
(10, 4)
(14, 4)
(16, 4)
[0.65726496 0.97891362 1.36382141]
Classification: 1.0 0.95 319
(10, 4)
(14, 4)
(16, 4)
[0.6516715  1.02862741 1.3197011 ]
Classification: 1.0 0.95 320
(10, 4)
(14, 4)
(16, 4)
[0.66533362 0.94161645 1.39304993]
Classification: 1.0 0.95 321
(10, 4)
(14, 4)
(16, 4)
[0.63912544 1.01918069 1.34169386]
Classification: 1.0 0.95 322
(10, 4)
(14, 4)
(16, 4)
[0.59836234 1.05218734 1.34945032]
Classification: 1.0 0.95 323
(10, 4)
(14, 4)
(16, 4)
[0.64125752 0.97615971 1.38258278]
Classification: 1.0 0.95 324
(10, 4)
(14, 4)
(16, 4)
[0.66981839 0.92522179 1.40495983]
Classification: 1.0 0.95 325
(10, 4)
(14, 4)
(16, 4)
[0.6536433  1.05868782 1.28766888]
Classification: 1.0 0.95 326
(10, 4)
(14, 4)
(16, 4)
[0.63095172 1.04339937 1.32564891]
Classification: 1.0 0.95 327
(10, 4)
(14, 4)
(16, 4)
[0.65207127 0.93001091 1.41791782]
Classification: 1.0 0.95 328
(10, 4)
(14, 4)
(16, 4)
[0.63056088 0.94764618 1.42179294]
Classification: 1.0 0.95 329
(10, 4)
(14, 4)
(16, 4)
[0.62878874 0.97322018 1.39799108]
Classification: 1.0 0.95 330
(10, 4)
(14, 4)
(16, 4)
[0.64758561 0.91500005 1.43741434]
Classification: 1.0 0.95 331
(10, 4)
(14, 4)
(16, 4)
[0.59428606 0.93957892 1.46613502]
Classification: 1.0 0.95 332
(10, 4)
(14, 4)
(16, 4)
[0.6310638 0.9099116 1.4590246]
Classification: 1.0 0.95 333
(10, 4)
(14, 4)
(16, 4)
[0.63433477 0.9424934  1.42317182]
Classification: 1.0 0.95 334
(10, 4)
(14, 4)
(16, 4)
[0.60861654 0.94896498 1.44241847]
Classification: 1.0 0.95 335
(10, 4)
(14, 4)
(16, 4)
[0.68081087 0.99553589 1.32365324]
Classification: 1.0 0.95 336
(10, 4)
(14, 4)
(16, 4)
[0.69548351 0.96294516 1.34157133]
Classification: 1.0 0.95 337
(10, 4)
(14, 4)
(16, 4)
[0.64127415 0.93617873 1.42254712]
Classification: 1.0 0.95 338
(10, 4)
(14, 4)
(16, 4)
[0.5988193 1.0139888 1.3871919]
Classification: 1.0 0.95 339
(10, 4)
(14, 4)
(16, 4)
[0.66848677 0.93531118 1.39620205]
Classification: 1.0 0.95 340
(10, 4)
(14, 4)
(16, 4)
[0.73128431 0.89572379 1.3729919 ]
Classification: 1.0 0.95 341
(10, 4)
(14, 4)
(16, 4)
[0.66520707 0.9469218  1.38787114]
Classification: 1.0 0.95 342
(10, 4)
(14, 4)
(16, 4)
[0.66443006 0.92552521 1.41004472]
Classification: 1.0 0.95 343
(10, 4)
(14, 4)
(16, 4)
[0.70147195 0.95519357 1.34333448]
Classification: 1.0 0.95 344
(10, 4)
(14, 4)
(16, 4)
[0.71874682 0.94177426 1.33947892]
Classification: 1.0 0.95 345
(10, 4)
(14, 4)
(16, 4)
[0.68896236 0.9697954  1.34124225]
Classification: 1.0 0.95 346
(10, 4)
(14, 4)
(16, 4)
[0.69836055 0.93137431 1.37026514]
Classification: 1.0 0.95 347
(10, 4)
(14, 4)
(16, 4)
[0.6794923  0.95151214 1.36899556]
Classification: 1.0 0.95 348
(10, 4)
(14, 4)
(16, 4)
[0.62365192 1.04510536 1.33124273]
Classification: 1.0 0.95 349
(10, 4)
(14, 4)
(16, 4)
[0.63811308 0.92986597 1.43202094]
Classification: 1.0 0.95 350
(10, 4)
(14, 4)
(16, 4)
[0.65079478 0.94753149 1.40167374]
Classification: 1.0 0.95 351
(10, 4)
(14, 4)
(16, 4)
[0.73525377 0.88691198 1.37783425]
Classification: 1.0 0.95 352
(10, 4)
(14, 4)
(16, 4)
[0.75825093 0.91880629 1.32294278]
Classification: 1.0 0.95 353
(10, 4)
(14, 4)
(16, 4)
[0.71269305 0.89324602 1.39406092]
Classification: 1.0 0.95 354
(10, 4)
(14, 4)
(16, 4)
[0.73181776 0.92897899 1.33920325]
Classification: 1.0 0.95 355
(10, 4)
(14, 4)
(16, 4)
[0.69557973 0.87265789 1.43176238]
Classification: 1.0 0.95 356
(10, 4)
(14, 4)
(16, 4)
[0.73984525 0.89717347 1.36298128]
Classification: 1.0 0.95 357
(10, 4)
(14, 4)
(16, 4)
[0.63867083 0.95100139 1.41032778]
Classification: 1.0 0.95 358
(10, 4)
(14, 4)
(16, 4)
[0.67099403 0.91837036 1.41063561]
Classification: 1.0 0.95 359
(10, 4)
(14, 4)
(16, 4)
[0.68253253 0.9187196  1.39874787]
Classification: 1.0 0.95 360
(10, 4)
(14, 4)
(16, 4)
[0.73493116 0.85778579 1.40728305]
Classification: 1.0 0.95 361
(10, 4)
(14, 4)
(16, 4)
[0.71180065 0.94071591 1.34748344]
Classification: 1.0 0.95 362
(10, 4)
(14, 4)
(16, 4)
[0.71694175 0.9400395  1.34301875]
Classification: 1.0 0.95 363
(10, 4)
(14, 4)
(16, 4)
[0.72813568 0.91941216 1.35245216]
Classification: 1.0 0.95 364
(10, 4)
(14, 4)
(16, 4)
[0.68194584 0.93931344 1.37874072]
Classification: 1.0 0.95 365
(10, 4)
(14, 4)
(16, 4)
[0.73280139 0.96026061 1.306938  ]
Classification: 1.0 0.95 366
(10, 4)
(14, 4)
(16, 4)
[0.77877458 0.91381016 1.30741526]
Classification: 1.0 0.95 367
(10, 4)
(14, 4)
(16, 4)
[0.73402854 0.90415584 1.36181562]
Classification: 1.0 0.95 368
(10, 4)
(14, 4)
(16, 4)
[0.68286832 0.92344516 1.39368651]
Classification: 1.0 0.95 369
(10, 4)
(14, 4)
(16, 4)
[0.6840184  0.88718031 1.4288013 ]
Classification: 1.0 0.95 370
(10, 4)
(14, 4)
(16, 4)
[0.66912312 0.87835415 1.45252273]
Classification: 1.0 0.95 371
(10, 4)
(14, 4)
(16, 4)
[0.68648259 0.90939214 1.40412527]
Classification: 1.0 0.95 372
(10, 4)
(14, 4)
(16, 4)
[0.62047591 0.9033797  1.47614439]
Classification: 1.0 0.95 373
(10, 4)
(14, 4)
(16, 4)
[0.64622671 0.96679266 1.38698063]
Classification: 1.0 0.95 374
(10, 4)
(14, 4)
(16, 4)
[0.63435659 0.98619422 1.37944919]
Classification: 1.0 0.95 375
(10, 4)
(14, 4)
(16, 4)
[0.62023292 0.97174423 1.40802285]
Classification: 1.0 0.95 376
(10, 4)
(14, 4)
(16, 4)
[0.6169548  1.02724665 1.35579855]
Classification: 1.0 0.95 377
(10, 4)
(14, 4)
(16, 4)
[0.6255296  0.96985271 1.40461769]
Classification: 1.0 0.95 378
(10, 4)
(14, 4)
(16, 4)
[0.64153456 1.11723017 1.24123527]
Classification: 1.0 0.95 379
(10, 4)
(14, 4)
(16, 4)
[0.67513743 1.10426154 1.22060104]
Classification: 1.0 0.95 380
(10, 4)
(14, 4)
(16, 4)
[0.68082259 1.00546206 1.31371535]
Classification: 1.0 0.95 381
(10, 4)
(14, 4)
(16, 4)
[0.70019458 1.01934764 1.28045778]
Classification: 1.0 0.95 382
(10, 4)
(14, 4)
(16, 4)
[0.70343044 0.98230016 1.3142694 ]
Classification: 1.0 0.95 383
(10, 4)
(14, 4)
(16, 4)
[0.64685782 1.00127741 1.35186476]
Classification: 1.0 0.95 384
(10, 4)
(14, 4)
(16, 4)
[0.64743547 1.03237194 1.32019259]
Classification: 1.0 0.95 385
(10, 4)
(14, 4)
(16, 4)
[0.67370319 0.94252929 1.38376752]
Classification: 1.0 0.95 386
(10, 4)
(14, 4)
(16, 4)
[0.65515524 0.95961289 1.38523186]
Classification: 1.0 0.95 387
(10, 4)
(14, 4)
(16, 4)
[0.68346556 0.96765598 1.34887847]
Classification: 1.0 0.95 388
(10, 4)
(14, 4)
(16, 4)
[0.65003018 0.99243718 1.35753264]
Classification: 1.0 0.95 389
(10, 4)
(14, 4)
(16, 4)
[0.7172942  0.97851714 1.30418866]
Classification: 1.0 0.95 390
(10, 4)
(14, 4)
(16, 4)
[0.68670728 0.97524367 1.33804905]
Classification: 1.0 0.95 391
(10, 4)
(14, 4)
(16, 4)
[0.66119216 0.90890784 1.42990001]
Classification: 1.0 0.95 392
(10, 4)
(14, 4)
(16, 4)
[0.65108065 0.91468398 1.43423538]
Classification: 1.0 0.95 393
(10, 4)
(14, 4)
(16, 4)
[0.65184179 0.86938849 1.47876972]
Classification: 1.0 0.95 394
(10, 4)
(14, 4)
(16, 4)
[0.70039592 0.87897492 1.42062917]
Classification: 1.0 0.95 395
(10, 4)
(14, 4)
(16, 4)
[0.68870775 0.93540904 1.3758832 ]
Classification: 1.0 0.95 396
(10, 4)
(14, 4)
(16, 4)
[0.7274097  0.89259833 1.37999196]
Classification: 1.0 0.95 397
(10, 4)
(14, 4)
(16, 4)
[0.73151534 0.88640656 1.3820781 ]
Classification: 1.0 0.95 398
(10, 4)
(14, 4)
(16, 4)
[0.73184431 0.92159755 1.34655814]
Classification: 1.0 0.95 399
(10, 4)
(14, 4)
(16, 4)
[0.7288241  0.94077712 1.33039878]
Classification: 1.0 0.95 400
(10, 4)
(14, 4)
(16, 4)
[0.6571842  0.90969449 1.43312131]
Classification: 1.0 0.95 401
(10, 4)
(14, 4)
(16, 4)
[0.62280567 0.90790465 1.46928968]
Classification: 1.0 0.95 402
(10, 4)
(14, 4)
(16, 4)
[0.61234909 0.9370598  1.4505911 ]
Classification: 1.0 0.95 403
(10, 4)
(14, 4)
(16, 4)
[0.65185973 0.96488245 1.38325782]
Classification: 1.0 0.95 404
(10, 4)
(14, 4)
(16, 4)
[0.66015102 1.00386911 1.33597987]
Classification: 1.0 0.95 405
(10, 4)
(14, 4)
(16, 4)
[0.63376165 0.99252209 1.37371626]
Classification: 1.0 0.95 406
(10, 4)
(14, 4)
(16, 4)
[0.65840406 0.973015   1.36858094]
Classification: 1.0 0.95 407
(10, 4)
(14, 4)
(16, 4)
[0.64586281 0.96439159 1.3897456 ]
Classification: 1.0 0.95 408
(10, 4)
(14, 4)
(16, 4)
[0.67327345 0.91805871 1.40866784]
Classification: 1.0 0.95 409
(10, 4)
(14, 4)
(16, 4)
[0.69485908 0.92790193 1.37723899]
Classification: 1.0 0.95 410
(10, 4)
(14, 4)
(16, 4)
[0.7044713  0.92137158 1.37415712]
Classification: 1.0 0.95 411
(10, 4)
(14, 4)
(16, 4)
[0.67643864 0.9185184  1.40504296]
Classification: 1.0 0.95 412
(10, 4)
(14, 4)
(16, 4)
[0.70960796 0.94030378 1.35008827]
Classification: 1.0 0.95 413
(10, 4)
(14, 4)
(16, 4)
[0.67542224 0.91294731 1.41163045]
Classification: 1.0 0.95 414
(10, 4)
(14, 4)
(16, 4)
[0.68386458 0.93566574 1.38046969]
Classification: 1.0 0.95 415
(10, 4)
(14, 4)
(16, 4)
[0.65254083 0.99520515 1.35225402]
Classification: 1.0 0.95 416
(10, 4)
(14, 4)
(16, 4)
[0.73690153 0.95502056 1.30807791]
Classification: 1.0 0.95 417
(10, 4)
(14, 4)
(16, 4)
[0.67771222 0.94255262 1.37973516]
Classification: 1.0 0.95 418
(10, 4)
(14, 4)
(16, 4)
[0.71829029 0.94023561 1.3414741 ]
Classification: 1.0 0.95 419
(10, 4)
(14, 4)
(16, 4)
[0.7403459  0.91778077 1.34187333]
Classification: 1.0 0.95 420
(10, 4)
(14, 4)
(16, 4)
[0.62599043 0.97732297 1.3966866 ]
Classification: 1.0 0.95 421
(10, 4)
(14, 4)
(16, 4)
[0.58806929 0.98466662 1.4272641 ]
Classification: 1.0 0.95 422
(10, 4)
(14, 4)
(16, 4)
[0.56983228 0.96372528 1.46644244]
Classification: 1.0 0.95 423
(10, 4)
(14, 4)
(16, 4)
[0.63194267 0.92943825 1.43861908]
Classification: 1.0 0.95 424
(10, 4)
(14, 4)
(16, 4)
[0.64403425 1.0444874  1.31147835]
Classification: 1.0 0.95 425
(10, 4)
(14, 4)
(16, 4)
[0.64813101 1.00605165 1.34581733]
Classification: 1.0 0.95 426
(10, 4)
(14, 4)
(16, 4)
[0.6787637  0.91866353 1.40257278]
Classification: 1.0 0.95 427
(10, 4)
(14, 4)
(16, 4)
[0.75356845 0.92028001 1.32615154]
Classification: 1.0 0.95 428
(10, 4)
(14, 4)
(16, 4)
[0.71096797 0.91266286 1.37636917]
Classification: 1.0 0.95 429
(10, 4)
(14, 4)
(16, 4)
[0.70422792 0.86769402 1.42807806]
Classification: 1.0 0.95 430
(10, 4)
(14, 4)
(16, 4)
[0.6732357  0.90601692 1.42074738]
Classification: 1.0 0.95 431
(10, 4)
(14, 4)
(16, 4)
[0.67537071 0.89671564 1.42791365]
Classification: 1.0 0.95 432
(10, 4)
(14, 4)
(16, 4)
[0.65581026 0.95117843 1.39301131]
Classification: 1.0 0.95 433
(10, 4)
(14, 4)
(16, 4)
[0.65153738 0.90052115 1.44794146]
Classification: 1.0 0.95 434
(10, 4)
(14, 4)
(16, 4)
[0.6372958  0.88124451 1.48145969]
Classification: 1.0 0.95 435
(10, 4)
(14, 4)
(16, 4)
[0.688085   0.94826313 1.36365187]
Classification: 1.0 0.95 436
(10, 4)
(14, 4)
(16, 4)
[0.69978906 0.92033042 1.37988053]
Classification: 1.0 0.95 437
(10, 4)
(14, 4)
(16, 4)
[0.62212273 0.96188882 1.41598844]
Classification: 1.0 0.95 438
(10, 4)
(14, 4)
(16, 4)
[0.66499724 0.87799711 1.45700566]
Classification: 1.0 0.95 439
(10, 4)
(14, 4)
(16, 4)
[0.6469134  0.95703346 1.39605313]
Classification: 1.0 0.95 440
(10, 4)
(14, 4)
(16, 4)
[0.69052845 0.91672146 1.39275009]
Classification: 1.0 0.95 441
(10, 4)
(14, 4)
(16, 4)
[0.66125028 0.93252742 1.4062223 ]
Classification: 1.0 0.95 442
(10, 4)
(14, 4)
(16, 4)
[0.66760378 0.87042024 1.46197598]
Classification: 1.0 0.95 443
(10, 4)
(14, 4)
(16, 4)
[0.65591693 0.94108976 1.40299331]
Classification: 1.0 0.95 444
(10, 4)
(14, 4)
(16, 4)
[0.61943189 0.97601103 1.40455709]
Classification: 1.0 0.95 445
(10, 4)
(14, 4)
(16, 4)
[0.64110491 0.95136602 1.40752907]
Classification: 1.0 0.95 446
(10, 4)
(14, 4)
(16, 4)
[0.71729969 0.93574215 1.34695815]
Classification: 1.0 0.95 447
(10, 4)
(14, 4)
(16, 4)
[0.71446375 0.90520967 1.38032658]
Classification: 1.0 0.95 448
(10, 4)
(14, 4)
(16, 4)
[0.65727834 0.97327054 1.36945112]
Classification: 1.0 0.95 449
(10, 4)
(14, 4)
(16, 4)
/mnt/data/user_liangzhiyu/envs/fedcsl/lib/python3.8/site-packages/scipy/__init__.py:146: UserWarning: A NumPy version >=1.16.5 and <1.23.0 is required for this version of SciPy (detected version 1.23.5
  warnings.warn(f"A NumPy version >={np_minversion} and <{np_maxversion}"
/mnt/data/user_liangzhiyu/envs/fedcsl/lib/python3.8/site-packages/tslearn/bases/bases.py:15: UserWarning: h5py not installed, hdf5 features will not be supported.
Install h5py to use hdf5 features: http://docs.h5py.org/
  warn(h5py_msg)
/mnt/data/user_liangzhiyu/lixiongfei/CSL-main/train.py:392: UserWarning: Creating a tensor from a list of numpy.ndarrays is extremely slow. Please consider converting the list to a single numpy.ndarray with numpy.array() before converting to a tensor. (Triggered internally at /opt/conda/conda-bld/pytorch_1724789259345/work/torch/csrc/utils/tensor_new.cpp:278.)
  X = torch.tensor(X, dtype=torch.float).contiguous()
[0.68896536 0.94390313 1.36713152]
Classification: 1.0 0.95 450
(10, 4)
(14, 4)
(16, 4)
[0.68526733 0.90922824 1.40550444]
Classification: 1.0 0.95 451
(10, 4)
(14, 4)
(16, 4)
[0.75925552 0.86178542 1.37895906]
Classification: 1.0 0.95 452
(10, 4)
(14, 4)
(16, 4)
[0.78489353 0.8927748  1.32233167]
Classification: 1.0 0.95 453
(10, 4)
(14, 4)
(16, 4)
[0.75847451 0.89236775 1.34915774]
Classification: 1.0 0.95 454
(10, 4)
(14, 4)
(16, 4)
[0.75410927 0.87010509 1.37578564]
Classification: 1.0 0.95 455
(10, 4)
(14, 4)
(16, 4)
[0.72719585 0.9235276  1.34927655]
Classification: 1.0 0.95 456
(10, 4)
(14, 4)
(16, 4)
[0.70281671 0.94022537 1.35695793]
Classification: 1.0 0.95 457
(10, 4)
(14, 4)
(16, 4)
[0.68741054 0.90100763 1.41158183]
Classification: 1.0 0.95 458
(10, 4)
(14, 4)
(16, 4)
[0.66296718 0.94693911 1.39009371]
Classification: 1.0 0.95 459
(10, 4)
(14, 4)
(16, 4)
[0.66859884 0.97127566 1.3601255 ]
Classification: 1.0 0.95 460
(10, 4)
(14, 4)
(16, 4)
[0.75183088 0.88541808 1.36275105]
Classification: 1.0 0.95 461
(10, 4)
(14, 4)
(16, 4)
[0.71620767 0.9679988  1.31579353]
Classification: 1.0 0.95 462
(10, 4)
(14, 4)
(16, 4)
[0.72748404 0.90817882 1.36433713]
Classification: 1.0 0.95 463
(10, 4)
(14, 4)
(16, 4)
[0.71582226 0.8614691  1.42270863]
Classification: 1.0 0.95 464
(10, 4)
(14, 4)
(16, 4)
[0.7221977  0.81804363 1.45975867]
Classification: 1.0 0.95 465
(10, 4)
(14, 4)
(16, 4)
[0.74051383 0.85806835 1.40141782]
Classification: 1.0 0.95 466
(10, 4)
(14, 4)
(16, 4)
[0.73972081 0.8684138  1.39186539]
Classification: 1.0 0.95 467
(10, 4)
(14, 4)
(16, 4)
[0.63108033 0.93378034 1.43513933]
Classification: 1.0 0.95 468
(10, 4)
(14, 4)
(16, 4)
[0.64455991 0.88784413 1.46759596]
Classification: 1.0 0.95 469
(10, 4)
(14, 4)
(16, 4)
[0.68039154 0.87368997 1.44591848]
Classification: 1.0 0.95 470
(10, 4)
(14, 4)
(16, 4)
[0.69843828 0.84724804 1.45431368]
Classification: 1.0 0.95 471
(10, 4)
(14, 4)
(16, 4)
[0.67900342 0.79779035 1.52320623]
Classification: 1.0 0.95 472
(10, 4)
(14, 4)
(16, 4)
[0.70051274 0.82686926 1.472618  ]
Classification: 1.0 0.95 473
(10, 4)
(14, 4)
(16, 4)
[0.70021629 0.84835586 1.45142785]
Classification: 1.0 0.95 474
(10, 4)
(14, 4)
(16, 4)
[0.6809515  0.88314002 1.43590847]
Classification: 1.0 0.95 475
(10, 4)
(14, 4)
(16, 4)
[0.69092013 0.86815423 1.44092564]
Classification: 1.0 0.95 476
(10, 4)
(14, 4)
(16, 4)
[0.72037994 0.80960696 1.4700131 ]
Classification: 1.0 0.95 477
(10, 4)
(14, 4)
(16, 4)
[0.66114651 0.88449442 1.45435908]
Classification: 1.0 0.95 478
(10, 4)
(14, 4)
(16, 4)
[0.660257   0.94985534 1.38988766]
Classification: 1.0 0.95 479
(10, 4)
(14, 4)
(16, 4)
[0.68190689 0.92985222 1.38824089]
Classification: 1.0 0.95 480
(10, 4)
(14, 4)
(16, 4)
[0.71118486 0.91680388 1.37201126]
Classification: 1.0 0.95 481
(10, 4)
(14, 4)
(16, 4)
[0.69348087 0.88915693 1.4173622 ]
Classification: 1.0 0.95 482
(10, 4)
(14, 4)
(16, 4)
[0.68108363 0.88498761 1.43392877]
Classification: 1.0 0.95 483
(10, 4)
(14, 4)
(16, 4)
[0.6672822  0.88843627 1.44428153]
Classification: 1.0 0.95 484
(10, 4)
(14, 4)
(16, 4)
[0.69472266 0.89686704 1.4084103 ]
Classification: 1.0 0.95 485
(10, 4)
(14, 4)
(16, 4)
[0.68315852 0.89209167 1.42474981]
Classification: 1.0 0.95 486
(10, 4)
(14, 4)
(16, 4)
[0.73639855 0.88187207 1.38172938]
Classification: 1.0 0.95 487
(10, 4)
(14, 4)
(16, 4)
[0.75252973 0.82124011 1.42623016]
Classification: 1.0 0.95 488
(10, 4)
(14, 4)
(16, 4)
[0.77859338 0.82257638 1.39883024]
Classification: 1.0 0.95 489
(10, 4)
(14, 4)
(16, 4)
[0.74145262 0.83763883 1.42090855]
Classification: 1.0 0.95 490
(10, 4)
(14, 4)
(16, 4)
[0.66154082 0.86380193 1.47465724]
Classification: 1.0 0.95 491
(10, 4)
(14, 4)
(16, 4)
[0.64707266 0.89590911 1.45701823]
Classification: 1.0 0.95 492
(10, 4)
(14, 4)
(16, 4)
[0.64765116 0.96792475 1.38442408]
Classification: 1.0 0.95 493
(10, 4)
(14, 4)
(16, 4)
[0.70466321 0.92090625 1.37443055]
Classification: 1.0 0.95 494
(10, 4)
(14, 4)
(16, 4)
[0.72697421 0.97256937 1.30045643]
Classification: 1.0 0.95 495
(10, 4)
(14, 4)
(16, 4)
[0.7379084  0.95723377 1.30485783]
Classification: 1.0 0.95 496
(10, 4)
(14, 4)
(16, 4)
[0.73831391 0.92607272 1.33561337]
Classification: 1.0 0.95 497
(10, 4)
(14, 4)
(16, 4)
[0.73810695 0.9000129  1.36188016]
Classification: 1.0 0.95 498
(10, 4)
(14, 4)
(16, 4)
[0.70919605 0.91191947 1.37888448]
Classification: 1.0 0.95 499
best round is 36, acc is 0.950000
Model saved to ./checkpoint/BasicMotions/2025-03-10-15_BasicMotions_model.pt
Running experiment with dataset: BasicMotions, config: ./result/ablation_study/config_BasicMotions.yml
[0.09514033 0.10277917 0.11127909 0.12035814 0.12964186 0.13872091
 0.14722083 0.15485967]
40
<class 'pandas.core.frame.DataFrame'>
RangeIndex: 40 entries, 0 to 39
Data columns (total 7 columns):
 #   Column      Non-Null Count  Dtype 
---  ------      --------------  ----- 
 0   dim_0       40 non-null     object
 1   dim_1       40 non-null     object
 2   dim_2       40 non-null     object
 3   dim_3       40 non-null     object
 4   dim_4       40 non-null     object
 5   dim_5       40 non-null     object
 6   class_vals  40 non-null     object
dtypes: object(7)
memory usage: 2.3+ KB
None
{100}
<class 'pandas.core.frame.DataFrame'>
RangeIndex: 40 entries, 0 to 39
Data columns (total 7 columns):
 #   Column      Non-Null Count  Dtype 
---  ------      --------------  ----- 
 0   dim_0       40 non-null     object
 1   dim_1       40 non-null     object
 2   dim_2       40 non-null     object
 3   dim_3       40 non-null     object
 4   dim_4       40 non-null     object
 5   dim_5       40 non-null     object
 6   class_vals  40 non-null     object
dtypes: object(7)
memory usage: 2.3+ KB
None
[0 0 0 0 0 0 0 0 0 0 1 1 1 1 1 1 1 1 1 1 2 2 2 2 2 2 2 2 2 2 3 3 3 3 3 3 3
 3 3 3]
[ 0 10 20 21 22 23 24 30 31 32]
[0, 1, 2, 2, 2, 2, 2, 3, 3, 3]
[0, 0, 0, 0, 0, 0, 0, 1, 2, 2, 2, 2, 3, 3]
[0, 0, 1, 1, 1, 1, 1, 1, 1, 1, 2, 3, 3, 3, 3, 3]
shapelet initialized! 

All 3 clinet initialized! 

(10, 4)
(14, 4)
(16, 4)
[1.1817248  0.90748182 0.91079337]
Classification: 1.0 0.925 0
(10, 4)
(14, 4)
(16, 4)
[1.10732275 0.94241474 0.95026252]
Classification: 1.0 0.9 1
(10, 4)
(14, 4)
(16, 4)
[1.04544338 0.93113752 1.0234191 ]
Classification: 1.0 0.9 2
(10, 4)
(14, 4)
(16, 4)
[1.0260904  0.87731902 1.09659058]
Classification: 1.0 0.9 3
(10, 4)
(14, 4)
(16, 4)
[1.04088027 0.91947607 1.03964366]
Classification: 1.0 0.9 4
(10, 4)
(14, 4)
(16, 4)
[1.02204484 0.98576698 0.99218818]
Classification: 1.0 0.9 5
(10, 4)
(14, 4)
(16, 4)
[1.08901846 0.94831182 0.96266972]
Classification: 1.0 0.9 6
(10, 4)
(14, 4)
(16, 4)
[1.00161488 1.09454149 0.90384363]
Classification: 1.0 0.9 7
(10, 4)
(14, 4)
(16, 4)
[1.01840024 1.16634913 0.81525063]
Classification: 1.0 0.9 8
(10, 4)
(14, 4)
(16, 4)
[0.93158634 1.24878292 0.81963074]
Classification: 1.0 0.9 9
(10, 4)
(14, 4)
(16, 4)
[0.9422691  1.35514187 0.70258903]
Classification: 1.0 0.9 10
(10, 4)
(14, 4)
(16, 4)
[0.79833418 1.54335941 0.6583064 ]
Classification: 1.0 0.9 11
(10, 4)
(14, 4)
(16, 4)
[0.86180849 1.527932   0.61025951]
Classification: 1.0 0.9 12
(10, 4)
(14, 4)
(16, 4)
[0.74130327 1.62135221 0.63734452]
Classification: 1.0 0.925 13
(10, 4)
(14, 4)
(16, 4)
[0.78168361 1.57522447 0.64309191]
Classification: 1.0 0.925 14
(10, 4)
(14, 4)
(16, 4)
[0.79301879 1.52318845 0.68379276]
Classification: 1.0 0.925 15
(10, 4)
(14, 4)
(16, 4)
[0.72408117 1.53882222 0.73709661]
Classification: 1.0 0.925 16
(10, 4)
(14, 4)
(16, 4)
[0.62341326 1.60710595 0.76948079]
Classification: 1.0 0.95 17
(10, 4)
(14, 4)
(16, 4)
[0.61801396 1.64536483 0.73662121]
Classification: 1.0 0.95 18
(10, 4)
(14, 4)
(16, 4)
[0.65920361 1.4815548  0.85924159]
Classification: 1.0 0.95 19
(10, 4)
(14, 4)
(16, 4)
[0.62419791 1.51666717 0.85913492]
Classification: 1.0 0.95 20
(10, 4)
(14, 4)
(16, 4)
[0.7308839  1.51888565 0.75023044]
Classification: 1.0 0.95 21
(10, 4)
(14, 4)
(16, 4)
[0.73801353 1.62528606 0.63670041]
Classification: 1.0 0.95 22
(10, 4)
(14, 4)
(16, 4)
[0.65308072 1.62688384 0.72003543]
Classification: 1.0 0.95 23
(10, 4)
(14, 4)
(16, 4)
[0.65709184 1.62776633 0.71514182]
Classification: 1.0 0.95 24
(10, 4)
(14, 4)
(16, 4)
[0.60108672 1.6223075  0.77660578]
Classification: 1.0 0.95 25
(10, 4)
(14, 4)
(16, 4)
[0.73867355 1.50773103 0.75359542]
Classification: 1.0 0.95 26
(10, 4)
(14, 4)
(16, 4)
[0.79447872 1.42906017 0.77646111]
Classification: 1.0 0.95 27
(10, 4)
(14, 4)
(16, 4)
[0.82435214 1.34712187 0.82852599]
Classification: 1.0 0.95 28
(10, 4)
(14, 4)
(16, 4)
[0.89331974 1.30702042 0.79965983]
Classification: 1.0 0.95 29
(10, 4)
(14, 4)
(16, 4)
[0.88871812 1.32968289 0.78159899]
Classification: 1.0 0.95 30
(10, 4)
(14, 4)
(16, 4)
[0.81885871 1.30865796 0.87248333]
Classification: 1.0 0.95 31
(10, 4)
(14, 4)
(16, 4)
[0.83289112 1.2978046  0.86930428]
Classification: 1.0 0.95 32
(10, 4)
(14, 4)
(16, 4)
[0.75389909 1.32199691 0.924104  ]
Classification: 1.0 0.95 33
(10, 4)
(14, 4)
(16, 4)
[0.81745145 1.26124918 0.92129936]
Classification: 1.0 0.95 34
(10, 4)
(14, 4)
(16, 4)
[0.83468029 1.22343095 0.94188877]
Classification: 1.0 0.95 35
(10, 4)
(14, 4)
(16, 4)
[0.80858281 1.21483821 0.97657898]
Classification: 1.0 0.95 36
(10, 4)
(14, 4)
(16, 4)
[0.97958116 1.10407392 0.91634492]
Classification: 1.0 0.95 37
(10, 4)
(14, 4)
(16, 4)
[0.92331419 1.20027589 0.87640992]
Classification: 1.0 0.95 38
(10, 4)
(14, 4)
(16, 4)
[0.92223029 1.23370957 0.84406014]
Classification: 1.0 0.95 39
(10, 4)
(14, 4)
(16, 4)
[0.93693103 1.22073972 0.84232925]
Classification: 1.0 0.95 40
(10, 4)
(14, 4)
(16, 4)
[0.93935032 1.13642883 0.92422085]
Classification: 1.0 0.95 41
(10, 4)
(14, 4)
(16, 4)
[0.95853195 1.21772567 0.82374238]
Classification: 1.0 0.95 42
(10, 4)
(14, 4)
(16, 4)
[0.95275921 1.17809828 0.86914251]
Classification: 1.0 0.95 43
(10, 4)
(14, 4)
(16, 4)
[0.87987932 1.23970215 0.88041853]
Classification: 1.0 0.95 44
(10, 4)
(14, 4)
(16, 4)
[0.95973544 1.10971112 0.93055345]
Classification: 1.0 0.95 45
(10, 4)
(14, 4)
(16, 4)
[0.96437211 1.0200752  1.01555269]
Classification: 1.0 0.95 46
(10, 4)
(14, 4)
(16, 4)
[0.9801427  1.04243951 0.97741779]
Classification: 1.0 0.95 47
(10, 4)
(14, 4)
(16, 4)
[0.86733828 1.07256017 1.06010154]
Classification: 1.0 0.95 48
(10, 4)
(14, 4)
(16, 4)
[0.89599931 0.9932985  1.11070218]
Classification: 1.0 0.95 49
(10, 4)
(14, 4)
(16, 4)
[0.96340218 0.86418228 1.17241554]
Classification: 1.0 0.95 50
(10, 4)
(14, 4)
(16, 4)
[0.99638885 0.86471498 1.13889617]
Classification: 1.0 0.95 51
(10, 4)
(14, 4)
(16, 4)
[0.88968913 0.85893271 1.25137816]
Classification: 1.0 0.95 52
(10, 4)
(14, 4)
(16, 4)
[0.9153389  0.90758564 1.17707546]
Classification: 1.0 0.95 53
(10, 4)
(14, 4)
(16, 4)
[0.92619598 0.92016032 1.1536437 ]
Classification: 1.0 0.95 54
(10, 4)
(14, 4)
(16, 4)
[0.80981871 0.99858566 1.19159563]
Classification: 1.0 0.95 55
(10, 4)
(14, 4)
(16, 4)
[0.87720087 0.97051926 1.15227988]
Classification: 1.0 0.95 56
(10, 4)
(14, 4)
(16, 4)
[0.80523162 1.03341636 1.16135202]
Classification: 1.0 0.95 57
(10, 4)
(14, 4)
(16, 4)
[0.71776637 1.01509186 1.26714177]
Classification: 1.0 0.95 58
(10, 4)
(14, 4)
(16, 4)
[0.7910802  0.98318165 1.22573816]
Classification: 1.0 0.95 59
(10, 4)
(14, 4)
(16, 4)
[0.74259131 0.96880826 1.28860043]
Classification: 1.0 0.95 60
(10, 4)
(14, 4)
(16, 4)
[0.81500605 0.84531629 1.33967766]
Classification: 1.0 0.95 61
(10, 4)
(14, 4)
(16, 4)
[0.82708091 0.89283651 1.28008258]
Classification: 1.0 0.95 62
(10, 4)
(14, 4)
(16, 4)
[0.91337824 0.85212886 1.2344929 ]
Classification: 1.0 0.95 63
(10, 4)
(14, 4)
(16, 4)
[0.85432914 0.97905905 1.16661181]
Classification: 1.0 0.95 64
(10, 4)
(14, 4)
(16, 4)
[0.8348432  0.90812368 1.25703312]
Classification: 1.0 0.95 65
(10, 4)
(14, 4)
(16, 4)
[0.88782807 0.84483283 1.2673391 ]
Classification: 1.0 0.95 66
(10, 4)
(14, 4)
(16, 4)
[0.92529926 0.8399744  1.23472634]
Classification: 1.0 0.95 67
(10, 4)
(14, 4)
(16, 4)
[0.89417047 0.85179712 1.25403241]
Classification: 1.0 0.95 68
(10, 4)
(14, 4)
(16, 4)
[0.8863024  0.78865935 1.32503824]
Classification: 1.0 0.95 69
(10, 4)
(14, 4)
(16, 4)
[0.91529828 0.81786835 1.26683338]
Classification: 1.0 0.95 70
(10, 4)
(14, 4)
(16, 4)
[0.90439794 0.83132028 1.26428178]
Classification: 1.0 0.95 71
(10, 4)
(14, 4)
(16, 4)
[0.88925039 0.85635979 1.25438982]
Classification: 1.0 0.95 72
(10, 4)
(14, 4)
(16, 4)
[0.89560704 0.83190206 1.27249091]
Classification: 1.0 0.95 73
(10, 4)
(14, 4)
(16, 4)
[0.87128351 0.87124686 1.25746963]
Classification: 1.0 0.95 74
(10, 4)
(14, 4)
(16, 4)
[0.95841581 0.90654477 1.13503943]
Classification: 1.0 0.95 75
(10, 4)
(14, 4)
(16, 4)
[0.97249119 0.89399335 1.13351545]
Classification: 1.0 0.95 76
(10, 4)
(14, 4)
(16, 4)
[0.9797342  0.97535067 1.04491513]
Classification: 1.0 0.95 77
(10, 4)
(14, 4)
(16, 4)
[0.98644669 0.91349052 1.1000628 ]
Classification: 1.0 0.95 78
(10, 4)
(14, 4)
(16, 4)
[0.99920384 0.98304782 1.01774834]
Classification: 1.0 0.95 79
(10, 4)
(14, 4)
(16, 4)
[1.07779037 0.91158932 1.01062031]
Classification: 1.0 0.95 80
(10, 4)
(14, 4)
(16, 4)
[1.10339262 0.85091376 1.04569363]
Classification: 1.0 0.95 81
(10, 4)
(14, 4)
(16, 4)
[1.02289615 0.93379513 1.04330872]
Classification: 1.0 0.95 82
(10, 4)
(14, 4)
(16, 4)
[0.99912164 0.88431363 1.11656473]
Classification: 1.0 0.95 83
(10, 4)
(14, 4)
(16, 4)
[0.97799887 0.91220165 1.10979948]
Classification: 1.0 0.95 84
(10, 4)
(14, 4)
(16, 4)
[0.9858635  0.93794597 1.07619053]
Classification: 1.0 0.95 85
(10, 4)
(14, 4)
(16, 4)
[0.98026553 0.9674723  1.05226218]
Classification: 1.0 0.95 86
(10, 4)
(14, 4)
(16, 4)
[0.94298292 0.90576866 1.15124843]
Classification: 1.0 0.95 87
(10, 4)
(14, 4)
(16, 4)
[0.9066795  0.83612682 1.25719368]
Classification: 1.0 0.95 88
(10, 4)
(14, 4)
(16, 4)
[0.89093871 0.80749511 1.30156619]
Classification: 1.0 0.95 89
(10, 4)
(14, 4)
(16, 4)
[0.86368922 0.89791976 1.23839101]
Classification: 1.0 0.95 90
(10, 4)
(14, 4)
(16, 4)
[0.89583055 0.93114075 1.1730287 ]
Classification: 1.0 0.95 91
(10, 4)
(14, 4)
(16, 4)
[0.94129623 0.93855244 1.12015133]
Classification: 1.0 0.95 92
(10, 4)
(14, 4)
(16, 4)
[0.83075115 1.0210884  1.14816044]
Classification: 1.0 0.95 93
(10, 4)
(14, 4)
(16, 4)
[0.97231588 0.98242277 1.04526135]
Classification: 1.0 0.95 94
(10, 4)
(14, 4)
(16, 4)
[0.946716   0.85491706 1.19836694]
Classification: 1.0 0.95 95
(10, 4)
(14, 4)
(16, 4)
[0.93241055 0.89931938 1.16827007]
Classification: 1.0 0.95 96
(10, 4)
(14, 4)
(16, 4)
[0.95057511 0.90498174 1.14444315]
Classification: 1.0 0.95 97
(10, 4)
(14, 4)
(16, 4)
[0.97981279 0.85435342 1.1658338 ]
Classification: 1.0 0.95 98
(10, 4)
(14, 4)
(16, 4)
[0.95170988 0.91524681 1.13304331]
Classification: 1.0 0.95 99
(10, 4)
(14, 4)
(16, 4)
[0.93111927 0.96674122 1.10213951]
Classification: 1.0 0.95 100
(10, 4)
(14, 4)
(16, 4)
[0.98587972 0.94768056 1.06643972]
Classification: 1.0 0.95 101
(10, 4)
(14, 4)
(16, 4)
[0.96268656 0.93250817 1.10480527]
Classification: 1.0 0.95 102
(10, 4)
(14, 4)
(16, 4)
[0.97033233 0.96452895 1.06513872]
Classification: 1.0 0.95 103
(10, 4)
(14, 4)
(16, 4)
[0.89663315 1.00258317 1.10078368]
Classification: 1.0 0.95 104
(10, 4)
(14, 4)
(16, 4)
[0.84169887 0.97163826 1.18666287]
Classification: 1.0 0.95 105
(10, 4)
(14, 4)
(16, 4)
[0.89731128 0.95803383 1.14465489]
Classification: 1.0 0.95 106
(10, 4)
(14, 4)
(16, 4)
[0.93346716 0.91350676 1.15302607]
Classification: 1.0 0.95 107
(10, 4)
(14, 4)
(16, 4)
[0.91557997 0.87651107 1.20790896]
Classification: 1.0 0.95 108
(10, 4)
(14, 4)
(16, 4)
[0.87246748 0.96748132 1.1600512 ]
Classification: 1.0 0.95 109
(10, 4)
(14, 4)
(16, 4)
[0.88680301 0.8916621  1.22153489]
Classification: 1.0 0.95 110
(10, 4)
(14, 4)
(16, 4)
[0.86762433 0.94778423 1.18459144]
Classification: 1.0 0.95 111
(10, 4)
(14, 4)
(16, 4)
[0.87911147 0.9785391  1.14234943]
Classification: 1.0 0.95 112
(10, 4)
(14, 4)
(16, 4)
[0.96368889 0.96961676 1.06669435]
Classification: 1.0 0.95 113
(10, 4)
(14, 4)
(16, 4)
[0.95159275 0.90621179 1.14219546]
Classification: 1.0 0.95 114
(10, 4)
(14, 4)
(16, 4)
[0.99177815 0.92682004 1.08140182]
Classification: 1.0 0.95 115
(10, 4)
(14, 4)
(16, 4)
[0.98145344 0.89319201 1.12535455]
Classification: 1.0 0.95 116
(10, 4)
(14, 4)
(16, 4)
[0.95612483 0.91129702 1.13257815]
Classification: 1.0 0.95 117
(10, 4)
(14, 4)
(16, 4)
[0.92750663 0.95381195 1.11868142]
Classification: 1.0 0.95 118
(10, 4)
(14, 4)
(16, 4)
[0.94668271 0.87914392 1.17417337]
Classification: 1.0 0.95 119
(10, 4)
(14, 4)
(16, 4)
[0.93863413 0.93432614 1.12703973]
Classification: 1.0 0.95 120
(10, 4)
(14, 4)
(16, 4)
[0.87295593 0.94404559 1.18299848]
Classification: 1.0 0.95 121
(10, 4)
(14, 4)
(16, 4)
[0.86213631 0.86669661 1.27116708]
Classification: 1.0 0.95 122
(10, 4)
(14, 4)
(16, 4)
[0.81334835 0.8374532  1.34919846]
Classification: 1.0 0.95 123
(10, 4)
(14, 4)
(16, 4)
[0.79261825 0.88609503 1.32128672]
Classification: 1.0 0.95 124
(10, 4)
(14, 4)
(16, 4)
[0.81587457 0.9095411  1.27458433]
Classification: 1.0 0.95 125
(10, 4)
(14, 4)
(16, 4)
[0.84991623 0.91760646 1.23247731]
Classification: 1.0 0.95 126
(10, 4)
(14, 4)
(16, 4)
[0.89499392 0.86700392 1.23800216]
Classification: 1.0 0.95 127
(10, 4)
(14, 4)
(16, 4)
[0.94471839 0.89380105 1.16148055]
Classification: 1.0 0.95 128
(10, 4)
(14, 4)
(16, 4)
[0.8909017  0.89039153 1.21870677]
Classification: 1.0 0.95 129
(10, 4)
(14, 4)
(16, 4)
[0.84590576 0.93490471 1.21918953]
Classification: 1.0 0.95 130
(10, 4)
(14, 4)
(16, 4)
[0.85551409 0.90237045 1.24211545]
Classification: 1.0 0.95 131
(10, 4)
(14, 4)
(16, 4)
[0.85005133 0.90308743 1.24686124]
Classification: 1.0 0.95 132
(10, 4)
(14, 4)
(16, 4)
[0.85761171 0.85319373 1.28919457]
Classification: 1.0 0.95 133
(10, 4)
(14, 4)
(16, 4)
[0.81127191 0.89672802 1.29200007]
Classification: 1.0 0.95 134
(10, 4)
(14, 4)
(16, 4)
[0.90020758 0.78579285 1.31399957]
Classification: 1.0 0.95 135
(10, 4)
(14, 4)
(16, 4)
[0.93505322 0.76559769 1.2993491 ]
Classification: 1.0 0.95 136
(10, 4)
(14, 4)
(16, 4)
[0.90681127 0.78396127 1.30922745]
Classification: 1.0 0.95 137
(10, 4)
(14, 4)
(16, 4)
[0.88426097 0.78203023 1.3337088 ]
Classification: 1.0 0.95 138
(10, 4)
(14, 4)
(16, 4)
[0.85376777 0.88233348 1.26389875]
Classification: 1.0 0.95 139
(10, 4)
(14, 4)
(16, 4)
[0.8279202  0.80466205 1.36741775]
Classification: 1.0 0.95 140
(10, 4)
(14, 4)
(16, 4)
[0.87248373 0.79472037 1.3327959 ]
Classification: 1.0 0.95 141
(10, 4)
(14, 4)
(16, 4)
[0.84436747 0.79946135 1.35617119]
Classification: 1.0 0.95 142
(10, 4)
(14, 4)
(16, 4)
[0.89084384 0.76079121 1.34836495]
Classification: 1.0 0.95 143
(10, 4)
(14, 4)
(16, 4)
[0.89250702 0.7502975  1.35719548]
Classification: 1.0 0.95 144
(10, 4)
(14, 4)
(16, 4)
[0.88681718 0.85534211 1.25784071]
Classification: 1.0 0.95 145
(10, 4)
(14, 4)
(16, 4)
[0.87661358 0.81470557 1.30868085]
Classification: 1.0 0.95 146
(10, 4)
(14, 4)
(16, 4)
[0.91112496 0.84262327 1.24625178]
Classification: 1.0 0.95 147
(10, 4)
(14, 4)
(16, 4)
[0.89816157 0.83973723 1.2621012 ]
Classification: 1.0 0.95 148
(10, 4)
(14, 4)
(16, 4)
[0.89578914 0.84171947 1.2624914 ]
Classification: 1.0 0.95 149
(10, 4)
(14, 4)
(16, 4)
[0.87841008 0.92640832 1.1951816 ]
Classification: 1.0 0.95 150
(10, 4)
(14, 4)
(16, 4)
[0.90599823 0.855612   1.23838977]
Classification: 1.0 0.95 151
(10, 4)
(14, 4)
(16, 4)
[0.89966425 0.81840743 1.28192832]
Classification: 1.0 0.95 152
(10, 4)
(14, 4)
(16, 4)
[0.88064555 0.83630558 1.28304887]
Classification: 1.0 0.95 153
(10, 4)
(14, 4)
(16, 4)
[0.80664483 0.87113244 1.32222273]
Classification: 1.0 0.95 154
(10, 4)
(14, 4)
(16, 4)
[0.81150929 0.88606862 1.30242209]
Classification: 1.0 0.95 155
(10, 4)
(14, 4)
(16, 4)
[0.86796137 0.92281613 1.2092225 ]
Classification: 1.0 0.95 156
(10, 4)
(14, 4)
(16, 4)
[0.82594571 0.90319409 1.27086019]
Classification: 1.0 0.95 157
(10, 4)
(14, 4)
(16, 4)
[0.81059879 0.80919429 1.38020692]
Classification: 1.0 0.95 158
(10, 4)
(14, 4)
(16, 4)
[0.91220619 0.79990827 1.28788554]
Classification: 1.0 0.95 159
(10, 4)
(14, 4)
(16, 4)
[0.88257139 0.78432348 1.33310513]
Classification: 1.0 0.95 160
(10, 4)
(14, 4)
(16, 4)
[0.93156755 0.79961638 1.26881607]
Classification: 1.0 0.95 161
(10, 4)
(14, 4)
(16, 4)
[0.87017932 0.82637179 1.30344889]
Classification: 1.0 0.95 162
(10, 4)
(14, 4)
(16, 4)
[0.78236531 0.85881681 1.35881788]
Classification: 1.0 0.95 163
(10, 4)
(14, 4)
(16, 4)
[0.83298773 0.83740628 1.32960599]
Classification: 1.0 0.95 164
(10, 4)
(14, 4)
(16, 4)
[0.84350875 0.77369998 1.38279127]
Classification: 1.0 0.95 165
(10, 4)
(14, 4)
(16, 4)
[0.79150299 0.86939258 1.33910443]
Classification: 1.0 0.95 166
(10, 4)
(14, 4)
(16, 4)
[0.78826028 0.89679615 1.31494358]
Classification: 1.0 0.95 167
(10, 4)
(14, 4)
(16, 4)
[0.85215555 0.9185919  1.22925255]
Classification: 1.0 0.95 168
(10, 4)
(14, 4)
(16, 4)
[0.82493998 0.86500393 1.31005609]
Classification: 1.0 0.95 169
(10, 4)
(14, 4)
(16, 4)
[0.78182375 0.94523348 1.27294277]
Classification: 1.0 0.95 170
(10, 4)
(14, 4)
(16, 4)
[0.78580968 0.86263106 1.35155926]
Classification: 1.0 0.95 171
(10, 4)
(14, 4)
(16, 4)
[0.7984545  0.85758442 1.34396108]
Classification: 1.0 0.95 172
(10, 4)
(14, 4)
(16, 4)
[0.79474532 0.88362014 1.32163453]
Classification: 1.0 0.95 173
(10, 4)
(14, 4)
(16, 4)
[0.81608542 0.78449822 1.39941637]
Classification: 1.0 0.95 174
(10, 4)
(14, 4)
(16, 4)
[0.80851034 0.80862922 1.38286044]
Classification: 1.0 0.95 175
(10, 4)
(14, 4)
(16, 4)
[0.76405286 0.87355029 1.36239685]
Classification: 1.0 0.95 176
(10, 4)
(14, 4)
(16, 4)
[0.78661857 0.86480762 1.34857381]
Classification: 1.0 0.95 177
(10, 4)
(14, 4)
(16, 4)
[0.7473987  0.81663222 1.43596908]
Classification: 1.0 0.95 178
(10, 4)
(14, 4)
(16, 4)
[0.79714686 0.84474869 1.35810445]
Classification: 1.0 0.95 179
(10, 4)
(14, 4)
(16, 4)
[0.79584769 0.81772176 1.38643055]
Classification: 1.0 0.95 180
(10, 4)
(14, 4)
(16, 4)
[0.75579426 0.86849878 1.37570696]
Classification: 1.0 0.95 181
(10, 4)
(14, 4)
(16, 4)
[0.75879838 0.81233095 1.42887068]
Classification: 1.0 0.95 182
(10, 4)
(14, 4)
(16, 4)
[0.76341379 0.80779792 1.42878829]
Classification: 1.0 0.95 183
(10, 4)
(14, 4)
(16, 4)
[0.77771449 0.80399128 1.41829423]
Classification: 1.0 0.95 184
(10, 4)
(14, 4)
(16, 4)
[0.79597025 0.81670722 1.38732253]
Classification: 1.0 0.95 185
(10, 4)
(14, 4)
(16, 4)
[0.81920465 0.83197292 1.34882242]
Classification: 1.0 0.95 186
(10, 4)
(14, 4)
(16, 4)
[0.77468363 0.81972715 1.40558921]
Classification: 1.0 0.95 187
(10, 4)
(14, 4)
(16, 4)
[0.76151387 0.85020887 1.38827726]
Classification: 1.0 0.95 188
(10, 4)
(14, 4)
(16, 4)
[0.74487836 0.8817228  1.37339883]
Classification: 1.0 0.95 189
(10, 4)
(14, 4)
(16, 4)
[0.74071161 0.88155535 1.37773303]
Classification: 1.0 0.95 190
(10, 4)
(14, 4)
(16, 4)
[0.7682485  0.910241   1.32151051]
Classification: 1.0 0.95 191
(10, 4)
(14, 4)
(16, 4)
[0.75897755 0.91900625 1.3220162 ]
Classification: 1.0 0.95 192
(10, 4)
(14, 4)
(16, 4)
[0.7376533  0.92779932 1.33454738]
Classification: 1.0 0.95 193
(10, 4)
(14, 4)
(16, 4)
[0.79936825 0.81551521 1.38511654]
Classification: 1.0 0.95 194
(10, 4)
(14, 4)
(16, 4)
[0.79656379 0.83516041 1.3682758 ]
Classification: 1.0 0.95 195
(10, 4)
(14, 4)
(16, 4)
[0.7940037  0.88257754 1.32341875]
Classification: 1.0 0.95 196
(10, 4)
(14, 4)
(16, 4)
[0.74078754 0.92594502 1.33326744]
Classification: 1.0 0.95 197
(10, 4)
(14, 4)
(16, 4)
[0.65878392 0.94921433 1.39200176]
Classification: 1.0 0.95 198
(10, 4)
(14, 4)
(16, 4)
[0.63741303 0.91493261 1.44765436]
Classification: 1.0 0.95 199
(10, 4)
(14, 4)
(16, 4)
[0.68119315 0.94762737 1.37117948]
Classification: 1.0 0.95 200
(10, 4)
(14, 4)
(16, 4)
[0.68647189 0.88707485 1.42645326]
Classification: 1.0 0.95 201
(10, 4)
(14, 4)
(16, 4)
[0.67214443 0.96272587 1.3651297 ]
Classification: 1.0 0.95 202
(10, 4)
(14, 4)
(16, 4)
[0.68021889 0.96107027 1.35871084]
Classification: 1.0 0.95 203
(10, 4)
(14, 4)
(16, 4)
[0.75421645 0.92492891 1.32085464]
Classification: 1.0 0.95 204
(10, 4)
(14, 4)
(16, 4)
[0.74183893 0.83070508 1.42745599]
Classification: 1.0 0.95 205
(10, 4)
(14, 4)
(16, 4)
[0.73100111 0.87371462 1.39528427]
Classification: 1.0 0.95 206
(10, 4)
(14, 4)
(16, 4)
[0.74547818 0.84235763 1.41216419]
Classification: 1.0 0.95 207
(10, 4)
(14, 4)
(16, 4)
[0.78631713 0.7819908  1.43169206]
Classification: 1.0 0.95 208
(10, 4)
(14, 4)
(16, 4)
[0.73763551 0.80033039 1.4620341 ]
Classification: 1.0 0.95 209
(10, 4)
(14, 4)
(16, 4)
[0.73774875 0.83491081 1.42734044]
Classification: 1.0 0.95 210
(10, 4)
(14, 4)
(16, 4)
[0.75775671 0.82261211 1.41963118]
Classification: 1.0 0.95 211
(10, 4)
(14, 4)
(16, 4)
[0.70765139 0.81498917 1.47735944]
Classification: 1.0 0.95 212
(10, 4)
(14, 4)
(16, 4)
[0.75459404 0.77999443 1.46541154]
Classification: 1.0 0.95 213
(10, 4)
(14, 4)
(16, 4)
[0.7701435  0.82650461 1.40335189]
Classification: 1.0 0.95 214
(10, 4)
(14, 4)
(16, 4)
[0.71661882 0.84111704 1.44226414]
Classification: 1.0 0.95 215
(10, 4)
(14, 4)
(16, 4)
[0.78106023 0.80283534 1.41610442]
Classification: 1.0 0.95 216
(10, 4)
(14, 4)
(16, 4)
[0.7185975  0.83213962 1.44926288]
Classification: 1.0 0.95 217
(10, 4)
(14, 4)
(16, 4)
[0.72992947 0.78728475 1.48278578]
Classification: 1.0 0.95 218
(10, 4)
(14, 4)
(16, 4)
[0.79596776 0.79855201 1.40548023]
Classification: 1.0 0.95 219
(10, 4)
(14, 4)
(16, 4)
[0.73671371 0.82424183 1.43904446]
Classification: 1.0 0.95 220
(10, 4)
(14, 4)
(16, 4)
[0.77847108 0.79402385 1.42750507]
Classification: 1.0 0.95 221
(10, 4)
(14, 4)
(16, 4)
[0.78213199 0.81660966 1.40125836]
Classification: 1.0 0.95 222
(10, 4)
(14, 4)
(16, 4)
[0.82024071 0.82942546 1.35033383]
Classification: 1.0 0.95 223
(10, 4)
(14, 4)
(16, 4)
[0.84015092 0.81586039 1.3439887 ]
Classification: 1.0 0.95 224
(10, 4)
(14, 4)
(16, 4)
[0.82758032 0.79420946 1.37821022]
Classification: 1.0 0.95 225
(10, 4)
(14, 4)
(16, 4)
[0.76342429 0.83853906 1.39803665]
Classification: 1.0 0.95 226
(10, 4)
(14, 4)
(16, 4)
[0.76947242 0.87867619 1.35185139]
Classification: 1.0 0.95 227
(10, 4)
(14, 4)
(16, 4)
[0.80849664 0.84054912 1.35095424]
Classification: 1.0 0.95 228
(10, 4)
(14, 4)
(16, 4)
[0.77336134 0.85234624 1.37429242]
Classification: 1.0 0.95 229
(10, 4)
(14, 4)
(16, 4)
[0.80257482 0.86279255 1.33463263]
Classification: 1.0 0.95 230
(10, 4)
(14, 4)
(16, 4)
[0.79468476 0.84614093 1.35917431]
Classification: 1.0 0.95 231
(10, 4)
(14, 4)
(16, 4)
[0.77954099 0.82157082 1.39888819]
Classification: 1.0 0.95 232
(10, 4)
(14, 4)
(16, 4)
[0.80869717 0.75870184 1.432601  ]
Classification: 1.0 0.95 233
(10, 4)
(14, 4)
(16, 4)
[0.77746845 0.82574753 1.39678402]
Classification: 1.0 0.95 234
(10, 4)
(14, 4)
(16, 4)
[0.78412316 0.85480128 1.36107556]
Classification: 1.0 0.95 235
(10, 4)
(14, 4)
(16, 4)
[0.81828786 0.82857086 1.35314128]
Classification: 1.0 0.95 236
(10, 4)
(14, 4)
(16, 4)
[0.83355148 0.80976193 1.35668658]
Classification: 1.0 0.95 237
(10, 4)
(14, 4)
(16, 4)
[0.86644077 0.81353062 1.32002861]
Classification: 1.0 0.95 238
(10, 4)
(14, 4)
(16, 4)
[0.83467806 0.76863423 1.39668771]
Classification: 1.0 0.95 239
(10, 4)
(14, 4)
(16, 4)
[0.83280383 0.74719975 1.41999643]
Classification: 1.0 0.95 240
(10, 4)
(14, 4)
(16, 4)
[0.8413651  0.7918594  1.36677551]
Classification: 1.0 0.95 241
(10, 4)
(14, 4)
(16, 4)
[0.84892395 0.72406166 1.42701439]
Classification: 1.0 0.95 242
(10, 4)
(14, 4)
(16, 4)
[0.8136315  0.79979764 1.38657086]
Classification: 1.0 0.95 243
(10, 4)
(14, 4)
(16, 4)
[0.80972647 0.80116519 1.38910834]
Classification: 1.0 0.95 244
(10, 4)
(14, 4)
(16, 4)
[0.77443782 0.76710396 1.45845822]
Classification: 1.0 0.95 245
(10, 4)
(14, 4)
(16, 4)
[0.76847575 0.80414236 1.4273819 ]
Classification: 1.0 0.95 246
(10, 4)
(14, 4)
(16, 4)
[0.7715126  0.79923395 1.42925345]
Classification: 1.0 0.95 247
(10, 4)
(14, 4)
(16, 4)
[0.76147789 0.80524282 1.4332793 ]
Classification: 1.0 0.95 248
(10, 4)
(14, 4)
(16, 4)
[0.72977265 0.79335123 1.47687612]
Classification: 1.0 0.95 249
(10, 4)
(14, 4)
(16, 4)
[0.76031825 0.77517204 1.4645097 ]
Classification: 1.0 0.95 250
(10, 4)
(14, 4)
(16, 4)
[0.78961769 0.72159855 1.48878377]
Classification: 1.0 0.95 251
(10, 4)
(14, 4)
(16, 4)
[0.81591562 0.72152742 1.46255696]
Classification: 1.0 0.95 252
(10, 4)
(14, 4)
(16, 4)
[0.81118151 0.71582372 1.47299477]
Classification: 1.0 0.95 253
(10, 4)
(14, 4)
(16, 4)
[0.77202081 0.76808941 1.45988978]
Classification: 1.0 0.95 254
(10, 4)
(14, 4)
(16, 4)
[0.75228735 0.78991923 1.45779341]
Classification: 1.0 0.95 255
(10, 4)
(14, 4)
(16, 4)
[0.80078355 0.7071966  1.49201985]
Classification: 1.0 0.95 256
(10, 4)
(14, 4)
(16, 4)
[0.75594328 0.74903263 1.49502408]
Classification: 1.0 0.95 257
(10, 4)
(14, 4)
(16, 4)
[0.79923127 0.76666915 1.43409958]
Classification: 1.0 0.95 258
(10, 4)
(14, 4)
(16, 4)
[0.83903197 0.7011648  1.45980323]
Classification: 1.0 0.95 259
(10, 4)
(14, 4)
(16, 4)
[0.80825354 0.70692795 1.48481851]
Classification: 1.0 0.95 260
(10, 4)
(14, 4)
(16, 4)
[0.80661788 0.67997574 1.51340638]
Classification: 1.0 0.95 261
(10, 4)
(14, 4)
(16, 4)
[0.7844781  0.71971309 1.49580882]
Classification: 1.0 0.95 262
(10, 4)
(14, 4)
(16, 4)
[0.80329078 0.73834389 1.45836533]
Classification: 1.0 0.95 263
(10, 4)
(14, 4)
(16, 4)
[0.78725077 0.70534593 1.50740329]
Classification: 1.0 0.95 264
(10, 4)
(14, 4)
(16, 4)
[0.83258826 0.69922365 1.46818808]
Classification: 1.0 0.95 265
(10, 4)
(14, 4)
(16, 4)
[0.82706763 0.69200012 1.48093226]
Classification: 1.0 0.95 266
(10, 4)
(14, 4)
(16, 4)
[0.80249224 0.68338384 1.51412392]
Classification: 1.0 0.95 267
(10, 4)
(14, 4)
(16, 4)
[0.80357515 0.7198534  1.47657146]
Classification: 1.0 0.95 268
(10, 4)
(14, 4)
(16, 4)
[0.77914133 0.6979474  1.52291128]
Classification: 1.0 0.95 269
(10, 4)
(14, 4)
(16, 4)
[0.79140847 0.69794046 1.51065107]
Classification: 1.0 0.95 270
(10, 4)
(14, 4)
(16, 4)
[0.82432115 0.73104383 1.44463501]
Classification: 1.0 0.95 271
(10, 4)
(14, 4)
(16, 4)
[0.79258971 0.736167   1.47124329]
Classification: 1.0 0.95 272
(10, 4)
(14, 4)
(16, 4)
[0.81875927 0.73604549 1.44519524]
Classification: 1.0 0.95 273
(10, 4)
(14, 4)
(16, 4)
[0.75090913 0.79854064 1.45055023]
Classification: 1.0 0.95 274
(10, 4)
(14, 4)
(16, 4)
[0.78579191 0.75973839 1.45446969]
Classification: 1.0 0.95 275
(10, 4)
(14, 4)
(16, 4)
[0.77393424 0.74128176 1.484784  ]
Classification: 1.0 0.95 276
(10, 4)
(14, 4)
(16, 4)
[0.80185246 0.72951078 1.46863675]
Classification: 1.0 0.95 277
(10, 4)
(14, 4)
(16, 4)
[0.81145269 0.74043435 1.44811296]
Classification: 1.0 0.95 278
(10, 4)
(14, 4)
(16, 4)
[0.81049687 0.73105299 1.45845014]
Classification: 1.0 0.95 279
(10, 4)
(14, 4)
(16, 4)
[0.78547139 0.73648016 1.47804845]
Classification: 1.0 0.95 280
(10, 4)
(14, 4)
(16, 4)
[0.77326049 0.77863125 1.44810826]
Classification: 1.0 0.95 281
(10, 4)
(14, 4)
(16, 4)
[0.72924871 0.78386577 1.48688552]
Classification: 1.0 0.95 282
(10, 4)
(14, 4)
(16, 4)
[0.76673722 0.80629544 1.42696734]
Classification: 1.0 0.95 283
(10, 4)
(14, 4)
(16, 4)
[0.74298491 0.83221121 1.42480388]
Classification: 1.0 0.95 284
(10, 4)
(14, 4)
(16, 4)
[0.82604254 0.79210618 1.38185128]
Classification: 1.0 0.95 285
(10, 4)
(14, 4)
(16, 4)
[0.80444001 0.79579569 1.3997643 ]
Classification: 1.0 0.95 286
(10, 4)
(14, 4)
(16, 4)
[0.78024383 0.80953252 1.41022365]
Classification: 1.0 0.95 287
(10, 4)
(14, 4)
(16, 4)
[0.76372224 0.77326636 1.4630114 ]
Classification: 1.0 0.95 288
(10, 4)
(14, 4)
(16, 4)
[0.7708828  0.78918044 1.43993676]
Classification: 1.0 0.95 289
(10, 4)
(14, 4)
(16, 4)
[0.80807481 0.73081537 1.46110982]
Classification: 1.0 0.95 290
(10, 4)
(14, 4)
(16, 4)
[0.7739835  0.71557076 1.51044574]
Classification: 1.0 0.95 291
(10, 4)
(14, 4)
(16, 4)
[0.78872037 0.77485814 1.43642148]
Classification: 1.0 0.95 292
(10, 4)
(14, 4)
(16, 4)
[0.80168514 0.7939954  1.40431946]
Classification: 1.0 0.95 293
(10, 4)
(14, 4)
(16, 4)
[0.79383651 0.80128439 1.4048791 ]
Classification: 1.0 0.95 294
(10, 4)
(14, 4)
(16, 4)
[0.78940327 0.80507735 1.40551937]
Classification: 1.0 0.95 295
(10, 4)
(14, 4)
(16, 4)
[0.76145674 0.85768408 1.38085918]
Classification: 1.0 0.95 296
(10, 4)
(14, 4)
(16, 4)
[0.77264507 0.87281809 1.35453683]
Classification: 1.0 0.95 297
(10, 4)
(14, 4)
(16, 4)
[0.77794031 0.86464868 1.357411  ]
Classification: 1.0 0.95 298
(10, 4)
(14, 4)
(16, 4)
[0.79714934 0.84992668 1.35292398]
Classification: 1.0 0.95 299
(10, 4)
(14, 4)
(16, 4)
[0.78271799 0.82812542 1.3891566 ]
Classification: 1.0 0.95 300
(10, 4)
(14, 4)
(16, 4)
[0.7838912 0.8413505 1.3747583]
Classification: 1.0 0.95 301
(10, 4)
(14, 4)
(16, 4)
[0.75173758 0.80313547 1.44512695]
Classification: 1.0 0.95 302
(10, 4)
(14, 4)
(16, 4)
[0.79322266 0.82794179 1.37883555]
Classification: 1.0 0.95 303
(10, 4)
(14, 4)
(16, 4)
[0.7425442  0.77778374 1.47967206]
Classification: 1.0 0.95 304
(10, 4)
(14, 4)
(16, 4)
[0.76819423 0.75540639 1.47639938]
Classification: 1.0 0.95 305
(10, 4)
(14, 4)
(16, 4)
[0.76244204 0.77005813 1.46749984]
Classification: 1.0 0.95 306
(10, 4)
(14, 4)
(16, 4)
[0.7588394 0.8352231 1.4059375]
Classification: 1.0 0.95 307
(10, 4)
(14, 4)
(16, 4)
[0.71476628 0.81174911 1.4734846 ]
Classification: 1.0 0.95 308
(10, 4)
(14, 4)
(16, 4)
[0.69443114 0.85043503 1.45513383]
Classification: 1.0 0.95 309
(10, 4)
(14, 4)
(16, 4)
[0.71354844 0.83217927 1.45427229]
Classification: 1.0 0.95 310
(10, 4)
(14, 4)
(16, 4)
[0.72659372 0.84893798 1.4244683 ]
Classification: 1.0 0.95 311
(10, 4)
(14, 4)
(16, 4)
[0.76649902 0.82099034 1.41251064]
Classification: 1.0 0.95 312
(10, 4)
(14, 4)
(16, 4)
[0.64388309 0.90176711 1.45434981]
Classification: 1.0 0.95 313
(10, 4)
(14, 4)
(16, 4)
[0.60735511 0.89039161 1.50225328]
Classification: 1.0 0.95 314
(10, 4)
(14, 4)
(16, 4)
[0.6227034  0.9408924  1.43640419]
Classification: 1.0 0.95 315
(10, 4)
(14, 4)
(16, 4)
[0.68514826 0.90279826 1.41205348]
Classification: 1.0 0.95 316
(10, 4)
(14, 4)
(16, 4)
[0.67783063 0.86781215 1.45435721]
Classification: 1.0 0.95 317
(10, 4)
(14, 4)
(16, 4)
[0.71507744 0.93914368 1.34577887]
Classification: 1.0 0.95 318
(10, 4)
(14, 4)
(16, 4)
[0.72853037 0.88263069 1.38883893]
Classification: 1.0 0.95 319
(10, 4)
(14, 4)
(16, 4)
[0.71046853 0.8543299  1.43520157]
Classification: 1.0 0.95 320
(10, 4)
(14, 4)
(16, 4)
[0.71236918 0.78889687 1.49873395]
Classification: 1.0 0.95 321
(10, 4)
(14, 4)
(16, 4)
[0.69391275 0.82287568 1.48321158]
Classification: 1.0 0.95 322
(10, 4)
(14, 4)
(16, 4)
[0.72608778 0.81074451 1.46316771]
Classification: 1.0 0.95 323
(10, 4)
(14, 4)
(16, 4)
[0.71142469 0.8310812  1.45749411]
Classification: 1.0 0.95 324
(10, 4)
(14, 4)
(16, 4)
[0.72399827 0.81956846 1.45643327]
Classification: 1.0 0.95 325
(10, 4)
(14, 4)
(16, 4)
[0.73157263 0.85463208 1.41379529]
Classification: 1.0 0.95 326
(10, 4)
(14, 4)
(16, 4)
[0.71226108 0.86606921 1.42166971]
Classification: 1.0 0.95 327
(10, 4)
(14, 4)
(16, 4)
[0.69916019 0.8538675  1.4469723 ]
Classification: 1.0 0.95 328
(10, 4)
(14, 4)
(16, 4)
[0.67755664 0.86784358 1.45459978]
Classification: 1.0 0.95 329
(10, 4)
(14, 4)
(16, 4)
[0.70781158 0.85549862 1.4366898 ]
Classification: 1.0 0.95 330
(10, 4)
(14, 4)
(16, 4)
[0.72120277 0.86359471 1.41520252]
Classification: 1.0 0.95 331
(10, 4)
(14, 4)
(16, 4)
[0.73984574 0.84964474 1.41050952]
Classification: 1.0 0.95 332
(10, 4)
(14, 4)
(16, 4)
[0.76008865 0.82504414 1.41486722]
Classification: 1.0 0.95 333
(10, 4)
(14, 4)
(16, 4)
[0.77155772 0.87005501 1.35838727]
Classification: 1.0 0.95 334
(10, 4)
(14, 4)
(16, 4)
[0.76885267 0.89118533 1.339962  ]
Classification: 1.0 0.95 335
(10, 4)
(14, 4)
(16, 4)
[0.76461124 0.88788814 1.34750063]
Classification: 1.0 0.95 336
(10, 4)
(14, 4)
(16, 4)
[0.80431986 0.87740646 1.31827367]
Classification: 1.0 0.95 337
(10, 4)
(14, 4)
(16, 4)
[0.74942878 0.8525417  1.39802952]
Classification: 1.0 0.95 338
(10, 4)
(14, 4)
(16, 4)
[0.78644577 0.81247775 1.40107648]
Classification: 1.0 0.95 339
(10, 4)
(14, 4)
(16, 4)
[0.78521931 0.77930625 1.43547444]
Classification: 1.0 0.95 340
(10, 4)
(14, 4)
(16, 4)
[0.80897541 0.83146301 1.35956159]
Classification: 1.0 0.95 341
(10, 4)
(14, 4)
(16, 4)
[0.76008393 0.82122018 1.41869589]
Classification: 1.0 0.95 342
(10, 4)
(14, 4)
(16, 4)
[0.776789  0.8375564 1.3856546]
Classification: 1.0 0.95 343
(10, 4)
(14, 4)
(16, 4)
[0.74237578 0.83648431 1.42113991]
Classification: 1.0 0.95 344
(10, 4)
(14, 4)
(16, 4)
[0.79562078 0.85612457 1.34825465]
Classification: 1.0 0.95 345
(10, 4)
(14, 4)
(16, 4)
[0.7029217  0.92603808 1.37104022]
Classification: 1.0 0.95 346
(10, 4)
(14, 4)
(16, 4)
[0.71846996 0.92475986 1.35677018]
Classification: 1.0 0.95 347
(10, 4)
(14, 4)
(16, 4)
[0.74056898 0.87061073 1.3888203 ]
Classification: 1.0 0.95 348
(10, 4)
(14, 4)
(16, 4)
[0.74733747 0.85553987 1.39712266]
Classification: 1.0 0.95 349
(10, 4)
(14, 4)
(16, 4)
[0.70678285 0.86014475 1.43307239]
Classification: 1.0 0.95 350
(10, 4)
(14, 4)
(16, 4)
[0.73874849 0.82976979 1.43148172]
Classification: 1.0 0.95 351
(10, 4)
(14, 4)
(16, 4)
[0.76394342 0.81615515 1.41990143]
Classification: 1.0 0.95 352
(10, 4)
(14, 4)
(16, 4)
[0.79962184 0.82581467 1.37456349]
Classification: 1.0 0.95 353
(10, 4)
(14, 4)
(16, 4)
[0.73582458 0.83759374 1.42658168]
Classification: 1.0 0.95 354
(10, 4)
(14, 4)
(16, 4)
[0.70579474 0.87592479 1.41828048]
Classification: 1.0 0.95 355
(10, 4)
(14, 4)
(16, 4)
[0.75402031 0.79576197 1.45021772]
Classification: 1.0 0.95 356
(10, 4)
(14, 4)
(16, 4)
[0.78158078 0.81097183 1.40744739]
Classification: 1.0 0.95 357
(10, 4)
(14, 4)
(16, 4)
[0.76526392 0.7962408  1.43849528]
Classification: 1.0 0.95 358
(10, 4)
(14, 4)
(16, 4)
[0.73955157 0.7819678  1.47848064]
Classification: 1.0 0.95 359
(10, 4)
(14, 4)
(16, 4)
[0.70217795 0.81544176 1.48238028]
Classification: 1.0 0.95 360
(10, 4)
(14, 4)
(16, 4)
[0.74755236 0.78837441 1.46407323]
Classification: 1.0 0.95 361
(10, 4)
(14, 4)
(16, 4)
[0.76532795 0.8253359  1.40933615]
Classification: 1.0 0.95 362
(10, 4)
(14, 4)
(16, 4)
[0.74331354 0.84108305 1.41560342]
Classification: 1.0 0.95 363
(10, 4)
(14, 4)
(16, 4)
[0.7214154  0.86208167 1.41650293]
Classification: 1.0 0.95 364
(10, 4)
(14, 4)
(16, 4)
[0.68651642 0.88892311 1.42456047]
Classification: 1.0 0.95 365
(10, 4)
(14, 4)
(16, 4)
[0.65362506 0.9327324  1.41364254]
Classification: 1.0 0.95 366
(10, 4)
(14, 4)
(16, 4)
[0.74134053 0.89134471 1.36731477]
Classification: 1.0 0.95 367
(10, 4)
(14, 4)
(16, 4)
[0.74575817 0.86169349 1.39254834]
Classification: 1.0 0.95 368
(10, 4)
(14, 4)
(16, 4)
[0.7479593  0.85560936 1.39643134]
Classification: 1.0 0.95 369
(10, 4)
(14, 4)
(16, 4)
[0.76667492 0.80260203 1.43072305]
Classification: 1.0 0.95 370
(10, 4)
(14, 4)
(16, 4)
[0.77550063 0.75187815 1.47262123]
Classification: 1.0 0.95 371
(10, 4)
(14, 4)
(16, 4)
[0.81230497 0.76314648 1.42454855]
Classification: 1.0 0.95 372
(10, 4)
(14, 4)
(16, 4)
[0.7446266  0.80397091 1.45140249]
Classification: 1.0 0.95 373
(10, 4)
(14, 4)
(16, 4)
[0.75876887 0.84328576 1.39794537]
Classification: 1.0 0.95 374
(10, 4)
(14, 4)
(16, 4)
[0.77071762 0.83419202 1.39509036]
Classification: 1.0 0.95 375
(10, 4)
(14, 4)
(16, 4)
[0.74181908 0.85096129 1.40721963]
Classification: 1.0 0.95 376
(10, 4)
(14, 4)
(16, 4)
[0.67683462 0.898351   1.42481438]
Classification: 1.0 0.95 377
(10, 4)
(14, 4)
(16, 4)
[0.6977183  0.87812221 1.42415949]
Classification: 1.0 0.95 378
(10, 4)
(14, 4)
(16, 4)
[0.74199509 0.90215821 1.3558467 ]
Classification: 1.0 0.95 379
(10, 4)
(14, 4)
(16, 4)
[0.70803487 0.9453121  1.34665303]
Classification: 1.0 0.95 380
(10, 4)
(14, 4)
(16, 4)
[0.73288148 0.86599984 1.40111868]
Classification: 1.0 0.95 381
(10, 4)
(14, 4)
(16, 4)
[0.71090111 0.89884376 1.39025513]
Classification: 1.0 0.95 382
(10, 4)
(14, 4)
(16, 4)
[0.71904987 0.85315387 1.42779626]
Classification: 1.0 0.95 383
(10, 4)
(14, 4)
(16, 4)
[0.77511142 0.82557475 1.39931383]
Classification: 1.0 0.95 384
(10, 4)
(14, 4)
(16, 4)
[0.74739192 0.84927209 1.40333599]
Classification: 1.0 0.95 385
(10, 4)
(14, 4)
(16, 4)
[0.74270961 0.83353222 1.42375817]
Classification: 1.0 0.95 386
(10, 4)
(14, 4)
(16, 4)
[0.77606906 0.8005964  1.42333454]
Classification: 1.0 0.95 387
(10, 4)
(14, 4)
(16, 4)
[0.75744784 0.82336342 1.41918874]
Classification: 1.0 0.95 388
(10, 4)
(14, 4)
(16, 4)
[0.79093409 0.80291775 1.40614817]
Classification: 1.0 0.95 389
(10, 4)
(14, 4)
(16, 4)
[0.88509421 0.79115645 1.32374934]
Classification: 1.0 0.95 390
(10, 4)
(14, 4)
(16, 4)
[0.84396725 0.80813034 1.34790241]
Classification: 1.0 0.95 391
(10, 4)
(14, 4)
(16, 4)
[0.83580314 0.78301295 1.3811839 ]
Classification: 1.0 0.95 392
(10, 4)
(14, 4)
(16, 4)
[0.7937554  0.75934629 1.44689831]
Classification: 1.0 0.95 393
(10, 4)
(14, 4)
(16, 4)
[0.79381739 0.77343121 1.4327514 ]
Classification: 1.0 0.95 394
(10, 4)
(14, 4)
(16, 4)
[0.83058459 0.74957044 1.41984497]
Classification: 1.0 0.95 395
(10, 4)
(14, 4)
(16, 4)
[0.87573847 0.73034412 1.3939174 ]
Classification: 1.0 0.95 396
(10, 4)
(14, 4)
(16, 4)
[0.91176558 0.68140288 1.40683154]
Classification: 1.0 0.95 397
(10, 4)
(14, 4)
(16, 4)
[0.90170001 0.68794605 1.41035394]
Classification: 1.0 0.95 398
(10, 4)
(14, 4)
(16, 4)
[0.86974747 0.75031308 1.37993945]
Classification: 1.0 0.95 399
(10, 4)
(14, 4)
(16, 4)
[0.90320809 0.75678774 1.34000417]
Classification: 1.0 0.95 400
(10, 4)
(14, 4)
(16, 4)
[0.87062646 0.78086631 1.34850723]
Classification: 1.0 0.95 401
(10, 4)
(14, 4)
(16, 4)
[0.86857289 0.77129511 1.360132  ]
Classification: 1.0 0.95 402
(10, 4)
(14, 4)
(16, 4)
[0.88073492 0.72267845 1.39658663]
Classification: 1.0 0.95 403
(10, 4)
(14, 4)
(16, 4)
[0.88596294 0.76849848 1.34553858]
Classification: 1.0 0.95 404
(10, 4)
(14, 4)
(16, 4)
[0.86871252 0.74928543 1.38200205]
Classification: 1.0 0.95 405
(10, 4)
(14, 4)
(16, 4)
[0.88597514 0.73179809 1.38222677]
Classification: 1.0 0.95 406
(10, 4)
(14, 4)
(16, 4)
[0.9021421  0.72407733 1.37378057]
Classification: 1.0 0.95 407
(10, 4)
(14, 4)
(16, 4)
[0.86011292 0.79434857 1.3455385 ]
Classification: 1.0 0.95 408
(10, 4)
(14, 4)
(16, 4)
[0.82756339 0.75976229 1.41267432]
Classification: 1.0 0.95 409
(10, 4)
(14, 4)
(16, 4)
[0.84311229 0.79086811 1.3660196 ]
Classification: 1.0 0.95 410
(10, 4)
(14, 4)
(16, 4)
[0.88236841 0.78836524 1.32926636]
Classification: 1.0 0.95 411
(10, 4)
(14, 4)
(16, 4)
[0.86772731 0.79737544 1.33489724]
Classification: 1.0 0.95 412
(10, 4)
(14, 4)
(16, 4)
[0.84379158 0.83167528 1.32453313]
Classification: 1.0 0.95 413
(10, 4)
(14, 4)
(16, 4)
[0.85302926 0.82451838 1.32245236]
Classification: 1.0 0.95 414
(10, 4)
(14, 4)
(16, 4)
[0.8426598  0.85922119 1.29811901]
Classification: 1.0 0.95 415
(10, 4)
(14, 4)
(16, 4)
[0.86587443 0.8486623  1.28546327]
Classification: 1.0 0.95 416
(10, 4)
(14, 4)
(16, 4)
[0.8831957  0.85597796 1.26082634]
Classification: 1.0 0.95 417
(10, 4)
(14, 4)
(16, 4)
[0.83468323 0.88540036 1.27991642]
Classification: 1.0 0.95 418
(10, 4)
(14, 4)
(16, 4)
[0.865889   0.85414511 1.27996589]
Classification: 1.0 0.95 419
(10, 4)
(14, 4)
(16, 4)
[0.85471684 0.84194684 1.30333633]
Classification: 1.0 0.95 420
(10, 4)
(14, 4)
(16, 4)
[0.8942837  0.82806184 1.27765445]
Classification: 1.0 0.95 421
(10, 4)
(14, 4)
(16, 4)
[0.86845406 0.78456528 1.34698066]
Classification: 1.0 0.95 422
(10, 4)
(14, 4)
(16, 4)
[0.8411992  0.80328446 1.35551634]
Classification: 1.0 0.95 423
(10, 4)
(14, 4)
(16, 4)
[0.82600074 0.83586709 1.33813217]
Classification: 1.0 0.95 424
(10, 4)
(14, 4)
(16, 4)
[0.85395412 0.88582014 1.26022574]
Classification: 1.0 0.95 425
(10, 4)
(14, 4)
(16, 4)
[0.8908127  0.83272346 1.27646384]
Classification: 1.0 0.95 426
(10, 4)
(14, 4)
(16, 4)
[0.85861118 0.82828828 1.31310054]
Classification: 1.0 0.95 427
(10, 4)
(14, 4)
(16, 4)
[0.84295028 0.85836841 1.29868131]
Classification: 1.0 0.95 428
(10, 4)
(14, 4)
(16, 4)
[0.87147632 0.81596579 1.31255789]
Classification: 1.0 0.95 429
(10, 4)
(14, 4)
(16, 4)
[0.92864682 0.79061004 1.28074314]
Classification: 1.0 0.95 430
(10, 4)
(14, 4)
(16, 4)
[0.89491231 0.7792105  1.3258772 ]
Classification: 1.0 0.95 431
(10, 4)
(14, 4)
(16, 4)
[0.95308741 0.77369402 1.27321857]
Classification: 1.0 0.95 432
(10, 4)
(14, 4)
(16, 4)
[0.89280868 0.83247861 1.27471271]
Classification: 1.0 0.95 433
(10, 4)
(14, 4)
(16, 4)
[0.88883981 0.7977478  1.31341239]
Classification: 1.0 0.95 434
(10, 4)
(14, 4)
(16, 4)
[0.92816741 0.74180217 1.33003042]
Classification: 1.0 0.95 435
(10, 4)
(14, 4)
(16, 4)
[0.88477054 0.76617077 1.34905869]
Classification: 1.0 0.95 436
(10, 4)
(14, 4)
(16, 4)
[0.89926631 0.81085514 1.28987855]
Classification: 1.0 0.95 437
(10, 4)
(14, 4)
(16, 4)
[0.88662707 0.77490831 1.33846462]
Classification: 1.0 0.95 438
(10, 4)
(14, 4)
(16, 4)
[0.90022866 0.75740914 1.34236219]
Classification: 1.0 0.95 439
(10, 4)
(14, 4)
(16, 4)
[0.9130536  0.77912913 1.30781727]
Classification: 1.0 0.95 440
(10, 4)
(14, 4)
(16, 4)
[0.89573875 0.74024254 1.36401871]
Classification: 1.0 0.95 441
(10, 4)
(14, 4)
(16, 4)
[0.84357085 0.81393274 1.34249641]
Classification: 1.0 0.95 442
(10, 4)
(14, 4)
(16, 4)
[0.82145287 0.80079038 1.37775675]
Classification: 1.0 0.95 443
(10, 4)
(14, 4)
(16, 4)
[0.86646884 0.7921646  1.34136656]
Classification: 1.0 0.95 444
(10, 4)
(14, 4)
(16, 4)
[0.91680164 0.80511446 1.2780839 ]
Classification: 1.0 0.95 445
(10, 4)
(14, 4)
(16, 4)
[0.92519407 0.80113113 1.2736748 ]
Classification: 1.0 0.95 446
(10, 4)
(14, 4)
(16, 4)
[0.8648649  0.82147745 1.31365765]
Classification: 1.0 0.95 447
(10, 4)
(14, 4)
(16, 4)
[0.83736663 0.83051458 1.33211879]
Classification: 1.0 0.95 448
(10, 4)
(14, 4)
(16, 4)
[0.86948888 0.83166182 1.29884931]
Classification: 1.0 0.95 449
(10, 4)
(14, 4)
(16, 4)
/mnt/data/user_liangzhiyu/envs/fedcsl/lib/python3.8/site-packages/scipy/__init__.py:146: UserWarning: A NumPy version >=1.16.5 and <1.23.0 is required for this version of SciPy (detected version 1.23.5
  warnings.warn(f"A NumPy version >={np_minversion} and <{np_maxversion}"
/mnt/data/user_liangzhiyu/envs/fedcsl/lib/python3.8/site-packages/tslearn/bases/bases.py:15: UserWarning: h5py not installed, hdf5 features will not be supported.
Install h5py to use hdf5 features: http://docs.h5py.org/
  warn(h5py_msg)
/mnt/data/user_liangzhiyu/lixiongfei/CSL-main/train.py:392: UserWarning: Creating a tensor from a list of numpy.ndarrays is extremely slow. Please consider converting the list to a single numpy.ndarray with numpy.array() before converting to a tensor. (Triggered internally at /opt/conda/conda-bld/pytorch_1724789259345/work/torch/csrc/utils/tensor_new.cpp:278.)
  X = torch.tensor(X, dtype=torch.float).contiguous()
[0.84386282 0.82258009 1.33355709]
Classification: 1.0 0.95 450
(10, 4)
(14, 4)
(16, 4)
[0.85899121 0.81439794 1.32661085]
Classification: 1.0 0.95 451
(10, 4)
(14, 4)
(16, 4)
[0.87593131 0.80531367 1.31875503]
Classification: 1.0 0.95 452
(10, 4)
(14, 4)
(16, 4)
[0.86383821 0.82887633 1.30728546]
Classification: 1.0 0.95 453
(10, 4)
(14, 4)
(16, 4)
[0.86718459 0.83105082 1.30176459]
Classification: 1.0 0.95 454
(10, 4)
(14, 4)
(16, 4)
[0.85563858 0.83835691 1.3060045 ]
Classification: 1.0 0.95 455
(10, 4)
(14, 4)
(16, 4)
[0.87492982 0.85106316 1.27400702]
Classification: 1.0 0.95 456
(10, 4)
(14, 4)
(16, 4)
[0.88593389 0.86444564 1.24962047]
Classification: 1.0 0.95 457
(10, 4)
(14, 4)
(16, 4)
[0.89702816 0.78386611 1.31910573]
Classification: 1.0 0.95 458
(10, 4)
(14, 4)
(16, 4)
[0.92718323 0.78061706 1.29219971]
Classification: 1.0 0.95 459
(10, 4)
(14, 4)
(16, 4)
[0.97462699 0.80498555 1.22038745]
Classification: 1.0 0.95 460
(10, 4)
(14, 4)
(16, 4)
[0.93393774 0.84110779 1.22495447]
Classification: 1.0 0.95 461
(10, 4)
(14, 4)
(16, 4)
[0.89061812 0.81264263 1.29673925]
Classification: 1.0 0.95 462
(10, 4)
(14, 4)
(16, 4)
[0.94063592 0.79681019 1.2625539 ]
Classification: 1.0 0.95 463
(10, 4)
(14, 4)
(16, 4)
[0.900011   0.87359596 1.22639304]
Classification: 1.0 0.95 464
(10, 4)
(14, 4)
(16, 4)
[0.91371221 0.81577401 1.27051379]
Classification: 1.0 0.95 465
(10, 4)
(14, 4)
(16, 4)
[0.90489762 0.8265161  1.26858627]
Classification: 1.0 0.95 466
(10, 4)
(14, 4)
(16, 4)
[0.86789836 0.83797113 1.29413051]
Classification: 1.0 0.95 467
(10, 4)
(14, 4)
(16, 4)
[0.86029145 0.8460311  1.29367745]
Classification: 1.0 0.95 468
(10, 4)
(14, 4)
(16, 4)
[0.84220402 0.83088298 1.32691301]
Classification: 1.0 0.95 469
(10, 4)
(14, 4)
(16, 4)
[0.90493006 0.79802517 1.29704477]
Classification: 1.0 0.95 470
(10, 4)
(14, 4)
(16, 4)
[0.91003841 0.83094321 1.25901839]
Classification: 1.0 0.95 471
(10, 4)
(14, 4)
(16, 4)
[0.93502105 0.78176708 1.28321187]
Classification: 1.0 0.95 472
(10, 4)
(14, 4)
(16, 4)
[0.95624307 0.77655411 1.26720282]
Classification: 1.0 0.95 473
(10, 4)
(14, 4)
(16, 4)
[0.9279265  0.81757992 1.25449359]
Classification: 1.0 0.95 474
(10, 4)
(14, 4)
(16, 4)
[0.90981583 0.83379322 1.25639095]
Classification: 1.0 0.95 475
(10, 4)
(14, 4)
(16, 4)
[0.91500055 0.85446715 1.2305323 ]
Classification: 1.0 0.95 476
(10, 4)
(14, 4)
(16, 4)
[0.89555269 0.81159296 1.29285435]
Classification: 1.0 0.95 477
(10, 4)
(14, 4)
(16, 4)
[0.87549895 0.86330918 1.26119187]
Classification: 1.0 0.95 478
(10, 4)
(14, 4)
(16, 4)
[0.96368923 0.85517982 1.18113094]
Classification: 1.0 0.95 479
(10, 4)
(14, 4)
(16, 4)
[0.93397412 0.86552325 1.20050263]
Classification: 1.0 0.95 480
(10, 4)
(14, 4)
(16, 4)
[0.94246159 0.86346826 1.19407015]
Classification: 1.0 0.95 481
(10, 4)
(14, 4)
(16, 4)
[0.91826253 0.89602725 1.18571022]
Classification: 1.0 0.95 482
(10, 4)
(14, 4)
(16, 4)
[0.94202007 0.86806984 1.18991008]
Classification: 1.0 0.95 483
(10, 4)
(14, 4)
(16, 4)
[0.89890916 0.87889193 1.2221989 ]
Classification: 1.0 0.95 484
(10, 4)
(14, 4)
(16, 4)
[0.93261092 0.84464267 1.22274641]
Classification: 1.0 0.95 485
(10, 4)
(14, 4)
(16, 4)
[0.95190421 0.83654863 1.21154717]
Classification: 1.0 0.95 486
(10, 4)
(14, 4)
(16, 4)
[0.9710485  0.82657484 1.20237666]
Classification: 1.0 0.95 487
(10, 4)
(14, 4)
(16, 4)
[0.94915208 0.79221003 1.25863789]
Classification: 1.0 0.95 488
(10, 4)
(14, 4)
(16, 4)
[0.97859633 0.76991438 1.25148929]
Classification: 1.0 0.95 489
(10, 4)
(14, 4)
(16, 4)
[0.90193514 0.80181892 1.29624594]
Classification: 1.0 0.95 490
(10, 4)
(14, 4)
(16, 4)
[0.90515856 0.7841389  1.31070254]
Classification: 1.0 0.95 491
(10, 4)
(14, 4)
(16, 4)
[0.92007463 0.77699208 1.30293329]
Classification: 1.0 0.95 492
(10, 4)
(14, 4)
(16, 4)
[0.9114424  0.84718367 1.24137393]
Classification: 1.0 0.95 493
(10, 4)
(14, 4)
(16, 4)
[0.91541286 0.82193131 1.26265583]
Classification: 1.0 0.95 494
(10, 4)
(14, 4)
(16, 4)
[0.82370636 0.90804562 1.26824803]
Classification: 1.0 0.95 495
(10, 4)
(14, 4)
(16, 4)
[0.86411217 0.89197926 1.24390857]
Classification: 1.0 0.95 496
(10, 4)
(14, 4)
(16, 4)
[0.88587719 0.85903121 1.2550916 ]
Classification: 1.0 0.95 497
(10, 4)
(14, 4)
(16, 4)
[0.89761656 0.83728936 1.26509408]
Classification: 1.0 0.95 498
(10, 4)
(14, 4)
(16, 4)
[0.93418341 0.82856496 1.23725163]
Classification: 1.0 0.95 499
best round is 17, acc is 0.950000
Model saved to ./checkpoint/BasicMotions/2025-03-10-19_BasicMotions_model.pt
