Running experiment with dataset: EthanolConcentration, config: ./result/ablation_study/config_EthanolConcentration.yml
[0.09514033 0.10277917 0.11127909 0.12035814 0.12964186 0.13872091
 0.14722083 0.15485967]
261
<class 'pandas.core.frame.DataFrame'>
RangeIndex: 261 entries, 0 to 260
Data columns (total 4 columns):
 #   Column      Non-Null Count  Dtype 
---  ------      --------------  ----- 
 0   dim_0       261 non-null    object
 1   dim_1       261 non-null    object
 2   dim_2       261 non-null    object
 3   class_vals  261 non-null    object
dtypes: object(4)
memory usage: 8.3+ KB
None
{1751}
<class 'pandas.core.frame.DataFrame'>
RangeIndex: 261 entries, 0 to 260
Data columns (total 4 columns):
 #   Column      Non-Null Count  Dtype 
---  ------      --------------  ----- 
 0   dim_0       261 non-null    object
 1   dim_1       261 non-null    object
 2   dim_2       261 non-null    object
 3   class_vals  261 non-null    object
dtypes: object(4)
memory usage: 8.3+ KB
None
[0 0 0 0 0 0 0 0 0 0 0 0 0 0 0 0 0 0 0 0 0 0 0 0 0 0 0 0 0 0 0 0 0 0 0 0 0
 0 0 0 0 0 0 0 0 0 0 0 0 0 0 0 0 0 0 0 0 0 0 0 0 0 0 0 0 1 1 1 1 1 1 1 1 1
 1 1 1 1 1 1 1 1 1 1 1 1 1 1 1 1 1 1 1 1 1 1 1 1 1 1 1 1 1 1 1 1 1 1 1 1 1
 1 1 1 1 1 1 1 1 1 1 1 1 1 1 1 1 1 1 1 2 2 2 2 2 2 2 2 2 2 2 2 2 2 2 2 2 2
 2 2 2 2 2 2 2 2 2 2 2 2 2 2 2 2 2 2 2 2 2 2 2 2 2 2 2 2 2 2 2 2 2 2 2 2 2
 2 2 2 2 2 2 2 2 2 2 2 3 3 3 3 3 3 3 3 3 3 3 3 3 3 3 3 3 3 3 3 3 3 3 3 3 3
 3 3 3 3 3 3 3 3 3 3 3 3 3 3 3 3 3 3 3 3 3 3 3 3 3 3 3 3 3 3 3 3 3 3 3 3 3
 3 3]
[ 65  66  67  68  69  70  71  72  73  74  75  76  77  78  79  80  81  82
  83  84  85  86  87  88  89  90  91  92  93  94  95  96  97  98  99 100
 101 102 103 104 105 106 107 108 109 110 111 112 113 114 115 116 117 118
 119 120 121 122 123 124 125 126 127 128]
[1, 1, 1, 1, 1, 1, 1, 1, 1, 1, 1, 1, 1, 1, 1, 1, 1, 1, 1, 1, 1, 1, 1, 1, 1, 1, 1, 1, 1, 1, 1, 1, 1, 1, 1, 1, 1, 1, 1, 1, 1, 1, 1, 1, 1, 1, 1, 1, 1, 1, 1, 1, 1, 1, 1, 1, 1, 1, 1, 1, 1, 1, 1, 1]
[2, 2, 2, 2, 2, 2, 2, 2, 2, 2, 2, 2, 2, 2, 2, 2, 2, 2, 2, 2, 2, 2, 2, 2, 2, 2, 2, 2, 2, 2, 2, 2, 2, 2, 2, 2, 2, 2, 2, 2, 2, 2, 2, 2, 2, 2, 2, 2, 2, 2, 2, 2, 2, 2, 2, 2, 2, 2, 2, 2, 2, 2, 2, 2, 2, 3, 3, 3, 3, 3, 3, 3, 3, 3, 3, 3, 3, 3, 3, 3, 3, 3, 3, 3, 3, 3, 3, 3, 3, 3, 3, 3, 3, 3, 3, 3, 3, 3, 3, 3, 3, 3, 3, 3, 3, 3, 3, 3, 3, 3, 3, 3, 3, 3, 3, 3, 3, 3, 3, 3, 3, 3, 3, 3, 3, 3, 3, 3, 3]
[0, 0, 0, 0, 0, 0, 0, 0, 0, 0, 0, 0, 0, 0, 0, 0, 0, 0, 0, 0, 0, 0, 0, 0, 0, 0, 0, 0, 0, 0, 0, 0, 0, 0, 0, 0, 0, 0, 0, 0, 0, 0, 0, 0, 0, 0, 0, 0, 0, 0, 0, 0, 0, 0, 0, 0, 0, 0, 0, 0, 0, 0, 0, 0, 0, 1, 2, 3]
shapelet initialized! 

All 3 clinet initialized! 

(64, 4)
(129, 4)
(68, 4)
[0.9954262  1.19420167 0.81037213]
Classification: 1.0 0.43346007604562736 0
(64, 4)
(129, 4)
(68, 4)
[1.1792084  0.97807884 0.84271276]
Classification: 1.0 0.45627376425855515 1
(64, 4)
(129, 4)
(68, 4)
[1.21692853 1.04163335 0.74143811]
Classification: 1.0 0.467680608365019 2
(64, 4)
(129, 4)
(68, 4)
[1.18193995 1.00026781 0.81779224]
Classification: 1.0 0.45627376425855515 3
(64, 4)
(129, 4)
(68, 4)
[1.18714679 0.99388664 0.81896657]
Classification: 1.0 0.46387832699619774 4
(64, 4)
(129, 4)
(68, 4)
[1.1390406  1.08048552 0.78047388]
Classification: 1.0 0.4790874524714829 5
(64, 4)
(129, 4)
(68, 4)
[1.12744309 1.09107386 0.78148305]
Classification: 1.0 0.4866920152091255 6
(64, 4)
(129, 4)
(68, 4)
[1.10065151 1.08854569 0.8108028 ]
Classification: 1.0 0.4752851711026616 7
(64, 4)
(129, 4)
(68, 4)
[1.13915135 1.06713126 0.79371738]
Classification: 1.0 0.5095057034220533 8
(64, 4)
(129, 4)
(68, 4)
[1.16235475 1.07156024 0.76608502]
Classification: 1.0 0.532319391634981 9
(64, 4)
(129, 4)
(68, 4)
[1.13160268 1.10452139 0.76387593]
Classification: 1.0 0.5095057034220533 10
(64, 4)
(129, 4)
(68, 4)
[1.18760173 1.05676508 0.75563319]
Classification: 1.0 0.4866920152091255 11
(64, 4)
(129, 4)
(68, 4)
[1.16809128 1.0754763  0.75643242]
Classification: 1.0 0.4866920152091255 12
(64, 4)
(129, 4)
(68, 4)
[1.18161058 1.08358589 0.73480352]
Classification: 1.0 0.4828897338403042 13
(64, 4)
(129, 4)
(68, 4)
[1.15910881 1.09541869 0.7454725 ]
Classification: 1.0 0.4600760456273764 14
(64, 4)
(129, 4)
(68, 4)
[1.10847485 1.1103345  0.78119065]
Classification: 1.0 0.4524714828897338 15
(64, 4)
(129, 4)
(68, 4)
[1.10452053 1.14719384 0.74828563]
Classification: 1.0 0.4448669201520912 16
(64, 4)
(129, 4)
(68, 4)
[1.18817739 1.04519321 0.76662941]
Classification: 1.0 0.44866920152091255 17
(64, 4)
(129, 4)
(68, 4)
[1.17815034 1.10210558 0.71974408]
Classification: 1.0 0.43346007604562736 18
(64, 4)
(129, 4)
(68, 4)
[1.1871395  1.06017059 0.75268992]
Classification: 1.0 0.467680608365019 19
(64, 4)
(129, 4)
(68, 4)
[1.09021706 1.19221161 0.71757133]
Classification: 1.0 0.4790874524714829 20
(64, 4)
(129, 4)
(68, 4)
[1.18320153 1.06710037 0.74969811]
Classification: 1.0 0.45627376425855515 21
(64, 4)
(129, 4)
(68, 4)
[1.18423925 1.07056664 0.74519411]
Classification: 1.0 0.44866920152091255 22
(64, 4)
(129, 4)
(68, 4)
[1.11775364 1.10878358 0.77346279]
Classification: 1.0 0.4600760456273764 23
(64, 4)
(129, 4)
(68, 4)
[1.27351801 1.00640381 0.72007817]
Classification: 1.0 0.46387832699619774 24
(64, 4)
(129, 4)
(68, 4)
[1.2413082  1.00363492 0.75505687]
Classification: 1.0 0.46387832699619774 25
(64, 4)
(129, 4)
(68, 4)
[1.24831113 0.95956664 0.79212223]
Classification: 1.0 0.4752851711026616 26
(64, 4)
(129, 4)
(68, 4)
[1.20436286 1.09868224 0.69695491]
Classification: 1.0 0.4790874524714829 27
(64, 4)
(129, 4)
(68, 4)
[1.15783474 1.10814637 0.73401889]
Classification: 1.0 0.4790874524714829 28
(64, 4)
(129, 4)
(68, 4)
[1.19113103 1.05882165 0.75004733]
Classification: 1.0 0.4828897338403042 29
(64, 4)
(129, 4)
(68, 4)
[1.19432047 1.10212688 0.70355265]
Classification: 1.0 0.4752851711026616 30
(64, 4)
(129, 4)
(68, 4)
[1.23924617 1.0437568  0.71699703]
Classification: 1.0 0.5209125475285171 31
(64, 4)
(129, 4)
(68, 4)
[1.1766816  1.05813175 0.76518665]
Classification: 1.0 0.5019011406844106 32
(64, 4)
(129, 4)
(68, 4)
[1.12932832 1.12680452 0.74386716]
Classification: 1.0 0.46387832699619774 33
(64, 4)
(129, 4)
(68, 4)
[1.12302276 1.14699337 0.72998387]
Classification: 1.0 0.467680608365019 34
(64, 4)
(129, 4)
(68, 4)
[1.12775987 1.08475982 0.78748032]
Classification: 1.0 0.49809885931558934 35
(64, 4)
(129, 4)
(68, 4)
[1.14378655 1.10266039 0.75355306]
Classification: 1.0 0.49429657794676807 36
(64, 4)
(129, 4)
(68, 4)
[1.08613299 1.1184071  0.79545991]
Classification: 1.0 0.4866920152091255 37
(64, 4)
(129, 4)
(68, 4)
[1.08753253 1.13825917 0.77420829]
Classification: 1.0 0.45627376425855515 38
(64, 4)
(129, 4)
(68, 4)
[1.04395362 1.10979927 0.84624711]
Classification: 1.0 0.4828897338403042 39
(64, 4)
(129, 4)
(68, 4)
[1.12057494 1.10128307 0.778142  ]
Classification: 1.0 0.4790874524714829 40
(64, 4)
(129, 4)
(68, 4)
[1.11459037 1.12373022 0.7616794 ]
Classification: 1.0 0.4828897338403042 41
(64, 4)
(129, 4)
(68, 4)
[1.13173944 1.0532413  0.81501926]
Classification: 1.0 0.49049429657794674 42
(64, 4)
(129, 4)
(68, 4)
[1.10023049 1.15277666 0.74699285]
Classification: 1.0 0.4828897338403042 43
(64, 4)
(129, 4)
(68, 4)
[1.06327482 1.15443546 0.78228972]
Classification: 1.0 0.467680608365019 44
(64, 4)
(129, 4)
(68, 4)
[1.01297723 1.17361205 0.81341072]
Classification: 1.0 0.46387832699619774 45
(64, 4)
(129, 4)
(68, 4)
[1.09445306 1.07844692 0.82710002]
Classification: 1.0 0.5057034220532319 46
(64, 4)
(129, 4)
(68, 4)
[1.06001024 1.13589805 0.80409171]
Classification: 1.0 0.4714828897338403 47
(64, 4)
(129, 4)
(68, 4)
[1.07953155 1.13185073 0.78861772]
Classification: 1.0 0.49049429657794674 48
(64, 4)
(129, 4)
(68, 4)
[1.07730442 1.11883099 0.8038646 ]
Classification: 1.0 0.4600760456273764 49
(64, 4)
(129, 4)
(68, 4)
[1.09784165 1.11702699 0.78513136]
Classification: 1.0 0.5095057034220533 50
(64, 4)
(129, 4)
(68, 4)
[1.07958241 1.1295111  0.79090649]
Classification: 1.0 0.4714828897338403 51
(64, 4)
(129, 4)
(68, 4)
[1.0674158  1.15406425 0.77851995]
Classification: 1.0 0.46387832699619774 52
(64, 4)
(129, 4)
(68, 4)
[1.0609354  1.11492515 0.82413945]
Classification: 1.0 0.467680608365019 53
(64, 4)
(129, 4)
(68, 4)
[1.05369694 1.10801988 0.83828318]
Classification: 1.0 0.4524714828897338 54
(64, 4)
(129, 4)
(68, 4)
[1.06242854 1.11103728 0.82653418]
Classification: 1.0 0.4372623574144487 55
(64, 4)
(129, 4)
(68, 4)
[0.9656496  1.20259802 0.83175238]
Classification: 1.0 0.44106463878326996 56
(64, 4)
(129, 4)
(68, 4)
[0.96755438 1.1711071  0.86133852]
Classification: 1.0 0.4714828897338403 57
(64, 4)
(129, 4)
(68, 4)
[0.94371715 1.21289012 0.84339273]
Classification: 1.0 0.4828897338403042 58
(64, 4)
(129, 4)
(68, 4)
[1.01142936 1.13963148 0.84893916]
Classification: 1.0 0.467680608365019 59
(64, 4)
(129, 4)
(68, 4)
[0.95082901 1.15745899 0.89171199]
Classification: 1.0 0.4600760456273764 60
(64, 4)
(129, 4)
(68, 4)
[1.06615761 1.07066581 0.86317658]
Classification: 1.0 0.4790874524714829 61
(64, 4)
(129, 4)
(68, 4)
[0.95805262 1.17318554 0.86876184]
Classification: 1.0 0.467680608365019 62
(64, 4)
(129, 4)
(68, 4)
[0.98459889 1.1075816  0.90781952]
Classification: 1.0 0.467680608365019 63
(64, 4)
(129, 4)
(68, 4)
[1.03852868 1.04819249 0.91327884]
Classification: 1.0 0.4828897338403042 64
(64, 4)
(129, 4)
(68, 4)
[0.95979974 1.1047109  0.93548935]
Classification: 1.0 0.4714828897338403 65
(64, 4)
(129, 4)
(68, 4)
[1.03961145 1.08017172 0.88021683]
Classification: 1.0 0.49429657794676807 66
(64, 4)
(129, 4)
(68, 4)
[1.03915208 1.12276996 0.83807796]
Classification: 1.0 0.4752851711026616 67
(64, 4)
(129, 4)
(68, 4)
[0.98109959 1.15779527 0.86110514]
Classification: 1.0 0.467680608365019 68
(64, 4)
(129, 4)
(68, 4)
[1.0111306  1.08722679 0.90164262]
Classification: 1.0 0.46387832699619774 69
(64, 4)
(129, 4)
(68, 4)
[0.89057909 1.14067785 0.96874306]
Classification: 1.0 0.4372623574144487 70
(64, 4)
(129, 4)
(68, 4)
[0.9721412  1.13047754 0.89738126]
Classification: 1.0 0.49049429657794674 71
(64, 4)
(129, 4)
(68, 4)
[0.98185669 1.09648631 0.921657  ]
Classification: 1.0 0.4714828897338403 72
(64, 4)
(129, 4)
(68, 4)
[0.9502922  1.14012099 0.90958681]
Classification: 1.0 0.4752851711026616 73
(64, 4)
(129, 4)
(68, 4)
[0.95593936 1.15752423 0.88653641]
Classification: 1.0 0.45627376425855515 74
(64, 4)
(129, 4)
(68, 4)
[0.94436576 1.15312981 0.90250443]
Classification: 1.0 0.46387832699619774 75
(64, 4)
(129, 4)
(68, 4)
[1.01996896 1.15037934 0.8296517 ]
Classification: 1.0 0.467680608365019 76
(64, 4)
(129, 4)
(68, 4)
[0.932065   1.15313124 0.91480376]
Classification: 1.0 0.4448669201520912 77
(64, 4)
(129, 4)
(68, 4)
[0.88877636 1.22697096 0.88425268]
Classification: 1.0 0.4600760456273764 78
(64, 4)
(129, 4)
(68, 4)
[0.86113793 1.17944966 0.95941241]
Classification: 1.0 0.4600760456273764 79
(64, 4)
(129, 4)
(68, 4)
[0.8676288  1.15819832 0.97417288]
Classification: 1.0 0.46387832699619774 80
(64, 4)
(129, 4)
(68, 4)
[0.87412952 1.13480988 0.9910606 ]
Classification: 1.0 0.4752851711026616 81
(64, 4)
(129, 4)
(68, 4)
[0.7982435  1.17998013 1.02177637]
Classification: 1.0 0.46387832699619774 82
(64, 4)
(129, 4)
(68, 4)
[0.81721545 1.13498615 1.0477984 ]
Classification: 1.0 0.45627376425855515 83
(64, 4)
(129, 4)
(68, 4)
[0.883924   1.10314436 1.01293164]
Classification: 1.0 0.4600760456273764 84
(64, 4)
(129, 4)
(68, 4)
[0.81956702 1.21144862 0.96898437]
Classification: 1.0 0.46387832699619774 85
(64, 4)
(129, 4)
(68, 4)
[0.8096881  1.18738892 1.00292298]
Classification: 1.0 0.467680608365019 86
(64, 4)
(129, 4)
(68, 4)
[0.80941949 1.14217287 1.04840764]
Classification: 1.0 0.44866920152091255 87
(64, 4)
(129, 4)
(68, 4)
[0.86392588 1.18636424 0.94970988]
Classification: 1.0 0.49049429657794674 88
(64, 4)
(129, 4)
(68, 4)
[0.8482189  1.16316665 0.98861445]
Classification: 1.0 0.46387832699619774 89
(64, 4)
(129, 4)
(68, 4)
[0.85376063 1.15160852 0.99463085]
Classification: 1.0 0.4524714828897338 90
(64, 4)
(129, 4)
(68, 4)
[0.81739642 1.17626225 1.00634134]
Classification: 1.0 0.44866920152091255 91
(64, 4)
(129, 4)
(68, 4)
[0.8096019  1.16078943 1.02960867]
Classification: 1.0 0.4600760456273764 92
(64, 4)
(129, 4)
(68, 4)
[0.78932873 1.12582584 1.08484544]
Classification: 1.0 0.4524714828897338 93
(64, 4)
(129, 4)
(68, 4)
[0.79920877 1.13760943 1.0631818 ]
Classification: 1.0 0.4752851711026616 94
(64, 4)
(129, 4)
(68, 4)
[0.78505853 1.14136104 1.07358043]
Classification: 1.0 0.4866920152091255 95
(64, 4)
(129, 4)
(68, 4)
[0.76042845 1.19127077 1.04830078]
Classification: 1.0 0.46387832699619774 96
(64, 4)
(129, 4)
(68, 4)
[0.82582866 1.16842409 1.00574726]
Classification: 1.0 0.49429657794676807 97
(64, 4)
(129, 4)
(68, 4)
[0.80414435 1.22014164 0.97571401]
Classification: 1.0 0.4714828897338403 98
(64, 4)
(129, 4)
(68, 4)
[0.81366417 1.16662792 1.0197079 ]
Classification: 1.0 0.4866920152091255 99
(64, 4)
(129, 4)
(68, 4)
[0.83707825 1.16475606 0.99816569]
Classification: 1.0 0.4752851711026616 100
(64, 4)
(129, 4)
(68, 4)
[0.85061375 1.15796502 0.99142123]
Classification: 1.0 0.4714828897338403 101
(64, 4)
(129, 4)
(68, 4)
[0.85055469 1.16301239 0.98643292]
Classification: 1.0 0.4790874524714829 102
(64, 4)
(129, 4)
(68, 4)
[0.84373953 1.20026892 0.95599156]
Classification: 1.0 0.4828897338403042 103
(64, 4)
(129, 4)
(68, 4)
[0.8301989  1.241269   0.92853209]
Classification: 1.0 0.4714828897338403 104
(64, 4)
(129, 4)
(68, 4)
[0.85765839 1.18636377 0.95597784]
Classification: 1.0 0.4752851711026616 105
(64, 4)
(129, 4)
(68, 4)
[0.82505093 1.19389557 0.9810535 ]
Classification: 1.0 0.45627376425855515 106
(64, 4)
(129, 4)
(68, 4)
[0.8132444  1.22792953 0.95882607]
Classification: 1.0 0.4866920152091255 107
(64, 4)
(129, 4)
(68, 4)
[0.82756529 1.19238016 0.98005455]
Classification: 1.0 0.4866920152091255 108
(64, 4)
(129, 4)
(68, 4)
[0.88698239 1.16748868 0.94552893]
Classification: 1.0 0.45627376425855515 109
(64, 4)
(129, 4)
(68, 4)
[0.91700421 1.17767808 0.9053177 ]
Classification: 1.0 0.4828897338403042 110
(64, 4)
(129, 4)
(68, 4)
[0.83597943 1.1689321  0.99508847]
Classification: 1.0 0.49049429657794674 111
(64, 4)
(129, 4)
(68, 4)
[0.75745858 1.18001843 1.06252299]
Classification: 1.0 0.4790874524714829 112
(64, 4)
(129, 4)
(68, 4)
[0.72727707 1.31134265 0.96138028]
Classification: 1.0 0.4790874524714829 113
(64, 4)
(129, 4)
(68, 4)
[0.77334533 1.23371249 0.99294218]
Classification: 1.0 0.49429657794676807 114
(64, 4)
(129, 4)
(68, 4)
[0.81113096 1.16965142 1.01921762]
Classification: 1.0 0.46387832699619774 115
(64, 4)
(129, 4)
(68, 4)
[0.77061301 1.22821601 1.00117098]
Classification: 1.0 0.4866920152091255 116
(64, 4)
(129, 4)
(68, 4)
[0.78315257 1.1999268  1.01692063]
Classification: 1.0 0.46387832699619774 117
(64, 4)
(129, 4)
(68, 4)
[0.88253508 1.20585699 0.91160792]
Classification: 1.0 0.4866920152091255 118
(64, 4)
(129, 4)
(68, 4)
[0.85313239 1.22411448 0.92275313]
Classification: 1.0 0.4752851711026616 119
(64, 4)
(129, 4)
(68, 4)
[0.85440469 1.22930512 0.91629018]
Classification: 1.0 0.4752851711026616 120
(64, 4)
(129, 4)
(68, 4)
[0.82722537 1.28874261 0.88403202]
Classification: 1.0 0.46387832699619774 121
(64, 4)
(129, 4)
(68, 4)
[0.79708682 1.29793389 0.90497928]
Classification: 1.0 0.4790874524714829 122
(64, 4)
(129, 4)
(68, 4)
[0.80638507 1.25703914 0.93657579]
Classification: 1.0 0.4448669201520912 123
(64, 4)
(129, 4)
(68, 4)
[0.80876268 1.25499587 0.93624145]
Classification: 1.0 0.4448669201520912 124
(64, 4)
(129, 4)
(68, 4)
[0.76800346 1.34637857 0.88561797]
Classification: 1.0 0.4752851711026616 125
(64, 4)
(129, 4)
(68, 4)
[0.75789086 1.30897555 0.93313359]
Classification: 1.0 0.43346007604562736 126
(64, 4)
(129, 4)
(68, 4)
[0.78053285 1.26330712 0.95616002]
Classification: 1.0 0.4524714828897338 127
(64, 4)
(129, 4)
(68, 4)
[0.78506783 1.26452563 0.95040654]
Classification: 1.0 0.4448669201520912 128
(64, 4)
(129, 4)
(68, 4)
[0.76948776 1.26953828 0.96097396]
Classification: 1.0 0.4600760456273764 129
(64, 4)
(129, 4)
(68, 4)
[0.76402298 1.28753621 0.94844081]
Classification: 1.0 0.4448669201520912 130
(64, 4)
(129, 4)
(68, 4)
[0.74554664 1.30518664 0.94926673]
Classification: 1.0 0.4752851711026616 131
(64, 4)
(129, 4)
(68, 4)
[0.77657022 1.26665073 0.95677905]
Classification: 1.0 0.4866920152091255 132
(64, 4)
(129, 4)
(68, 4)
[0.71014512 1.29506378 0.99479111]
Classification: 1.0 0.46387832699619774 133
(64, 4)
(129, 4)
(68, 4)
[0.79265489 1.26866651 0.9386786 ]
Classification: 1.0 0.4600760456273764 134
(64, 4)
(129, 4)
(68, 4)
[0.78974397 1.25014361 0.96011243]
Classification: 1.0 0.45627376425855515 135
(64, 4)
(129, 4)
(68, 4)
[0.67511677 1.28918072 1.0357025 ]
Classification: 1.0 0.4714828897338403 136
(64, 4)
(129, 4)
(68, 4)
[0.69205914 1.31650916 0.9914317 ]
Classification: 1.0 0.4524714828897338 137
(64, 4)
(129, 4)
(68, 4)
[0.71809397 1.27497874 1.00692729]
Classification: 1.0 0.44106463878326996 138
(64, 4)
(129, 4)
(68, 4)
[0.71458673 1.3061899  0.97922338]
Classification: 1.0 0.4524714828897338 139
(64, 4)
(129, 4)
(68, 4)
[0.72584106 1.31771554 0.9564434 ]
Classification: 1.0 0.4448669201520912 140
(64, 4)
(129, 4)
(68, 4)
[0.71376827 1.21179459 1.07443714]
Classification: 1.0 0.4752851711026616 141
(64, 4)
(129, 4)
(68, 4)
[0.68437962 1.22592034 1.08970004]
Classification: 1.0 0.4714828897338403 142
(64, 4)
(129, 4)
(68, 4)
[0.69148068 1.28225754 1.02626178]
Classification: 1.0 0.4790874524714829 143
(64, 4)
(129, 4)
(68, 4)
[0.71459266 1.29638094 0.9890264 ]
Classification: 1.0 0.4448669201520912 144
(64, 4)
(129, 4)
(68, 4)
[0.70130753 1.24029338 1.05839909]
Classification: 1.0 0.467680608365019 145
(64, 4)
(129, 4)
(68, 4)
[0.67962446 1.26681687 1.05355867]
Classification: 1.0 0.46387832699619774 146
(64, 4)
(129, 4)
(68, 4)
[0.68286046 1.31968974 0.9974498 ]
Classification: 1.0 0.467680608365019 147
(64, 4)
(129, 4)
(68, 4)
[0.68116361 1.34584388 0.97299251]
Classification: 1.0 0.44866920152091255 148
(64, 4)
(129, 4)
(68, 4)
[0.66715738 1.35813452 0.9747081 ]
Classification: 1.0 0.4600760456273764 149
(64, 4)
(129, 4)
(68, 4)
[0.63031747 1.33170006 1.03798247]
Classification: 1.0 0.46387832699619774 150
(64, 4)
(129, 4)
(68, 4)
[0.67619252 1.30937464 1.01443285]
Classification: 1.0 0.4866920152091255 151
(64, 4)
(129, 4)
(68, 4)
[0.66357765 1.22322897 1.11319338]
Classification: 1.0 0.4752851711026616 152
(64, 4)
(129, 4)
(68, 4)
[0.63405492 1.35380961 1.01213548]
Classification: 1.0 0.4714828897338403 153
(64, 4)
(129, 4)
(68, 4)
[0.69216349 1.34843923 0.95939727]
Classification: 1.0 0.44106463878326996 154
(64, 4)
(129, 4)
(68, 4)
[0.71456346 1.30593845 0.97949809]
Classification: 1.0 0.4448669201520912 155
(64, 4)
(129, 4)
(68, 4)
[0.69075462 1.24524491 1.06400047]
Classification: 1.0 0.44106463878326996 156
(64, 4)
(129, 4)
(68, 4)
[0.67644063 1.33035595 0.99320342]
Classification: 1.0 0.44866920152091255 157
(64, 4)
(129, 4)
(68, 4)
[0.73543082 1.29039797 0.97417121]
Classification: 1.0 0.44106463878326996 158
(64, 4)
(129, 4)
(68, 4)
[0.68730374 1.29308783 1.01960843]
Classification: 1.0 0.4790874524714829 159
(64, 4)
(129, 4)
(68, 4)
[0.65429792 1.25511262 1.09058946]
Classification: 1.0 0.4828897338403042 160
(64, 4)
(129, 4)
(68, 4)
[0.71087416 1.33981991 0.94930593]
Classification: 1.0 0.4790874524714829 161
(64, 4)
(129, 4)
(68, 4)
[0.6660324  1.31536493 1.01860267]
Classification: 1.0 0.44866920152091255 162
(64, 4)
(129, 4)
(68, 4)
[0.63903715 1.29750226 1.0634606 ]
Classification: 1.0 0.467680608365019 163
(64, 4)
(129, 4)
(68, 4)
[0.68489747 1.27890665 1.03619589]
Classification: 1.0 0.44106463878326996 164
(64, 4)
(129, 4)
(68, 4)
[0.60145494 1.33727312 1.06127195]
Classification: 1.0 0.4524714828897338 165
(64, 4)
(129, 4)
(68, 4)
[0.70049103 1.21808189 1.08142707]
Classification: 1.0 0.44106463878326996 166
(64, 4)
(129, 4)
(68, 4)
[0.69096404 1.26341315 1.04562281]
Classification: 1.0 0.46387832699619774 167
(64, 4)
(129, 4)
(68, 4)
[0.70068087 1.26076129 1.03855783]
Classification: 1.0 0.46387832699619774 168
(64, 4)
(129, 4)
(68, 4)
[0.63761812 1.28547989 1.07690199]
Classification: 1.0 0.45627376425855515 169
(64, 4)
(129, 4)
(68, 4)
[0.60665674 1.3543925  1.03895076]
Classification: 1.0 0.4752851711026616 170
(64, 4)
(129, 4)
(68, 4)
[0.70110896 1.31057047 0.98832057]
Classification: 1.0 0.4828897338403042 171
(64, 4)
(129, 4)
(68, 4)
[0.65036353 1.32730033 1.02233615]
Classification: 1.0 0.4524714828897338 172
(64, 4)
(129, 4)
(68, 4)
[0.62599702 1.32236481 1.05163817]
Classification: 1.0 0.4296577946768061 173
(64, 4)
(129, 4)
(68, 4)
[0.65155311 1.30679428 1.04165261]
Classification: 1.0 0.46387832699619774 174
(64, 4)
(129, 4)
(68, 4)
[0.70355517 1.30508388 0.99136096]
Classification: 1.0 0.4296577946768061 175
(64, 4)
(129, 4)
(68, 4)
[0.66344596 1.31848874 1.01806529]
Classification: 1.0 0.44866920152091255 176
(64, 4)
(129, 4)
(68, 4)
[0.6622272  1.32435969 1.01341311]
Classification: 1.0 0.43346007604562736 177
(64, 4)
(129, 4)
(68, 4)
[0.63882146 1.34234233 1.01883622]
Classification: 1.0 0.43346007604562736 178
(64, 4)
(129, 4)
(68, 4)
[0.64029038 1.32026659 1.03944303]
Classification: 1.0 0.45627376425855515 179
(64, 4)
(129, 4)
(68, 4)
[0.64414078 1.30323553 1.05262369]
Classification: 1.0 0.44866920152091255 180
(64, 4)
(129, 4)
(68, 4)
[0.59976032 1.39031017 1.00992951]
Classification: 1.0 0.4448669201520912 181
(64, 4)
(129, 4)
(68, 4)
[0.70775061 1.25003755 1.04221184]
Classification: 1.0 0.44866920152091255 182
(64, 4)
(129, 4)
(68, 4)
[0.67575785 1.29158131 1.03266084]
Classification: 1.0 0.4714828897338403 183
(64, 4)
(129, 4)
(68, 4)
[0.71002139 1.23763803 1.05234059]
Classification: 1.0 0.467680608365019 184
(64, 4)
(129, 4)
(68, 4)
[0.60536398 1.30675072 1.0878853 ]
Classification: 1.0 0.4524714828897338 185
(64, 4)
(129, 4)
(68, 4)
[0.65300811 1.31033711 1.03665477]
Classification: 1.0 0.4752851711026616 186
(64, 4)
(129, 4)
(68, 4)
[0.67014416 1.2180671  1.11178874]
Classification: 1.0 0.4524714828897338 187
(64, 4)
(129, 4)
(68, 4)
[0.6937368  1.29017148 1.01609172]
Classification: 1.0 0.4144486692015209 188
(64, 4)
(129, 4)
(68, 4)
[0.68731334 1.26510054 1.04758612]
Classification: 1.0 0.43346007604562736 189
(64, 4)
(129, 4)
(68, 4)
[0.6583462  1.29652135 1.04513245]
Classification: 1.0 0.42585551330798477 190
(64, 4)
(129, 4)
(68, 4)
[0.62932395 1.30821654 1.06245951]
Classification: 1.0 0.44866920152091255 191
(64, 4)
(129, 4)
(68, 4)
[0.63645453 1.31480427 1.0487412 ]
Classification: 1.0 0.4296577946768061 192
(64, 4)
(129, 4)
(68, 4)
[0.6515588  1.31019049 1.03825071]
Classification: 1.0 0.4296577946768061 193
(64, 4)
(129, 4)
(68, 4)
[0.62699508 1.34110845 1.03189648]
Classification: 1.0 0.43346007604562736 194
(64, 4)
(129, 4)
(68, 4)
[0.62015193 1.29265413 1.08719395]
Classification: 1.0 0.4448669201520912 195
(64, 4)
(129, 4)
(68, 4)
[0.65776189 1.2746128  1.0676253 ]
Classification: 1.0 0.4600760456273764 196
(64, 4)
(129, 4)
(68, 4)
[0.63059808 1.31908299 1.05031893]
Classification: 1.0 0.43346007604562736 197
(64, 4)
(129, 4)
(68, 4)
[0.60974856 1.2839997  1.10625175]
Classification: 1.0 0.4296577946768061 198
(64, 4)
(129, 4)
(68, 4)
[0.62069164 1.29929494 1.08001342]
Classification: 1.0 0.41064638783269963 199
(64, 4)
(129, 4)
(68, 4)
[0.6339493  1.28560953 1.08044116]
Classification: 1.0 0.4220532319391635 200
(64, 4)
(129, 4)
(68, 4)
[0.61931542 1.27469788 1.10598669]
Classification: 1.0 0.4372623574144487 201
(64, 4)
(129, 4)
(68, 4)
[0.59474072 1.33137678 1.07388249]
Classification: 1.0 0.40304182509505704 202
(64, 4)
(129, 4)
(68, 4)
[0.60512436 1.31560026 1.07927538]
Classification: 1.0 0.41825095057034223 203
(64, 4)
(129, 4)
(68, 4)
[0.63861677 1.27561861 1.08576462]
Classification: 1.0 0.3916349809885932 204
(64, 4)
(129, 4)
(68, 4)
[0.65179657 1.28058694 1.06761649]
Classification: 1.0 0.4220532319391635 205
(64, 4)
(129, 4)
(68, 4)
[0.60575214 1.29472641 1.09952145]
Classification: 1.0 0.40304182509505704 206
(64, 4)
(129, 4)
(68, 4)
[0.63602718 1.31685154 1.04712128]
Classification: 1.0 0.42585551330798477 207
(64, 4)
(129, 4)
(68, 4)
[0.59011284 1.34026138 1.06962578]
Classification: 1.0 0.4296577946768061 208
(64, 4)
(129, 4)
(68, 4)
[0.60964886 1.35138995 1.03896119]
Classification: 1.0 0.4220532319391635 209
(64, 4)
(129, 4)
(68, 4)
[0.56995654 1.31668401 1.11335945]
Classification: 1.0 0.42585551330798477 210
(64, 4)
(129, 4)
(68, 4)
[0.59218091 1.33263179 1.07518731]
Classification: 1.0 0.44866920152091255 211
(64, 4)
(129, 4)
(68, 4)
[0.6288296  1.32706499 1.04410541]
Classification: 1.0 0.4220532319391635 212
(64, 4)
(129, 4)
(68, 4)
[0.62652287 1.29484836 1.07862877]
Classification: 1.0 0.4144486692015209 213
(64, 4)
(129, 4)
(68, 4)
[0.61084458 1.30141922 1.0877362 ]
Classification: 1.0 0.41064638783269963 214
(64, 4)
(129, 4)
(68, 4)
[0.6039412  1.33846376 1.05759503]
Classification: 1.0 0.41825095057034223 215
(64, 4)
(129, 4)
(68, 4)
[0.60719816 1.35703428 1.03576756]
Classification: 1.0 0.4220532319391635 216
(64, 4)
(129, 4)
(68, 4)
[0.61589269 1.34049402 1.04361329]
Classification: 1.0 0.39543726235741444 217
(64, 4)
(129, 4)
(68, 4)
[0.67515127 1.28435358 1.04049515]
Classification: 1.0 0.43346007604562736 218
(64, 4)
(129, 4)
(68, 4)
[0.60044454 1.3908913  1.00866416]
Classification: 1.0 0.4220532319391635 219
(64, 4)
(129, 4)
(68, 4)
[0.66189619 1.24003001 1.0980738 ]
Classification: 1.0 0.44106463878326996 220
(64, 4)
(129, 4)
(68, 4)
[0.65038835 1.29524388 1.05436777]
Classification: 1.0 0.42585551330798477 221
(64, 4)
(129, 4)
(68, 4)
[0.63636519 1.25965927 1.10397554]
Classification: 1.0 0.44106463878326996 222
(64, 4)
(129, 4)
(68, 4)
[0.59885848 1.33988232 1.0612592 ]
Classification: 1.0 0.43346007604562736 223
(64, 4)
(129, 4)
(68, 4)
[0.64037939 1.21752932 1.14209129]
Classification: 1.0 0.4372623574144487 224
(64, 4)
(129, 4)
(68, 4)
[0.65140818 1.30672983 1.04186199]
Classification: 1.0 0.4296577946768061 225
(64, 4)
(129, 4)
(68, 4)
[0.58984159 1.3599783  1.0501801 ]
Classification: 1.0 0.42585551330798477 226
(64, 4)
(129, 4)
(68, 4)
[0.60659956 1.35089345 1.04250698]
Classification: 1.0 0.4220532319391635 227
(64, 4)
(129, 4)
(68, 4)
[0.65232035 1.26090785 1.0867718 ]
Classification: 1.0 0.4372623574144487 228
(64, 4)
(129, 4)
(68, 4)
[0.66296953 1.29723564 1.03979483]
Classification: 1.0 0.41064638783269963 229
(64, 4)
(129, 4)
(68, 4)
[0.63102439 1.1815167  1.18745891]
Classification: 1.0 0.3840304182509506 230
(64, 4)
(129, 4)
(68, 4)
[0.60114721 1.24500892 1.15384387]
Classification: 1.0 0.42585551330798477 231
(64, 4)
(129, 4)
(68, 4)
[0.59421911 1.28725921 1.11852168]
Classification: 1.0 0.41825095057034223 232
(64, 4)
(129, 4)
(68, 4)
[0.59604126 1.33157172 1.07238702]
Classification: 1.0 0.41064638783269963 233
(64, 4)
(129, 4)
(68, 4)
[0.579869   1.27828318 1.14184782]
Classification: 1.0 0.41825095057034223 234
(64, 4)
(129, 4)
(68, 4)
[0.57333449 1.29016749 1.13649801]
Classification: 1.0 0.44106463878326996 235
(64, 4)
(129, 4)
(68, 4)
[0.55764553 1.37367988 1.06867459]
Classification: 1.0 0.4220532319391635 236
(64, 4)
(129, 4)
(68, 4)
[0.57446827 1.36241309 1.06311863]
Classification: 1.0 0.42585551330798477 237
(64, 4)
(129, 4)
(68, 4)
[0.54823368 1.32274533 1.12902099]
Classification: 1.0 0.4296577946768061 238
(64, 4)
(129, 4)
(68, 4)
[0.56134049 1.33413046 1.10452905]
Classification: 1.0 0.42585551330798477 239
(64, 4)
(129, 4)
(68, 4)
[0.5159585  1.37324784 1.11079366]
Classification: 1.0 0.43346007604562736 240
(64, 4)
(129, 4)
(68, 4)
[0.51943684 1.38625583 1.09430733]
Classification: 1.0 0.44106463878326996 241
(64, 4)
(129, 4)
(68, 4)
[0.55488237 1.35794312 1.08717451]
Classification: 1.0 0.42585551330798477 242
(64, 4)
(129, 4)
(68, 4)
[0.56671879 1.32875392 1.10452729]
Classification: 1.0 0.42585551330798477 243
(64, 4)
(129, 4)
(68, 4)
[0.55733228 1.25637425 1.18629347]
Classification: 1.0 0.3916349809885932 244
(64, 4)
(129, 4)
(68, 4)
[0.61902236 1.32420653 1.0567711 ]
Classification: 1.0 0.40304182509505704 245
(64, 4)
(129, 4)
(68, 4)
[0.608514   1.34100718 1.05047882]
Classification: 1.0 0.4220532319391635 246
(64, 4)
(129, 4)
(68, 4)
[0.58580465 1.34748144 1.06671391]
Classification: 1.0 0.41825095057034223 247
(64, 4)
(129, 4)
(68, 4)
[0.57338173 1.37889401 1.04772425]
Classification: 1.0 0.41825095057034223 248
(64, 4)
(129, 4)
(68, 4)
[0.57941017 1.34480409 1.07578574]
Classification: 1.0 0.41825095057034223 249
(64, 4)
(129, 4)
(68, 4)
[0.57533671 1.35423703 1.07042626]
Classification: 1.0 0.42585551330798477 250
(64, 4)
(129, 4)
(68, 4)
[0.58417181 1.34070601 1.07512218]
Classification: 1.0 0.4220532319391635 251
(64, 4)
(129, 4)
(68, 4)
[0.60823524 1.32673953 1.06502524]
Classification: 1.0 0.41825095057034223 252
(64, 4)
(129, 4)
(68, 4)
[0.59913254 1.28495358 1.11591388]
Classification: 1.0 0.39923954372623577 253
(64, 4)
(129, 4)
(68, 4)
[0.57394708 1.299757   1.12629593]
Classification: 1.0 0.4144486692015209 254
(64, 4)
(129, 4)
(68, 4)
[0.57772128 1.32690005 1.09537868]
Classification: 1.0 0.42585551330798477 255
(64, 4)
(129, 4)
(68, 4)
[0.60736841 1.34845982 1.04417177]
Classification: 1.0 0.43346007604562736 256
(64, 4)
(129, 4)
(68, 4)
[0.57176794 1.31509249 1.11313957]
Classification: 1.0 0.41064638783269963 257
(64, 4)
(129, 4)
(68, 4)
[0.56594533 1.32831318 1.10574149]
Classification: 1.0 0.4220532319391635 258
(64, 4)
(129, 4)
(68, 4)
[0.57845275 1.3013156  1.12023165]
Classification: 1.0 0.3840304182509506 259
(64, 4)
(129, 4)
(68, 4)
[0.56268343 1.31886868 1.11844788]
Classification: 1.0 0.41064638783269963 260
(64, 4)
(129, 4)
(68, 4)
[0.53922724 1.33310679 1.12766597]
Classification: 1.0 0.44866920152091255 261
(64, 4)
(129, 4)
(68, 4)
[0.58545037 1.29314117 1.12140847]
Classification: 1.0 0.43346007604562736 262
(64, 4)
(129, 4)
(68, 4)
[0.57698725 1.404534   1.01847875]
Classification: 1.0 0.4524714828897338 263
(64, 4)
(129, 4)
(68, 4)
[0.63440389 1.31655907 1.04903703]
Classification: 1.0 0.4220532319391635 264
(64, 4)
(129, 4)
(68, 4)
[0.57742134 1.35394674 1.06863192]
Classification: 1.0 0.4144486692015209 265
(64, 4)
(129, 4)
(68, 4)
[0.62047833 1.34241957 1.0371021 ]
Classification: 1.0 0.39923954372623577 266
(64, 4)
(129, 4)
(68, 4)
[0.57898847 1.35263517 1.06837636]
Classification: 1.0 0.40304182509505704 267
(64, 4)
(129, 4)
(68, 4)
[0.59575857 1.36853845 1.03570297]
Classification: 1.0 0.4296577946768061 268
(64, 4)
(129, 4)
(68, 4)
[0.57693791 1.39511873 1.02794336]
Classification: 1.0 0.467680608365019 269
(64, 4)
(129, 4)
(68, 4)
[0.5938744  1.37680553 1.02932007]
Classification: 1.0 0.4448669201520912 270
(64, 4)
(129, 4)
(68, 4)
[0.62275769 1.34495268 1.03228963]
Classification: 1.0 0.41825095057034223 271
(64, 4)
(129, 4)
(68, 4)
[0.6324196  1.3172814  1.05029901]
Classification: 1.0 0.43346007604562736 272
(64, 4)
(129, 4)
(68, 4)
[0.65176295 1.31167569 1.03656136]
Classification: 1.0 0.43346007604562736 273
(64, 4)
(129, 4)
(68, 4)
[0.62388988 1.38123457 0.99487556]
Classification: 1.0 0.42585551330798477 274
(64, 4)
(129, 4)
(68, 4)
[0.58032707 1.38672219 1.03295075]
Classification: 1.0 0.4448669201520912 275
(64, 4)
(129, 4)
(68, 4)
[0.63780297 1.36955756 0.99263947]
Classification: 1.0 0.41825095057034223 276
(64, 4)
(129, 4)
(68, 4)
[0.65485764 1.35001163 0.99513074]
Classification: 1.0 0.4372623574144487 277
(64, 4)
(129, 4)
(68, 4)
[0.65477333 1.27550068 1.06972599]
Classification: 1.0 0.4296577946768061 278
(64, 4)
(129, 4)
(68, 4)
[0.61761689 1.29524354 1.08713958]
Classification: 1.0 0.41064638783269963 279
(64, 4)
(129, 4)
(68, 4)
[0.59941674 1.3432532  1.05733006]
Classification: 1.0 0.4372623574144487 280
(64, 4)
(129, 4)
(68, 4)
[0.60747154 1.33938412 1.05314434]
Classification: 1.0 0.43346007604562736 281
(64, 4)
(129, 4)
(68, 4)
[0.63132727 1.36364375 1.00502898]
Classification: 1.0 0.42585551330798477 282
(64, 4)
(129, 4)
(68, 4)
[0.62766256 1.33876184 1.0335756 ]
Classification: 1.0 0.43346007604562736 283
(64, 4)
(129, 4)
(68, 4)
[0.5976657  1.33412231 1.06821199]
Classification: 1.0 0.4144486692015209 284
(64, 4)
(129, 4)
(68, 4)
[0.5758627  1.36522386 1.05891345]
Classification: 1.0 0.41825095057034223 285
(64, 4)
(129, 4)
(68, 4)
[0.57484554 1.34959093 1.07556352]
Classification: 1.0 0.4144486692015209 286
(64, 4)
(129, 4)
(68, 4)
[0.55342327 1.41078568 1.03579105]
Classification: 1.0 0.4220532319391635 287
(64, 4)
(129, 4)
(68, 4)
[0.57400314 1.35074592 1.07525094]
Classification: 1.0 0.39923954372623577 288
(64, 4)
(129, 4)
(68, 4)
[0.59595442 1.3122608  1.09178477]
Classification: 1.0 0.41064638783269963 289
(64, 4)
(129, 4)
(68, 4)
[0.62926582 1.31740345 1.05333073]
Classification: 1.0 0.4296577946768061 290
(64, 4)
(129, 4)
(68, 4)
[0.64316788 1.28823275 1.06859937]
Classification: 1.0 0.42585551330798477 291
(64, 4)
(129, 4)
(68, 4)
[0.61637794 1.34527168 1.03835038]
Classification: 1.0 0.4144486692015209 292
(64, 4)
(129, 4)
(68, 4)
[0.58093272 1.34434271 1.07472458]
Classification: 1.0 0.4068441064638783 293
(64, 4)
(129, 4)
(68, 4)
[0.5722888  1.33657009 1.09114111]
Classification: 1.0 0.4068441064638783 294
(64, 4)
(129, 4)
(68, 4)
[0.57124799 1.32289588 1.10585613]
Classification: 1.0 0.41064638783269963 295
(64, 4)
(129, 4)
(68, 4)
[0.55204418 1.32191186 1.12604396]
Classification: 1.0 0.4144486692015209 296
(64, 4)
(129, 4)
(68, 4)
[0.58135455 1.32744225 1.0912032 ]
Classification: 1.0 0.4144486692015209 297
(64, 4)
(129, 4)
(68, 4)
[0.58532002 1.34486641 1.06981357]
Classification: 1.0 0.4296577946768061 298
(64, 4)
(129, 4)
(68, 4)
[0.6253118  1.29647663 1.07821156]
Classification: 1.0 0.4220532319391635 299
(64, 4)
(129, 4)
(68, 4)
[0.59774634 1.27997926 1.1222744 ]
Classification: 1.0 0.42585551330798477 300
(64, 4)
(129, 4)
(68, 4)
[0.58954897 1.28939683 1.12105421]
Classification: 1.0 0.4220532319391635 301
(64, 4)
(129, 4)
(68, 4)
[0.59914449 1.30883657 1.09201894]
Classification: 1.0 0.4296577946768061 302
(64, 4)
(129, 4)
(68, 4)
[0.58795872 1.28542106 1.12662022]
Classification: 1.0 0.40304182509505704 303
(64, 4)
(129, 4)
(68, 4)
[0.57437224 1.31610598 1.10952178]
Classification: 1.0 0.4144486692015209 304
(64, 4)
(129, 4)
(68, 4)
[0.57206809 1.3488983  1.07903361]
Classification: 1.0 0.41064638783269963 305
(64, 4)
(129, 4)
(68, 4)
[0.56838312 1.33849885 1.09311803]
Classification: 1.0 0.4372623574144487 306
(64, 4)
(129, 4)
(68, 4)
[0.58995065 1.33699346 1.07305589]
Classification: 1.0 0.41064638783269963 307
(64, 4)
(129, 4)
(68, 4)
[0.53687892 1.35734779 1.10577329]
Classification: 1.0 0.41825095057034223 308
(64, 4)
(129, 4)
(68, 4)
[0.57338619 1.33606966 1.09054414]
Classification: 1.0 0.41825095057034223 309
(64, 4)
(129, 4)
(68, 4)
[0.58677923 1.32218973 1.09103104]
Classification: 1.0 0.40304182509505704 310
(64, 4)
(129, 4)
(68, 4)
[0.55491863 1.30083705 1.14424432]
Classification: 1.0 0.4220532319391635 311
(64, 4)
(129, 4)
(68, 4)
[0.58859192 1.30289794 1.10851014]
Classification: 1.0 0.4144486692015209 312
(64, 4)
(129, 4)
(68, 4)
[0.58480333 1.30780186 1.10739481]
Classification: 1.0 0.4296577946768061 313
(64, 4)
(129, 4)
(68, 4)
[0.57731143 1.33324312 1.08944545]
Classification: 1.0 0.43346007604562736 314
(64, 4)
(129, 4)
(68, 4)
[0.61635648 1.35596974 1.02767378]
Classification: 1.0 0.44106463878326996 315
(64, 4)
(129, 4)
(68, 4)
[0.59190707 1.36479769 1.04329524]
Classification: 1.0 0.4296577946768061 316
(64, 4)
(129, 4)
(68, 4)
[0.58307108 1.35989037 1.05703855]
Classification: 1.0 0.42585551330798477 317
(64, 4)
(129, 4)
(68, 4)
[0.56889928 1.33240605 1.09869468]
Classification: 1.0 0.44106463878326996 318
(64, 4)
(129, 4)
(68, 4)
[0.61633313 1.3037857  1.07988117]
Classification: 1.0 0.4296577946768061 319
(64, 4)
(129, 4)
(68, 4)
[0.57033705 1.32468524 1.10497772]
Classification: 1.0 0.41825095057034223 320
(64, 4)
(129, 4)
(68, 4)
[0.55818481 1.34799695 1.09381825]
Classification: 1.0 0.42585551330798477 321
(64, 4)
(129, 4)
(68, 4)
[0.55827189 1.31996697 1.12176114]
Classification: 1.0 0.4220532319391635 322
(64, 4)
(129, 4)
(68, 4)
[0.5650839  1.36524851 1.06966759]
Classification: 1.0 0.40304182509505704 323
(64, 4)
(129, 4)
(68, 4)
[0.6160018  1.25905478 1.12494341]
Classification: 1.0 0.42585551330798477 324
(64, 4)
(129, 4)
(68, 4)
[0.56800875 1.37820362 1.05378763]
Classification: 1.0 0.41825095057034223 325
(64, 4)
(129, 4)
(68, 4)
[0.59618831 1.3644589  1.03935279]
Classification: 1.0 0.4372623574144487 326
(64, 4)
(129, 4)
(68, 4)
[0.60076915 1.31685525 1.0823756 ]
Classification: 1.0 0.39923954372623577 327
(64, 4)
(129, 4)
(68, 4)
[0.63296276 1.22361978 1.14341746]
Classification: 1.0 0.4220532319391635 328
(64, 4)
(129, 4)
(68, 4)
[0.60565194 1.34587906 1.04846899]
Classification: 1.0 0.4220532319391635 329
(64, 4)
(129, 4)
(68, 4)
[0.60279273 1.34765406 1.04955321]
Classification: 1.0 0.39543726235741444 330
(64, 4)
(129, 4)
(68, 4)
[0.6203839  1.33475914 1.04485697]
Classification: 1.0 0.4220532319391635 331
(64, 4)
(129, 4)
(68, 4)
[0.62764268 1.36178535 1.01057197]
Classification: 1.0 0.44106463878326996 332
(64, 4)
(129, 4)
(68, 4)
[0.64034318 1.28036868 1.07928814]
Classification: 1.0 0.44106463878326996 333
(64, 4)
(129, 4)
(68, 4)
[0.6231069  1.28965453 1.08723857]
Classification: 1.0 0.44106463878326996 334
(64, 4)
(129, 4)
(68, 4)
[0.59152042 1.35193802 1.05654156]
Classification: 1.0 0.4524714828897338 335
(64, 4)
(129, 4)
(68, 4)
[0.62854589 1.35827676 1.01317735]
Classification: 1.0 0.44866920152091255 336
(64, 4)
(129, 4)
(68, 4)
[0.62397752 1.33929922 1.03672326]
Classification: 1.0 0.44866920152091255 337
(64, 4)
(129, 4)
(68, 4)
[0.58377692 1.31247911 1.10374397]
Classification: 1.0 0.42585551330798477 338
(64, 4)
(129, 4)
(68, 4)
[0.63350024 1.25579253 1.11070723]
Classification: 1.0 0.4068441064638783 339
(64, 4)
(129, 4)
(68, 4)
[0.63063681 1.23782304 1.13154015]
Classification: 1.0 0.43346007604562736 340
(64, 4)
(129, 4)
(68, 4)
[0.62804165 1.28579392 1.08616443]
Classification: 1.0 0.4220532319391635 341
(64, 4)
(129, 4)
(68, 4)
[0.58438858 1.31278352 1.1028279 ]
Classification: 1.0 0.40304182509505704 342
(64, 4)
(129, 4)
(68, 4)
[0.60701655 1.17317247 1.21981098]
Classification: 1.0 0.4068441064638783 343
(64, 4)
(129, 4)
(68, 4)
[0.63963514 1.27973504 1.08062982]
Classification: 1.0 0.4144486692015209 344
(64, 4)
(129, 4)
(68, 4)
[0.60102212 1.31175247 1.08722541]
Classification: 1.0 0.4068441064638783 345
(64, 4)
(129, 4)
(68, 4)
[0.56294676 1.33620301 1.10085023]
Classification: 1.0 0.4220532319391635 346
(64, 4)
(129, 4)
(68, 4)
[0.58783478 1.31387759 1.09828763]
Classification: 1.0 0.376425855513308 347
(64, 4)
(129, 4)
(68, 4)
[0.64051385 1.18845927 1.17102687]
Classification: 1.0 0.39543726235741444 348
(64, 4)
(129, 4)
(68, 4)
[0.53402293 1.37191291 1.09406416]
Classification: 1.0 0.4144486692015209 349
(64, 4)
(129, 4)
(68, 4)
[0.57275915 1.3172678  1.10997306]
Classification: 1.0 0.41825095057034223 350
(64, 4)
(129, 4)
(68, 4)
[0.57929085 1.24424234 1.17646681]
Classification: 1.0 0.4296577946768061 351
(64, 4)
(129, 4)
(68, 4)
[0.61812414 1.29753723 1.08433863]
Classification: 1.0 0.41825095057034223 352
(64, 4)
(129, 4)
(68, 4)
[0.60494536 1.30309911 1.09195553]
Classification: 1.0 0.4220532319391635 353
(64, 4)
(129, 4)
(68, 4)
[0.62692846 1.27902041 1.09405113]
Classification: 1.0 0.4144486692015209 354
(64, 4)
(129, 4)
(68, 4)
[0.58892988 1.32562843 1.08544169]
Classification: 1.0 0.42585551330798477 355
(64, 4)
(129, 4)
(68, 4)
[0.67110302 1.20565851 1.12323848]
Classification: 1.0 0.43346007604562736 356
(64, 4)
(129, 4)
(68, 4)
[0.59565608 1.28419434 1.12014958]
Classification: 1.0 0.41825095057034223 357
(64, 4)
(129, 4)
(68, 4)
[0.5623582  1.32346507 1.11417673]
Classification: 1.0 0.41825095057034223 358
(64, 4)
(129, 4)
(68, 4)
[0.62350734 1.30517012 1.07132254]
Classification: 1.0 0.40304182509505704 359
(64, 4)
(129, 4)
(68, 4)
[0.60092767 1.3723989  1.02667343]
Classification: 1.0 0.43346007604562736 360
(64, 4)
(129, 4)
(68, 4)
[0.57461899 1.32419997 1.10118104]
Classification: 1.0 0.4372623574144487 361
(64, 4)
(129, 4)
(68, 4)
[0.62346447 1.26845806 1.10807747]
Classification: 1.0 0.4372623574144487 362
(64, 4)
(129, 4)
(68, 4)
[0.60163964 1.30688637 1.09147399]
Classification: 1.0 0.4524714828897338 363
(64, 4)
(129, 4)
(68, 4)
[0.60703844 1.29894645 1.09401511]
Classification: 1.0 0.4220532319391635 364
(64, 4)
(129, 4)
(68, 4)
[0.64576955 1.24501128 1.10921917]
Classification: 1.0 0.4296577946768061 365
(64, 4)
(129, 4)
(68, 4)
[0.57633352 1.38184502 1.04182146]
Classification: 1.0 0.42585551330798477 366
(64, 4)
(129, 4)
(68, 4)
[0.59341812 1.29773477 1.10884711]
Classification: 1.0 0.4220532319391635 367
(64, 4)
(129, 4)
(68, 4)
[0.58308185 1.32221272 1.09470543]
Classification: 1.0 0.4524714828897338 368
(64, 4)
(129, 4)
(68, 4)
[0.59161755 1.29858507 1.10979738]
Classification: 1.0 0.4372623574144487 369
(64, 4)
(129, 4)
(68, 4)
[0.66249358 1.26175227 1.07575415]
Classification: 1.0 0.4296577946768061 370
(64, 4)
(129, 4)
(68, 4)
[0.61717641 1.29357053 1.08925305]
Classification: 1.0 0.4372623574144487 371
(64, 4)
(129, 4)
(68, 4)
[0.61308051 1.3017744  1.08514509]
Classification: 1.0 0.4448669201520912 372
(64, 4)
(129, 4)
(68, 4)
[0.64810317 1.26938969 1.08250713]
Classification: 1.0 0.4600760456273764 373
(64, 4)
(129, 4)
(68, 4)
[0.63215324 1.26634882 1.10149795]
Classification: 1.0 0.44106463878326996 374
(64, 4)
(129, 4)
(68, 4)
[0.62900363 1.24362822 1.12736815]
Classification: 1.0 0.4296577946768061 375
(64, 4)
(129, 4)
(68, 4)
[0.62951132 1.33807463 1.03241405]
Classification: 1.0 0.4144486692015209 376
(64, 4)
(129, 4)
(68, 4)
[0.60979063 1.35681767 1.0333917 ]
Classification: 1.0 0.43346007604562736 377
(64, 4)
(129, 4)
(68, 4)
[0.59389315 1.36462852 1.04147833]
Classification: 1.0 0.4296577946768061 378
(64, 4)
(129, 4)
(68, 4)
[0.6139532  1.255548   1.13049879]
Classification: 1.0 0.4372623574144487 379
(64, 4)
(129, 4)
(68, 4)
[0.59846431 1.28864557 1.11289012]
Classification: 1.0 0.4372623574144487 380
(64, 4)
(129, 4)
(68, 4)
[0.58762507 1.34117808 1.07119685]
Classification: 1.0 0.4220532319391635 381
(64, 4)
(129, 4)
(68, 4)
[0.58406757 1.3289378  1.08699464]
Classification: 1.0 0.4372623574144487 382
(64, 4)
(129, 4)
(68, 4)
[0.60313757 1.33814581 1.05871662]
Classification: 1.0 0.4296577946768061 383
(64, 4)
(129, 4)
(68, 4)
[0.58559197 1.34407744 1.07033059]
Classification: 1.0 0.45627376425855515 384
(64, 4)
(129, 4)
(68, 4)
[0.60897983 1.34865167 1.0423685 ]
Classification: 1.0 0.4448669201520912 385
(64, 4)
(129, 4)
(68, 4)
[0.55809628 1.37725638 1.06464734]
Classification: 1.0 0.41825095057034223 386
(64, 4)
(129, 4)
(68, 4)
[0.60851221 1.38356012 1.00792767]
Classification: 1.0 0.43346007604562736 387
(64, 4)
(129, 4)
(68, 4)
[0.61634417 1.32945581 1.05420003]
Classification: 1.0 0.44866920152091255 388
(64, 4)
(129, 4)
(68, 4)
[0.59629293 1.32753169 1.07617539]
Classification: 1.0 0.44106463878326996 389
(64, 4)
(129, 4)
(68, 4)
[0.56288953 1.39290067 1.0442098 ]
Classification: 1.0 0.49049429657794674 390
(64, 4)
(129, 4)
(68, 4)
[0.60491787 1.32528047 1.06980166]
Classification: 1.0 0.44106463878326996 391
(64, 4)
(129, 4)
(68, 4)
[0.62309429 1.28707178 1.08983393]
Classification: 1.0 0.467680608365019 392
(64, 4)
(129, 4)
(68, 4)
[0.61427128 1.34824745 1.03748127]
Classification: 1.0 0.45627376425855515 393
(64, 4)
(129, 4)
(68, 4)
[0.62522756 1.32460389 1.05016855]
Classification: 1.0 0.4714828897338403 394
(64, 4)
(129, 4)
(68, 4)
[0.6269144  1.30096093 1.07212467]
Classification: 1.0 0.4524714828897338 395
(64, 4)
(129, 4)
(68, 4)
[0.61987562 1.26145847 1.11866591]
Classification: 1.0 0.45627376425855515 396
(64, 4)
(129, 4)
(68, 4)
[0.58848387 1.30523224 1.10628389]
Classification: 1.0 0.4372623574144487 397
(64, 4)
(129, 4)
(68, 4)
[0.5987614  1.31427289 1.08696571]
Classification: 1.0 0.44106463878326996 398
(64, 4)
(129, 4)
(68, 4)
[0.63093206 1.27163741 1.09743053]
Classification: 1.0 0.4600760456273764 399
(64, 4)
(129, 4)
(68, 4)
[0.61093665 1.32026624 1.06879711]
Classification: 1.0 0.467680608365019 400
(64, 4)
(129, 4)
(68, 4)
[0.6413213  1.35453636 1.00414234]
Classification: 1.0 0.44866920152091255 401
(64, 4)
(129, 4)
(68, 4)
[0.61429831 1.32086696 1.06483473]
Classification: 1.0 0.467680608365019 402
(64, 4)
(129, 4)
(68, 4)
[0.58680284 1.38144772 1.03174944]
Classification: 1.0 0.4448669201520912 403
(64, 4)
(129, 4)
(68, 4)
[0.62544252 1.26943505 1.10512243]
Classification: 1.0 0.4372623574144487 404
(64, 4)
(129, 4)
(68, 4)
[0.61147324 1.35258065 1.03594611]
Classification: 1.0 0.4524714828897338 405
(64, 4)
(129, 4)
(68, 4)
[0.6116623  1.34715382 1.04118388]
Classification: 1.0 0.4372623574144487 406
(64, 4)
(129, 4)
(68, 4)
[0.58758927 1.36166188 1.05074885]
Classification: 1.0 0.4600760456273764 407
(64, 4)
(129, 4)
(68, 4)
[0.60982274 1.29989432 1.09028294]
Classification: 1.0 0.44106463878326996 408
(64, 4)
(129, 4)
(68, 4)
[0.61972349 1.33487382 1.04540269]
Classification: 1.0 0.44106463878326996 409
(64, 4)
(129, 4)
(68, 4)
[0.60945498 1.37472088 1.01582414]
Classification: 1.0 0.4220532319391635 410
(64, 4)
(129, 4)
(68, 4)
[0.64722512 1.27213884 1.08063603]
Classification: 1.0 0.44866920152091255 411
(64, 4)
(129, 4)
(68, 4)
[0.62025808 1.37258519 1.00715672]
Classification: 1.0 0.42585551330798477 412
(64, 4)
(129, 4)
(68, 4)
[0.61660297 1.36055808 1.02283895]
Classification: 1.0 0.41825095057034223 413
(64, 4)
(129, 4)
(68, 4)
[0.62881141 1.34945778 1.02173081]
Classification: 1.0 0.44866920152091255 414
(64, 4)
(129, 4)
(68, 4)
[0.61311192 1.40567762 0.98121046]
Classification: 1.0 0.4296577946768061 415
(64, 4)
(129, 4)
(68, 4)
[0.59754951 1.38459436 1.01785614]
Classification: 1.0 0.44866920152091255 416
(64, 4)
(129, 4)
(68, 4)
[0.60764431 1.34899054 1.04336515]
Classification: 1.0 0.4372623574144487 417
(64, 4)
(129, 4)
(68, 4)
[0.60147305 1.34299664 1.05553031]
Classification: 1.0 0.42585551330798477 418
(64, 4)
(129, 4)
(68, 4)
[0.61582807 1.36072267 1.02344926]
Classification: 1.0 0.45627376425855515 419
(64, 4)
(129, 4)
(68, 4)
[0.59630075 1.39377637 1.00992288]
Classification: 1.0 0.41825095057034223 420
(64, 4)
(129, 4)
(68, 4)
[0.60114899 1.38247038 1.01638063]
Classification: 1.0 0.45627376425855515 421
(64, 4)
(129, 4)
(68, 4)
[0.60414166 1.35720882 1.03864952]
Classification: 1.0 0.44866920152091255 422
(64, 4)
(129, 4)
(68, 4)
[0.61375364 1.35610958 1.03013678]
Classification: 1.0 0.4372623574144487 423
(64, 4)
(129, 4)
(68, 4)
[0.6069727  1.35322608 1.03980122]
Classification: 1.0 0.4296577946768061 424
(64, 4)
(129, 4)
(68, 4)
[0.6310203  1.36304912 1.00593058]
Classification: 1.0 0.4220532319391635 425
(64, 4)
(129, 4)
(68, 4)
[0.65125443 1.33439996 1.01434562]
Classification: 1.0 0.44866920152091255 426
(64, 4)
(129, 4)
(68, 4)
[0.63003987 1.34776719 1.02219294]
Classification: 1.0 0.42585551330798477 427
(64, 4)
(129, 4)
(68, 4)
[0.67561882 1.32126738 1.00311379]
Classification: 1.0 0.4448669201520912 428
(64, 4)
(129, 4)
(68, 4)
[0.66892354 1.30950837 1.02156809]
Classification: 1.0 0.4600760456273764 429
(64, 4)
(129, 4)
(68, 4)
[0.61973314 1.38088046 0.9993864 ]
Classification: 1.0 0.43346007604562736 430
(64, 4)
(129, 4)
(68, 4)
[0.61502513 1.37985833 1.00511655]
Classification: 1.0 0.4372623574144487 431
(64, 4)
(129, 4)
(68, 4)
[0.67087908 1.35783895 0.97128197]
Classification: 1.0 0.4220532319391635 432
(64, 4)
(129, 4)
(68, 4)
[0.62658766 1.34860837 1.02480396]
Classification: 1.0 0.4448669201520912 433
(64, 4)
(129, 4)
(68, 4)
[0.61960247 1.34569599 1.03470155]
Classification: 1.0 0.44866920152091255 434
(64, 4)
(129, 4)
(68, 4)
[0.60513319 1.38083337 1.01403344]
Classification: 1.0 0.44866920152091255 435
(64, 4)
(129, 4)
(68, 4)
[0.61678377 1.38978659 0.99342964]
Classification: 1.0 0.42585551330798477 436
(64, 4)
(129, 4)
(68, 4)
[0.60846356 1.3904406  1.00109584]
Classification: 1.0 0.467680608365019 437
(64, 4)
(129, 4)
(68, 4)
[0.60196138 1.31914857 1.07889006]
Classification: 1.0 0.4220532319391635 438
(64, 4)
(129, 4)
(68, 4)
[0.61813355 1.3631814  1.01868504]
Classification: 1.0 0.4372623574144487 439
(64, 4)
(129, 4)
(68, 4)
[0.59536298 1.40370698 1.00093003]
Classification: 1.0 0.4524714828897338 440
(64, 4)
(129, 4)
(68, 4)
[0.63419253 1.40734236 0.95846511]
Classification: 1.0 0.4372623574144487 441
(64, 4)
(129, 4)
(68, 4)
[0.63199662 1.40237231 0.96563107]
Classification: 1.0 0.4372623574144487 442
(64, 4)
(129, 4)
(68, 4)
[0.62938938 1.36184991 1.00876071]
Classification: 1.0 0.43346007604562736 443
(64, 4)
(129, 4)
(68, 4)
[0.66979432 1.33451455 0.99569112]
Classification: 1.0 0.4372623574144487 444
(64, 4)
(129, 4)
(68, 4)
[0.66066495 1.3739686  0.96536645]
Classification: 1.0 0.4448669201520912 445
(64, 4)
(129, 4)
(68, 4)
[0.69094581 1.32267963 0.98637456]
Classification: 1.0 0.42585551330798477 446
(64, 4)
(129, 4)
(68, 4)
[0.67374255 1.35205138 0.97420607]
Classification: 1.0 0.4296577946768061 447
(64, 4)
(129, 4)
(68, 4)
[0.65072609 1.35221968 0.99705424]
Classification: 1.0 0.46387832699619774 448
(64, 4)
(129, 4)
(68, 4)
[0.677683   1.36443985 0.95787715]
Classification: 1.0 0.43346007604562736 449
(64, 4)
(129, 4)
(68, 4)
[0.64958425 1.38968883 0.96072692]
Classification: 1.0 0.45627376425855515 450
(64, 4)
(129, 4)
(68, 4)
/mnt/data/user_liangzhiyu/envs/fedcsl/lib/python3.8/site-packages/scipy/__init__.py:146: UserWarning: A NumPy version >=1.16.5 and <1.23.0 is required for this version of SciPy (detected version 1.23.5
  warnings.warn(f"A NumPy version >={np_minversion} and <{np_maxversion}"
/mnt/data/user_liangzhiyu/envs/fedcsl/lib/python3.8/site-packages/tslearn/bases/bases.py:15: UserWarning: h5py not installed, hdf5 features will not be supported.
Install h5py to use hdf5 features: http://docs.h5py.org/
  warn(h5py_msg)
/mnt/data/user_liangzhiyu/lixiongfei/CSL-main/train.py:392: UserWarning: Creating a tensor from a list of numpy.ndarrays is extremely slow. Please consider converting the list to a single numpy.ndarray with numpy.array() before converting to a tensor. (Triggered internally at /opt/conda/conda-bld/pytorch_1724789259345/work/torch/csrc/utils/tensor_new.cpp:278.)
  X = torch.tensor(X, dtype=torch.float).contiguous()
[0.60502596 1.38472802 1.01024602]
Classification: 1.0 0.4524714828897338 451
(64, 4)
(129, 4)
(68, 4)
[0.62683381 1.39935821 0.97380799]
Classification: 1.0 0.4220532319391635 452
(64, 4)
(129, 4)
(68, 4)
[0.65368394 1.33704668 1.00926938]
Classification: 1.0 0.45627376425855515 453
(64, 4)
(129, 4)
(68, 4)
[0.67377896 1.31878026 1.00744078]
Classification: 1.0 0.4296577946768061 454
(64, 4)
(129, 4)
(68, 4)
[0.66412928 1.32458143 1.01128929]
Classification: 1.0 0.42585551330798477 455
(64, 4)
(129, 4)
(68, 4)
[0.66656136 1.34115313 0.99228551]
Classification: 1.0 0.44106463878326996 456
(64, 4)
(129, 4)
(68, 4)
[0.67466588 1.31327319 1.01206094]
Classification: 1.0 0.43346007604562736 457
(64, 4)
(129, 4)
(68, 4)
[0.63458075 1.33004531 1.03537395]
Classification: 1.0 0.4524714828897338 458
(64, 4)
(129, 4)
(68, 4)
[0.64738508 1.37786848 0.97474644]
Classification: 1.0 0.4372623574144487 459
(64, 4)
(129, 4)
(68, 4)
[0.63305196 1.30114366 1.06580438]
Classification: 1.0 0.45627376425855515 460
(64, 4)
(129, 4)
(68, 4)
[0.63453396 1.38794915 0.97751689]
Classification: 1.0 0.467680608365019 461
(64, 4)
(129, 4)
(68, 4)
[0.598162   1.37263907 1.02919893]
Classification: 1.0 0.4828897338403042 462
(64, 4)
(129, 4)
(68, 4)
[0.6299083  1.34699732 1.02309438]
Classification: 1.0 0.4372623574144487 463
(64, 4)
(129, 4)
(68, 4)
[0.66144245 1.30295777 1.03559977]
Classification: 1.0 0.4600760456273764 464
(64, 4)
(129, 4)
(68, 4)
[0.6413134  1.36139128 0.99729531]
Classification: 1.0 0.45627376425855515 465
(64, 4)
(129, 4)
(68, 4)
[0.64005927 1.3806916  0.97924913]
Classification: 1.0 0.46387832699619774 466
(64, 4)
(129, 4)
(68, 4)
[0.6804121  1.35605827 0.96352963]
Classification: 1.0 0.43346007604562736 467
(64, 4)
(129, 4)
(68, 4)
[0.67491722 1.32739061 0.99769217]
Classification: 1.0 0.4296577946768061 468
(64, 4)
(129, 4)
(68, 4)
[0.63655576 1.36097593 1.00246832]
Classification: 1.0 0.4296577946768061 469
(64, 4)
(129, 4)
(68, 4)
[0.65800067 1.3803432  0.96165613]
Classification: 1.0 0.4524714828897338 470
(64, 4)
(129, 4)
(68, 4)
[0.67813145 1.35766465 0.9642039 ]
Classification: 1.0 0.44106463878326996 471
(64, 4)
(129, 4)
(68, 4)
[0.65265654 1.39734193 0.95000153]
Classification: 1.0 0.4448669201520912 472
(64, 4)
(129, 4)
(68, 4)
[0.60761227 1.39847634 0.99391139]
Classification: 1.0 0.45627376425855515 473
(64, 4)
(129, 4)
(68, 4)
[0.65991568 1.29831503 1.04176928]
Classification: 1.0 0.4372623574144487 474
(64, 4)
(129, 4)
(68, 4)
[0.65262679 1.36840974 0.97896347]
Classification: 1.0 0.44106463878326996 475
(64, 4)
(129, 4)
(68, 4)
[0.62217961 1.38594144 0.99187895]
Classification: 1.0 0.41825095057034223 476
(64, 4)
(129, 4)
(68, 4)
[0.62158514 1.3026736  1.07574126]
Classification: 1.0 0.4296577946768061 477
(64, 4)
(129, 4)
(68, 4)
[0.61659756 1.31867165 1.06473079]
Classification: 1.0 0.4220532319391635 478
(64, 4)
(129, 4)
(68, 4)
[0.63628163 1.31820682 1.04551155]
Classification: 1.0 0.41825095057034223 479
(64, 4)
(129, 4)
(68, 4)
[0.60348665 1.3506328  1.04588055]
Classification: 1.0 0.41825095057034223 480
(64, 4)
(129, 4)
(68, 4)
[0.59058783 1.37932451 1.03008766]
Classification: 1.0 0.44106463878326996 481
(64, 4)
(129, 4)
(68, 4)
[0.60907907 1.35928345 1.03163748]
Classification: 1.0 0.44866920152091255 482
(64, 4)
(129, 4)
(68, 4)
[0.58914117 1.40337927 1.00747956]
Classification: 1.0 0.44106463878326996 483
(64, 4)
(129, 4)
(68, 4)
[0.5891564  1.37997719 1.03086642]
Classification: 1.0 0.44866920152091255 484
(64, 4)
(129, 4)
(68, 4)
[0.59675004 1.40026476 1.0029852 ]
Classification: 1.0 0.42585551330798477 485
(64, 4)
(129, 4)
(68, 4)
[0.61999921 1.34495586 1.03504493]
Classification: 1.0 0.4448669201520912 486
(64, 4)
(129, 4)
(68, 4)
[0.60275152 1.34857463 1.04867385]
Classification: 1.0 0.44106463878326996 487
(64, 4)
(129, 4)
(68, 4)
[0.62854308 1.32107555 1.05038137]
Classification: 1.0 0.4144486692015209 488
(64, 4)
(129, 4)
(68, 4)
[0.6135946  1.39082974 0.99557566]
Classification: 1.0 0.44866920152091255 489
(64, 4)
(129, 4)
(68, 4)
[0.61222167 1.41679172 0.9709866 ]
Classification: 1.0 0.45627376425855515 490
(64, 4)
(129, 4)
(68, 4)
[0.63225119 1.37172048 0.99602833]
Classification: 1.0 0.43346007604562736 491
(64, 4)
(129, 4)
(68, 4)
[0.58367343 1.36266109 1.05366548]
Classification: 1.0 0.44106463878326996 492
(64, 4)
(129, 4)
(68, 4)
[0.61555196 1.35132336 1.03312468]
Classification: 1.0 0.45627376425855515 493
(64, 4)
(129, 4)
(68, 4)
[0.63440973 1.36007652 1.00551375]
Classification: 1.0 0.4296577946768061 494
(64, 4)
(129, 4)
(68, 4)
[0.61283966 1.37330457 1.01385576]
Classification: 1.0 0.44106463878326996 495
(64, 4)
(129, 4)
(68, 4)
[0.58857628 1.4184012  0.99302252]
Classification: 1.0 0.44106463878326996 496
(64, 4)
(129, 4)
(68, 4)
[0.64909099 1.35480713 0.99610188]
Classification: 1.0 0.4372623574144487 497
(64, 4)
(129, 4)
(68, 4)
[0.64829158 1.26053028 1.09117815]
Classification: 1.0 0.45627376425855515 498
(64, 4)
(129, 4)
(68, 4)
[0.62589778 1.31573242 1.0583698 ]
Classification: 1.0 0.44866920152091255 499
Traceback (most recent call last):
  File "FedCSL_All.py", line 318, in <module>
    train(dataset=args.dataset)
  File "FedCSL_All.py", line 310, in train
    torch.save(server.model.state_dict(), f'./checkpoint/{dataset}/{formatted_date}_{dataset}_model.pt')
  File "/mnt/data/user_liangzhiyu/envs/fedcsl/lib/python3.8/site-packages/torch/serialization.py", line 651, in save
    with _open_zipfile_writer(f) as opened_zipfile:
  File "/mnt/data/user_liangzhiyu/envs/fedcsl/lib/python3.8/site-packages/torch/serialization.py", line 525, in _open_zipfile_writer
    return container(name_or_buffer)
  File "/mnt/data/user_liangzhiyu/envs/fedcsl/lib/python3.8/site-packages/torch/serialization.py", line 496, in __init__
    super().__init__(torch._C.PyTorchFileWriter(self.name))
RuntimeError: Parent directory ./checkpoint/EthanolConcentration does not exist.
Running experiment with dataset: EthanolConcentration, config: ./result/ablation_study/config_EthanolConcentration.yml
[0.09514033 0.10277917 0.11127909 0.12035814 0.12964186 0.13872091
 0.14722083 0.15485967]
261
<class 'pandas.core.frame.DataFrame'>
RangeIndex: 261 entries, 0 to 260
Data columns (total 4 columns):
 #   Column      Non-Null Count  Dtype 
---  ------      --------------  ----- 
 0   dim_0       261 non-null    object
 1   dim_1       261 non-null    object
 2   dim_2       261 non-null    object
 3   class_vals  261 non-null    object
dtypes: object(4)
memory usage: 8.3+ KB
None
{1751}
<class 'pandas.core.frame.DataFrame'>
RangeIndex: 261 entries, 0 to 260
Data columns (total 4 columns):
 #   Column      Non-Null Count  Dtype 
---  ------      --------------  ----- 
 0   dim_0       261 non-null    object
 1   dim_1       261 non-null    object
 2   dim_2       261 non-null    object
 3   class_vals  261 non-null    object
dtypes: object(4)
memory usage: 8.3+ KB
None
[0 0 0 0 0 0 0 0 0 0 0 0 0 0 0 0 0 0 0 0 0 0 0 0 0 0 0 0 0 0 0 0 0 0 0 0 0
 0 0 0 0 0 0 0 0 0 0 0 0 0 0 0 0 0 0 0 0 0 0 0 0 0 0 0 0 1 1 1 1 1 1 1 1 1
 1 1 1 1 1 1 1 1 1 1 1 1 1 1 1 1 1 1 1 1 1 1 1 1 1 1 1 1 1 1 1 1 1 1 1 1 1
 1 1 1 1 1 1 1 1 1 1 1 1 1 1 1 1 1 1 1 2 2 2 2 2 2 2 2 2 2 2 2 2 2 2 2 2 2
 2 2 2 2 2 2 2 2 2 2 2 2 2 2 2 2 2 2 2 2 2 2 2 2 2 2 2 2 2 2 2 2 2 2 2 2 2
 2 2 2 2 2 2 2 2 2 2 2 3 3 3 3 3 3 3 3 3 3 3 3 3 3 3 3 3 3 3 3 3 3 3 3 3 3
 3 3 3 3 3 3 3 3 3 3 3 3 3 3 3 3 3 3 3 3 3 3 3 3 3 3 3 3 3 3 3 3 3 3 3 3 3
 3 3]
[  0   1   2   3   4   5  65  66  67  68  69  70 130 131 132 133 134 135
 136 137 138 139 140 141 142 143 144 145 146 147 148 149 150 151 152 153
 154 155 156 157 158 159 160 161 162 163 164 165 166 196 197 198 199 200
 201 202 203 204 205 206 207 208 209 210 211 212 213 214 215 216 217 218
 219]
[0, 0, 0, 0, 0, 0, 1, 1, 1, 1, 1, 1, 2, 2, 2, 2, 2, 2, 2, 2, 2, 2, 2, 2, 2, 2, 2, 2, 2, 2, 2, 2, 2, 2, 2, 2, 2, 2, 2, 2, 2, 2, 2, 2, 2, 2, 2, 2, 2, 3, 3, 3, 3, 3, 3, 3, 3, 3, 3, 3, 3, 3, 3, 3, 3, 3, 3, 3, 3, 3, 3, 3, 3]
[0, 0, 0, 0, 0, 0, 0, 0, 0, 0, 0, 0, 0, 0, 0, 0, 0, 0, 0, 0, 0, 0, 0, 0, 0, 0, 0, 0, 0, 0, 0, 0, 0, 0, 0, 0, 0, 0, 0, 0, 0, 0, 0, 0, 0, 0, 0, 0, 0, 0, 0, 1, 1, 1, 1, 1, 1, 1, 1, 1, 1, 2, 2, 2, 2, 2, 2, 2, 2, 2, 2, 2, 2, 2, 2, 2, 2, 2, 2, 2, 2, 2, 2, 2, 2, 2, 2, 2, 3, 3, 3, 3, 3, 3, 3, 3, 3, 3]
[0, 0, 0, 0, 0, 0, 0, 0, 1, 1, 1, 1, 1, 1, 1, 1, 1, 1, 1, 1, 1, 1, 1, 1, 1, 1, 1, 1, 1, 1, 1, 1, 1, 1, 1, 1, 1, 1, 1, 1, 1, 1, 1, 1, 1, 1, 1, 1, 1, 1, 1, 1, 1, 1, 1, 1, 1, 2, 2, 3, 3, 3, 3, 3, 3, 3, 3, 3, 3, 3, 3, 3, 3, 3, 3, 3, 3, 3, 3, 3, 3, 3, 3, 3, 3, 3, 3, 3, 3, 3]
shapelet initialized! 

All 3 clinet initialized! 

(73, 4)
(98, 4)
(90, 4)
[1.28443297 0.94360575 0.77196129]
Classification: 1.0 0.5095057034220533 0
(73, 4)
(98, 4)
(90, 4)
[1.32962826 0.98897945 0.68139229]
Classification: 1.0 0.5057034220532319 1
(73, 4)
(98, 4)
(90, 4)
[1.26997371 1.03865802 0.69136827]
Classification: 1.0 0.49809885931558934 2
(73, 4)
(98, 4)
(90, 4)
[1.33591279 0.99697649 0.66711072]
Classification: 1.0 0.4714828897338403 3
(73, 4)
(98, 4)
(90, 4)
[1.40926146 0.97263302 0.61810552]
Classification: 1.0 0.49809885931558934 4
(73, 4)
(98, 4)
(90, 4)
[1.33981181 1.04036491 0.61982329]
Classification: 1.0 0.49429657794676807 5
(73, 4)
(98, 4)
(90, 4)
[1.38248209 0.91152496 0.70599294]
Classification: 1.0 0.4714828897338403 6
(73, 4)
(98, 4)
(90, 4)
[1.39350069 0.90400958 0.70248972]
Classification: 1.0 0.42585551330798477 7
(73, 4)
(98, 4)
(90, 4)
[1.3618886  0.87059274 0.76751866]
Classification: 1.0 0.4790874524714829 8
(73, 4)
(98, 4)
(90, 4)
[1.41910836 0.8408803  0.74001134]
Classification: 1.0 0.4752851711026616 9
(73, 4)
(98, 4)
(90, 4)
[1.42556866 0.83146239 0.74296894]
Classification: 1.0 0.45627376425855515 10
(73, 4)
(98, 4)
(90, 4)
[1.41236435 0.85818343 0.72945222]
Classification: 1.0 0.44866920152091255 11
(73, 4)
(98, 4)
(90, 4)
[1.40009178 0.80670009 0.79320814]
Classification: 1.0 0.4296577946768061 12
(73, 4)
(98, 4)
(90, 4)
[1.46901289 0.79232912 0.738658  ]
Classification: 1.0 0.46387832699619774 13
(73, 4)
(98, 4)
(90, 4)
[1.41996223 0.87272755 0.70731022]
Classification: 1.0 0.45627376425855515 14
(73, 4)
(98, 4)
(90, 4)
[1.33116415 0.87340502 0.79543082]
Classification: 1.0 0.44866920152091255 15
(73, 4)
(98, 4)
(90, 4)
[1.37115523 0.85594992 0.77289485]
Classification: 1.0 0.46387832699619774 16
(73, 4)
(98, 4)
(90, 4)
[1.40678397 0.84168726 0.75152877]
Classification: 1.0 0.4866920152091255 17
(73, 4)
(98, 4)
(90, 4)
[1.44473002 0.86925287 0.68601711]
Classification: 1.0 0.4828897338403042 18
(73, 4)
(98, 4)
(90, 4)
[1.50433608 0.76607861 0.72958532]
Classification: 1.0 0.5057034220532319 19
(73, 4)
(98, 4)
(90, 4)
[1.39692011 0.85361415 0.74946574]
Classification: 1.0 0.5285171102661597 20
(73, 4)
(98, 4)
(90, 4)
[1.411171   0.83293957 0.75588943]
Classification: 1.0 0.49429657794676807 21
(73, 4)
(98, 4)
(90, 4)
[1.49777884 0.77931123 0.72290993]
Classification: 1.0 0.4828897338403042 22
(73, 4)
(98, 4)
(90, 4)
[1.4359293  0.80309328 0.76097741]
Classification: 1.0 0.5209125475285171 23
(73, 4)
(98, 4)
(90, 4)
[1.4167648  0.81186716 0.77136804]
Classification: 1.0 0.5019011406844106 24
(73, 4)
(98, 4)
(90, 4)
[1.40103804 0.84944333 0.74951863]
Classification: 1.0 0.467680608365019 25
(73, 4)
(98, 4)
(90, 4)
[1.44569184 0.88354749 0.67076066]
Classification: 1.0 0.5133079847908745 26
(73, 4)
(98, 4)
(90, 4)
[1.50321651 0.77904369 0.7177398 ]
Classification: 1.0 0.5057034220532319 27
(73, 4)
(98, 4)
(90, 4)
[1.49889486 0.83361613 0.66748901]
Classification: 1.0 0.4828897338403042 28
(73, 4)
(98, 4)
(90, 4)
[1.48803232 0.83225335 0.67971433]
Classification: 1.0 0.4752851711026616 29
(73, 4)
(98, 4)
(90, 4)
[1.50572409 0.87442258 0.61985333]
Classification: 1.0 0.4752851711026616 30
(73, 4)
(98, 4)
(90, 4)
[1.47519579 0.855965   0.66883921]
Classification: 1.0 0.4828897338403042 31
(73, 4)
(98, 4)
(90, 4)
[1.46277123 0.863589   0.67363977]
Classification: 1.0 0.4714828897338403 32
(73, 4)
(98, 4)
(90, 4)
[1.41623626 0.8793891  0.70437464]
Classification: 1.0 0.49429657794676807 33
(73, 4)
(98, 4)
(90, 4)
[1.41955892 0.88012043 0.70032064]
Classification: 1.0 0.4866920152091255 34
(73, 4)
(98, 4)
(90, 4)
[1.39602601 0.86428929 0.7396847 ]
Classification: 1.0 0.4866920152091255 35
(73, 4)
(98, 4)
(90, 4)
[1.4568781  0.79131606 0.75180584]
Classification: 1.0 0.49429657794676807 36
(73, 4)
(98, 4)
(90, 4)
[1.38227563 0.86134559 0.75637877]
Classification: 1.0 0.4752851711026616 37
(73, 4)
(98, 4)
(90, 4)
[1.52200869 0.72985997 0.74813134]
Classification: 1.0 0.4866920152091255 38
(73, 4)
(98, 4)
(90, 4)
[1.49462413 0.78549308 0.71988278]
Classification: 1.0 0.49049429657794674 39
(73, 4)
(98, 4)
(90, 4)
[1.41188612 0.89072972 0.69738416]
Classification: 1.0 0.49809885931558934 40
(73, 4)
(98, 4)
(90, 4)
[1.47495777 0.81656535 0.70847688]
Classification: 1.0 0.49809885931558934 41
(73, 4)
(98, 4)
(90, 4)
[1.44898161 0.80340602 0.74761238]
Classification: 1.0 0.49429657794676807 42
(73, 4)
(98, 4)
(90, 4)
[1.44830543 0.82298766 0.72870691]
Classification: 1.0 0.5057034220532319 43
(73, 4)
(98, 4)
(90, 4)
[1.46833635 0.77950992 0.75215374]
Classification: 1.0 0.5133079847908745 44
(73, 4)
(98, 4)
(90, 4)
[1.51965828 0.73980987 0.74053185]
Classification: 1.0 0.49429657794676807 45
(73, 4)
(98, 4)
(90, 4)
[1.48664135 0.79700074 0.71635791]
Classification: 1.0 0.4600760456273764 46
(73, 4)
(98, 4)
(90, 4)
[1.4587165  0.76566556 0.77561793]
Classification: 1.0 0.4600760456273764 47
(73, 4)
(98, 4)
(90, 4)
[1.3858446  0.82848342 0.78567198]
Classification: 1.0 0.4372623574144487 48
(73, 4)
(98, 4)
(90, 4)
[1.42299384 0.77319717 0.80380899]
Classification: 1.0 0.4524714828897338 49
(73, 4)
(98, 4)
(90, 4)
[1.41952982 0.78835189 0.7921183 ]
Classification: 1.0 0.44106463878326996 50
(73, 4)
(98, 4)
(90, 4)
[1.4403177  0.83873777 0.72094454]
Classification: 1.0 0.4296577946768061 51
(73, 4)
(98, 4)
(90, 4)
[1.34898717 0.87293963 0.7780732 ]
Classification: 1.0 0.41064638783269963 52
(73, 4)
(98, 4)
(90, 4)
[1.41707921 0.81250512 0.77041567]
Classification: 1.0 0.40304182509505704 53
(73, 4)
(98, 4)
(90, 4)
[1.4164279  0.76791655 0.81565556]
Classification: 1.0 0.43346007604562736 54
(73, 4)
(98, 4)
(90, 4)
[1.43614226 0.83370968 0.73014806]
Classification: 1.0 0.42585551330798477 55
(73, 4)
(98, 4)
(90, 4)
[1.34652219 0.8764929  0.7769849 ]
Classification: 1.0 0.40304182509505704 56
(73, 4)
(98, 4)
(90, 4)
[1.3992867  0.81832908 0.78238422]
Classification: 1.0 0.4144486692015209 57
(73, 4)
(98, 4)
(90, 4)
[1.54091788 0.79879857 0.66028355]
Classification: 1.0 0.44866920152091255 58
(73, 4)
(98, 4)
(90, 4)
[1.48519235 0.84733298 0.66747467]
Classification: 1.0 0.4524714828897338 59
(73, 4)
(98, 4)
(90, 4)
[1.42107685 0.85805358 0.72086958]
Classification: 1.0 0.4372623574144487 60
(73, 4)
(98, 4)
(90, 4)
[1.38921145 0.90552462 0.70526393]
Classification: 1.0 0.4144486692015209 61
(73, 4)
(98, 4)
(90, 4)
[1.38944623 0.84780995 0.76274382]
Classification: 1.0 0.39923954372623577 62
(73, 4)
(98, 4)
(90, 4)
[1.3841916  0.81555943 0.80024897]
Classification: 1.0 0.41825095057034223 63
(73, 4)
(98, 4)
(90, 4)
[1.37099685 0.84934853 0.77965462]
Classification: 1.0 0.41064638783269963 64
(73, 4)
(98, 4)
(90, 4)
[1.31968439 0.81217393 0.86814168]
Classification: 1.0 0.4296577946768061 65
(73, 4)
(98, 4)
(90, 4)
[1.31926695 0.92234733 0.75838572]
Classification: 1.0 0.4220532319391635 66
(73, 4)
(98, 4)
(90, 4)
[1.26692439 0.93881842 0.79425719]
Classification: 1.0 0.41825095057034223 67
(73, 4)
(98, 4)
(90, 4)
[1.252729   0.88098767 0.86628333]
Classification: 1.0 0.43346007604562736 68
(73, 4)
(98, 4)
(90, 4)
[1.33184533 0.79909545 0.86905922]
Classification: 1.0 0.4372623574144487 69
(73, 4)
(98, 4)
(90, 4)
[1.27937837 0.90002403 0.8205976 ]
Classification: 1.0 0.41064638783269963 70
(73, 4)
(98, 4)
(90, 4)
[1.26622062 0.8849227  0.84885668]
Classification: 1.0 0.42585551330798477 71
(73, 4)
(98, 4)
(90, 4)
[1.30455315 0.87193645 0.82351039]
Classification: 1.0 0.4372623574144487 72
(73, 4)
(98, 4)
(90, 4)
[1.292688   0.91876642 0.78854558]
Classification: 1.0 0.42585551330798477 73
(73, 4)
(98, 4)
(90, 4)
[1.25447473 0.98249082 0.76303446]
Classification: 1.0 0.40304182509505704 74
(73, 4)
(98, 4)
(90, 4)
[1.26773626 0.94740091 0.78486283]
Classification: 1.0 0.41825095057034223 75
(73, 4)
(98, 4)
(90, 4)
[1.22153004 0.99409213 0.78437783]
Classification: 1.0 0.43346007604562736 76
(73, 4)
(98, 4)
(90, 4)
[1.2605759  0.99211973 0.74730437]
Classification: 1.0 0.4296577946768061 77
(73, 4)
(98, 4)
(90, 4)
[1.34322923 0.95769053 0.69908024]
Classification: 1.0 0.44866920152091255 78
(73, 4)
(98, 4)
(90, 4)
[1.35082195 0.96051815 0.6886599 ]
Classification: 1.0 0.4600760456273764 79
(73, 4)
(98, 4)
(90, 4)
[1.31922334 1.00396895 0.6768077 ]
Classification: 1.0 0.46387832699619774 80
(73, 4)
(98, 4)
(90, 4)
[1.27969959 1.03763677 0.68266364]
Classification: 1.0 0.45627376425855515 81
(73, 4)
(98, 4)
(90, 4)
[1.32982791 1.01553058 0.6546415 ]
Classification: 1.0 0.44106463878326996 82
(73, 4)
(98, 4)
(90, 4)
[1.28564844 0.97647421 0.73787735]
Classification: 1.0 0.44866920152091255 83
(73, 4)
(98, 4)
(90, 4)
[1.34540073 0.91815802 0.73644125]
Classification: 1.0 0.41825095057034223 84
(73, 4)
(98, 4)
(90, 4)
[1.31338323 0.9034003  0.78321647]
Classification: 1.0 0.4144486692015209 85
(73, 4)
(98, 4)
(90, 4)
[1.39843223 0.8891564  0.71241136]
Classification: 1.0 0.4296577946768061 86
(73, 4)
(98, 4)
(90, 4)
[1.31760824 0.91767976 0.764712  ]
Classification: 1.0 0.41064638783269963 87
(73, 4)
(98, 4)
(90, 4)
[1.37160477 0.83576126 0.79263396]
Classification: 1.0 0.44106463878326996 88
(73, 4)
(98, 4)
(90, 4)
[1.28291223 0.98722997 0.7298578 ]
Classification: 1.0 0.44106463878326996 89
(73, 4)
(98, 4)
(90, 4)
[1.34075862 0.92678054 0.73246084]
Classification: 1.0 0.44866920152091255 90
(73, 4)
(98, 4)
(90, 4)
[1.27387492 0.96434613 0.76177895]
Classification: 1.0 0.44866920152091255 91
(73, 4)
(98, 4)
(90, 4)
[1.33348832 0.9385066  0.72800507]
Classification: 1.0 0.43346007604562736 92
(73, 4)
(98, 4)
(90, 4)
[1.42528455 0.85953127 0.71518418]
Classification: 1.0 0.46387832699619774 93
(73, 4)
(98, 4)
(90, 4)
[1.29235328 0.9108278  0.79681892]
Classification: 1.0 0.43346007604562736 94
(73, 4)
(98, 4)
(90, 4)
[1.31800882 0.91836995 0.76362124]
Classification: 1.0 0.4524714828897338 95
(73, 4)
(98, 4)
(90, 4)
[1.31923903 0.91101535 0.76974563]
Classification: 1.0 0.4752851711026616 96
(73, 4)
(98, 4)
(90, 4)
[1.335997  0.9181169 0.7458861]
Classification: 1.0 0.4220532319391635 97
(73, 4)
(98, 4)
(90, 4)
[1.31181029 0.97540676 0.71278295]
Classification: 1.0 0.44866920152091255 98
(73, 4)
(98, 4)
(90, 4)
[1.2725237  0.89343933 0.83403697]
Classification: 1.0 0.42585551330798477 99
(73, 4)
(98, 4)
(90, 4)
[1.31957482 0.89502283 0.78540235]
Classification: 1.0 0.4448669201520912 100
(73, 4)
(98, 4)
(90, 4)
[1.29717877 0.89374329 0.80907794]
Classification: 1.0 0.44866920152091255 101
(73, 4)
(98, 4)
(90, 4)
[1.27338775 0.93836958 0.78824267]
Classification: 1.0 0.4828897338403042 102
(73, 4)
(98, 4)
(90, 4)
[1.30056717 0.97974276 0.71969008]
Classification: 1.0 0.44106463878326996 103
(73, 4)
(98, 4)
(90, 4)
[1.28517093 0.93548973 0.77933934]
Classification: 1.0 0.4448669201520912 104
(73, 4)
(98, 4)
(90, 4)
[1.33343191 0.91772879 0.7488393 ]
Classification: 1.0 0.46387832699619774 105
(73, 4)
(98, 4)
(90, 4)
[1.23055335 0.96708609 0.80236055]
Classification: 1.0 0.4524714828897338 106
(73, 4)
(98, 4)
(90, 4)
[1.29778141 0.8497587  0.85245988]
Classification: 1.0 0.4144486692015209 107
(73, 4)
(98, 4)
(90, 4)
[1.34241484 0.84420299 0.81338217]
Classification: 1.0 0.4372623574144487 108
(73, 4)
(98, 4)
(90, 4)
[1.32383042 0.87614387 0.80002571]
Classification: 1.0 0.45627376425855515 109
(73, 4)
(98, 4)
(90, 4)
[1.34476365 0.87538469 0.77985166]
Classification: 1.0 0.49049429657794674 110
(73, 4)
(98, 4)
(90, 4)
[1.4085348  0.82923598 0.76222921]
Classification: 1.0 0.4524714828897338 111
(73, 4)
(98, 4)
(90, 4)
[1.35625784 0.85296639 0.79077577]
Classification: 1.0 0.4752851711026616 112
(73, 4)
(98, 4)
(90, 4)
[1.38407903 0.84394351 0.77197745]
Classification: 1.0 0.46387832699619774 113
(73, 4)
(98, 4)
(90, 4)
[1.44497518 0.80573481 0.74929   ]
Classification: 1.0 0.4448669201520912 114
(73, 4)
(98, 4)
(90, 4)
[1.42631964 0.82229338 0.75138698]
Classification: 1.0 0.4296577946768061 115
(73, 4)
(98, 4)
(90, 4)
[1.48656096 0.8161205  0.69731854]
Classification: 1.0 0.44106463878326996 116
(73, 4)
(98, 4)
(90, 4)
[1.41854544 0.81761345 0.76384111]
Classification: 1.0 0.44866920152091255 117
(73, 4)
(98, 4)
(90, 4)
[1.44625611 0.79620537 0.75753852]
Classification: 1.0 0.4372623574144487 118
(73, 4)
(98, 4)
(90, 4)
[1.39408494 0.79894105 0.80697401]
Classification: 1.0 0.45627376425855515 119
(73, 4)
(98, 4)
(90, 4)
[1.42714916 0.79339471 0.77945613]
Classification: 1.0 0.44106463878326996 120
(73, 4)
(98, 4)
(90, 4)
[1.38313235 0.84033857 0.77652908]
Classification: 1.0 0.4448669201520912 121
(73, 4)
(98, 4)
(90, 4)
[1.4389256  0.84899261 0.71208179]
Classification: 1.0 0.44866920152091255 122
(73, 4)
(98, 4)
(90, 4)
[1.39533776 0.83484325 0.76981899]
Classification: 1.0 0.4752851711026616 123
(73, 4)
(98, 4)
(90, 4)
[1.35979611 0.85539101 0.78481288]
Classification: 1.0 0.4372623574144487 124
(73, 4)
(98, 4)
(90, 4)
[1.36353164 0.84909197 0.78737639]
Classification: 1.0 0.4372623574144487 125
(73, 4)
(98, 4)
(90, 4)
[1.39571961 0.8459333  0.75834709]
Classification: 1.0 0.45627376425855515 126
(73, 4)
(98, 4)
(90, 4)
[1.43438325 0.84504361 0.72057313]
Classification: 1.0 0.4714828897338403 127
(73, 4)
(98, 4)
(90, 4)
[1.41864175 0.87149806 0.70986019]
Classification: 1.0 0.46387832699619774 128
(73, 4)
(98, 4)
(90, 4)
[1.42588443 0.8578713  0.71624427]
Classification: 1.0 0.467680608365019 129
(73, 4)
(98, 4)
(90, 4)
[1.37996067 0.88159245 0.73844687]
Classification: 1.0 0.45627376425855515 130
(73, 4)
(98, 4)
(90, 4)
[1.31273511 0.91690606 0.77035884]
Classification: 1.0 0.44106463878326996 131
(73, 4)
(98, 4)
(90, 4)
[1.41271057 0.85409539 0.73319404]
Classification: 1.0 0.4524714828897338 132
(73, 4)
(98, 4)
(90, 4)
[1.38836736 0.8898953  0.72173734]
Classification: 1.0 0.4714828897338403 133
(73, 4)
(98, 4)
(90, 4)
[1.36731685 0.8826609  0.75002225]
Classification: 1.0 0.44106463878326996 134
(73, 4)
(98, 4)
(90, 4)
[1.31939196 0.8986627  0.78194534]
Classification: 1.0 0.45627376425855515 135
(73, 4)
(98, 4)
(90, 4)
[1.39415763 0.82765303 0.77818934]
Classification: 1.0 0.44866920152091255 136
(73, 4)
(98, 4)
(90, 4)
[1.38974043 0.81857648 0.79168309]
Classification: 1.0 0.4714828897338403 137
(73, 4)
(98, 4)
(90, 4)
[1.42571328 0.85704905 0.71723766]
Classification: 1.0 0.4524714828897338 138
(73, 4)
(98, 4)
(90, 4)
[1.3523275  0.86633493 0.78133756]
Classification: 1.0 0.4600760456273764 139
(73, 4)
(98, 4)
(90, 4)
[1.33909749 0.90771247 0.75319004]
Classification: 1.0 0.4448669201520912 140
(73, 4)
(98, 4)
(90, 4)
[1.39327173 0.8596179  0.74711036]
Classification: 1.0 0.4600760456273764 141
(73, 4)
(98, 4)
(90, 4)
[1.40170176 0.8444167  0.75388154]
Classification: 1.0 0.4790874524714829 142
(73, 4)
(98, 4)
(90, 4)
[1.41522838 0.86452607 0.72024555]
Classification: 1.0 0.4790874524714829 143
(73, 4)
(98, 4)
(90, 4)
[1.41123965 0.8053916  0.78336875]
Classification: 1.0 0.46387832699619774 144
(73, 4)
(98, 4)
(90, 4)
[1.43609546 0.85283423 0.71107031]
Classification: 1.0 0.44866920152091255 145
(73, 4)
(98, 4)
(90, 4)
[1.44675501 0.83729996 0.71594503]
Classification: 1.0 0.4448669201520912 146
(73, 4)
(98, 4)
(90, 4)
[1.37964714 0.8374699  0.78288296]
Classification: 1.0 0.44866920152091255 147
(73, 4)
(98, 4)
(90, 4)
[1.43061182 0.82595752 0.74343066]
Classification: 1.0 0.467680608365019 148
(73, 4)
(98, 4)
(90, 4)
[1.46868034 0.80710934 0.72421031]
Classification: 1.0 0.45627376425855515 149
(73, 4)
(98, 4)
(90, 4)
[1.40825903 0.81875169 0.77298929]
Classification: 1.0 0.45627376425855515 150
(73, 4)
(98, 4)
(90, 4)
[1.40742528 0.7895961  0.80297862]
Classification: 1.0 0.46387832699619774 151
(73, 4)
(98, 4)
(90, 4)
[1.36555841 0.80810969 0.82633189]
Classification: 1.0 0.4524714828897338 152
(73, 4)
(98, 4)
(90, 4)
[1.32670107 0.84328608 0.83001285]
Classification: 1.0 0.467680608365019 153
(73, 4)
(98, 4)
(90, 4)
[1.37664568 0.86180464 0.76154967]
Classification: 1.0 0.4524714828897338 154
(73, 4)
(98, 4)
(90, 4)
[1.34562536 0.85745589 0.79691875]
Classification: 1.0 0.4524714828897338 155
(73, 4)
(98, 4)
(90, 4)
[1.45917837 0.79138657 0.74943506]
Classification: 1.0 0.4524714828897338 156
(73, 4)
(98, 4)
(90, 4)
[1.36285888 0.82271646 0.81442466]
Classification: 1.0 0.46387832699619774 157
(73, 4)
(98, 4)
(90, 4)
[1.40733754 0.82771335 0.76494911]
Classification: 1.0 0.4448669201520912 158
(73, 4)
(98, 4)
(90, 4)
[1.3693699  0.79054004 0.84009006]
Classification: 1.0 0.44866920152091255 159
(73, 4)
(98, 4)
(90, 4)
[1.33592143 0.80705692 0.85702165]
Classification: 1.0 0.45627376425855515 160
(73, 4)
(98, 4)
(90, 4)
[1.36425176 0.7981822  0.83756604]
Classification: 1.0 0.44106463878326996 161
(73, 4)
(98, 4)
(90, 4)
[1.33055362 0.82660986 0.84283651]
Classification: 1.0 0.44106463878326996 162
(73, 4)
(98, 4)
(90, 4)
[1.41141401 0.79155235 0.79703364]
Classification: 1.0 0.4448669201520912 163
(73, 4)
(98, 4)
(90, 4)
[1.34617443 0.82759258 0.826233  ]
Classification: 1.0 0.44106463878326996 164
(73, 4)
(98, 4)
(90, 4)
[1.29125774 0.85369853 0.85504373]
Classification: 1.0 0.4372623574144487 165
(73, 4)
(98, 4)
(90, 4)
[1.32105309 0.85307326 0.82587365]
Classification: 1.0 0.45627376425855515 166
(73, 4)
(98, 4)
(90, 4)
[1.2436507  0.84148418 0.91486512]
Classification: 1.0 0.4600760456273764 167
(73, 4)
(98, 4)
(90, 4)
[1.24921989 0.88207147 0.86870864]
Classification: 1.0 0.4372623574144487 168
(73, 4)
(98, 4)
(90, 4)
[1.21957279 0.86430227 0.91612494]
Classification: 1.0 0.4296577946768061 169
(73, 4)
(98, 4)
(90, 4)
[1.27139021 0.85903046 0.86957933]
Classification: 1.0 0.4372623574144487 170
(73, 4)
(98, 4)
(90, 4)
[1.22222653 0.87193535 0.90583812]
Classification: 1.0 0.45627376425855515 171
(73, 4)
(98, 4)
(90, 4)
[1.3272239  0.81939359 0.85338251]
Classification: 1.0 0.4866920152091255 172
(73, 4)
(98, 4)
(90, 4)
[1.26036336 0.85778734 0.8818493 ]
Classification: 1.0 0.4752851711026616 173
(73, 4)
(98, 4)
(90, 4)
[1.25231959 0.8674398  0.88024062]
Classification: 1.0 0.4828897338403042 174
(73, 4)
(98, 4)
(90, 4)
[1.30700763 0.84595773 0.84703463]
Classification: 1.0 0.4714828897338403 175
(73, 4)
(98, 4)
(90, 4)
[1.27121595 0.89688138 0.83190267]
Classification: 1.0 0.4828897338403042 176
(73, 4)
(98, 4)
(90, 4)
[1.24276115 0.94536378 0.81187506]
Classification: 1.0 0.4752851711026616 177
(73, 4)
(98, 4)
(90, 4)
[1.18482624 0.93443428 0.88073948]
Classification: 1.0 0.45627376425855515 178
(73, 4)
(98, 4)
(90, 4)
[1.23207441 0.88517444 0.88275115]
Classification: 1.0 0.44866920152091255 179
(73, 4)
(98, 4)
(90, 4)
[1.23512714 0.86283913 0.90203373]
Classification: 1.0 0.4600760456273764 180
(73, 4)
(98, 4)
(90, 4)
[1.212764   0.87900788 0.90822812]
Classification: 1.0 0.45627376425855515 181
(73, 4)
(98, 4)
(90, 4)
[1.2632271  0.84936706 0.88740584]
Classification: 1.0 0.44866920152091255 182
(73, 4)
(98, 4)
(90, 4)
[1.27745507 0.86557103 0.8569739 ]
Classification: 1.0 0.43346007604562736 183
(73, 4)
(98, 4)
(90, 4)
[1.2191312  0.87946023 0.90140857]
Classification: 1.0 0.44106463878326996 184
(73, 4)
(98, 4)
(90, 4)
[1.20771145 0.85897343 0.93331511]
Classification: 1.0 0.44866920152091255 185
(73, 4)
(98, 4)
(90, 4)
[1.21133722 0.90873712 0.87992566]
Classification: 1.0 0.43346007604562736 186
(73, 4)
(98, 4)
(90, 4)
[1.24381278 0.86642342 0.8897638 ]
Classification: 1.0 0.4448669201520912 187
(73, 4)
(98, 4)
(90, 4)
[1.24131626 0.8581613  0.90052245]
Classification: 1.0 0.44106463878326996 188
(73, 4)
(98, 4)
(90, 4)
[1.26198524 0.83785896 0.9001558 ]
Classification: 1.0 0.45627376425855515 189
(73, 4)
(98, 4)
(90, 4)
[1.2425073  0.82333949 0.93415321]
Classification: 1.0 0.44866920152091255 190
(73, 4)
(98, 4)
(90, 4)
[1.27954563 0.77813881 0.94231555]
Classification: 1.0 0.4296577946768061 191
(73, 4)
(98, 4)
(90, 4)
[1.19940043 0.81474368 0.98585589]
Classification: 1.0 0.4372623574144487 192
(73, 4)
(98, 4)
(90, 4)
[1.23904607 0.82370499 0.93724894]
Classification: 1.0 0.4448669201520912 193
(73, 4)
(98, 4)
(90, 4)
[1.23372491 0.81654561 0.94972948]
Classification: 1.0 0.46387832699619774 194
(73, 4)
(98, 4)
(90, 4)
[1.26542279 0.78308745 0.95148977]
Classification: 1.0 0.42585551330798477 195
(73, 4)
(98, 4)
(90, 4)
[1.26448278 0.82412151 0.91139571]
Classification: 1.0 0.4600760456273764 196
(73, 4)
(98, 4)
(90, 4)
[1.24629927 0.83443668 0.91926405]
Classification: 1.0 0.43346007604562736 197
(73, 4)
(98, 4)
(90, 4)
[1.27620489 0.82653286 0.89726224]
Classification: 1.0 0.4296577946768061 198
(73, 4)
(98, 4)
(90, 4)
[1.25214245 0.83326317 0.91459437]
Classification: 1.0 0.39923954372623577 199
(73, 4)
(98, 4)
(90, 4)
[1.22930379 0.82839665 0.94229956]
Classification: 1.0 0.4296577946768061 200
(73, 4)
(98, 4)
(90, 4)
[1.1976547  0.85628636 0.94605893]
Classification: 1.0 0.4220532319391635 201
(73, 4)
(98, 4)
(90, 4)
[1.2132717 0.8696726 0.9170557]
Classification: 1.0 0.41064638783269963 202
(73, 4)
(98, 4)
(90, 4)
[1.22982048 0.84578362 0.92439589]
Classification: 1.0 0.41064638783269963 203
(73, 4)
(98, 4)
(90, 4)
[1.24225911 0.81793877 0.93980212]
Classification: 1.0 0.44106463878326996 204
(73, 4)
(98, 4)
(90, 4)
[1.2641488  0.83351467 0.90233653]
Classification: 1.0 0.43346007604562736 205
(73, 4)
(98, 4)
(90, 4)
[1.27629094 0.84681588 0.87689318]
Classification: 1.0 0.4296577946768061 206
(73, 4)
(98, 4)
(90, 4)
[1.21923223 0.84791552 0.93285225]
Classification: 1.0 0.4448669201520912 207
(73, 4)
(98, 4)
(90, 4)
[1.18395519 0.87230629 0.94373851]
Classification: 1.0 0.4600760456273764 208
(73, 4)
(98, 4)
(90, 4)
[1.18529845 0.83674106 0.97796049]
Classification: 1.0 0.4448669201520912 209
(73, 4)
(98, 4)
(90, 4)
[1.17007811 0.878982   0.95093989]
Classification: 1.0 0.45627376425855515 210
(73, 4)
(98, 4)
(90, 4)
[1.22264357 0.84580838 0.93154804]
Classification: 1.0 0.467680608365019 211
(73, 4)
(98, 4)
(90, 4)
[1.16838861 0.90622892 0.92538247]
Classification: 1.0 0.4296577946768061 212
(73, 4)
(98, 4)
(90, 4)
[1.17636435 0.87637644 0.94725921]
Classification: 1.0 0.43346007604562736 213
(73, 4)
(98, 4)
(90, 4)
[1.16690642 0.87682715 0.95626644]
Classification: 1.0 0.4220532319391635 214
(73, 4)
(98, 4)
(90, 4)
[1.15244928 0.91269235 0.93485837]
Classification: 1.0 0.4372623574144487 215
(73, 4)
(98, 4)
(90, 4)
[1.17547857 0.90498257 0.91953886]
Classification: 1.0 0.4372623574144487 216
(73, 4)
(98, 4)
(90, 4)
[1.24449537 0.8471857  0.90831893]
Classification: 1.0 0.4448669201520912 217
(73, 4)
(98, 4)
(90, 4)
[1.25865463 0.83243753 0.90890783]
Classification: 1.0 0.4448669201520912 218
(73, 4)
(98, 4)
(90, 4)
[1.2163511  0.81300133 0.97064757]
Classification: 1.0 0.4524714828897338 219
(73, 4)
(98, 4)
(90, 4)
[1.19256928 0.86487856 0.94255216]
Classification: 1.0 0.4524714828897338 220
(73, 4)
(98, 4)
(90, 4)
[1.21121424 0.82496495 0.96382082]
Classification: 1.0 0.4524714828897338 221
(73, 4)
(98, 4)
(90, 4)
[1.18446925 0.87664458 0.93888617]
Classification: 1.0 0.44866920152091255 222
(73, 4)
(98, 4)
(90, 4)
[1.20810562 0.86868608 0.9232083 ]
Classification: 1.0 0.4524714828897338 223
(73, 4)
(98, 4)
(90, 4)
[1.19659492 0.87660581 0.92679927]
Classification: 1.0 0.4752851711026616 224
(73, 4)
(98, 4)
(90, 4)
[1.24968828 0.84726372 0.90304799]
Classification: 1.0 0.467680608365019 225
(73, 4)
(98, 4)
(90, 4)
[1.31270337 0.85223324 0.83506339]
Classification: 1.0 0.46387832699619774 226
(73, 4)
(98, 4)
(90, 4)
[1.17248585 0.90510791 0.92240623]
Classification: 1.0 0.45627376425855515 227
(73, 4)
(98, 4)
(90, 4)
[1.19999682 0.84258501 0.95741817]
Classification: 1.0 0.46387832699619774 228
(73, 4)
(98, 4)
(90, 4)
[1.25631754 0.82480273 0.91887973]
Classification: 1.0 0.4524714828897338 229
(73, 4)
(98, 4)
(90, 4)
[1.21525893 0.85264591 0.93209516]
Classification: 1.0 0.4600760456273764 230
(73, 4)
(98, 4)
(90, 4)
[1.21334658 0.86038853 0.92626488]
Classification: 1.0 0.45627376425855515 231
(73, 4)
(98, 4)
(90, 4)
[1.23095275 0.8558325  0.91321475]
Classification: 1.0 0.44866920152091255 232
(73, 4)
(98, 4)
(90, 4)
[1.25440884 0.9051114  0.84047976]
Classification: 1.0 0.4714828897338403 233
(73, 4)
(98, 4)
(90, 4)
[1.21484212 0.93231588 0.852842  ]
Classification: 1.0 0.4866920152091255 234
(73, 4)
(98, 4)
(90, 4)
[1.20341654 0.88720391 0.90937955]
Classification: 1.0 0.4600760456273764 235
(73, 4)
(98, 4)
(90, 4)
[1.18826677 0.85580127 0.95593196]
Classification: 1.0 0.4600760456273764 236
(73, 4)
(98, 4)
(90, 4)
[1.20459007 0.90070943 0.8947005 ]
Classification: 1.0 0.4752851711026616 237
(73, 4)
(98, 4)
(90, 4)
[1.14413255 0.94237187 0.91349558]
Classification: 1.0 0.46387832699619774 238
(73, 4)
(98, 4)
(90, 4)
[1.13722486 0.90771571 0.95505943]
Classification: 1.0 0.45627376425855515 239
(73, 4)
(98, 4)
(90, 4)
[1.22948434 0.81247443 0.95804123]
Classification: 1.0 0.46387832699619774 240
(73, 4)
(98, 4)
(90, 4)
[1.21668923 0.8342583  0.94905248]
Classification: 1.0 0.46387832699619774 241
(73, 4)
(98, 4)
(90, 4)
[1.15532883 0.91395055 0.93072062]
Classification: 1.0 0.4524714828897338 242
(73, 4)
(98, 4)
(90, 4)
[1.19401761 0.87249821 0.93348418]
Classification: 1.0 0.4448669201520912 243
(73, 4)
(98, 4)
(90, 4)
[1.16787054 0.90200339 0.93012607]
Classification: 1.0 0.4600760456273764 244
(73, 4)
(98, 4)
(90, 4)
[1.27746062 0.83914243 0.88339695]
Classification: 1.0 0.4524714828897338 245
(73, 4)
(98, 4)
(90, 4)
[1.27901404 0.80354479 0.91744117]
Classification: 1.0 0.4448669201520912 246
(73, 4)
(98, 4)
(90, 4)
[1.20565742 0.82605729 0.9682853 ]
Classification: 1.0 0.44106463878326996 247
(73, 4)
(98, 4)
(90, 4)
[1.25437219 0.79285767 0.95277014]
Classification: 1.0 0.4600760456273764 248
(73, 4)
(98, 4)
(90, 4)
[1.24781878 0.80505905 0.94712216]
Classification: 1.0 0.44866920152091255 249
(73, 4)
(98, 4)
(90, 4)
[1.27028862 0.77002431 0.95968707]
Classification: 1.0 0.4372623574144487 250
(73, 4)
(98, 4)
(90, 4)
[1.26841954 0.83747941 0.89410104]
Classification: 1.0 0.44106463878326996 251
(73, 4)
(98, 4)
(90, 4)
[1.18429062 0.868948   0.94676139]
Classification: 1.0 0.4372623574144487 252
(73, 4)
(98, 4)
(90, 4)
[1.20580061 0.84265468 0.95154471]
Classification: 1.0 0.4372623574144487 253
(73, 4)
(98, 4)
(90, 4)
[1.19036539 0.83886448 0.97077013]
Classification: 1.0 0.44106463878326996 254
(73, 4)
(98, 4)
(90, 4)
[1.25666618 0.81059881 0.93273501]
Classification: 1.0 0.44106463878326996 255
(73, 4)
(98, 4)
(90, 4)
[1.23743932 0.79760029 0.96496038]
Classification: 1.0 0.43346007604562736 256
(73, 4)
(98, 4)
(90, 4)
[1.25220314 0.8293496  0.91844726]
Classification: 1.0 0.4448669201520912 257
(73, 4)
(98, 4)
(90, 4)
[1.21008909 0.85801638 0.93189453]
Classification: 1.0 0.4372623574144487 258
(73, 4)
(98, 4)
(90, 4)
[1.18681886 0.85376142 0.95941972]
Classification: 1.0 0.4524714828897338 259
(73, 4)
(98, 4)
(90, 4)
[1.18555067 0.85220554 0.96224379]
Classification: 1.0 0.46387832699619774 260
(73, 4)
(98, 4)
(90, 4)
[1.15119513 0.86329295 0.98551192]
Classification: 1.0 0.44866920152091255 261
(73, 4)
(98, 4)
(90, 4)
[1.14218293 0.91624358 0.94157349]
Classification: 1.0 0.45627376425855515 262
(73, 4)
(98, 4)
(90, 4)
[1.11596837 0.92604455 0.95798708]
Classification: 1.0 0.4372623574144487 263
(73, 4)
(98, 4)
(90, 4)
[1.16498085 0.83646196 0.99855719]
Classification: 1.0 0.46387832699619774 264
(73, 4)
(98, 4)
(90, 4)
[1.13595557 0.87149315 0.99255127]
Classification: 1.0 0.4600760456273764 265
(73, 4)
(98, 4)
(90, 4)
[1.13097104 0.8956019  0.97342706]
Classification: 1.0 0.44866920152091255 266
(73, 4)
(98, 4)
(90, 4)
[1.15992124 0.82620702 1.01387174]
Classification: 1.0 0.43346007604562736 267
(73, 4)
(98, 4)
(90, 4)
[1.12847413 0.89623031 0.97529557]
Classification: 1.0 0.44106463878326996 268
(73, 4)
(98, 4)
(90, 4)
[1.21982594 0.80106434 0.97910972]
Classification: 1.0 0.4220532319391635 269
(73, 4)
(98, 4)
(90, 4)
[1.09450965 0.87771249 1.02777787]
Classification: 1.0 0.4372623574144487 270
(73, 4)
(98, 4)
(90, 4)
[1.11428201 0.85378677 1.03193123]
Classification: 1.0 0.4372623574144487 271
(73, 4)
(98, 4)
(90, 4)
[1.17530683 0.85695895 0.96773422]
Classification: 1.0 0.4372623574144487 272
(73, 4)
(98, 4)
(90, 4)
[1.13533696 0.86254827 1.00211477]
Classification: 1.0 0.4372623574144487 273
(73, 4)
(98, 4)
(90, 4)
[1.13359945 0.83519408 1.03120647]
Classification: 1.0 0.4448669201520912 274
(73, 4)
(98, 4)
(90, 4)
[1.1023481  0.84947167 1.04818024]
Classification: 1.0 0.4448669201520912 275
(73, 4)
(98, 4)
(90, 4)
[1.12825387 0.82745628 1.04428984]
Classification: 1.0 0.43346007604562736 276
(73, 4)
(98, 4)
(90, 4)
[1.17160207 0.83500756 0.99339037]
Classification: 1.0 0.43346007604562736 277
(73, 4)
(98, 4)
(90, 4)
[1.13262408 0.84914976 1.01822616]
Classification: 1.0 0.43346007604562736 278
(73, 4)
(98, 4)
(90, 4)
[1.11791851 0.87106119 1.0110203 ]
Classification: 1.0 0.44106463878326996 279
(73, 4)
(98, 4)
(90, 4)
[1.02814955 0.93291667 1.03893378]
Classification: 1.0 0.4524714828897338 280
(73, 4)
(98, 4)
(90, 4)
[1.16463736 0.83198888 1.00337376]
Classification: 1.0 0.4220532319391635 281
(73, 4)
(98, 4)
(90, 4)
[1.1653347  0.82701821 1.00764709]
Classification: 1.0 0.44106463878326996 282
(73, 4)
(98, 4)
(90, 4)
[1.11824088 0.86094508 1.02081404]
Classification: 1.0 0.4296577946768061 283
(73, 4)
(98, 4)
(90, 4)
[1.13430163 0.83552426 1.03017411]
Classification: 1.0 0.4296577946768061 284
(73, 4)
(98, 4)
(90, 4)
[1.15174156 0.83696001 1.01129843]
Classification: 1.0 0.42585551330798477 285
(73, 4)
(98, 4)
(90, 4)
[1.20583206 0.8266017  0.96756623]
Classification: 1.0 0.4296577946768061 286
(73, 4)
(98, 4)
(90, 4)
[1.19080667 0.81927068 0.98992264]
Classification: 1.0 0.4220532319391635 287
(73, 4)
(98, 4)
(90, 4)
[1.18175511 0.87793752 0.94030737]
Classification: 1.0 0.4600760456273764 288
(73, 4)
(98, 4)
(90, 4)
[1.18933496 0.87751057 0.93315447]
Classification: 1.0 0.4448669201520912 289
(73, 4)
(98, 4)
(90, 4)
[1.16239087 0.87502806 0.96258106]
Classification: 1.0 0.4448669201520912 290
(73, 4)
(98, 4)
(90, 4)
[1.20607189 0.81311753 0.98081058]
Classification: 1.0 0.44866920152091255 291
(73, 4)
(98, 4)
(90, 4)
[1.17657999 0.85894987 0.96447014]
Classification: 1.0 0.4524714828897338 292
(73, 4)
(98, 4)
(90, 4)
[1.20170557 0.78801135 1.01028308]
Classification: 1.0 0.44106463878326996 293
(73, 4)
(98, 4)
(90, 4)
[1.14893944 0.84768181 1.00337875]
Classification: 1.0 0.44106463878326996 294
(73, 4)
(98, 4)
(90, 4)
[1.0357854  0.86135565 1.10285894]
Classification: 1.0 0.44106463878326996 295
(73, 4)
(98, 4)
(90, 4)
[1.06027022 0.90166673 1.03806305]
Classification: 1.0 0.44866920152091255 296
(73, 4)
(98, 4)
(90, 4)
[1.05610265 0.88507625 1.0588211 ]
Classification: 1.0 0.4448669201520912 297
(73, 4)
(98, 4)
(90, 4)
[1.11247755 0.9099508  0.97757165]
Classification: 1.0 0.4524714828897338 298
(73, 4)
(98, 4)
(90, 4)
[1.1279682  0.87807715 0.99395465]
Classification: 1.0 0.44106463878326996 299
(73, 4)
(98, 4)
(90, 4)
[1.11426504 0.84628363 1.03945134]
Classification: 1.0 0.45627376425855515 300
(73, 4)
(98, 4)
(90, 4)
[1.15268433 0.81474856 1.03256711]
Classification: 1.0 0.4600760456273764 301
(73, 4)
(98, 4)
(90, 4)
[1.10470026 0.88289398 1.01240576]
Classification: 1.0 0.46387832699619774 302
(73, 4)
(98, 4)
(90, 4)
[1.09129255 0.88275686 1.02595059]
Classification: 1.0 0.45627376425855515 303
(73, 4)
(98, 4)
(90, 4)
[1.12758045 0.85628639 1.01613316]
Classification: 1.0 0.45627376425855515 304
(73, 4)
(98, 4)
(90, 4)
[1.12431874 0.86576152 1.00991975]
Classification: 1.0 0.45627376425855515 305
(73, 4)
(98, 4)
(90, 4)
[1.12603691 0.8577495  1.01621359]
Classification: 1.0 0.44106463878326996 306
(73, 4)
(98, 4)
(90, 4)
[1.14740993 0.875314   0.97727607]
Classification: 1.0 0.44106463878326996 307
(73, 4)
(98, 4)
(90, 4)
[1.10015153 0.86687359 1.03297488]
Classification: 1.0 0.43346007604562736 308
(73, 4)
(98, 4)
(90, 4)
[1.11604398 0.85799255 1.02596347]
Classification: 1.0 0.41825095057034223 309
(73, 4)
(98, 4)
(90, 4)
[1.10929879 0.87266254 1.01803867]
Classification: 1.0 0.43346007604562736 310
(73, 4)
(98, 4)
(90, 4)
[1.15845404 0.7884879  1.05305806]
Classification: 1.0 0.4600760456273764 311
(73, 4)
(98, 4)
(90, 4)
[1.15059591 0.86147451 0.98792958]
Classification: 1.0 0.4448669201520912 312
(73, 4)
(98, 4)
(90, 4)
[1.10194294 0.88188019 1.01617688]
Classification: 1.0 0.43346007604562736 313
(73, 4)
(98, 4)
(90, 4)
[1.14084051 0.84417023 1.01498926]
Classification: 1.0 0.4068441064638783 314
(73, 4)
(98, 4)
(90, 4)
[1.21861859 0.80134493 0.98003649]
Classification: 1.0 0.4448669201520912 315
(73, 4)
(98, 4)
(90, 4)
[1.15586863 0.84530758 0.9988238 ]
Classification: 1.0 0.4524714828897338 316
(73, 4)
(98, 4)
(90, 4)
[1.20408578 0.76946571 1.02644851]
Classification: 1.0 0.41064638783269963 317
(73, 4)
(98, 4)
(90, 4)
[1.11550805 0.8646324  1.01985955]
Classification: 1.0 0.4068441064638783 318
(73, 4)
(98, 4)
(90, 4)
[1.18015493 0.80590967 1.0139354 ]
Classification: 1.0 0.4296577946768061 319
(73, 4)
(98, 4)
(90, 4)
[1.15319288 0.87306544 0.97374168]
Classification: 1.0 0.44106463878326996 320
(73, 4)
(98, 4)
(90, 4)
[1.14944397 0.87729779 0.97325824]
Classification: 1.0 0.44106463878326996 321
(73, 4)
(98, 4)
(90, 4)
[1.10749801 0.87694151 1.01556048]
Classification: 1.0 0.4448669201520912 322
(73, 4)
(98, 4)
(90, 4)
[1.12758044 0.83798907 1.03443049]
Classification: 1.0 0.45627376425855515 323
(73, 4)
(98, 4)
(90, 4)
[1.14950923 0.8353825  1.01510827]
Classification: 1.0 0.4600760456273764 324
(73, 4)
(98, 4)
(90, 4)
[1.20325694 0.78912841 1.00761465]
Classification: 1.0 0.4600760456273764 325
(73, 4)
(98, 4)
(90, 4)
[1.14435562 0.85008232 1.00556206]
Classification: 1.0 0.45627376425855515 326
(73, 4)
(98, 4)
(90, 4)
[1.10859637 0.89695077 0.99445286]
Classification: 1.0 0.46387832699619774 327
(73, 4)
(98, 4)
(90, 4)
[1.11593604 0.86729105 1.0167729 ]
Classification: 1.0 0.4372623574144487 328
(73, 4)
(98, 4)
(90, 4)
[1.15989046 0.82490174 1.01520781]
Classification: 1.0 0.4600760456273764 329
(73, 4)
(98, 4)
(90, 4)
[1.15522054 0.84608779 0.99869167]
Classification: 1.0 0.4714828897338403 330
(73, 4)
(98, 4)
(90, 4)
[1.16213237 0.78670473 1.0511629 ]
Classification: 1.0 0.4448669201520912 331
(73, 4)
(98, 4)
(90, 4)
[1.12707786 0.86324769 1.00967445]
Classification: 1.0 0.467680608365019 332
(73, 4)
(98, 4)
(90, 4)
[1.1497678  0.83419805 1.01603415]
Classification: 1.0 0.467680608365019 333
(73, 4)
(98, 4)
(90, 4)
[1.0929373  0.89342276 1.01363993]
Classification: 1.0 0.46387832699619774 334
(73, 4)
(98, 4)
(90, 4)
[1.15955398 0.82594152 1.01450451]
Classification: 1.0 0.46387832699619774 335
(73, 4)
(98, 4)
(90, 4)
[1.09750106 0.86761869 1.03488024]
Classification: 1.0 0.4524714828897338 336
(73, 4)
(98, 4)
(90, 4)
[1.11828588 0.89915734 0.98255679]
Classification: 1.0 0.4524714828897338 337
(73, 4)
(98, 4)
(90, 4)
[1.11142435 0.91261189 0.97596376]
Classification: 1.0 0.4524714828897338 338
(73, 4)
(98, 4)
(90, 4)
[1.10352198 0.89919593 0.99728209]
Classification: 1.0 0.44866920152091255 339
(73, 4)
(98, 4)
(90, 4)
[1.11196945 0.93271149 0.95531906]
Classification: 1.0 0.43346007604562736 340
(73, 4)
(98, 4)
(90, 4)
[1.03663008 0.9370106  1.02635931]
Classification: 1.0 0.42585551330798477 341
(73, 4)
(98, 4)
(90, 4)
[1.03043895 0.98273049 0.98683056]
Classification: 1.0 0.42585551330798477 342
(73, 4)
(98, 4)
(90, 4)
[1.11322007 0.89972347 0.98705647]
Classification: 1.0 0.4372623574144487 343
(73, 4)
(98, 4)
(90, 4)
[1.10964504 0.91390689 0.97644806]
Classification: 1.0 0.42585551330798477 344
(73, 4)
(98, 4)
(90, 4)
[1.1006623  0.9045434  0.99479431]
Classification: 1.0 0.4220532319391635 345
(73, 4)
(98, 4)
(90, 4)
[1.02432321 0.96609167 1.00958512]
Classification: 1.0 0.4372623574144487 346
(73, 4)
(98, 4)
(90, 4)
[1.07207864 0.91831624 1.00960512]
Classification: 1.0 0.44866920152091255 347
(73, 4)
(98, 4)
(90, 4)
[1.08274417 0.89682345 1.02043238]
Classification: 1.0 0.42585551330798477 348
(73, 4)
(98, 4)
(90, 4)
[1.09921175 0.90580708 0.99498117]
Classification: 1.0 0.4448669201520912 349
(73, 4)
(98, 4)
(90, 4)
[1.06474772 0.94864762 0.98660466]
Classification: 1.0 0.44106463878326996 350
(73, 4)
(98, 4)
(90, 4)
[1.0631331  0.91648799 1.0203789 ]
Classification: 1.0 0.46387832699619774 351
(73, 4)
(98, 4)
(90, 4)
[1.06264551 0.88212945 1.05522503]
Classification: 1.0 0.44106463878326996 352
(73, 4)
(98, 4)
(90, 4)
[1.06340415 0.92220609 1.01438976]
Classification: 1.0 0.4296577946768061 353
(73, 4)
(98, 4)
(90, 4)
[1.09628115 0.88316625 1.0205526 ]
Classification: 1.0 0.4296577946768061 354
(73, 4)
(98, 4)
(90, 4)
[1.03178165 0.89884339 1.06937496]
Classification: 1.0 0.44106463878326996 355
(73, 4)
(98, 4)
(90, 4)
[1.11597627 0.89987262 0.98415111]
Classification: 1.0 0.4448669201520912 356
(73, 4)
(98, 4)
(90, 4)
[1.07690683 0.90822617 1.014867  ]
Classification: 1.0 0.4296577946768061 357
(73, 4)
(98, 4)
(90, 4)
[1.07098829 0.94493878 0.98407293]
Classification: 1.0 0.4448669201520912 358
(73, 4)
(98, 4)
(90, 4)
[1.08354046 0.93200796 0.98445158]
Classification: 1.0 0.44866920152091255 359
(73, 4)
(98, 4)
(90, 4)
[1.0553954  0.93128867 1.01331593]
Classification: 1.0 0.44106463878326996 360
(73, 4)
(98, 4)
(90, 4)
[1.04613897 0.95264365 1.00121738]
Classification: 1.0 0.44106463878326996 361
(73, 4)
(98, 4)
(90, 4)
[1.05153297 0.96121972 0.98724731]
Classification: 1.0 0.44106463878326996 362
(73, 4)
(98, 4)
(90, 4)
[1.08652876 0.94960272 0.96386852]
Classification: 1.0 0.44866920152091255 363
(73, 4)
(98, 4)
(90, 4)
[1.08762236 0.93844462 0.97393302]
Classification: 1.0 0.4524714828897338 364
(73, 4)
(98, 4)
(90, 4)
[1.10289206 0.94612049 0.95098745]
Classification: 1.0 0.4600760456273764 365
(73, 4)
(98, 4)
(90, 4)
[1.11861215 0.87271689 1.00867096]
Classification: 1.0 0.4600760456273764 366
(73, 4)
(98, 4)
(90, 4)
[1.03773592 0.94173763 1.02052644]
Classification: 1.0 0.45627376425855515 367
(73, 4)
(98, 4)
(90, 4)
[1.08712239 0.92208138 0.99079623]
Classification: 1.0 0.4600760456273764 368
(73, 4)
(98, 4)
(90, 4)
[1.04701882 0.97796304 0.97501814]
Classification: 1.0 0.45627376425855515 369
(73, 4)
(98, 4)
(90, 4)
[1.08917994 0.93411494 0.97670511]
Classification: 1.0 0.45627376425855515 370
(73, 4)
(98, 4)
(90, 4)
[1.13516477 0.88395296 0.98088227]
Classification: 1.0 0.45627376425855515 371
(73, 4)
(98, 4)
(90, 4)
[1.12558194 0.92293493 0.95148313]
Classification: 1.0 0.4524714828897338 372
(73, 4)
(98, 4)
(90, 4)
[1.13619088 0.92487196 0.93893716]
Classification: 1.0 0.467680608365019 373
(73, 4)
(98, 4)
(90, 4)
[1.16251203 0.90382355 0.93366442]
Classification: 1.0 0.4524714828897338 374
(73, 4)
(98, 4)
(90, 4)
[1.09218074 0.99345821 0.91436105]
Classification: 1.0 0.45627376425855515 375
(73, 4)
(98, 4)
(90, 4)
[1.11375527 0.98409265 0.90215208]
Classification: 1.0 0.44866920152091255 376
(73, 4)
(98, 4)
(90, 4)
[1.08726433 0.90473966 1.00799601]
Classification: 1.0 0.4524714828897338 377
(73, 4)
(98, 4)
(90, 4)
[1.13605281 0.88632406 0.97762312]
Classification: 1.0 0.44866920152091255 378
(73, 4)
(98, 4)
(90, 4)
[1.09317766 0.95516    0.95166235]
Classification: 1.0 0.4524714828897338 379
(73, 4)
(98, 4)
(90, 4)
[1.04362544 0.98789774 0.96847682]
Classification: 1.0 0.44866920152091255 380
(73, 4)
(98, 4)
(90, 4)
[1.05841891 0.91415377 1.02742732]
Classification: 1.0 0.4448669201520912 381
(73, 4)
(98, 4)
(90, 4)
[1.08343494 0.93919147 0.97737359]
Classification: 1.0 0.4296577946768061 382
(73, 4)
(98, 4)
(90, 4)
[1.13283201 0.85627381 1.01089418]
Classification: 1.0 0.4524714828897338 383
(73, 4)
(98, 4)
(90, 4)
[1.06258104 0.93424207 1.00317689]
Classification: 1.0 0.44866920152091255 384
(73, 4)
(98, 4)
(90, 4)
[1.08437905 0.94148038 0.97414056]
Classification: 1.0 0.4524714828897338 385
(73, 4)
(98, 4)
(90, 4)
[1.1411336  0.86274803 0.99611837]
Classification: 1.0 0.4524714828897338 386
(73, 4)
(98, 4)
(90, 4)
[1.08797706 0.91805672 0.99396622]
Classification: 1.0 0.44866920152091255 387
(73, 4)
(98, 4)
(90, 4)
[1.01885594 0.96353636 1.0176077 ]
Classification: 1.0 0.44866920152091255 388
(73, 4)
(98, 4)
(90, 4)
[1.09458929 0.93278657 0.97262414]
Classification: 1.0 0.4448669201520912 389
(73, 4)
(98, 4)
(90, 4)
[1.09406168 0.91229188 0.99364643]
Classification: 1.0 0.44866920152091255 390
(73, 4)
(98, 4)
(90, 4)
[1.12245564 0.91799009 0.95955427]
Classification: 1.0 0.4372623574144487 391
(73, 4)
(98, 4)
(90, 4)
[0.98668601 0.99735647 1.01595752]
Classification: 1.0 0.4524714828897338 392
(73, 4)
(98, 4)
(90, 4)
[1.09964357 0.92438193 0.97597451]
Classification: 1.0 0.43346007604562736 393
(73, 4)
(98, 4)
(90, 4)
[1.0713118  0.94646254 0.98222566]
Classification: 1.0 0.45627376425855515 394
(73, 4)
(98, 4)
(90, 4)
[1.05758726 0.96259876 0.97981398]
Classification: 1.0 0.44866920152091255 395
(73, 4)
(98, 4)
(90, 4)
[0.98333645 1.03612447 0.98053907]
Classification: 1.0 0.4296577946768061 396
(73, 4)
(98, 4)
(90, 4)
[1.04425609 1.04809312 0.90765079]
Classification: 1.0 0.4372623574144487 397
(73, 4)
(98, 4)
(90, 4)
[1.12050687 1.00841737 0.87107576]
Classification: 1.0 0.4372623574144487 398
(73, 4)
(98, 4)
(90, 4)
[1.01354236 1.05321931 0.93323833]
Classification: 1.0 0.46387832699619774 399
(73, 4)
(98, 4)
(90, 4)
[0.97810176 1.06168521 0.96021303]
Classification: 1.0 0.46387832699619774 400
(73, 4)
(98, 4)
(90, 4)
[1.0174015  1.07601503 0.90658346]
Classification: 1.0 0.4372623574144487 401
(73, 4)
(98, 4)
(90, 4)
[1.01425125 1.0593701  0.92637866]
Classification: 1.0 0.467680608365019 402
(73, 4)
(98, 4)
(90, 4)
[1.04534563 1.02643428 0.92822009]
Classification: 1.0 0.4372623574144487 403
(73, 4)
(98, 4)
(90, 4)
[1.1086094  1.00277786 0.88861274]
Classification: 1.0 0.42585551330798477 404
(73, 4)
(98, 4)
(90, 4)
[0.94867114 1.06754649 0.98378236]
Classification: 1.0 0.41825095057034223 405
(73, 4)
(98, 4)
(90, 4)
[0.9946403  1.02440784 0.98095185]
Classification: 1.0 0.4448669201520912 406
(73, 4)
(98, 4)
(90, 4)
[1.08575014 0.99869731 0.91555255]
Classification: 1.0 0.4296577946768061 407
(73, 4)
(98, 4)
(90, 4)
[1.04662588 1.0358761  0.91749803]
Classification: 1.0 0.45627376425855515 408
(73, 4)
(98, 4)
(90, 4)
[1.06044788 1.00741312 0.932139  ]
Classification: 1.0 0.4372623574144487 409
(73, 4)
(98, 4)
(90, 4)
[0.98839734 1.08231563 0.92928703]
Classification: 1.0 0.42585551330798477 410
(73, 4)
(98, 4)
(90, 4)
[0.99553117 1.06219361 0.94227522]
Classification: 1.0 0.4524714828897338 411
(73, 4)
(98, 4)
(90, 4)
[1.05042163 1.01256652 0.93701185]
Classification: 1.0 0.44106463878326996 412
(73, 4)
(98, 4)
(90, 4)
[1.07005835 1.01470238 0.91523927]
Classification: 1.0 0.44106463878326996 413
(73, 4)
(98, 4)
(90, 4)
[1.11625362 0.95881238 0.924934  ]
Classification: 1.0 0.43346007604562736 414
(73, 4)
(98, 4)
(90, 4)
[1.03469485 1.02073861 0.94456654]
Classification: 1.0 0.44866920152091255 415
(73, 4)
(98, 4)
(90, 4)
[1.11644423 0.97894792 0.90460785]
Classification: 1.0 0.45627376425855515 416
(73, 4)
(98, 4)
(90, 4)
[1.07763779 0.96769141 0.9546708 ]
Classification: 1.0 0.4296577946768061 417
(73, 4)
(98, 4)
(90, 4)
[1.06692848 1.01059672 0.9224748 ]
Classification: 1.0 0.4296577946768061 418
(73, 4)
(98, 4)
(90, 4)
[1.07440281 0.94702212 0.97857507]
Classification: 1.0 0.4448669201520912 419
(73, 4)
(98, 4)
(90, 4)
[1.12803355 0.90421746 0.96774899]
Classification: 1.0 0.4372623574144487 420
(73, 4)
(98, 4)
(90, 4)
[1.13864972 0.93117835 0.93017193]
Classification: 1.0 0.4372623574144487 421
(73, 4)
(98, 4)
(90, 4)
[1.08950617 0.95165023 0.9588436 ]
Classification: 1.0 0.4448669201520912 422
(73, 4)
(98, 4)
(90, 4)
[1.00616682 1.04708467 0.94674851]
Classification: 1.0 0.43346007604562736 423
(73, 4)
(98, 4)
(90, 4)
[1.02216623 1.04256057 0.9352732 ]
Classification: 1.0 0.4372623574144487 424
(73, 4)
(98, 4)
(90, 4)
[1.06356647 0.9872638  0.94916973]
Classification: 1.0 0.43346007604562736 425
(73, 4)
(98, 4)
(90, 4)
[1.05434261 0.98647097 0.95918643]
Classification: 1.0 0.43346007604562736 426
(73, 4)
(98, 4)
(90, 4)
[1.07481562 0.97972735 0.94545703]
Classification: 1.0 0.4296577946768061 427
(73, 4)
(98, 4)
(90, 4)
[1.00310005 1.03609869 0.96080126]
Classification: 1.0 0.41825095057034223 428
(73, 4)
(98, 4)
(90, 4)
[1.02021516 1.02494926 0.95483557]
Classification: 1.0 0.4448669201520912 429
(73, 4)
(98, 4)
(90, 4)
[0.99958912 1.02677329 0.97363759]
Classification: 1.0 0.4524714828897338 430
(73, 4)
(98, 4)
(90, 4)
[1.02385269 1.02903658 0.94711072]
Classification: 1.0 0.43346007604562736 431
(73, 4)
(98, 4)
(90, 4)
[0.9884274  1.05962612 0.95194648]
Classification: 1.0 0.42585551330798477 432
(73, 4)
(98, 4)
(90, 4)
[1.02508566 1.07310984 0.90180449]
Classification: 1.0 0.4296577946768061 433
(73, 4)
(98, 4)
(90, 4)
[1.06096312 1.0006102  0.93842668]
Classification: 1.0 0.4524714828897338 434
(73, 4)
(98, 4)
(90, 4)
[0.94610016 1.01356856 1.04033128]
Classification: 1.0 0.4296577946768061 435
(73, 4)
(98, 4)
(90, 4)
[1.02268201 0.96978411 1.00753388]
Classification: 1.0 0.4296577946768061 436
(73, 4)
(98, 4)
(90, 4)
[1.03740584 0.99160293 0.97099123]
Classification: 1.0 0.4296577946768061 437
(73, 4)
(98, 4)
(90, 4)
[1.04160312 0.99337604 0.96502085]
Classification: 1.0 0.41825095057034223 438
(73, 4)
(98, 4)
(90, 4)
[1.002157   0.97745242 1.02039058]
Classification: 1.0 0.42585551330798477 439
(73, 4)
(98, 4)
(90, 4)
[1.06866827 0.93246924 0.99886249]
Classification: 1.0 0.43346007604562736 440
(73, 4)
(98, 4)
(90, 4)
[1.06105866 0.97949157 0.95944977]
Classification: 1.0 0.4144486692015209 441
(73, 4)
(98, 4)
(90, 4)
[1.01533453 0.98099013 1.00367534]
Classification: 1.0 0.4296577946768061 442
(73, 4)
(98, 4)
(90, 4)
[1.06610744 0.96428216 0.9696104 ]
Classification: 1.0 0.43346007604562736 443
(73, 4)
(98, 4)
(90, 4)
[1.05977953 0.95663003 0.98359044]
Classification: 1.0 0.4144486692015209 444
(73, 4)
(98, 4)
(90, 4)
[1.05039436 0.97367285 0.9759328 ]
Classification: 1.0 0.41825095057034223 445
(73, 4)
(98, 4)
(90, 4)
[1.02483993 1.01571424 0.95944583]
Classification: 1.0 0.4296577946768061 446
(73, 4)
(98, 4)
(90, 4)
[1.09976765 0.94630449 0.95392786]
Classification: 1.0 0.44866920152091255 447
(73, 4)
(98, 4)
(90, 4)
[1.04262022 1.06062952 0.89675026]
Classification: 1.0 0.45627376425855515 448
(73, 4)
(98, 4)
(90, 4)
[0.99761457 1.07736745 0.92501798]
Classification: 1.0 0.4448669201520912 449
(73, 4)
(98, 4)
(90, 4)
[1.14761925 0.93526207 0.91711867]
Classification: 1.0 0.43346007604562736 450
(73, 4)
(98, 4)
(90, 4)
[1.08525182 1.01202519 0.90272298]
Classification: 1.0 0.44866920152091255 451
(73, 4)
(98, 4)
(90, 4)
[1.11583152 0.98055838 0.9036101 ]
Classification: 1.0 0.4524714828897338 452
(73, 4)
(98, 4)
(90, 4)
[1.08340276 0.9788487  0.93774854]
Classification: 1.0 0.44866920152091255 453
(73, 4)
(98, 4)
(90, 4)
[1.1167324 0.9746098 0.9086578]
Classification: 1.0 0.4448669201520912 454
(73, 4)
(98, 4)
(90, 4)
[1.10899757 0.98364164 0.90736079]
Classification: 1.0 0.4372623574144487 455/mnt/data/user_liangzhiyu/envs/fedcsl/lib/python3.8/site-packages/scipy/__init__.py:146: UserWarning: A NumPy version >=1.16.5 and <1.23.0 is required for this version of SciPy (detected version 1.23.5
  warnings.warn(f"A NumPy version >={np_minversion} and <{np_maxversion}"
/mnt/data/user_liangzhiyu/envs/fedcsl/lib/python3.8/site-packages/tslearn/bases/bases.py:15: UserWarning: h5py not installed, hdf5 features will not be supported.
Install h5py to use hdf5 features: http://docs.h5py.org/
  warn(h5py_msg)
/mnt/data/user_liangzhiyu/lixiongfei/CSL-main/train.py:392: UserWarning: Creating a tensor from a list of numpy.ndarrays is extremely slow. Please consider converting the list to a single numpy.ndarray with numpy.array() before converting to a tensor. (Triggered internally at /opt/conda/conda-bld/pytorch_1724789259345/work/torch/csrc/utils/tensor_new.cpp:278.)
  X = torch.tensor(X, dtype=torch.float).contiguous()

(73, 4)
(98, 4)
(90, 4)
[1.10894526 0.98489989 0.90615485]
Classification: 1.0 0.44106463878326996 456
(73, 4)
(98, 4)
(90, 4)
[1.13684526 0.94951591 0.91363883]
Classification: 1.0 0.4524714828897338 457
(73, 4)
(98, 4)
(90, 4)
[1.12179172 0.92473486 0.95347342]
Classification: 1.0 0.44106463878326996 458
(73, 4)
(98, 4)
(90, 4)
[1.12850888 0.93829211 0.93319901]
Classification: 1.0 0.4372623574144487 459
(73, 4)
(98, 4)
(90, 4)
[1.10966605 0.98506595 0.90526799]
Classification: 1.0 0.4448669201520912 460
(73, 4)
(98, 4)
(90, 4)
[1.13810569 0.954032   0.90786232]
Classification: 1.0 0.43346007604562736 461
(73, 4)
(98, 4)
(90, 4)
[1.13981374 0.92837857 0.9318077 ]
Classification: 1.0 0.43346007604562736 462
(73, 4)
(98, 4)
(90, 4)
[1.17783919 0.92107797 0.90108285]
Classification: 1.0 0.4524714828897338 463
(73, 4)
(98, 4)
(90, 4)
[1.11661983 0.92667409 0.95670608]
Classification: 1.0 0.44106463878326996 464
(73, 4)
(98, 4)
(90, 4)
[1.11116519 0.88298213 1.00585268]
Classification: 1.0 0.44866920152091255 465
(73, 4)
(98, 4)
(90, 4)
[1.05138206 0.93555055 1.01306738]
Classification: 1.0 0.43346007604562736 466
(73, 4)
(98, 4)
(90, 4)
[1.06510858 0.97027818 0.96461324]
Classification: 1.0 0.4372623574144487 467
(73, 4)
(98, 4)
(90, 4)
[1.11998481 0.94259827 0.93741692]
Classification: 1.0 0.44866920152091255 468
(73, 4)
(98, 4)
(90, 4)
[1.12067126 0.9161462  0.96318254]
Classification: 1.0 0.43346007604562736 469
(73, 4)
(98, 4)
(90, 4)
[1.11432465 0.97311135 0.912564  ]
Classification: 1.0 0.4448669201520912 470
(73, 4)
(98, 4)
(90, 4)
[1.09563676 0.93224146 0.97212178]
Classification: 1.0 0.4372623574144487 471
(73, 4)
(98, 4)
(90, 4)
[0.99815477 1.0418098  0.96003542]
Classification: 1.0 0.4448669201520912 472
(73, 4)
(98, 4)
(90, 4)
[1.04016201 0.95439341 1.00544458]
Classification: 1.0 0.4372623574144487 473
(73, 4)
(98, 4)
(90, 4)
[1.04029147 0.99259125 0.96711728]
Classification: 1.0 0.4296577946768061 474
(73, 4)
(98, 4)
(90, 4)
[1.07085533 0.94806506 0.98107961]
Classification: 1.0 0.42585551330798477 475
(73, 4)
(98, 4)
(90, 4)
[1.03501058 0.97003099 0.99495843]
Classification: 1.0 0.4144486692015209 476
(73, 4)
(98, 4)
(90, 4)
[1.01929024 0.95485281 1.02585695]
Classification: 1.0 0.44106463878326996 477
(73, 4)
(98, 4)
(90, 4)
[1.03132979 0.91536459 1.05330563]
Classification: 1.0 0.4296577946768061 478
(73, 4)
(98, 4)
(90, 4)
[1.08882859 0.90162341 1.009548  ]
Classification: 1.0 0.43346007604562736 479
(73, 4)
(98, 4)
(90, 4)
[1.02593516 0.91152106 1.06254378]
Classification: 1.0 0.44866920152091255 480
(73, 4)
(98, 4)
(90, 4)
[1.02087864 0.96592457 1.01319679]
Classification: 1.0 0.4448669201520912 481
(73, 4)
(98, 4)
(90, 4)
[1.08986323 0.91247752 0.99765925]
Classification: 1.0 0.44866920152091255 482
(73, 4)
(98, 4)
(90, 4)
[1.10301848 0.91912701 0.97785451]
Classification: 1.0 0.44866920152091255 483
(73, 4)
(98, 4)
(90, 4)
[1.07424455 0.92946444 0.99629101]
Classification: 1.0 0.44106463878326996 484
(73, 4)
(98, 4)
(90, 4)
[1.01433765 0.91068001 1.07498234]
Classification: 1.0 0.4372623574144487 485
(73, 4)
(98, 4)
(90, 4)
[1.04056825 0.89833449 1.06109725]
Classification: 1.0 0.42585551330798477 486
(73, 4)
(98, 4)
(90, 4)
[1.08770283 0.95007948 0.96221769]
Classification: 1.0 0.4296577946768061 487
(73, 4)
(98, 4)
(90, 4)
[1.04489477 0.92985075 1.02525448]
Classification: 1.0 0.4448669201520912 488
(73, 4)
(98, 4)
(90, 4)
[1.00833996 0.98936312 1.00229692]
Classification: 1.0 0.4296577946768061 489
(73, 4)
(98, 4)
(90, 4)
[1.05326382 0.95942318 0.98731299]
Classification: 1.0 0.4296577946768061 490
(73, 4)
(98, 4)
(90, 4)
[0.96558983 0.97142998 1.0629802 ]
Classification: 1.0 0.44106463878326996 491
(73, 4)
(98, 4)
(90, 4)
[1.0522331 0.9153556 1.0324113]
Classification: 1.0 0.43346007604562736 492
(73, 4)
(98, 4)
(90, 4)
[1.04414718 0.94795068 1.00790213]
Classification: 1.0 0.4220532319391635 493
(73, 4)
(98, 4)
(90, 4)
[0.99178039 0.96248988 1.04572973]
Classification: 1.0 0.4296577946768061 494
(73, 4)
(98, 4)
(90, 4)
[1.03000893 0.98043088 0.98956019]
Classification: 1.0 0.4372623574144487 495
(73, 4)
(98, 4)
(90, 4)
[1.08069049 0.90627963 1.01302988]
Classification: 1.0 0.42585551330798477 496
(73, 4)
(98, 4)
(90, 4)
[1.04513058 0.93151347 1.02335595]
Classification: 1.0 0.4220532319391635 497
(73, 4)
(98, 4)
(90, 4)
[1.0856708 0.9261768 0.9881524]
Classification: 1.0 0.42585551330798477 498
(73, 4)
(98, 4)
(90, 4)
[1.11819484 0.91089841 0.97090675]
Classification: 1.0 0.4296577946768061 499
best round is 20, acc is 0.528517
Model saved to ./checkpoint/EthanolConcentration/2025-03-07-15_EthanolConcentration_model.pt
Running experiment with dataset: EthanolConcentration, config: ./result/ablation_study/config_EthanolConcentration.yml
[0.09514033 0.10277917 0.11127909 0.12035814 0.12964186 0.13872091
 0.14722083 0.15485967]
261
<class 'pandas.core.frame.DataFrame'>
RangeIndex: 261 entries, 0 to 260
Data columns (total 4 columns):
 #   Column      Non-Null Count  Dtype 
---  ------      --------------  ----- 
 0   dim_0       261 non-null    object
 1   dim_1       261 non-null    object
 2   dim_2       261 non-null    object
 3   class_vals  261 non-null    object
dtypes: object(4)
memory usage: 8.3+ KB
None
{1751}
<class 'pandas.core.frame.DataFrame'>
RangeIndex: 261 entries, 0 to 260
Data columns (total 4 columns):
 #   Column      Non-Null Count  Dtype 
---  ------      --------------  ----- 
 0   dim_0       261 non-null    object
 1   dim_1       261 non-null    object
 2   dim_2       261 non-null    object
 3   class_vals  261 non-null    object
dtypes: object(4)
memory usage: 8.3+ KB
None
[0 0 0 0 0 0 0 0 0 0 0 0 0 0 0 0 0 0 0 0 0 0 0 0 0 0 0 0 0 0 0 0 0 0 0 0 0
 0 0 0 0 0 0 0 0 0 0 0 0 0 0 0 0 0 0 0 0 0 0 0 0 0 0 0 0 1 1 1 1 1 1 1 1 1
 1 1 1 1 1 1 1 1 1 1 1 1 1 1 1 1 1 1 1 1 1 1 1 1 1 1 1 1 1 1 1 1 1 1 1 1 1
 1 1 1 1 1 1 1 1 1 1 1 1 1 1 1 1 1 1 1 2 2 2 2 2 2 2 2 2 2 2 2 2 2 2 2 2 2
 2 2 2 2 2 2 2 2 2 2 2 2 2 2 2 2 2 2 2 2 2 2 2 2 2 2 2 2 2 2 2 2 2 2 2 2 2
 2 2 2 2 2 2 2 2 2 2 2 3 3 3 3 3 3 3 3 3 3 3 3 3 3 3 3 3 3 3 3 3 3 3 3 3 3
 3 3 3 3 3 3 3 3 3 3 3 3 3 3 3 3 3 3 3 3 3 3 3 3 3 3 3 3 3 3 3 3 3 3 3 3 3
 3 3]
[  0   1   2   3   4   5  65  66  67  68  69  70 130 131 132 133 134 135
 136 137 138 139 140 141 142 143 144 145 146 147 148 149 150 151 152 153
 154 155 156 157 158 159 160 161 162 163 164 165 166 196 197 198 199 200
 201 202 203 204 205 206 207 208 209 210 211 212 213 214 215 216 217 218
 219]
[0, 0, 0, 0, 0, 0, 1, 1, 1, 1, 1, 1, 2, 2, 2, 2, 2, 2, 2, 2, 2, 2, 2, 2, 2, 2, 2, 2, 2, 2, 2, 2, 2, 2, 2, 2, 2, 2, 2, 2, 2, 2, 2, 2, 2, 2, 2, 2, 2, 3, 3, 3, 3, 3, 3, 3, 3, 3, 3, 3, 3, 3, 3, 3, 3, 3, 3, 3, 3, 3, 3, 3, 3]
[0, 0, 0, 0, 0, 0, 0, 0, 0, 0, 0, 0, 0, 0, 0, 0, 0, 0, 0, 0, 0, 0, 0, 0, 0, 0, 0, 0, 0, 0, 0, 0, 0, 0, 0, 0, 0, 0, 0, 0, 0, 0, 0, 0, 0, 0, 0, 0, 0, 0, 0, 1, 1, 1, 1, 1, 1, 1, 1, 1, 1, 2, 2, 2, 2, 2, 2, 2, 2, 2, 2, 2, 2, 2, 2, 2, 2, 2, 2, 2, 2, 2, 2, 2, 2, 2, 2, 2, 3, 3, 3, 3, 3, 3, 3, 3, 3, 3]
[0, 0, 0, 0, 0, 0, 0, 0, 1, 1, 1, 1, 1, 1, 1, 1, 1, 1, 1, 1, 1, 1, 1, 1, 1, 1, 1, 1, 1, 1, 1, 1, 1, 1, 1, 1, 1, 1, 1, 1, 1, 1, 1, 1, 1, 1, 1, 1, 1, 1, 1, 1, 1, 1, 1, 1, 1, 2, 2, 3, 3, 3, 3, 3, 3, 3, 3, 3, 3, 3, 3, 3, 3, 3, 3, 3, 3, 3, 3, 3, 3, 3, 3, 3, 3, 3, 3, 3, 3, 3]
shapelet initialized! 

All 3 clinet initialized! 

(73, 4)
(98, 4)
(90, 4)
[1.28443297 0.94360575 0.77196129]
Classification: 1.0 0.5095057034220533 0
(73, 4)
(98, 4)
(90, 4)
[1.3523429  1.01359704 0.63406006]
Classification: 1.0 0.532319391634981 1
(73, 4)
(98, 4)
(90, 4)
[1.25178794 1.10217936 0.6460327 ]
Classification: 1.0 0.4790874524714829 2
(73, 4)
(98, 4)
(90, 4)
[1.36412384 0.99392537 0.64195079]
Classification: 1.0 0.4828897338403042 3
(73, 4)
(98, 4)
(90, 4)
[1.37470917 0.99804715 0.62724368]
Classification: 1.0 0.49049429657794674 4
(73, 4)
(98, 4)
(90, 4)
[1.32822981 1.08149329 0.5902769 ]
Classification: 1.0 0.5285171102661597 5
(73, 4)
(98, 4)
(90, 4)
[1.36895369 0.908905   0.72214131]
Classification: 1.0 0.5019011406844106 6
(73, 4)
(98, 4)
(90, 4)
[1.39305655 0.9721774  0.63476605]
Classification: 1.0 0.49429657794676807 7
(73, 4)
(98, 4)
(90, 4)
[1.37695546 0.97999353 0.643051  ]
Classification: 1.0 0.4828897338403042 8
(73, 4)
(98, 4)
(90, 4)
[1.40137876 0.92029036 0.67833088]
Classification: 1.0 0.5019011406844106 9
(73, 4)
(98, 4)
(90, 4)
[1.41071931 0.94272676 0.64655394]
Classification: 1.0 0.4828897338403042 10
(73, 4)
(98, 4)
(90, 4)
[1.44927736 0.91308912 0.63763352]
Classification: 1.0 0.4828897338403042 11
(73, 4)
(98, 4)
(90, 4)
[1.48086401 0.85136808 0.66776791]
Classification: 1.0 0.4866920152091255 12
(73, 4)
(98, 4)
(90, 4)
[1.55617692 0.80375295 0.64007013]
Classification: 1.0 0.46387832699619774 13
(73, 4)
(98, 4)
(90, 4)
[1.52480955 0.85498661 0.62020385]
Classification: 1.0 0.5019011406844106 14
(73, 4)
(98, 4)
(90, 4)
[1.51648279 0.82196137 0.66155584]
Classification: 1.0 0.4866920152091255 15
(73, 4)
(98, 4)
(90, 4)
[1.60417092 0.76888646 0.62694262]
Classification: 1.0 0.49429657794676807 16
(73, 4)
(98, 4)
(90, 4)
[1.58496098 0.78660378 0.62843523]
Classification: 1.0 0.4752851711026616 17
(73, 4)
(98, 4)
(90, 4)
[1.62021574 0.75145646 0.6283278 ]
Classification: 1.0 0.4752851711026616 18
(73, 4)
(98, 4)
(90, 4)
[1.6346652  0.66231168 0.70302312]
Classification: 1.0 0.4714828897338403 19
(73, 4)
(98, 4)
(90, 4)
[1.63234551 0.69284956 0.67480493]
Classification: 1.0 0.4714828897338403 20
(73, 4)
(98, 4)
(90, 4)
[1.63139175 0.69664848 0.67195977]
Classification: 1.0 0.4790874524714829 21
(73, 4)
(98, 4)
(90, 4)
[1.63271596 0.66983505 0.69744899]
Classification: 1.0 0.4714828897338403 22
(73, 4)
(98, 4)
(90, 4)
[1.6381224  0.67158981 0.69028778]
Classification: 1.0 0.467680608365019 23
(73, 4)
(98, 4)
(90, 4)
[1.66674572 0.66338182 0.66987246]
Classification: 1.0 0.4600760456273764 24
(73, 4)
(98, 4)
(90, 4)
[1.67008017 0.64618116 0.68373868]
Classification: 1.0 0.4600760456273764 25
(73, 4)
(98, 4)
(90, 4)
[1.67137028 0.6895998  0.63902993]
Classification: 1.0 0.4866920152091255 26
(73, 4)
(98, 4)
(90, 4)
[1.62107934 0.7363863  0.64253437]
Classification: 1.0 0.4714828897338403 27
(73, 4)
(98, 4)
(90, 4)
[1.64380231 0.6906356  0.66556209]
Classification: 1.0 0.4600760456273764 28
(73, 4)
(98, 4)
(90, 4)
[1.62175465 0.72853062 0.64971473]
Classification: 1.0 0.4714828897338403 29
(73, 4)
(98, 4)
(90, 4)
[1.62772802 0.73077701 0.64149497]
Classification: 1.0 0.46387832699619774 30
(73, 4)
(98, 4)
(90, 4)
[1.68907083 0.69311149 0.61781768]
Classification: 1.0 0.45627376425855515 31
(73, 4)
(98, 4)
(90, 4)
[1.65891013 0.68132346 0.65976641]
Classification: 1.0 0.45627376425855515 32
(73, 4)
(98, 4)
(90, 4)
[1.66299301 0.69496232 0.64204467]
Classification: 1.0 0.44866920152091255 33
(73, 4)
(98, 4)
(90, 4)
[1.6906902  0.61430573 0.69500407]
Classification: 1.0 0.4714828897338403 34
(73, 4)
(98, 4)
(90, 4)
[1.75112053 0.59944368 0.64943579]
Classification: 1.0 0.45627376425855515 35
(73, 4)
(98, 4)
(90, 4)
[1.69883729 0.64090738 0.66025533]
Classification: 1.0 0.4372623574144487 36
(73, 4)
(98, 4)
(90, 4)
[1.70464957 0.6936236  0.60172683]
Classification: 1.0 0.4372623574144487 37
(73, 4)
(98, 4)
(90, 4)
[1.69545629 0.71196567 0.59257804]
Classification: 1.0 0.4524714828897338 38
(73, 4)
(98, 4)
(90, 4)
[1.77784903 0.60890802 0.61324294]
Classification: 1.0 0.4524714828897338 39
(73, 4)
(98, 4)
(90, 4)
[1.77914536 0.64134588 0.57950877]
Classification: 1.0 0.44866920152091255 40
(73, 4)
(98, 4)
(90, 4)
[1.74998868 0.68796031 0.562051  ]
Classification: 1.0 0.45627376425855515 41
(73, 4)
(98, 4)
(90, 4)
[1.69550296 0.71664488 0.58785216]
Classification: 1.0 0.46387832699619774 42
(73, 4)
(98, 4)
(90, 4)
[1.76515258 0.68213388 0.55271354]
Classification: 1.0 0.46387832699619774 43
(73, 4)
(98, 4)
(90, 4)
[1.79194515 0.63290613 0.57514872]
Classification: 1.0 0.4448669201520912 44
(73, 4)
(98, 4)
(90, 4)
[1.81458984 0.65329071 0.53211945]
Classification: 1.0 0.4372623574144487 45
(73, 4)
(98, 4)
(90, 4)
[1.79410794 0.66534412 0.54054793]
Classification: 1.0 0.44106463878326996 46
(73, 4)
(98, 4)
(90, 4)
[1.75568804 0.66304231 0.58126965]
Classification: 1.0 0.44106463878326996 47
(73, 4)
(98, 4)
(90, 4)
[1.74137841 0.65244743 0.60617416]
Classification: 1.0 0.4296577946768061 48
(73, 4)
(98, 4)
(90, 4)
[1.74903485 0.70131428 0.54965087]
Classification: 1.0 0.4372623574144487 49
(73, 4)
(98, 4)
(90, 4)
[1.76709628 0.67968455 0.55321916]
Classification: 1.0 0.43346007604562736 50
(73, 4)
(98, 4)
(90, 4)
[1.77205739 0.63205182 0.59589078]
Classification: 1.0 0.42585551330798477 51
(73, 4)
(98, 4)
(90, 4)
[1.72589065 0.66788982 0.60621953]
Classification: 1.0 0.42585551330798477 52
(73, 4)
(98, 4)
(90, 4)
[1.76879364 0.6424501  0.58875626]
Classification: 1.0 0.40304182509505704 53
(73, 4)
(98, 4)
(90, 4)
[1.71332657 0.64467686 0.64199657]
Classification: 1.0 0.4144486692015209 54
(73, 4)
(98, 4)
(90, 4)
[1.72323025 0.68005419 0.59671556]
Classification: 1.0 0.42585551330798477 55
(73, 4)
(98, 4)
(90, 4)
[1.70823248 0.69785181 0.59391572]
Classification: 1.0 0.41064638783269963 56
(73, 4)
(98, 4)
(90, 4)
[1.66138058 0.74268218 0.59593724]
Classification: 1.0 0.41825095057034223 57
(73, 4)
(98, 4)
(90, 4)
[1.69231798 0.70193603 0.60574599]
Classification: 1.0 0.41064638783269963 58
(73, 4)
(98, 4)
(90, 4)
[1.69677111 0.72120248 0.58202642]
Classification: 1.0 0.4144486692015209 59
(73, 4)
(98, 4)
(90, 4)
[1.72950862 0.63202353 0.63846786]
Classification: 1.0 0.42585551330798477 60
(73, 4)
(98, 4)
(90, 4)
[1.67163197 0.72720674 0.60116129]
Classification: 1.0 0.41825095057034223 61
(73, 4)
(98, 4)
(90, 4)
[1.63863828 0.71076536 0.65059636]
Classification: 1.0 0.41064638783269963 62
(73, 4)
(98, 4)
(90, 4)
[1.65186918 0.71476182 0.633369  ]
Classification: 1.0 0.41825095057034223 63
(73, 4)
(98, 4)
(90, 4)
[1.6482847  0.65116853 0.70054677]
Classification: 1.0 0.4296577946768061 64
(73, 4)
(98, 4)
(90, 4)
[1.595168   0.65149199 0.75334001]
Classification: 1.0 0.44106463878326996 65
(73, 4)
(98, 4)
(90, 4)
[1.64835648 0.65173464 0.69990888]
Classification: 1.0 0.4296577946768061 66
(73, 4)
(98, 4)
(90, 4)
[1.62981375 0.6435284  0.72665785]
Classification: 1.0 0.4220532319391635 67
(73, 4)
(98, 4)
(90, 4)
[1.5778439  0.70202995 0.72012614]
Classification: 1.0 0.4220532319391635 68
(73, 4)
(98, 4)
(90, 4)
[1.58235062 0.70692742 0.71072196]
Classification: 1.0 0.4372623574144487 69
(73, 4)
(98, 4)
(90, 4)
[1.55999353 0.75550009 0.68450638]
Classification: 1.0 0.4296577946768061 70
(73, 4)
(98, 4)
(90, 4)
[1.5614967  0.71101062 0.72749268]
Classification: 1.0 0.41064638783269963 71
(73, 4)
(98, 4)
(90, 4)
[1.5857227  0.68039134 0.73388597]
Classification: 1.0 0.41064638783269963 72
(73, 4)
(98, 4)
(90, 4)
[1.57653627 0.67386998 0.74959376]
Classification: 1.0 0.4144486692015209 73
(73, 4)
(98, 4)
(90, 4)
[1.59157927 0.67998287 0.72843785]
Classification: 1.0 0.4144486692015209 74
(73, 4)
(98, 4)
(90, 4)
[1.55078496 0.68386913 0.76534591]
Classification: 1.0 0.4144486692015209 75
(73, 4)
(98, 4)
(90, 4)
[1.55763952 0.67025961 0.77210087]
Classification: 1.0 0.40304182509505704 76
(73, 4)
(98, 4)
(90, 4)
[1.49685288 0.68499539 0.81815173]
Classification: 1.0 0.39923954372623577 77
(73, 4)
(98, 4)
(90, 4)
[1.59059312 0.66356065 0.74584623]
Classification: 1.0 0.41064638783269963 78
(73, 4)
(98, 4)
(90, 4)
[1.53620194 0.64726778 0.81653027]
Classification: 1.0 0.4068441064638783 79
(73, 4)
(98, 4)
(90, 4)
[1.53984385 0.67324793 0.78690821]
Classification: 1.0 0.41064638783269963 80
(73, 4)
(98, 4)
(90, 4)
[1.52962603 0.68550043 0.78487354]
Classification: 1.0 0.39543726235741444 81
(73, 4)
(98, 4)
(90, 4)
[1.51828365 0.70258645 0.7791299 ]
Classification: 1.0 0.3916349809885932 82
(73, 4)
(98, 4)
(90, 4)
[1.45777093 0.70849865 0.83373042]
Classification: 1.0 0.40304182509505704 83
(73, 4)
(98, 4)
(90, 4)
[1.47869989 0.70341198 0.81788813]
Classification: 1.0 0.40304182509505704 84
(73, 4)
(98, 4)
(90, 4)
[1.46842798 0.70797023 0.82360178]
Classification: 1.0 0.39923954372623577 85
(73, 4)
(98, 4)
(90, 4)
[1.50345803 0.68315617 0.8133858 ]
Classification: 1.0 0.40304182509505704 86
(73, 4)
(98, 4)
(90, 4)
[1.44782431 0.70627951 0.84589618]
Classification: 1.0 0.4068441064638783 87
(73, 4)
(98, 4)
(90, 4)
[1.42920917 0.71865233 0.8521385 ]
Classification: 1.0 0.4068441064638783 88
(73, 4)
(98, 4)
(90, 4)
[1.43496174 0.7228155  0.84222276]
Classification: 1.0 0.4068441064638783 89
(73, 4)
(98, 4)
(90, 4)
[1.44638922 0.70327639 0.85033439]
Classification: 1.0 0.39923954372623577 90
(73, 4)
(98, 4)
(90, 4)
[1.44799481 0.68780753 0.86419766]
Classification: 1.0 0.4068441064638783 91
(73, 4)
(98, 4)
(90, 4)
[1.4209355  0.70995212 0.86911237]
Classification: 1.0 0.40304182509505704 92
(73, 4)
(98, 4)
(90, 4)
[1.40970861 0.72504823 0.86524316]
Classification: 1.0 0.39923954372623577 93
(73, 4)
(98, 4)
(90, 4)
[1.33700073 0.76902114 0.89397813]
Classification: 1.0 0.41064638783269963 94
(73, 4)
(98, 4)
(90, 4)
[1.29883088 0.77071992 0.9304492 ]
Classification: 1.0 0.40304182509505704 95
(73, 4)
(98, 4)
(90, 4)
[1.36192048 0.75185315 0.88622637]
Classification: 1.0 0.4144486692015209 96
(73, 4)
(98, 4)
(90, 4)
[1.29907066 0.75270772 0.94822161]
Classification: 1.0 0.40304182509505704 97
(73, 4)
(98, 4)
(90, 4)
[1.33236747 0.71660106 0.95103147]
Classification: 1.0 0.3916349809885932 98
(73, 4)
(98, 4)
(90, 4)
[1.30689607 0.75180596 0.94129797]
Classification: 1.0 0.3840304182509506 99
(73, 4)
(98, 4)
(90, 4)
[1.30167047 0.73603634 0.96229319]
Classification: 1.0 0.39543726235741444 100
(73, 4)
(98, 4)
(90, 4)
[1.27346784 0.73928392 0.98724823]
Classification: 1.0 0.3916349809885932 101
(73, 4)
(98, 4)
(90, 4)
[1.29008588 0.72113386 0.98878025]
Classification: 1.0 0.4068441064638783 102
(73, 4)
(98, 4)
(90, 4)
[1.26583503 0.77892144 0.95524354]
Classification: 1.0 0.39923954372623577 103
(73, 4)
(98, 4)
(90, 4)
[1.2504723  0.79905821 0.95046949]
Classification: 1.0 0.3916349809885932 104
(73, 4)
(98, 4)
(90, 4)
[1.28283676 0.76329241 0.95387083]
Classification: 1.0 0.4068441064638783 105
(73, 4)
(98, 4)
(90, 4)
[1.20178816 0.79688924 1.0013226 ]
Classification: 1.0 0.39923954372623577 106
(73, 4)
(98, 4)
(90, 4)
[1.25626763 0.74576635 0.99796602]
Classification: 1.0 0.39543726235741444 107
(73, 4)
(98, 4)
(90, 4)
[1.25479298 0.75478331 0.99042371]
Classification: 1.0 0.40304182509505704 108
(73, 4)
(98, 4)
(90, 4)
[1.2595147  0.76084876 0.97963654]
Classification: 1.0 0.3840304182509506 109
(73, 4)
(98, 4)
(90, 4)
[1.20812503 0.74644766 1.04542732]
Classification: 1.0 0.3916349809885932 110
(73, 4)
(98, 4)
(90, 4)
[1.23316981 0.7513247  1.01550548]
Classification: 1.0 0.3916349809885932 111
(73, 4)
(98, 4)
(90, 4)
[1.1731906  0.80632187 1.02048753]
Classification: 1.0 0.3840304182509506 112
(73, 4)
(98, 4)
(90, 4)
[1.14886757 0.80088588 1.05024655]
Classification: 1.0 0.3840304182509506 113
(73, 4)
(98, 4)
(90, 4)
[1.16840129 0.83782199 0.99377672]
Classification: 1.0 0.40304182509505704 114
(73, 4)
(98, 4)
(90, 4)
[1.15584573 0.77594758 1.06820669]
Classification: 1.0 0.3840304182509506 115
(73, 4)
(98, 4)
(90, 4)
[1.19550989 0.75067659 1.05381351]
Classification: 1.0 0.3916349809885932 116
(73, 4)
(98, 4)
(90, 4)
[1.14230658 0.79490316 1.06279027]
Classification: 1.0 0.39923954372623577 117
(73, 4)
(98, 4)
(90, 4)
[1.1356063  0.79780005 1.06659365]
Classification: 1.0 0.39543726235741444 118
(73, 4)
(98, 4)
(90, 4)
[1.06380426 0.8407434  1.09545234]
Classification: 1.0 0.38783269961977185 119
(73, 4)
(98, 4)
(90, 4)
[1.11063316 0.80020672 1.08916011]
Classification: 1.0 0.3840304182509506 120
(73, 4)
(98, 4)
(90, 4)
[1.0880153  0.82666012 1.08532458]
Classification: 1.0 0.38783269961977185 121
(73, 4)
(98, 4)
(90, 4)
[1.18408217 0.83828592 0.97763191]
Classification: 1.0 0.38783269961977185 122
(73, 4)
(98, 4)
(90, 4)
[1.16239217 0.81383182 1.02377601]
Classification: 1.0 0.39543726235741444 123
(73, 4)
(98, 4)
(90, 4)
[1.10111284 0.82249075 1.07639641]
Classification: 1.0 0.38022813688212925 124
(73, 4)
(98, 4)
(90, 4)
[1.13380628 0.80983995 1.05635377]
Classification: 1.0 0.3726235741444867 125
(73, 4)
(98, 4)
(90, 4)
[1.05589426 0.85930933 1.08479641]
Classification: 1.0 0.38783269961977185 126
(73, 4)
(98, 4)
(90, 4)
[1.05865098 0.86276672 1.07858231]
Classification: 1.0 0.3840304182509506 127
(73, 4)
(98, 4)
(90, 4)
[1.09893942 0.85349116 1.04756942]
Classification: 1.0 0.3726235741444867 128
(73, 4)
(98, 4)
(90, 4)
[1.07684732 0.83829749 1.08485519]
Classification: 1.0 0.3840304182509506 129
(73, 4)
(98, 4)
(90, 4)
[1.04433381 0.8645853  1.0910809 ]
Classification: 1.0 0.38022813688212925 130
(73, 4)
(98, 4)
(90, 4)
[1.02442153 0.83771099 1.13786749]
Classification: 1.0 0.3840304182509506 131
(73, 4)
(98, 4)
(90, 4)
[1.07823695 0.83224938 1.08951366]
Classification: 1.0 0.39543726235741444 132
(73, 4)
(98, 4)
(90, 4)
[1.05335759 0.83052517 1.11611724]
Classification: 1.0 0.38022813688212925 133
(73, 4)
(98, 4)
(90, 4)
[0.99254572 0.88134298 1.1261113 ]
Classification: 1.0 0.3840304182509506 134
(73, 4)
(98, 4)
(90, 4)
[1.05147182 0.85313779 1.09539038]
Classification: 1.0 0.38783269961977185 135
(73, 4)
(98, 4)
(90, 4)
[1.057316   0.86625956 1.07642444]
Classification: 1.0 0.3916349809885932 136
(73, 4)
(98, 4)
(90, 4)
[0.99979054 0.8891802  1.11102926]
Classification: 1.0 0.3840304182509506 137
(73, 4)
(98, 4)
(90, 4)
[0.99388604 0.89263401 1.11347995]
Classification: 1.0 0.3916349809885932 138
(73, 4)
(98, 4)
(90, 4)
[0.95642504 0.89763344 1.14594152]
Classification: 1.0 0.3840304182509506 139
(73, 4)
(98, 4)
(90, 4)
[0.98233695 0.90012866 1.1175344 ]
Classification: 1.0 0.40304182509505704 140
(73, 4)
(98, 4)
(90, 4)
[0.95012959 0.89560419 1.15426622]
Classification: 1.0 0.3726235741444867 141
(73, 4)
(98, 4)
(90, 4)
[0.95052325 0.92945684 1.12001991]
Classification: 1.0 0.3650190114068441 142
(73, 4)
(98, 4)
(90, 4)
[0.95248031 0.93657115 1.11094854]
Classification: 1.0 0.3726235741444867 143
(73, 4)
(98, 4)
(90, 4)
[0.95292173 0.90267679 1.14440148]
Classification: 1.0 0.38783269961977185 144
(73, 4)
(98, 4)
(90, 4)
[0.97375676 0.87494621 1.15129703]
Classification: 1.0 0.38783269961977185 145
(73, 4)
(98, 4)
(90, 4)
[1.01180021 0.88834178 1.09985801]
Classification: 1.0 0.38783269961977185 146
(73, 4)
(98, 4)
(90, 4)
[0.93229451 0.89785137 1.16985412]
Classification: 1.0 0.3688212927756654 147
(73, 4)
(98, 4)
(90, 4)
[0.95532735 0.87723804 1.16743461]
Classification: 1.0 0.3612167300380228 148
(73, 4)
(98, 4)
(90, 4)
[0.94246169 0.90349064 1.15404767]
Classification: 1.0 0.38022813688212925 149
(73, 4)
(98, 4)
(90, 4)
[0.98035005 0.85658165 1.1630683 ]
Classification: 1.0 0.3916349809885932 150
(73, 4)
(98, 4)
(90, 4)
[0.95861479 0.84895029 1.19243492]
Classification: 1.0 0.3916349809885932 151
(73, 4)
(98, 4)
(90, 4)
[0.98834739 0.86680789 1.14484472]
Classification: 1.0 0.38783269961977185 152
(73, 4)
(98, 4)
(90, 4)
[0.98846062 0.86225748 1.14928191]
Classification: 1.0 0.38783269961977185 153
(73, 4)
(98, 4)
(90, 4)
[1.02129278 0.82567731 1.15302991]
Classification: 1.0 0.3726235741444867 154
(73, 4)
(98, 4)
(90, 4)
[1.04466777 0.84628691 1.10904532]
Classification: 1.0 0.38022813688212925 155
(73, 4)
(98, 4)
(90, 4)
[0.96483231 0.85582761 1.17934008]
Classification: 1.0 0.3612167300380228 156
(73, 4)
(98, 4)
(90, 4)
[1.00605565 0.84506831 1.14887604]
Classification: 1.0 0.3688212927756654 157
(73, 4)
(98, 4)
(90, 4)
[1.00439353 0.90982566 1.08578081]
Classification: 1.0 0.376425855513308 158
(73, 4)
(98, 4)
(90, 4)
[0.96293016 0.87029615 1.16677368]
Classification: 1.0 0.376425855513308 159
(73, 4)
(98, 4)
(90, 4)
[0.92403587 0.88768755 1.18827658]
Classification: 1.0 0.3688212927756654 160
(73, 4)
(98, 4)
(90, 4)
[0.98279329 0.82105326 1.19615345]
Classification: 1.0 0.38022813688212925 161
(73, 4)
(98, 4)
(90, 4)
[0.96066779 0.88902773 1.15030448]
Classification: 1.0 0.3688212927756654 162
(73, 4)
(98, 4)
(90, 4)
[0.95821573 0.86479194 1.17699234]
Classification: 1.0 0.38022813688212925 163
(73, 4)
(98, 4)
(90, 4)
[0.91403896 0.85990812 1.22605292]
Classification: 1.0 0.3726235741444867 164
(73, 4)
(98, 4)
(90, 4)
[0.92426312 0.85815987 1.21757701]
Classification: 1.0 0.3688212927756654 165
(73, 4)
(98, 4)
(90, 4)
[0.96359743 0.83898491 1.19741766]
Classification: 1.0 0.376425855513308 166
(73, 4)
(98, 4)
(90, 4)
[0.90177003 0.88199241 1.21623756]
Classification: 1.0 0.3840304182509506 167
(73, 4)
(98, 4)
(90, 4)
[0.93175297 0.87551057 1.19273646]
Classification: 1.0 0.376425855513308 168
(73, 4)
(98, 4)
(90, 4)
[0.93379444 0.86176986 1.2044357 ]
Classification: 1.0 0.376425855513308 169
(73, 4)
(98, 4)
(90, 4)
[0.96528165 0.86648819 1.16823016]
Classification: 1.0 0.376425855513308 170
(73, 4)
(98, 4)
(90, 4)
[0.89846113 0.90461532 1.19692355]
Classification: 1.0 0.38022813688212925 171
(73, 4)
(98, 4)
(90, 4)
[0.96088855 0.85951529 1.17959616]
Classification: 1.0 0.376425855513308 172
(73, 4)
(98, 4)
(90, 4)
[0.93135411 0.87933452 1.18931138]
Classification: 1.0 0.376425855513308 173
(73, 4)
(98, 4)
(90, 4)
[1.00367092 0.82957512 1.16675395]
Classification: 1.0 0.376425855513308 174
(73, 4)
(98, 4)
(90, 4)
[0.91083439 0.8998432  1.18932242]
Classification: 1.0 0.3726235741444867 175
(73, 4)
(98, 4)
(90, 4)
[0.95669822 0.84331987 1.19998191]
Classification: 1.0 0.3726235741444867 176
(73, 4)
(98, 4)
(90, 4)
[0.96281144 0.85278136 1.1844072 ]
Classification: 1.0 0.376425855513308 177
(73, 4)
(98, 4)
(90, 4)
[0.90200132 0.90916098 1.1888377 ]
Classification: 1.0 0.3726235741444867 178
(73, 4)
(98, 4)
(90, 4)
[0.95981371 0.86224627 1.17794002]
Classification: 1.0 0.3916349809885932 179
(73, 4)
(98, 4)
(90, 4)
[0.94051077 0.8898674  1.16962183]
Classification: 1.0 0.3688212927756654 180
(73, 4)
(98, 4)
(90, 4)
[0.89317731 0.92113982 1.18568287]
Classification: 1.0 0.376425855513308 181
(73, 4)
(98, 4)
(90, 4)
[0.92297242 0.87136088 1.2056667 ]
Classification: 1.0 0.376425855513308 182
(73, 4)
(98, 4)
(90, 4)
[0.9532044  0.88106889 1.16572671]
Classification: 1.0 0.3650190114068441 183
(73, 4)
(98, 4)
(90, 4)
[0.90235923 0.93927831 1.15836246]
Classification: 1.0 0.3726235741444867 184
(73, 4)
(98, 4)
(90, 4)
[0.96892753 0.87558673 1.15548574]
Classification: 1.0 0.38022813688212925 185
(73, 4)
(98, 4)
(90, 4)
[0.8610394  0.96048637 1.17847423]
Classification: 1.0 0.376425855513308 186
(73, 4)
(98, 4)
(90, 4)
[0.92488353 0.89839344 1.17672303]
Classification: 1.0 0.3840304182509506 187
(73, 4)
(98, 4)
(90, 4)
[0.87429107 0.9345149  1.19119403]
Classification: 1.0 0.376425855513308 188
(73, 4)
(98, 4)
(90, 4)
[0.89227571 0.9638883  1.14383599]
Classification: 1.0 0.3726235741444867 189
(73, 4)
(98, 4)
(90, 4)
[0.88319498 0.95839405 1.15841097]
Classification: 1.0 0.38022813688212925 190
(73, 4)
(98, 4)
(90, 4)
[0.90303643 0.99225908 1.10470449]
Classification: 1.0 0.3840304182509506 191
(73, 4)
(98, 4)
(90, 4)
[0.87913408 0.96178881 1.1590771 ]
Classification: 1.0 0.3840304182509506 192
(73, 4)
(98, 4)
(90, 4)
[0.90394392 0.9280432  1.16801288]
Classification: 1.0 0.38783269961977185 193
(73, 4)
(98, 4)
(90, 4)
[0.94731026 0.90693012 1.14575962]
Classification: 1.0 0.3840304182509506 194
(73, 4)
(98, 4)
(90, 4)
[0.98287835 0.8908119  1.12630976]
Classification: 1.0 0.376425855513308 195
(73, 4)
(98, 4)
(90, 4)
[0.95328465 0.94526974 1.1014456 ]
Classification: 1.0 0.376425855513308 196
(73, 4)
(98, 4)
(90, 4)
[0.98599148 0.88237491 1.13163361]
Classification: 1.0 0.38022813688212925 197
(73, 4)
(98, 4)
(90, 4)
[0.93334446 0.95744787 1.10920767]
Classification: 1.0 0.376425855513308 198
(73, 4)
(98, 4)
(90, 4)
[0.93520252 0.9045238  1.16027367]
Classification: 1.0 0.3650190114068441 199
(73, 4)
(98, 4)
(90, 4)
[0.94319577 0.95828186 1.09852237]
Classification: 1.0 0.39543726235741444 200
(73, 4)
(98, 4)
(90, 4)
[0.9189067  0.95202661 1.12906669]
Classification: 1.0 0.34980988593155893 201
(73, 4)
(98, 4)
(90, 4)
[0.8708313  0.97404083 1.15512787]
Classification: 1.0 0.38022813688212925 202
(73, 4)
(98, 4)
(90, 4)
[0.90555684 0.93449777 1.1599454 ]
Classification: 1.0 0.38022813688212925 203
(73, 4)
(98, 4)
(90, 4)
[0.89889237 0.96210535 1.13900228]
Classification: 1.0 0.3688212927756654 204
(73, 4)
(98, 4)
(90, 4)
[0.91679573 0.95634512 1.12685915]
Classification: 1.0 0.3840304182509506 205
(73, 4)
(98, 4)
(90, 4)
[0.93179071 1.02381185 1.04439744]
Classification: 1.0 0.3840304182509506 206
(73, 4)
(98, 4)
(90, 4)
[0.93253455 0.99412432 1.07334113]
Classification: 1.0 0.3840304182509506 207
(73, 4)
(98, 4)
(90, 4)
[0.84569783 1.04148724 1.11281493]
Classification: 1.0 0.376425855513308 208
(73, 4)
(98, 4)
(90, 4)
[0.89241981 0.98712829 1.1204519 ]
Classification: 1.0 0.376425855513308 209
(73, 4)
(98, 4)
(90, 4)
[0.8801745  0.96083592 1.15898959]
Classification: 1.0 0.40304182509505704 210
(73, 4)
(98, 4)
(90, 4)
[0.83461912 1.04059606 1.12478482]
Classification: 1.0 0.39923954372623577 211
(73, 4)
(98, 4)
(90, 4)
[0.84504873 0.98548705 1.16946422]
Classification: 1.0 0.4144486692015209 212
(73, 4)
(98, 4)
(90, 4)
[0.85293792 0.9855986  1.16146349]
Classification: 1.0 0.4714828897338403 213
(73, 4)
(98, 4)
(90, 4)
[0.8858449  1.02481022 1.08934487]
Classification: 1.0 0.39543726235741444 214
(73, 4)
(98, 4)
(90, 4)
[0.89985868 1.01564516 1.08449616]
Classification: 1.0 0.376425855513308 215
(73, 4)
(98, 4)
(90, 4)
[0.90571262 1.00491335 1.08937403]
Classification: 1.0 0.3688212927756654 216
(73, 4)
(98, 4)
(90, 4)
[0.89160371 0.99216274 1.11623355]
Classification: 1.0 0.376425855513308 217
(73, 4)
(98, 4)
(90, 4)
[0.87344997 1.00311412 1.12343591]
Classification: 1.0 0.376425855513308 218
(73, 4)
(98, 4)
(90, 4)
[0.89534963 1.05267563 1.05197474]
Classification: 1.0 0.38783269961977185 219
(73, 4)
(98, 4)
(90, 4)
[0.84695415 1.07303865 1.08000721]
Classification: 1.0 0.3916349809885932 220
(73, 4)
(98, 4)
(90, 4)
[0.91310304 0.97785948 1.10903748]
Classification: 1.0 0.41064638783269963 221
(73, 4)
(98, 4)
(90, 4)
[0.92203998 1.04755205 1.03040797]
Classification: 1.0 0.3726235741444867 222
(73, 4)
(98, 4)
(90, 4)
[0.91707329 1.05573846 1.02718825]
Classification: 1.0 0.3916349809885932 223
(73, 4)
(98, 4)
(90, 4)
[0.89524563 1.00429781 1.10045656]
Classification: 1.0 0.39923954372623577 224
(73, 4)
(98, 4)
(90, 4)
[0.91030826 1.04754958 1.04214216]
Classification: 1.0 0.38783269961977185 225
(73, 4)
(98, 4)
(90, 4)
[0.88607661 1.00200138 1.11192202]
Classification: 1.0 0.3916349809885932 226
(73, 4)
(98, 4)
(90, 4)
[0.9283092  1.02179788 1.04989293]
Classification: 1.0 0.38022813688212925 227
(73, 4)
(98, 4)
(90, 4)
[0.93024833 1.02656849 1.04318318]
Classification: 1.0 0.40304182509505704 228
(73, 4)
(98, 4)
(90, 4)
[0.8578013  1.08507735 1.05712135]
Classification: 1.0 0.4144486692015209 229
(73, 4)
(98, 4)
(90, 4)
[0.81418743 1.11666158 1.06915099]
Classification: 1.0 0.40304182509505704 230
(73, 4)
(98, 4)
(90, 4)
[0.84846322 1.03133994 1.12019685]
Classification: 1.0 0.38783269961977185 231
(73, 4)
(98, 4)
(90, 4)
[0.87648201 1.00522676 1.11829123]
Classification: 1.0 0.40304182509505704 232
(73, 4)
(98, 4)
(90, 4)
[0.88398178 1.05076381 1.06525441]
Classification: 1.0 0.4144486692015209 233
(73, 4)
(98, 4)
(90, 4)
[0.85174868 1.03038839 1.11786293]
Classification: 1.0 0.45627376425855515 234
(73, 4)
(98, 4)
(90, 4)
[0.84387423 1.03972283 1.11640294]
Classification: 0.9923371647509579 0.5209125475285171 235
(73, 4)
(98, 4)
(90, 4)
[0.86595931 1.04421579 1.0898249 ]
Classification: 1.0 0.4296577946768061 236
(73, 4)
(98, 4)
(90, 4)
[0.9016329 1.035525  1.0628421]
Classification: 1.0 0.4068441064638783 237
(73, 4)
(98, 4)
(90, 4)
[0.92021411 1.01747469 1.0623112 ]
Classification: 1.0 0.40304182509505704 238
(73, 4)
(98, 4)
(90, 4)
[0.86765203 1.08061325 1.05173471]
Classification: 1.0 0.4068441064638783 239
(73, 4)
(98, 4)
(90, 4)
[0.90484485 1.04591362 1.04924152]
Classification: 1.0 0.41064638783269963 240
(73, 4)
(98, 4)
(90, 4)
[0.86648455 1.04560617 1.08790929]
Classification: 1.0 0.41064638783269963 241
(73, 4)
(98, 4)
(90, 4)
[0.89172289 1.01977315 1.08850396]
Classification: 1.0 0.39923954372623577 242
(73, 4)
(98, 4)
(90, 4)
[0.86772667 1.05507582 1.0771975 ]
Classification: 1.0 0.4144486692015209 243
(73, 4)
(98, 4)
(90, 4)
[0.87165066 1.07122218 1.05712716]
Classification: 1.0 0.41825095057034223 244
(73, 4)
(98, 4)
(90, 4)
[0.88261466 1.07526511 1.04212023]
Classification: 1.0 0.40304182509505704 245
(73, 4)
(98, 4)
(90, 4)
[0.87206895 1.09687615 1.03105489]
Classification: 1.0 0.39923954372623577 246
(73, 4)
(98, 4)
(90, 4)
[0.89118594 1.08749181 1.02132226]
Classification: 1.0 0.4068441064638783 247
(73, 4)
(98, 4)
(90, 4)
[0.90231462 1.08831221 1.00937316]
Classification: 1.0 0.4068441064638783 248
(73, 4)
(98, 4)
(90, 4)
[0.89463314 1.05166204 1.05370482]
Classification: 1.0 0.42585551330798477 249
(73, 4)
(98, 4)
(90, 4)
[0.91049398 1.05554548 1.03396054]
Classification: 1.0 0.4220532319391635 250
(73, 4)
(98, 4)
(90, 4)
[0.88361793 1.08928066 1.02710141]
Classification: 1.0 0.43346007604562736 251
(73, 4)
(98, 4)
(90, 4)
[0.88898046 1.06127247 1.04974707]
Classification: 1.0 0.46387832699619774 252
(73, 4)
(98, 4)
(90, 4)
[0.90983232 1.08547967 1.00468801]
Classification: 1.0 0.4524714828897338 253
(73, 4)
(98, 4)
(90, 4)
[0.90924109 1.08946588 1.00129304]
Classification: 1.0 0.467680608365019 254
(73, 4)
(98, 4)
(90, 4)
[0.92811328 1.06916702 1.00271971]
Classification: 1.0 0.41064638783269963 255
(73, 4)
(98, 4)
(90, 4)
[0.87487847 1.10381422 1.02130731]
Classification: 0.9923371647509579 0.5019011406844106 256
(73, 4)
(98, 4)
(90, 4)
[0.90369126 1.08957385 1.00673489]
Classification: 1.0 0.39923954372623577 257
(73, 4)
(98, 4)
(90, 4)
[0.90113918 1.0552804  1.04358042]
Classification: 1.0 0.44106463878326996 258
(73, 4)
(98, 4)
(90, 4)
[0.87658937 1.1000825  1.02332813]
Classification: 1.0 0.4220532319391635 259
(73, 4)
(98, 4)
(90, 4)
[0.87569923 1.10205079 1.02224998]
Classification: 1.0 0.4790874524714829 260
(73, 4)
(98, 4)
(90, 4)
[0.87738148 1.07543145 1.04718707]
Classification: 1.0 0.44866920152091255 261
(73, 4)
(98, 4)
(90, 4)
[0.88988335 1.06959933 1.04051731]
Classification: 1.0 0.41825095057034223 262
(73, 4)
(98, 4)
(90, 4)
[0.86567074 1.06424664 1.07008262]
Classification: 1.0 0.467680608365019 263
(73, 4)
(98, 4)
(90, 4)
[0.82538415 1.11104759 1.06356827]
Classification: 1.0 0.4714828897338403 264
(73, 4)
(98, 4)
(90, 4)
[0.86689201 1.13063352 1.00247447]
Classification: 1.0 0.4068441064638783 265
(73, 4)
(98, 4)
(90, 4)
[0.85741475 1.11391288 1.02867237]
Classification: 1.0 0.39543726235741444 266
(73, 4)
(98, 4)
(90, 4)
[0.86248075 1.09154251 1.04597674]
Classification: 1.0 0.4144486692015209 267
(73, 4)
(98, 4)
(90, 4)
[0.8592788  1.08330699 1.05741422]
Classification: 1.0 0.4600760456273764 268
(73, 4)
(98, 4)
(90, 4)
[0.88831071 1.09843088 1.0132584 ]
Classification: 1.0 0.42585551330798477 269
(73, 4)
(98, 4)
(90, 4)
[0.87886317 1.12175012 0.99938671]
Classification: 1.0 0.4068441064638783 270
(73, 4)
(98, 4)
(90, 4)
[0.88336046 1.10283816 1.01380138]
Classification: 1.0 0.43346007604562736 271
(73, 4)
(98, 4)
(90, 4)
[0.87634481 1.11208878 1.01156641]
Classification: 1.0 0.41825095057034223 272
(73, 4)
(98, 4)
(90, 4)
[0.90353171 1.06794844 1.02851986]
Classification: 1.0 0.46387832699619774 273
(73, 4)
(98, 4)
(90, 4)
[0.84414795 1.1073163  1.04853575]
Classification: 1.0 0.43346007604562736 274
(73, 4)
(98, 4)
(90, 4)
[0.87281829 1.05228133 1.07490038]
Classification: 1.0 0.42585551330798477 275
(73, 4)
(98, 4)
(90, 4)
[0.90221941 1.12563326 0.97214733]
Classification: 1.0 0.467680608365019 276
(73, 4)
(98, 4)
(90, 4)
[0.88005317 1.12056143 0.9993854 ]
Classification: 1.0 0.4220532319391635 277
(73, 4)
(98, 4)
(90, 4)
[0.95311053 1.07515453 0.97173494]
Classification: 1.0 0.44866920152091255 278
(73, 4)
(98, 4)
(90, 4)
[0.87547653 1.14940669 0.97511678]
Classification: 1.0 0.4068441064638783 279
(73, 4)
(98, 4)
(90, 4)
[0.84911004 1.11334013 1.03754982]
Classification: 1.0 0.4068441064638783 280
(73, 4)
(98, 4)
(90, 4)
[0.884857   1.11364631 1.00149669]
Classification: 1.0 0.4752851711026616 281
(73, 4)
(98, 4)
(90, 4)
[0.85505147 1.07637311 1.06857542]
Classification: 1.0 0.467680608365019 282
(73, 4)
(98, 4)
(90, 4)
[0.881528   1.12833663 0.99013537]
Classification: 1.0 0.4524714828897338 283
(73, 4)
(98, 4)
(90, 4)
[0.89190974 1.11375508 0.99433518]
Classification: 1.0 0.4448669201520912 284
(73, 4)
(98, 4)
(90, 4)
[0.88242108 1.1100925  1.00748641]
Classification: 1.0 0.4296577946768061 285
(73, 4)
(98, 4)
(90, 4)
[0.9076217  1.10819541 0.98418289]
Classification: 1.0 0.4372623574144487 286
(73, 4)
(98, 4)
(90, 4)
[0.85056745 1.12314626 1.02628629]
Classification: 1.0 0.4448669201520912 287
(73, 4)
(98, 4)
(90, 4)
[0.86799856 1.11557422 1.01642721]
Classification: 1.0 0.41064638783269963 288
(73, 4)
(98, 4)
(90, 4)
[0.87932483 1.10219338 1.01848179]
Classification: 1.0 0.4752851711026616 289
(73, 4)
(98, 4)
(90, 4)
[0.83186519 1.11680129 1.05133352]
Classification: 1.0 0.39543726235741444 290
(73, 4)
(98, 4)
(90, 4)
[0.85927086 1.13235837 1.00837078]
Classification: 1.0 0.41825095057034223 291
(73, 4)
(98, 4)
(90, 4)
[0.85165423 1.06593659 1.08240918]
Classification: 1.0 0.4372623574144487 292
(73, 4)
(98, 4)
(90, 4)
[0.88684095 1.11296925 1.0001898 ]
Classification: 1.0 0.4448669201520912 293
(73, 4)
(98, 4)
(90, 4)
[0.85451728 1.09860917 1.04687355]
Classification: 1.0 0.4714828897338403 294
(73, 4)
(98, 4)
(90, 4)
[0.84589233 1.09630502 1.05780264]
Classification: 1.0 0.4448669201520912 295
(73, 4)
(98, 4)
(90, 4)
[0.86383191 1.04950519 1.08666289]
Classification: 1.0 0.44866920152091255 296
(73, 4)
(98, 4)
(90, 4)
[0.88889459 1.07268141 1.038424  ]
Classification: 1.0 0.44106463878326996 297
(73, 4)
(98, 4)
(90, 4)
[0.88843522 1.10006507 1.01149971]
Classification: 1.0 0.44866920152091255 298
(73, 4)
(98, 4)
(90, 4)
[0.91206975 1.01268669 1.07524357]
Classification: 1.0 0.4372623574144487 299
(73, 4)
(98, 4)
(90, 4)
[0.87399902 1.09619675 1.02980423]
Classification: 0.6130268199233716 0.3041825095057034 300
(73, 4)
(98, 4)
(90, 4)
[0.8535448  1.11407614 1.03237906]
Classification: 0.9961685823754789 0.4828897338403042 301
(73, 4)
(98, 4)
(90, 4)
[0.90329674 1.12374283 0.97296043]
Classification: 1.0 0.4372623574144487 302
(73, 4)
(98, 4)
(90, 4)
[0.91050863 1.05860365 1.03088772]
Classification: 1.0 0.4524714828897338 303
(73, 4)
(98, 4)
(90, 4)
[0.88509621 1.08645384 1.02844995]
Classification: 0.9961685823754789 0.4752851711026616 304
(73, 4)
(98, 4)
(90, 4)
[0.87053536 1.10979915 1.01966549]
Classification: 1.0 0.49049429657794674 305
(73, 4)
(98, 4)
(90, 4)
[0.89390306 1.09844874 1.0076482 ]
Classification: 0.9961685823754789 0.49809885931558934 306
(73, 4)
(98, 4)
(90, 4)
[0.8758545  1.11029191 1.01385359]
Classification: 1.0 0.44866920152091255 307
(73, 4)
(98, 4)
(90, 4)
[0.88610358 1.11127938 1.00261704]
Classification: 1.0 0.41825095057034223 308
(73, 4)
(98, 4)
(90, 4)
[0.86752816 1.15108442 0.98138742]
Classification: 1.0 0.4144486692015209 309
(73, 4)
(98, 4)
(90, 4)
[0.92139439 1.09566184 0.98294377]
Classification: 1.0 0.4524714828897338 310
(73, 4)
(98, 4)
(90, 4)
[0.90630344 1.08802699 1.00566956]
Classification: 1.0 0.3916349809885932 311
(73, 4)
(98, 4)
(90, 4)
[0.91689596 1.10114665 0.98195739]
Classification: 1.0 0.44866920152091255 312
(73, 4)
(98, 4)
(90, 4)
[0.88530706 1.09314286 1.02155008]
Classification: 1.0 0.467680608365019 313
(73, 4)
(98, 4)
(90, 4)
[0.90133381 1.10942035 0.98924584]
Classification: 1.0 0.44106463878326996 314
(73, 4)
(98, 4)
(90, 4)
[0.92758039 1.04046345 1.03195616]
Classification: 1.0 0.45627376425855515 315
(73, 4)
(98, 4)
(90, 4)
[0.87389369 1.12228365 1.00382266]
Classification: 1.0 0.4714828897338403 316
(73, 4)
(98, 4)
(90, 4)
[0.85345982 1.16291935 0.98362084]
Classification: 1.0 0.43346007604562736 317
(73, 4)
(98, 4)
(90, 4)
[0.90102016 1.09311224 1.0058676 ]
Classification: 1.0 0.4866920152091255 318
(73, 4)
(98, 4)
(90, 4)
[0.87794434 1.12505537 0.99700029]
Classification: 1.0 0.41825095057034223 319
(73, 4)
(98, 4)
(90, 4)
[0.83768882 1.16168332 1.00062786]
Classification: 1.0 0.41825095057034223 320
(73, 4)
(98, 4)
(90, 4)
[0.89983203 1.11767129 0.98249668]
Classification: 1.0 0.46387832699619774 321
(73, 4)
(98, 4)
(90, 4)
[0.89823743 1.10057664 1.00118593]
Classification: 1.0 0.46387832699619774 322
(73, 4)
(98, 4)
(90, 4)
[0.89357032 1.10688321 0.99954648]
Classification: 1.0 0.46387832699619774 323
(73, 4)
(98, 4)
(90, 4)
[0.91546487 1.13620002 0.9483351 ]
Classification: 1.0 0.4600760456273764 324
(73, 4)
(98, 4)
(90, 4)
[0.86767002 1.11094481 1.02138518]
Classification: 1.0 0.44866920152091255 325
(73, 4)
(98, 4)
(90, 4)
[0.89844509 1.09589501 1.0056599 ]
Classification: 1.0 0.4600760456273764 326
(73, 4)
(98, 4)
(90, 4)
[0.88365318 1.08041898 1.03592783]
Classification: 1.0 0.4296577946768061 327
(73, 4)
(98, 4)
(90, 4)
[0.89612852 1.09318697 1.01068452]
Classification: 1.0 0.4144486692015209 328
(73, 4)
(98, 4)
(90, 4)
[0.90889112 1.08927923 1.00182964]
Classification: 1.0 0.38022813688212925 329
(73, 4)
(98, 4)
(90, 4)
[0.88717252 1.11717994 0.99564754]
Classification: 1.0 0.39923954372623577 330
(73, 4)
(98, 4)
(90, 4)
[0.91260392 1.08056146 1.00683462]
Classification: 1.0 0.40304182509505704 331
(73, 4)
(98, 4)
(90, 4)
[0.91002275 1.03423071 1.05574654]
Classification: 1.0 0.40304182509505704 332
(73, 4)
(98, 4)
(90, 4)
[0.89862049 1.04691178 1.05446773]
Classification: 1.0 0.42585551330798477 333
(73, 4)
(98, 4)
(90, 4)
[0.91427456 1.1341072  0.95161824]
Classification: 1.0 0.4448669201520912 334
(73, 4)
(98, 4)
(90, 4)
[0.89761459 1.10374823 0.99863718]
Classification: 1.0 0.46387832699619774 335
(73, 4)
(98, 4)
(90, 4)
[0.90272736 1.06917866 1.02809398]
Classification: 1.0 0.44866920152091255 336
(73, 4)
(98, 4)
(90, 4)
[0.92366359 1.02163796 1.05469845]
Classification: 1.0 0.46387832699619774 337
(73, 4)
(98, 4)
(90, 4)
[0.90077478 1.08970989 1.00951533]
Classification: 1.0 0.4448669201520912 338
(73, 4)
(98, 4)
(90, 4)
[0.9150532  1.06568097 1.01926583]
Classification: 1.0 0.4790874524714829 339
(73, 4)
(98, 4)
(90, 4)
[0.86963654 1.08699585 1.04336761]
Classification: 1.0 0.4828897338403042 340
(73, 4)
(98, 4)
(90, 4)
[0.90050764 1.09022319 1.00926917]
Classification: 1.0 0.46387832699619774 341
(73, 4)
(98, 4)
(90, 4)
[0.90960771 1.09646893 0.99392335]
Classification: 1.0 0.5057034220532319 342
(73, 4)
(98, 4)
(90, 4)
[0.90580681 1.07315468 1.02103851]
Classification: 1.0 0.45627376425855515 343
(73, 4)
(98, 4)
(90, 4)
[0.8623207  1.12489993 1.01277936]
Classification: 1.0 0.4296577946768061 344
(73, 4)
(98, 4)
(90, 4)
[0.87185222 1.14635398 0.9817938 ]
Classification: 1.0 0.44866920152091255 345
(73, 4)
(98, 4)
(90, 4)
[0.92532473 1.06243001 1.01224526]
Classification: 1.0 0.4790874524714829 346
(73, 4)
(98, 4)
(90, 4)
[0.90264978 1.15692528 0.94042494]
Classification: 1.0 0.5057034220532319 347
(73, 4)
(98, 4)
(90, 4)
[0.90990607 1.12371306 0.96638087]
Classification: 1.0 0.41825095057034223 348
(73, 4)
(98, 4)
(90, 4)
[0.89763263 1.1316017  0.97076567]
Classification: 1.0 0.4600760456273764 349
(73, 4)
(98, 4)
(90, 4)
[0.8779563  1.11631261 1.00573108]
Classification: 1.0 0.42585551330798477 350
(73, 4)
(98, 4)
(90, 4)
[0.92662438 1.07808882 0.9952868 ]
Classification: 1.0 0.42585551330798477 351
(73, 4)
(98, 4)
(90, 4)
[0.86113973 1.15369351 0.98516676]
Classification: 1.0 0.41825095057034223 352
(73, 4)
(98, 4)
(90, 4)
[0.8736316  1.11561632 1.01075208]
Classification: 1.0 0.4144486692015209 353
(73, 4)
(98, 4)
(90, 4)
[0.89257311 1.15634115 0.95108574]
Classification: 1.0 0.4372623574144487 354
(73, 4)
(98, 4)
(90, 4)
[0.8990644  1.12335422 0.97758139]
Classification: 1.0 0.4220532319391635 355
(73, 4)
(98, 4)
(90, 4)
[0.90938573 1.07318873 1.01742554]
Classification: 1.0 0.4220532319391635 356
(73, 4)
(98, 4)
(90, 4)
[0.88233904 1.11418953 1.00347143]
Classification: 1.0 0.4448669201520912 357
(73, 4)
(98, 4)
(90, 4)
[0.86151582 1.15384047 0.98464371]
Classification: 1.0 0.4600760456273764 358
(73, 4)
(98, 4)
(90, 4)
[0.91427038 1.12246693 0.96326269]
Classification: 1.0 0.4220532319391635 359
(73, 4)
(98, 4)
(90, 4)
[0.90749123 1.08088003 1.01162874]
Classification: 1.0 0.4220532319391635 360
(73, 4)
(98, 4)
(90, 4)
[0.87782761 1.14524294 0.97692945]
Classification: 1.0 0.4068441064638783 361
(73, 4)
(98, 4)
(90, 4)
[0.91231096 1.09557224 0.99211681]
Classification: 1.0 0.43346007604562736 362
(73, 4)
(98, 4)
(90, 4)
[0.8875925  1.13276459 0.9796429 ]
Classification: 1.0 0.41825095057034223 363
(73, 4)
(98, 4)
(90, 4)
[0.84171016 1.20345464 0.9548352 ]
Classification: 1.0 0.4220532319391635 364
(73, 4)
(98, 4)
(90, 4)
[0.88884189 1.14033718 0.97082093]
Classification: 1.0 0.4372623574144487 365
(73, 4)
(98, 4)
(90, 4)
[0.88373733 1.13842769 0.97783498]
Classification: 1.0 0.44106463878326996 366
(73, 4)
(98, 4)
(90, 4)
[0.88985918 1.17128219 0.93885863]
Classification: 1.0 0.41825095057034223 367
(73, 4)
(98, 4)
(90, 4)
[0.89211215 1.17311134 0.93477651]
Classification: 1.0 0.44866920152091255 368
(73, 4)
(98, 4)
(90, 4)
[0.89111175 1.15620484 0.95268341]
Classification: 1.0 0.4866920152091255 369
(73, 4)
(98, 4)
(90, 4)
[0.86961511 1.21926676 0.91111812]
Classification: 1.0 0.49049429657794674 370
(73, 4)
(98, 4)
(90, 4)
[0.85923536 1.16375997 0.97700466]
Classification: 1.0 0.43346007604562736 371
(73, 4)
(98, 4)
(90, 4)
[0.8884905  1.12086404 0.99064546]
Classification: 1.0 0.45627376425855515 372
(73, 4)
(98, 4)
(90, 4)
[0.87274943 1.10444765 1.02280291]
Classification: 1.0 0.4448669201520912 373
(73, 4)
(98, 4)
(90, 4)
[0.89997509 1.16207234 0.93795257]
Classification: 1.0 0.46387832699619774 374
(73, 4)
(98, 4)
(90, 4)
[0.88488418 1.1231936  0.99192222]
Classification: 1.0 0.4448669201520912 375
(73, 4)
(98, 4)
(90, 4)
[0.84186211 1.18369776 0.97444013]
Classification: 1.0 0.44866920152091255 376
(73, 4)
(98, 4)
(90, 4)
[0.89332429 1.11055211 0.9961236 ]
Classification: 0.9501915708812261 0.4790874524714829 377
(73, 4)
(98, 4)
(90, 4)
[0.89304735 1.13867083 0.96828183]
Classification: 1.0 0.42585551330798477 378
(73, 4)
(98, 4)
(90, 4)
[0.88829136 1.13050525 0.98120339]
Classification: 1.0 0.4372623574144487 379
(73, 4)
(98, 4)
(90, 4)
[0.85915742 1.12953503 1.01130754]
Classification: 1.0 0.5019011406844106 380
(73, 4)
(98, 4)
(90, 4)
[0.90567116 1.06397957 1.03034927]
Classification: 1.0 0.4220532319391635 381
(73, 4)
(98, 4)
(90, 4)
[0.87952787 1.14500976 0.97546237]
Classification: 1.0 0.5095057034220533 382
(73, 4)
(98, 4)
(90, 4)
[0.86716267 1.1777767  0.95506063]
Classification: 1.0 0.4448669201520912 383
(73, 4)
(98, 4)
(90, 4)
[0.93311296 1.10829516 0.95859187]
Classification: 1.0 0.467680608365019 384
(73, 4)
(98, 4)
(90, 4)
[0.94382409 1.08728994 0.96888597]
Classification: 1.0 0.4524714828897338 385
(73, 4)
(98, 4)
(90, 4)
[0.8502126  1.13125923 1.01852817]
Classification: 1.0 0.4448669201520912 386
(73, 4)
(98, 4)
(90, 4)
[0.89299812 1.11497004 0.99203184]
Classification: 1.0 0.40304182509505704 387
(73, 4)
(98, 4)
(90, 4)
[0.92333671 1.08248767 0.99417562]
Classification: 1.0 0.43346007604562736 388
(73, 4)
(98, 4)
(90, 4)
[0.8963785  1.08853202 1.01508947]
Classification: 1.0 0.4296577946768061 389
(73, 4)
(98, 4)
(90, 4)
[0.92059673 1.08629628 0.99310699]
Classification: 1.0 0.41064638783269963 390
(73, 4)
(98, 4)
(90, 4)
[0.86415081 1.14808461 0.98776459]
Classification: 1.0 0.43346007604562736 391
(73, 4)
(98, 4)
(90, 4)
[0.84714317 1.13363831 1.01921852]
Classification: 1.0 0.49429657794676807 392
(73, 4)
(98, 4)
(90, 4)
[0.82555959 1.17491198 0.99952843]
Classification: 1.0 0.41825095057034223 393
(73, 4)
(98, 4)
(90, 4)
[0.83720708 1.14532262 1.0174703 ]
Classification: 1.0 0.42585551330798477 394
(73, 4)
(98, 4)
(90, 4)
[0.8935022  1.09618496 1.01031284]
Classification: 1.0 0.44866920152091255 395
(73, 4)
(98, 4)
(90, 4)
[0.83506226 1.1493096  1.01562814]
Classification: 1.0 0.4600760456273764 396
(73, 4)
(98, 4)
(90, 4)
[0.82436925 1.11845442 1.05717632]
Classification: 1.0 0.43346007604562736 397
(73, 4)
(98, 4)
(90, 4)
[0.87524722 1.1214976  1.00325518]
Classification: 1.0 0.39923954372623577 398
(73, 4)
(98, 4)
(90, 4)
[0.85199414 1.15990351 0.98810235]
Classification: 1.0 0.4144486692015209 399
(73, 4)
(98, 4)
(90, 4)
[0.85570981 1.17020995 0.97408024]
Classification: 1.0 0.40304182509505704 400
(73, 4)
(98, 4)
(90, 4)
[0.84428388 1.2098854  0.94583071]
Classification: 1.0 0.4600760456273764 401
(73, 4)
(98, 4)
(90, 4)
[0.86512028 1.11931067 1.01556905]
Classification: 1.0 0.45627376425855515 402
(73, 4)
(98, 4)
(90, 4)
[0.94828137 1.10649023 0.9452284 ]
Classification: 1.0 0.4866920152091255 403
(73, 4)
(98, 4)
(90, 4)
[0.8576269  1.13937022 1.00300288]
Classification: 1.0 0.4714828897338403 404
(73, 4)
(98, 4)
(90, 4)
[0.89326917 1.1501065  0.95662433]
Classification: 1.0 0.4790874524714829 405
(73, 4)
(98, 4)
(90, 4)
[0.89594299 1.14980713 0.95424988]
Classification: 1.0 0.4372623574144487 406
(73, 4)
(98, 4)
(90, 4)
[0.88943896 1.13824746 0.97231357]
Classification: 1.0 0.41825095057034223 407
(73, 4)
(98, 4)
(90, 4)
[0.92179656 1.1689986  0.90920483]
Classification: 1.0 0.39543726235741444 408
(73, 4)
(98, 4)
(90, 4)
[0.89669233 1.16383982 0.93946786]
Classification: 0.9386973180076629 0.4828897338403042 409
(73, 4)
(98, 4)
(90, 4)
[0.90336786 1.17770536 0.91892678]
Classification: 1.0 0.5019011406844106 410
(73, 4)
(98, 4)
(90, 4)
[0.91194684 1.10532875 0.9827244 ]
Classification: 1.0 0.5057034220532319 411
(73, 4)
(98, 4)
(90, 4)
[0.89991708 1.1300596  0.97002333]
Classification: 1.0 0.49049429657794674 412
(73, 4)
(98, 4)
(90, 4)
[0.9463064  1.08144289 0.97225071]
Classification: 1.0 0.4752851711026616 413
(73, 4)
(98, 4)
(90, 4)
[0.89708618 1.13052946 0.97238436]
Classification: 1.0 0.49429657794676807 414
(73, 4)
(98, 4)
(90, 4)
[0.91028615 1.12857296 0.96114089]
Classification: 1.0 0.41825095057034223 415
(73, 4)
(98, 4)
(90, 4)
[0.89006777 1.11284343 0.9970888 ]
Classification: 1.0 0.4296577946768061 416
(73, 4)
(98, 4)
(90, 4)
[0.87694023 1.1380034  0.98505637]
Classification: 1.0 0.41825095057034223 417
(73, 4)
(98, 4)
(90, 4)
[0.91716782 1.12165884 0.96117334]
Classification: 1.0 0.4372623574144487 418
(73, 4)
(98, 4)
(90, 4)
[0.85846356 1.15526996 0.98626648]
Classification: 1.0 0.39923954372623577 419
(73, 4)
(98, 4)
(90, 4)
[0.87270002 1.13488258 0.9924174 ]
Classification: 1.0 0.41064638783269963 420
(73, 4)
(98, 4)
(90, 4)
[0.91237361 1.12352093 0.96410545]
Classification: 1.0 0.4144486692015209 421
(73, 4)
(98, 4)
(90, 4)
[0.90240103 1.15794733 0.93965164]
Classification: 1.0 0.3840304182509506 422
(73, 4)
(98, 4)
(90, 4)
[0.96715813 1.11319388 0.91964799]
Classification: 1.0 0.40304182509505704 423
(73, 4)
(98, 4)
(90, 4)
[0.92766171 1.08584928 0.98648901]
Classification: 1.0 0.41825095057034223 424
(73, 4)
(98, 4)
(90, 4)
[0.93391394 1.05543136 1.0106547 ]
Classification: 1.0 0.4448669201520912 425
(73, 4)
(98, 4)
(90, 4)
[0.90844466 1.11910589 0.97244946]
Classification: 1.0 0.4828897338403042 426
(73, 4)
(98, 4)
(90, 4)
[0.9404939  1.14392493 0.91558117]
Classification: 1.0 0.42585551330798477 427
(73, 4)
(98, 4)
(90, 4)
[0.92199793 1.10939762 0.96860445]
Classification: 1.0 0.4524714828897338 428
(73, 4)
(98, 4)
(90, 4)
[0.90437164 1.15494945 0.94067891]
Classification: 1.0 0.42585551330798477 429
(73, 4)
(98, 4)
(90, 4)
[0.91427433 1.08197637 1.0037493 ]
Classification: 1.0 0.43346007604562736 430
(73, 4)
(98, 4)
(90, 4)
[0.90353532 1.1166548  0.97980988]
Classification: 1.0 0.4372623574144487 431
(73, 4)
(98, 4)
(90, 4)
[0.93006995 1.1417049  0.92822515]
Classification: 1.0 0.49049429657794674 432
(73, 4)
(98, 4)
(90, 4)
[0.89495304 1.1499179  0.95512906]
Classification: 1.0 0.41064638783269963 433
(73, 4)
(98, 4)
(90, 4)
[0.93483423 1.09968361 0.96548216]
Classification: 1.0 0.4068441064638783 434
(73, 4)
(98, 4)
(90, 4)
[0.93815419 1.09715999 0.96468582]
Classification: 1.0 0.41064638783269963 435
(73, 4)
(98, 4)
(90, 4)
[0.88242181 1.12288267 0.99469552]
Classification: 0.7011494252873564 0.3269961977186312 436
(73, 4)
(98, 4)
(90, 4)
[0.90875249 1.07658698 1.01466053]
Classification: 1.0 0.42585551330798477 437
(73, 4)
(98, 4)
(90, 4)
[0.92608492 1.0465212  1.02739388]
Classification: 1.0 0.45627376425855515 438
(73, 4)
(98, 4)
(90, 4)
[0.91783849 1.02939275 1.05276875]
Classification: 1.0 0.5095057034220533 439
(73, 4)
(98, 4)
(90, 4)
[0.92395545 1.06393516 1.01210938]
Classification: 1.0 0.4296577946768061 440
(73, 4)
(98, 4)
(90, 4)
[0.91628285 1.11054598 0.97317117]
Classification: 0.9770114942528736 0.4790874524714829 441
(73, 4)
(98, 4)
(90, 4)
[0.88480013 1.12198237 0.9932175 ]
Classification: 0.9961685823754789 0.4752851711026616 442
(73, 4)
(98, 4)
(90, 4)
[0.89399598 1.10178559 1.00421843]
Classification: 1.0 0.49429657794676807 443
(73, 4)
(98, 4)
(90, 4)
[0.90900301 1.06777253 1.02322446]
Classification: 1.0 0.467680608365019 444
(73, 4)
(98, 4)
(90, 4)
[0.91417807 1.0858189  1.00000303]
Classification: 1.0 0.4600760456273764 445
(73, 4)
(98, 4)
(90, 4)
[0.91397924 1.07284309 1.01317767]
Classification: 1.0 0.41064638783269963 446
(73, 4)
(98, 4)
(90, 4)
[0.92727515 1.09894362 0.97378123]
Classification: 1.0 0.49049429657794674 447
(73, 4)
(98, 4)
(90, 4)
[0.90795989 1.09998816 0.99205195]
Classification: 1.0 0.3916349809885932 448
(73, 4)
(98, 4)
(90, 4)
[0.96534686 1.04248695 0.99216619]
Classification: 1.0 0.4866920152091255 449
(73, 4)
(98, 4)
(90, 4)
[0.89810125 1.11559658 0.98630217]
Classification: 1.0 0.4714828897338403 450
(73, 4)
(98, 4)
(90, 4)
[0.89122603 1.1040946  1.00467937]
Classification: 1.0 0.4790874524714829 451
(73, 4)
(98, 4)
(90, 4)
[0.97343408 1.05126019 0.97530573]
Classification: 1.0 0.4144486692015209 452
(73, 4)
(98, 4)
(90, 4)
[0.951687   1.07304034 0.97527266]
Classification: 1.0 0.39543726235741444 453
(73, 4)
(98, 4)
(90, 4)
Running experiment with dataset: EthanolConcentration, config: ./result/ablation_study/config_EthanolConcentration.yml

A module that was compiled using NumPy 1.x cannot be run in
NumPy 2.0.2 as it may crash. To support both 1.x and 2.x
versions of NumPy, modules must be compiled with NumPy 2.0.
Some module may need to rebuild instead e.g. with 'pybind11>=2.12'.

If you are a user of the module, the easiest solution will be to
downgrade to 'numpy<2' or try to upgrade the affected module.
We expect that some modules will need time to support NumPy 2.

Traceback (most recent call last):  File "/mnt/data/user_liangzhiyu/lixiongfei/CSL-main/FedCSL_All.py", line 1, in <module>
    from seaborn import dark_palette
  File "/home/liangzhiyu/miniconda3/lib/python3.9/site-packages/seaborn/__init__.py", line 2, in <module>
    from .rcmod import *  # noqa: F401,F403
  File "/home/liangzhiyu/miniconda3/lib/python3.9/site-packages/seaborn/rcmod.py", line 3, in <module>
    import matplotlib as mpl
  File "/home/liangzhiyu/miniconda3/lib/python3.9/site-packages/matplotlib/__init__.py", line 129, in <module>
    from . import _api, _version, cbook, _docstring, rcsetup
  File "/home/liangzhiyu/miniconda3/lib/python3.9/site-packages/matplotlib/rcsetup.py", line 27, in <module>
    from matplotlib.colors import Colormap, is_color_like
  File "/home/liangzhiyu/miniconda3/lib/python3.9/site-packages/matplotlib/colors.py", line 56, in <module>
    from matplotlib import _api, _cm, cbook, scale
  File "/home/liangzhiyu/miniconda3/lib/python3.9/site-packages/matplotlib/scale.py", line 22, in <module>
    from matplotlib.ticker import (
  File "/home/liangzhiyu/miniconda3/lib/python3.9/site-packages/matplotlib/ticker.py", line 138, in <module>
    from matplotlib import transforms as mtransforms
  File "/home/liangzhiyu/miniconda3/lib/python3.9/site-packages/matplotlib/transforms.py", line 49, in <module>
    from matplotlib._path import (
AttributeError: _ARRAY_API not found
Traceback (most recent call last):
  File "/mnt/data/user_liangzhiyu/lixiongfei/CSL-main/FedCSL_All.py", line 1, in <module>
    from seaborn import dark_palette
  File "/home/liangzhiyu/miniconda3/lib/python3.9/site-packages/seaborn/__init__.py", line 2, in <module>
    from .rcmod import *  # noqa: F401,F403
  File "/home/liangzhiyu/miniconda3/lib/python3.9/site-packages/seaborn/rcmod.py", line 3, in <module>
    import matplotlib as mpl
  File "/home/liangzhiyu/miniconda3/lib/python3.9/site-packages/matplotlib/__init__.py", line 129, in <module>
    from . import _api, _version, cbook, _docstring, rcsetup
  File "/home/liangzhiyu/miniconda3/lib/python3.9/site-packages/matplotlib/rcsetup.py", line 27, in <module>
    from matplotlib.colors import Colormap, is_color_like
  File "/home/liangzhiyu/miniconda3/lib/python3.9/site-packages/matplotlib/colors.py", line 56, in <module>
    from matplotlib import _api, _cm, cbook, scale
  File "/home/liangzhiyu/miniconda3/lib/python3.9/site-packages/matplotlib/scale.py", line 22, in <module>
    from matplotlib.ticker import (
  File "/home/liangzhiyu/miniconda3/lib/python3.9/site-packages/matplotlib/ticker.py", line 138, in <module>
    from matplotlib import transforms as mtransforms
  File "/home/liangzhiyu/miniconda3/lib/python3.9/site-packages/matplotlib/transforms.py", line 49, in <module>
    from matplotlib._path import (
ImportError: numpy.core.multiarray failed to import
Running experiment with dataset: EthanolConcentration, config: ./result/ablation_study/config_EthanolConcentration.yml
/mnt/data/user_liangzhiyu/envs/fedcsl/lib/python3.8/site-packages/scipy/__init__.py:146: UserWarning: A NumPy version >=1.16.5 and <1.23.0 is required for this version of SciPy (detected version 1.23.5
  warnings.warn(f"A NumPy version >={np_minversion} and <{np_maxversion}"
/mnt/data/user_liangzhiyu/envs/fedcsl/lib/python3.8/site-packages/tslearn/bases/bases.py:15: UserWarning: h5py not installed, hdf5 features will not be supported.
Install h5py to use hdf5 features: http://docs.h5py.org/
  warn(h5py_msg)
/mnt/data/user_liangzhiyu/lixiongfei/CSL-main/train.py:392: UserWarning: Creating a tensor from a list of numpy.ndarrays is extremely slow. Please consider converting the list to a single numpy.ndarray with numpy.array() before converting to a tensor. (Triggered internally at /opt/conda/conda-bld/pytorch_1724789259345/work/torch/csrc/utils/tensor_new.cpp:278.)
  X = torch.tensor(X, dtype=torch.float).contiguous()
[0.09514033 0.10277917 0.11127909 0.12035814 0.12964186 0.13872091
 0.14722083 0.15485967]
261
<class 'pandas.core.frame.DataFrame'>
RangeIndex: 261 entries, 0 to 260
Data columns (total 4 columns):
 #   Column      Non-Null Count  Dtype 
---  ------      --------------  ----- 
 0   dim_0       261 non-null    object
 1   dim_1       261 non-null    object
 2   dim_2       261 non-null    object
 3   class_vals  261 non-null    object
dtypes: object(4)
memory usage: 8.3+ KB
None
{1751}
<class 'pandas.core.frame.DataFrame'>
RangeIndex: 261 entries, 0 to 260
Data columns (total 4 columns):
 #   Column      Non-Null Count  Dtype 
---  ------      --------------  ----- 
 0   dim_0       261 non-null    object
 1   dim_1       261 non-null    object
 2   dim_2       261 non-null    object
 3   class_vals  261 non-null    object
dtypes: object(4)
memory usage: 8.3+ KB
None
[0 0 0 0 0 0 0 0 0 0 0 0 0 0 0 0 0 0 0 0 0 0 0 0 0 0 0 0 0 0 0 0 0 0 0 0 0
 0 0 0 0 0 0 0 0 0 0 0 0 0 0 0 0 0 0 0 0 0 0 0 0 0 0 0 0 1 1 1 1 1 1 1 1 1
 1 1 1 1 1 1 1 1 1 1 1 1 1 1 1 1 1 1 1 1 1 1 1 1 1 1 1 1 1 1 1 1 1 1 1 1 1
 1 1 1 1 1 1 1 1 1 1 1 1 1 1 1 1 1 1 1 2 2 2 2 2 2 2 2 2 2 2 2 2 2 2 2 2 2
 2 2 2 2 2 2 2 2 2 2 2 2 2 2 2 2 2 2 2 2 2 2 2 2 2 2 2 2 2 2 2 2 2 2 2 2 2
 2 2 2 2 2 2 2 2 2 2 2 3 3 3 3 3 3 3 3 3 3 3 3 3 3 3 3 3 3 3 3 3 3 3 3 3 3
 3 3 3 3 3 3 3 3 3 3 3 3 3 3 3 3 3 3 3 3 3 3 3 3 3 3 3 3 3 3 3 3 3 3 3 3 3
 3 3]
[  0   1   2   3   4   5  65  66  67  68  69  70 130 131 132 133 134 135
 136 137 138 139 140 141 142 143 144 145 146 147 148 149 150 151 152 153
 154 155 156 157 158 159 160 161 162 163 164 165 166 196 197 198 199 200
 201 202 203 204 205 206 207 208 209 210 211 212 213 214 215 216 217 218
 219]
[0, 0, 0, 0, 0, 0, 1, 1, 1, 1, 1, 1, 2, 2, 2, 2, 2, 2, 2, 2, 2, 2, 2, 2, 2, 2, 2, 2, 2, 2, 2, 2, 2, 2, 2, 2, 2, 2, 2, 2, 2, 2, 2, 2, 2, 2, 2, 2, 2, 3, 3, 3, 3, 3, 3, 3, 3, 3, 3, 3, 3, 3, 3, 3, 3, 3, 3, 3, 3, 3, 3, 3, 3]
[0, 0, 0, 0, 0, 0, 0, 0, 0, 0, 0, 0, 0, 0, 0, 0, 0, 0, 0, 0, 0, 0, 0, 0, 0, 0, 0, 0, 0, 0, 0, 0, 0, 0, 0, 0, 0, 0, 0, 0, 0, 0, 0, 0, 0, 0, 0, 0, 0, 0, 0, 1, 1, 1, 1, 1, 1, 1, 1, 1, 1, 2, 2, 2, 2, 2, 2, 2, 2, 2, 2, 2, 2, 2, 2, 2, 2, 2, 2, 2, 2, 2, 2, 2, 2, 2, 2, 2, 3, 3, 3, 3, 3, 3, 3, 3, 3, 3]
[0, 0, 0, 0, 0, 0, 0, 0, 1, 1, 1, 1, 1, 1, 1, 1, 1, 1, 1, 1, 1, 1, 1, 1, 1, 1, 1, 1, 1, 1, 1, 1, 1, 1, 1, 1, 1, 1, 1, 1, 1, 1, 1, 1, 1, 1, 1, 1, 1, 1, 1, 1, 1, 1, 1, 1, 1, 2, 2, 3, 3, 3, 3, 3, 3, 3, 3, 3, 3, 3, 3, 3, 3, 3, 3, 3, 3, 3, 3, 3, 3, 3, 3, 3, 3, 3, 3, 3, 3, 3]
shapelet initialized! 

All 3 clinet initialized! 

(73, 4)
(98, 4)
(90, 4)
[1.27723234 0.98118174 0.74158592]
Classification: 1.0 0.532319391634981 0
(73, 4)
(98, 4)
(90, 4)
[1.23099646 0.99223504 0.7767685 ]
Classification: 1.0 0.49429657794676807 1
Running experiment with dataset: EthanolConcentration, config: ./result/ablation_study/config_EthanolConcentration.yml
