Running experiment with dataset: HandMovementDirection, config: ./result/ablation_study/config_HandMovementDirection.yml
[0.09514033 0.10277917 0.11127909 0.12035814 0.12964186 0.13872091
 0.14722083 0.15485967]
160
<class 'pandas.core.frame.DataFrame'>
RangeIndex: 160 entries, 0 to 159
Data columns (total 11 columns):
 #   Column      Non-Null Count  Dtype 
---  ------      --------------  ----- 
 0   dim_0       160 non-null    object
 1   dim_1       160 non-null    object
 2   dim_2       160 non-null    object
 3   dim_3       160 non-null    object
 4   dim_4       160 non-null    object
 5   dim_5       160 non-null    object
 6   dim_6       160 non-null    object
 7   dim_7       160 non-null    object
 8   dim_8       160 non-null    object
 9   dim_9       160 non-null    object
 10  class_vals  160 non-null    object
dtypes: object(11)
memory usage: 13.9+ KB
None
{400}
<class 'pandas.core.frame.DataFrame'>
RangeIndex: 160 entries, 0 to 159
Data columns (total 11 columns):
 #   Column      Non-Null Count  Dtype 
---  ------      --------------  ----- 
 0   dim_0       160 non-null    object
 1   dim_1       160 non-null    object
 2   dim_2       160 non-null    object
 3   dim_3       160 non-null    object
 4   dim_4       160 non-null    object
 5   dim_5       160 non-null    object
 6   dim_6       160 non-null    object
 7   dim_7       160 non-null    object
 8   dim_8       160 non-null    object
 9   dim_9       160 non-null    object
 10  class_vals  160 non-null    object
dtypes: object(11)
memory usage: 13.9+ KB
None
[0 0 0 0 0 0 0 0 0 0 0 0 0 0 0 0 0 0 0 0 0 0 0 0 0 0 0 0 0 0 0 0 0 0 0 0 0
 0 0 0 1 1 1 1 1 1 1 1 1 1 1 1 1 1 1 1 1 1 1 1 1 1 1 1 1 1 1 1 1 1 1 1 1 1
 1 1 1 1 1 1 2 2 2 2 2 2 2 2 2 2 2 2 2 2 2 2 2 2 2 2 2 2 2 2 2 2 2 2 2 2 2
 2 2 2 2 2 2 2 2 2 3 3 3 3 3 3 3 3 3 3 3 3 3 3 3 3 3 3 3 3 3 3 3 3 3 3 3 3
 3 3 3 3 3 3 3 3 3 3 3 3]
[40 41 42 43 44 45 46 47 48 49 50 51 52 53 54 55 56 57 58 59 60 61 62 63
 64 65 66 67 68 69 70 71 72 73 74 75 76 77 78]
[1, 1, 1, 1, 1, 1, 1, 1, 1, 1, 1, 1, 1, 1, 1, 1, 1, 1, 1, 1, 1, 1, 1, 1, 1, 1, 1, 1, 1, 1, 1, 1, 1, 1, 1, 1, 1, 1, 1]
[2, 2, 2, 2, 2, 2, 2, 2, 2, 2, 2, 2, 2, 2, 2, 2, 2, 2, 2, 2, 2, 2, 2, 2, 2, 2, 2, 2, 2, 2, 2, 2, 2, 2, 2, 2, 2, 2, 2, 3, 3, 3, 3, 3, 3, 3, 3, 3, 3, 3, 3, 3, 3, 3, 3, 3, 3, 3, 3, 3, 3, 3, 3, 3, 3, 3, 3, 3, 3, 3, 3, 3, 3, 3, 3, 3, 3, 3]
[0, 0, 0, 0, 0, 0, 0, 0, 0, 0, 0, 0, 0, 0, 0, 0, 0, 0, 0, 0, 0, 0, 0, 0, 0, 0, 0, 0, 0, 0, 0, 0, 0, 0, 0, 0, 0, 0, 0, 0, 1, 2, 3]
shapelet initialized! 

All 3 clinet initialized! 

(39, 4)
(78, 4)
(43, 4)
[0.9253885  1.21100823 0.86360327]
Classification: 1.0 0.4189189189189189 0
(39, 4)
(78, 4)
(43, 4)
[0.91024419 1.18975778 0.89999803]
Classification: 1.0 0.4189189189189189 1
(39, 4)
(78, 4)
(43, 4)
[0.88462165 1.12993651 0.98544185]
Classification: 1.0 0.4189189189189189 2
(39, 4)
(78, 4)
(43, 4)
[0.86282607 1.13591648 1.00125745]
Classification: 1.0 0.4189189189189189 3
(39, 4)
(78, 4)
(43, 4)
[0.90594713 1.13788166 0.95617121]
Classification: 1.0 0.40540540540540543 4
(39, 4)
(78, 4)
(43, 4)
[0.89716975 1.12828167 0.97454858]
Classification: 1.0 0.4189189189189189 5
(39, 4)
(78, 4)
(43, 4)
[0.81477326 1.18562578 0.99960096]
Classification: 1.0 0.4189189189189189 6
(39, 4)
(78, 4)
(43, 4)
[0.89791856 1.09919329 1.00288815]
Classification: 1.0 0.4189189189189189 7
(39, 4)
(78, 4)
(43, 4)
[0.86421346 1.16096604 0.9748205 ]
Classification: 1.0 0.4189189189189189 8
(39, 4)
(78, 4)
(43, 4)
[0.88947583 1.15504325 0.95548092]
Classification: 1.0 0.4189189189189189 9
(39, 4)
(78, 4)
(43, 4)
[0.83101681 1.1845192  0.98446399]
Classification: 1.0 0.4189189189189189 10
(39, 4)
(78, 4)
(43, 4)
[0.86267754 1.17987196 0.9574505 ]
Classification: 1.0 0.4189189189189189 11
(39, 4)
(78, 4)
(43, 4)
[0.86580529 1.16929992 0.96489479]
Classification: 1.0 0.40540540540540543 12
(39, 4)
(78, 4)
(43, 4)
[0.80595604 1.25343807 0.94060589]
Classification: 1.0 0.4189189189189189 13
(39, 4)
(78, 4)
(43, 4)
[0.83932812 1.26102168 0.8996502 ]
Classification: 1.0 0.4189189189189189 14
(39, 4)
(78, 4)
(43, 4)
[0.83672842 1.32412807 0.83914351]
Classification: 1.0 0.4189189189189189 15
(39, 4)
(78, 4)
(43, 4)
[0.83402155 1.23695934 0.92901911]
Classification: 1.0 0.4189189189189189 16
(39, 4)
(78, 4)
(43, 4)
[0.88549228 1.1714947  0.94301302]
Classification: 1.0 0.4189189189189189 17
(39, 4)
(78, 4)
(43, 4)
[0.84844091 1.23024852 0.92131057]
Classification: 1.0 0.4189189189189189 18
(39, 4)
(78, 4)
(43, 4)
[0.83456641 1.26148994 0.90394365]
Classification: 1.0 0.43243243243243246 19
(39, 4)
(78, 4)
(43, 4)
[0.92572768 1.21892203 0.85535029]
Classification: 1.0 0.43243243243243246 20
(39, 4)
(78, 4)
(43, 4)
[0.88150029 1.18071374 0.93778597]
Classification: 1.0 0.43243243243243246 21
(39, 4)
(78, 4)
(43, 4)
[0.86933091 1.23189121 0.89877788]
Classification: 1.0 0.43243243243243246 22
(39, 4)
(78, 4)
(43, 4)
[0.91629123 1.17701526 0.9066935 ]
Classification: 1.0 0.43243243243243246 23
(39, 4)
(78, 4)
(43, 4)
[0.9195801  1.16700922 0.91341067]
Classification: 1.0 0.43243243243243246 24
(39, 4)
(78, 4)
(43, 4)
[0.85126085 1.22199498 0.92674417]
Classification: 1.0 0.43243243243243246 25
(39, 4)
(78, 4)
(43, 4)
[0.88868495 1.21477454 0.89654051]
Classification: 1.0 0.43243243243243246 26
(39, 4)
(78, 4)
(43, 4)
[0.89459227 1.18871068 0.91669705]
Classification: 1.0 0.43243243243243246 27
(39, 4)
(78, 4)
(43, 4)
[0.88863231 1.15288284 0.95848485]
Classification: 1.0 0.43243243243243246 28
(39, 4)
(78, 4)
(43, 4)
[0.91155188 1.16060519 0.92784292]
Classification: 1.0 0.43243243243243246 29
(39, 4)
(78, 4)
(43, 4)
[0.87522323 1.20728477 0.91749199]
Classification: 1.0 0.4189189189189189 30
(39, 4)
(78, 4)
(43, 4)
[0.8713242  1.15039906 0.97827673]
Classification: 1.0 0.4189189189189189 31
(39, 4)
(78, 4)
(43, 4)
[0.86584659 1.16455906 0.96959435]
Classification: 1.0 0.4189189189189189 32
(39, 4)
(78, 4)
(43, 4)
[0.8640375  1.22213498 0.91382752]
Classification: 1.0 0.4189189189189189 33
(39, 4)
(78, 4)
(43, 4)
[0.8091585  1.22539454 0.96544696]
Classification: 1.0 0.4189189189189189 34
(39, 4)
(78, 4)
(43, 4)
[0.91211423 1.14271881 0.94516695]
Classification: 1.0 0.4189189189189189 35
(39, 4)
(78, 4)
(43, 4)
[0.87301692 1.18034809 0.94663499]
Classification: 1.0 0.4189189189189189 36
(39, 4)
(78, 4)
(43, 4)
[0.81771059 1.24794179 0.93434762]
Classification: 1.0 0.4189189189189189 37
(39, 4)
(78, 4)
(43, 4)
[0.90948692 1.182463   0.90805008]
Classification: 1.0 0.4189189189189189 38
(39, 4)
(78, 4)
(43, 4)
[0.86853108 1.20733387 0.92413505]
Classification: 1.0 0.4189189189189189 39
(39, 4)
(78, 4)
(43, 4)
[0.85985213 1.22740599 0.91274188]
Classification: 1.0 0.4189189189189189 40
(39, 4)
(78, 4)
(43, 4)
[0.82495507 1.27226196 0.90278297]
Classification: 1.0 0.4189189189189189 41
(39, 4)
(78, 4)
(43, 4)
[0.85424321 1.1650755  0.98068129]
Classification: 1.0 0.4189189189189189 42
(39, 4)
(78, 4)
(43, 4)
[0.84309282 1.25206264 0.90484454]
Classification: 1.0 0.4189189189189189 43
(39, 4)
(78, 4)
(43, 4)
[0.85514061 1.23091085 0.91394854]
Classification: 1.0 0.40540540540540543 44
(39, 4)
(78, 4)
(43, 4)
[0.84798567 1.24925535 0.90275898]
Classification: 1.0 0.40540540540540543 45
(39, 4)
(78, 4)
(43, 4)
[0.86514759 1.24538435 0.88946806]
Classification: 1.0 0.40540540540540543 46
(39, 4)
(78, 4)
(43, 4)
[0.82999081 1.27821723 0.89179196]
Classification: 1.0 0.40540540540540543 47
(39, 4)
(78, 4)
(43, 4)
[0.84037119 1.28318567 0.87644315]
Classification: 1.0 0.4189189189189189 48
(39, 4)
(78, 4)
(43, 4)
[0.86650073 1.25590392 0.87759534]
Classification: 1.0 0.4189189189189189 49
(39, 4)
(78, 4)
(43, 4)
[0.83441626 1.24639644 0.9191873 ]
Classification: 1.0 0.40540540540540543 50
(39, 4)
(78, 4)
(43, 4)
[0.80869632 1.28029038 0.9110133 ]
Classification: 1.0 0.40540540540540543 51
(39, 4)
(78, 4)
(43, 4)
[0.84303463 1.26046812 0.89649725]
Classification: 1.0 0.40540540540540543 52
(39, 4)
(78, 4)
(43, 4)
[0.79935969 1.3034719  0.89716841]
Classification: 1.0 0.40540540540540543 53
(39, 4)
(78, 4)
(43, 4)
[0.81478579 1.32011474 0.86509947]
Classification: 1.0 0.4189189189189189 54
(39, 4)
(78, 4)
(43, 4)
[0.83175758 1.26937732 0.8988651 ]
Classification: 1.0 0.40540540540540543 55
(39, 4)
(78, 4)
(43, 4)
[0.91375327 1.2141476  0.87209913]
Classification: 1.0 0.4189189189189189 56
(39, 4)
(78, 4)
(43, 4)
[0.82736013 1.3218131  0.85082677]
Classification: 1.0 0.40540540540540543 57
(39, 4)
(78, 4)
(43, 4)
[0.81292675 1.23640483 0.95066843]
Classification: 1.0 0.40540540540540543 58
(39, 4)
(78, 4)
(43, 4)
[0.81630549 1.24194391 0.9417506 ]
Classification: 1.0 0.40540540540540543 59
(39, 4)
(78, 4)
(43, 4)
[0.87254803 1.23341166 0.89404031]
Classification: 1.0 0.40540540540540543 60
(39, 4)
(78, 4)
(43, 4)
[0.86964817 1.20014106 0.93021077]
Classification: 1.0 0.40540540540540543 61
(39, 4)
(78, 4)
(43, 4)
[0.82121289 1.24940873 0.92937838]
Classification: 1.0 0.40540540540540543 62
(39, 4)
(78, 4)
(43, 4)
[0.82153996 1.29693524 0.8815248 ]
Classification: 1.0 0.40540540540540543 63
(39, 4)
(78, 4)
(43, 4)
[0.80030832 1.19955784 1.00013384]
Classification: 1.0 0.3918918918918919 64
(39, 4)
(78, 4)
(43, 4)
[0.80383721 1.27776216 0.91840064]
Classification: 1.0 0.3918918918918919 65
(39, 4)
(78, 4)
(43, 4)
[0.7775692  1.31401929 0.90841152]
Classification: 1.0 0.3918918918918919 66
(39, 4)
(78, 4)
(43, 4)
[0.72046074 1.27692339 1.00261587]
Classification: 1.0 0.3918918918918919 67
(39, 4)
(78, 4)
(43, 4)
[0.79763449 1.2807454  0.92162011]
Classification: 1.0 0.3918918918918919 68
(39, 4)
(78, 4)
(43, 4)
[0.77737751 1.24124535 0.98137715]
Classification: 1.0 0.3918918918918919 69
(39, 4)
(78, 4)
(43, 4)
[0.75254259 1.30438328 0.94307413]
Classification: 1.0 0.3918918918918919 70
(39, 4)
(78, 4)
(43, 4)
[0.75947773 1.28576268 0.95475959]
Classification: 1.0 0.40540540540540543 71
(39, 4)
(78, 4)
(43, 4)
[0.75618295 1.33361414 0.91020291]
Classification: 1.0 0.3918918918918919 72
(39, 4)
(78, 4)
(43, 4)
[0.78443397 1.25078257 0.96478346]
Classification: 1.0 0.3918918918918919 73
(39, 4)
(78, 4)
(43, 4)
[0.78086997 1.26289082 0.95623921]
Classification: 1.0 0.40540540540540543 74
(39, 4)
(78, 4)
(43, 4)
[0.80727801 1.2538298  0.93889219]
Classification: 1.0 0.40540540540540543 75
(39, 4)
(78, 4)
(43, 4)
[0.82879366 1.24294206 0.92826428]
Classification: 1.0 0.40540540540540543 76
(39, 4)
(78, 4)
(43, 4)
[0.75199644 1.30086763 0.94713593]
Classification: 1.0 0.40540540540540543 77
(39, 4)
(78, 4)
(43, 4)
[0.7444084 1.2896703 0.9659213]
Classification: 1.0 0.40540540540540543 78
(39, 4)
(78, 4)
(43, 4)
[0.84490761 1.22449312 0.93059927]
Classification: 1.0 0.40540540540540543 79
(39, 4)
(78, 4)
(43, 4)
[0.81681859 1.29329915 0.88988226]
Classification: 1.0 0.40540540540540543 80
(39, 4)
(78, 4)
(43, 4)
[0.821109   1.20585761 0.97303339]
Classification: 1.0 0.40540540540540543 81
(39, 4)
(78, 4)
(43, 4)
[0.77475955 1.28325048 0.94198997]
Classification: 1.0 0.40540540540540543 82
(39, 4)
(78, 4)
(43, 4)
[0.82506544 1.26765146 0.9072831 ]
Classification: 1.0 0.40540540540540543 83
(39, 4)
(78, 4)
(43, 4)
[0.81653617 1.26145234 0.92201149]
Classification: 1.0 0.40540540540540543 84
(39, 4)
(78, 4)
(43, 4)
[0.76413903 1.33128702 0.90457396]
Classification: 1.0 0.40540540540540543 85
(39, 4)
(78, 4)
(43, 4)
[0.81057329 1.27007049 0.91935622]
Classification: 1.0 0.4189189189189189 86
(39, 4)
(78, 4)
(43, 4)
[0.81561727 1.26589874 0.91848399]
Classification: 1.0 0.40540540540540543 87
(39, 4)
(78, 4)
(43, 4)
[0.77271419 1.29177839 0.93550742]
Classification: 1.0 0.4189189189189189 88
(39, 4)
(78, 4)
(43, 4)
[0.8178791 1.2370342 0.9450867]
Classification: 1.0 0.4189189189189189 89
(39, 4)
(78, 4)
(43, 4)
[0.75454413 1.27795261 0.96750326]
Classification: 1.0 0.4189189189189189 90
(39, 4)
(78, 4)
(43, 4)
[0.77974024 1.2502782  0.96998156]
Classification: 1.0 0.4189189189189189 91
(39, 4)
(78, 4)
(43, 4)
[0.81343163 1.25543861 0.93112977]
Classification: 1.0 0.4189189189189189 92
(39, 4)
(78, 4)
(43, 4)
[0.79488942 1.21086168 0.99424889]
Classification: 1.0 0.4189189189189189 93
(39, 4)
(78, 4)
(43, 4)
[0.75374456 1.26630197 0.97995347]
Classification: 1.0 0.4189189189189189 94
(39, 4)
(78, 4)
(43, 4)
[0.81649941 1.24233768 0.94116291]
Classification: 1.0 0.4189189189189189 95
(39, 4)
(78, 4)
(43, 4)
[0.80828893 1.22134927 0.9703618 ]
Classification: 1.0 0.4189189189189189 96
(39, 4)
(78, 4)
(43, 4)
[0.78575425 1.20871948 1.00552627]
Classification: 1.0 0.4189189189189189 97
(39, 4)
(78, 4)
(43, 4)
[0.77821096 1.1750347  1.04675433]
Classification: 1.0 0.4189189189189189 98
(39, 4)
(78, 4)
(43, 4)
[0.84567694 1.19281687 0.9615062 ]
Classification: 1.0 0.4189189189189189 99
(39, 4)
(78, 4)
(43, 4)
[0.84970063 1.18604164 0.96425773]
Classification: 1.0 0.4189189189189189 100
(39, 4)
(78, 4)
(43, 4)
[0.8049696  1.25900237 0.93602803]
Classification: 1.0 0.4189189189189189 101
(39, 4)
(78, 4)
(43, 4)
[0.84228116 1.17200613 0.9857127 ]
Classification: 1.0 0.4189189189189189 102
(39, 4)
(78, 4)
(43, 4)
[0.8333175  1.20352904 0.96315346]
Classification: 1.0 0.4189189189189189 103
(39, 4)
(78, 4)
(43, 4)
[0.8202775  1.27300697 0.90671553]
Classification: 1.0 0.4189189189189189 104
(39, 4)
(78, 4)
(43, 4)
[0.86426592 1.25487546 0.88085862]
Classification: 1.0 0.4189189189189189 105
(39, 4)
(78, 4)
(43, 4)
[0.87626291 1.19123668 0.93250041]
Classification: 1.0 0.4189189189189189 106
(39, 4)
(78, 4)
(43, 4)
[0.82996087 1.19891017 0.97112896]
Classification: 1.0 0.4189189189189189 107
(39, 4)
(78, 4)
(43, 4)
[0.88324895 1.20197066 0.91478039]
Classification: 1.0 0.4189189189189189 108
(39, 4)
(78, 4)
(43, 4)
[0.87963043 1.2164269  0.90394266]
Classification: 1.0 0.4189189189189189 109
(39, 4)
(78, 4)
(43, 4)
[0.8365403  1.28101542 0.88244428]
Classification: 1.0 0.4189189189189189 110
(39, 4)
(78, 4)
(43, 4)
[0.87416746 1.22835962 0.89747293]
Classification: 1.0 0.4189189189189189 111
(39, 4)
(78, 4)
(43, 4)
[0.81289353 1.23568451 0.95142196]
Classification: 1.0 0.4189189189189189 112
(39, 4)
(78, 4)
(43, 4)
[0.86360251 1.21333119 0.9230663 ]
Classification: 1.0 0.4189189189189189 113
(39, 4)
(78, 4)
(43, 4)
[0.83464752 1.2070116  0.95834087]
Classification: 1.0 0.4189189189189189 114
(39, 4)
(78, 4)
(43, 4)
[0.85139901 1.19052587 0.95807511]
Classification: 1.0 0.4189189189189189 115
(39, 4)
(78, 4)
(43, 4)
[0.86888011 1.19274527 0.93837461]
Classification: 1.0 0.4189189189189189 116
(39, 4)
(78, 4)
(43, 4)
[0.83550232 1.23148539 0.93301228]
Classification: 1.0 0.4189189189189189 117
(39, 4)
(78, 4)
(43, 4)
[0.82080543 1.18549865 0.99369592]
Classification: 1.0 0.4189189189189189 118
(39, 4)
(78, 4)
(43, 4)
[0.82111365 1.2330321  0.94585425]
Classification: 1.0 0.4189189189189189 119
(39, 4)
(78, 4)
(43, 4)
[0.88961453 1.23029701 0.88008847]
Classification: 1.0 0.4189189189189189 120
(39, 4)
(78, 4)
(43, 4)
[0.8269652  1.28588385 0.88715096]
Classification: 1.0 0.4189189189189189 121
(39, 4)
(78, 4)
(43, 4)
[0.91166807 1.22654366 0.86178827]
Classification: 1.0 0.4189189189189189 122
(39, 4)
(78, 4)
(43, 4)
[0.853029   1.27834424 0.86862675]
Classification: 1.0 0.4189189189189189 123
(39, 4)
(78, 4)
(43, 4)
[0.89331425 1.26510446 0.84158129]
Classification: 1.0 0.4189189189189189 124
(39, 4)
(78, 4)
(43, 4)
[0.88935185 1.19984141 0.91080675]
Classification: 1.0 0.4189189189189189 125
(39, 4)
(78, 4)
(43, 4)
[0.82847033 1.27257619 0.89895348]
Classification: 1.0 0.4189189189189189 126
(39, 4)
(78, 4)
(43, 4)
[0.8054556  1.30656986 0.88797454]
Classification: 1.0 0.4189189189189189 127
(39, 4)
(78, 4)
(43, 4)
[0.8516008  1.27738228 0.87101692]
Classification: 1.0 0.4189189189189189 128
(39, 4)
(78, 4)
(43, 4)
[0.90918065 1.23343426 0.85738509]
Classification: 1.0 0.4189189189189189 129
(39, 4)
(78, 4)
(43, 4)
[0.8661245  1.31140345 0.82247205]
Classification: 1.0 0.4189189189189189 130
(39, 4)
(78, 4)
(43, 4)
[0.88254909 1.21365977 0.90379114]
Classification: 1.0 0.4189189189189189 131
(39, 4)
(78, 4)
(43, 4)
[0.8845159  1.27061338 0.84487072]
Classification: 1.0 0.4189189189189189 132
(39, 4)
(78, 4)
(43, 4)
[0.85903968 1.27809341 0.86286691]
Classification: 1.0 0.4189189189189189 133
(39, 4)
(78, 4)
(43, 4)
[0.85609095 1.30867136 0.8352377 ]
Classification: 1.0 0.40540540540540543 134
(39, 4)
(78, 4)
(43, 4)
[0.85234369 1.27900554 0.86865077]
Classification: 1.0 0.40540540540540543 135
(39, 4)
(78, 4)
(43, 4)
[0.88204381 1.28537629 0.8325799 ]
Classification: 1.0 0.40540540540540543 136
(39, 4)
(78, 4)
(43, 4)
[0.87127174 1.29321409 0.83551417]
Classification: 1.0 0.4189189189189189 137
(39, 4)
(78, 4)
(43, 4)
[0.84219101 1.29207671 0.86573227]
Classification: 1.0 0.40540540540540543 138
(39, 4)
(78, 4)
(43, 4)
[0.88746105 1.25436165 0.85817729]
Classification: 1.0 0.43243243243243246 139
(39, 4)
(78, 4)
(43, 4)
[0.89212185 1.25089002 0.85698813]
Classification: 1.0 0.4189189189189189 140
(39, 4)
(78, 4)
(43, 4)
[0.88019091 1.23975142 0.88005767]
Classification: 1.0 0.4189189189189189 141
(39, 4)
(78, 4)
(43, 4)
[0.87671015 1.23193028 0.89135957]
Classification: 1.0 0.40540540540540543 142
(39, 4)
(78, 4)
(43, 4)
[0.88956793 1.25905499 0.85137708]
Classification: 1.0 0.40540540540540543 143
(39, 4)
(78, 4)
(43, 4)
[0.83560745 1.2604692  0.90392334]
Classification: 1.0 0.40540540540540543 144
(39, 4)
(78, 4)
(43, 4)
[0.877625   1.22026112 0.90211388]
Classification: 1.0 0.40540540540540543 145
(39, 4)
(78, 4)
(43, 4)
[0.9264272  1.21183923 0.86173358]
Classification: 1.0 0.40540540540540543 146
(39, 4)
(78, 4)
(43, 4)
[0.8626321 1.2229342 0.9144337]
Classification: 1.0 0.3918918918918919 147
(39, 4)
(78, 4)
(43, 4)
[0.90079355 1.19768729 0.90151916]
Classification: 1.0 0.3918918918918919 148
(39, 4)
(78, 4)
(43, 4)
[0.91538824 1.20178163 0.88283013]
Classification: 1.0 0.3918918918918919 149
(39, 4)
(78, 4)
(43, 4)
[0.89666617 1.21039153 0.89294231]
Classification: 1.0 0.3918918918918919 150
(39, 4)
(78, 4)
(43, 4)
[0.92000324 1.20568295 0.87431381]
Classification: 1.0 0.3918918918918919 151
(39, 4)
(78, 4)
(43, 4)
[0.92500206 1.16548186 0.90951609]
Classification: 1.0 0.3918918918918919 152
(39, 4)
(78, 4)
(43, 4)
[0.89591264 1.19460961 0.90947775]
Classification: 1.0 0.3918918918918919 153
(39, 4)
(78, 4)
(43, 4)
[0.86718771 1.19997297 0.93283932]
Classification: 1.0 0.3918918918918919 154
(39, 4)
(78, 4)
(43, 4)
[0.93480879 1.16126896 0.90392226]
Classification: 1.0 0.3918918918918919 155
(39, 4)
(78, 4)
(43, 4)
[0.92888943 1.14667293 0.92443764]
Classification: 1.0 0.40540540540540543 156
(39, 4)
(78, 4)
(43, 4)
[0.87063092 1.19799555 0.93137353]
Classification: 1.0 0.40540540540540543 157
(39, 4)
(78, 4)
(43, 4)
[0.8765686  1.22161258 0.90181882]
Classification: 1.0 0.40540540540540543 158
(39, 4)
(78, 4)
(43, 4)
[0.86524269 1.21454963 0.92020769]
Classification: 1.0 0.3918918918918919 159
(39, 4)
(78, 4)
(43, 4)
[0.85546423 1.21065616 0.93387962]
Classification: 1.0 0.3918918918918919 160
(39, 4)
(78, 4)
(43, 4)
[0.83229406 1.25218477 0.91552117]
Classification: 1.0 0.3918918918918919 161
(39, 4)
(78, 4)
(43, 4)
[0.8819291  1.24367522 0.87439568]
Classification: 1.0 0.3918918918918919 162
(39, 4)
(78, 4)
(43, 4)
[0.87568309 1.12104927 1.00326763]
Classification: 1.0 0.3918918918918919 163
(39, 4)
(78, 4)
(43, 4)
[0.83802539 1.20774907 0.95422554]
Classification: 1.0 0.40540540540540543 164
(39, 4)
(78, 4)
(43, 4)
[0.88363137 1.15584841 0.96052022]
Classification: 1.0 0.40540540540540543 165
(39, 4)
(78, 4)
(43, 4)
[0.89603333 1.1274259  0.97654077]
Classification: 1.0 0.3918918918918919 166
(39, 4)
(78, 4)
(43, 4)
[0.89006759 1.18416831 0.9257641 ]
Classification: 1.0 0.3918918918918919 167
(39, 4)
(78, 4)
(43, 4)
[0.93913563 1.14573208 0.91513229]
Classification: 1.0 0.3918918918918919 168
(39, 4)
(78, 4)
(43, 4)
[0.88422916 1.16239392 0.95337693]
Classification: 1.0 0.3918918918918919 169
(39, 4)
(78, 4)
(43, 4)
[0.93210686 1.17124802 0.89664512]
Classification: 1.0 0.40540540540540543 170
(39, 4)
(78, 4)
(43, 4)
[0.94952356 1.15529657 0.89517987]
Classification: 1.0 0.40540540540540543 171
(39, 4)
(78, 4)
(43, 4)
[0.92991487 1.11202304 0.95806209]
Classification: 1.0 0.40540540540540543 172
(39, 4)
(78, 4)
(43, 4)
[0.90484677 1.13184888 0.96330436]
Classification: 1.0 0.40540540540540543 173
(39, 4)
(78, 4)
(43, 4)
[0.89182703 1.12379745 0.98437551]
Classification: 1.0 0.40540540540540543 174
(39, 4)
(78, 4)
(43, 4)
[0.92371874 1.16756878 0.90871248]
Classification: 1.0 0.40540540540540543 175
(39, 4)
(78, 4)
(43, 4)
[0.87596684 1.22666209 0.89737107]
Classification: 1.0 0.40540540540540543 176
(39, 4)
(78, 4)
(43, 4)
[0.9095686  1.12610484 0.96432656]
Classification: 1.0 0.40540540540540543 177
(39, 4)
(78, 4)
(43, 4)
[0.92862328 1.15447712 0.91689959]
Classification: 1.0 0.40540540540540543 178
(39, 4)
(78, 4)
(43, 4)
[0.87110908 1.16498044 0.96391048]
Classification: 1.0 0.3918918918918919 179
(39, 4)
(78, 4)
(43, 4)
[0.88911778 1.15281331 0.95806891]
Classification: 1.0 0.40540540540540543 180
(39, 4)
(78, 4)
(43, 4)
[0.89863331 1.1981273  0.90323939]
Classification: 1.0 0.3918918918918919 181
(39, 4)
(78, 4)
(43, 4)
[0.9661194  1.12421178 0.90966882]
Classification: 1.0 0.3918918918918919 182
(39, 4)
(78, 4)
(43, 4)
[0.91014661 1.14755179 0.94230159]
Classification: 1.0 0.3783783783783784 183
(39, 4)
(78, 4)
(43, 4)
[0.86743613 1.1792958  0.95326807]
Classification: 1.0 0.3783783783783784 184
(39, 4)
(78, 4)
(43, 4)
[0.87459565 1.09526654 1.03013781]
Classification: 1.0 0.3918918918918919 185
(39, 4)
(78, 4)
(43, 4)
[0.88318867 1.19344491 0.92336641]
Classification: 1.0 0.3783783783783784 186
(39, 4)
(78, 4)
(43, 4)
[0.86525843 1.17412906 0.96061251]
Classification: 1.0 0.3783783783783784 187
(39, 4)
(78, 4)
(43, 4)
[0.87328812 1.17202346 0.95468842]
Classification: 1.0 0.3783783783783784 188
(39, 4)
(78, 4)
(43, 4)
[0.91792005 1.11137428 0.97070567]
Classification: 1.0 0.3783783783783784 189
(39, 4)
(78, 4)
(43, 4)
[0.92432094 1.09222063 0.98345842]
Classification: 1.0 0.3783783783783784 190
(39, 4)
(78, 4)
(43, 4)
[0.88839271 1.15200337 0.95960392]
Classification: 1.0 0.3918918918918919 191
(39, 4)
(78, 4)
(43, 4)
[0.9377279  1.04124958 1.02102252]
Classification: 1.0 0.3918918918918919 192
(39, 4)
(78, 4)
(43, 4)
[0.94287573 1.09372642 0.96339785]
Classification: 1.0 0.3918918918918919 193
(39, 4)
(78, 4)
(43, 4)
[0.90096811 1.12199153 0.97704036]
Classification: 1.0 0.3918918918918919 194
(39, 4)
(78, 4)
(43, 4)
[0.95637199 1.11198903 0.93163898]
Classification: 1.0 0.3783783783783784 195
(39, 4)
(78, 4)
(43, 4)
[0.93698741 1.09366842 0.96934417]
Classification: 1.0 0.3918918918918919 196
(39, 4)
(78, 4)
(43, 4)
[0.96993318 1.10370269 0.92636413]
Classification: 1.0 0.3783783783783784 197
(39, 4)
(78, 4)
(43, 4)
[0.91574038 1.16871053 0.91554908]
Classification: 1.0 0.3918918918918919 198
(39, 4)
(78, 4)
(43, 4)
[0.95484025 1.10267432 0.94248542]
Classification: 1.0 0.3918918918918919 199
(39, 4)
(78, 4)
(43, 4)
[0.9038635  1.09671105 0.99942545]
Classification: 1.0 0.3918918918918919 200
(39, 4)
(78, 4)
(43, 4)
[0.88113903 1.12660506 0.99225591]
Classification: 1.0 0.3783783783783784 201
(39, 4)
(78, 4)
(43, 4)
[0.90408486 1.13904183 0.95687332]
Classification: 1.0 0.3783783783783784 202
(39, 4)
(78, 4)
(43, 4)
[0.90417328 1.1210017  0.97482502]
Classification: 1.0 0.3783783783783784 203
(39, 4)
(78, 4)
(43, 4)
[0.87971849 1.15767967 0.96260184]
Classification: 1.0 0.3783783783783784 204
(39, 4)
(78, 4)
(43, 4)
[0.88280482 1.15122363 0.96597154]
Classification: 1.0 0.3918918918918919 205
(39, 4)
(78, 4)
(43, 4)
[0.94822747 1.0754773  0.97629523]
Classification: 1.0 0.3918918918918919 206
(39, 4)
(78, 4)
(43, 4)
[0.94110536 1.08327427 0.97562037]
Classification: 1.0 0.3918918918918919 207
(39, 4)
(78, 4)
(43, 4)
[0.92102674 1.0671244  1.01184886]
Classification: 1.0 0.3918918918918919 208
(39, 4)
(78, 4)
(43, 4)
[0.88176545 1.12339076 0.99484379]
Classification: 1.0 0.3918918918918919 209
(39, 4)
(78, 4)
(43, 4)
[0.92779067 1.11473667 0.95747266]
Classification: 1.0 0.3783783783783784 210
(39, 4)
(78, 4)
(43, 4)
[0.97057498 1.05656104 0.97286398]
Classification: 1.0 0.3783783783783784 211
(39, 4)
(78, 4)
(43, 4)
[0.94768676 1.10419777 0.94811547]
Classification: 1.0 0.3783783783783784 212
(39, 4)
(78, 4)
(43, 4)
[0.94757243 1.07394551 0.97848206]
Classification: 1.0 0.3783783783783784 213
(39, 4)
(78, 4)
(43, 4)
[0.9094596 1.1224952 0.9680452]
Classification: 1.0 0.3783783783783784 214
(39, 4)
(78, 4)
(43, 4)
[0.98723815 1.09727133 0.91549052]
Classification: 1.0 0.3783783783783784 215
(39, 4)
(78, 4)
(43, 4)
[1.00063668 1.04572475 0.95363856]
Classification: 1.0 0.3783783783783784 216
(39, 4)
(78, 4)
(43, 4)
[0.95701523 1.08162774 0.96135704]
Classification: 1.0 0.3783783783783784 217
(39, 4)
(78, 4)
(43, 4)
[1.00227586 1.06592558 0.93179856]
Classification: 1.0 0.3783783783783784 218
(39, 4)
(78, 4)
(43, 4)
[0.90709505 1.11414299 0.97876196]
Classification: 1.0 0.3918918918918919 219
(39, 4)
(78, 4)
(43, 4)
[0.901988   1.16291119 0.93510081]
Classification: 1.0 0.3918918918918919 220
(39, 4)
(78, 4)
(43, 4)
[1.00288514 1.09004025 0.90707461]
Classification: 1.0 0.40540540540540543 221
(39, 4)
(78, 4)
(43, 4)
[0.87664395 1.17266383 0.95069223]
Classification: 1.0 0.3918918918918919 222
(39, 4)
(78, 4)
(43, 4)
[0.9530779  1.10855008 0.93837202]
Classification: 1.0 0.40540540540540543 223
(39, 4)
(78, 4)
(43, 4)
[0.95721635 1.08648075 0.9563029 ]
Classification: 1.0 0.3918918918918919 224
(39, 4)
(78, 4)
(43, 4)
[0.91614563 1.14562071 0.93823366]
Classification: 1.0 0.3918918918918919 225
(39, 4)
(78, 4)
(43, 4)
[0.96068809 1.06329396 0.97601795]
Classification: 1.0 0.3918918918918919 226
(39, 4)
(78, 4)
(43, 4)
[0.97139746 1.06209148 0.96651105]
Classification: 1.0 0.3918918918918919 227
(39, 4)
(78, 4)
(43, 4)
[0.92132993 1.1613133  0.91735677]
Classification: 1.0 0.40540540540540543 228
(39, 4)
(78, 4)
(43, 4)
[0.93219531 1.09203146 0.97577323]
Classification: 1.0 0.40540540540540543 229
(39, 4)
(78, 4)
(43, 4)
[0.98520787 1.05545667 0.95933546]
Classification: 1.0 0.40540540540540543 230
(39, 4)
(78, 4)
(43, 4)
[1.00443219 1.06758001 0.9279878 ]
Classification: 1.0 0.40540540540540543 231
(39, 4)
(78, 4)
(43, 4)
[0.94869365 1.08941533 0.96189102]
Classification: 1.0 0.40540540540540543 232
(39, 4)
(78, 4)
(43, 4)
[0.98307226 1.02311767 0.99381006]
Classification: 1.0 0.40540540540540543 233
(39, 4)
(78, 4)
(43, 4)
[0.9615162  1.09024472 0.94823908]
Classification: 1.0 0.4189189189189189 234
(39, 4)
(78, 4)
(43, 4)
[0.97840314 1.13380112 0.88779575]
Classification: 1.0 0.4189189189189189 235
(39, 4)
(78, 4)
(43, 4)
[0.96518439 1.11960795 0.91520766]
Classification: 1.0 0.40540540540540543 236
(39, 4)
(78, 4)
(43, 4)
[0.97267002 1.09563249 0.93169749]
Classification: 1.0 0.40540540540540543 237
(39, 4)
(78, 4)
(43, 4)
[0.96670131 1.06962089 0.9636778 ]
Classification: 1.0 0.40540540540540543 238
(39, 4)
(78, 4)
(43, 4)
[0.95597442 1.07169944 0.97232613]
Classification: 1.0 0.4189189189189189 239
(39, 4)
(78, 4)
(43, 4)
[0.94617782 1.07650593 0.97731626]
Classification: 1.0 0.4189189189189189 240
(39, 4)
(78, 4)
(43, 4)
[0.95750695 1.06473421 0.97775884]
Classification: 1.0 0.4189189189189189 241
(39, 4)
(78, 4)
(43, 4)
[1.04456591 0.96821527 0.98721882]
Classification: 1.0 0.4189189189189189 242
(39, 4)
(78, 4)
(43, 4)
[0.97903037 1.09847738 0.92249224]
Classification: 1.0 0.4189189189189189 243
(39, 4)
(78, 4)
(43, 4)
[0.96930272 1.05904331 0.97165397]
Classification: 1.0 0.4189189189189189 244
(39, 4)
(78, 4)
(43, 4)
[0.91069344 1.08280441 1.00650215]
Classification: 1.0 0.4189189189189189 245
(39, 4)
(78, 4)
(43, 4)
[0.9734661  1.00953968 1.01699422]
Classification: 1.0 0.4189189189189189 246
(39, 4)
(78, 4)
(43, 4)
[0.99113102 0.99861183 1.01025715]
Classification: 1.0 0.40540540540540543 247
(39, 4)
(78, 4)
(43, 4)
[0.94603749 1.05419041 0.9997721 ]
Classification: 1.0 0.4189189189189189 248
(39, 4)
(78, 4)
(43, 4)
[0.97593254 1.03259978 0.99146769]
Classification: 1.0 0.4189189189189189 249
(39, 4)
(78, 4)
(43, 4)
[0.96804262 1.02526072 1.00669665]
Classification: 1.0 0.4189189189189189 250
(39, 4)
(78, 4)
(43, 4)
[0.90323055 1.07054461 1.02622484]
Classification: 1.0 0.4189189189189189 251
(39, 4)
(78, 4)
(43, 4)
[0.97175795 1.05771945 0.9705226 ]
Classification: 1.0 0.4189189189189189 252
(39, 4)
(78, 4)
(43, 4)
[0.90678827 1.03219149 1.06102023]
Classification: 1.0 0.40540540540540543 253
(39, 4)
(78, 4)
(43, 4)
[0.96767401 1.04626706 0.98605894]
Classification: 1.0 0.4189189189189189 254
(39, 4)
(78, 4)
(43, 4)
[1.00430094 1.03961441 0.95608465]
Classification: 1.0 0.40540540540540543 255
(39, 4)
(78, 4)
(43, 4)
[0.93290088 1.04653437 1.02056475]
Classification: 1.0 0.4189189189189189 256
(39, 4)
(78, 4)
(43, 4)
[0.9280061 1.0802923 0.9917016]
Classification: 1.0 0.4189189189189189 257
(39, 4)
(78, 4)
(43, 4)
[0.93674501 1.1746979  0.88855709]
Classification: 1.0 0.4189189189189189 258
(39, 4)
(78, 4)
(43, 4)
[0.97666624 1.08524578 0.93808798]
Classification: 1.0 0.4189189189189189 259
(39, 4)
(78, 4)
(43, 4)
[0.92729039 1.09068218 0.98202743]
Classification: 1.0 0.4189189189189189 260
(39, 4)
(78, 4)
(43, 4)
[1.02814316 1.01620152 0.95565532]
Classification: 1.0 0.4189189189189189 261
(39, 4)
(78, 4)
(43, 4)
[0.98632843 1.05461811 0.95905347]
Classification: 1.0 0.4189189189189189 262
(39, 4)
(78, 4)
(43, 4)
[0.98283355 1.04790943 0.96925703]
Classification: 1.0 0.43243243243243246 263
(39, 4)
(78, 4)
(43, 4)
[0.95251359 1.07499992 0.97248649]
Classification: 1.0 0.4189189189189189 264
(39, 4)
(78, 4)
(43, 4)
[0.95839793 1.09817508 0.94342699]
Classification: 1.0 0.4189189189189189 265
(39, 4)
(78, 4)
(43, 4)
[0.95042299 1.064012   0.98556501]
Classification: 1.0 0.4189189189189189 266
(39, 4)
(78, 4)
(43, 4)
[0.93747867 1.04421697 1.01830437]
Classification: 1.0 0.4189189189189189 267
(39, 4)
(78, 4)
(43, 4)
[0.93085354 1.06052788 1.00861858]
Classification: 1.0 0.4189189189189189 268
(39, 4)
(78, 4)
(43, 4)
[0.96418683 1.05497615 0.98083702]
Classification: 1.0 0.4189189189189189 269
(39, 4)
(78, 4)
(43, 4)
[0.97493247 1.02773789 0.99732964]
Classification: 1.0 0.4189189189189189 270
(39, 4)
(78, 4)
(43, 4)
[0.979501   1.00399732 1.01650168]
Classification: 1.0 0.4189189189189189 271
(39, 4)
(78, 4)
(43, 4)
[0.96521545 1.04802782 0.98675673]
Classification: 1.0 0.43243243243243246 272
(39, 4)
(78, 4)
(43, 4)
[1.0001149  1.06135233 0.93853277]
Classification: 1.0 0.4189189189189189 273
(39, 4)
(78, 4)
(43, 4)
[1.00820077 1.04312966 0.94866956]
Classification: 1.0 0.4189189189189189 274
(39, 4)
(78, 4)
(43, 4)
[0.99232168 1.02773224 0.97994608]
Classification: 1.0 0.4189189189189189 275
(39, 4)
(78, 4)
(43, 4)
[1.03325444 1.02938337 0.93736219]
Classification: 1.0 0.4189189189189189 276
(39, 4)
(78, 4)
(43, 4)
[0.9374321  1.09138907 0.97117883]
Classification: 1.0 0.4189189189189189 277
(39, 4)
(78, 4)
(43, 4)
[1.00264285 1.03670033 0.96065683]
Classification: 1.0 0.4189189189189189 278
(39, 4)
(78, 4)
(43, 4)
[0.97778368 0.99089476 1.03132156]
Classification: 1.0 0.4189189189189189 279
(39, 4)
(78, 4)
(43, 4)
[0.92786003 0.99818014 1.07395983]
Classification: 1.0 0.4189189189189189 280
(39, 4)
(78, 4)
(43, 4)
[0.94401051 1.03531218 1.02067731]
Classification: 1.0 0.4189189189189189 281
(39, 4)
(78, 4)
(43, 4)
[0.97305095 0.97282599 1.05412306]
Classification: 1.0 0.4189189189189189 282
(39, 4)
(78, 4)
(43, 4)
[0.91536455 1.02837517 1.05626028]
Classification: 1.0 0.4189189189189189 283
(39, 4)
(78, 4)
(43, 4)
[0.96133086 0.9633269  1.07534224]
Classification: 1.0 0.4189189189189189 284
(39, 4)
(78, 4)
(43, 4)
[0.9663716  1.00967577 1.02395263]
Classification: 1.0 0.4189189189189189 285
(39, 4)
(78, 4)
(43, 4)
[1.01272091 0.92494075 1.06233834]
Classification: 1.0 0.4189189189189189 286
(39, 4)
(78, 4)
(43, 4)
[0.95796972 0.96763621 1.07439407]
Classification: 1.0 0.4189189189189189 287
(39, 4)
(78, 4)
(43, 4)
[0.9766464  0.99764125 1.02571235]
Classification: 1.0 0.4189189189189189 288
(39, 4)
(78, 4)
(43, 4)
[0.91956692 1.00336107 1.07707201]
Classification: 1.0 0.4189189189189189 289
(39, 4)
(78, 4)
(43, 4)
[0.95824726 0.9568246  1.08492814]
Classification: 1.0 0.4189189189189189 290
(39, 4)
(78, 4)
(43, 4)
[0.99220275 0.95952393 1.04827332]
Classification: 1.0 0.4189189189189189 291
(39, 4)
(78, 4)
(43, 4)
[0.99688144 0.94479496 1.0583236 ]
Classification: 1.0 0.43243243243243246 292
(39, 4)
(78, 4)
(43, 4)
[0.98743065 0.94260069 1.06996866]
Classification: 1.0 0.43243243243243246 293
(39, 4)
(78, 4)
(43, 4)
[1.01491117 0.97159834 1.01349049]
Classification: 1.0 0.43243243243243246 294
(39, 4)
(78, 4)
(43, 4)
[0.97104284 0.98568879 1.04326836]
Classification: 1.0 0.43243243243243246 295
(39, 4)
(78, 4)
(43, 4)
[0.95976534 1.03904916 1.00118549]
Classification: 1.0 0.43243243243243246 296
(39, 4)
(78, 4)
(43, 4)
[0.97708416 1.00975728 1.01315855]
Classification: 1.0 0.4189189189189189 297
(39, 4)
(78, 4)
(43, 4)
[0.95800794 0.99980513 1.04218692]
Classification: 1.0 0.4189189189189189 298
(39, 4)
(78, 4)
(43, 4)
[1.02845228 0.9374274  1.03412032]
Classification: 1.0 0.4189189189189189 299
(39, 4)
(78, 4)
(43, 4)
[0.99463004 0.94199184 1.06337812]
Classification: 1.0 0.4189189189189189 300
(39, 4)
(78, 4)
(43, 4)
[0.97044962 1.05161766 0.97793272]
Classification: 1.0 0.4189189189189189 301
(39, 4)
(78, 4)
(43, 4)
[0.96360647 0.97864675 1.05774678]
Classification: 1.0 0.4189189189189189 302
(39, 4)
(78, 4)
(43, 4)
[0.977154   0.98041485 1.04243115]
Classification: 1.0 0.4189189189189189 303
(39, 4)
(78, 4)
(43, 4)
[0.957922   1.04563053 0.99644747]
Classification: 1.0 0.43243243243243246 304
(39, 4)
(78, 4)
(43, 4)
[0.98006129 1.06494478 0.95499392]
Classification: 1.0 0.4189189189189189 305
(39, 4)
(78, 4)
(43, 4)
[0.94853478 1.03656092 1.0149043 ]
Classification: 1.0 0.43243243243243246 306
(39, 4)
(78, 4)
(43, 4)
[0.97533846 1.01470971 1.00995184]
Classification: 1.0 0.4189189189189189 307
(39, 4)
(78, 4)
(43, 4)
[0.95127562 1.00388252 1.04484186]
Classification: 1.0 0.43243243243243246 308
(39, 4)
(78, 4)
(43, 4)
[0.97109414 0.98356579 1.04534007]
Classification: 1.0 0.43243243243243246 309
(39, 4)
(78, 4)
(43, 4)
[0.95771375 1.00231512 1.03997113]
Classification: 1.0 0.43243243243243246 310
(39, 4)
(78, 4)
(43, 4)
[0.95562818 1.02629778 1.01807403]
Classification: 1.0 0.4189189189189189 311
(39, 4)
(78, 4)
(43, 4)
[0.92000925 1.04120649 1.03878426]
Classification: 1.0 0.4189189189189189 312
(39, 4)
(78, 4)
(43, 4)
[0.93233193 1.07118912 0.99647895]
Classification: 1.0 0.4189189189189189 313
(39, 4)
(78, 4)
(43, 4)
[0.95645504 0.99845905 1.04508592]
Classification: 1.0 0.4189189189189189 314
(39, 4)
(78, 4)
(43, 4)
[0.96030762 0.9323331  1.10735928]
Classification: 1.0 0.4189189189189189 315
(39, 4)
(78, 4)
(43, 4)
[0.96016883 0.98781756 1.05201361]
Classification: 1.0 0.4189189189189189 316
(39, 4)
(78, 4)
(43, 4)
[0.97577723 0.95002904 1.07419373]
Classification: 1.0 0.4189189189189189 317
(39, 4)
(78, 4)
(43, 4)
[0.96937271 0.98269337 1.04793392]
Classification: 1.0 0.4189189189189189 318
(39, 4)
(78, 4)
(43, 4)
[0.98252543 1.02767019 0.98980437]
Classification: 1.0 0.4189189189189189 319
(39, 4)
(78, 4)
(43, 4)
[0.97268329 0.94741637 1.07990034]
Classification: 1.0 0.4189189189189189 320
(39, 4)
(78, 4)
(43, 4)
[0.96008876 0.9927888  1.04712244]
Classification: 1.0 0.4189189189189189 321
(39, 4)
(78, 4)
(43, 4)
[1.04193377 0.89251714 1.06554909]
Classification: 1.0 0.4189189189189189 322
(39, 4)
(78, 4)
(43, 4)
[0.95004919 0.9631001  1.08685071]
Classification: 1.0 0.4189189189189189 323
(39, 4)
(78, 4)
(43, 4)
[0.88476083 0.97635321 1.13888597]
Classification: 1.0 0.4189189189189189 324
(39, 4)
(78, 4)
(43, 4)
[0.94864772 0.99672277 1.0546295 ]
Classification: 1.0 0.4189189189189189 325
(39, 4)
(78, 4)
(43, 4)
[0.94123155 0.98327582 1.07549263]
Classification: 1.0 0.4189189189189189 326
(39, 4)
(78, 4)
(43, 4)
[0.98459924 0.96549578 1.04990498]
Classification: 1.0 0.4189189189189189 327
(39, 4)
(78, 4)
(43, 4)
[0.94780845 0.96204748 1.09014407]
Classification: 1.0 0.4189189189189189 328
(39, 4)
(78, 4)
(43, 4)
[0.96166953 0.97148434 1.06684613]
Classification: 1.0 0.4189189189189189 329
(39, 4)
(78, 4)
(43, 4)
[0.99125648 0.95827431 1.05046921]
Classification: 1.0 0.4189189189189189 330
(39, 4)
(78, 4)
(43, 4)
[0.96075599 0.98414604 1.05509797]
Classification: 1.0 0.4189189189189189 331
(39, 4)
(78, 4)
(43, 4)
[1.00416422 0.98721881 1.00861697]
Classification: 1.0 0.43243243243243246 332
(39, 4)
(78, 4)
(43, 4)
[0.95878736 0.94846975 1.0927429 ]
Classification: 1.0 0.4189189189189189 333
(39, 4)
(78, 4)
(43, 4)
[0.99534582 0.97892677 1.02572742]
Classification: 1.0 0.4189189189189189 334
(39, 4)
(78, 4)
(43, 4)
[1.04345974 0.93330741 1.02323286]
Classification: 1.0 0.4189189189189189 335
(39, 4)
(78, 4)
(43, 4)
[0.95234248 0.97540144 1.07225607]
Classification: 1.0 0.4189189189189189 336
(39, 4)
(78, 4)
(43, 4)
[0.99600881 0.99891121 1.00507999]
Classification: 1.0 0.4189189189189189 337
(39, 4)
(78, 4)
(43, 4)
[1.04756214 0.90252002 1.04991784]
Classification: 1.0 0.4189189189189189 338
(39, 4)
(78, 4)
(43, 4)
[0.92241508 0.9819647  1.09562022]
Classification: 1.0 0.4189189189189189 339
(39, 4)
(78, 4)
(43, 4)
[1.02836939 0.92924313 1.04238748]
Classification: 1.0 0.4189189189189189 340
(39, 4)
(78, 4)
(43, 4)
[1.03135708 0.91479454 1.05384838]
Classification: 1.0 0.4189189189189189 341
(39, 4)
(78, 4)
(43, 4)
[0.96657266 0.91301719 1.12041016]
Classification: 1.0 0.4189189189189189 342
(39, 4)
(78, 4)
(43, 4)
[1.02203914 0.93769582 1.04026503]
Classification: 1.0 0.4189189189189189 343
(39, 4)
(78, 4)
(43, 4)
[0.95434286 0.99023866 1.05541848]
Classification: 1.0 0.4189189189189189 344
(39, 4)
(78, 4)
(43, 4)
[1.01778091 0.97257435 1.00964474]
Classification: 1.0 0.4189189189189189 345
(39, 4)
(78, 4)
(43, 4)
[1.01398159 0.93796441 1.048054  ]
Classification: 1.0 0.4189189189189189 346
(39, 4)
(78, 4)
(43, 4)
[0.96394391 0.98337043 1.05268567]
Classification: 1.0 0.4189189189189189 347
(39, 4)
(78, 4)
(43, 4)
[0.93711741 0.99196432 1.07091827]
Classification: 1.0 0.4189189189189189 348
(39, 4)
(78, 4)
(43, 4)
[1.01394435 0.9284138  1.05764185]
Classification: 1.0 0.4189189189189189 349
(39, 4)
(78, 4)
(43, 4)
[1.03721089 0.97680989 0.98597922]
Classification: 1.0 0.4189189189189189 350
(39, 4)
(78, 4)
(43, 4)
[0.95502883 0.9541914  1.09077977]
Classification: 1.0 0.4189189189189189 351
(39, 4)
(78, 4)
(43, 4)
[0.99162256 0.95494626 1.05343117]
Classification: 1.0 0.4189189189189189 352
(39, 4)
(78, 4)
(43, 4)
[0.94327331 1.029862   1.02686469]
Classification: 1.0 0.4189189189189189 353
(39, 4)
(78, 4)
(43, 4)
[0.95446231 1.01094717 1.03459053]
Classification: 1.0 0.4189189189189189 354
(39, 4)
(78, 4)
(43, 4)
[0.97360365 0.98813239 1.03826396]
Classification: 1.0 0.4189189189189189 355
(39, 4)
(78, 4)
(43, 4)
[0.93890805 1.01629698 1.04479497]
Classification: 1.0 0.4189189189189189 356
(39, 4)
(78, 4)
(43, 4)
[1.01745015 0.93023667 1.05231317]
Classification: 1.0 0.4189189189189189 357
(39, 4)
(78, 4)
(43, 4)
[0.96958808 0.97171975 1.05869217]
Classification: 1.0 0.4189189189189189 358
(39, 4)
(78, 4)
(43, 4)
[1.02056995 0.96621476 1.0132153 ]
Classification: 1.0 0.4189189189189189 359
(39, 4)
(78, 4)
(43, 4)
[0.93951611 1.0097214  1.05076249]
Classification: 1.0 0.4189189189189189 360
(39, 4)
(78, 4)
(43, 4)
[1.02425555 0.96618139 1.00956306]
Classification: 1.0 0.4189189189189189 361
(39, 4)
(78, 4)
(43, 4)
[0.9985119  0.95311728 1.04837082]
Classification: 1.0 0.4189189189189189 362
(39, 4)
(78, 4)
(43, 4)
[1.06414629 0.91905    1.01680372]
Classification: 1.0 0.4189189189189189 363
(39, 4)
(78, 4)
(43, 4)
[1.0622936  0.92241826 1.01528814]
Classification: 1.0 0.4189189189189189 364
(39, 4)
(78, 4)
(43, 4)
[1.08003815 0.89566875 1.0242931 ]
Classification: 1.0 0.4189189189189189 365
(39, 4)
(78, 4)
(43, 4)
[1.00086061 0.93226534 1.06687405]
Classification: 1.0 0.4189189189189189 366
(39, 4)
(78, 4)
(43, 4)
[1.09227362 0.87411322 1.03361317]
Classification: 1.0 0.4189189189189189 367
(39, 4)
(78, 4)
(43, 4)
[1.04763095 0.93072911 1.02163994]
Classification: 1.0 0.43243243243243246 368
(39, 4)
(78, 4)
(43, 4)
[1.07300975 0.96800732 0.95898293]
Classification: 1.0 0.4189189189189189 369
(39, 4)
(78, 4)
(43, 4)
[1.06087931 0.90429651 1.03482418]
Classification: 1.0 0.43243243243243246 370
(39, 4)
(78, 4)
(43, 4)
[1.03804607 0.94478291 1.01717102]
Classification: 1.0 0.4189189189189189 371
(39, 4)
(78, 4)
(43, 4)
[1.08053618 0.94439226 0.97507156]
Classification: 1.0 0.4189189189189189 372
(39, 4)
(78, 4)
(43, 4)
[1.08910079 0.90508602 1.00581319]
Classification: 1.0 0.4189189189189189 373
(39, 4)
(78, 4)
(43, 4)
[1.07032232 0.93595106 0.99372662]
Classification: 1.0 0.4189189189189189 374
(39, 4)
(78, 4)
(43, 4)
[1.05109871 0.93881106 1.01009023]
Classification: 1.0 0.4189189189189189 375
(39, 4)
(78, 4)
(43, 4)
[1.10261197 0.92848063 0.9689074 ]
Classification: 1.0 0.4189189189189189 376
(39, 4)
(78, 4)
(43, 4)
[1.07116383 0.92023734 1.00859884]
Classification: 1.0 0.4189189189189189 377
(39, 4)
(78, 4)
(43, 4)
[1.05107763 0.93562233 1.01330004]
Classification: 1.0 0.4189189189189189 378
(39, 4)
(78, 4)
(43, 4)
[1.0109323  0.95582982 1.03323789]
Classification: 1.0 0.4189189189189189 379
(39, 4)
(78, 4)
(43, 4)
[1.14194495 0.95168982 0.90636523]
Classification: 1.0 0.4189189189189189 380
(39, 4)
(78, 4)
(43, 4)
[1.04958016 0.97441628 0.97600356]
Classification: 1.0 0.4189189189189189 381
(39, 4)
(78, 4)
(43, 4)
[1.02878934 0.99069355 0.98051711]
Classification: 1.0 0.4189189189189189 382
(39, 4)
(78, 4)
(43, 4)
[1.06392861 0.96293552 0.97313587]
Classification: 1.0 0.4189189189189189 383
(39, 4)
(78, 4)
(43, 4)
[1.07063357 0.94049056 0.98887587]
Classification: 1.0 0.4189189189189189 384
(39, 4)
(78, 4)
(43, 4)
[1.0386293  0.97060297 0.99076774]
Classification: 1.0 0.4189189189189189 385
(39, 4)
(78, 4)
(43, 4)
[1.04625779 0.9533469  1.00039531]
Classification: 1.0 0.4189189189189189 386
(39, 4)
(78, 4)
(43, 4)
[1.07562679 0.98548413 0.93888908]
Classification: 1.0 0.4189189189189189 387
(39, 4)
(78, 4)
(43, 4)
[1.07558693 0.94736179 0.97705129]
Classification: 1.0 0.4189189189189189 388
(39, 4)
(78, 4)
(43, 4)
[1.02769756 0.98246269 0.98983975]
Classification: 1.0 0.4189189189189189 389
(39, 4)
(78, 4)
(43, 4)
[1.05580745 1.04947398 0.89471857]
Classification: 1.0 0.4189189189189189 390
(39, 4)
(78, 4)
(43, 4)
[1.05436091 0.95398878 0.99165031]
Classification: 1.0 0.4189189189189189 391
(39, 4)
(78, 4)
(43, 4)
[1.06740231 0.98442293 0.94817475]
Classification: 1.0 0.4189189189189189 392
(39, 4)
(78, 4)
(43, 4)
[1.01529475 1.0013697  0.98333555]
Classification: 1.0 0.4189189189189189 393
(39, 4)
(78, 4)
(43, 4)
[1.03597446 1.00906372 0.95496182]
Classification: 1.0 0.4189189189189189 394
(39, 4)
(78, 4)
(43, 4)
[1.04966432 0.94593578 1.0043999 ]
Classification: 1.0 0.4189189189189189 395
(39, 4)
(78, 4)
(43, 4)
[1.00606547 0.99809349 0.99584104]
Classification: 1.0 0.4189189189189189 396
(39, 4)
(78, 4)
(43, 4)
[1.06430849 0.96325342 0.97243809]
Classification: 1.0 0.4189189189189189 397
(39, 4)
(78, 4)
(43, 4)
[1.05115923 0.94705609 1.00178468]
Classification: 1.0 0.4189189189189189 398
(39, 4)
(78, 4)
(43, 4)
[1.04084437 0.96499357 0.99416207]
Classification: 1.0 0.4189189189189189 399
(39, 4)
(78, 4)
(43, 4)
[1.06639594 0.96167014 0.97193392]
Classification: 1.0 0.4189189189189189 400
(39, 4)
(78, 4)
(43, 4)
[1.02802552 1.00315937 0.9688151 ]
Classification: 1.0 0.4189189189189189 401
(39, 4)
(78, 4)
(43, 4)
[1.06772918 0.97326212 0.9590087 ]
Classification: 1.0 0.4189189189189189 402
(39, 4)
(78, 4)
(43, 4)
[1.06001351 0.89119805 1.04878844]
Classification: 1.0 0.4189189189189189 403
(39, 4)
(78, 4)
(43, 4)
[1.02657349 0.98828395 0.98514256]
Classification: 1.0 0.4189189189189189 404
(39, 4)
(78, 4)
(43, 4)
[1.08491557 0.93233473 0.98274971]
Classification: 1.0 0.4189189189189189 405
(39, 4)
(78, 4)
(43, 4)
[1.01985255 0.9935906  0.98655685]
Classification: 1.0 0.4189189189189189 406
(39, 4)
(78, 4)
(43, 4)
[1.09181421 0.94634243 0.96184336]
Classification: 1.0 0.43243243243243246 407
(39, 4)
(78, 4)
(43, 4)
[1.14248073 0.89808375 0.95943552]
Classification: 1.0 0.4189189189189189 408
(39, 4)
(78, 4)
(43, 4)
[1.03547015 0.96394013 1.00058973]
Classification: 1.0 0.4189189189189189 409
(39, 4)
(78, 4)
(43, 4)
[1.00429261 0.95144441 1.04426298]
Classification: 1.0 0.4189189189189189 410
(39, 4)
(78, 4)
(43, 4)
[1.01099962 0.97620735 1.01279303]
Classification: 1.0 0.4189189189189189 411
(39, 4)
(78, 4)
(43, 4)
[1.07702566 0.93776004 0.9852143 ]
Classification: 1.0 0.4189189189189189 412
(39, 4)
(78, 4)
(43, 4)
[1.0449821  0.92241831 1.03259959]
Classification: 1.0 0.4189189189189189 413
(39, 4)
(78, 4)
(43, 4)
[1.01595114 1.00467468 0.97937418]
Classification: 1.0 0.4189189189189189 414
(39, 4)
(78, 4)
(43, 4)
[1.03571963 0.916853   1.04742737]
Classification: 1.0 0.4189189189189189 415
(39, 4)
(78, 4)
(43, 4)
[1.01796439 0.92249285 1.05954276]
Classification: 1.0 0.4189189189189189 416
(39, 4)
(78, 4)
(43, 4)
[1.0890379  0.90104323 1.00991887]
Classification: 1.0 0.4189189189189189 417
(39, 4)
(78, 4)
(43, 4)
[1.07202985 0.95082156 0.97714859]
Classification: 1.0 0.4189189189189189 418
(39, 4)
(78, 4)
(43, 4)
[1.01685763 1.00267245 0.98046992]
Classification: 1.0 0.4189189189189189 419
(39, 4)
(78, 4)
(43, 4)
[1.01116058 0.97602702 1.0128124 ]
Classification: 1.0 0.4189189189189189 420
(39, 4)
(78, 4)
(43, 4)
[0.98681212 1.00973272 1.00345516]
Classification: 1.0 0.4189189189189189 421
(39, 4)
(78, 4)
(43, 4)
[0.95620124 1.0017399  1.04205886]
Classification: 1.0 0.4189189189189189 422
(39, 4)
(78, 4)
(43, 4)
[1.02611978 0.9482352  1.02564502]
Classification: 1.0 0.4189189189189189 423
(39, 4)
(78, 4)
(43, 4)
[1.05160713 0.96387094 0.98452193]
Classification: 1.0 0.4189189189189189 424
(39, 4)
(78, 4)
(43, 4)
[1.02753693 0.98087234 0.99159073]
Classification: 1.0 0.4189189189189189 425
(39, 4)
(78, 4)
(43, 4)
[1.06868435 0.90545627 1.02585938]
Classification: 1.0 0.4189189189189189 426
(39, 4)
(78, 4)
(43, 4)
[1.05895156 0.94333471 0.99771374]
Classification: 1.0 0.4189189189189189 427
(39, 4)
(78, 4)
(43, 4)
[1.07917233 0.8981368  1.02269086]
Classification: 1.0 0.4189189189189189 428
(39, 4)
(78, 4)
(43, 4)
[1.05822867 0.98108215 0.96068918]
Classification: 1.0 0.4189189189189189 429
(39, 4)
(78, 4)
(43, 4)
[1.10101331 0.92411725 0.97486944]
Classification: 1.0 0.4189189189189189 430
(39, 4)
(78, 4)
(43, 4)
[1.04350929 0.91891524 1.03757548]
Classification: 1.0 0.4189189189189189 431
(39, 4)
(78, 4)
(43, 4)
[1.01671382 0.98760781 0.99567837]
Classification: 1.0 0.4189189189189189 432
(39, 4)
(78, 4)
(43, 4)
[1.02316788 0.92396782 1.0528643 ]
Classification: 1.0 0.4189189189189189 433
(39, 4)
(78, 4)
(43, 4)
[1.13147953 0.86942623 0.99909424]
Classification: 1.0 0.4189189189189189 434
(39, 4)
(78, 4)
(43, 4)
[1.13381297 0.93646804 0.92971898]
Classification: 1.0 0.4189189189189189 435
(39, 4)
(78, 4)
(43, 4)
[1.08234041 0.92901143 0.98864816]
Classification: 1.0 0.4189189189189189 436
(39, 4)
(78, 4)
(43, 4)
[1.09086014 0.90682203 1.00231783]
Classification: 1.0 0.4189189189189189 437
(39, 4)
(78, 4)
(43, 4)
[1.05328466 0.86758948 1.07912586]
Classification: 1.0 0.4189189189189189 438
(39, 4)
(78, 4)
(43, 4)
[1.04095173 0.93090168 1.02814659]
Classification: 1.0 0.4189189189189189 439
(39, 4)
(78, 4)
(43, 4)
[1.07577592 0.95723832 0.96698576]
Classification: 1.0 0.4189189189189189 440
(39, 4)
(78, 4)
(43, 4)
[1.06101063 0.95448376 0.98450562]
Classification: 1.0 0.4189189189189189 441
(39, 4)
(78, 4)
(43, 4)
[1.12464674 0.9051652  0.97018806]
Classification: 1.0 0.4189189189189189 442
(39, 4)
(78, 4)
(43, 4)
[1.07035798 0.90909123 1.02055078]
Classification: 1.0 0.4189189189189189 443
(39, 4)
(78, 4)
(43, 4)
[1.06174877 0.92755422 1.010697  ]
Classification: 1.0 0.4189189189189189 444
(39, 4)
(78, 4)
(43, 4)
[1.12605711 0.93872193 0.93522096]
Classification: 1.0 0.4189189189189189 445
(39, 4)
(78, 4)
(43, 4)
[1.06948731 0.93845127 0.99206142]
Classification: 1.0 0.4189189189189189 446
(39, 4)
(78, 4)
(43, 4)
[1.0508586  0.97611946 0.97302193]
Classification: 1.0 0.4189189189189189 447
(39, 4)
(78, 4)
(43, 4)
[1.09171903 0.91106247 0.9972185 ]
Classification: 1.0 0.4189189189189189 448
(39, 4)
(78, 4)
(43, 4)
[1.06510631 0.95218779 0.9827059 ]
Classification: 1.0 0.4189189189189189 449
(39, 4)
(78, 4)
(43, 4)
[1.0528004  0.94494538 1.00225422]
Classification: 1.0 0.4189189189189189 450
(39, 4)
(78, 4)
(43, 4)
[1.03840314 0.95788623 1.00371062]
Classification: 1.0 0.4189189189189189 451
(39, 4)
(78, 4)
(43, 4)
[1.11991059 0.91302499 0.96706441]
Classification: 1.0 0.4189189189189189 452
(39, 4)
(78, 4)
(43, 4)
[1.03771496 0.94182877 1.02045627]
Classification: 1.0 0.4189189189189189 453
(39, 4)
(78, 4)
(43, 4)
[1.09043197 0.87582977 1.03373826]
Classification: 1.0 0.4189189189189189 454
(39, 4)
(78, 4)
(43, 4)
[1.05172623 0.85803021 1.09024356]
Classification: 1.0 0.4189189189189189 455
(39, 4)
(78, 4)
(43, 4)
[1.07280311 0.90954805 1.01764885]
Classification: 1.0 0.4189189189189189 456
(39, 4)
(78, 4)
(43, 4)
/mnt/data/user_liangzhiyu/envs/fedcsl/lib/python3.8/site-packages/scipy/__init__.py:146: UserWarning: A NumPy version >=1.16.5 and <1.23.0 is required for this version of SciPy (detected version 1.23.5
  warnings.warn(f"A NumPy version >={np_minversion} and <{np_maxversion}"
/mnt/data/user_liangzhiyu/envs/fedcsl/lib/python3.8/site-packages/tslearn/bases/bases.py:15: UserWarning: h5py not installed, hdf5 features will not be supported.
Install h5py to use hdf5 features: http://docs.h5py.org/
  warn(h5py_msg)
/mnt/data/user_liangzhiyu/lixiongfei/CSL-main/train.py:392: UserWarning: Creating a tensor from a list of numpy.ndarrays is extremely slow. Please consider converting the list to a single numpy.ndarray with numpy.array() before converting to a tensor. (Triggered internally at /opt/conda/conda-bld/pytorch_1724789259345/work/torch/csrc/utils/tensor_new.cpp:278.)
  X = torch.tensor(X, dtype=torch.float).contiguous()
[1.02959275 0.94909056 1.02131669]
Classification: 1.0 0.4189189189189189 457
(39, 4)
(78, 4)
(43, 4)
[1.05472955 0.92162329 1.02364717]
Classification: 1.0 0.4189189189189189 458
(39, 4)
(78, 4)
(43, 4)
[1.06481762 0.9011991  1.03398328]
Classification: 1.0 0.4189189189189189 459
(39, 4)
(78, 4)
(43, 4)
[1.04652897 0.95091739 1.00255364]
Classification: 1.0 0.4189189189189189 460
(39, 4)
(78, 4)
(43, 4)
[1.06163996 0.91724817 1.02111187]
Classification: 1.0 0.4189189189189189 461
(39, 4)
(78, 4)
(43, 4)
[1.02861871 0.93792245 1.03345883]
Classification: 1.0 0.4189189189189189 462
(39, 4)
(78, 4)
(43, 4)
[1.03331737 0.96219819 1.00448444]
Classification: 1.0 0.4189189189189189 463
(39, 4)
(78, 4)
(43, 4)
[1.06798393 0.92863178 1.00338429]
Classification: 1.0 0.4189189189189189 464
(39, 4)
(78, 4)
(43, 4)
[1.07630947 0.96597298 0.95771756]
Classification: 1.0 0.4189189189189189 465
(39, 4)
(78, 4)
(43, 4)
[1.10070835 0.88369434 1.01559731]
Classification: 1.0 0.4189189189189189 466
(39, 4)
(78, 4)
(43, 4)
[1.0300499  0.98210533 0.98784478]
Classification: 1.0 0.4189189189189189 467
(39, 4)
(78, 4)
(43, 4)
[1.06399576 0.90358767 1.03241657]
Classification: 1.0 0.4189189189189189 468
(39, 4)
(78, 4)
(43, 4)
[1.0373489  0.96499569 0.9976554 ]
Classification: 1.0 0.4189189189189189 469
(39, 4)
(78, 4)
(43, 4)
[1.06068221 0.91474362 1.02457418]
Classification: 1.0 0.40540540540540543 470
(39, 4)
(78, 4)
(43, 4)
[1.03005854 0.92901782 1.04092364]
Classification: 1.0 0.40540540540540543 471
(39, 4)
(78, 4)
(43, 4)
[1.0535758 0.9029087 1.0435155]
Classification: 1.0 0.4189189189189189 472
(39, 4)
(78, 4)
(43, 4)
[1.06896759 0.88757474 1.04345767]
Classification: 1.0 0.40540540540540543 473
(39, 4)
(78, 4)
(43, 4)
[1.03209304 0.94192362 1.02598334]
Classification: 1.0 0.4189189189189189 474
(39, 4)
(78, 4)
(43, 4)
[1.01715814 0.95522988 1.02761197]
Classification: 1.0 0.4189189189189189 475
(39, 4)
(78, 4)
(43, 4)
[1.06376314 0.94428726 0.9919496 ]
Classification: 1.0 0.4189189189189189 476
(39, 4)
(78, 4)
(43, 4)
[1.0234788  0.93196488 1.04455632]
Classification: 1.0 0.4189189189189189 477
(39, 4)
(78, 4)
(43, 4)
[1.03237601 0.93055828 1.0370657 ]
Classification: 1.0 0.40540540540540543 478
(39, 4)
(78, 4)
(43, 4)
[0.99898446 0.93317404 1.0678415 ]
Classification: 1.0 0.40540540540540543 479
(39, 4)
(78, 4)
(43, 4)
[1.04175359 0.92973977 1.02850664]
Classification: 1.0 0.4189189189189189 480
(39, 4)
(78, 4)
(43, 4)
[1.04926506 0.9109949  1.03974005]
Classification: 1.0 0.40540540540540543 481
(39, 4)
(78, 4)
(43, 4)
[1.00985011 0.91018655 1.07996334]
Classification: 1.0 0.40540540540540543 482
(39, 4)
(78, 4)
(43, 4)
[1.06250451 0.91506488 1.0224306 ]
Classification: 1.0 0.4189189189189189 483
(39, 4)
(78, 4)
(43, 4)
[1.02844737 0.93376781 1.03778481]
Classification: 1.0 0.4189189189189189 484
(39, 4)
(78, 4)
(43, 4)
[0.99478758 0.97569999 1.02951243]
Classification: 1.0 0.4189189189189189 485
(39, 4)
(78, 4)
(43, 4)
[1.03127528 0.94163525 1.02708947]
Classification: 1.0 0.4189189189189189 486
(39, 4)
(78, 4)
(43, 4)
[1.04859705 0.93817755 1.01322539]
Classification: 1.0 0.4189189189189189 487
(39, 4)
(78, 4)
(43, 4)
[1.01679543 0.93264399 1.05056058]
Classification: 1.0 0.40540540540540543 488
(39, 4)
(78, 4)
(43, 4)
[1.03857158 0.93506569 1.02636273]
Classification: 1.0 0.40540540540540543 489
(39, 4)
(78, 4)
(43, 4)
[0.99103377 0.97365227 1.03531397]
Classification: 1.0 0.40540540540540543 490
(39, 4)
(78, 4)
(43, 4)
[1.03469027 0.92028097 1.04502876]
Classification: 1.0 0.40540540540540543 491
(39, 4)
(78, 4)
(43, 4)
[0.98899963 0.96597438 1.04502599]
Classification: 1.0 0.40540540540540543 492
(39, 4)
(78, 4)
(43, 4)
[1.00749822 0.94319305 1.04930873]
Classification: 1.0 0.40540540540540543 493
(39, 4)
(78, 4)
(43, 4)
[1.02449046 0.9626563  1.01285324]
Classification: 1.0 0.40540540540540543 494
(39, 4)
(78, 4)
(43, 4)
[0.94905711 1.00096425 1.04997864]
Classification: 1.0 0.40540540540540543 495
(39, 4)
(78, 4)
(43, 4)
[1.07104117 0.92767889 1.00127994]
Classification: 1.0 0.40540540540540543 496
(39, 4)
(78, 4)
(43, 4)
[1.04064731 0.94230131 1.01705137]
Classification: 1.0 0.40540540540540543 497
(39, 4)
(78, 4)
(43, 4)
[1.06137039 0.94401519 0.99461442]
Classification: 1.0 0.40540540540540543 498
(39, 4)
(78, 4)
(43, 4)
[1.00299214 0.97527006 1.0217378 ]
Classification: 1.0 0.4189189189189189 499
Traceback (most recent call last):
  File "FedCSL_All.py", line 318, in <module>
    train(dataset=args.dataset)
  File "FedCSL_All.py", line 310, in train
    torch.save(server.model.state_dict(), f'./checkpoint/{dataset}/{formatted_date}_{dataset}_model.pt')
  File "/mnt/data/user_liangzhiyu/envs/fedcsl/lib/python3.8/site-packages/torch/serialization.py", line 651, in save
    with _open_zipfile_writer(f) as opened_zipfile:
  File "/mnt/data/user_liangzhiyu/envs/fedcsl/lib/python3.8/site-packages/torch/serialization.py", line 525, in _open_zipfile_writer
    return container(name_or_buffer)
  File "/mnt/data/user_liangzhiyu/envs/fedcsl/lib/python3.8/site-packages/torch/serialization.py", line 496, in __init__
    super().__init__(torch._C.PyTorchFileWriter(self.name))
RuntimeError: Parent directory ./checkpoint/HandMovementDirection does not exist.
Running experiment with dataset: HandMovementDirection, config: ./result/ablation_study/config_HandMovementDirection.yml

A module that was compiled using NumPy 1.x cannot be run in
NumPy 2.0.2 as it may crash. To support both 1.x and 2.x
versions of NumPy, modules must be compiled with NumPy 2.0.
Some module may need to rebuild instead e.g. with 'pybind11>=2.12'.

If you are a user of the module, the easiest solution will be to
downgrade to 'numpy<2' or try to upgrade the affected module.
We expect that some modules will need time to support NumPy 2.

Traceback (most recent call last):  File "/mnt/data/user_liangzhiyu/lixiongfei/CSL-main/FedCSL_All.py", line 1, in <module>
    from seaborn import dark_palette
  File "/home/liangzhiyu/miniconda3/lib/python3.9/site-packages/seaborn/__init__.py", line 2, in <module>
    from .rcmod import *  # noqa: F401,F403
  File "/home/liangzhiyu/miniconda3/lib/python3.9/site-packages/seaborn/rcmod.py", line 3, in <module>
    import matplotlib as mpl
  File "/home/liangzhiyu/miniconda3/lib/python3.9/site-packages/matplotlib/__init__.py", line 129, in <module>
    from . import _api, _version, cbook, _docstring, rcsetup
  File "/home/liangzhiyu/miniconda3/lib/python3.9/site-packages/matplotlib/rcsetup.py", line 27, in <module>
    from matplotlib.colors import Colormap, is_color_like
  File "/home/liangzhiyu/miniconda3/lib/python3.9/site-packages/matplotlib/colors.py", line 56, in <module>
    from matplotlib import _api, _cm, cbook, scale
  File "/home/liangzhiyu/miniconda3/lib/python3.9/site-packages/matplotlib/scale.py", line 22, in <module>
    from matplotlib.ticker import (
  File "/home/liangzhiyu/miniconda3/lib/python3.9/site-packages/matplotlib/ticker.py", line 138, in <module>
    from matplotlib import transforms as mtransforms
  File "/home/liangzhiyu/miniconda3/lib/python3.9/site-packages/matplotlib/transforms.py", line 49, in <module>
    from matplotlib._path import (
AttributeError: _ARRAY_API not found
Traceback (most recent call last):
  File "/mnt/data/user_liangzhiyu/lixiongfei/CSL-main/FedCSL_All.py", line 1, in <module>
    from seaborn import dark_palette
  File "/home/liangzhiyu/miniconda3/lib/python3.9/site-packages/seaborn/__init__.py", line 2, in <module>
    from .rcmod import *  # noqa: F401,F403
  File "/home/liangzhiyu/miniconda3/lib/python3.9/site-packages/seaborn/rcmod.py", line 3, in <module>
    import matplotlib as mpl
  File "/home/liangzhiyu/miniconda3/lib/python3.9/site-packages/matplotlib/__init__.py", line 129, in <module>
    from . import _api, _version, cbook, _docstring, rcsetup
  File "/home/liangzhiyu/miniconda3/lib/python3.9/site-packages/matplotlib/rcsetup.py", line 27, in <module>
    from matplotlib.colors import Colormap, is_color_like
  File "/home/liangzhiyu/miniconda3/lib/python3.9/site-packages/matplotlib/colors.py", line 56, in <module>
    from matplotlib import _api, _cm, cbook, scale
  File "/home/liangzhiyu/miniconda3/lib/python3.9/site-packages/matplotlib/scale.py", line 22, in <module>
    from matplotlib.ticker import (
  File "/home/liangzhiyu/miniconda3/lib/python3.9/site-packages/matplotlib/ticker.py", line 138, in <module>
    from matplotlib import transforms as mtransforms
  File "/home/liangzhiyu/miniconda3/lib/python3.9/site-packages/matplotlib/transforms.py", line 49, in <module>
    from matplotlib._path import (
ImportError: numpy.core.multiarray failed to import
Running experiment with dataset: HandMovementDirection, config: ./result/ablation_study/config_HandMovementDirection.yml
[0.09514033 0.10277917 0.11127909 0.12035814 0.12964186 0.13872091
 0.14722083 0.15485967]
160
<class 'pandas.core.frame.DataFrame'>
RangeIndex: 160 entries, 0 to 159
Data columns (total 11 columns):
 #   Column      Non-Null Count  Dtype 
---  ------      --------------  ----- 
 0   dim_0       160 non-null    object
 1   dim_1       160 non-null    object
 2   dim_2       160 non-null    object
 3   dim_3       160 non-null    object
 4   dim_4       160 non-null    object
 5   dim_5       160 non-null    object
 6   dim_6       160 non-null    object
 7   dim_7       160 non-null    object
 8   dim_8       160 non-null    object
 9   dim_9       160 non-null    object
 10  class_vals  160 non-null    object
dtypes: object(11)
memory usage: 13.9+ KB
None
{400}
<class 'pandas.core.frame.DataFrame'>
RangeIndex: 160 entries, 0 to 159
Data columns (total 11 columns):
 #   Column      Non-Null Count  Dtype 
---  ------      --------------  ----- 
 0   dim_0       160 non-null    object
 1   dim_1       160 non-null    object
 2   dim_2       160 non-null    object
 3   dim_3       160 non-null    object
 4   dim_4       160 non-null    object
 5   dim_5       160 non-null    object
 6   dim_6       160 non-null    object
 7   dim_7       160 non-null    object
 8   dim_8       160 non-null    object
 9   dim_9       160 non-null    object
 10  class_vals  160 non-null    object
dtypes: object(11)
memory usage: 13.9+ KB
None
[0 0 0 0 0 0 0 0 0 0 0 0 0 0 0 0 0 0 0 0 0 0 0 0 0 0 0 0 0 0 0 0 0 0 0 0 0
 0 0 0 1 1 1 1 1 1 1 1 1 1 1 1 1 1 1 1 1 1 1 1 1 1 1 1 1 1 1 1 1 1 1 1 1 1
 1 1 1 1 1 1 2 2 2 2 2 2 2 2 2 2 2 2 2 2 2 2 2 2 2 2 2 2 2 2 2 2 2 2 2 2 2
 2 2 2 2 2 2 2 2 2 3 3 3 3 3 3 3 3 3 3 3 3 3 3 3 3 3 3 3 3 3 3 3 3 3 3 3 3
 3 3 3 3 3 3 3 3 3 3 3 3]
[  0   1   2   3  40  41  42  43  80  81  82  83  84  85  86  87  88  89
  90  91  92  93  94  95  96  97  98  99 100 101 102 120 121 122 123 124
 125 126 127 128 129 130 131 132 133 134]
[0, 0, 0, 0, 1, 1, 1, 1, 2, 2, 2, 2, 2, 2, 2, 2, 2, 2, 2, 2, 2, 2, 2, 2, 2, 2, 2, 2, 2, 2, 2, 3, 3, 3, 3, 3, 3, 3, 3, 3, 3, 3, 3, 3, 3, 3]
[0, 0, 0, 0, 0, 0, 0, 0, 0, 0, 0, 0, 0, 0, 0, 0, 0, 0, 0, 0, 0, 0, 0, 0, 0, 0, 0, 0, 0, 0, 0, 1, 1, 1, 1, 1, 1, 2, 2, 2, 2, 2, 2, 2, 2, 2, 2, 2, 2, 2, 2, 2, 2, 3, 3, 3, 3, 3, 3]
[0, 0, 0, 0, 0, 1, 1, 1, 1, 1, 1, 1, 1, 1, 1, 1, 1, 1, 1, 1, 1, 1, 1, 1, 1, 1, 1, 1, 1, 1, 1, 1, 1, 1, 1, 2, 3, 3, 3, 3, 3, 3, 3, 3, 3, 3, 3, 3, 3, 3, 3, 3, 3, 3, 3]
shapelet initialized! 

All 3 clinet initialized! 

(46, 4)
(59, 4)
(55, 4)
[0.81297553 1.11539019 1.07163428]
Classification: 1.0 0.44594594594594594 0
(46, 4)
(59, 4)
(55, 4)
[0.85595976 1.08923644 1.0548038 ]
Classification: 1.0 0.4864864864864865 1
(46, 4)
(59, 4)
(55, 4)
[0.848044   0.99435647 1.15759953]
Classification: 1.0 0.4594594594594595 2
(46, 4)
(59, 4)
(55, 4)
[0.67082498 1.12480727 1.20436775]
Classification: 1.0 0.47297297297297297 3
(46, 4)
(59, 4)
(55, 4)
[0.6400414  1.16288761 1.19707098]
Classification: 1.0 0.4594594594594595 4
(46, 4)
(59, 4)
(55, 4)
[0.82422536 1.00660862 1.16916602]
Classification: 1.0 0.4594594594594595 5
(46, 4)
(59, 4)
(55, 4)
[0.73019226 1.013555   1.25625274]
Classification: 1.0 0.4594594594594595 6
(46, 4)
(59, 4)
(55, 4)
[0.59989491 1.05167096 1.34843413]
Classification: 1.0 0.44594594594594594 7
(46, 4)
(59, 4)
(55, 4)
[0.65701126 1.0039058  1.33908294]
Classification: 1.0 0.44594594594594594 8
(46, 4)
(59, 4)
(55, 4)
[0.70472155 1.11884351 1.17643494]
Classification: 1.0 0.43243243243243246 9
(46, 4)
(59, 4)
(55, 4)
[0.81272024 1.0269748  1.16030496]
Classification: 1.0 0.44594594594594594 10
(46, 4)
(59, 4)
(55, 4)
[0.78898977 1.00758273 1.20342751]
Classification: 1.0 0.4189189189189189 11
(46, 4)
(59, 4)
(55, 4)
[0.73506015 1.05969746 1.20524239]
Classification: 1.0 0.44594594594594594 12
(46, 4)
(59, 4)
(55, 4)
[0.77800105 1.08598498 1.13601396]
Classification: 1.0 0.4594594594594595 13
(46, 4)
(59, 4)
(55, 4)
[0.69555779 1.0254379  1.2790043 ]
Classification: 1.0 0.4594594594594595 14
(46, 4)
(59, 4)
(55, 4)
[0.71743278 1.06717419 1.21539303]
Classification: 1.0 0.4594594594594595 15
(46, 4)
(59, 4)
(55, 4)
[0.68994032 1.12340461 1.18665508]
Classification: 1.0 0.44594594594594594 16
(46, 4)
(59, 4)
(55, 4)
[0.73245303 1.08810229 1.17944468]
Classification: 1.0 0.4594594594594595 17
(46, 4)
(59, 4)
(55, 4)
[0.8116022  1.06178502 1.12661279]
Classification: 1.0 0.43243243243243246 18
(46, 4)
(59, 4)
(55, 4)
[0.84409207 1.04462487 1.11128306]
Classification: 1.0 0.43243243243243246 19
(46, 4)
(59, 4)
(55, 4)
[0.83549123 1.07451642 1.08999235]
Classification: 1.0 0.43243243243243246 20
(46, 4)
(59, 4)
(55, 4)
[0.82530276 1.06755593 1.10714131]
Classification: 1.0 0.4594594594594595 21
(46, 4)
(59, 4)
(55, 4)
[0.82793736 1.13285935 1.03920329]
Classification: 1.0 0.4594594594594595 22
(46, 4)
(59, 4)
(55, 4)
[0.77464143 1.21930233 1.00605624]
Classification: 1.0 0.4594594594594595 23
(46, 4)
(59, 4)
(55, 4)
[0.7659529  1.19969655 1.03435055]
Classification: 1.0 0.4594594594594595 24
(46, 4)
(59, 4)
(55, 4)
[0.87008082 1.10022675 1.02969242]
Classification: 1.0 0.4594594594594595 25
(46, 4)
(59, 4)
(55, 4)
[0.86560179 1.2274892  0.90690901]
Classification: 1.0 0.44594594594594594 26
(46, 4)
(59, 4)
(55, 4)
[0.9009949  1.19999499 0.89901011]
Classification: 1.0 0.44594594594594594 27
(46, 4)
(59, 4)
(55, 4)
[0.92057923 1.09756055 0.98186023]
Classification: 1.0 0.4189189189189189 28
(46, 4)
(59, 4)
(55, 4)
[0.87993418 1.13235852 0.98770731]
Classification: 1.0 0.43243243243243246 29
(46, 4)
(59, 4)
(55, 4)
[0.97291038 1.08550537 0.94158425]
Classification: 1.0 0.4189189189189189 30
(46, 4)
(59, 4)
(55, 4)
[1.00376797 1.13297897 0.86325306]
Classification: 1.0 0.4189189189189189 31
(46, 4)
(59, 4)
(55, 4)
[0.97669434 1.14885715 0.87444852]
Classification: 1.0 0.4189189189189189 32
(46, 4)
(59, 4)
(55, 4)
[1.02045441 1.12442751 0.85511807]
Classification: 1.0 0.4189189189189189 33
(46, 4)
(59, 4)
(55, 4)
[0.88282492 1.15432386 0.96285122]
Classification: 1.0 0.4189189189189189 34
(46, 4)
(59, 4)
(55, 4)
[0.86186761 1.17641509 0.96171731]
Classification: 1.0 0.4189189189189189 35
(46, 4)
(59, 4)
(55, 4)
[0.88206215 1.19794979 0.91998807]
Classification: 1.0 0.4189189189189189 36
(46, 4)
(59, 4)
(55, 4)
[0.89203979 1.15644596 0.95151424]
Classification: 1.0 0.43243243243243246 37
(46, 4)
(59, 4)
(55, 4)
[0.87585071 1.16598136 0.95816793]
Classification: 1.0 0.4189189189189189 38
(46, 4)
(59, 4)
(55, 4)
[0.80435558 1.07605241 1.11959201]
Classification: 1.0 0.4189189189189189 39
(46, 4)
(59, 4)
(55, 4)
[0.87956175 1.10043142 1.02000682]
Classification: 1.0 0.4189189189189189 40
(46, 4)
(59, 4)
(55, 4)
[0.95402762 1.04372944 1.00224294]
Classification: 1.0 0.4189189189189189 41
(46, 4)
(59, 4)
(55, 4)
[0.94106774 1.03247559 1.02645667]
Classification: 1.0 0.4189189189189189 42
(46, 4)
(59, 4)
(55, 4)
[0.85384882 1.11435285 1.03179833]
Classification: 1.0 0.40540540540540543 43
(46, 4)
(59, 4)
(55, 4)
[0.82725087 1.08012769 1.09262144]
Classification: 1.0 0.4189189189189189 44
(46, 4)
(59, 4)
(55, 4)
[0.75406745 1.10389262 1.14203993]
Classification: 1.0 0.43243243243243246 45
(46, 4)
(59, 4)
(55, 4)
[0.85933636 1.12831963 1.01234401]
Classification: 1.0 0.4189189189189189 46
(46, 4)
(59, 4)
(55, 4)
[0.85614209 1.16392198 0.97993594]
Classification: 1.0 0.43243243243243246 47
(46, 4)
(59, 4)
(55, 4)
[0.92655947 1.0007783  1.07266223]
Classification: 1.0 0.43243243243243246 48
(46, 4)
(59, 4)
(55, 4)
[0.90364557 1.05774084 1.03861359]
Classification: 1.0 0.43243243243243246 49
(46, 4)
(59, 4)
(55, 4)
[0.91221221 1.1084825  0.97930529]
Classification: 1.0 0.43243243243243246 50
(46, 4)
(59, 4)
(55, 4)
[0.84987905 1.08562183 1.06449913]
Classification: 1.0 0.43243243243243246 51
(46, 4)
(59, 4)
(55, 4)
[0.84278467 1.06578833 1.091427  ]
Classification: 1.0 0.44594594594594594 52
(46, 4)
(59, 4)
(55, 4)
[0.94879753 1.02534938 1.02585309]
Classification: 1.0 0.44594594594594594 53
(46, 4)
(59, 4)
(55, 4)
[0.92780375 1.0918394  0.98035685]
Classification: 1.0 0.44594594594594594 54
(46, 4)
(59, 4)
(55, 4)
[0.84756957 1.18739533 0.9650351 ]
Classification: 1.0 0.44594594594594594 55
(46, 4)
(59, 4)
(55, 4)
[0.82334649 1.1165096  1.06014392]
Classification: 1.0 0.43243243243243246 56
(46, 4)
(59, 4)
(55, 4)
[0.76605504 1.15390756 1.0800374 ]
Classification: 1.0 0.44594594594594594 57
(46, 4)
(59, 4)
(55, 4)
[0.74549967 1.19514728 1.05935305]
Classification: 1.0 0.44594594594594594 58
(46, 4)
(59, 4)
(55, 4)
[0.72957454 1.24360852 1.02681694]
Classification: 1.0 0.43243243243243246 59
(46, 4)
(59, 4)
(55, 4)
[0.728914   1.27101218 1.00007382]
Classification: 1.0 0.43243243243243246 60
(46, 4)
(59, 4)
(55, 4)
[0.78638917 1.24227645 0.97133438]
Classification: 1.0 0.4189189189189189 61
(46, 4)
(59, 4)
(55, 4)
[0.78411237 1.21053493 1.0053527 ]
Classification: 1.0 0.43243243243243246 62
(46, 4)
(59, 4)
(55, 4)
[0.80712344 1.18174607 1.01113049]
Classification: 1.0 0.4189189189189189 63
(46, 4)
(59, 4)
(55, 4)
[0.94402946 1.06213568 0.99383485]
Classification: 1.0 0.40540540540540543 64
(46, 4)
(59, 4)
(55, 4)
[0.92306328 1.13165884 0.94527788]
Classification: 1.0 0.4189189189189189 65
(46, 4)
(59, 4)
(55, 4)
[0.92463453 1.12198568 0.9533798 ]
Classification: 1.0 0.40540540540540543 66
(46, 4)
(59, 4)
(55, 4)
[0.9734377  1.06904512 0.95751718]
Classification: 1.0 0.40540540540540543 67
(46, 4)
(59, 4)
(55, 4)
[0.91086859 1.09244411 0.9966873 ]
Classification: 1.0 0.4189189189189189 68
(46, 4)
(59, 4)
(55, 4)
[0.89447176 1.04208327 1.06344497]
Classification: 1.0 0.4189189189189189 69
(46, 4)
(59, 4)
(55, 4)
[1.03348255 0.95192341 1.01459404]
Classification: 1.0 0.40540540540540543 70
(46, 4)
(59, 4)
(55, 4)
[0.93099479 1.05528005 1.01372516]
Classification: 1.0 0.3918918918918919 71
(46, 4)
(59, 4)
(55, 4)
[0.95454131 1.080171   0.96528769]
Classification: 1.0 0.3918918918918919 72
(46, 4)
(59, 4)
(55, 4)
[0.90593018 1.08280512 1.0112647 ]
Classification: 1.0 0.3918918918918919 73
(46, 4)
(59, 4)
(55, 4)
[0.90761909 1.08814898 1.00423194]
Classification: 1.0 0.40540540540540543 74
(46, 4)
(59, 4)
(55, 4)
[0.97287397 0.97416732 1.05295872]
Classification: 1.0 0.3918918918918919 75
(46, 4)
(59, 4)
(55, 4)
[1.02594124 0.93181084 1.04224791]
Classification: 1.0 0.40540540540540543 76
(46, 4)
(59, 4)
(55, 4)
[0.92564108 1.03781101 1.03654791]
Classification: 1.0 0.40540540540540543 77
(46, 4)
(59, 4)
(55, 4)
[0.95333828 1.01346745 1.03319427]
Classification: 1.0 0.40540540540540543 78
(46, 4)
(59, 4)
(55, 4)
[0.92960452 1.01249497 1.05790051]
Classification: 1.0 0.40540540540540543 79
(46, 4)
(59, 4)
(55, 4)
[0.95230576 0.96402324 1.083671  ]
Classification: 1.0 0.40540540540540543 80
(46, 4)
(59, 4)
(55, 4)
[1.0028843  0.88971512 1.10740059]
Classification: 1.0 0.40540540540540543 81
(46, 4)
(59, 4)
(55, 4)
[0.90111626 0.95721729 1.14166645]
Classification: 1.0 0.40540540540540543 82
(46, 4)
(59, 4)
(55, 4)
[0.85592384 0.97025329 1.17382288]
Classification: 1.0 0.40540540540540543 83
(46, 4)
(59, 4)
(55, 4)
[0.9004966  1.05625526 1.04324814]
Classification: 1.0 0.40540540540540543 84
(46, 4)
(59, 4)
(55, 4)
[0.95188792 0.91595935 1.13215273]
Classification: 1.0 0.40540540540540543 85
(46, 4)
(59, 4)
(55, 4)
[0.94433157 0.97104419 1.08462424]
Classification: 1.0 0.40540540540540543 86
(46, 4)
(59, 4)
(55, 4)
[0.93398868 0.8802541  1.18575722]
Classification: 1.0 0.40540540540540543 87
(46, 4)
(59, 4)
(55, 4)
[0.92958342 0.92066493 1.14975166]
Classification: 1.0 0.40540540540540543 88
(46, 4)
(59, 4)
(55, 4)
[0.94919915 0.88468824 1.16611261]
Classification: 1.0 0.3918918918918919 89
(46, 4)
(59, 4)
(55, 4)
[0.99231429 0.91961569 1.08807003]
Classification: 1.0 0.3918918918918919 90
(46, 4)
(59, 4)
(55, 4)
[0.95242446 0.9186125  1.12896303]
Classification: 1.0 0.3918918918918919 91
(46, 4)
(59, 4)
(55, 4)
[1.07116829 0.85923603 1.06959568]
Classification: 1.0 0.3918918918918919 92
(46, 4)
(59, 4)
(55, 4)
[1.04669404 0.87143412 1.08187184]
Classification: 1.0 0.3918918918918919 93
(46, 4)
(59, 4)
(55, 4)
[0.98428807 0.95416853 1.0615434 ]
Classification: 1.0 0.3918918918918919 94
(46, 4)
(59, 4)
(55, 4)
[1.02890241 0.94048941 1.03060817]
Classification: 1.0 0.40540540540540543 95
(46, 4)
(59, 4)
(55, 4)
[1.00031131 0.91995309 1.07973561]
Classification: 1.0 0.40540540540540543 96
(46, 4)
(59, 4)
(55, 4)
[0.99585533 0.93321667 1.070928  ]
Classification: 1.0 0.40540540540540543 97
(46, 4)
(59, 4)
(55, 4)
[1.05706757 0.89438169 1.04855074]
Classification: 1.0 0.40540540540540543 98
(46, 4)
(59, 4)
(55, 4)
[1.03303767 0.87463361 1.09232872]
Classification: 1.0 0.3918918918918919 99
(46, 4)
(59, 4)
(55, 4)
[0.94810355 0.98434597 1.06755048]
Classification: 1.0 0.3783783783783784 100
(46, 4)
(59, 4)
(55, 4)
[1.05288096 0.88318961 1.06392943]
Classification: 1.0 0.3783783783783784 101
(46, 4)
(59, 4)
(55, 4)
[1.09297637 0.83354701 1.07347662]
Classification: 1.0 0.3783783783783784 102
(46, 4)
(59, 4)
(55, 4)
[1.02782366 0.84487419 1.12730215]
Classification: 1.0 0.3783783783783784 103
(46, 4)
(59, 4)
(55, 4)
[1.0093955  0.81497073 1.17563377]
Classification: 1.0 0.3918918918918919 104
(46, 4)
(59, 4)
(55, 4)
[0.97261607 0.86142534 1.16595859]
Classification: 1.0 0.3918918918918919 105
(46, 4)
(59, 4)
(55, 4)
[1.03893149 0.86976108 1.09130742]
Classification: 1.0 0.3918918918918919 106
(46, 4)
(59, 4)
(55, 4)
[0.96523795 0.8601156  1.17464644]
Classification: 1.0 0.3918918918918919 107
(46, 4)
(59, 4)
(55, 4)
[1.00877851 0.80525178 1.18596971]
Classification: 1.0 0.3918918918918919 108
(46, 4)
(59, 4)
(55, 4)
[1.00549865 0.86761811 1.12688324]
Classification: 1.0 0.3918918918918919 109
(46, 4)
(59, 4)
(55, 4)
[1.00608357 0.74765883 1.2462576 ]
Classification: 1.0 0.3918918918918919 110
(46, 4)
(59, 4)
(55, 4)
[1.03904313 0.74447486 1.21648202]
Classification: 1.0 0.3918918918918919 111
(46, 4)
(59, 4)
(55, 4)
[1.03991058 0.74931503 1.21077439]
Classification: 1.0 0.3918918918918919 112
(46, 4)
(59, 4)
(55, 4)
[0.97363664 0.79318339 1.23317997]
Classification: 1.0 0.3918918918918919 113
(46, 4)
(59, 4)
(55, 4)
[0.99417575 0.86298621 1.14283804]
Classification: 1.0 0.40540540540540543 114
(46, 4)
(59, 4)
(55, 4)
[1.02145229 0.75860327 1.21994444]
Classification: 1.0 0.40540540540540543 115
(46, 4)
(59, 4)
(55, 4)
[1.04937467 0.74166599 1.20895934]
Classification: 1.0 0.40540540540540543 116
(46, 4)
(59, 4)
(55, 4)
[1.07305608 0.70001377 1.22693015]
Classification: 1.0 0.40540540540540543 117
(46, 4)
(59, 4)
(55, 4)
[1.06945898 0.70331263 1.2272284 ]
Classification: 1.0 0.40540540540540543 118
(46, 4)
(59, 4)
(55, 4)
[1.0442264  0.72898943 1.22678417]
Classification: 1.0 0.40540540540540543 119
(46, 4)
(59, 4)
(55, 4)
[1.03828239 0.73861013 1.22310748]
Classification: 1.0 0.40540540540540543 120
(46, 4)
(59, 4)
(55, 4)
[1.03866299 0.70645494 1.25488207]
Classification: 1.0 0.40540540540540543 121
(46, 4)
(59, 4)
(55, 4)
[0.97865676 0.70809944 1.31324379]
Classification: 1.0 0.40540540540540543 122
(46, 4)
(59, 4)
(55, 4)
[1.05369239 0.69697373 1.24933388]
Classification: 1.0 0.40540540540540543 123
(46, 4)
(59, 4)
(55, 4)
[1.04942139 0.71402319 1.23655542]
Classification: 1.0 0.40540540540540543 124
(46, 4)
(59, 4)
(55, 4)
[1.07970982 0.69950475 1.22078543]
Classification: 1.0 0.40540540540540543 125
(46, 4)
(59, 4)
(55, 4)
[1.06156114 0.71015901 1.22827985]
Classification: 1.0 0.40540540540540543 126
(46, 4)
(59, 4)
(55, 4)
[1.01537775 0.71336007 1.27126218]
Classification: 1.0 0.40540540540540543 127
(46, 4)
(59, 4)
(55, 4)
[1.15847127 0.65766644 1.18386228]
Classification: 1.0 0.43243243243243246 128
(46, 4)
(59, 4)
(55, 4)
[1.06297317 0.69947819 1.23754864]
Classification: 1.0 0.4189189189189189 129
(46, 4)
(59, 4)
(55, 4)
[1.08863291 0.64450214 1.26686495]
Classification: 1.0 0.43243243243243246 130
(46, 4)
(59, 4)
(55, 4)
[1.09911301 0.68958947 1.21129752]
Classification: 1.0 0.4189189189189189 131
(46, 4)
(59, 4)
(55, 4)
[1.0586836  0.67282281 1.26849359]
Classification: 1.0 0.43243243243243246 132
(46, 4)
(59, 4)
(55, 4)
[1.0882565  0.69391158 1.21783192]
Classification: 1.0 0.4189189189189189 133
(46, 4)
(59, 4)
(55, 4)
[1.13830987 0.62766565 1.23402448]
Classification: 1.0 0.40540540540540543 134
(46, 4)
(59, 4)
(55, 4)
[1.08051944 0.6355365  1.28394406]
Classification: 1.0 0.4189189189189189 135
(46, 4)
(59, 4)
(55, 4)
[1.09825571 0.63719028 1.26455401]
Classification: 1.0 0.4189189189189189 136
(46, 4)
(59, 4)
(55, 4)
[1.02840555 0.68770667 1.28388779]
Classification: 1.0 0.4189189189189189 137
(46, 4)
(59, 4)
(55, 4)
[1.10264375 0.72882824 1.16852801]
Classification: 1.0 0.4189189189189189 138
(46, 4)
(59, 4)
(55, 4)
[1.0623677  0.72288315 1.21474914]
Classification: 1.0 0.40540540540540543 139
(46, 4)
(59, 4)
(55, 4)
[1.0881214  0.72127699 1.19060162]
Classification: 1.0 0.4189189189189189 140
(46, 4)
(59, 4)
(55, 4)
[1.0689159  0.71474327 1.21634083]
Classification: 1.0 0.40540540540540543 141
(46, 4)
(59, 4)
(55, 4)
[1.12430034 0.71352114 1.16217852]
Classification: 1.0 0.4189189189189189 142
(46, 4)
(59, 4)
(55, 4)
[1.05418999 0.7352605  1.21054951]
Classification: 1.0 0.4189189189189189 143
(46, 4)
(59, 4)
(55, 4)
[1.07195757 0.77280499 1.15523744]
Classification: 1.0 0.4189189189189189 144
(46, 4)
(59, 4)
(55, 4)
[1.11484518 0.67736469 1.20779013]
Classification: 1.0 0.4189189189189189 145
(46, 4)
(59, 4)
(55, 4)
[1.17147154 0.66497797 1.16355049]
Classification: 1.0 0.4189189189189189 146
(46, 4)
(59, 4)
(55, 4)
[1.11836612 0.67343729 1.20819658]
Classification: 1.0 0.43243243243243246 147
(46, 4)
(59, 4)
(55, 4)
[1.07852905 0.70638819 1.21508277]
Classification: 1.0 0.43243243243243246 148
(46, 4)
(59, 4)
(55, 4)
[1.08584641 0.68406393 1.23008966]
Classification: 1.0 0.3918918918918919 149
(46, 4)
(59, 4)
(55, 4)
[1.07795024 0.66818339 1.25386637]
Classification: 1.0 0.3918918918918919 150
(46, 4)
(59, 4)
(55, 4)
[1.09378697 0.66315821 1.24305481]
Classification: 1.0 0.3918918918918919 151
(46, 4)
(59, 4)
(55, 4)
[1.13842755 0.70112568 1.16044677]
Classification: 1.0 0.3918918918918919 152
(46, 4)
(59, 4)
(55, 4)
[1.05311722 0.68615988 1.2607229 ]
Classification: 1.0 0.3918918918918919 153
(46, 4)
(59, 4)
(55, 4)
[1.05168161 0.73709269 1.21122569]
Classification: 1.0 0.3918918918918919 154
(46, 4)
(59, 4)
(55, 4)
[1.05398941 0.7244938  1.2215168 ]
Classification: 1.0 0.3918918918918919 155
(46, 4)
(59, 4)
(55, 4)
[1.03302252 0.76339529 1.2035822 ]
Classification: 1.0 0.3918918918918919 156
(46, 4)
(59, 4)
(55, 4)
[1.06595701 0.68341136 1.25063163]
Classification: 1.0 0.3918918918918919 157
(46, 4)
(59, 4)
(55, 4)
[1.02446571 0.66839026 1.30714404]
Classification: 1.0 0.3918918918918919 158
(46, 4)
(59, 4)
(55, 4)
[1.01610444 0.67818276 1.3057128 ]
Classification: 1.0 0.3918918918918919 159
(46, 4)
(59, 4)
(55, 4)
[1.06342776 0.62357325 1.31299899]
Classification: 1.0 0.3918918918918919 160
(46, 4)
(59, 4)
(55, 4)
[1.11728218 0.63906061 1.24365721]
Classification: 1.0 0.3918918918918919 161
(46, 4)
(59, 4)
(55, 4)
[1.01402656 0.74705217 1.23892126]
Classification: 1.0 0.3918918918918919 162
(46, 4)
(59, 4)
(55, 4)
[1.06821894 0.66155169 1.27022937]
Classification: 1.0 0.3783783783783784 163
(46, 4)
(59, 4)
(55, 4)
[1.09338831 0.63030719 1.2763045 ]
Classification: 1.0 0.3783783783783784 164
(46, 4)
(59, 4)
(55, 4)
[1.1231974  0.64611637 1.23068623]
Classification: 1.0 0.3918918918918919 165
(46, 4)
(59, 4)
(55, 4)
[1.04653761 0.66764045 1.28582194]
Classification: 1.0 0.3918918918918919 166
(46, 4)
(59, 4)
(55, 4)
[1.07314385 0.65338895 1.2734672 ]
Classification: 1.0 0.36486486486486486 167
(46, 4)
(59, 4)
(55, 4)
[1.07456996 0.66095421 1.26447583]
Classification: 1.0 0.36486486486486486 168
(46, 4)
(59, 4)
(55, 4)
[1.13682862 0.61697931 1.24619207]
Classification: 1.0 0.36486486486486486 169
(46, 4)
(59, 4)
(55, 4)
[1.06070469 0.70804317 1.23125214]
Classification: 1.0 0.36486486486486486 170
(46, 4)
(59, 4)
(55, 4)
[1.14623296 0.67307944 1.1806876 ]
Classification: 1.0 0.36486486486486486 171
(46, 4)
(59, 4)
(55, 4)
[1.14060294 0.66542804 1.19396903]
Classification: 1.0 0.3783783783783784 172
(46, 4)
(59, 4)
(55, 4)
[1.15985089 0.59781755 1.24233156]
Classification: 1.0 0.3918918918918919 173
(46, 4)
(59, 4)
(55, 4)
[1.14684593 0.64527794 1.20787612]
Classification: 1.0 0.3918918918918919 174
(46, 4)
(59, 4)
(55, 4)
[1.13833295 0.65772605 1.203941  ]
Classification: 1.0 0.3918918918918919 175
(46, 4)
(59, 4)
(55, 4)
[1.16449955 0.63369228 1.20180816]
Classification: 1.0 0.40540540540540543 176
(46, 4)
(59, 4)
(55, 4)
[1.1802444  0.59713191 1.22262369]
Classification: 1.0 0.40540540540540543 177
(46, 4)
(59, 4)
(55, 4)
[1.12263264 0.66525625 1.21211112]
Classification: 1.0 0.40540540540540543 178
(46, 4)
(59, 4)
(55, 4)
[1.20215147 0.59827757 1.19957096]
Classification: 1.0 0.40540540540540543 179
(46, 4)
(59, 4)
(55, 4)
[1.12980857 0.63160135 1.23859008]
Classification: 1.0 0.40540540540540543 180
(46, 4)
(59, 4)
(55, 4)
[1.18481979 0.59760431 1.2175759 ]
Classification: 1.0 0.40540540540540543 181
(46, 4)
(59, 4)
(55, 4)
[1.15154654 0.63524289 1.21321057]
Classification: 1.0 0.40540540540540543 182
(46, 4)
(59, 4)
(55, 4)
[1.13067174 0.6427094  1.22661886]
Classification: 1.0 0.3918918918918919 183
(46, 4)
(59, 4)
(55, 4)
[1.11150794 0.62847398 1.26001809]
Classification: 1.0 0.3918918918918919 184
(46, 4)
(59, 4)
(55, 4)
[1.0806489  0.66953508 1.24981602]
Classification: 1.0 0.3918918918918919 185
(46, 4)
(59, 4)
(55, 4)
[1.15391533 0.62400265 1.22208202]
Classification: 1.0 0.3918918918918919 186
(46, 4)
(59, 4)
(55, 4)
[1.10662682 0.58769254 1.30568064]
Classification: 1.0 0.3918918918918919 187
(46, 4)
(59, 4)
(55, 4)
[1.15182054 0.58107172 1.26710774]
Classification: 1.0 0.3918918918918919 188
(46, 4)
(59, 4)
(55, 4)
[1.11466954 0.62525094 1.26007952]
Classification: 1.0 0.40540540540540543 189
(46, 4)
(59, 4)
(55, 4)
[1.13282463 0.62550795 1.24166742]
Classification: 1.0 0.40540540540540543 190
(46, 4)
(59, 4)
(55, 4)
[1.18060813 0.60290982 1.21648205]
Classification: 1.0 0.40540540540540543 191
(46, 4)
(59, 4)
(55, 4)
[1.09184458 0.63263357 1.27552185]
Classification: 1.0 0.40540540540540543 192
(46, 4)
(59, 4)
(55, 4)
[1.11924674 0.59483105 1.2859222 ]
Classification: 1.0 0.3918918918918919 193
(46, 4)
(59, 4)
(55, 4)
[1.06720702 0.62429129 1.30850168]
Classification: 1.0 0.3918918918918919 194
(46, 4)
(59, 4)
(55, 4)
[1.10164835 0.6211442  1.27720746]
Classification: 1.0 0.3918918918918919 195
(46, 4)
(59, 4)
(55, 4)
[1.11875692 0.61419481 1.26704828]
Classification: 1.0 0.3783783783783784 196
(46, 4)
(59, 4)
(55, 4)
[1.06177726 0.62380242 1.31442033]
Classification: 1.0 0.3918918918918919 197
(46, 4)
(59, 4)
(55, 4)
[1.01535122 0.68872056 1.29592822]
Classification: 1.0 0.3918918918918919 198
(46, 4)
(59, 4)
(55, 4)
[1.03021374 0.68981936 1.2799669 ]
Classification: 1.0 0.3918918918918919 199
(46, 4)
(59, 4)
(55, 4)
[1.07393069 0.65336046 1.27270885]
Classification: 1.0 0.40540540540540543 200
(46, 4)
(59, 4)
(55, 4)
[1.05542529 0.61995849 1.32461621]
Classification: 1.0 0.40540540540540543 201
(46, 4)
(59, 4)
(55, 4)
[1.03788793 0.67975254 1.28235954]
Classification: 1.0 0.4189189189189189 202
(46, 4)
(59, 4)
(55, 4)
[1.09763669 0.62866604 1.27369727]
Classification: 1.0 0.40540540540540543 203
(46, 4)
(59, 4)
(55, 4)
[1.08335432 0.63977199 1.27687369]
Classification: 1.0 0.40540540540540543 204
(46, 4)
(59, 4)
(55, 4)
[1.02053164 0.64240172 1.33706663]
Classification: 1.0 0.40540540540540543 205
(46, 4)
(59, 4)
(55, 4)
[1.09458551 0.60196742 1.30344707]
Classification: 1.0 0.4189189189189189 206
(46, 4)
(59, 4)
(55, 4)
[0.99996845 0.6608442  1.33918736]
Classification: 1.0 0.4189189189189189 207
(46, 4)
(59, 4)
(55, 4)
[1.00610331 0.63408761 1.35980908]
Classification: 1.0 0.40540540540540543 208
(46, 4)
(59, 4)
(55, 4)
[1.01748427 0.67293685 1.30957887]
Classification: 1.0 0.40540540540540543 209
(46, 4)
(59, 4)
(55, 4)
[1.05198883 0.66905942 1.27895176]
Classification: 1.0 0.4189189189189189 210
(46, 4)
(59, 4)
(55, 4)
[1.03920891 0.62700346 1.33378763]
Classification: 1.0 0.4189189189189189 211
(46, 4)
(59, 4)
(55, 4)
[1.02871246 0.63640266 1.33488488]
Classification: 1.0 0.40540540540540543 212
(46, 4)
(59, 4)
(55, 4)
[0.98621856 0.69514502 1.31863642]
Classification: 1.0 0.40540540540540543 213
(46, 4)
(59, 4)
(55, 4)
[0.94866195 0.69247084 1.35886722]
Classification: 1.0 0.4189189189189189 214
(46, 4)
(59, 4)
(55, 4)
[1.00432641 0.6463508  1.34932279]
Classification: 1.0 0.4189189189189189 215
(46, 4)
(59, 4)
(55, 4)
[0.98888443 0.70102213 1.31009345]
Classification: 1.0 0.4189189189189189 216
(46, 4)
(59, 4)
(55, 4)
[1.0273278 0.6673782 1.305294 ]
Classification: 1.0 0.4189189189189189 217
(46, 4)
(59, 4)
(55, 4)
[1.01117249 0.63498325 1.35384425]
Classification: 1.0 0.4189189189189189 218
(46, 4)
(59, 4)
(55, 4)
[0.95329188 0.6356353  1.41107281]
Classification: 1.0 0.4189189189189189 219
(46, 4)
(59, 4)
(55, 4)
[0.94581368 0.68487509 1.36931123]
Classification: 1.0 0.4189189189189189 220
(46, 4)
(59, 4)
(55, 4)
[0.98721704 0.66832324 1.34445972]
Classification: 1.0 0.40540540540540543 221
(46, 4)
(59, 4)
(55, 4)
[0.94572709 0.70602782 1.34824509]
Classification: 1.0 0.40540540540540543 222
(46, 4)
(59, 4)
(55, 4)
[0.93519828 0.67921589 1.38558583]
Classification: 1.0 0.40540540540540543 223
(46, 4)
(59, 4)
(55, 4)
[0.98078877 0.63661077 1.38260046]
Classification: 1.0 0.40540540540540543 224
(46, 4)
(59, 4)
(55, 4)
[0.97718584 0.65774967 1.36506449]
Classification: 1.0 0.40540540540540543 225
(46, 4)
(59, 4)
(55, 4)
[0.95676431 0.7010327  1.34220298]
Classification: 1.0 0.40540540540540543 226
(46, 4)
(59, 4)
(55, 4)
[0.95041551 0.65374589 1.39583859]
Classification: 1.0 0.40540540540540543 227
(46, 4)
(59, 4)
(55, 4)
[0.90392    0.72358373 1.37249627]
Classification: 1.0 0.40540540540540543 228
(46, 4)
(59, 4)
(55, 4)
[0.98582648 0.65090526 1.36326826]
Classification: 1.0 0.40540540540540543 229
(46, 4)
(59, 4)
(55, 4)
[0.93665246 0.69276839 1.37057916]
Classification: 1.0 0.40540540540540543 230
(46, 4)
(59, 4)
(55, 4)
[0.94368738 0.67384346 1.38246916]
Classification: 1.0 0.40540540540540543 231
(46, 4)
(59, 4)
(55, 4)
[0.93536992 0.6981322  1.36649788]
Classification: 1.0 0.40540540540540543 232
(46, 4)
(59, 4)
(55, 4)
[0.94985013 0.62270641 1.42744346]
Classification: 1.0 0.40540540540540543 233
(46, 4)
(59, 4)
(55, 4)
[0.90205121 0.67790893 1.42003986]
Classification: 1.0 0.40540540540540543 234
(46, 4)
(59, 4)
(55, 4)
[0.95873965 0.64935106 1.39190928]
Classification: 1.0 0.40540540540540543 235
(46, 4)
(59, 4)
(55, 4)
[1.00380238 0.63423271 1.36196492]
Classification: 1.0 0.40540540540540543 236
(46, 4)
(59, 4)
(55, 4)
[0.94719054 0.66265027 1.39015919]
Classification: 1.0 0.40540540540540543 237
(46, 4)
(59, 4)
(55, 4)
[0.99231713 0.65012069 1.35756218]
Classification: 1.0 0.40540540540540543 238
(46, 4)
(59, 4)
(55, 4)
[0.9272157 0.6765028 1.3962815]
Classification: 1.0 0.40540540540540543 239
(46, 4)
(59, 4)
(55, 4)
[0.98107612 0.66488207 1.35404181]
Classification: 1.0 0.40540540540540543 240
(46, 4)
(59, 4)
(55, 4)
[0.90479    0.67772612 1.41748389]
Classification: 1.0 0.40540540540540543 241
(46, 4)
(59, 4)
(55, 4)
[0.91239618 0.61821615 1.46938768]
Classification: 1.0 0.40540540540540543 242
(46, 4)
(59, 4)
(55, 4)
[0.90136214 0.67908481 1.41955305]
Classification: 1.0 0.40540540540540543 243
(46, 4)
(59, 4)
(55, 4)
[0.96793276 0.67135212 1.36071512]
Classification: 1.0 0.40540540540540543 244
(46, 4)
(59, 4)
(55, 4)
[0.93448245 0.68483985 1.38067771]
Classification: 1.0 0.40540540540540543 245
(46, 4)
(59, 4)
(55, 4)
[1.00908647 0.65832739 1.33258614]
Classification: 1.0 0.40540540540540543 246
(46, 4)
(59, 4)
(55, 4)
[0.98061045 0.6368831  1.38250644]
Classification: 1.0 0.40540540540540543 247
(46, 4)
(59, 4)
(55, 4)
[0.94838985 0.6674414  1.38416875]
Classification: 1.0 0.40540540540540543 248
(46, 4)
(59, 4)
(55, 4)
[1.0106126  0.62235705 1.36703035]
Classification: 1.0 0.40540540540540543 249
(46, 4)
(59, 4)
(55, 4)
[0.99365995 0.62682188 1.37951817]
Classification: 1.0 0.40540540540540543 250
(46, 4)
(59, 4)
(55, 4)
[0.97099738 0.6168453  1.41215733]
Classification: 1.0 0.40540540540540543 251
(46, 4)
(59, 4)
(55, 4)
[0.97779929 0.63879287 1.38340784]
Classification: 1.0 0.40540540540540543 252
(46, 4)
(59, 4)
(55, 4)
[1.03171113 0.61687306 1.35141581]
Classification: 1.0 0.40540540540540543 253
(46, 4)
(59, 4)
(55, 4)
[0.96724839 0.63090175 1.40184986]
Classification: 1.0 0.40540540540540543 254
(46, 4)
(59, 4)
(55, 4)
[0.98981117 0.62093816 1.38925067]
Classification: 1.0 0.40540540540540543 255
(46, 4)
(59, 4)
(55, 4)
[1.05950264 0.64197415 1.2985232 ]
Classification: 1.0 0.40540540540540543 256
(46, 4)
(59, 4)
(55, 4)
[1.05665189 0.6544062  1.28894191]
Classification: 1.0 0.40540540540540543 257
(46, 4)
(59, 4)
(55, 4)
[0.97996561 0.67417527 1.34585913]
Classification: 1.0 0.40540540540540543 258
(46, 4)
(59, 4)
(55, 4)
[1.02029265 0.62156111 1.35814624]
Classification: 1.0 0.40540540540540543 259
(46, 4)
(59, 4)
(55, 4)
[0.96589619 0.68056671 1.35353711]
Classification: 1.0 0.40540540540540543 260
(46, 4)
(59, 4)
(55, 4)
[0.91870804 0.72658576 1.3547062 ]
Classification: 1.0 0.40540540540540543 261
(46, 4)
(59, 4)
(55, 4)
[0.98062119 0.70015493 1.31922387]
Classification: 1.0 0.40540540540540543 262
(46, 4)
(59, 4)
(55, 4)
[1.04464547 0.64788703 1.3074675 ]
Classification: 1.0 0.40540540540540543 263
(46, 4)
(59, 4)
(55, 4)
[1.01688507 0.64938961 1.33372532]
Classification: 1.0 0.40540540540540543 264
(46, 4)
(59, 4)
(55, 4)
[0.96642354 0.67105425 1.36252221]
Classification: 1.0 0.40540540540540543 265
(46, 4)
(59, 4)
(55, 4)
[0.97532338 0.65878319 1.36589343]
Classification: 1.0 0.40540540540540543 266
(46, 4)
(59, 4)
(55, 4)
[0.93565523 0.71343618 1.35090859]
Classification: 1.0 0.40540540540540543 267
(46, 4)
(59, 4)
(55, 4)
[0.88427952 0.7179543  1.39776618]
Classification: 1.0 0.40540540540540543 268
(46, 4)
(59, 4)
(55, 4)
[0.89030362 0.74050134 1.36919504]
Classification: 1.0 0.40540540540540543 269
(46, 4)
(59, 4)
(55, 4)
[0.96880548 0.69688231 1.3343122 ]
Classification: 1.0 0.40540540540540543 270
(46, 4)
(59, 4)
(55, 4)
[0.97555698 0.68225234 1.34219068]
Classification: 1.0 0.40540540540540543 271
(46, 4)
(59, 4)
(55, 4)
[1.01808348 0.65073369 1.33118283]
Classification: 1.0 0.40540540540540543 272
(46, 4)
(59, 4)
(55, 4)
[0.98796333 0.63575018 1.37628649]
Classification: 1.0 0.40540540540540543 273
(46, 4)
(59, 4)
(55, 4)
[0.99193599 0.62737291 1.3806911 ]
Classification: 1.0 0.40540540540540543 274
(46, 4)
(59, 4)
(55, 4)
[0.96826942 0.66395919 1.36777139]
Classification: 1.0 0.40540540540540543 275
(46, 4)
(59, 4)
(55, 4)
[0.93104227 0.68792314 1.38103459]
Classification: 1.0 0.40540540540540543 276
(46, 4)
(59, 4)
(55, 4)
[0.91607099 0.67607788 1.40785113]
Classification: 1.0 0.4189189189189189 277
(46, 4)
(59, 4)
(55, 4)
[0.90864663 0.6840293  1.40732408]
Classification: 1.0 0.4189189189189189 278
(46, 4)
(59, 4)
(55, 4)
[0.93436663 0.70153147 1.3641019 ]
Classification: 1.0 0.4189189189189189 279
(46, 4)
(59, 4)
(55, 4)
[0.9551558  0.66455978 1.38028441]
Classification: 1.0 0.4189189189189189 280
(46, 4)
(59, 4)
(55, 4)
[0.92230572 0.66810432 1.40958995]
Classification: 1.0 0.4189189189189189 281
(46, 4)
(59, 4)
(55, 4)
[0.87934082 0.70933167 1.4113275 ]
Classification: 1.0 0.4189189189189189 282
(46, 4)
(59, 4)
(55, 4)
[0.85533276 0.71228377 1.43238347]
Classification: 1.0 0.4189189189189189 283
(46, 4)
(59, 4)
(55, 4)
[0.87492471 0.72782539 1.3972499 ]
Classification: 1.0 0.4189189189189189 284
(46, 4)
(59, 4)
(55, 4)
[0.86939871 0.70266195 1.42793934]
Classification: 1.0 0.4189189189189189 285
(46, 4)
(59, 4)
(55, 4)
[0.88226839 0.6909347  1.42679691]
Classification: 1.0 0.40540540540540543 286
(46, 4)
(59, 4)
(55, 4)
[0.92940071 0.71570195 1.35489734]
Classification: 1.0 0.4189189189189189 287
(46, 4)
(59, 4)
(55, 4)
[0.91902105 0.73705883 1.34392012]
Classification: 1.0 0.4189189189189189 288
(46, 4)
(59, 4)
(55, 4)
[0.93454276 0.69370507 1.37175216]
Classification: 1.0 0.4189189189189189 289
(46, 4)
(59, 4)
(55, 4)
[0.97019423 0.71627446 1.31353132]
Classification: 1.0 0.4189189189189189 290
(46, 4)
(59, 4)
(55, 4)
[0.92155937 0.72552088 1.35291975]
Classification: 1.0 0.4189189189189189 291
(46, 4)
(59, 4)
(55, 4)
[0.90610065 0.72002364 1.37387571]
Classification: 1.0 0.4189189189189189 292
(46, 4)
(59, 4)
(55, 4)
[0.93321382 0.71341007 1.35337611]
Classification: 1.0 0.4189189189189189 293
(46, 4)
(59, 4)
(55, 4)
[0.95695455 0.69568295 1.3473625 ]
Classification: 1.0 0.4189189189189189 294
(46, 4)
(59, 4)
(55, 4)
[0.88948628 0.65455924 1.45595449]
Classification: 1.0 0.4189189189189189 295
(46, 4)
(59, 4)
(55, 4)
[0.89924602 0.7019217  1.39883229]
Classification: 1.0 0.4189189189189189 296
(46, 4)
(59, 4)
(55, 4)
[0.86349116 0.757778   1.37873084]
Classification: 1.0 0.4189189189189189 297
(46, 4)
(59, 4)
(55, 4)
[0.86873895 0.71146075 1.4198003 ]
Classification: 1.0 0.4189189189189189 298
(46, 4)
(59, 4)
(55, 4)
[0.93791209 0.6946412  1.36744671]
Classification: 1.0 0.4189189189189189 299
(46, 4)
(59, 4)
(55, 4)
[0.8584505  0.76527067 1.37627883]
Classification: 1.0 0.4189189189189189 300
(46, 4)
(59, 4)
(55, 4)
[0.89885931 0.71698827 1.38415243]
Classification: 1.0 0.4189189189189189 301
(46, 4)
(59, 4)
(55, 4)
[0.85562284 0.76852614 1.37585102]
Classification: 1.0 0.4189189189189189 302
(46, 4)
(59, 4)
(55, 4)
[0.90439568 0.77297466 1.32262966]
Classification: 1.0 0.4189189189189189 303
(46, 4)
(59, 4)
(55, 4)
[0.89222458 0.73815011 1.36962531]
Classification: 1.0 0.4189189189189189 304
(46, 4)
(59, 4)
(55, 4)
[0.83078718 0.71621182 1.453001  ]
Classification: 1.0 0.4189189189189189 305
(46, 4)
(59, 4)
(55, 4)
[0.83216891 0.63652527 1.53130581]
Classification: 1.0 0.4189189189189189 306
(46, 4)
(59, 4)
(55, 4)
[0.87054479 0.68915533 1.44029989]
Classification: 1.0 0.4189189189189189 307
(46, 4)
(59, 4)
(55, 4)
[0.92623911 0.64217659 1.4315843 ]
Classification: 1.0 0.4189189189189189 308
(46, 4)
(59, 4)
(55, 4)
[0.91221595 0.69065031 1.39713374]
Classification: 1.0 0.4189189189189189 309
(46, 4)
(59, 4)
(55, 4)
[0.93429725 0.64651182 1.41919092]
Classification: 1.0 0.4189189189189189 310
(46, 4)
(59, 4)
(55, 4)
[0.92115841 0.69974477 1.37909682]
Classification: 1.0 0.4189189189189189 311
(46, 4)
(59, 4)
(55, 4)
[0.85646683 0.7707931  1.37274007]
Classification: 1.0 0.4189189189189189 312
(46, 4)
(59, 4)
(55, 4)
[0.99550799 0.6857885  1.31870351]
Classification: 1.0 0.4189189189189189 313
(46, 4)
(59, 4)
(55, 4)
[0.89305662 0.68687967 1.42006371]
Classification: 1.0 0.4189189189189189 314
(46, 4)
(59, 4)
(55, 4)
[0.95391992 0.65003497 1.39604511]
Classification: 1.0 0.40540540540540543 315
(46, 4)
(59, 4)
(55, 4)
[0.99647929 0.69131836 1.31220235]
Classification: 1.0 0.40540540540540543 316
(46, 4)
(59, 4)
(55, 4)
[0.95708362 0.68243702 1.36047937]
Classification: 1.0 0.40540540540540543 317
(46, 4)
(59, 4)
(55, 4)
[0.95826528 0.68633367 1.35540105]
Classification: 1.0 0.40540540540540543 318
(46, 4)
(59, 4)
(55, 4)
[0.95183562 0.70581166 1.34235272]
Classification: 1.0 0.40540540540540543 319
(46, 4)
(59, 4)
(55, 4)
[0.89355306 0.69896614 1.40748079]
Classification: 1.0 0.40540540540540543 320
(46, 4)
(59, 4)
(55, 4)
[0.92528726 0.62967721 1.44503553]
Classification: 1.0 0.40540540540540543 321
(46, 4)
(59, 4)
(55, 4)
[0.90238308 0.67228441 1.42533251]
Classification: 1.0 0.40540540540540543 322
(46, 4)
(59, 4)
(55, 4)
[0.89616159 0.70346059 1.40037783]
Classification: 1.0 0.40540540540540543 323
(46, 4)
(59, 4)
(55, 4)
[0.91216936 0.6948996  1.39293105]
Classification: 1.0 0.40540540540540543 324
(46, 4)
(59, 4)
(55, 4)
[0.9112005  0.68188117 1.40691833]
Classification: 1.0 0.40540540540540543 325
(46, 4)
(59, 4)
(55, 4)
[0.94594464 0.67305291 1.38100245]
Classification: 1.0 0.40540540540540543 326
(46, 4)
(59, 4)
(55, 4)
[0.93864805 0.68757492 1.37377703]
Classification: 1.0 0.40540540540540543 327
(46, 4)
(59, 4)
(55, 4)
[0.87717561 0.71655812 1.40626627]
Classification: 1.0 0.40540540540540543 328
(46, 4)
(59, 4)
(55, 4)
[0.95641647 0.65712718 1.38645635]
Classification: 1.0 0.40540540540540543 329
(46, 4)
(59, 4)
(55, 4)
[0.94672779 0.65604421 1.397228  ]
Classification: 1.0 0.40540540540540543 330
(46, 4)
(59, 4)
(55, 4)
[0.97435724 0.59428711 1.43135565]
Classification: 1.0 0.40540540540540543 331
(46, 4)
(59, 4)
(55, 4)
[0.97323282 0.64289668 1.3838705 ]
Classification: 1.0 0.40540540540540543 332
(46, 4)
(59, 4)
(55, 4)
[1.00631823 0.60902367 1.38465811]
Classification: 1.0 0.40540540540540543 333
(46, 4)
(59, 4)
(55, 4)
[0.88782885 0.70713915 1.40503199]
Classification: 1.0 0.40540540540540543 334
(46, 4)
(59, 4)
(55, 4)
[0.92462004 0.73163038 1.34374958]
Classification: 1.0 0.40540540540540543 335
(46, 4)
(59, 4)
(55, 4)
[0.93582877 0.64557808 1.41859315]
Classification: 1.0 0.40540540540540543 336
(46, 4)
(59, 4)
(55, 4)
[1.00640672 0.66110622 1.33248706]
Classification: 1.0 0.40540540540540543 337
(46, 4)
(59, 4)
(55, 4)
[0.92125387 0.73602621 1.34271992]
Classification: 1.0 0.40540540540540543 338
(46, 4)
(59, 4)
(55, 4)
[0.97569789 0.68662848 1.33767363]
Classification: 1.0 0.40540540540540543 339
(46, 4)
(59, 4)
(55, 4)
[0.96601346 0.66977178 1.36421476]
Classification: 1.0 0.40540540540540543 340
(46, 4)
(59, 4)
(55, 4)
[0.97442914 0.65454439 1.37102647]
Classification: 1.0 0.40540540540540543 341
(46, 4)
(59, 4)
(55, 4)
[0.97534163 0.68165955 1.34299882]
Classification: 1.0 0.40540540540540543 342
(46, 4)
(59, 4)
(55, 4)
[0.92935012 0.67922543 1.39142445]
Classification: 1.0 0.40540540540540543 343
(46, 4)
(59, 4)
(55, 4)
[0.9716666  0.67827529 1.35005811]
Classification: 1.0 0.40540540540540543 344
(46, 4)
(59, 4)
(55, 4)
[0.94581164 0.67664613 1.37754223]
Classification: 1.0 0.40540540540540543 345
(46, 4)
(59, 4)
(55, 4)
[0.94764152 0.68280202 1.36955646]
Classification: 1.0 0.40540540540540543 346
(46, 4)
(59, 4)
(55, 4)
[0.92352379 0.70355578 1.37292043]
Classification: 1.0 0.40540540540540543 347
(46, 4)
(59, 4)
(55, 4)
[0.91748359 0.6608357  1.42168071]
Classification: 1.0 0.40540540540540543 348
(46, 4)
(59, 4)
(55, 4)
[0.98047866 0.68913152 1.33038982]
Classification: 1.0 0.40540540540540543 349
(46, 4)
(59, 4)
(55, 4)
[0.99096297 0.65077017 1.35826685]
Classification: 1.0 0.40540540540540543 350
(46, 4)
(59, 4)
(55, 4)
[0.99481277 0.63919187 1.36599536]
Classification: 1.0 0.40540540540540543 351
(46, 4)
(59, 4)
(55, 4)
[0.98948997 0.64664322 1.36386681]
Classification: 1.0 0.40540540540540543 352
(46, 4)
(59, 4)
(55, 4)
[1.0341038  0.62379294 1.34210326]
Classification: 1.0 0.40540540540540543 353
(46, 4)
(59, 4)
(55, 4)
[1.02968462 0.65952602 1.31078936]
Classification: 1.0 0.40540540540540543 354
(46, 4)
(59, 4)
(55, 4)
[0.99992377 0.69474546 1.30533077]
Classification: 1.0 0.40540540540540543 355
(46, 4)
(59, 4)
(55, 4)
[0.98230605 0.65065115 1.3670428 ]
Classification: 1.0 0.40540540540540543 356
(46, 4)
(59, 4)
(55, 4)
[0.98371512 0.63600417 1.38028071]
Classification: 1.0 0.40540540540540543 357
(46, 4)
(59, 4)
(55, 4)
[0.98073124 0.60967227 1.40959649]
Classification: 1.0 0.40540540540540543 358
(46, 4)
(59, 4)
(55, 4)
[0.9484845  0.63798068 1.41353482]
Classification: 1.0 0.40540540540540543 359
(46, 4)
(59, 4)
(55, 4)
[0.98109522 0.63237924 1.38652554]
Classification: 1.0 0.40540540540540543 360
(46, 4)
(59, 4)
(55, 4)
[0.99095382 0.59617022 1.41287596]
Classification: 1.0 0.40540540540540543 361
(46, 4)
(59, 4)
(55, 4)
[0.98389798 0.62320828 1.39289373]
Classification: 1.0 0.40540540540540543 362
(46, 4)
(59, 4)
(55, 4)
[0.9923614  0.63300913 1.37462947]
Classification: 1.0 0.40540540540540543 363
(46, 4)
(59, 4)
(55, 4)
[1.02663184 0.65603788 1.31733028]
Classification: 1.0 0.40540540540540543 364
(46, 4)
(59, 4)
(55, 4)
[1.09306038 0.64489444 1.26204519]
Classification: 1.0 0.40540540540540543 365
(46, 4)
(59, 4)
(55, 4)
[1.02872102 0.66745004 1.30382894]
Classification: 1.0 0.40540540540540543 366
(46, 4)
(59, 4)
(55, 4)
[1.06927501 0.60260122 1.32812377]
Classification: 1.0 0.40540540540540543 367
(46, 4)
(59, 4)
(55, 4)
[1.08256047 0.57984989 1.33758964]
Classification: 1.0 0.40540540540540543 368
(46, 4)
(59, 4)
(55, 4)
[0.98149317 0.64773794 1.37076889]
Classification: 1.0 0.40540540540540543 369
(46, 4)
(59, 4)
(55, 4)
[1.0335345  0.58582859 1.38063691]
Classification: 1.0 0.40540540540540543 370
(46, 4)
(59, 4)
(55, 4)
[1.03971293 0.62929399 1.33099307]
Classification: 1.0 0.40540540540540543 371
(46, 4)
(59, 4)
(55, 4)
[1.01256183 0.62492583 1.36251233]
Classification: 1.0 0.40540540540540543 372
(46, 4)
(59, 4)
(55, 4)
[1.04928186 0.6057455  1.34497264]
Classification: 1.0 0.40540540540540543 373
(46, 4)
(59, 4)
(55, 4)
[1.02961387 0.61295401 1.35743212]
Classification: 1.0 0.40540540540540543 374
(46, 4)
(59, 4)
(55, 4)
[1.00060615 0.66126326 1.33813059]
Classification: 1.0 0.40540540540540543 375
(46, 4)
(59, 4)
(55, 4)
[0.96196543 0.66275989 1.37527468]
Classification: 1.0 0.40540540540540543 376
(46, 4)
(59, 4)
(55, 4)
[0.99881531 0.63393847 1.36724622]
Classification: 1.0 0.40540540540540543 377
(46, 4)
(59, 4)
(55, 4)
[0.92853269 0.63595758 1.43550973]
Classification: 1.0 0.40540540540540543 378
(46, 4)
(59, 4)
(55, 4)
[0.98039825 0.65700627 1.36259547]
Classification: 1.0 0.40540540540540543 379
(46, 4)
(59, 4)
(55, 4)
[0.89572562 0.64966403 1.45461035]
Classification: 1.0 0.40540540540540543 380
(46, 4)
(59, 4)
(55, 4)
[0.92398454 0.68789006 1.3881254 ]
Classification: 1.0 0.40540540540540543 381
(46, 4)
(59, 4)
(55, 4)
[0.88561993 0.68600568 1.4283744 ]
Classification: 1.0 0.40540540540540543 382
(46, 4)
(59, 4)
(55, 4)
[0.93675077 0.67776969 1.38547954]
Classification: 1.0 0.40540540540540543 383
(46, 4)
(59, 4)
(55, 4)
[0.89957486 0.72599433 1.3744308 ]
Classification: 1.0 0.40540540540540543 384
(46, 4)
(59, 4)
(55, 4)
[0.87966429 0.66832328 1.45201243]
Classification: 1.0 0.40540540540540543 385
(46, 4)
(59, 4)
(55, 4)
[0.85130787 0.66207851 1.48661361]
Classification: 1.0 0.40540540540540543 386
(46, 4)
(59, 4)
(55, 4)
[0.85077583 0.67050198 1.47872219]
Classification: 1.0 0.40540540540540543 387
(46, 4)
(59, 4)
(55, 4)
[0.90339426 0.67010608 1.42649967]
Classification: 1.0 0.40540540540540543 388
(46, 4)
(59, 4)
(55, 4)
[0.89918833 0.69560196 1.40520971]
Classification: 1.0 0.40540540540540543 389
(46, 4)
(59, 4)
(55, 4)
[0.88892478 0.66967819 1.44139703]
Classification: 1.0 0.40540540540540543 390
(46, 4)
(59, 4)
(55, 4)
[0.8549526  0.70072416 1.44432324]
Classification: 1.0 0.40540540540540543 391
(46, 4)
(59, 4)
(55, 4)
[0.87491078 0.7335115  1.39157772]
Classification: 1.0 0.40540540540540543 392
(46, 4)
(59, 4)
(55, 4)
[0.90411353 0.68657781 1.40930866]
Classification: 1.0 0.40540540540540543 393
(46, 4)
(59, 4)
(55, 4)
[0.82925777 0.6898832  1.48085903]
Classification: 1.0 0.40540540540540543 394
(46, 4)
(59, 4)
(55, 4)
[0.88138176 0.72820967 1.39040858]
Classification: 1.0 0.40540540540540543 395
(46, 4)
(59, 4)
(55, 4)
[0.8287836  0.73509448 1.43612192]
Classification: 1.0 0.40540540540540543 396
(46, 4)
(59, 4)
(55, 4)
[0.85098076 0.72203305 1.42698618]
Classification: 1.0 0.40540540540540543 397
(46, 4)
(59, 4)
(55, 4)
[0.85290845 0.70755135 1.43954019]
Classification: 1.0 0.40540540540540543 398
(46, 4)
(59, 4)
(55, 4)
[0.84837277 0.72101536 1.43061187]
Classification: 1.0 0.40540540540540543 399
(46, 4)
(59, 4)
(55, 4)
[0.83497542 0.69884937 1.46617521]
Classification: 1.0 0.3918918918918919 400
(46, 4)
(59, 4)
(55, 4)
[0.87819311 0.69584816 1.42595873]
Classification: 1.0 0.3918918918918919 401
(46, 4)
(59, 4)
(55, 4)
[0.85305027 0.6676732  1.47927653]
Classification: 1.0 0.3918918918918919 402
(46, 4)
(59, 4)
(55, 4)
[0.86779388 0.69618855 1.43601758]
Classification: 1.0 0.3918918918918919 403
(46, 4)
(59, 4)
(55, 4)
[0.87722411 0.71225396 1.41052193]
Classification: 1.0 0.3918918918918919 404
(46, 4)
(59, 4)
(55, 4)
[0.88531763 0.67627611 1.43840626]
Classification: 1.0 0.3918918918918919 405
(46, 4)
(59, 4)
(55, 4)
[0.85720978 0.69890871 1.44388152]
Classification: 1.0 0.3918918918918919 406
(46, 4)
(59, 4)
(55, 4)
[0.88259409 0.70147947 1.41592644]
Classification: 1.0 0.3918918918918919 407
(46, 4)
(59, 4)
(55, 4)
[0.89165912 0.6889436  1.41939728]
Classification: 1.0 0.3918918918918919 408
(46, 4)
(59, 4)
(55, 4)
[0.85112788 0.6777306  1.47114152]
Classification: 1.0 0.3918918918918919 409
(46, 4)
(59, 4)
(55, 4)
[0.9037452  0.74218718 1.35406762]
Classification: 1.0 0.3918918918918919 410
(46, 4)
(59, 4)
(55, 4)
[0.90540067 0.68052088 1.41407845]
Classification: 1.0 0.3918918918918919 411
(46, 4)
(59, 4)
(55, 4)
[0.92657989 0.74887542 1.3245447 ]
Classification: 1.0 0.3918918918918919 412
(46, 4)
(59, 4)
(55, 4)
[0.8873876  0.72466799 1.38794441]
Classification: 1.0 0.3918918918918919 413
(46, 4)
(59, 4)
(55, 4)
[0.87748735 0.7673073  1.35520536]
Classification: 1.0 0.3918918918918919 414
(46, 4)
(59, 4)
(55, 4)
[0.92044158 0.71347004 1.36608838]
Classification: 1.0 0.3918918918918919 415
(46, 4)
(59, 4)
(55, 4)
[0.91230189 0.70976688 1.37793123]
Classification: 1.0 0.3918918918918919 416
(46, 4)
(59, 4)
(55, 4)
[0.90875591 0.73206666 1.35917744]
Classification: 1.0 0.3918918918918919 417
(46, 4)
(59, 4)
(55, 4)
[0.86863961 0.76201537 1.36934502]
Classification: 1.0 0.3918918918918919 418
(46, 4)
(59, 4)
(55, 4)
[0.84657739 0.78207319 1.37134942]
Classification: 1.0 0.3918918918918919 419
(46, 4)
(59, 4)
(55, 4)
[0.85831267 0.72215075 1.41953659]
Classification: 1.0 0.3918918918918919 420
(46, 4)
(59, 4)
(55, 4)
[0.82224919 0.76519629 1.41255452]
Classification: 1.0 0.3918918918918919 421
(46, 4)
(59, 4)
(55, 4)
[0.8080889  0.80498251 1.38692858]
Classification: 1.0 0.3918918918918919 422
(46, 4)
(59, 4)
(55, 4)
[0.81305812 0.7696002  1.41734168]
Classification: 1.0 0.3918918918918919 423
(46, 4)
(59, 4)
(55, 4)
[0.87769613 0.75446421 1.36783967]
Classification: 1.0 0.3918918918918919 424
(46, 4)
(59, 4)
(55, 4)
[0.89654808 0.74367639 1.35977553]
Classification: 1.0 0.3918918918918919 425
(46, 4)
(59, 4)
(55, 4)
[0.87292015 0.70137409 1.42570576]
Classification: 1.0 0.3918918918918919 426
(46, 4)
(59, 4)
(55, 4)
[0.8399072  0.73067774 1.42941505]
Classification: 1.0 0.3918918918918919 427
(46, 4)
(59, 4)
(55, 4)
[0.79996712 0.80336863 1.39666424]
Classification: 1.0 0.3918918918918919 428
(46, 4)
(59, 4)
(55, 4)
[0.84485168 0.78884386 1.36630446]
Classification: 1.0 0.3918918918918919 429
(46, 4)
(59, 4)
(55, 4)
[0.84247818 0.70435867 1.45316316]
Classification: 1.0 0.3918918918918919 430
(46, 4)
(59, 4)
(55, 4)
[0.87512202 0.69933693 1.42554105]
Classification: 1.0 0.3918918918918919 431
(46, 4)
(59, 4)
(55, 4)
[0.8446982 0.7200721 1.4352297]
Classification: 1.0 0.3918918918918919 432
(46, 4)
(59, 4)
(55, 4)
[0.83390657 0.78609704 1.37999639]
Classification: 1.0 0.3918918918918919 433
(46, 4)
(59, 4)
(55, 4)
[0.84963122 0.7338866  1.41648218]
Classification: 1.0 0.3918918918918919 434
(46, 4)
(59, 4)
(55, 4)
[0.81878405 0.75116775 1.4300482 ]
Classification: 1.0 0.3918918918918919 435
(46, 4)
(59, 4)
(55, 4)
[0.8528547  0.74547474 1.40167056]
Classification: 1.0 0.3918918918918919 436
(46, 4)
(59, 4)
(55, 4)
[0.81860489 0.79336253 1.38803258]
Classification: 1.0 0.3918918918918919 437
(46, 4)
(59, 4)
(55, 4)
[0.86050443 0.74040697 1.39908861]
Classification: 1.0 0.3918918918918919 438
(46, 4)
(59, 4)
(55, 4)
[0.84599987 0.73463863 1.41936151]
Classification: 1.0 0.3918918918918919 439
(46, 4)
(59, 4)
(55, 4)
[0.80697853 0.78201417 1.4110073 ]
Classification: 1.0 0.3918918918918919 440
(46, 4)
(59, 4)
(55, 4)
[0.78291433 0.77884849 1.43823719]
Classification: 1.0 0.3918918918918919 441
(46, 4)
(59, 4)
(55, 4)
[0.83394681 0.72696626 1.43908693]
Classification: 1.0 0.3918918918918919 442
(46, 4)
(59, 4)
(55, 4)
[0.83288258 0.72566275 1.44145467]
Classification: 1.0 0.3918918918918919 443
(46, 4)
(59, 4)
(55, 4)
[0.82203031 0.75001168 1.42795801]
Classification: 1.0 0.3918918918918919 444
(46, 4)
(59, 4)
(55, 4)
[0.88678986 0.70393857 1.40927157]
Classification: 1.0 0.3918918918918919 445
(46, 4)
(59, 4)
(55, 4)
[0.83171035 0.74123756 1.42705208]
Classification: 1.0 0.3783783783783784 446
(46, 4)
(59, 4)
(55, 4)
[0.87803549 0.67963224 1.44233227]
Classification: 1.0 0.3918918918918919 447
(46, 4)
(59, 4)
(55, 4)
[0.86648612 0.7394057  1.39410818]
Classification: 1.0 0.3918918918918919 448
(46, 4)
(59, 4)
(55, 4)
[0.80071157 0.73975562 1.45953281]
Classification: 1.0 0.3918918918918919 449
(46, 4)
(59, 4)
(55, 4)
[0.91302622 0.70804057 1.37893321]
Classification: 1.0 0.3918918918918919 450
(46, 4)
(59, 4)
(55, 4)
[0.82263999 0.7658377  1.41152231]
Classification: 1.0 0.40540540540540543 451
(46, 4)
(59, 4)
(55, 4)
[0.876724   0.68734111 1.43593489]
Classification: 1.0 0.3918918918918919 452
(46, 4)
(59, 4)
(55, 4)
[0.85526809 0.73997545 1.40475647]
Classification: 1.0 0.3918918918918919 453
(46, 4)
(59, 4)
(55, 4)
[0.84919515 0.70440276 1.4464021 ]
Classification: 1.0 0.3918918918918919 454
(46, 4)
(59, 4)
(55, 4)
[0.89267813 0.74159434 1.36572752]
Classification: 1.0 /mnt/data/user_liangzhiyu/envs/fedcsl/lib/python3.8/site-packages/scipy/__init__.py:146: UserWarning: A NumPy version >=1.16.5 and <1.23.0 is required for this version of SciPy (detected version 1.23.5
  warnings.warn(f"A NumPy version >={np_minversion} and <{np_maxversion}"
/mnt/data/user_liangzhiyu/envs/fedcsl/lib/python3.8/site-packages/tslearn/bases/bases.py:15: UserWarning: h5py not installed, hdf5 features will not be supported.
Install h5py to use hdf5 features: http://docs.h5py.org/
  warn(h5py_msg)
/mnt/data/user_liangzhiyu/lixiongfei/CSL-main/train.py:392: UserWarning: Creating a tensor from a list of numpy.ndarrays is extremely slow. Please consider converting the list to a single numpy.ndarray with numpy.array() before converting to a tensor. (Triggered internally at /opt/conda/conda-bld/pytorch_1724789259345/work/torch/csrc/utils/tensor_new.cpp:278.)
  X = torch.tensor(X, dtype=torch.float).contiguous()
0.3918918918918919 455
(46, 4)
(59, 4)
(55, 4)
[0.87813292 0.73395453 1.38791255]
Classification: 1.0 0.3918918918918919 456
(46, 4)
(59, 4)
(55, 4)
[0.89555794 0.71521116 1.3892309 ]
Classification: 1.0 0.3918918918918919 457
(46, 4)
(59, 4)
(55, 4)
[0.85978173 0.7733013  1.36691697]
Classification: 1.0 0.3918918918918919 458
(46, 4)
(59, 4)
(55, 4)
[0.90470277 0.72818223 1.367115  ]
Classification: 1.0 0.3918918918918919 459
(46, 4)
(59, 4)
(55, 4)
[0.87885501 0.76579846 1.35534653]
Classification: 1.0 0.3918918918918919 460
(46, 4)
(59, 4)
(55, 4)
[0.90069929 0.74030844 1.35899227]
Classification: 1.0 0.40540540540540543 461
(46, 4)
(59, 4)
(55, 4)
[0.92349479 0.72870128 1.34780393]
Classification: 1.0 0.40540540540540543 462
(46, 4)
(59, 4)
(55, 4)
[0.90889068 0.75035484 1.34075448]
Classification: 1.0 0.40540540540540543 463
(46, 4)
(59, 4)
(55, 4)
[0.8728767  0.76856599 1.3585573 ]
Classification: 1.0 0.40540540540540543 464
(46, 4)
(59, 4)
(55, 4)
[0.90987453 0.67862317 1.41150231]
Classification: 1.0 0.40540540540540543 465
(46, 4)
(59, 4)
(55, 4)
[0.93254722 0.69587823 1.37157455]
Classification: 1.0 0.40540540540540543 466
(46, 4)
(59, 4)
(55, 4)
[0.91631135 0.71979466 1.36389399]
Classification: 1.0 0.40540540540540543 467
(46, 4)
(59, 4)
(55, 4)
[0.91268611 0.73857341 1.34874048]
Classification: 1.0 0.40540540540540543 468
(46, 4)
(59, 4)
(55, 4)
[0.94229062 0.65394464 1.40376474]
Classification: 1.0 0.40540540540540543 469
(46, 4)
(59, 4)
(55, 4)
[0.99622119 0.67360559 1.33017323]
Classification: 1.0 0.3918918918918919 470
(46, 4)
(59, 4)
(55, 4)
[0.95655998 0.72232504 1.32111498]
Classification: 1.0 0.40540540540540543 471
(46, 4)
(59, 4)
(55, 4)
[0.94737957 0.7321885  1.32043193]
Classification: 1.0 0.40540540540540543 472
(46, 4)
(59, 4)
(55, 4)
[0.90780786 0.77813488 1.31405725]
Classification: 1.0 0.3918918918918919 473
(46, 4)
(59, 4)
(55, 4)
[0.92832697 0.73187343 1.3397996 ]
Classification: 1.0 0.40540540540540543 474
(46, 4)
(59, 4)
(55, 4)
[0.92738184 0.71893051 1.35368765]
Classification: 1.0 0.3918918918918919 475
(46, 4)
(59, 4)
(55, 4)
[0.95000439 0.74350473 1.30649089]
Classification: 1.0 0.3783783783783784 476
(46, 4)
(59, 4)
(55, 4)
[0.94114972 0.7034773  1.35537298]
Classification: 1.0 0.40540540540540543 477
(46, 4)
(59, 4)
(55, 4)
[0.92405021 0.69129626 1.38465353]
Classification: 1.0 0.3918918918918919 478
(46, 4)
(59, 4)
(55, 4)
[0.89553933 0.70046722 1.40399345]
Classification: 1.0 0.3783783783783784 479
(46, 4)
(59, 4)
(55, 4)
[0.99018019 0.65914744 1.35067237]
Classification: 1.0 0.3918918918918919 480
(46, 4)
(59, 4)
(55, 4)
[0.98055424 0.68272939 1.33671637]
Classification: 1.0 0.3783783783783784 481
(46, 4)
(59, 4)
(55, 4)
[0.98961272 0.67251324 1.33787404]
Classification: 1.0 0.3783783783783784 482
(46, 4)
(59, 4)
(55, 4)
[0.92930704 0.66689779 1.40379517]
Classification: 1.0 0.3918918918918919 483
(46, 4)
(59, 4)
(55, 4)
[0.98241289 0.65989949 1.35768762]
Classification: 1.0 0.3783783783783784 484
(46, 4)
(59, 4)
(55, 4)
[0.97098749 0.66256326 1.36644925]
Classification: 1.0 0.3783783783783784 485
(46, 4)
(59, 4)
(55, 4)
[0.93716207 0.67864621 1.38419172]
Classification: 1.0 0.3783783783783784 486
(46, 4)
(59, 4)
(55, 4)
[0.95562115 0.63930755 1.4050713 ]
Classification: 1.0 0.3783783783783784 487
(46, 4)
(59, 4)
(55, 4)
[1.01828714 0.64925148 1.33246138]
Classification: 1.0 0.3918918918918919 488
(46, 4)
(59, 4)
(55, 4)
[0.94507006 0.70220352 1.35272642]
Classification: 1.0 0.3783783783783784 489
(46, 4)
(59, 4)
(55, 4)
[0.90585503 0.72060553 1.37353944]
Classification: 1.0 0.3783783783783784 490
(46, 4)
(59, 4)
(55, 4)
[0.97387622 0.67948853 1.34663525]
Classification: 1.0 0.3783783783783784 491
(46, 4)
(59, 4)
(55, 4)
[0.98825624 0.66863966 1.3431041 ]
Classification: 1.0 0.3783783783783784 492
(46, 4)
(59, 4)
(55, 4)
[1.01507736 0.64896638 1.33595626]
Classification: 1.0 0.3783783783783784 493
(46, 4)
(59, 4)
(55, 4)
[0.94922204 0.65706805 1.39370992]
Classification: 1.0 0.3918918918918919 494
(46, 4)
(59, 4)
(55, 4)
[0.98161576 0.69143676 1.32694748]
Classification: 1.0 0.3918918918918919 495
(46, 4)
(59, 4)
(55, 4)
[1.00260361 0.65865396 1.33874243]
Classification: 1.0 0.3918918918918919 496
(46, 4)
(59, 4)
(55, 4)
[0.96208835 0.6779782  1.35993345]
Classification: 1.0 0.3918918918918919 497
(46, 4)
(59, 4)
(55, 4)
[0.97917553 0.68553608 1.33528839]
Classification: 1.0 0.3918918918918919 498
(46, 4)
(59, 4)
(55, 4)
[0.95889598 0.69877679 1.34232722]
Classification: 1.0 0.3918918918918919 499
best round is 1, acc is 0.486486
Model saved to ./checkpoint/HandMovementDirection/2025-03-10-23_HandMovementDirection_model.pt
Running experiment with dataset: HandMovementDirection, config: ./result/ablation_study/config_HandMovementDirection.yml
Running experiment with dataset: HandMovementDirection, config: ./result/ablation_study/config_HandMovementDirection.yml
Running experiment with dataset: HandMovementDirection, config: ./result/ablation_study/config_HandMovementDirection.yml
/mnt/data/user_liangzhiyu/envs/fedcsl/lib/python3.8/site-packages/scipy/__init__.py:146: UserWarning: A NumPy version >=1.16.5 and <1.23.0 is required for this version of SciPy (detected version 1.23.5
  warnings.warn(f"A NumPy version >={np_minversion} and <{np_maxversion}"
/mnt/data/user_liangzhiyu/envs/fedcsl/lib/python3.8/site-packages/tslearn/bases/bases.py:15: UserWarning: h5py not installed, hdf5 features will not be supported.
Install h5py to use hdf5 features: http://docs.h5py.org/
  warn(h5py_msg)
/mnt/data/user_liangzhiyu/lixiongfei/CSL-main/train.py:392: UserWarning: Creating a tensor from a list of numpy.ndarrays is extremely slow. Please consider converting the list to a single numpy.ndarray with numpy.array() before converting to a tensor. (Triggered internally at /opt/conda/conda-bld/pytorch_1724789259345/work/torch/csrc/utils/tensor_new.cpp:278.)
  X = torch.tensor(X, dtype=torch.float).contiguous()
[0.09514033 0.10277917 0.11127909 0.12035814 0.12964186 0.13872091
 0.14722083 0.15485967]
160
<class 'pandas.core.frame.DataFrame'>
RangeIndex: 160 entries, 0 to 159
Data columns (total 11 columns):
 #   Column      Non-Null Count  Dtype 
---  ------      --------------  ----- 
 0   dim_0       160 non-null    object
 1   dim_1       160 non-null    object
 2   dim_2       160 non-null    object
 3   dim_3       160 non-null    object
 4   dim_4       160 non-null    object
 5   dim_5       160 non-null    object
 6   dim_6       160 non-null    object
 7   dim_7       160 non-null    object
 8   dim_8       160 non-null    object
 9   dim_9       160 non-null    object
 10  class_vals  160 non-null    object
dtypes: object(11)
memory usage: 13.9+ KB
None
{400}
<class 'pandas.core.frame.DataFrame'>
RangeIndex: 160 entries, 0 to 159
Data columns (total 11 columns):
 #   Column      Non-Null Count  Dtype 
---  ------      --------------  ----- 
 0   dim_0       160 non-null    object
 1   dim_1       160 non-null    object
 2   dim_2       160 non-null    object
 3   dim_3       160 non-null    object
 4   dim_4       160 non-null    object
 5   dim_5       160 non-null    object
 6   dim_6       160 non-null    object
 7   dim_7       160 non-null    object
 8   dim_8       160 non-null    object
 9   dim_9       160 non-null    object
 10  class_vals  160 non-null    object
dtypes: object(11)
memory usage: 13.9+ KB
None
[0 0 0 0 0 0 0 0 0 0 0 0 0 0 0 0 0 0 0 0 0 0 0 0 0 0 0 0 0 0 0 0 0 0 0 0 0
 0 0 0 1 1 1 1 1 1 1 1 1 1 1 1 1 1 1 1 1 1 1 1 1 1 1 1 1 1 1 1 1 1 1 1 1 1
 1 1 1 1 1 1 2 2 2 2 2 2 2 2 2 2 2 2 2 2 2 2 2 2 2 2 2 2 2 2 2 2 2 2 2 2 2
 2 2 2 2 2 2 2 2 2 3 3 3 3 3 3 3 3 3 3 3 3 3 3 3 3 3 3 3 3 3 3 3 3 3 3 3 3
 3 3 3 3 3 3 3 3 3 3 3 3]
[  0   1   2   3  40  41  42  43  80  81  82  83  84  85  86  87  88  89
  90  91  92  93  94  95  96  97  98  99 100 101 102 120 121 122 123 124
 125 126 127 128 129 130 131 132 133 134]
[0, 0, 0, 0, 1, 1, 1, 1, 2, 2, 2, 2, 2, 2, 2, 2, 2, 2, 2, 2, 2, 2, 2, 2, 2, 2, 2, 2, 2, 2, 2, 3, 3, 3, 3, 3, 3, 3, 3, 3, 3, 3, 3, 3, 3, 3]
[0, 0, 0, 0, 0, 0, 0, 0, 0, 0, 0, 0, 0, 0, 0, 0, 0, 0, 0, 0, 0, 0, 0, 0, 0, 0, 0, 0, 0, 0, 0, 1, 1, 1, 1, 1, 1, 2, 2, 2, 2, 2, 2, 2, 2, 2, 2, 2, 2, 2, 2, 2, 2, 3, 3, 3, 3, 3, 3]
[0, 0, 0, 0, 0, 1, 1, 1, 1, 1, 1, 1, 1, 1, 1, 1, 1, 1, 1, 1, 1, 1, 1, 1, 1, 1, 1, 1, 1, 1, 1, 1, 1, 1, 1, 2, 3, 3, 3, 3, 3, 3, 3, 3, 3, 3, 3, 3, 3, 3, 3, 3, 3, 3, 3]
shapelet initialized! 

All 3 clinet initialized! 

(46, 4)
(59, 4)
(55, 4)
[0.81297553 1.11539019 1.07163428]
Classification: 1.0 0.44594594594594594 0
(46, 4)
(59, 4)
(55, 4)
[0.85595976 1.08923644 1.0548038 ]
Classification: 1.0 0.4864864864864865 1
(46, 4)
(59, 4)
(55, 4)
[0.848044   0.99435647 1.15759953]
Classification: 1.0 0.4594594594594595 2
(46, 4)
(59, 4)
(55, 4)
[0.67082498 1.12480727 1.20436775]
Classification: 1.0 0.47297297297297297 3
(46, 4)
(59, 4)
(55, 4)
[0.6400414  1.16288761 1.19707098]
Classification: 1.0 0.4594594594594595 4
(46, 4)
(59, 4)
(55, 4)
[0.82422536 1.00660862 1.16916602]
Classification: 1.0 0.4594594594594595 5
(46, 4)
(59, 4)
(55, 4)
[0.73019226 1.013555   1.25625274]
Classification: 1.0 0.4594594594594595 6
(46, 4)
(59, 4)
(55, 4)
[0.59989491 1.05167096 1.34843413]
Classification: 1.0 0.44594594594594594 7
(46, 4)
(59, 4)
(55, 4)
[0.65701126 1.0039058  1.33908294]
Classification: 1.0 0.44594594594594594 8
(46, 4)
(59, 4)
(55, 4)
[0.70472155 1.11884351 1.17643494]
Classification: 1.0 0.43243243243243246 9
(46, 4)
(59, 4)
(55, 4)
[0.81272024 1.0269748  1.16030496]
Classification: 1.0 0.44594594594594594 10
Traceback (most recent call last):
  File "FedCSL_All.py", line 331, in <module>
    print(f"Model saved to {model_path}")
  File "FedCSL_All.py", line 254, in train
    # print(len(X_fed[idx]))
  File "/mnt/data/user_liangzhiyu/lixiongfei/CSL-main/train.py", line 462, in train
    current_loss_ce, C_accu_q, c_normalising_factor_q, C_accu_k, c_normalising_factor_k = self.update_CL(x, C_accu_q, c_normalising_factor_q, C_accu_k, 
  File "/mnt/data/user_liangzhiyu/lixiongfei/CSL-main/train.py", line 132, in update_CL
    with open('./config.yml', 'r') as f:
FileNotFoundError: [Errno 2] No such file or directory: './config.yml'
/mnt/data/user_liangzhiyu/envs/fedcsl/lib/python3.8/site-packages/scipy/__init__.py:146: UserWarning: A NumPy version >=1.16.5 and <1.23.0 is required for this version of SciPy (detected version 1.23.5
  warnings.warn(f"A NumPy version >={np_minversion} and <{np_maxversion}"
/mnt/data/user_liangzhiyu/envs/fedcsl/lib/python3.8/site-packages/tslearn/bases/bases.py:15: UserWarning: h5py not installed, hdf5 features will not be supported.
Install h5py to use hdf5 features: http://docs.h5py.org/
  warn(h5py_msg)
/mnt/data/user_liangzhiyu/lixiongfei/CSL-main/train.py:392: UserWarning: Creating a tensor from a list of numpy.ndarrays is extremely slow. Please consider converting the list to a single numpy.ndarray with numpy.array() before converting to a tensor. (Triggered internally at /opt/conda/conda-bld/pytorch_1724789259345/work/torch/csrc/utils/tensor_new.cpp:278.)
  X = torch.tensor(X, dtype=torch.float).contiguous()
[0.09514033 0.10277917 0.11127909 0.12035814 0.12964186 0.13872091
 0.14722083 0.15485967]
160
<class 'pandas.core.frame.DataFrame'>
RangeIndex: 160 entries, 0 to 159
Data columns (total 11 columns):
 #   Column      Non-Null Count  Dtype 
---  ------      --------------  ----- 
 0   dim_0       160 non-null    object
 1   dim_1       160 non-null    object
 2   dim_2       160 non-null    object
 3   dim_3       160 non-null    object
 4   dim_4       160 non-null    object
 5   dim_5       160 non-null    object
 6   dim_6       160 non-null    object
 7   dim_7       160 non-null    object
 8   dim_8       160 non-null    object
 9   dim_9       160 non-null    object
 10  class_vals  160 non-null    object
dtypes: object(11)
memory usage: 13.9+ KB
None
{400}
<class 'pandas.core.frame.DataFrame'>
RangeIndex: 160 entries, 0 to 159
Data columns (total 11 columns):
 #   Column      Non-Null Count  Dtype 
---  ------      --------------  ----- 
 0   dim_0       160 non-null    object
 1   dim_1       160 non-null    object
 2   dim_2       160 non-null    object
 3   dim_3       160 non-null    object
 4   dim_4       160 non-null    object
 5   dim_5       160 non-null    object
 6   dim_6       160 non-null    object
 7   dim_7       160 non-null    object
 8   dim_8       160 non-null    object
 9   dim_9       160 non-null    object
 10  class_vals  160 non-null    object
dtypes: object(11)
memory usage: 13.9+ KB
None
[0 0 0 0 0 0 0 0 0 0 0 0 0 0 0 0 0 0 0 0 0 0 0 0 0 0 0 0 0 0 0 0 0 0 0 0 0
 0 0 0 1 1 1 1 1 1 1 1 1 1 1 1 1 1 1 1 1 1 1 1 1 1 1 1 1 1 1 1 1 1 1 1 1 1
 1 1 1 1 1 1 2 2 2 2 2 2 2 2 2 2 2 2 2 2 2 2 2 2 2 2 2 2 2 2 2 2 2 2 2 2 2
 2 2 2 2 2 2 2 2 2 3 3 3 3 3 3 3 3 3 3 3 3 3 3 3 3 3 3 3 3 3 3 3 3 3 3 3 3
 3 3 3 3 3 3 3 3 3 3 3 3]
[  0   1   2   3  40  41  42  43  80  81  82  83  84  85  86  87  88  89
  90  91  92  93  94  95  96  97  98  99 100 101 102 120 121 122 123 124
 125 126 127 128 129 130 131 132 133 134]
[0, 0, 0, 0, 1, 1, 1, 1, 2, 2, 2, 2, 2, 2, 2, 2, 2, 2, 2, 2, 2, 2, 2, 2, 2, 2, 2, 2, 2, 2, 2, 3, 3, 3, 3, 3, 3, 3, 3, 3, 3, 3, 3, 3, 3, 3]
[0, 0, 0, 0, 0, 0, 0, 0, 0, 0, 0, 0, 0, 0, 0, 0, 0, 0, 0, 0, 0, 0, 0, 0, 0, 0, 0, 0, 0, 0, 0, 1, 1, 1, 1, 1, 1, 2, 2, 2, 2, 2, 2, 2, 2, 2, 2, 2, 2, 2, 2, 2, 2, 3, 3, 3, 3, 3, 3]
[0, 0, 0, 0, 0, 1, 1, 1, 1, 1, 1, 1, 1, 1, 1, 1, 1, 1, 1, 1, 1, 1, 1, 1, 1, 1, 1, 1, 1, 1, 1, 1, 1, 1, 1, 2, 3, 3, 3, 3, 3, 3, 3, 3, 3, 3, 3, 3, 3, 3, 3, 3, 3, 3, 3]
shapelet initialized! 

All 3 clinet initialized! 

(46, 4)
(59, 4)
(55, 4)
[0.81297553 1.11539019 1.07163428]
Classification: 1.0 0.44594594594594594 0
(46, 4)
(59, 4)
(55, 4)
[0.85595976 1.08923644 1.0548038 ]
Classification: 1.0 0.4864864864864865 1
(46, 4)
(59, 4)
(55, 4)
[0.848044   0.99435647 1.15759953]
Classification: 1.0 0.4594594594594595 2
(46, 4)
(59, 4)
(55, 4)
[0.67082498 1.12480727 1.20436775]
Classification: 1.0 0.47297297297297297 3
(46, 4)
(59, 4)
(55, 4)
[0.6400414  1.16288761 1.19707098]
Classification: 1.0 0.4594594594594595 4
(46, 4)
(59, 4)
(55, 4)
[0.82422536 1.00660862 1.16916602]
Classification: 1.0 0.4594594594594595 5
(46, 4)
(59, 4)
(55, 4)
[0.73019226 1.013555   1.25625274]
Classification: 1.0 0.4594594594594595 6
(46, 4)
(59, 4)
(55, 4)
[0.59989491 1.05167096 1.34843413]
Classification: 1.0 0.44594594594594594 7
(46, 4)
(59, 4)
(55, 4)
[0.65701126 1.0039058  1.33908294]
Classification: 1.0 0.44594594594594594 8
(46, 4)
(59, 4)
(55, 4)
[0.70472155 1.11884351 1.17643494]
Classification: 1.0 0.43243243243243246 9
(46, 4)
(59, 4)
(55, 4)
[0.81272024 1.0269748  1.16030496]
Classification: 1.0 0.44594594594594594 10
(46, 4)
(59, 4)
(55, 4)
[0.78898977 1.00758273 1.20342751]
Classification: 1.0 0.4189189189189189 11
Traceback (most recent call last):
  File "FedCSL_All.py", line 331, in <module>
    print(f"Model saved to {model_path}")
  File "FedCSL_All.py", line 254, in train
    # print(len(X_fed[idx]))
  File "/mnt/data/user_liangzhiyu/lixiongfei/CSL-main/train.py", line 462, in train
    current_loss_ce, C_accu_q, c_normalising_factor_q, C_accu_k, c_normalising_factor_k = self.update_CL(x, C_accu_q, c_normalising_factor_q, C_accu_k, 
  File "/mnt/data/user_liangzhiyu/lixiongfei/CSL-main/train.py", line 132, in update_CL
    with open('./config.yml', 'r') as f:
FileNotFoundError: [Errno 2] No such file or directory: './config.yml'
/mnt/data/user_liangzhiyu/envs/fedcsl/lib/python3.8/site-packages/scipy/__init__.py:146: UserWarning: A NumPy version >=1.16.5 and <1.23.0 is required for this version of SciPy (detected version 1.23.5
  warnings.warn(f"A NumPy version >={np_minversion} and <{np_maxversion}"
/mnt/data/user_liangzhiyu/envs/fedcsl/lib/python3.8/site-packages/tslearn/bases/bases.py:15: UserWarning: h5py not installed, hdf5 features will not be supported.
Install h5py to use hdf5 features: http://docs.h5py.org/
  warn(h5py_msg)
/mnt/data/user_liangzhiyu/lixiongfei/CSL-main/train.py:392: UserWarning: Creating a tensor from a list of numpy.ndarrays is extremely slow. Please consider converting the list to a single numpy.ndarray with numpy.array() before converting to a tensor. (Triggered internally at /opt/conda/conda-bld/pytorch_1724789259345/work/torch/csrc/utils/tensor_new.cpp:278.)
  X = torch.tensor(X, dtype=torch.float).contiguous()
[0.09514033 0.10277917 0.11127909 0.12035814 0.12964186 0.13872091
 0.14722083 0.15485967]
160
<class 'pandas.core.frame.DataFrame'>
RangeIndex: 160 entries, 0 to 159
Data columns (total 11 columns):
 #   Column      Non-Null Count  Dtype 
---  ------      --------------  ----- 
 0   dim_0       160 non-null    object
 1   dim_1       160 non-null    object
 2   dim_2       160 non-null    object
 3   dim_3       160 non-null    object
 4   dim_4       160 non-null    object
 5   dim_5       160 non-null    object
 6   dim_6       160 non-null    object
 7   dim_7       160 non-null    object
 8   dim_8       160 non-null    object
 9   dim_9       160 non-null    object
 10  class_vals  160 non-null    object
dtypes: object(11)
memory usage: 13.9+ KB
None
{400}
<class 'pandas.core.frame.DataFrame'>
RangeIndex: 160 entries, 0 to 159
Data columns (total 11 columns):
 #   Column      Non-Null Count  Dtype 
---  ------      --------------  ----- 
 0   dim_0       160 non-null    object
 1   dim_1       160 non-null    object
 2   dim_2       160 non-null    object
 3   dim_3       160 non-null    object
 4   dim_4       160 non-null    object
 5   dim_5       160 non-null    object
 6   dim_6       160 non-null    object
 7   dim_7       160 non-null    object
 8   dim_8       160 non-null    object
 9   dim_9       160 non-null    object
 10  class_vals  160 non-null    object
dtypes: object(11)
memory usage: 13.9+ KB
None
[0 0 0 0 0 0 0 0 0 0 0 0 0 0 0 0 0 0 0 0 0 0 0 0 0 0 0 0 0 0 0 0 0 0 0 0 0
 0 0 0 1 1 1 1 1 1 1 1 1 1 1 1 1 1 1 1 1 1 1 1 1 1 1 1 1 1 1 1 1 1 1 1 1 1
 1 1 1 1 1 1 2 2 2 2 2 2 2 2 2 2 2 2 2 2 2 2 2 2 2 2 2 2 2 2 2 2 2 2 2 2 2
 2 2 2 2 2 2 2 2 2 3 3 3 3 3 3 3 3 3 3 3 3 3 3 3 3 3 3 3 3 3 3 3 3 3 3 3 3
 3 3 3 3 3 3 3 3 3 3 3 3]
[  0   1   2   3  40  41  42  43  80  81  82  83  84  85  86  87  88  89
  90  91  92  93  94  95  96  97  98  99 100 101 102 120 121 122 123 124
 125 126 127 128 129 130 131 132 133 134]
[0, 0, 0, 0, 1, 1, 1, 1, 2, 2, 2, 2, 2, 2, 2, 2, 2, 2, 2, 2, 2, 2, 2, 2, 2, 2, 2, 2, 2, 2, 2, 3, 3, 3, 3, 3, 3, 3, 3, 3, 3, 3, 3, 3, 3, 3]
[0, 0, 0, 0, 0, 0, 0, 0, 0, 0, 0, 0, 0, 0, 0, 0, 0, 0, 0, 0, 0, 0, 0, 0, 0, 0, 0, 0, 0, 0, 0, 1, 1, 1, 1, 1, 1, 2, 2, 2, 2, 2, 2, 2, 2, 2, 2, 2, 2, 2, 2, 2, 2, 3, 3, 3, 3, 3, 3]
[0, 0, 0, 0, 0, 1, 1, 1, 1, 1, 1, 1, 1, 1, 1, 1, 1, 1, 1, 1, 1, 1, 1, 1, 1, 1, 1, 1, 1, 1, 1, 1, 1, 1, 1, 2, 3, 3, 3, 3, 3, 3, 3, 3, 3, 3, 3, 3, 3, 3, 3, 3, 3, 3, 3]
shapelet initialized! 

All 3 clinet initialized! 

(46, 4)
(59, 4)
(55, 4)
[0.81297553 1.11539019 1.07163428]
Classification: 1.0 0.44594594594594594 0
(46, 4)
(59, 4)
(55, 4)
[0.85595976 1.08923644 1.0548038 ]
Classification: 1.0 0.4864864864864865 1
(46, 4)
(59, 4)
(55, 4)
[0.848044   0.99435647 1.15759953]
Classification: 1.0 0.4594594594594595 2
(46, 4)
(59, 4)
(55, 4)
[0.67082498 1.12480727 1.20436775]
Classification: 1.0 0.47297297297297297 3
(46, 4)
(59, 4)
(55, 4)
[0.6400414  1.16288761 1.19707098]
Classification: 1.0 0.4594594594594595 4
(46, 4)
(59, 4)
(55, 4)
[0.82422536 1.00660862 1.16916602]
Classification: 1.0 0.4594594594594595 5
(46, 4)
(59, 4)
(55, 4)
[0.73019226 1.013555   1.25625274]
Classification: 1.0 0.4594594594594595 6
(46, 4)
(59, 4)
(55, 4)
[0.59989491 1.05167096 1.34843413]
Classification: 1.0 0.44594594594594594 7
(46, 4)
(59, 4)
(55, 4)
[0.65701126 1.0039058  1.33908294]
Classification: 1.0 0.44594594594594594 8
(46, 4)
(59, 4)
(55, 4)
[0.70472155 1.11884351 1.17643494]
Classification: 1.0 0.43243243243243246 9
(46, 4)
(59, 4)
(55, 4)
[0.81272024 1.0269748  1.16030496]
Classification: 1.0 0.44594594594594594 10
(46, 4)
(59, 4)
(55, 4)
[0.78898977 1.00758273 1.20342751]
Classification: 1.0 0.4189189189189189 11
Traceback (most recent call last):
  File "FedCSL_All.py", line 331, in <module>
    print(f"Model saved to {model_path}")
  File "FedCSL_All.py", line 254, in train
    # print(len(X_fed[idx]))
  File "/mnt/data/user_liangzhiyu/lixiongfei/CSL-main/train.py", line 462, in train
    current_loss_ce, C_accu_q, c_normalising_factor_q, C_accu_k, c_normalising_factor_k = self.update_CL(x, C_accu_q, c_normalising_factor_q, C_accu_k, 
  File "/mnt/data/user_liangzhiyu/lixiongfei/CSL-main/train.py", line 132, in update_CL
    with open('./config.yml', 'r') as f:
FileNotFoundError: [Errno 2] No such file or directory: './config.yml'
