Running experiment with dataset: SelfRegulationSCP1, config: ./result/ablation_study/config_SelfRegulationSCP1.yml
/mnt/data/user_liangzhiyu/envs/fedcsl/lib/python3.8/site-packages/scipy/__init__.py:146: UserWarning: A NumPy version >=1.16.5 and <1.23.0 is required for this version of SciPy (detected version 1.23.5
  warnings.warn(f"A NumPy version >={np_minversion} and <{np_maxversion}"
/mnt/data/user_liangzhiyu/envs/fedcsl/lib/python3.8/site-packages/tslearn/bases/bases.py:15: UserWarning: h5py not installed, hdf5 features will not be supported.
Install h5py to use hdf5 features: http://docs.h5py.org/
  warn(h5py_msg)
/mnt/data/user_liangzhiyu/lixiongfei/CSL-main/train.py:392: UserWarning: Creating a tensor from a list of numpy.ndarrays is extremely slow. Please consider converting the list to a single numpy.ndarray with numpy.array() before converting to a tensor. (Triggered internally at /opt/conda/conda-bld/pytorch_1724789259345/work/torch/csrc/utils/tensor_new.cpp:278.)
  X = torch.tensor(X, dtype=torch.float).contiguous()
[0.09514033 0.10277917 0.11127909 0.12035814 0.12964186 0.13872091
 0.14722083 0.15485967]
268
<class 'pandas.core.frame.DataFrame'>
RangeIndex: 268 entries, 0 to 267
Data columns (total 7 columns):
 #   Column      Non-Null Count  Dtype 
---  ------      --------------  ----- 
 0   dim_0       268 non-null    object
 1   dim_1       268 non-null    object
 2   dim_2       268 non-null    object
 3   dim_3       268 non-null    object
 4   dim_4       268 non-null    object
 5   dim_5       268 non-null    object
 6   class_vals  268 non-null    object
dtypes: object(7)
memory usage: 14.8+ KB
None
{896}
<class 'pandas.core.frame.DataFrame'>
RangeIndex: 268 entries, 0 to 267
Data columns (total 7 columns):
 #   Column      Non-Null Count  Dtype 
---  ------      --------------  ----- 
 0   dim_0       268 non-null    object
 1   dim_1       268 non-null    object
 2   dim_2       268 non-null    object
 3   dim_3       268 non-null    object
 4   dim_4       268 non-null    object
 5   dim_5       268 non-null    object
 6   class_vals  268 non-null    object
dtypes: object(7)
memory usage: 14.8+ KB
None
[0 0 0 0 0 0 0 0 0 0 0 0 0 0 0 0 0 0 0 0 0 0 0 0 0 0 0 0 0 0 0 0 0 0 0 0 0
 0 0 0 0 0 0 0 0 0 0 0 0 0 0 0 0 0 0 0 0 0 0 0 0 0 0 0 0 0 0 0 0 0 0 0 0 0
 0 0 0 0 0 0 0 0 0 0 0 0 0 0 0 0 0 0 0 0 0 0 0 0 0 0 0 0 0 0 0 0 0 0 0 0 0
 0 0 0 0 0 0 0 0 0 0 0 0 0 0 0 0 0 0 0 0 0 0 0 0 1 1 1 1 1 1 1 1 1 1 1 1 1
 1 1 1 1 1 1 1 1 1 1 1 1 1 1 1 1 1 1 1 1 1 1 1 1 1 1 1 1 1 1 1 1 1 1 1 1 1
 1 1 1 1 1 1 1 1 1 1 1 1 1 1 1 1 1 1 1 1 1 1 1 1 1 1 1 1 1 1 1 1 1 1 1 1 1
 1 1 1 1 1 1 1 1 1 1 1 1 1 1 1 1 1 1 1 1 1 1 1 1 1 1 1 1 1 1 1 1 1 1 1 1 1
 1 1 1 1 1 1 1 1 1]
[135 136 137 138 139 140 141 142 143 144 145 146 147 148 149 150 151 152
 153 154 155 156 157 158 159 160 161 162 163 164 165 166 167 168 169 170
 171 172 173 174 175 176 177 178 179 180 181 182 183 184 185 186 187 188
 189 190 191 192 193 194 195 196 197 198 199 200 201 202 203 204 205 206
 207 208 209 210 211 212 213 214 215 216 217 218 219 220 221 222 223 224
 225 226 227 228 229 230 231 232 233 234 235 236 237 238 239 240 241 242
 243 244 245 246 247 248 249 250 251 252 253 254 255 256 257 258 259 260
 261 262 263 264 265 266]
[1, 1, 1, 1, 1, 1, 1, 1, 1, 1, 1, 1, 1, 1, 1, 1, 1, 1, 1, 1, 1, 1, 1, 1, 1, 1, 1, 1, 1, 1, 1, 1, 1, 1, 1, 1, 1, 1, 1, 1, 1, 1, 1, 1, 1, 1, 1, 1, 1, 1, 1, 1, 1, 1, 1, 1, 1, 1, 1, 1, 1, 1, 1, 1, 1, 1, 1, 1, 1, 1, 1, 1, 1, 1, 1, 1, 1, 1, 1, 1, 1, 1, 1, 1, 1, 1, 1, 1, 1, 1, 1, 1, 1, 1, 1, 1, 1, 1, 1, 1, 1, 1, 1, 1, 1, 1, 1, 1, 1, 1, 1, 1, 1, 1, 1, 1, 1, 1, 1, 1, 1, 1, 1, 1, 1, 1, 1, 1, 1, 1, 1, 1]
[]
[0, 0, 0, 0, 0, 0, 0, 0, 0, 0, 0, 0, 0, 0, 0, 0, 0, 0, 0, 0, 0, 0, 0, 0, 0, 0, 0, 0, 0, 0, 0, 0, 0, 0, 0, 0, 0, 0, 0, 0, 0, 0, 0, 0, 0, 0, 0, 0, 0, 0, 0, 0, 0, 0, 0, 0, 0, 0, 0, 0, 0, 0, 0, 0, 0, 0, 0, 0, 0, 0, 0, 0, 0, 0, 0, 0, 0, 0, 0, 0, 0, 0, 0, 0, 0, 0, 0, 0, 0, 0, 0, 0, 0, 0, 0, 0, 0, 0, 0, 0, 0, 0, 0, 0, 0, 0, 0, 0, 0, 0, 0, 0, 0, 0, 0, 0, 0, 0, 0, 0, 0, 0, 0, 0, 0, 0, 0, 0, 0, 0, 0, 0, 0, 0, 0, 1]
shapelet initialized! 

All 3 clinet initialized! 

Traceback (most recent call last):
  File "FedCSL_All.py", line 318, in <module>
    train(dataset=args.dataset)
  File "FedCSL_All.py", line 247, in train
    losses = c.train(X_fed[idx], epochs=numEpoch, batch_size=batch_size, epoch_idx=-1,lr=lr)
  File "/mnt/data/user_liangzhiyu/lixiongfei/CSL-main/train.py", line 398, in train
    train_dl = torch.utils.data.DataLoader(train_ds, batch_size=batch_size, shuffle=(sampler is None), sampler=sampler, drop_last=True)
  File "/mnt/data/user_liangzhiyu/envs/fedcsl/lib/python3.8/site-packages/torch/utils/data/dataloader.py", line 351, in __init__
    sampler = RandomSampler(dataset, generator=generator)  # type: ignore[arg-type]
  File "/mnt/data/user_liangzhiyu/envs/fedcsl/lib/python3.8/site-packages/torch/utils/data/sampler.py", line 144, in __init__
    raise ValueError(f"num_samples should be a positive integer value, but got num_samples={self.num_samples}")
ValueError: num_samples should be a positive integer value, but got num_samples=0
Running experiment with dataset: SelfRegulationSCP1, config: ./result/ablation_study/config_SelfRegulationSCP1.yml
/mnt/data/user_liangzhiyu/envs/fedcsl/lib/python3.8/site-packages/scipy/__init__.py:146: UserWarning: A NumPy version >=1.16.5 and <1.23.0 is required for this version of SciPy (detected version 1.23.5
  warnings.warn(f"A NumPy version >={np_minversion} and <{np_maxversion}"
/mnt/data/user_liangzhiyu/envs/fedcsl/lib/python3.8/site-packages/tslearn/bases/bases.py:15: UserWarning: h5py not installed, hdf5 features will not be supported.
Install h5py to use hdf5 features: http://docs.h5py.org/
  warn(h5py_msg)
/mnt/data/user_liangzhiyu/lixiongfei/CSL-main/train.py:392: UserWarning: Creating a tensor from a list of numpy.ndarrays is extremely slow. Please consider converting the list to a single numpy.ndarray with numpy.array() before converting to a tensor. (Triggered internally at /opt/conda/conda-bld/pytorch_1724789259345/work/torch/csrc/utils/tensor_new.cpp:278.)
  X = torch.tensor(X, dtype=torch.float).contiguous()
[0.09514033 0.10277917 0.11127909 0.12035814 0.12964186 0.13872091
 0.14722083 0.15485967]
268
<class 'pandas.core.frame.DataFrame'>
RangeIndex: 268 entries, 0 to 267
Data columns (total 7 columns):
 #   Column      Non-Null Count  Dtype 
---  ------      --------------  ----- 
 0   dim_0       268 non-null    object
 1   dim_1       268 non-null    object
 2   dim_2       268 non-null    object
 3   dim_3       268 non-null    object
 4   dim_4       268 non-null    object
 5   dim_5       268 non-null    object
 6   class_vals  268 non-null    object
dtypes: object(7)
memory usage: 14.8+ KB
None
{896}
<class 'pandas.core.frame.DataFrame'>
RangeIndex: 268 entries, 0 to 267
Data columns (total 7 columns):
 #   Column      Non-Null Count  Dtype 
---  ------      --------------  ----- 
 0   dim_0       268 non-null    object
 1   dim_1       268 non-null    object
 2   dim_2       268 non-null    object
 3   dim_3       268 non-null    object
 4   dim_4       268 non-null    object
 5   dim_5       268 non-null    object
 6   class_vals  268 non-null    object
dtypes: object(7)
memory usage: 14.8+ KB
None
[0 0 0 0 0 0 0 0 0 0 0 0 0 0 0 0 0 0 0 0 0 0 0 0 0 0 0 0 0 0 0 0 0 0 0 0 0
 0 0 0 0 0 0 0 0 0 0 0 0 0 0 0 0 0 0 0 0 0 0 0 0 0 0 0 0 0 0 0 0 0 0 0 0 0
 0 0 0 0 0 0 0 0 0 0 0 0 0 0 0 0 0 0 0 0 0 0 0 0 0 0 0 0 0 0 0 0 0 0 0 0 0
 0 0 0 0 0 0 0 0 0 0 0 0 0 0 0 0 0 0 0 0 0 0 0 0 1 1 1 1 1 1 1 1 1 1 1 1 1
 1 1 1 1 1 1 1 1 1 1 1 1 1 1 1 1 1 1 1 1 1 1 1 1 1 1 1 1 1 1 1 1 1 1 1 1 1
 1 1 1 1 1 1 1 1 1 1 1 1 1 1 1 1 1 1 1 1 1 1 1 1 1 1 1 1 1 1 1 1 1 1 1 1 1
 1 1 1 1 1 1 1 1 1 1 1 1 1 1 1 1 1 1 1 1 1 1 1 1 1 1 1 1 1 1 1 1 1 1 1 1 1
 1 1 1 1 1 1 1 1 1]
[135 136 137 138 139 140 141 142 143 144 145 146 147 148 149 150 151 152
 153 154 155 156 157 158 159 160 161 162 163 164 165 166 167 168 169 170
 171 172 173 174 175 176 177 178 179 180 181 182 183 184 185 186 187 188
 189 190 191 192 193 194 195 196 197 198 199 200 201 202 203 204 205 206
 207 208 209 210 211 212 213 214 215 216 217 218 219 220 221 222 223 224
 225 226 227 228 229 230 231 232 233 234 235 236 237 238 239 240 241 242
 243 244 245 246 247 248 249 250 251 252 253 254 255 256 257 258 259 260
 261 262 263 264 265 266 267]
[1, 1, 1, 1, 1, 1, 1, 1, 1, 1, 1, 1, 1, 1, 1, 1, 1, 1, 1, 1, 1, 1, 1, 1, 1, 1, 1, 1, 1, 1, 1, 1, 1, 1, 1, 1, 1, 1, 1, 1, 1, 1, 1, 1, 1, 1, 1, 1, 1, 1, 1, 1, 1, 1, 1, 1, 1, 1, 1, 1, 1, 1, 1, 1, 1, 1, 1, 1, 1, 1, 1, 1, 1, 1, 1, 1, 1, 1, 1, 1, 1, 1, 1, 1, 1, 1, 1, 1, 1, 1, 1, 1, 1, 1, 1, 1, 1, 1, 1, 1, 1, 1, 1, 1, 1, 1, 1, 1, 1, 1, 1, 1, 1, 1, 1, 1, 1, 1, 1, 1, 1, 1, 1, 1, 1, 1, 1, 1, 1, 1, 1, 1, 1]
[]
[0, 0, 0, 0, 0, 0, 0, 0, 0, 0, 0, 0, 0, 0, 0, 0, 0, 0, 0, 0, 0, 0, 0, 0, 0, 0, 0, 0, 0, 0, 0, 0, 0, 0, 0, 0, 0, 0, 0, 0, 0, 0, 0, 0, 0, 0, 0, 0, 0, 0, 0, 0, 0, 0, 0, 0, 0, 0, 0, 0, 0, 0, 0, 0, 0, 0, 0, 0, 0, 0, 0, 0, 0, 0, 0, 0, 0, 0, 0, 0, 0, 0, 0, 0, 0, 0, 0, 0, 0, 0, 0, 0, 0, 0, 0, 0, 0, 0, 0, 0, 0, 0, 0, 0, 0, 0, 0, 0, 0, 0, 0, 0, 0, 0, 0, 0, 0, 0, 0, 0, 0, 0, 0, 0, 0, 0, 0, 0, 0, 0, 0, 0, 0, 0, 0]
shapelet initialized! 

All 3 clinet initialized! 

Traceback (most recent call last):
  File "FedCSL_All.py", line 318, in <module>
    train(dataset=args.dataset)
  File "FedCSL_All.py", line 247, in train
    losses = c.train(X_fed[idx], epochs=numEpoch, batch_size=batch_size, epoch_idx=-1,lr=lr)
  File "/mnt/data/user_liangzhiyu/lixiongfei/CSL-main/train.py", line 398, in train
    train_dl = torch.utils.data.DataLoader(train_ds, batch_size=batch_size, shuffle=(sampler is None), sampler=sampler, drop_last=True)
  File "/mnt/data/user_liangzhiyu/envs/fedcsl/lib/python3.8/site-packages/torch/utils/data/dataloader.py", line 351, in __init__
    sampler = RandomSampler(dataset, generator=generator)  # type: ignore[arg-type]
  File "/mnt/data/user_liangzhiyu/envs/fedcsl/lib/python3.8/site-packages/torch/utils/data/sampler.py", line 144, in __init__
    raise ValueError(f"num_samples should be a positive integer value, but got num_samples={self.num_samples}")
ValueError: num_samples should be a positive integer value, but got num_samples=0
Running experiment with dataset: SelfRegulationSCP1, config: ./result/ablation_study/config_SelfRegulationSCP1.yml
[0.09514033 0.10277917 0.11127909 0.12035814 0.12964186 0.13872091
 0.14722083 0.15485967]
268
<class 'pandas.core.frame.DataFrame'>
RangeIndex: 268 entries, 0 to 267
Data columns (total 7 columns):
 #   Column      Non-Null Count  Dtype 
---  ------      --------------  ----- 
 0   dim_0       268 non-null    object
 1   dim_1       268 non-null    object
 2   dim_2       268 non-null    object
 3   dim_3       268 non-null    object
 4   dim_4       268 non-null    object
 5   dim_5       268 non-null    object
 6   class_vals  268 non-null    object
dtypes: object(7)
memory usage: 14.8+ KB
None
{896}
<class 'pandas.core.frame.DataFrame'>
RangeIndex: 268 entries, 0 to 267
Data columns (total 7 columns):
 #   Column      Non-Null Count  Dtype 
---  ------      --------------  ----- 
 0   dim_0       268 non-null    object
 1   dim_1       268 non-null    object
 2   dim_2       268 non-null    object
 3   dim_3       268 non-null    object
 4   dim_4       268 non-null    object
 5   dim_5       268 non-null    object
 6   class_vals  268 non-null    object
dtypes: object(7)
memory usage: 14.8+ KB
None
[0 0 0 0 0 0 0 0 0 0 0 0 0 0 0 0 0 0 0 0 0 0 0 0 0 0 0 0 0 0 0 0 0 0 0 0 0
 0 0 0 0 0 0 0 0 0 0 0 0 0 0 0 0 0 0 0 0 0 0 0 0 0 0 0 0 0 0 0 0 0 0 0 0 0
 0 0 0 0 0 0 0 0 0 0 0 0 0 0 0 0 0 0 0 0 0 0 0 0 0 0 0 0 0 0 0 0 0 0 0 0 0
 0 0 0 0 0 0 0 0 0 0 0 0 0 0 0 0 0 0 0 0 0 0 0 0 1 1 1 1 1 1 1 1 1 1 1 1 1
 1 1 1 1 1 1 1 1 1 1 1 1 1 1 1 1 1 1 1 1 1 1 1 1 1 1 1 1 1 1 1 1 1 1 1 1 1
 1 1 1 1 1 1 1 1 1 1 1 1 1 1 1 1 1 1 1 1 1 1 1 1 1 1 1 1 1 1 1 1 1 1 1 1 1
 1 1 1 1 1 1 1 1 1 1 1 1 1 1 1 1 1 1 1 1 1 1 1 1 1 1 1 1 1 1 1 1 1 1 1 1 1
 1 1 1 1 1 1 1 1 1]
[  0   1   2   3   4   5   6   7   8   9  10  11  12 135 136 137 138 139
 140 141 142 143 144 145 146 147]
[0, 0, 0, 0, 0, 0, 0, 0, 0, 0, 0, 0, 0, 1, 1, 1, 1, 1, 1, 1, 1, 1, 1, 1, 1, 1]
[0, 0, 0, 0, 0, 0, 0, 0, 0, 0, 0, 0, 0, 0, 0, 0, 0, 0, 0, 0, 0, 0, 0, 0, 0, 0, 0, 0, 0, 0, 0, 0, 0, 0, 0, 0, 0, 0, 0, 0, 0, 0, 0, 0, 0, 0, 0, 0, 0, 0, 0, 0, 0, 0, 0, 0, 0, 0, 0, 0, 0, 0, 0, 0, 0, 0, 0, 0, 0, 0, 0, 0, 0, 0, 0, 0, 0, 0, 0, 0, 0, 0, 0, 0, 0, 0, 0, 0, 0, 0, 0, 0, 0, 0, 0, 0, 0, 0, 0, 0, 0, 0, 0, 0, 0, 1, 1, 1, 1, 1, 1, 1, 1, 1, 1, 1, 1, 1, 1, 1, 1, 1, 1, 1, 1]
[0, 0, 0, 0, 0, 0, 0, 0, 0, 0, 0, 0, 0, 0, 0, 0, 0, 1, 1, 1, 1, 1, 1, 1, 1, 1, 1, 1, 1, 1, 1, 1, 1, 1, 1, 1, 1, 1, 1, 1, 1, 1, 1, 1, 1, 1, 1, 1, 1, 1, 1, 1, 1, 1, 1, 1, 1, 1, 1, 1, 1, 1, 1, 1, 1, 1, 1, 1, 1, 1, 1, 1, 1, 1, 1, 1, 1, 1, 1, 1, 1, 1, 1, 1, 1, 1, 1, 1, 1, 1, 1, 1, 1, 1, 1, 1, 1, 1, 1, 1, 1, 1, 1, 1, 1, 1, 1, 1, 1, 1, 1, 1, 1, 1, 1, 1, 1]
shapelet initialized! 

All 3 clinet initialized! 

(26, 2)
(125, 2)
(117, 2)
[0.64652263 1.24508393 1.10839343]
Classification: 1.0 0.7952218430034129 0
(26, 2)
(125, 2)
(117, 2)
[0.65262764 1.2338414  1.11353096]
Classification: 1.0 0.7918088737201365 1
(26, 2)
(125, 2)
(117, 2)
[0.64496061 1.24038494 1.11465445]
Classification: 1.0 0.7918088737201365 2
(26, 2)
(125, 2)
(117, 2)
[0.66479914 1.21019277 1.12500809]
Classification: 1.0 0.78839590443686 3
(26, 2)
(125, 2)
(117, 2)
[0.63135241 1.23953284 1.12911475]
Classification: 1.0 0.7918088737201365 4
(26, 2)
(125, 2)
(117, 2)
[0.6258201  1.21157897 1.16260093]
Classification: 1.0 0.78839590443686 5
(26, 2)
(125, 2)
(117, 2)
[0.6269714  1.15633561 1.21669299]
Classification: 1.0 0.78839590443686 6
(26, 2)
(125, 2)
(117, 2)
[0.62140988 1.20416928 1.17442085]
Classification: 1.0 0.7918088737201365 7
(26, 2)
(125, 2)
(117, 2)
[0.69971134 1.13836435 1.16192431]
Classification: 1.0 0.7918088737201365 8
(26, 2)
(125, 2)
(117, 2)
[0.6271402  1.15708645 1.21577336]
Classification: 1.0 0.7918088737201365 9
(26, 2)
(125, 2)
(117, 2)
[0.60798476 1.20616188 1.18585336]
Classification: 1.0 0.7952218430034129 10
(26, 2)
(125, 2)
(117, 2)
[0.60138465 1.21124758 1.18736778]
Classification: 1.0 0.7918088737201365 11
(26, 2)
(125, 2)
(117, 2)
[0.59759582 1.19985916 1.20254502]
Classification: 1.0 0.7918088737201365 12
(26, 2)
(125, 2)
(117, 2)
[0.58462107 1.23427931 1.18109962]
Classification: 1.0 0.7952218430034129 13
(26, 2)
(125, 2)
(117, 2)
[0.61174953 1.21257918 1.17567129]
Classification: 1.0 0.7952218430034129 14
(26, 2)
(125, 2)
(117, 2)
[0.64990899 1.15408762 1.19600339]
Classification: 1.0 0.7952218430034129 15
(26, 2)
(125, 2)
(117, 2)
[0.64609447 1.22637467 1.12753086]
Classification: 1.0 0.7952218430034129 16
(26, 2)
(125, 2)
(117, 2)
[0.68902705 1.14932144 1.16165151]
Classification: 1.0 0.78839590443686 17
(26, 2)
(125, 2)
(117, 2)
[0.65010278 1.22240179 1.12749543]
Classification: 1.0 0.7952218430034129 18
(26, 2)
(125, 2)
(117, 2)
[0.63528073 1.19792808 1.16679119]
Classification: 1.0 0.7918088737201365 19
(26, 2)
(125, 2)
(117, 2)
[0.67816563 1.20562274 1.11621163]
Classification: 1.0 0.7952218430034129 20
(26, 2)
(125, 2)
(117, 2)
[0.68951763 1.2001113  1.11037107]
Classification: 1.0 0.7918088737201365 21
(26, 2)
(125, 2)
(117, 2)
[0.67957253 1.15482313 1.16560434]
Classification: 1.0 0.7952218430034129 22
(26, 2)
(125, 2)
(117, 2)
[0.65632712 1.17736149 1.16631139]
Classification: 1.0 0.7986348122866894 23
(26, 2)
(125, 2)
(117, 2)
[0.67262457 1.15294098 1.17443445]
Classification: 1.0 0.7986348122866894 24
(26, 2)
(125, 2)
(117, 2)
[0.67963201 1.21090109 1.1094669 ]
Classification: 1.0 0.7918088737201365 25
(26, 2)
(125, 2)
(117, 2)
[0.67950278 1.13106101 1.18943621]
Classification: 1.0 0.7952218430034129 26
(26, 2)
(125, 2)
(117, 2)
[0.63619581 1.21033951 1.15346468]
Classification: 1.0 0.7952218430034129 27
(26, 2)
(125, 2)
(117, 2)
[0.68993423 1.19195775 1.11810802]
Classification: 1.0 0.7952218430034129 28
(26, 2)
(125, 2)
(117, 2)
[0.66383402 1.17073552 1.16543046]
Classification: 1.0 0.7918088737201365 29
(26, 2)
(125, 2)
(117, 2)
[0.66686068 1.13471739 1.19842192]
Classification: 1.0 0.7952218430034129 30
(26, 2)
(125, 2)
(117, 2)
[0.72594694 1.1534188  1.12063427]
Classification: 1.0 0.7986348122866894 31
(26, 2)
(125, 2)
(117, 2)
[0.71997398 1.10844337 1.17158264]
Classification: 1.0 0.7952218430034129 32
(26, 2)
(125, 2)
(117, 2)
[0.71300657 1.10631883 1.1806746 ]
Classification: 1.0 0.7952218430034129 33
(26, 2)
(125, 2)
(117, 2)
[0.75174735 1.12666059 1.12159207]
Classification: 1.0 0.7952218430034129 34
(26, 2)
(125, 2)
(117, 2)
[0.75190045 1.11882585 1.1292737 ]
Classification: 1.0 0.8020477815699659 35
(26, 2)
(125, 2)
(117, 2)
[0.76118918 1.1185733  1.12023752]
Classification: 1.0 0.7986348122866894 36
(26, 2)
(125, 2)
(117, 2)
[0.7185582  1.17248778 1.10895403]
Classification: 1.0 0.7952218430034129 37
(26, 2)
(125, 2)
(117, 2)
[0.75088185 1.13611572 1.11300244]
Classification: 1.0 0.8054607508532423 38
(26, 2)
(125, 2)
(117, 2)
[0.72068356 1.10845177 1.17086467]
Classification: 1.0 0.8020477815699659 39
(26, 2)
(125, 2)
(117, 2)
[0.71375974 1.13260141 1.15363885]
Classification: 1.0 0.8020477815699659 40
(26, 2)
(125, 2)
(117, 2)
[0.71002721 1.13650383 1.15346896]
Classification: 1.0 0.7952218430034129 41
(26, 2)
(125, 2)
(117, 2)
[0.72133174 1.09357428 1.18509398]
Classification: 1.0 0.8020477815699659 42
(26, 2)
(125, 2)
(117, 2)
[0.69634575 1.15607316 1.14758109]
Classification: 1.0 0.8020477815699659 43
(26, 2)
(125, 2)
(117, 2)
[0.70300976 1.15302755 1.14396269]
Classification: 1.0 0.7986348122866894 44
(26, 2)
(125, 2)
(117, 2)
[0.65903963 1.15028086 1.19067951]
Classification: 1.0 0.8020477815699659 45
(26, 2)
(125, 2)
(117, 2)
[0.72650891 1.120304   1.15318709]
Classification: 1.0 0.7986348122866894 46
(26, 2)
(125, 2)
(117, 2)
[0.74291617 1.10899609 1.14808774]
Classification: 1.0 0.7986348122866894 47
(26, 2)
(125, 2)
(117, 2)
[0.72091844 1.0536359  1.22544566]
Classification: 1.0 0.8020477815699659 48
(26, 2)
(125, 2)
(117, 2)
[0.76405142 1.06867749 1.16727109]
Classification: 1.0 0.8020477815699659 49
(26, 2)
(125, 2)
(117, 2)
[0.75876198 1.07885863 1.16237938]
Classification: 1.0 0.8020477815699659 50
(26, 2)
(125, 2)
(117, 2)
[0.71175945 1.07686833 1.21137222]
Classification: 1.0 0.7952218430034129 51
(26, 2)
(125, 2)
(117, 2)
[0.72442998 1.10523983 1.17033019]
Classification: 1.0 0.7952218430034129 52
(26, 2)
(125, 2)
(117, 2)
[0.72043678 1.07598367 1.20357955]
Classification: 1.0 0.7986348122866894 53
(26, 2)
(125, 2)
(117, 2)
[0.73793928 1.07701601 1.18504471]
Classification: 1.0 0.7986348122866894 54
(26, 2)
(125, 2)
(117, 2)
[0.71631711 1.05698422 1.22669867]
Classification: 1.0 0.8020477815699659 55
(26, 2)
(125, 2)
(117, 2)
[0.69701685 1.07066695 1.23231619]
Classification: 1.0 0.8020477815699659 56
(26, 2)
(125, 2)
(117, 2)
[0.75021648 0.99085682 1.2589267 ]
Classification: 1.0 0.7986348122866894 57
(26, 2)
(125, 2)
(117, 2)
[0.77087919 1.0165967  1.21252412]
Classification: 1.0 0.7986348122866894 58
(26, 2)
(125, 2)
(117, 2)
[0.75543779 1.03008417 1.21447805]
Classification: 1.0 0.8020477815699659 59
(26, 2)
(125, 2)
(117, 2)
[0.74584893 0.99939216 1.25475891]
Classification: 1.0 0.8020477815699659 60
(26, 2)
(125, 2)
(117, 2)
[0.73768072 1.03062268 1.2316966 ]
Classification: 1.0 0.8020477815699659 61
(26, 2)
(125, 2)
(117, 2)
[0.72498909 1.05719019 1.21782071]
Classification: 1.0 0.7986348122866894 62
(26, 2)
(125, 2)
(117, 2)
[0.73689325 1.05543232 1.20767443]
Classification: 1.0 0.7986348122866894 63
(26, 2)
(125, 2)
(117, 2)
[0.68411711 1.06929504 1.24658785]
Classification: 1.0 0.7986348122866894 64
(26, 2)
(125, 2)
(117, 2)
[0.7069249  0.99197194 1.30110316]
Classification: 1.0 0.7986348122866894 65
(26, 2)
(125, 2)
(117, 2)
[0.69063139 1.08625773 1.22311088]
Classification: 1.0 0.7986348122866894 66
(26, 2)
(125, 2)
(117, 2)
[0.69268743 1.02930627 1.27800629]
Classification: 1.0 0.7952218430034129 67
(26, 2)
(125, 2)
(117, 2)
[0.63785439 1.07303382 1.28911178]
Classification: 1.0 0.7952218430034129 68
(26, 2)
(125, 2)
(117, 2)
[0.67470328 1.02459652 1.3007002 ]
Classification: 1.0 0.7952218430034129 69
(26, 2)
(125, 2)
(117, 2)
[0.7047766  1.05978055 1.23544284]
Classification: 1.0 0.7952218430034129 70
(26, 2)
(125, 2)
(117, 2)
[0.70740035 1.02699039 1.26560926]
Classification: 1.0 0.7952218430034129 71
(26, 2)
(125, 2)
(117, 2)
[0.72788721 1.0303142  1.24179859]
Classification: 1.0 0.7918088737201365 72
(26, 2)
(125, 2)
(117, 2)
[0.71680663 1.02240311 1.26079026]
Classification: 1.0 0.7952218430034129 73
(26, 2)
(125, 2)
(117, 2)
[0.71826971 1.01969694 1.26203335]
Classification: 1.0 0.7918088737201365 74
(26, 2)
(125, 2)
(117, 2)
[0.66562178 1.03000609 1.30437214]
Classification: 1.0 0.7986348122866894 75
(26, 2)
(125, 2)
(117, 2)
[0.70119066 1.0318045  1.26700484]
Classification: 1.0 0.7986348122866894 76
(26, 2)
(125, 2)
(117, 2)
[0.71386751 1.01346852 1.27266397]
Classification: 1.0 0.7952218430034129 77
(26, 2)
(125, 2)
(117, 2)
[0.6867692  1.01037666 1.30285414]
Classification: 1.0 0.7952218430034129 78
(26, 2)
(125, 2)
(117, 2)
[0.74378221 0.99073235 1.26548545]
Classification: 1.0 0.7918088737201365 79
(26, 2)
(125, 2)
(117, 2)
[0.67584123 1.00555666 1.31860211]
Classification: 1.0 0.78839590443686 80
(26, 2)
(125, 2)
(117, 2)
[0.70762116 0.97745172 1.31492712]
Classification: 1.0 0.78839590443686 81
(26, 2)
(125, 2)
(117, 2)
[0.68038491 1.0792786  1.24033649]
Classification: 1.0 0.7918088737201365 82
(26, 2)
(125, 2)
(117, 2)
[0.69840665 1.01002524 1.29156811]
Classification: 1.0 0.7918088737201365 83
(26, 2)
(125, 2)
(117, 2)
[0.66436566 1.046837   1.28879734]
Classification: 1.0 0.78839590443686 84
(26, 2)
(125, 2)
(117, 2)
[0.71741845 1.03540625 1.2471753 ]
Classification: 1.0 0.7918088737201365 85
(26, 2)
(125, 2)
(117, 2)
[0.69723138 1.01619754 1.28657109]
Classification: 1.0 0.78839590443686 86
(26, 2)
(125, 2)
(117, 2)
[0.68352226 1.03362702 1.28285072]
Classification: 1.0 0.7918088737201365 87
(26, 2)
(125, 2)
(117, 2)
[0.73410409 1.00209636 1.26379955]
Classification: 1.0 0.78839590443686 88
(26, 2)
(125, 2)
(117, 2)
[0.75369698 1.00269368 1.24360933]
Classification: 1.0 0.78839590443686 89
(26, 2)
(125, 2)
(117, 2)
[0.70116677 1.02272168 1.27611155]
Classification: 1.0 0.7918088737201365 90
(26, 2)
(125, 2)
(117, 2)
[0.72681166 0.99410699 1.27908135]
Classification: 1.0 0.7918088737201365 91
(26, 2)
(125, 2)
(117, 2)
[0.70729946 1.03810929 1.25459125]
Classification: 1.0 0.78839590443686 92
(26, 2)
(125, 2)
(117, 2)
[0.72536201 0.99865883 1.27597916]
Classification: 1.0 0.7849829351535836 93
(26, 2)
(125, 2)
(117, 2)
[0.72971526 0.97222939 1.29805535]
Classification: 1.0 0.78839590443686 94
(26, 2)
(125, 2)
(117, 2)
[0.70529032 0.98779677 1.3069129 ]
Classification: 1.0 0.7918088737201365 95
(26, 2)
(125, 2)
(117, 2)
[0.69034551 0.99153143 1.31812306]
Classification: 1.0 0.78839590443686 96
(26, 2)
(125, 2)
(117, 2)
[0.66802741 1.05596828 1.27600431]
Classification: 1.0 0.7918088737201365 97
(26, 2)
(125, 2)
(117, 2)
[0.69672846 1.01396316 1.28930838]
Classification: 1.0 0.7918088737201365 98
(26, 2)
(125, 2)
(117, 2)
[0.73665884 0.97086007 1.2924811 ]
Classification: 1.0 0.7918088737201365 99
(26, 2)
(125, 2)
(117, 2)
[0.74099448 0.94877127 1.31023425]
Classification: 1.0 0.7849829351535836 100
(26, 2)
(125, 2)
(117, 2)
[0.72694821 0.96952596 1.30352582]
Classification: 1.0 0.78839590443686 101
(26, 2)
(125, 2)
(117, 2)
[0.68789091 1.00777145 1.30433764]
Classification: 1.0 0.7849829351535836 102
(26, 2)
(125, 2)
(117, 2)
[0.71912223 1.03127595 1.24960182]
Classification: 1.0 0.7918088737201365 103
(26, 2)
(125, 2)
(117, 2)
[0.73354022 0.98587278 1.280587  ]
Classification: 1.0 0.78839590443686 104
(26, 2)
(125, 2)
(117, 2)
[0.74085304 0.99951103 1.25963593]
Classification: 1.0 0.78839590443686 105
(26, 2)
(125, 2)
(117, 2)
[0.66818214 1.06297528 1.26884258]
Classification: 1.0 0.78839590443686 106
(26, 2)
(125, 2)
(117, 2)
[0.64619283 1.09832068 1.25548649]
Classification: 1.0 0.78839590443686 107
(26, 2)
(125, 2)
(117, 2)
[0.65760128 1.0914483  1.25095043]
Classification: 1.0 0.78839590443686 108
(26, 2)
(125, 2)
(117, 2)
[0.67289121 1.04576027 1.28134852]
Classification: 1.0 0.78839590443686 109
(26, 2)
(125, 2)
(117, 2)
[0.64919706 1.11017084 1.2406321 ]
Classification: 1.0 0.78839590443686 110
(26, 2)
(125, 2)
(117, 2)
[0.69267657 1.05570135 1.25162208]
Classification: 1.0 0.78839590443686 111
(26, 2)
(125, 2)
(117, 2)
[0.70371245 1.07324526 1.22304229]
Classification: 1.0 0.78839590443686 112
(26, 2)
(125, 2)
(117, 2)
[0.76050206 1.00557094 1.233927  ]
Classification: 1.0 0.78839590443686 113
(26, 2)
(125, 2)
(117, 2)
[0.72995846 1.01967111 1.25037044]
Classification: 1.0 0.7849829351535836 114
(26, 2)
(125, 2)
(117, 2)
[0.6869945  1.05256917 1.26043633]
Classification: 1.0 0.78839590443686 115
(26, 2)
(125, 2)
(117, 2)
[0.73185721 1.01351353 1.25462926]
Classification: 1.0 0.78839590443686 116
(26, 2)
(125, 2)
(117, 2)
[0.7078388  1.04471563 1.24744557]
Classification: 1.0 0.78839590443686 117
(26, 2)
(125, 2)
(117, 2)
[0.69427191 1.00566098 1.30006711]
Classification: 1.0 0.7918088737201365 118
(26, 2)
(125, 2)
(117, 2)
[0.76239417 0.98436184 1.25324399]
Classification: 1.0 0.7918088737201365 119
(26, 2)
(125, 2)
(117, 2)
[0.72315193 1.04036603 1.23648204]
Classification: 1.0 0.7918088737201365 120
(26, 2)
(125, 2)
(117, 2)
[0.70817781 1.02681047 1.26501173]
Classification: 1.0 0.78839590443686 121
(26, 2)
(125, 2)
(117, 2)
[0.74202594 1.03881862 1.21915544]
Classification: 1.0 0.78839590443686 122
(26, 2)
(125, 2)
(117, 2)
[0.72793851 1.01322652 1.25883497]
Classification: 1.0 0.7918088737201365 123
(26, 2)
(125, 2)
(117, 2)
[0.68247036 1.0818215  1.23570814]
Classification: 1.0 0.7918088737201365 124
(26, 2)
(125, 2)
(117, 2)
[0.73608341 1.03468526 1.22923133]
Classification: 1.0 0.7918088737201365 125
(26, 2)
(125, 2)
(117, 2)
[0.73119459 1.00231492 1.2664905 ]
Classification: 1.0 0.7918088737201365 126
(26, 2)
(125, 2)
(117, 2)
[0.70182827 0.97831219 1.31985955]
Classification: 1.0 0.7918088737201365 127
(26, 2)
(125, 2)
(117, 2)
[0.70353812 1.03059101 1.26587087]
Classification: 1.0 0.7952218430034129 128
(26, 2)
(125, 2)
(117, 2)
[0.7226359  0.98529274 1.29207136]
Classification: 1.0 0.7952218430034129 129
(26, 2)
(125, 2)
(117, 2)
[0.71281965 0.99316126 1.29401909]
Classification: 1.0 0.7952218430034129 130
(26, 2)
(125, 2)
(117, 2)
[0.70843762 1.04547064 1.24609174]
Classification: 1.0 0.7952218430034129 131
(26, 2)
(125, 2)
(117, 2)
[0.74098068 1.02834139 1.23067794]
Classification: 1.0 0.7918088737201365 132
(26, 2)
(125, 2)
(117, 2)
[0.72945296 0.98444658 1.28610046]
Classification: 1.0 0.7952218430034129 133
(26, 2)
(125, 2)
(117, 2)
[0.79332714 0.96082104 1.24585182]
Classification: 1.0 0.7952218430034129 134
(26, 2)
(125, 2)
(117, 2)
[0.76132041 0.99398609 1.2446935 ]
Classification: 1.0 0.7952218430034129 135
(26, 2)
(125, 2)
(117, 2)
[0.73379646 0.97876144 1.2874421 ]
Classification: 1.0 0.7952218430034129 136
(26, 2)
(125, 2)
(117, 2)
[0.72194431 1.00973133 1.26832435]
Classification: 1.0 0.7952218430034129 137
(26, 2)
(125, 2)
(117, 2)
[0.68842149 1.0267602  1.28481832]
Classification: 1.0 0.7952218430034129 138
(26, 2)
(125, 2)
(117, 2)
[0.73176219 0.99288307 1.27535473]
Classification: 1.0 0.7952218430034129 139
(26, 2)
(125, 2)
(117, 2)
[0.734181   0.98975657 1.27606243]
Classification: 1.0 0.7952218430034129 140
(26, 2)
(125, 2)
(117, 2)
[0.74699346 1.01080192 1.24220463]
Classification: 1.0 0.7952218430034129 141
(26, 2)
(125, 2)
(117, 2)
[0.71304144 1.05571772 1.23124084]
Classification: 1.0 0.7952218430034129 142
(26, 2)
(125, 2)
(117, 2)
[0.74597327 1.03792983 1.2160969 ]
Classification: 1.0 0.7952218430034129 143
(26, 2)
(125, 2)
(117, 2)
[0.79042284 0.91426858 1.29530857]
Classification: 1.0 0.7952218430034129 144
(26, 2)
(125, 2)
(117, 2)
[0.72269853 0.98273585 1.29456563]
Classification: 1.0 0.7952218430034129 145
(26, 2)
(125, 2)
(117, 2)
[0.76198682 0.92500814 1.31300504]
Classification: 1.0 0.7952218430034129 146
(26, 2)
(125, 2)
(117, 2)
[0.75497282 1.01210602 1.23292116]
Classification: 1.0 0.7952218430034129 147
(26, 2)
(125, 2)
(117, 2)
[0.72969309 1.0035321  1.26677481]
Classification: 1.0 0.7952218430034129 148
(26, 2)
(125, 2)
(117, 2)
[0.76205556 0.97127178 1.26667266]
Classification: 1.0 0.7952218430034129 149
(26, 2)
(125, 2)
(117, 2)
[0.74988115 0.97391173 1.27620712]
Classification: 1.0 0.7952218430034129 150
(26, 2)
(125, 2)
(117, 2)
[0.7174472  1.01898745 1.26356535]
Classification: 1.0 0.7952218430034129 151
(26, 2)
(125, 2)
(117, 2)
[0.70655657 1.01746047 1.27598296]
Classification: 1.0 0.7952218430034129 152
(26, 2)
(125, 2)
(117, 2)
[0.72923168 0.96952581 1.30124251]
Classification: 1.0 0.7952218430034129 153
(26, 2)
(125, 2)
(117, 2)
[0.703468   0.97323234 1.32329966]
Classification: 1.0 0.7952218430034129 154
(26, 2)
(125, 2)
(117, 2)
[0.7046908  0.98581392 1.30949528]
Classification: 1.0 0.7952218430034129 155
(26, 2)
(125, 2)
(117, 2)
[0.7527905  0.99268551 1.25452399]
Classification: 1.0 0.7986348122866894 156
(26, 2)
(125, 2)
(117, 2)
[0.77057907 0.95391879 1.27550214]
Classification: 1.0 0.7986348122866894 157
(26, 2)
(125, 2)
(117, 2)
[0.79919255 0.97109917 1.22970828]
Classification: 1.0 0.7952218430034129 158
(26, 2)
(125, 2)
(117, 2)
[0.80852401 0.97500951 1.21646648]
Classification: 1.0 0.7986348122866894 159
(26, 2)
(125, 2)
(117, 2)
[0.79533298 0.95635892 1.24830811]
Classification: 1.0 0.7952218430034129 160
(26, 2)
(125, 2)
(117, 2)
[0.76143694 1.00576842 1.23279464]
Classification: 1.0 0.7986348122866894 161
(26, 2)
(125, 2)
(117, 2)
[0.78587654 0.95458658 1.25953689]
Classification: 1.0 0.7986348122866894 162
(26, 2)
(125, 2)
(117, 2)
[0.7965438  0.97511839 1.22833781]
Classification: 1.0 0.7986348122866894 163
(26, 2)
(125, 2)
(117, 2)
[0.76806641 1.00842356 1.22351003]
Classification: 1.0 0.7986348122866894 164
(26, 2)
(125, 2)
(117, 2)
[0.75016699 0.98852538 1.26130763]
Classification: 1.0 0.7986348122866894 165
(26, 2)
(125, 2)
(117, 2)
[0.73186307 1.02508248 1.24305445]
Classification: 1.0 0.7986348122866894 166
(26, 2)
(125, 2)
(117, 2)
[0.72692712 0.99513184 1.27794104]
Classification: 1.0 0.7986348122866894 167
(26, 2)
(125, 2)
(117, 2)
[0.74728721 1.02402173 1.22869105]
Classification: 1.0 0.7986348122866894 168
(26, 2)
(125, 2)
(117, 2)
[0.72505695 0.96265676 1.31228629]
Classification: 1.0 0.7986348122866894 169
(26, 2)
(125, 2)
(117, 2)
[0.71940376 1.03171198 1.24888426]
Classification: 1.0 0.7986348122866894 170
(26, 2)
(125, 2)
(117, 2)
[0.75666687 0.96463816 1.27869497]
Classification: 1.0 0.7986348122866894 171
(26, 2)
(125, 2)
(117, 2)
[0.69066475 1.00395811 1.30537713]
Classification: 1.0 0.7986348122866894 172
(26, 2)
(125, 2)
(117, 2)
[0.65019887 1.0804401  1.26936103]
Classification: 1.0 0.7986348122866894 173
(26, 2)
(125, 2)
(117, 2)
[0.73513302 0.98639293 1.27847405]
Classification: 1.0 0.7952218430034129 174
(26, 2)
(125, 2)
(117, 2)
[0.77731025 0.98315052 1.23953923]
Classification: 1.0 0.7952218430034129 175
(26, 2)
(125, 2)
(117, 2)
[0.72188434 1.00308866 1.275027  ]
Classification: 1.0 0.7986348122866894 176
(26, 2)
(125, 2)
(117, 2)
[0.69651914 1.07169741 1.23178345]
Classification: 1.0 0.7986348122866894 177
(26, 2)
(125, 2)
(117, 2)
[0.66962214 0.96298185 1.367396  ]
Classification: 1.0 0.7952218430034129 178
(26, 2)
(125, 2)
(117, 2)
[0.69583515 0.95346721 1.35069764]
Classification: 1.0 0.7952218430034129 179
(26, 2)
(125, 2)
(117, 2)
[0.73055482 0.96591889 1.30352628]
Classification: 1.0 0.7918088737201365 180
(26, 2)
(125, 2)
(117, 2)
[0.70489813 0.96123312 1.33386876]
Classification: 1.0 0.7952218430034129 181
(26, 2)
(125, 2)
(117, 2)
[0.67895179 1.05347964 1.26756856]
Classification: 1.0 0.7986348122866894 182
(26, 2)
(125, 2)
(117, 2)
[0.72605475 1.00890794 1.26503731]
Classification: 1.0 0.7986348122866894 183
(26, 2)
(125, 2)
(117, 2)
[0.66297672 0.9811972  1.35582608]
Classification: 1.0 0.7986348122866894 184
(26, 2)
(125, 2)
(117, 2)
[0.67329595 0.98482177 1.34188228]
Classification: 1.0 0.7952218430034129 185
(26, 2)
(125, 2)
(117, 2)
[0.74688878 0.96177124 1.29133997]
Classification: 1.0 0.7952218430034129 186
(26, 2)
(125, 2)
(117, 2)
[0.68890361 0.99447405 1.31662234]
Classification: 1.0 0.7952218430034129 187
(26, 2)
(125, 2)
(117, 2)
[0.70448711 0.9899541  1.30555878]
Classification: 1.0 0.7952218430034129 188
(26, 2)
(125, 2)
(117, 2)
[0.67859799 0.97107155 1.35033046]
Classification: 1.0 0.7952218430034129 189
(26, 2)
(125, 2)
(117, 2)
[0.64094628 1.05374931 1.30530441]
Classification: 1.0 0.7952218430034129 190
(26, 2)
(125, 2)
(117, 2)
[0.63474729 1.02246415 1.34278856]
Classification: 1.0 0.7952218430034129 191
(26, 2)
(125, 2)
(117, 2)
[0.70847206 1.00048312 1.29104482]
Classification: 1.0 0.7952218430034129 192
(26, 2)
(125, 2)
(117, 2)
[0.73137468 0.93416093 1.33446439]
Classification: 1.0 0.7952218430034129 193
(26, 2)
(125, 2)
(117, 2)
[0.67176821 1.00404841 1.32418338]
Classification: 1.0 0.7952218430034129 194
(26, 2)
(125, 2)
(117, 2)
[0.69582292 1.019597   1.28458008]
Classification: 1.0 0.7986348122866894 195
(26, 2)
(125, 2)
(117, 2)
[0.68177502 1.01224928 1.3059757 ]
Classification: 1.0 0.7986348122866894 196
(26, 2)
(125, 2)
(117, 2)
[0.66753057 1.07633693 1.25613251]
Classification: 1.0 0.7986348122866894 197
(26, 2)
(125, 2)
(117, 2)
[0.65765686 1.06594507 1.27639807]
Classification: 1.0 0.7986348122866894 198
(26, 2)
(125, 2)
(117, 2)
[0.63710619 1.07135217 1.29154165]
Classification: 1.0 0.7986348122866894 199
(26, 2)
(125, 2)
(117, 2)
[0.69193338 1.03447232 1.2735943 ]
Classification: 1.0 0.7986348122866894 200
(26, 2)
(125, 2)
(117, 2)
[0.71925441 0.98452047 1.29622512]
Classification: 1.0 0.7952218430034129 201
(26, 2)
(125, 2)
(117, 2)
[0.66257631 1.02924116 1.30818253]
Classification: 1.0 0.7952218430034129 202
(26, 2)
(125, 2)
(117, 2)
[0.65862746 1.01569837 1.32567417]
Classification: 1.0 0.7952218430034129 203
(26, 2)
(125, 2)
(117, 2)
[0.66422208 1.09046486 1.24531306]
Classification: 1.0 0.7986348122866894 204
(26, 2)
(125, 2)
(117, 2)
[0.69452397 1.00718172 1.29829431]
Classification: 1.0 0.7952218430034129 205
(26, 2)
(125, 2)
(117, 2)
[0.73294162 0.98220678 1.2848516 ]
Classification: 1.0 0.7952218430034129 206
(26, 2)
(125, 2)
(117, 2)
[0.69593007 1.05012005 1.25394988]
Classification: 1.0 0.7952218430034129 207
(26, 2)
(125, 2)
(117, 2)
[0.68100321 1.06542416 1.25357263]
Classification: 1.0 0.7952218430034129 208
(26, 2)
(125, 2)
(117, 2)
[0.62883346 1.07450129 1.29666526]
Classification: 1.0 0.7952218430034129 209
(26, 2)
(125, 2)
(117, 2)
[0.6279071  1.04829098 1.32380192]
Classification: 1.0 0.7952218430034129 210
(26, 2)
(125, 2)
(117, 2)
[0.6485197 1.1016939 1.2497864]
Classification: 1.0 0.7952218430034129 211
(26, 2)
(125, 2)
(117, 2)
[0.62382014 1.05406369 1.32211617]
Classification: 1.0 0.7952218430034129 212
(26, 2)
(125, 2)
(117, 2)
[0.69072413 1.09030329 1.21897259]
Classification: 1.0 0.7952218430034129 213
(26, 2)
(125, 2)
(117, 2)
[0.6817932  1.05677954 1.26142725]
Classification: 1.0 0.7952218430034129 214
(26, 2)
(125, 2)
(117, 2)
[0.67257904 1.07321706 1.2542039 ]
Classification: 1.0 0.7952218430034129 215
(26, 2)
(125, 2)
(117, 2)
[0.66722203 1.01265223 1.32012574]
Classification: 1.0 0.7952218430034129 216
(26, 2)
(125, 2)
(117, 2)
[0.61162972 1.08476832 1.30360197]
Classification: 1.0 0.7952218430034129 217
(26, 2)
(125, 2)
(117, 2)
[0.65007743 1.04451852 1.30540405]
Classification: 1.0 0.7952218430034129 218
(26, 2)
(125, 2)
(117, 2)
[0.66429634 1.03838526 1.29731839]
Classification: 1.0 0.7952218430034129 219
(26, 2)
(125, 2)
(117, 2)
[0.66634258 1.06302798 1.27062944]
Classification: 1.0 0.7952218430034129 220
(26, 2)
(125, 2)
(117, 2)
[0.67462611 1.04755105 1.27782285]
Classification: 1.0 0.7952218430034129 221
(26, 2)
(125, 2)
(117, 2)
[0.70711361 1.01564148 1.27724492]
Classification: 1.0 0.7952218430034129 222
(26, 2)
(125, 2)
(117, 2)
[0.69434271 1.05079392 1.25486337]
Classification: 1.0 0.7952218430034129 223
(26, 2)
(125, 2)
(117, 2)
[0.71930598 1.01485837 1.26583565]
Classification: 1.0 0.7952218430034129 224
(26, 2)
(125, 2)
(117, 2)
[0.7098569  1.04303134 1.24711176]
Classification: 1.0 0.7952218430034129 225
(26, 2)
(125, 2)
(117, 2)
[0.68366481 1.03322275 1.28311243]
Classification: 1.0 0.7952218430034129 226
(26, 2)
(125, 2)
(117, 2)
[0.68209907 1.02963356 1.28826737]
Classification: 1.0 0.7952218430034129 227
(26, 2)
(125, 2)
(117, 2)
[0.71082267 1.03989347 1.24928386]
Classification: 1.0 0.7952218430034129 228
(26, 2)
(125, 2)
(117, 2)
[0.69059678 1.0619408  1.24746243]
Classification: 1.0 0.7952218430034129 229
(26, 2)
(125, 2)
(117, 2)
[0.71517915 1.02905359 1.25576726]
Classification: 1.0 0.7952218430034129 230
(26, 2)
(125, 2)
(117, 2)
[0.70309823 1.01225792 1.28464384]
Classification: 1.0 0.7986348122866894 231
(26, 2)
(125, 2)
(117, 2)
[0.67615215 1.02793901 1.29590885]
Classification: 1.0 0.7952218430034129 232
(26, 2)
(125, 2)
(117, 2)
[0.67844866 1.04008617 1.28146518]
Classification: 1.0 0.7986348122866894 233
(26, 2)
(125, 2)
(117, 2)
[0.620641   1.06095068 1.31840832]
Classification: 1.0 0.7952218430034129 234
(26, 2)
(125, 2)
(117, 2)
[0.64330009 1.08501146 1.27168845]
Classification: 1.0 0.7952218430034129 235
(26, 2)
(125, 2)
(117, 2)
[0.616201   1.12734504 1.25645395]
Classification: 1.0 0.7986348122866894 236
(26, 2)
(125, 2)
(117, 2)
[0.58780052 1.10059678 1.3116027 ]
Classification: 1.0 0.7952218430034129 237
(26, 2)
(125, 2)
(117, 2)
[0.63851246 1.07421228 1.28727526]
Classification: 1.0 0.7952218430034129 238
(26, 2)
(125, 2)
(117, 2)
[0.62903121 1.09310153 1.27786726]
Classification: 1.0 0.7952218430034129 239
(26, 2)
(125, 2)
(117, 2)
[0.66033883 1.07424804 1.26541312]
Classification: 1.0 0.7952218430034129 240
(26, 2)
(125, 2)
(117, 2)
[0.63784522 1.13556451 1.22659028]
Classification: 1.0 0.7952218430034129 241
(26, 2)
(125, 2)
(117, 2)
[0.71185997 1.02031599 1.26782405]
Classification: 1.0 0.8020477815699659 242
(26, 2)
(125, 2)
(117, 2)
[0.65614216 1.0489775  1.29488034]
Classification: 1.0 0.7952218430034129 243
(26, 2)
(125, 2)
(117, 2)
[0.70586484 1.06165596 1.2324792 ]
Classification: 1.0 0.7986348122866894 244
(26, 2)
(125, 2)
(117, 2)
[0.68418829 1.04880832 1.26700339]
Classification: 1.0 0.8020477815699659 245
(26, 2)
(125, 2)
(117, 2)
[0.70821682 1.02383029 1.26795289]
Classification: 1.0 0.7986348122866894 246
(26, 2)
(125, 2)
(117, 2)
[0.68079238 1.04374219 1.27546544]
Classification: 1.0 0.7986348122866894 247
(26, 2)
(125, 2)
(117, 2)
[0.66789872 1.07047178 1.26162951]
Classification: 1.0 0.8054607508532423 248
(26, 2)
(125, 2)
(117, 2)
[0.67024838 1.06382376 1.26592786]
Classification: 1.0 0.7986348122866894 249
(26, 2)
(125, 2)
(117, 2)
[0.69687587 1.0421762  1.26094793]
Classification: 1.0 0.8020477815699659 250
(26, 2)
(125, 2)
(117, 2)
[0.63317768 1.08266599 1.28415633]
Classification: 1.0 0.8020477815699659 251
(26, 2)
(125, 2)
(117, 2)
[0.64102276 1.10292891 1.25604834]
Classification: 1.0 0.8054607508532423 252
(26, 2)
(125, 2)
(117, 2)
[0.6933536  1.03889493 1.26775147]
Classification: 1.0 0.8054607508532423 253
(26, 2)
(125, 2)
(117, 2)
[0.69986262 1.0395442  1.26059318]
Classification: 1.0 0.8020477815699659 254
(26, 2)
(125, 2)
(117, 2)
[0.6626121  1.09385179 1.24353611]
Classification: 1.0 0.8020477815699659 255
(26, 2)
(125, 2)
(117, 2)
[0.67229407 1.06584116 1.26186477]
Classification: 1.0 0.8054607508532423 256
(26, 2)
(125, 2)
(117, 2)
[0.6750809  1.05549169 1.26942741]
Classification: 1.0 0.8020477815699659 257
(26, 2)
(125, 2)
(117, 2)
[0.67140868 1.0835128  1.24507852]
Classification: 1.0 0.8054607508532423 258
(26, 2)
(125, 2)
(117, 2)
[0.70250593 1.06305647 1.2344376 ]
Classification: 1.0 0.8054607508532423 259
(26, 2)
(125, 2)
(117, 2)
[0.67168741 1.10078059 1.227532  ]
Classification: 1.0 0.8020477815699659 260
(26, 2)
(125, 2)
(117, 2)
[0.65023201 1.06308427 1.28668372]
Classification: 1.0 0.8020477815699659 261
(26, 2)
(125, 2)
(117, 2)
[0.70432356 0.99877815 1.29689829]
Classification: 1.0 0.8020477815699659 262
(26, 2)
(125, 2)
(117, 2)
[0.69455659 1.04198768 1.26345572]
Classification: 1.0 0.8020477815699659 263
(26, 2)
(125, 2)
(117, 2)
[0.71374466 1.04027835 1.24597699]
Classification: 1.0 0.8088737201365188 264
(26, 2)
(125, 2)
(117, 2)
[0.68997915 1.09976297 1.21025788]
Classification: 1.0 0.8088737201365188 265
(26, 2)
(125, 2)
(117, 2)
[0.70613356 1.11575482 1.17811162]
Classification: 1.0 0.8054607508532423 266
(26, 2)
(125, 2)
(117, 2)
[0.71018955 1.0636032  1.22620725]
Classification: 1.0 0.8054607508532423 267
(26, 2)
(125, 2)
(117, 2)
[0.62740009 1.13849047 1.23410944]
Classification: 1.0 0.8054607508532423 268
(26, 2)
(125, 2)
(117, 2)
[0.60319565 1.14271138 1.25409297]
Classification: 1.0 0.8054607508532423 269
(26, 2)
(125, 2)
(117, 2)
[0.67525692 1.08907616 1.23566692]
Classification: 1.0 0.8054607508532423 270
(26, 2)
(125, 2)
(117, 2)
[0.64340943 1.105873   1.25071757]
Classification: 1.0 0.8088737201365188 271
(26, 2)
(125, 2)
(117, 2)
[0.61986086 1.09971095 1.28042819]
Classification: 1.0 0.8088737201365188 272
(26, 2)
(125, 2)
(117, 2)
[0.69714736 1.11698356 1.18586908]
Classification: 1.0 0.8088737201365188 273
(26, 2)
(125, 2)
(117, 2)
[0.65900141 1.08402512 1.25697348]
Classification: 1.0 0.8054607508532423 274
(26, 2)
(125, 2)
(117, 2)
[0.65727314 1.13447395 1.20825291]
Classification: 1.0 0.8054607508532423 275
(26, 2)
(125, 2)
(117, 2)
[0.61595521 1.16724943 1.21679536]
Classification: 1.0 0.8088737201365188 276
(26, 2)
(125, 2)
(117, 2)
[0.60118666 1.15738527 1.24142808]
Classification: 1.0 0.8088737201365188 277
(26, 2)
(125, 2)
(117, 2)
[0.65249603 1.09971542 1.24778854]
Classification: 1.0 0.8054607508532423 278
(26, 2)
(125, 2)
(117, 2)
[0.65829424 1.10828371 1.23342205]
Classification: 1.0 0.8088737201365188 279
(26, 2)
(125, 2)
(117, 2)
[0.66085844 1.07924775 1.25989381]
Classification: 1.0 0.8088737201365188 280
(26, 2)
(125, 2)
(117, 2)
[0.64304672 1.07478227 1.28217101]
Classification: 1.0 0.8054607508532423 281
(26, 2)
(125, 2)
(117, 2)
[0.66013444 1.10769715 1.23216841]
Classification: 1.0 0.8054607508532423 282
(26, 2)
(125, 2)
(117, 2)
[0.60281619 1.179851   1.21733281]
Classification: 1.0 0.8054607508532423 283
(26, 2)
(125, 2)
(117, 2)
[0.59713544 1.13046713 1.27239743]
Classification: 1.0 0.8054607508532423 284
(26, 2)
(125, 2)
(117, 2)
[0.62547236 1.0974022  1.27712544]
Classification: 1.0 0.8054607508532423 285
(26, 2)
(125, 2)
(117, 2)
[0.63135594 1.1166622  1.25198185]
Classification: 1.0 0.8088737201365188 286
(26, 2)
(125, 2)
(117, 2)
[0.58573821 1.16698752 1.24727427]
Classification: 1.0 0.8088737201365188 287
(26, 2)
(125, 2)
(117, 2)
[0.61613978 1.13091455 1.25294567]
Classification: 1.0 0.8088737201365188 288
(26, 2)
(125, 2)
(117, 2)
[0.61309648 1.13494903 1.25195449]
Classification: 1.0 0.8088737201365188 289
(26, 2)
(125, 2)
(117, 2)
[0.60854756 1.15717899 1.23427346]
Classification: 1.0 0.8088737201365188 290
(26, 2)
(125, 2)
(117, 2)
[0.62631136 1.16073352 1.21295511]
Classification: 1.0 0.8054607508532423 291
(26, 2)
(125, 2)
(117, 2)
[0.56375122 1.18824623 1.24800255]
Classification: 1.0 0.8088737201365188 292
(26, 2)
(125, 2)
(117, 2)
[0.62559129 1.11123779 1.26317092]
Classification: 1.0 0.8088737201365188 293
(26, 2)
(125, 2)
(117, 2)
[0.57324166 1.11255297 1.31420537]
Classification: 1.0 0.8122866894197952 294
(26, 2)
(125, 2)
(117, 2)
[0.65736425 1.08953163 1.25310412]
Classification: 1.0 0.8122866894197952 295
(26, 2)
(125, 2)
(117, 2)
[0.6205582  1.13616204 1.24327976]
Classification: 1.0 0.8122866894197952 296
(26, 2)
(125, 2)
(117, 2)
[0.61643014 1.11063878 1.27293108]
Classification: 1.0 0.8088737201365188 297
(26, 2)
(125, 2)
(117, 2)
[0.65794946 1.07501156 1.26703898]
Classification: 1.0 0.8122866894197952 298
(26, 2)
(125, 2)
(117, 2)
[0.63501983 1.11232441 1.25265577]
Classification: 1.0 0.8122866894197952 299
(26, 2)
(125, 2)
(117, 2)
[0.62725163 1.101253   1.27149536]
Classification: 1.0 0.8122866894197952 300
(26, 2)
(125, 2)
(117, 2)
[0.62242377 1.10458401 1.27299223]
Classification: 1.0 0.8122866894197952 301
(26, 2)
(125, 2)
(117, 2)
[0.63388259 1.12965689 1.23646053]
Classification: 1.0 0.8122866894197952 302
(26, 2)
(125, 2)
(117, 2)
[0.61474971 1.13845422 1.24679608]
Classification: 1.0 0.8122866894197952 303
(26, 2)
(125, 2)
(117, 2)
[0.59519086 1.20910075 1.19570839]
Classification: 1.0 0.8122866894197952 304
(26, 2)
(125, 2)
(117, 2)
[0.5916719  1.15416348 1.25416462]
Classification: 1.0 0.8122866894197952 305
(26, 2)
(125, 2)
(117, 2)
[0.57207086 1.13740025 1.29052888]
Classification: 1.0 0.8122866894197952 306
(26, 2)
(125, 2)
(117, 2)
[0.57060072 1.16797175 1.26142753]
Classification: 1.0 0.8122866894197952 307
(26, 2)
(125, 2)
(117, 2)
[0.64347824 1.11962178 1.23689998]
Classification: 1.0 0.8122866894197952 308
(26, 2)
(125, 2)
(117, 2)
[0.60641426 1.15495951 1.23862623]
Classification: 1.0 0.8122866894197952 309
(26, 2)
(125, 2)
(117, 2)
[0.58198468 1.20234064 1.21567469]
Classification: 1.0 0.8122866894197952 310
(26, 2)
(125, 2)
(117, 2)
[0.55987924 1.14081765 1.29930311]
Classification: 1.0 0.8088737201365188 311
(26, 2)
(125, 2)
(117, 2)
[0.56462483 1.17486008 1.26051508]
Classification: 1.0 0.8122866894197952 312
(26, 2)
(125, 2)
(117, 2)
[0.5965195  1.17150106 1.23197944]
Classification: 1.0 0.8122866894197952 313
(26, 2)
(125, 2)
(117, 2)
[0.58638857 1.1611218  1.25248964]
Classification: 1.0 0.8122866894197952 314
(26, 2)
(125, 2)
(117, 2)
[0.64128076 1.1596314  1.19908784]
Classification: 1.0 0.8122866894197952 315
(26, 2)
(125, 2)
(117, 2)
[0.61978621 1.14896737 1.23124642]
Classification: 1.0 0.8122866894197952 316
(26, 2)
(125, 2)
(117, 2)
[0.59697472 1.19170472 1.21132056]
Classification: 1.0 0.8122866894197952 317
(26, 2)
(125, 2)
(117, 2)
[0.63768843 1.14150398 1.22080759]
Classification: 1.0 0.8088737201365188 318
(26, 2)
(125, 2)
(117, 2)
[0.60113178 1.14947866 1.24938956]
Classification: 1.0 0.8122866894197952 319
(26, 2)
(125, 2)
(117, 2)
[0.58754137 1.12619856 1.28626007]
Classification: 1.0 0.8088737201365188 320
(26, 2)
(125, 2)
(117, 2)
[0.58810912 1.20364471 1.20824617]
Classification: 1.0 0.8088737201365188 321
(26, 2)
(125, 2)
(117, 2)
[0.63683938 1.13391433 1.22924629]
Classification: 1.0 0.8088737201365188 322
(26, 2)
(125, 2)
(117, 2)
[0.6089933  1.13704155 1.25396515]
Classification: 1.0 0.8122866894197952 323
(26, 2)
(125, 2)
(117, 2)
[0.58526013 1.12522646 1.28951341]
Classification: 1.0 0.8088737201365188 324
(26, 2)
(125, 2)
(117, 2)
[0.59992791 1.15309651 1.24697558]
Classification: 1.0 0.8088737201365188 325
(26, 2)
(125, 2)
(117, 2)
[0.62011617 1.15540462 1.22447921]
Classification: 1.0 0.8122866894197952 326
(26, 2)
(125, 2)
(117, 2)
[0.57716103 1.17834937 1.2444896 ]
Classification: 1.0 0.8122866894197952 327
(26, 2)
(125, 2)
(117, 2)
[0.62262946 1.16995939 1.20741115]
Classification: 1.0 0.8122866894197952 328
(26, 2)
(125, 2)
(117, 2)
[0.65051999 1.1532917  1.19618831]
Classification: 1.0 0.8122866894197952 329
(26, 2)
(125, 2)
(117, 2)
[0.60542575 1.17389982 1.22067444]
Classification: 1.0 0.8088737201365188 330
(26, 2)
(125, 2)
(117, 2)
[0.59998282 1.15644661 1.24357057]
Classification: 1.0 0.8054607508532423 331
(26, 2)
(125, 2)
(117, 2)
[0.60628195 1.17893142 1.21478663]
Classification: 1.0 0.8088737201365188 332
(26, 2)
(125, 2)
(117, 2)
[0.56706994 1.16839496 1.2645351 ]
Classification: 1.0 0.8122866894197952 333
(26, 2)
(125, 2)
(117, 2)
[0.64905207 1.10992395 1.24102398]
Classification: 1.0 0.8088737201365188 334
(26, 2)
(125, 2)
(117, 2)
[0.63356944 1.14344615 1.22298441]
Classification: 1.0 0.8088737201365188 335
(26, 2)
(125, 2)
(117, 2)
[0.5650428 1.2292076 1.2057496]
Classification: 1.0 0.8088737201365188 336
(26, 2)
(125, 2)
(117, 2)
[0.6098013  1.14617263 1.24402607]
Classification: 1.0 0.8054607508532423 337
(26, 2)
(125, 2)
(117, 2)
[0.61601093 1.15935707 1.224632  ]
Classification: 1.0 0.8054607508532423 338
(26, 2)
(125, 2)
(117, 2)
[0.60767954 1.09236442 1.29995603]
Classification: 1.0 0.8054607508532423 339
(26, 2)
(125, 2)
(117, 2)
[0.60717219 1.14525422 1.24757359]
Classification: 1.0 0.8054607508532423 340
(26, 2)
(125, 2)
(117, 2)
[0.59750688 1.15160352 1.25088959]
Classification: 1.0 0.8054607508532423 341
(26, 2)
(125, 2)
(117, 2)
[0.61376358 1.11873513 1.26750129]
Classification: 1.0 0.8054607508532423 342
(26, 2)
(125, 2)
(117, 2)
[0.59558229 1.13368235 1.27073537]
Classification: 1.0 0.8088737201365188 343
(26, 2)
(125, 2)
(117, 2)
[0.55270849 1.18637808 1.26091343]
Classification: 1.0 0.8054607508532423 344
(26, 2)
(125, 2)
(117, 2)
[0.53382591 1.19141647 1.27475762]
Classification: 1.0 0.8054607508532423 345
(26, 2)
(125, 2)
(117, 2)
[0.5561413  1.20031686 1.24354184]
Classification: 1.0 0.8054607508532423 346
(26, 2)
(125, 2)
(117, 2)
[0.56713947 1.18169731 1.25116323]
Classification: 1.0 0.8054607508532423 347
(26, 2)
(125, 2)
(117, 2)
[0.57194305 1.15489103 1.27316592]
Classification: 1.0 0.8054607508532423 348
(26, 2)
(125, 2)
(117, 2)
[0.59392261 1.1561338  1.24994358]
Classification: 1.0 0.8088737201365188 349
(26, 2)
(125, 2)
(117, 2)
[0.58608457 1.13027678 1.28363865]
Classification: 1.0 0.8054607508532423 350
(26, 2)
(125, 2)
(117, 2)
[0.55291799 1.1905778  1.25650422]
Classification: 1.0 0.8054607508532423 351
(26, 2)
(125, 2)
(117, 2)
[0.52177542 1.23451529 1.24370928]
Classification: 1.0 0.8054607508532423 352
(26, 2)
(125, 2)
(117, 2)
[0.60600479 1.13672015 1.25727506]
Classification: 1.0 0.8054607508532423 353
(26, 2)
(125, 2)
(117, 2)
[0.59911899 1.16494714 1.23593387]
Classification: 1.0 0.8088737201365188 354
(26, 2)
(125, 2)
(117, 2)
[0.56413301 1.20402008 1.23184691]
Classification: 1.0 0.8088737201365188 355
(26, 2)
(125, 2)
(117, 2)
[0.59563466 1.19005864 1.2143067 ]
Classification: 1.0 0.8020477815699659 356
(26, 2)
(125, 2)
(117, 2)
[0.54352309 1.16085657 1.29562034]
Classification: 1.0 0.8020477815699659 357
(26, 2)
(125, 2)
(117, 2)
[0.5574465  1.18626016 1.25629334]
Classification: 1.0 0.8020477815699659 358
(26, 2)
(125, 2)
(117, 2)
[0.57093341 1.20625414 1.22281244]
Classification: 1.0 0.8020477815699659 359
(26, 2)
(125, 2)
(117, 2)
[0.55516946 1.19644404 1.2483865 ]
Classification: 1.0 0.7986348122866894 360
(26, 2)
(125, 2)
(117, 2)
[0.51506392 1.25064263 1.23429345]
Classification: 1.0 0.8020477815699659 361
(26, 2)
(125, 2)
(117, 2)
[0.52638896 1.24399039 1.22962064]
Classification: 1.0 0.8020477815699659 362
(26, 2)
(125, 2)
(117, 2)
[0.55437548 1.21620434 1.22942017]
Classification: 1.0 0.8020477815699659 363
(26, 2)
(125, 2)
(117, 2)
[0.5851039  1.22035553 1.19454056]
Classification: 1.0 0.8054607508532423 364
(26, 2)
(125, 2)
(117, 2)
[0.54098636 1.18374914 1.2752645 ]
Classification: 1.0 0.8020477815699659 365
(26, 2)
(125, 2)
(117, 2)
[0.58074568 1.19473916 1.22451515]
Classification: 1.0 0.7986348122866894 366
(26, 2)
(125, 2)
(117, 2)
[0.54738683 1.17899253 1.27362064]
Classification: 1.0 0.8020477815699659 367
(26, 2)
(125, 2)
(117, 2)
[0.57876075 1.17377034 1.24746891]
Classification: 1.0 0.7986348122866894 368
(26, 2)
(125, 2)
(117, 2)
[0.56183417 1.19310385 1.24506198]
Classification: 1.0 0.7986348122866894 369
(26, 2)
(125, 2)
(117, 2)
[0.57057308 1.22585685 1.20357007]
Classification: 1.0 0.7986348122866894 370
(26, 2)
(125, 2)
(117, 2)
[0.5849864  1.19792881 1.21708479]
Classification: 1.0 0.8020477815699659 371
(26, 2)
(125, 2)
(117, 2)
[0.55433771 1.24185338 1.20380891]
Classification: 1.0 0.7986348122866894 372
(26, 2)
(125, 2)
(117, 2)
[0.58415744 1.19110465 1.22473791]
Classification: 1.0 0.8020477815699659 373
(26, 2)
(125, 2)
(117, 2)
[0.59784205 1.15560625 1.2465517 ]
Classification: 1.0 0.8054607508532423 374
(26, 2)
(125, 2)
(117, 2)
[0.55995525 1.18014972 1.25989503]
Classification: 1.0 0.8020477815699659 375
(26, 2)
(125, 2)
(117, 2)
[0.60311056 1.20787941 1.18901002]
Classification: 1.0 0.8020477815699659 376
(26, 2)
(125, 2)
(117, 2)
[0.58793101 1.16508459 1.2469844 ]
Classification: 1.0 0.8020477815699659 377
(26, 2)
(125, 2)
(117, 2)
[0.61562698 1.16196405 1.22240897]
Classification: 1.0 0.8020477815699659 378
(26, 2)
(125, 2)
(117, 2)
[0.56362029 1.19157052 1.24480919]
Classification: 1.0 0.7986348122866894 379
(26, 2)
(125, 2)
(117, 2)
[0.54928634 1.20044564 1.25026802]
Classification: 1.0 0.7986348122866894 380
(26, 2)
(125, 2)
(117, 2)
[0.60578491 1.21295545 1.18125964]
Classification: 1.0 0.8054607508532423 381
(26, 2)
(125, 2)
(117, 2)
[0.60284626 1.15922173 1.23793202]
Classification: 1.0 0.7986348122866894 382
(26, 2)
(125, 2)
(117, 2)
[0.54126274 1.20595964 1.25277761]
Classification: 1.0 0.7986348122866894 383
(26, 2)
(125, 2)
(117, 2)
[0.59852551 1.16450511 1.23696939]
Classification: 1.0 0.8020477815699659 384
(26, 2)
(125, 2)
(117, 2)
[0.60907584 1.16783114 1.22309302]
Classification: 1.0 0.8020477815699659 385
(26, 2)
(125, 2)
(117, 2)
[0.57635804 1.16827626 1.25536571]
Classification: 1.0 0.7986348122866894 386
(26, 2)
(125, 2)
(117, 2)
[0.53860226 1.22426126 1.23713647]
Classification: 1.0 0.7986348122866894 387
(26, 2)
(125, 2)
(117, 2)
[0.53659348 1.21278716 1.25061937]
Classification: 1.0 0.7986348122866894 388
(26, 2)
(125, 2)
(117, 2)
[0.53486317 1.23264046 1.23249638]
Classification: 1.0 0.7986348122866894 389
(26, 2)
(125, 2)
(117, 2)
[0.53103003 1.21052935 1.25844062]
Classification: 1.0 0.7952218430034129 390
(26, 2)
(125, 2)
(117, 2)
[0.53949821 1.18856176 1.27194004]
Classification: 1.0 0.7986348122866894 391
(26, 2)
(125, 2)
(117, 2)
[0.49920888 1.25490657 1.24588455]
Classification: 1.0 0.7986348122866894 392
(26, 2)
(125, 2)
(117, 2)
[0.61007484 1.16120045 1.2287247 ]
Classification: 1.0 0.7986348122866894 393
(26, 2)
(125, 2)
(117, 2)
[0.56043134 1.18563104 1.25393762]
Classification: 1.0 0.7952218430034129 394
(26, 2)
(125, 2)
(117, 2)
[0.55174477 1.20980321 1.23845202]
Classification: 1.0 0.7986348122866894 395
(26, 2)
(125, 2)
(117, 2)
[0.53727425 1.20568677 1.25703898]
Classification: 1.0 0.8020477815699659 396
(26, 2)
(125, 2)
(117, 2)
[0.55971274 1.14823293 1.29205434]
Classification: 1.0 0.7986348122866894 397
(26, 2)
(125, 2)
(117, 2)
[0.52335957 1.21401262 1.26262781]
Classification: 1.0 0.7952218430034129 398
(26, 2)
(125, 2)
(117, 2)
[0.59341674 1.19434485 1.21223841]
Classification: 1.0 0.7952218430034129 399
(26, 2)
(125, 2)
(117, 2)
[0.56046071 1.19274547 1.24679381]
Classification: 1.0 0.7918088737201365 400
(26, 2)
(125, 2)
(117, 2)
[0.56866263 1.14759546 1.28374192]
Classification: 1.0 0.7952218430034129 401
(26, 2)
(125, 2)
(117, 2)
[0.5422636  1.20514056 1.25259584]
Classification: 1.0 0.7952218430034129 402
(26, 2)
(125, 2)
(117, 2)
[0.56634793 1.16419688 1.26945519]
Classification: 1.0 0.7918088737201365 403
(26, 2)
(125, 2)
(117, 2)
[0.52089328 1.19296605 1.28614067]
Classification: 1.0 0.78839590443686 404
(26, 2)
(125, 2)
(117, 2)
[0.53594184 1.22086407 1.24319409]
Classification: 1.0 0.7918088737201365 405
(26, 2)
(125, 2)
(117, 2)
[0.56023558 1.16960174 1.27016268]
Classification: 1.0 0.7952218430034129 406
(26, 2)
(125, 2)
(117, 2)
[0.55207157 1.18346891 1.26445952]
Classification: 1.0 0.7918088737201365 407
(26, 2)
(125, 2)
(117, 2)
[0.54893918 1.17968684 1.27137398]
Classification: 1.0 0.7918088737201365 408
(26, 2)
(125, 2)
(117, 2)
[0.53399082 1.21168233 1.25432684]
Classification: 1.0 0.7918088737201365 409
(26, 2)
(125, 2)
(117, 2)
[0.49806203 1.23391825 1.26801972]
Classification: 1.0 0.7952218430034129 410
(26, 2)
(125, 2)
(117, 2)
[0.51802002 1.27074282 1.21123716]
Classification: 1.0 0.7918088737201365 411
(26, 2)
(125, 2)
(117, 2)
[0.54433538 1.20349483 1.25216979]
Classification: 1.0 0.7918088737201365 412
(26, 2)
(125, 2)
(117, 2)
[0.55819971 1.174667   1.26713329]
Classification: 1.0 0.7986348122866894 413
(26, 2)
(125, 2)
(117, 2)
[0.52907984 1.19361549 1.27730467]
Classification: 1.0 0.7986348122866894 414
(26, 2)
(125, 2)
(117, 2)
[0.5636101  1.17698717 1.25940273]
Classification: 1.0 0.7918088737201365 415
(26, 2)
(125, 2)
(117, 2)
[0.5231909  1.20253149 1.27427761]
Classification: 1.0 0.7918088737201365 416
(26, 2)
(125, 2)
(117, 2)
[0.54380611 1.22562534 1.23056855]
Classification: 1.0 0.7918088737201365 417
(26, 2)
(125, 2)
(117, 2)
[0.563592   1.22404518 1.21236282]
Classification: 1.0 0.7952218430034129 418
(26, 2)
(125, 2)
(117, 2)
[0.55897855 1.18955491 1.25146654]
Classification: 1.0 0.7952218430034129 419
(26, 2)
(125, 2)
(117, 2)
[0.53772178 1.19820007 1.26407815]
Classification: 1.0 0.7918088737201365 420
(26, 2)
(125, 2)
(117, 2)
[0.51370358 1.20348306 1.28281336]
Classification: 1.0 0.7952218430034129 421
(26, 2)
(125, 2)
(117, 2)
[0.5134125  1.18379965 1.30278785]
Classification: 1.0 0.7952218430034129 422
(26, 2)
(125, 2)
(117, 2)
[0.50708968 1.23099163 1.26191869]
Classification: 1.0 0.7952218430034129 423
(26, 2)
(125, 2)
(117, 2)
[0.5284374  1.23975459 1.23180801]
Classification: 1.0 0.7986348122866894 424
(26, 2)
(125, 2)
(117, 2)
[0.50744453 1.24444256 1.24811291]
Classification: 1.0 0.7986348122866894 425
(26, 2)
(125, 2)
(117, 2)
[0.53848969 1.22064628 1.24086402]
Classification: 1.0 0.7952218430034129 426
(26, 2)
(125, 2)
(117, 2)
[0.55066933 1.23280813 1.21652254]
Classification: 1.0 0.7986348122866894 427
(26, 2)
(125, 2)
(117, 2)
[0.54670417 1.21990565 1.23339018]
Classification: 1.0 0.7986348122866894 428
(26, 2)
(125, 2)
(117, 2)
[0.55824005 1.21252057 1.22923937]
Classification: 1.0 0.7986348122866894 429
(26, 2)
(125, 2)
(117, 2)
[0.55345    1.22662954 1.21992046]
Classification: 1.0 0.7986348122866894 430
(26, 2)
(125, 2)
(117, 2)
[0.50090517 1.25847474 1.24062008]
Classification: 1.0 0.7986348122866894 431
(26, 2)
(125, 2)
(117, 2)
[0.5228069  1.23375142 1.24344168]
Classification: 1.0 0.7986348122866894 432
(26, 2)
(125, 2)
(117, 2)
[0.49786974 1.28407996 1.21805029]
Classification: 1.0 0.7986348122866894 433
(26, 2)
(125, 2)
(117, 2)
[0.47875685 1.29354894 1.22769421]
Classification: 1.0 0.7986348122866894 434
(26, 2)
(125, 2)
(117, 2)
[0.48268584 1.2552836  1.26203056]
Classification: 1.0 0.7986348122866894 435
(26, 2)
(125, 2)
(117, 2)
[0.5635771  1.21933495 1.21708795]
Classification: 1.0 0.7952218430034129 436
(26, 2)
(125, 2)
(117, 2)
[0.5149499  1.26336712 1.22168298]
Classification: 1.0 0.7986348122866894 437
(26, 2)
(125, 2)
(117, 2)
[0.50476851 1.25843204 1.23679945]
Classification: 1.0 0.7986348122866894 438
(26, 2)
(125, 2)
(117, 2)
[0.49958505 1.28477944 1.21563552]
Classification: 1.0 0.7986348122866894 439
(26, 2)
(125, 2)
(117, 2)
[0.60137091 1.18340204 1.21522705]
Classification: 1.0 0.7986348122866894 440
(26, 2)
(125, 2)
(117, 2)
[0.51025283 1.30602756 1.18371961]
Classification: 1.0 0.7952218430034129 441
(26, 2)
(125, 2)
(117, 2)
[0.54682874 1.2404297  1.21274157]
Classification: 1.0 0.7986348122866894 442
(26, 2)
(125, 2)
(117, 2)
[0.53560308 1.28504779 1.17934913]
Classification: 1.0 0.7952218430034129 443
(26, 2)
(125, 2)
(117, 2)
[0.53086101 1.19505485 1.27408414]
Classification: 1.0 0.7986348122866894 444
(26, 2)
(125, 2)
(117, 2)
[0.58404112 1.19080595 1.22515293]
Classification: 1.0 0.7986348122866894 445
(26, 2)
(125, 2)
(117, 2)
[0.57471072 1.2381727  1.18711657]
Classification: 1.0 0.7952218430034129 446
(26, 2)
(125, 2)
(117, 2)
[0.53356068 1.20584191 1.26059741]
Classification: 1.0 0.7986348122866894 447
(26, 2)
(125, 2)
(117, 2)
[0.57020203 1.22323756 1.20656041]
Classification: 1.0 /mnt/data/user_liangzhiyu/envs/fedcsl/lib/python3.8/site-packages/scipy/__init__.py:146: UserWarning: A NumPy version >=1.16.5 and <1.23.0 is required for this version of SciPy (detected version 1.23.5
  warnings.warn(f"A NumPy version >={np_minversion} and <{np_maxversion}"
/mnt/data/user_liangzhiyu/envs/fedcsl/lib/python3.8/site-packages/tslearn/bases/bases.py:15: UserWarning: h5py not installed, hdf5 features will not be supported.
Install h5py to use hdf5 features: http://docs.h5py.org/
  warn(h5py_msg)
/mnt/data/user_liangzhiyu/lixiongfei/CSL-main/train.py:392: UserWarning: Creating a tensor from a list of numpy.ndarrays is extremely slow. Please consider converting the list to a single numpy.ndarray with numpy.array() before converting to a tensor. (Triggered internally at /opt/conda/conda-bld/pytorch_1724789259345/work/torch/csrc/utils/tensor_new.cpp:278.)
  X = torch.tensor(X, dtype=torch.float).contiguous()
0.8020477815699659 448
(26, 2)
(125, 2)
(117, 2)
[0.534273   1.25571124 1.21001576]
Classification: 1.0 0.7986348122866894 449
(26, 2)
(125, 2)
(117, 2)
[0.57425528 1.1756217  1.25012302]
Classification: 1.0 0.8020477815699659 450
(26, 2)
(125, 2)
(117, 2)
[0.55040703 1.22957171 1.22002126]
Classification: 1.0 0.7986348122866894 451
(26, 2)
(125, 2)
(117, 2)
[0.51049328 1.27405661 1.21545011]
Classification: 1.0 0.8020477815699659 452
(26, 2)
(125, 2)
(117, 2)
[0.58029744 1.20617693 1.21352563]
Classification: 1.0 0.7986348122866894 453
(26, 2)
(125, 2)
(117, 2)
[0.54179883 1.21247282 1.24572835]
Classification: 1.0 0.7986348122866894 454
(26, 2)
(125, 2)
(117, 2)
[0.55114602 1.18099049 1.26786349]
Classification: 1.0 0.7986348122866894 455
(26, 2)
(125, 2)
(117, 2)
[0.57742409 1.1904407  1.23213521]
Classification: 1.0 0.7986348122866894 456
(26, 2)
(125, 2)
(117, 2)
[0.55141627 1.21406734 1.23451639]
Classification: 1.0 0.7986348122866894 457
(26, 2)
(125, 2)
(117, 2)
[0.5469081 1.1859763 1.2671156]
Classification: 1.0 0.7986348122866894 458
(26, 2)
(125, 2)
(117, 2)
[0.53256837 1.24217217 1.22525947]
Classification: 1.0 0.7952218430034129 459
(26, 2)
(125, 2)
(117, 2)
[0.49915942 1.23345667 1.26738391]
Classification: 1.0 0.7986348122866894 460
(26, 2)
(125, 2)
(117, 2)
[0.55218085 1.20508696 1.24273219]
Classification: 1.0 0.7986348122866894 461
(26, 2)
(125, 2)
(117, 2)
[0.53679368 1.23027941 1.23292692]
Classification: 1.0 0.7918088737201365 462
(26, 2)
(125, 2)
(117, 2)
[0.55969448 1.24062218 1.19968334]
Classification: 1.0 0.7952218430034129 463
(26, 2)
(125, 2)
(117, 2)
[0.51797405 1.28217944 1.19984651]
Classification: 1.0 0.7986348122866894 464
(26, 2)
(125, 2)
(117, 2)
[0.57142699 1.22815393 1.20041908]
Classification: 1.0 0.7986348122866894 465
(26, 2)
(125, 2)
(117, 2)
[0.57483814 1.20031412 1.22484774]
Classification: 1.0 0.7986348122866894 466
(26, 2)
(125, 2)
(117, 2)
[0.53556262 1.23267616 1.23176122]
Classification: 1.0 0.8020477815699659 467
(26, 2)
(125, 2)
(117, 2)
[0.54598516 1.1748528  1.27916204]
Classification: 1.0 0.8020477815699659 468
(26, 2)
(125, 2)
(117, 2)
[0.53609112 1.253237   1.21067188]
Classification: 1.0 0.7986348122866894 469
(26, 2)
(125, 2)
(117, 2)
[0.53922028 1.24529478 1.21548494]
Classification: 1.0 0.7952218430034129 470
(26, 2)
(125, 2)
(117, 2)
[0.52731724 1.22175198 1.25093078]
Classification: 1.0 0.7918088737201365 471
(26, 2)
(125, 2)
(117, 2)
[0.54203196 1.22536588 1.23260216]
Classification: 1.0 0.7918088737201365 472
(26, 2)
(125, 2)
(117, 2)
[0.52925027 1.23640044 1.23434929]
Classification: 1.0 0.7918088737201365 473
(26, 2)
(125, 2)
(117, 2)
[0.50041054 1.25887973 1.24070974]
Classification: 1.0 0.7918088737201365 474
(26, 2)
(125, 2)
(117, 2)
[0.50035792 1.24902595 1.25061613]
Classification: 1.0 0.7986348122866894 475
(26, 2)
(125, 2)
(117, 2)
[0.51034232 1.25169768 1.23796   ]
Classification: 1.0 0.7952218430034129 476
(26, 2)
(125, 2)
(117, 2)
[0.50023523 1.2279483  1.27181647]
Classification: 1.0 0.7952218430034129 477
(26, 2)
(125, 2)
(117, 2)
[0.50947171 1.27268071 1.21784758]
Classification: 1.0 0.7986348122866894 478
(26, 2)
(125, 2)
(117, 2)
[0.53024811 1.24346947 1.22628242]
Classification: 1.0 0.7986348122866894 479
(26, 2)
(125, 2)
(117, 2)
[0.53646092 1.24195264 1.22158644]
Classification: 1.0 0.7986348122866894 480
(26, 2)
(125, 2)
(117, 2)
[0.54283221 1.23184035 1.22532743]
Classification: 1.0 0.7952218430034129 481
(26, 2)
(125, 2)
(117, 2)
[0.52177382 1.24813056 1.23009561]
Classification: 1.0 0.7952218430034129 482
(26, 2)
(125, 2)
(117, 2)
[0.5074753  1.26794205 1.22458265]
Classification: 1.0 0.7918088737201365 483
(26, 2)
(125, 2)
(117, 2)
[0.50384847 1.25080472 1.24534681]
Classification: 1.0 0.7918088737201365 484
(26, 2)
(125, 2)
(117, 2)
[0.50481857 1.22960571 1.26557571]
Classification: 1.0 0.7918088737201365 485
(26, 2)
(125, 2)
(117, 2)
[0.53432541 1.20490234 1.26077226]
Classification: 1.0 0.7918088737201365 486
(26, 2)
(125, 2)
(117, 2)
[0.5422803  1.27647376 1.18124594]
Classification: 1.0 0.7918088737201365 487
(26, 2)
(125, 2)
(117, 2)
[0.52216871 1.25404214 1.22378915]
Classification: 1.0 0.7952218430034129 488
(26, 2)
(125, 2)
(117, 2)
[0.55353255 1.25132112 1.19514633]
Classification: 1.0 0.7918088737201365 489
(26, 2)
(125, 2)
(117, 2)
[0.51563619 1.23592551 1.2484383 ]
Classification: 1.0 0.7849829351535836 490
(26, 2)
(125, 2)
(117, 2)
[0.4779566  1.25695204 1.26509136]
Classification: 1.0 0.7849829351535836 491
(26, 2)
(125, 2)
(117, 2)
[0.53061473 1.25141535 1.21796993]
Classification: 1.0 0.7918088737201365 492
(26, 2)
(125, 2)
(117, 2)
[0.50733076 1.27271052 1.21995871]
Classification: 1.0 0.7918088737201365 493
(26, 2)
(125, 2)
(117, 2)
[0.56521929 1.24016955 1.19461116]
Classification: 1.0 0.7918088737201365 494
(26, 2)
(125, 2)
(117, 2)
[0.55897628 1.22175531 1.21926841]
Classification: 1.0 0.78839590443686 495
(26, 2)
(125, 2)
(117, 2)
[0.52060127 1.26405875 1.21533998]
Classification: 1.0 0.78839590443686 496
(26, 2)
(125, 2)
(117, 2)
[0.51314281 1.30931681 1.17754038]
Classification: 1.0 0.78839590443686 497
(26, 2)
(125, 2)
(117, 2)
[0.56321076 1.20673559 1.23005365]
Classification: 1.0 0.7918088737201365 498
(26, 2)
(125, 2)
(117, 2)
[0.55651884 1.21822397 1.22525719]
Classification: 1.0 0.7918088737201365 499
Traceback (most recent call last):
  File "FedCSL_All.py", line 318, in <module>
    save_model(best_model, dataset, formatted_date)
  File "FedCSL_All.py", line 310, in train
    
  File "/mnt/data/user_liangzhiyu/envs/fedcsl/lib/python3.8/site-packages/torch/serialization.py", line 651, in save
    with _open_zipfile_writer(f) as opened_zipfile:
  File "/mnt/data/user_liangzhiyu/envs/fedcsl/lib/python3.8/site-packages/torch/serialization.py", line 525, in _open_zipfile_writer
    return container(name_or_buffer)
  File "/mnt/data/user_liangzhiyu/envs/fedcsl/lib/python3.8/site-packages/torch/serialization.py", line 496, in __init__
    super().__init__(torch._C.PyTorchFileWriter(self.name))
RuntimeError: Parent directory ./checkpoint/SelfRegulationSCP1 does not exist.
Running experiment with dataset: SelfRegulationSCP1, config: ./result/ablation_study/config_SelfRegulationSCP1.yml

A module that was compiled using NumPy 1.x cannot be run in
NumPy 2.0.2 as it may crash. To support both 1.x and 2.x
versions of NumPy, modules must be compiled with NumPy 2.0.
Some module may need to rebuild instead e.g. with 'pybind11>=2.12'.

If you are a user of the module, the easiest solution will be to
downgrade to 'numpy<2' or try to upgrade the affected module.
We expect that some modules will need time to support NumPy 2.

Traceback (most recent call last):  File "/mnt/data/user_liangzhiyu/lixiongfei/CSL-main/FedCSL_All.py", line 1, in <module>
    from seaborn import dark_palette
  File "/home/liangzhiyu/miniconda3/lib/python3.9/site-packages/seaborn/__init__.py", line 2, in <module>
    from .rcmod import *  # noqa: F401,F403
  File "/home/liangzhiyu/miniconda3/lib/python3.9/site-packages/seaborn/rcmod.py", line 3, in <module>
    import matplotlib as mpl
  File "/home/liangzhiyu/miniconda3/lib/python3.9/site-packages/matplotlib/__init__.py", line 129, in <module>
    from . import _api, _version, cbook, _docstring, rcsetup
  File "/home/liangzhiyu/miniconda3/lib/python3.9/site-packages/matplotlib/rcsetup.py", line 27, in <module>
    from matplotlib.colors import Colormap, is_color_like
  File "/home/liangzhiyu/miniconda3/lib/python3.9/site-packages/matplotlib/colors.py", line 56, in <module>
    from matplotlib import _api, _cm, cbook, scale
  File "/home/liangzhiyu/miniconda3/lib/python3.9/site-packages/matplotlib/scale.py", line 22, in <module>
    from matplotlib.ticker import (
  File "/home/liangzhiyu/miniconda3/lib/python3.9/site-packages/matplotlib/ticker.py", line 138, in <module>
    from matplotlib import transforms as mtransforms
  File "/home/liangzhiyu/miniconda3/lib/python3.9/site-packages/matplotlib/transforms.py", line 49, in <module>
    from matplotlib._path import (
AttributeError: _ARRAY_API not found
Traceback (most recent call last):
  File "/mnt/data/user_liangzhiyu/lixiongfei/CSL-main/FedCSL_All.py", line 1, in <module>
    from seaborn import dark_palette
  File "/home/liangzhiyu/miniconda3/lib/python3.9/site-packages/seaborn/__init__.py", line 2, in <module>
    from .rcmod import *  # noqa: F401,F403
  File "/home/liangzhiyu/miniconda3/lib/python3.9/site-packages/seaborn/rcmod.py", line 3, in <module>
    import matplotlib as mpl
  File "/home/liangzhiyu/miniconda3/lib/python3.9/site-packages/matplotlib/__init__.py", line 129, in <module>
    from . import _api, _version, cbook, _docstring, rcsetup
  File "/home/liangzhiyu/miniconda3/lib/python3.9/site-packages/matplotlib/rcsetup.py", line 27, in <module>
    from matplotlib.colors import Colormap, is_color_like
  File "/home/liangzhiyu/miniconda3/lib/python3.9/site-packages/matplotlib/colors.py", line 56, in <module>
    from matplotlib import _api, _cm, cbook, scale
  File "/home/liangzhiyu/miniconda3/lib/python3.9/site-packages/matplotlib/scale.py", line 22, in <module>
    from matplotlib.ticker import (
  File "/home/liangzhiyu/miniconda3/lib/python3.9/site-packages/matplotlib/ticker.py", line 138, in <module>
    from matplotlib import transforms as mtransforms
  File "/home/liangzhiyu/miniconda3/lib/python3.9/site-packages/matplotlib/transforms.py", line 49, in <module>
    from matplotlib._path import (
ImportError: numpy.core.multiarray failed to import
Running experiment with dataset: SelfRegulationSCP1, config: ./result/ablation_study/config_SelfRegulationSCP1.yml
[0.09514033 0.10277917 0.11127909 0.12035814 0.12964186 0.13872091
 0.14722083 0.15485967]
268
<class 'pandas.core.frame.DataFrame'>
RangeIndex: 268 entries, 0 to 267
Data columns (total 7 columns):
 #   Column      Non-Null Count  Dtype 
---  ------      --------------  ----- 
 0   dim_0       268 non-null    object
 1   dim_1       268 non-null    object
 2   dim_2       268 non-null    object
 3   dim_3       268 non-null    object
 4   dim_4       268 non-null    object
 5   dim_5       268 non-null    object
 6   class_vals  268 non-null    object
dtypes: object(7)
memory usage: 14.8+ KB
None
{896}
<class 'pandas.core.frame.DataFrame'>
RangeIndex: 268 entries, 0 to 267
Data columns (total 7 columns):
 #   Column      Non-Null Count  Dtype 
---  ------      --------------  ----- 
 0   dim_0       268 non-null    object
 1   dim_1       268 non-null    object
 2   dim_2       268 non-null    object
 3   dim_3       268 non-null    object
 4   dim_4       268 non-null    object
 5   dim_5       268 non-null    object
 6   class_vals  268 non-null    object
dtypes: object(7)
memory usage: 14.8+ KB
None
[0 0 0 0 0 0 0 0 0 0 0 0 0 0 0 0 0 0 0 0 0 0 0 0 0 0 0 0 0 0 0 0 0 0 0 0 0
 0 0 0 0 0 0 0 0 0 0 0 0 0 0 0 0 0 0 0 0 0 0 0 0 0 0 0 0 0 0 0 0 0 0 0 0 0
 0 0 0 0 0 0 0 0 0 0 0 0 0 0 0 0 0 0 0 0 0 0 0 0 0 0 0 0 0 0 0 0 0 0 0 0 0
 0 0 0 0 0 0 0 0 0 0 0 0 0 0 0 0 0 0 0 0 0 0 0 0 1 1 1 1 1 1 1 1 1 1 1 1 1
 1 1 1 1 1 1 1 1 1 1 1 1 1 1 1 1 1 1 1 1 1 1 1 1 1 1 1 1 1 1 1 1 1 1 1 1 1
 1 1 1 1 1 1 1 1 1 1 1 1 1 1 1 1 1 1 1 1 1 1 1 1 1 1 1 1 1 1 1 1 1 1 1 1 1
 1 1 1 1 1 1 1 1 1 1 1 1 1 1 1 1 1 1 1 1 1 1 1 1 1 1 1 1 1 1 1 1 1 1 1 1 1
 1 1 1 1 1 1 1 1 1]
[  0   1   2   3   4   5   6   7   8   9  10  11  12 135 136 137 138 139
 140 141 142 143 144 145 146 147]
[0, 0, 0, 0, 0, 0, 0, 0, 0, 0, 0, 0, 0, 1, 1, 1, 1, 1, 1, 1, 1, 1, 1, 1, 1, 1]
[0, 0, 0, 0, 0, 0, 0, 0, 0, 0, 0, 0, 0, 0, 0, 0, 0, 0, 0, 0, 0, 0, 0, 0, 0, 0, 0, 0, 0, 0, 0, 0, 0, 0, 0, 0, 0, 0, 0, 0, 0, 0, 0, 0, 0, 0, 0, 0, 0, 0, 0, 0, 0, 0, 0, 0, 0, 0, 0, 0, 0, 0, 0, 0, 0, 0, 0, 0, 0, 0, 0, 0, 0, 0, 0, 0, 0, 0, 0, 0, 0, 0, 0, 0, 0, 0, 0, 0, 0, 0, 0, 0, 0, 0, 0, 0, 0, 0, 0, 0, 0, 0, 0, 0, 0, 1, 1, 1, 1, 1, 1, 1, 1, 1, 1, 1, 1, 1, 1, 1, 1, 1, 1, 1, 1]
[0, 0, 0, 0, 0, 0, 0, 0, 0, 0, 0, 0, 0, 0, 0, 0, 0, 1, 1, 1, 1, 1, 1, 1, 1, 1, 1, 1, 1, 1, 1, 1, 1, 1, 1, 1, 1, 1, 1, 1, 1, 1, 1, 1, 1, 1, 1, 1, 1, 1, 1, 1, 1, 1, 1, 1, 1, 1, 1, 1, 1, 1, 1, 1, 1, 1, 1, 1, 1, 1, 1, 1, 1, 1, 1, 1, 1, 1, 1, 1, 1, 1, 1, 1, 1, 1, 1, 1, 1, 1, 1, 1, 1, 1, 1, 1, 1, 1, 1, 1, 1, 1, 1, 1, 1, 1, 1, 1, 1, 1, 1, 1, 1, 1, 1, 1, 1]
shapelet initialized! 

All 3 clinet initialized! 

(26, 2)
(125, 2)
(117, 2)
[0.64652263 1.24508393 1.10839343]
Classification: 1.0 0.7952218430034129 0
(26, 2)
(125, 2)
(117, 2)
[0.64938242 1.23173348 1.1188841 ]
Classification: 1.0 0.7952218430034129 1
(26, 2)
(125, 2)
(117, 2)
[0.63239394 1.22398055 1.14362551]
Classification: 1.0 0.7918088737201365 2
(26, 2)
(125, 2)
(117, 2)
[0.65826384 1.21500325 1.12673291]
Classification: 1.0 0.7918088737201365 3
(26, 2)
(125, 2)
(117, 2)
[0.63919675 1.21054637 1.15025688]
Classification: 1.0 0.78839590443686 4
(26, 2)
(125, 2)
(117, 2)
[0.68909384 1.14938421 1.16152195]
Classification: 1.0 0.78839590443686 5
(26, 2)
(125, 2)
(117, 2)
[0.71162381 1.06988402 1.21849216]
Classification: 1.0 0.7849829351535836 6
(26, 2)
(125, 2)
(117, 2)
[0.75305749 1.08238102 1.16456148]
Classification: 1.0 0.78839590443686 7
(26, 2)
(125, 2)
(117, 2)
[0.88014884 1.00226131 1.11758985]
Classification: 1.0 0.78839590443686 8
(26, 2)
(125, 2)
(117, 2)
[0.78449094 1.07793359 1.13757547]
Classification: 1.0 0.78839590443686 9
(26, 2)
(125, 2)
(117, 2)
[0.79740621 1.04091557 1.16167822]
Classification: 1.0 0.7918088737201365 10
(26, 2)
(125, 2)
(117, 2)
[0.8413706  1.00317116 1.15545824]
Classification: 1.0 0.78839590443686 11
(26, 2)
(125, 2)
(117, 2)
[0.85668486 0.97351391 1.16980124]
Classification: 1.0 0.7952218430034129 12
(26, 2)
(125, 2)
(117, 2)
[0.85807256 1.0045711  1.13735634]
Classification: 1.0 0.7952218430034129 13
(26, 2)
(125, 2)
(117, 2)
[0.88034551 0.98734924 1.13230525]
Classification: 1.0 0.7918088737201365 14
(26, 2)
(125, 2)
(117, 2)
[0.9380541  0.93264489 1.12930101]
Classification: 1.0 0.7952218430034129 15
(26, 2)
(125, 2)
(117, 2)
[0.94347542 0.94421425 1.11231033]
Classification: 1.0 0.7952218430034129 16
(26, 2)
(125, 2)
(117, 2)
[0.9783606  0.92202115 1.09961825]
Classification: 1.0 0.7952218430034129 17
(26, 2)
(125, 2)
(117, 2)
[1.00283926 0.90502851 1.09213222]
Classification: 1.0 0.7952218430034129 18
(26, 2)
(125, 2)
(117, 2)
[0.98070473 0.90700682 1.11228845]
Classification: 1.0 0.7986348122866894 19
(26, 2)
(125, 2)
(117, 2)
[1.03574054 0.82409928 1.14016018]
Classification: 1.0 0.7918088737201365 20
(26, 2)
(125, 2)
(117, 2)
[1.03752314 0.85826043 1.10421643]
Classification: 1.0 0.7952218430034129 21
(26, 2)
(125, 2)
(117, 2)
[1.10324071 0.8192793  1.07747999]
Classification: 1.0 0.7952218430034129 22
(26, 2)
(125, 2)
(117, 2)
[1.10295191 0.8237494  1.07329869]
Classification: 1.0 0.7952218430034129 23
(26, 2)
(125, 2)
(117, 2)
[1.04868515 0.81365367 1.13766118]
Classification: 1.0 0.7952218430034129 24
(26, 2)
(125, 2)
(117, 2)
[1.05832682 0.83020101 1.11147217]
Classification: 1.0 0.7986348122866894 25
(26, 2)
(125, 2)
(117, 2)
[1.08576137 0.81477593 1.0994627 ]
Classification: 1.0 0.7952218430034129 26
(26, 2)
(125, 2)
(117, 2)
[1.12754171 0.77397367 1.09848462]
Classification: 1.0 0.7986348122866894 27
(26, 2)
(125, 2)
(117, 2)
[1.08971708 0.83979092 1.07049199]
Classification: 1.0 0.7986348122866894 28
(26, 2)
(125, 2)
(117, 2)
[1.09496279 0.8196014  1.08543581]
Classification: 1.0 0.7986348122866894 29
(26, 2)
(125, 2)
(117, 2)
[1.08196705 0.82143806 1.09659489]
Classification: 1.0 0.8020477815699659 30
(26, 2)
(125, 2)
(117, 2)
[1.13131067 0.78938835 1.07930099]
Classification: 1.0 0.8020477815699659 31
(26, 2)
(125, 2)
(117, 2)
[1.15671118 0.77108745 1.07220137]
Classification: 1.0 0.8020477815699659 32
(26, 2)
(125, 2)
(117, 2)
[1.17341787 0.75755341 1.06902872]
Classification: 1.0 0.8020477815699659 33
(26, 2)
(125, 2)
(117, 2)
[1.16763022 0.77257752 1.05979226]
Classification: 1.0 0.8054607508532423 34
(26, 2)
(125, 2)
(117, 2)
[1.15830992 0.77899094 1.06269914]
Classification: 1.0 0.8020477815699659 35
(26, 2)
(125, 2)
(117, 2)
[1.1664586  0.7931809  1.04036049]
Classification: 1.0 0.8054607508532423 36
(26, 2)
(125, 2)
(117, 2)
[1.17093259 0.77737496 1.05169245]
Classification: 1.0 0.8054607508532423 37
(26, 2)
(125, 2)
(117, 2)
[1.19874139 0.75328245 1.04797615]
Classification: 1.0 0.8054607508532423 38
(26, 2)
(125, 2)
(117, 2)
[1.18138526 0.76790901 1.05070574]
Classification: 1.0 0.8054607508532423 39
(26, 2)
(125, 2)
(117, 2)
[1.172338   0.745039   1.08262299]
Classification: 1.0 0.8054607508532423 40
(26, 2)
(125, 2)
(117, 2)
[1.1929098  0.776713   1.03037719]
Classification: 1.0 0.8054607508532423 41
(26, 2)
(125, 2)
(117, 2)
[1.22935431 0.75779633 1.01284936]
Classification: 1.0 0.8054607508532423 42
(26, 2)
(125, 2)
(117, 2)
[1.21007633 0.76924499 1.02067868]
Classification: 1.0 0.8054607508532423 43
(26, 2)
(125, 2)
(117, 2)
[1.18413959 0.77786081 1.03799959]
Classification: 1.0 0.8054607508532423 44
(26, 2)
(125, 2)
(117, 2)
[1.19059985 0.7983921  1.01100805]
Classification: 1.0 0.8054607508532423 45
(26, 2)
(125, 2)
(117, 2)
[1.19992245 0.77237251 1.02770504]
Classification: 1.0 0.8054607508532423 46
(26, 2)
(125, 2)
(117, 2)
[1.18910001 0.78159195 1.02930804]
Classification: 1.0 0.8054607508532423 47
(26, 2)
(125, 2)
(117, 2)
[1.20606813 0.74271916 1.05121272]
Classification: 1.0 0.8054607508532423 48
(26, 2)
(125, 2)
(117, 2)
[1.16032718 0.76756969 1.07210314]
Classification: 1.0 0.8054607508532423 49
(26, 2)
(125, 2)
(117, 2)
[1.18156601 0.77156607 1.04686793]
Classification: 1.0 0.8054607508532423 50
(26, 2)
(125, 2)
(117, 2)
[1.18694004 0.77073501 1.04232495]
Classification: 1.0 0.8054607508532423 51
(26, 2)
(125, 2)
(117, 2)
[1.16710498 0.76075288 1.07214214]
Classification: 1.0 0.8054607508532423 52
(26, 2)
(125, 2)
(117, 2)
[1.15356497 0.81470159 1.03173344]
Classification: 1.0 0.8054607508532423 53
(26, 2)
(125, 2)
(117, 2)
[1.18252825 0.78058605 1.0368857 ]
Classification: 1.0 0.8054607508532423 54
(26, 2)
(125, 2)
(117, 2)
[1.18094974 0.80293872 1.01611154]
Classification: 1.0 0.8054607508532423 55
(26, 2)
(125, 2)
(117, 2)
[1.1907367  0.78292447 1.02633882]
Classification: 1.0 0.8020477815699659 56
(26, 2)
(125, 2)
(117, 2)
[1.17557396 0.78003881 1.04438724]
Classification: 1.0 0.7986348122866894 57
(26, 2)
(125, 2)
(117, 2)
[1.19629509 0.79812159 1.00558332]
Classification: 1.0 0.7986348122866894 58
(26, 2)
(125, 2)
(117, 2)
[1.17911209 0.76435943 1.05652848]
Classification: 1.0 0.7986348122866894 59
(26, 2)
(125, 2)
(117, 2)
[1.1711536  0.76635577 1.06249063]
Classification: 1.0 0.7986348122866894 60
(26, 2)
(125, 2)
(117, 2)
[1.1908357  0.75603681 1.05312749]
Classification: 1.0 0.7986348122866894 61
(26, 2)
(125, 2)
(117, 2)
[1.19532948 0.74377312 1.0608974 ]
Classification: 1.0 0.7986348122866894 62
(26, 2)
(125, 2)
(117, 2)
[1.16713581 0.78641972 1.04644446]
Classification: 1.0 0.7986348122866894 63
(26, 2)
(125, 2)
(117, 2)
[1.18086653 0.75473221 1.06440126]
Classification: 1.0 0.8020477815699659 64
(26, 2)
(125, 2)
(117, 2)
[1.17631391 0.76855053 1.05513556]
Classification: 1.0 0.8020477815699659 65
(26, 2)
(125, 2)
(117, 2)
[1.19081085 0.7475563  1.06163284]
Classification: 1.0 0.8020477815699659 66
(26, 2)
(125, 2)
(117, 2)
[1.18479137 0.77795525 1.03725338]
Classification: 1.0 0.8020477815699659 67
(26, 2)
(125, 2)
(117, 2)
[1.17679016 0.77240428 1.05080556]
Classification: 1.0 0.8020477815699659 68
(26, 2)
(125, 2)
(117, 2)
[1.18379982 0.78176868 1.0344315 ]
Classification: 1.0 0.8020477815699659 69
(26, 2)
(125, 2)
(117, 2)
[1.19486833 0.77418937 1.0309423 ]
Classification: 1.0 0.8020477815699659 70
(26, 2)
(125, 2)
(117, 2)
[1.18121271 0.80382007 1.01496721]
Classification: 1.0 0.8020477815699659 71
(26, 2)
(125, 2)
(117, 2)
[1.20044709 0.7524523  1.04710061]
Classification: 1.0 0.8020477815699659 72
(26, 2)
(125, 2)
(117, 2)
[1.18035314 0.77687279 1.04277407]
Classification: 1.0 0.8020477815699659 73
(26, 2)
(125, 2)
(117, 2)
[1.20016913 0.76864084 1.03119003]
Classification: 1.0 0.8020477815699659 74
(26, 2)
(125, 2)
(117, 2)
[1.15968766 0.77766344 1.0626489 ]
Classification: 1.0 0.8020477815699659 75
(26, 2)
(125, 2)
(117, 2)
[1.17246588 0.78201799 1.04551612]
Classification: 1.0 0.8020477815699659 76
(26, 2)
(125, 2)
(117, 2)
[1.17961561 0.81649354 1.00389085]
Classification: 1.0 0.8020477815699659 77
(26, 2)
(125, 2)
(117, 2)
[1.1573568  0.77701345 1.06562975]
Classification: 1.0 0.8020477815699659 78
(26, 2)
(125, 2)
(117, 2)
[1.14823996 0.7883848  1.06337524]
Classification: 1.0 0.8020477815699659 79
(26, 2)
(125, 2)
(117, 2)
[1.13644551 0.81254744 1.05100704]
Classification: 1.0 0.8020477815699659 80
(26, 2)
(125, 2)
(117, 2)
[1.14639912 0.80596597 1.04763491]
Classification: 1.0 0.8020477815699659 81
(26, 2)
(125, 2)
(117, 2)
[1.1703206  0.80606584 1.02361356]
Classification: 1.0 0.8020477815699659 82
(26, 2)
(125, 2)
(117, 2)
[1.15049757 0.84356313 1.00593929]
Classification: 1.0 0.8020477815699659 83
(26, 2)
(125, 2)
(117, 2)
[1.1492654  0.81056664 1.04016796]
Classification: 1.0 0.8020477815699659 84
(26, 2)
(125, 2)
(117, 2)
[1.17379978 0.82537461 1.00082561]
Classification: 1.0 0.8020477815699659 85
(26, 2)
(125, 2)
(117, 2)
[1.15252247 0.80829408 1.03918345]
Classification: 1.0 0.8020477815699659 86
(26, 2)
(125, 2)
(117, 2)
[1.14823066 0.82452829 1.02724105]
Classification: 1.0 0.8020477815699659 87
(26, 2)
(125, 2)
(117, 2)
[1.131256   0.81198471 1.05675929]
Classification: 1.0 0.8020477815699659 88
(26, 2)
(125, 2)
(117, 2)
[1.11670622 0.81645004 1.06684374]
Classification: 1.0 0.8020477815699659 89
(26, 2)
(125, 2)
(117, 2)
[1.13720726 0.82493869 1.03785405]
Classification: 1.0 0.8020477815699659 90
(26, 2)
(125, 2)
(117, 2)
[1.13502287 0.82845791 1.03651923]
Classification: 1.0 0.8020477815699659 91
(26, 2)
(125, 2)
(117, 2)
[1.1291431  0.83595589 1.03490101]
Classification: 1.0 0.8020477815699659 92
(26, 2)
(125, 2)
(117, 2)
[1.11831071 0.83545357 1.04623572]
Classification: 1.0 0.8020477815699659 93
(26, 2)
(125, 2)
(117, 2)
[1.10183521 0.84957625 1.04858853]
Classification: 1.0 0.8020477815699659 94
(26, 2)
(125, 2)
(117, 2)
[1.14529524 0.81125956 1.0434452 ]
Classification: 1.0 0.8020477815699659 95
(26, 2)
(125, 2)
(117, 2)
[1.12768987 0.78015562 1.09215451]
Classification: 1.0 0.8020477815699659 96
(26, 2)
(125, 2)
(117, 2)
[1.1242805  0.83394737 1.04177213]
Classification: 1.0 0.8020477815699659 97
(26, 2)
(125, 2)
(117, 2)
[1.12080843 0.82953414 1.04965743]
Classification: 1.0 0.8020477815699659 98
(26, 2)
(125, 2)
(117, 2)
[1.14872642 0.84512804 1.00614554]
Classification: 1.0 0.8020477815699659 99
(26, 2)
(125, 2)
(117, 2)
[1.13441995 0.80224946 1.06333058]
Classification: 1.0 0.8020477815699659 100
(26, 2)
(125, 2)
(117, 2)
[1.12792324 0.81649572 1.05558104]
Classification: 1.0 0.8020477815699659 101
(26, 2)
(125, 2)
(117, 2)
[1.10087534 0.84516296 1.0539617 ]
Classification: 1.0 0.8020477815699659 102
(26, 2)
(125, 2)
(117, 2)
[1.12431773 0.80548112 1.07020115]
Classification: 1.0 0.8020477815699659 103
(26, 2)
(125, 2)
(117, 2)
[1.11849501 0.79628768 1.08521731]
Classification: 1.0 0.8020477815699659 104
(26, 2)
(125, 2)
(117, 2)
[1.16256913 0.80470152 1.03272935]
Classification: 1.0 0.8020477815699659 105
(26, 2)
(125, 2)
(117, 2)
[1.12836478 0.78898001 1.0826552 ]
Classification: 1.0 0.8020477815699659 106
(26, 2)
(125, 2)
(117, 2)
[1.13417943 0.82758857 1.038232  ]
Classification: 1.0 0.7986348122866894 107
(26, 2)
(125, 2)
(117, 2)
[1.10489383 0.82760648 1.06749969]
Classification: 1.0 0.7986348122866894 108
(26, 2)
(125, 2)
(117, 2)
[1.12324967 0.84923721 1.02751313]
Classification: 1.0 0.7986348122866894 109
(26, 2)
(125, 2)
(117, 2)
[1.12143181 0.85195103 1.02661716]
Classification: 1.0 0.7986348122866894 110
(26, 2)
(125, 2)
(117, 2)
[1.10239306 0.84023497 1.05737197]
Classification: 1.0 0.7986348122866894 111
(26, 2)
(125, 2)
(117, 2)
[1.13324572 0.84070803 1.02604625]
Classification: 1.0 0.7986348122866894 112
(26, 2)
(125, 2)
(117, 2)
[1.1319132  0.80306006 1.06502674]
Classification: 1.0 0.7986348122866894 113
(26, 2)
(125, 2)
(117, 2)
[1.12090698 0.83678026 1.04231275]
Classification: 1.0 0.7952218430034129 114
(26, 2)
(125, 2)
(117, 2)
[1.12125447 0.80595532 1.07279022]
Classification: 1.0 0.7952218430034129 115
(26, 2)
(125, 2)
(117, 2)
[1.12070256 0.81555264 1.0637448 ]
Classification: 1.0 0.7952218430034129 116
(26, 2)
(125, 2)
(117, 2)
[1.13502396 0.83170785 1.03326819]
Classification: 1.0 0.7918088737201365 117
(26, 2)
(125, 2)
(117, 2)
[1.16769519 0.83314796 0.99915685]
Classification: 1.0 0.7918088737201365 118
(26, 2)
(125, 2)
(117, 2)
[1.12016876 0.86750215 1.01232909]
Classification: 1.0 0.7918088737201365 119
(26, 2)
(125, 2)
(117, 2)
[1.14200384 0.86422217 0.99377399]
Classification: 1.0 0.7918088737201365 120
(26, 2)
(125, 2)
(117, 2)
[1.11554079 0.88473079 0.99972842]
Classification: 1.0 0.7918088737201365 121
(26, 2)
(125, 2)
(117, 2)
[1.13891901 0.85768633 1.00339466]
Classification: 1.0 0.7918088737201365 122
(26, 2)
(125, 2)
(117, 2)
[1.11297821 0.8577044  1.02931739]
Classification: 1.0 0.7952218430034129 123
(26, 2)
(125, 2)
(117, 2)
[1.16008755 0.86679683 0.97311561]
Classification: 1.0 0.7918088737201365 124
(26, 2)
(125, 2)
(117, 2)
[1.10321549 0.88721389 1.00957062]
Classification: 1.0 0.7952218430034129 125
(26, 2)
(125, 2)
(117, 2)
[1.0962062  0.89023787 1.01355593]
Classification: 1.0 0.7918088737201365 126
(26, 2)
(125, 2)
(117, 2)
[1.08520186 0.85925603 1.05554211]
Classification: 1.0 0.7952218430034129 127
(26, 2)
(125, 2)
(117, 2)
[1.13783849 0.88557888 0.97658263]
Classification: 1.0 0.7952218430034129 128
(26, 2)
(125, 2)
(117, 2)
[1.13544128 0.83387046 1.03068827]
Classification: 1.0 0.7952218430034129 129
(26, 2)
(125, 2)
(117, 2)
[1.11273692 0.84156422 1.04569886]
Classification: 1.0 0.7952218430034129 130
(26, 2)
(125, 2)
(117, 2)
[1.11100923 0.89083298 0.99815779]
Classification: 1.0 0.7952218430034129 131
(26, 2)
(125, 2)
(117, 2)
[1.11057586 0.86131261 1.02811153]
Classification: 1.0 0.7952218430034129 132
(26, 2)
(125, 2)
(117, 2)
/mnt/data/user_liangzhiyu/envs/fedcsl/lib/python3.8/site-packages/scipy/__init__.py:146: UserWarning: A NumPy version >=1.16.5 and <1.23.0 is required for this version of SciPy (detected version 1.23.5
  warnings.warn(f"A NumPy version >={np_minversion} and <{np_maxversion}"
/mnt/data/user_liangzhiyu/envs/fedcsl/lib/python3.8/site-packages/tslearn/bases/bases.py:15: UserWarning: h5py not installed, hdf5 features will not be supported.
Install h5py to use hdf5 features: http://docs.h5py.org/
  warn(h5py_msg)
/mnt/data/user_liangzhiyu/lixiongfei/CSL-main/train.py:392: UserWarning: Creating a tensor from a list of numpy.ndarrays is extremely slow. Please consider converting the list to a single numpy.ndarray with numpy.array() before converting to a tensor. (Triggered internally at /opt/conda/conda-bld/pytorch_1724789259345/work/torch/csrc/utils/tensor_new.cpp:278.)
  X = torch.tensor(X, dtype=torch.float).contiguous()
[1.10182663 0.86777037 1.030403  ]
Classification: 1.0 0.7952218430034129 133
(26, 2)
(125, 2)
(117, 2)
[1.13823196 0.85678729 1.00498075]
Classification: 1.0 0.7952218430034129 134
(26, 2)
(125, 2)
(117, 2)
[1.10625534 0.86855464 1.02519002]
Classification: 1.0 0.7952218430034129 135
(26, 2)
(125, 2)
(117, 2)
[1.11371672 0.87521908 1.0110642 ]
Classification: 1.0 0.7918088737201365 136
(26, 2)
(125, 2)
(117, 2)
[1.10573569 0.84456243 1.04970188]
Classification: 1.0 0.7952218430034129 137
(26, 2)
(125, 2)
(117, 2)
[1.1170892  0.83688068 1.04603012]
Classification: 1.0 0.7952218430034129 138
(26, 2)
(125, 2)
(117, 2)
[1.09946588 0.86215036 1.03838376]
Classification: 1.0 0.7952218430034129 139
(26, 2)
(125, 2)
(117, 2)
[1.11798411 0.82609046 1.05592543]
Classification: 1.0 0.7952218430034129 140
(26, 2)
(125, 2)
(117, 2)
[1.10619259 0.87376233 1.02004508]
Classification: 1.0 0.7952218430034129 141
(26, 2)
(125, 2)
(117, 2)
[1.11199109 0.85643612 1.03157279]
Classification: 1.0 0.7986348122866894 142
(26, 2)
(125, 2)
(117, 2)
[1.07241605 0.89784706 1.02973688]
Classification: 1.0 0.7952218430034129 143
(26, 2)
(125, 2)
(117, 2)
[1.09507537 0.84756945 1.05735519]
Classification: 1.0 0.7952218430034129 144
(26, 2)
(125, 2)
(117, 2)
[1.06638116 0.83551901 1.09809983]
Classification: 1.0 0.7952218430034129 145
(26, 2)
(125, 2)
(117, 2)
[1.08102383 0.8526574  1.06631877]
Classification: 1.0 0.7952218430034129 146
(26, 2)
(125, 2)
(117, 2)
[1.09221499 0.86835282 1.03943219]
Classification: 1.0 0.7952218430034129 147
(26, 2)
(125, 2)
(117, 2)
[1.09275668 0.86182451 1.0454188 ]
Classification: 1.0 0.7952218430034129 148
(26, 2)
(125, 2)
(117, 2)
[1.06134116 0.89713559 1.04152325]
Classification: 1.0 0.7952218430034129 149
(26, 2)
(125, 2)
(117, 2)
[1.05964297 0.89246852 1.04788851]
Classification: 1.0 0.7952218430034129 150
(26, 2)
(125, 2)
(117, 2)
[1.09345675 0.87230345 1.0342398 ]
Classification: 1.0 0.7952218430034129 151
(26, 2)
(125, 2)
(117, 2)
[1.06385851 0.91328759 1.0228539 ]
Classification: 1.0 0.7986348122866894 152
(26, 2)
(125, 2)
(117, 2)
[1.07041838 0.86543435 1.06414727]
Classification: 1.0 0.7952218430034129 153
(26, 2)
(125, 2)
(117, 2)
[1.0921908  0.85364983 1.05415938]
Classification: 1.0 0.7986348122866894 154
(26, 2)
(125, 2)
(117, 2)
[1.08478258 0.88622388 1.02899354]
Classification: 1.0 0.7952218430034129 155
(26, 2)
(125, 2)
(117, 2)
[1.13109262 0.84411749 1.02478989]
Classification: 1.0 0.7952218430034129 156
(26, 2)
(125, 2)
(117, 2)
[1.09719291 0.84563995 1.05716714]
Classification: 1.0 0.7952218430034129 157
(26, 2)
(125, 2)
(117, 2)
[1.08411954 0.87028061 1.04559985]
Classification: 1.0 0.7986348122866894 158
(26, 2)
(125, 2)
(117, 2)
[1.09644329 0.83724542 1.06631129]
Classification: 1.0 0.7952218430034129 159
(26, 2)
(125, 2)
(117, 2)
[1.08840386 0.8499757  1.06162045]
Classification: 1.0 0.7952218430034129 160
(26, 2)
(125, 2)
(117, 2)
[1.06955598 0.87250506 1.05793896]
Classification: 1.0 0.7986348122866894 161
(26, 2)
(125, 2)
(117, 2)
[1.08482079 0.86033229 1.05484692]
Classification: 1.0 0.7986348122866894 162
(26, 2)
(125, 2)
(117, 2)
[1.08301235 0.83461715 1.0823705 ]
Classification: 1.0 0.7986348122866894 163
(26, 2)
(125, 2)
(117, 2)
[1.08807349 0.87208525 1.03984126]
Classification: 1.0 0.7952218430034129 164
(26, 2)
(125, 2)
(117, 2)
[1.08595669 0.85536874 1.05867457]
Classification: 1.0 0.7952218430034129 165
(26, 2)
(125, 2)
(117, 2)
[1.0997007  0.87063908 1.02966022]
Classification: 1.0 0.7952218430034129 166
(26, 2)
(125, 2)
(117, 2)
[1.10492787 0.83739751 1.05767463]
Classification: 1.0 0.7986348122866894 167
(26, 2)
(125, 2)
(117, 2)
[1.11901749 0.86356624 1.01741627]
Classification: 1.0 0.7986348122866894 168
(26, 2)
(125, 2)
(117, 2)
[1.10652351 0.86132587 1.03215062]
Classification: 1.0 0.7986348122866894 169
(26, 2)
(125, 2)
(117, 2)
[1.08504654 0.89079297 1.02416049]
Classification: 1.0 0.7986348122866894 170
(26, 2)
(125, 2)
(117, 2)
[1.10293955 0.84672296 1.05033749]
Classification: 1.0 0.7952218430034129 171
(26, 2)
(125, 2)
(117, 2)
[1.11917552 0.8317235  1.04910098]
Classification: 1.0 0.7986348122866894 172
(26, 2)
(125, 2)
(117, 2)
[1.12219492 0.83615761 1.04164747]
Classification: 1.0 0.7952218430034129 173
(26, 2)
(125, 2)
(117, 2)
[1.07170438 0.85757413 1.07072149]
Classification: 1.0 0.7986348122866894 174
(26, 2)
(125, 2)
(117, 2)
[1.09516281 0.83325154 1.07158565]
Classification: 1.0 0.7986348122866894 175
(26, 2)
(125, 2)
(117, 2)
[1.0748673  0.84906576 1.07606694]
Classification: 1.0 0.7952218430034129 176
(26, 2)
(125, 2)
(117, 2)
[1.09525615 0.82186596 1.08287789]
Classification: 1.0 0.7952218430034129 177
(26, 2)
(125, 2)
(117, 2)
[1.11729152 0.83319251 1.04951597]
Classification: 1.0 0.7952218430034129 178
(26, 2)
(125, 2)
(117, 2)
[1.07672627 0.86572784 1.05754589]
Classification: 1.0 0.7952218430034129 179
(26, 2)
(125, 2)
(117, 2)
[1.10179246 0.82027608 1.07793146]
Classification: 1.0 0.7952218430034129 180
(26, 2)
(125, 2)
(117, 2)
[1.10470224 0.86041141 1.03488636]
Classification: 1.0 0.7952218430034129 181
(26, 2)
(125, 2)
(117, 2)
[1.08140738 0.81968525 1.09890736]
Classification: 1.0 0.7952218430034129 182
(26, 2)
(125, 2)
(117, 2)
[1.08738273 0.84006591 1.07255136]
Classification: 1.0 0.7952218430034129 183
(26, 2)
(125, 2)
(117, 2)
[1.09686567 0.8403882  1.06274613]
Classification: 1.0 0.7986348122866894 184
(26, 2)
(125, 2)
(117, 2)
[1.10597011 0.83668461 1.05734528]
Classification: 1.0 0.7986348122866894 185
(26, 2)
(125, 2)
(117, 2)
[1.08580024 0.83853293 1.07566683]
Classification: 1.0 0.8020477815699659 186
(26, 2)
(125, 2)
(117, 2)
[1.1114089  0.84301694 1.04557416]
Classification: 1.0 0.7986348122866894 187
(26, 2)
(125, 2)
(117, 2)
[1.10047401 0.81473136 1.08479463]
Classification: 1.0 0.8020477815699659 188
(26, 2)
(125, 2)
(117, 2)
[1.0753572  0.84543141 1.07921139]
Classification: 1.0 0.7986348122866894 189
(26, 2)
(125, 2)
(117, 2)
[1.06798266 0.86779838 1.06421895]
Classification: 1.0 0.7986348122866894 190
(26, 2)
(125, 2)
(117, 2)
[1.06632359 0.88704726 1.04662915]
Classification: 1.0 0.8020477815699659 191
(26, 2)
(125, 2)
(117, 2)
[1.07275338 0.83051572 1.0967309 ]
Classification: 1.0 0.7986348122866894 192
(26, 2)
(125, 2)
(117, 2)
[1.05974961 0.85186687 1.08838352]
Classification: 1.0 0.8020477815699659 193
(26, 2)
(125, 2)
(117, 2)
[1.0651774  0.84898193 1.08584067]
Classification: 1.0 0.7986348122866894 194
(26, 2)
(125, 2)
(117, 2)
[1.05709288 0.84125323 1.1016539 ]
Classification: 1.0 0.7986348122866894 195
(26, 2)
(125, 2)
(117, 2)
[1.09533997 0.83213554 1.07252449]
Classification: 1.0 0.8020477815699659 196
(26, 2)
(125, 2)
(117, 2)
[1.08318745 0.86608242 1.05073013]
Classification: 1.0 0.8020477815699659 197
(26, 2)
(125, 2)
(117, 2)
[1.11620384 0.82120044 1.06259572]
Classification: 1.0 0.8020477815699659 198
(26, 2)
(125, 2)
(117, 2)
[1.10297187 0.84978724 1.04724089]
Classification: 1.0 0.8020477815699659 199
(26, 2)
(125, 2)
(117, 2)
[1.09560366 0.85496972 1.04942662]
Classification: 1.0 0.7986348122866894 200
Traceback (most recent call last):
  File "FedCSL_All.py", line 341, in <module>
  File "FedCSL_All.py", line 254, in train
    losses = c.train(X_fed[idx], epochs=numEpoch, batch_size=batch_size, epoch_idx=-1,lr=lr)
  File "/mnt/data/user_liangzhiyu/lixiongfei/CSL-main/train.py", line 462, in train
    current_loss_ce, C_accu_q, c_normalising_factor_q, C_accu_k, c_normalising_factor_k = self.update_CL(x, C_accu_q, c_normalising_factor_q, C_accu_k, 
  File "/mnt/data/user_liangzhiyu/lixiongfei/CSL-main/train.py", line 334, in update_CL
    loss.backward()
  File "/mnt/data/user_liangzhiyu/envs/fedcsl/lib/python3.8/site-packages/torch/_tensor.py", line 521, in backward
    torch.autograd.backward(
  File "/mnt/data/user_liangzhiyu/envs/fedcsl/lib/python3.8/site-packages/torch/autograd/__init__.py", line 289, in backward
    _engine_run_backward(
  File "/mnt/data/user_liangzhiyu/envs/fedcsl/lib/python3.8/site-packages/torch/autograd/graph.py", line 769, in _engine_run_backward
    return Variable._execution_engine.run_backward(  # Calls into the C++ engine to run the backward pass
KeyboardInterrupt
Running experiment with dataset: SelfRegulationSCP1, config: ./result/ablation_study/config_SelfRegulationSCP1.yml
/mnt/data/user_liangzhiyu/envs/fedcsl/lib/python3.8/site-packages/scipy/__init__.py:146: UserWarning: A NumPy version >=1.16.5 and <1.23.0 is required for this version of SciPy (detected version 1.23.5
  warnings.warn(f"A NumPy version >={np_minversion} and <{np_maxversion}"
/mnt/data/user_liangzhiyu/envs/fedcsl/lib/python3.8/site-packages/tslearn/bases/bases.py:15: UserWarning: h5py not installed, hdf5 features will not be supported.
Install h5py to use hdf5 features: http://docs.h5py.org/
  warn(h5py_msg)
/mnt/data/user_liangzhiyu/lixiongfei/CSL-main/train.py:392: UserWarning: Creating a tensor from a list of numpy.ndarrays is extremely slow. Please consider converting the list to a single numpy.ndarray with numpy.array() before converting to a tensor. (Triggered internally at /opt/conda/conda-bld/pytorch_1724789259345/work/torch/csrc/utils/tensor_new.cpp:278.)
  X = torch.tensor(X, dtype=torch.float).contiguous()
[0.09514033 0.10277917 0.11127909 0.12035814 0.12964186 0.13872091
 0.14722083 0.15485967]
268
<class 'pandas.core.frame.DataFrame'>
RangeIndex: 268 entries, 0 to 267
Data columns (total 7 columns):
 #   Column      Non-Null Count  Dtype 
---  ------      --------------  ----- 
 0   dim_0       268 non-null    object
 1   dim_1       268 non-null    object
 2   dim_2       268 non-null    object
 3   dim_3       268 non-null    object
 4   dim_4       268 non-null    object
 5   dim_5       268 non-null    object
 6   class_vals  268 non-null    object
dtypes: object(7)
memory usage: 14.8+ KB
None
{896}
<class 'pandas.core.frame.DataFrame'>
RangeIndex: 268 entries, 0 to 267
Data columns (total 7 columns):
 #   Column      Non-Null Count  Dtype 
---  ------      --------------  ----- 
 0   dim_0       268 non-null    object
 1   dim_1       268 non-null    object
 2   dim_2       268 non-null    object
 3   dim_3       268 non-null    object
 4   dim_4       268 non-null    object
 5   dim_5       268 non-null    object
 6   class_vals  268 non-null    object
dtypes: object(7)
memory usage: 14.8+ KB
None
[0 0 0 0 0 0 0 0 0 0 0 0 0 0 0 0 0 0 0 0 0 0 0 0 0 0 0 0 0 0 0 0 0 0 0 0 0
 0 0 0 0 0 0 0 0 0 0 0 0 0 0 0 0 0 0 0 0 0 0 0 0 0 0 0 0 0 0 0 0 0 0 0 0 0
 0 0 0 0 0 0 0 0 0 0 0 0 0 0 0 0 0 0 0 0 0 0 0 0 0 0 0 0 0 0 0 0 0 0 0 0 0
 0 0 0 0 0 0 0 0 0 0 0 0 0 0 0 0 0 0 0 0 0 0 0 0 1 1 1 1 1 1 1 1 1 1 1 1 1
 1 1 1 1 1 1 1 1 1 1 1 1 1 1 1 1 1 1 1 1 1 1 1 1 1 1 1 1 1 1 1 1 1 1 1 1 1
 1 1 1 1 1 1 1 1 1 1 1 1 1 1 1 1 1 1 1 1 1 1 1 1 1 1 1 1 1 1 1 1 1 1 1 1 1
 1 1 1 1 1 1 1 1 1 1 1 1 1 1 1 1 1 1 1 1 1 1 1 1 1 1 1 1 1 1 1 1 1 1 1 1 1
 1 1 1 1 1 1 1 1 1]
[  0   1   2   3   4   5   6   7   8   9  10  11  12 135 136 137 138 139
 140 141 142 143 144 145 146 147]
[0, 0, 0, 0, 0, 0, 0, 0, 0, 0, 0, 0, 0, 1, 1, 1, 1, 1, 1, 1, 1, 1, 1, 1, 1, 1]
[0, 0, 0, 0, 0, 0, 0, 0, 0, 0, 0, 0, 0, 0, 0, 0, 0, 0, 0, 0, 0, 0, 0, 0, 0, 0, 0, 0, 0, 0, 0, 0, 0, 0, 0, 0, 0, 0, 0, 0, 0, 0, 0, 0, 0, 0, 0, 0, 0, 0, 0, 0, 0, 0, 0, 0, 0, 0, 0, 0, 0, 0, 0, 0, 0, 0, 0, 0, 0, 0, 0, 0, 0, 0, 0, 0, 0, 0, 0, 0, 0, 0, 0, 0, 0, 0, 0, 0, 0, 0, 0, 0, 0, 0, 0, 0, 0, 0, 0, 0, 0, 0, 0, 0, 0, 1, 1, 1, 1, 1, 1, 1, 1, 1, 1, 1, 1, 1, 1, 1, 1, 1, 1, 1, 1]
[0, 0, 0, 0, 0, 0, 0, 0, 0, 0, 0, 0, 0, 0, 0, 0, 0, 1, 1, 1, 1, 1, 1, 1, 1, 1, 1, 1, 1, 1, 1, 1, 1, 1, 1, 1, 1, 1, 1, 1, 1, 1, 1, 1, 1, 1, 1, 1, 1, 1, 1, 1, 1, 1, 1, 1, 1, 1, 1, 1, 1, 1, 1, 1, 1, 1, 1, 1, 1, 1, 1, 1, 1, 1, 1, 1, 1, 1, 1, 1, 1, 1, 1, 1, 1, 1, 1, 1, 1, 1, 1, 1, 1, 1, 1, 1, 1, 1, 1, 1, 1, 1, 1, 1, 1, 1, 1, 1, 1, 1, 1, 1, 1, 1, 1, 1, 1]
shapelet initialized! 

All 3 clinet initialized! 

(26, 2)
(125, 2)
(117, 2)
[0.63212432 1.24088537 1.1269903 ]
Classification: 1.0 0.7918088737201365 0
(26, 2)
(125, 2)
(117, 2)
[0.60974977 1.16508964 1.22516059]
Classification: 1.0 0.8054607508532423 1
Running experiment with dataset: SelfRegulationSCP1, config: ./result/ablation_study/config_SelfRegulationSCP1.yml
/mnt/data/user_liangzhiyu/envs/fedcsl/lib/python3.8/site-packages/scipy/__init__.py:146: UserWarning: A NumPy version >=1.16.5 and <1.23.0 is required for this version of SciPy (detected version 1.23.5
  warnings.warn(f"A NumPy version >={np_minversion} and <{np_maxversion}"
/mnt/data/user_liangzhiyu/envs/fedcsl/lib/python3.8/site-packages/tslearn/bases/bases.py:15: UserWarning: h5py not installed, hdf5 features will not be supported.
Install h5py to use hdf5 features: http://docs.h5py.org/
  warn(h5py_msg)
/mnt/data/user_liangzhiyu/lixiongfei/CSL-main/train.py:392: UserWarning: Creating a tensor from a list of numpy.ndarrays is extremely slow. Please consider converting the list to a single numpy.ndarray with numpy.array() before converting to a tensor. (Triggered internally at /opt/conda/conda-bld/pytorch_1724789259345/work/torch/csrc/utils/tensor_new.cpp:278.)
  X = torch.tensor(X, dtype=torch.float).contiguous()
[0.09514033 0.10277917 0.11127909 0.12035814 0.12964186 0.13872091
 0.14722083 0.15485967]
268
<class 'pandas.core.frame.DataFrame'>
RangeIndex: 268 entries, 0 to 267
Data columns (total 7 columns):
 #   Column      Non-Null Count  Dtype 
---  ------      --------------  ----- 
 0   dim_0       268 non-null    object
 1   dim_1       268 non-null    object
 2   dim_2       268 non-null    object
 3   dim_3       268 non-null    object
 4   dim_4       268 non-null    object
 5   dim_5       268 non-null    object
 6   class_vals  268 non-null    object
dtypes: object(7)
memory usage: 14.8+ KB
None
{896}
<class 'pandas.core.frame.DataFrame'>
RangeIndex: 268 entries, 0 to 267
Data columns (total 7 columns):
 #   Column      Non-Null Count  Dtype 
---  ------      --------------  ----- 
 0   dim_0       268 non-null    object
 1   dim_1       268 non-null    object
 2   dim_2       268 non-null    object
 3   dim_3       268 non-null    object
 4   dim_4       268 non-null    object
 5   dim_5       268 non-null    object
 6   class_vals  268 non-null    object
dtypes: object(7)
memory usage: 14.8+ KB
None
[0 0 0 0 0 0 0 0 0 0 0 0 0 0 0 0 0 0 0 0 0 0 0 0 0 0 0 0 0 0 0 0 0 0 0 0 0
 0 0 0 0 0 0 0 0 0 0 0 0 0 0 0 0 0 0 0 0 0 0 0 0 0 0 0 0 0 0 0 0 0 0 0 0 0
 0 0 0 0 0 0 0 0 0 0 0 0 0 0 0 0 0 0 0 0 0 0 0 0 0 0 0 0 0 0 0 0 0 0 0 0 0
 0 0 0 0 0 0 0 0 0 0 0 0 0 0 0 0 0 0 0 0 0 0 0 0 1 1 1 1 1 1 1 1 1 1 1 1 1
 1 1 1 1 1 1 1 1 1 1 1 1 1 1 1 1 1 1 1 1 1 1 1 1 1 1 1 1 1 1 1 1 1 1 1 1 1
 1 1 1 1 1 1 1 1 1 1 1 1 1 1 1 1 1 1 1 1 1 1 1 1 1 1 1 1 1 1 1 1 1 1 1 1 1
 1 1 1 1 1 1 1 1 1 1 1 1 1 1 1 1 1 1 1 1 1 1 1 1 1 1 1 1 1 1 1 1 1 1 1 1 1
 1 1 1 1 1 1 1 1 1]
[  0   1   2   3   4   5   6   7   8   9  10  11  12 135 136 137 138 139
 140 141 142 143 144 145 146 147]
[0, 0, 0, 0, 0, 0, 0, 0, 0, 0, 0, 0, 0, 1, 1, 1, 1, 1, 1, 1, 1, 1, 1, 1, 1, 1]
[0, 0, 0, 0, 0, 0, 0, 0, 0, 0, 0, 0, 0, 0, 0, 0, 0, 0, 0, 0, 0, 0, 0, 0, 0, 0, 0, 0, 0, 0, 0, 0, 0, 0, 0, 0, 0, 0, 0, 0, 0, 0, 0, 0, 0, 0, 0, 0, 0, 0, 0, 0, 0, 0, 0, 0, 0, 0, 0, 0, 0, 0, 0, 0, 0, 0, 0, 0, 0, 0, 0, 0, 0, 0, 0, 0, 0, 0, 0, 0, 0, 0, 0, 0, 0, 0, 0, 0, 0, 0, 0, 0, 0, 0, 0, 0, 0, 0, 0, 0, 0, 0, 0, 0, 0, 1, 1, 1, 1, 1, 1, 1, 1, 1, 1, 1, 1, 1, 1, 1, 1, 1, 1, 1, 1]
[0, 0, 0, 0, 0, 0, 0, 0, 0, 0, 0, 0, 0, 0, 0, 0, 0, 1, 1, 1, 1, 1, 1, 1, 1, 1, 1, 1, 1, 1, 1, 1, 1, 1, 1, 1, 1, 1, 1, 1, 1, 1, 1, 1, 1, 1, 1, 1, 1, 1, 1, 1, 1, 1, 1, 1, 1, 1, 1, 1, 1, 1, 1, 1, 1, 1, 1, 1, 1, 1, 1, 1, 1, 1, 1, 1, 1, 1, 1, 1, 1, 1, 1, 1, 1, 1, 1, 1, 1, 1, 1, 1, 1, 1, 1, 1, 1, 1, 1, 1, 1, 1, 1, 1, 1, 1, 1, 1, 1, 1, 1, 1, 1, 1, 1, 1, 1]
shapelet initialized! 

All 3 clinet initialized! 

(26, 2)
(125, 2)
(117, 2)
[0.63212432 1.24088537 1.1269903 ]
Classification: 1.0 0.7918088737201365 0
(26, 2)
(125, 2)
(117, 2)
[0.60974977 1.16508964 1.22516059]
Classification: 1.0 0.8054607508532423 1
Running experiment with dataset: SelfRegulationSCP1, config: ./result/ablation_study/config_SelfRegulationSCP1.yml
/mnt/data/user_liangzhiyu/envs/fedcsl/lib/python3.8/site-packages/scipy/__init__.py:146: UserWarning: A NumPy version >=1.16.5 and <1.23.0 is required for this version of SciPy (detected version 1.23.5
  warnings.warn(f"A NumPy version >={np_minversion} and <{np_maxversion}"
/mnt/data/user_liangzhiyu/envs/fedcsl/lib/python3.8/site-packages/tslearn/bases/bases.py:15: UserWarning: h5py not installed, hdf5 features will not be supported.
Install h5py to use hdf5 features: http://docs.h5py.org/
  warn(h5py_msg)
/mnt/data/user_liangzhiyu/lixiongfei/CSL-main/train.py:392: UserWarning: Creating a tensor from a list of numpy.ndarrays is extremely slow. Please consider converting the list to a single numpy.ndarray with numpy.array() before converting to a tensor. (Triggered internally at /opt/conda/conda-bld/pytorch_1724789259345/work/torch/csrc/utils/tensor_new.cpp:278.)
  X = torch.tensor(X, dtype=torch.float).contiguous()
/mnt/data/user_liangzhiyu/envs/fedcsl/lib/python3.8/site-packages/numpy/core/fromnumeric.py:3432: RuntimeWarning: Mean of empty slice.
  return _methods._mean(a, axis=axis, dtype=dtype,
/mnt/data/user_liangzhiyu/envs/fedcsl/lib/python3.8/site-packages/numpy/core/_methods.py:190: RuntimeWarning: invalid value encountered in double_scalars
  ret = ret.dtype.type(ret / rcount)
/mnt/data/user_liangzhiyu/envs/fedcsl/lib/python3.8/site-packages/numpy/core/fromnumeric.py:3432: RuntimeWarning: Mean of empty slice.
  return _methods._mean(a, axis=axis, dtype=dtype,
/mnt/data/user_liangzhiyu/envs/fedcsl/lib/python3.8/site-packages/numpy/core/_methods.py:190: RuntimeWarning: invalid value encountered in double_scalars
  ret = ret.dtype.type(ret / rcount)
/mnt/data/user_liangzhiyu/envs/fedcsl/lib/python3.8/site-packages/numpy/core/fromnumeric.py:3432: RuntimeWarning: Mean of empty slice.
  return _methods._mean(a, axis=axis, dtype=dtype,
/mnt/data/user_liangzhiyu/envs/fedcsl/lib/python3.8/site-packages/numpy/core/_methods.py:190: RuntimeWarning: invalid value encountered in double_scalars
  ret = ret.dtype.type(ret / rcount)
/mnt/data/user_liangzhiyu/envs/fedcsl/lib/python3.8/site-packages/numpy/core/fromnumeric.py:3432: RuntimeWarning: Mean of empty slice.
  return _methods._mean(a, axis=axis, dtype=dtype,
/mnt/data/user_liangzhiyu/envs/fedcsl/lib/python3.8/site-packages/numpy/core/_methods.py:190: RuntimeWarning: invalid value encountered in double_scalars
  ret = ret.dtype.type(ret / rcount)
/mnt/data/user_liangzhiyu/envs/fedcsl/lib/python3.8/site-packages/numpy/core/fromnumeric.py:3432: RuntimeWarning: Mean of empty slice.
  return _methods._mean(a, axis=axis, dtype=dtype,
/mnt/data/user_liangzhiyu/envs/fedcsl/lib/python3.8/site-packages/numpy/core/_methods.py:190: RuntimeWarning: invalid value encountered in double_scalars
  ret = ret.dtype.type(ret / rcount)
/mnt/data/user_liangzhiyu/envs/fedcsl/lib/python3.8/site-packages/numpy/core/fromnumeric.py:3432: RuntimeWarning: Mean of empty slice.
  return _methods._mean(a, axis=axis, dtype=dtype,
/mnt/data/user_liangzhiyu/envs/fedcsl/lib/python3.8/site-packages/numpy/core/_methods.py:190: RuntimeWarning: invalid value encountered in double_scalars
  ret = ret.dtype.type(ret / rcount)
/mnt/data/user_liangzhiyu/envs/fedcsl/lib/python3.8/site-packages/numpy/core/fromnumeric.py:3432: RuntimeWarning: Mean of empty slice.
  return _methods._mean(a, axis=axis, dtype=dtype,
/mnt/data/user_liangzhiyu/envs/fedcsl/lib/python3.8/site-packages/numpy/core/_methods.py:190: RuntimeWarning: invalid value encountered in double_scalars
  ret = ret.dtype.type(ret / rcount)
/mnt/data/user_liangzhiyu/envs/fedcsl/lib/python3.8/site-packages/numpy/core/fromnumeric.py:3432: RuntimeWarning: Mean of empty slice.
  return _methods._mean(a, axis=axis, dtype=dtype,
/mnt/data/user_liangzhiyu/envs/fedcsl/lib/python3.8/site-packages/numpy/core/_methods.py:190: RuntimeWarning: invalid value encountered in double_scalars
  ret = ret.dtype.type(ret / rcount)
/mnt/data/user_liangzhiyu/envs/fedcsl/lib/python3.8/site-packages/numpy/core/fromnumeric.py:3432: RuntimeWarning: Mean of empty slice.
  return _methods._mean(a, axis=axis, dtype=dtype,
/mnt/data/user_liangzhiyu/envs/fedcsl/lib/python3.8/site-packages/numpy/core/_methods.py:190: RuntimeWarning: invalid value encountered in double_scalars
  ret = ret.dtype.type(ret / rcount)
/mnt/data/user_liangzhiyu/envs/fedcsl/lib/python3.8/site-packages/numpy/core/fromnumeric.py:3432: RuntimeWarning: Mean of empty slice.
  return _methods._mean(a, axis=axis, dtype=dtype,
/mnt/data/user_liangzhiyu/envs/fedcsl/lib/python3.8/site-packages/numpy/core/_methods.py:190: RuntimeWarning: invalid value encountered in double_scalars
  ret = ret.dtype.type(ret / rcount)
/mnt/data/user_liangzhiyu/envs/fedcsl/lib/python3.8/site-packages/numpy/core/fromnumeric.py:3432: RuntimeWarning: Mean of empty slice.
  return _methods._mean(a, axis=axis, dtype=dtype,
/mnt/data/user_liangzhiyu/envs/fedcsl/lib/python3.8/site-packages/numpy/core/_methods.py:190: RuntimeWarning: invalid value encountered in double_scalars
  ret = ret.dtype.type(ret / rcount)
/mnt/data/user_liangzhiyu/envs/fedcsl/lib/python3.8/site-packages/numpy/core/fromnumeric.py:3432: RuntimeWarning: Mean of empty slice.
  return _methods._mean(a, axis=axis, dtype=dtype,
/mnt/data/user_liangzhiyu/envs/fedcsl/lib/python3.8/site-packages/numpy/core/_methods.py:190: RuntimeWarning: invalid value encountered in double_scalars
  ret = ret.dtype.type(ret / rcount)
/mnt/data/user_liangzhiyu/envs/fedcsl/lib/python3.8/site-packages/numpy/core/fromnumeric.py:3432: RuntimeWarning: Mean of empty slice.
  return _methods._mean(a, axis=axis, dtype=dtype,
/mnt/data/user_liangzhiyu/envs/fedcsl/lib/python3.8/site-packages/numpy/core/_methods.py:190: RuntimeWarning: invalid value encountered in double_scalars
  ret = ret.dtype.type(ret / rcount)
/mnt/data/user_liangzhiyu/envs/fedcsl/lib/python3.8/site-packages/numpy/core/fromnumeric.py:3432: RuntimeWarning: Mean of empty slice.
  return _methods._mean(a, axis=axis, dtype=dtype,
/mnt/data/user_liangzhiyu/envs/fedcsl/lib/python3.8/site-packages/numpy/core/_methods.py:190: RuntimeWarning: invalid value encountered in double_scalars
  ret = ret.dtype.type(ret / rcount)
/mnt/data/user_liangzhiyu/envs/fedcsl/lib/python3.8/site-packages/numpy/core/fromnumeric.py:3432: RuntimeWarning: Mean of empty slice.
  return _methods._mean(a, axis=axis, dtype=dtype,
/mnt/data/user_liangzhiyu/envs/fedcsl/lib/python3.8/site-packages/numpy/core/_methods.py:190: RuntimeWarning: invalid value encountered in double_scalars
  ret = ret.dtype.type(ret / rcount)
/mnt/data/user_liangzhiyu/envs/fedcsl/lib/python3.8/site-packages/numpy/core/fromnumeric.py:3432: RuntimeWarning: Mean of empty slice.
  return _methods._mean(a, axis=axis, dtype=dtype,
/mnt/data/user_liangzhiyu/envs/fedcsl/lib/python3.8/site-packages/numpy/core/_methods.py:190: RuntimeWarning: invalid value encountered in double_scalars
  ret = ret.dtype.type(ret / rcount)
/mnt/data/user_liangzhiyu/envs/fedcsl/lib/python3.8/site-packages/numpy/core/fromnumeric.py:3432: RuntimeWarning: Mean of empty slice.
  return _methods._mean(a, axis=axis, dtype=dtype,
/mnt/data/user_liangzhiyu/envs/fedcsl/lib/python3.8/site-packages/numpy/core/_methods.py:190: RuntimeWarning: invalid value encountered in double_scalars
  ret = ret.dtype.type(ret / rcount)
/mnt/data/user_liangzhiyu/envs/fedcsl/lib/python3.8/site-packages/numpy/core/fromnumeric.py:3432: RuntimeWarning: Mean of empty slice.
  return _methods._mean(a, axis=axis, dtype=dtype,
/mnt/data/user_liangzhiyu/envs/fedcsl/lib/python3.8/site-packages/numpy/core/_methods.py:190: RuntimeWarning: invalid value encountered in double_scalars
  ret = ret.dtype.type(ret / rcount)
/mnt/data/user_liangzhiyu/envs/fedcsl/lib/python3.8/site-packages/numpy/core/fromnumeric.py:3432: RuntimeWarning: Mean of empty slice.
  return _methods._mean(a, axis=axis, dtype=dtype,
/mnt/data/user_liangzhiyu/envs/fedcsl/lib/python3.8/site-packages/numpy/core/_methods.py:190: RuntimeWarning: invalid value encountered in double_scalars
  ret = ret.dtype.type(ret / rcount)
/mnt/data/user_liangzhiyu/envs/fedcsl/lib/python3.8/site-packages/numpy/core/fromnumeric.py:3432: RuntimeWarning: Mean of empty slice.
  return _methods._mean(a, axis=axis, dtype=dtype,
/mnt/data/user_liangzhiyu/envs/fedcsl/lib/python3.8/site-packages/numpy/core/_methods.py:190: RuntimeWarning: invalid value encountered in double_scalars
  ret = ret.dtype.type(ret / rcount)
/mnt/data/user_liangzhiyu/envs/fedcsl/lib/python3.8/site-packages/numpy/core/fromnumeric.py:3432: RuntimeWarning: Mean of empty slice.
  return _methods._mean(a, axis=axis, dtype=dtype,
/mnt/data/user_liangzhiyu/envs/fedcsl/lib/python3.8/site-packages/numpy/core/_methods.py:190: RuntimeWarning: invalid value encountered in double_scalars
  ret = ret.dtype.type(ret / rcount)
/mnt/data/user_liangzhiyu/envs/fedcsl/lib/python3.8/site-packages/numpy/core/fromnumeric.py:3432: RuntimeWarning: Mean of empty slice.
  return _methods._mean(a, axis=axis, dtype=dtype,
/mnt/data/user_liangzhiyu/envs/fedcsl/lib/python3.8/site-packages/numpy/core/_methods.py:190: RuntimeWarning: invalid value encountered in double_scalars
  ret = ret.dtype.type(ret / rcount)
/mnt/data/user_liangzhiyu/envs/fedcsl/lib/python3.8/site-packages/numpy/core/fromnumeric.py:3432: RuntimeWarning: Mean of empty slice.
  return _methods._mean(a, axis=axis, dtype=dtype,
/mnt/data/user_liangzhiyu/envs/fedcsl/lib/python3.8/site-packages/numpy/core/_methods.py:190: RuntimeWarning: invalid value encountered in double_scalars
  ret = ret.dtype.type(ret / rcount)
/mnt/data/user_liangzhiyu/envs/fedcsl/lib/python3.8/site-packages/numpy/core/fromnumeric.py:3432: RuntimeWarning: Mean of empty slice.
  return _methods._mean(a, axis=axis, dtype=dtype,
/mnt/data/user_liangzhiyu/envs/fedcsl/lib/python3.8/site-packages/numpy/core/_methods.py:190: RuntimeWarning: invalid value encountered in double_scalars
  ret = ret.dtype.type(ret / rcount)
/mnt/data/user_liangzhiyu/envs/fedcsl/lib/python3.8/site-packages/numpy/core/fromnumeric.py:3432: RuntimeWarning: Mean of empty slice.
  return _methods._mean(a, axis=axis, dtype=dtype,
/mnt/data/user_liangzhiyu/envs/fedcsl/lib/python3.8/site-packages/numpy/core/_methods.py:190: RuntimeWarning: invalid value encountered in double_scalars
  ret = ret.dtype.type(ret / rcount)
/mnt/data/user_liangzhiyu/envs/fedcsl/lib/python3.8/site-packages/numpy/core/fromnumeric.py:3432: RuntimeWarning: Mean of empty slice.
  return _methods._mean(a, axis=axis, dtype=dtype,
/mnt/data/user_liangzhiyu/envs/fedcsl/lib/python3.8/site-packages/numpy/core/_methods.py:190: RuntimeWarning: invalid value encountered in double_scalars
  ret = ret.dtype.type(ret / rcount)
/mnt/data/user_liangzhiyu/envs/fedcsl/lib/python3.8/site-packages/numpy/core/fromnumeric.py:3432: RuntimeWarning: Mean of empty slice.
  return _methods._mean(a, axis=axis, dtype=dtype,
/mnt/data/user_liangzhiyu/envs/fedcsl/lib/python3.8/site-packages/numpy/core/_methods.py:190: RuntimeWarning: invalid value encountered in double_scalars
  ret = ret.dtype.type(ret / rcount)
/mnt/data/user_liangzhiyu/envs/fedcsl/lib/python3.8/site-packages/numpy/core/fromnumeric.py:3432: RuntimeWarning: Mean of empty slice.
  return _methods._mean(a, axis=axis, dtype=dtype,
/mnt/data/user_liangzhiyu/envs/fedcsl/lib/python3.8/site-packages/numpy/core/_methods.py:190: RuntimeWarning: invalid value encountered in double_scalars
  ret = ret.dtype.type(ret / rcount)
/mnt/data/user_liangzhiyu/envs/fedcsl/lib/python3.8/site-packages/numpy/core/fromnumeric.py:3432: RuntimeWarning: Mean of empty slice.
  return _methods._mean(a, axis=axis, dtype=dtype,
/mnt/data/user_liangzhiyu/envs/fedcsl/lib/python3.8/site-packages/numpy/core/_methods.py:190: RuntimeWarning: invalid value encountered in double_scalars
  ret = ret.dtype.type(ret / rcount)
/mnt/data/user_liangzhiyu/envs/fedcsl/lib/python3.8/site-packages/numpy/core/fromnumeric.py:3432: RuntimeWarning: Mean of empty slice.
  return _methods._mean(a, axis=axis, dtype=dtype,
/mnt/data/user_liangzhiyu/envs/fedcsl/lib/python3.8/site-packages/numpy/core/_methods.py:190: RuntimeWarning: invalid value encountered in double_scalars
  ret = ret.dtype.type(ret / rcount)
/mnt/data/user_liangzhiyu/envs/fedcsl/lib/python3.8/site-packages/numpy/core/fromnumeric.py:3432: RuntimeWarning: Mean of empty slice.
  return _methods._mean(a, axis=axis, dtype=dtype,
/mnt/data/user_liangzhiyu/envs/fedcsl/lib/python3.8/site-packages/numpy/core/_methods.py:190: RuntimeWarning: invalid value encountered in double_scalars
  ret = ret.dtype.type(ret / rcount)
/mnt/data/user_liangzhiyu/envs/fedcsl/lib/python3.8/site-packages/numpy/core/fromnumeric.py:3432: RuntimeWarning: Mean of empty slice.
  return _methods._mean(a, axis=axis, dtype=dtype,
/mnt/data/user_liangzhiyu/envs/fedcsl/lib/python3.8/site-packages/numpy/core/_methods.py:190: RuntimeWarning: invalid value encountered in double_scalars
  ret = ret.dtype.type(ret / rcount)
/mnt/data/user_liangzhiyu/envs/fedcsl/lib/python3.8/site-packages/numpy/core/fromnumeric.py:3432: RuntimeWarning: Mean of empty slice.
  return _methods._mean(a, axis=axis, dtype=dtype,
/mnt/data/user_liangzhiyu/envs/fedcsl/lib/python3.8/site-packages/numpy/core/_methods.py:190: RuntimeWarning: invalid value encountered in double_scalars
  ret = ret.dtype.type(ret / rcount)
/mnt/data/user_liangzhiyu/envs/fedcsl/lib/python3.8/site-packages/numpy/core/fromnumeric.py:3432: RuntimeWarning: Mean of empty slice.
  return _methods._mean(a, axis=axis, dtype=dtype,
/mnt/data/user_liangzhiyu/envs/fedcsl/lib/python3.8/site-packages/numpy/core/_methods.py:190: RuntimeWarning: invalid value encountered in double_scalars
  ret = ret.dtype.type(ret / rcount)
/mnt/data/user_liangzhiyu/envs/fedcsl/lib/python3.8/site-packages/numpy/core/fromnumeric.py:3432: RuntimeWarning: Mean of empty slice.
  return _methods._mean(a, axis=axis, dtype=dtype,
/mnt/data/user_liangzhiyu/envs/fedcsl/lib/python3.8/site-packages/numpy/core/_methods.py:190: RuntimeWarning: invalid value encountered in double_scalars
  ret = ret.dtype.type(ret / rcount)
/mnt/data/user_liangzhiyu/envs/fedcsl/lib/python3.8/site-packages/numpy/core/fromnumeric.py:3432: RuntimeWarning: Mean of empty slice.
  return _methods._mean(a, axis=axis, dtype=dtype,
/mnt/data/user_liangzhiyu/envs/fedcsl/lib/python3.8/site-packages/numpy/core/_methods.py:190: RuntimeWarning: invalid value encountered in double_scalars
  ret = ret.dtype.type(ret / rcount)
/mnt/data/user_liangzhiyu/envs/fedcsl/lib/python3.8/site-packages/numpy/core/fromnumeric.py:3432: RuntimeWarning: Mean of empty slice.
  return _methods._mean(a, axis=axis, dtype=dtype,
/mnt/data/user_liangzhiyu/envs/fedcsl/lib/python3.8/site-packages/numpy/core/_methods.py:190: RuntimeWarning: invalid value encountered in double_scalars
  ret = ret.dtype.type(ret / rcount)
/mnt/data/user_liangzhiyu/envs/fedcsl/lib/python3.8/site-packages/numpy/core/fromnumeric.py:3432: RuntimeWarning: Mean of empty slice.
  return _methods._mean(a, axis=axis, dtype=dtype,
/mnt/data/user_liangzhiyu/envs/fedcsl/lib/python3.8/site-packages/numpy/core/_methods.py:190: RuntimeWarning: invalid value encountered in double_scalars
  ret = ret.dtype.type(ret / rcount)
/mnt/data/user_liangzhiyu/envs/fedcsl/lib/python3.8/site-packages/numpy/core/fromnumeric.py:3432: RuntimeWarning: Mean of empty slice.
  return _methods._mean(a, axis=axis, dtype=dtype,
/mnt/data/user_liangzhiyu/envs/fedcsl/lib/python3.8/site-packages/numpy/core/_methods.py:190: RuntimeWarning: invalid value encountered in double_scalars
  ret = ret.dtype.type(ret / rcount)
/mnt/data/user_liangzhiyu/envs/fedcsl/lib/python3.8/site-packages/numpy/core/fromnumeric.py:3432: RuntimeWarning: Mean of empty slice.
  return _methods._mean(a, axis=axis, dtype=dtype,
/mnt/data/user_liangzhiyu/envs/fedcsl/lib/python3.8/site-packages/numpy/core/_methods.py:190: RuntimeWarning: invalid value encountered in double_scalars
  ret = ret.dtype.type(ret / rcount)
/mnt/data/user_liangzhiyu/envs/fedcsl/lib/python3.8/site-packages/numpy/core/fromnumeric.py:3432: RuntimeWarning: Mean of empty slice.
  return _methods._mean(a, axis=axis, dtype=dtype,
Running experiment with dataset: SelfRegulationSCP1, config: ./result/ablation_study/config_SelfRegulationSCP1.yml
[0.09514033 0.10277917 0.11127909 0.12035814 0.12964186 0.13872091
 0.14722083 0.15485967]
268
<class 'pandas.core.frame.DataFrame'>
RangeIndex: 268 entries, 0 to 267
Data columns (total 7 columns):
 #   Column      Non-Null Count  Dtype 
---  ------      --------------  ----- 
 0   dim_0       268 non-null    object
 1   dim_1       268 non-null    object
 2   dim_2       268 non-null    object
 3   dim_3       268 non-null    object
 4   dim_4       268 non-null    object
 5   dim_5       268 non-null    object
 6   class_vals  268 non-null    object
dtypes: object(7)
memory usage: 14.8+ KB
None
{896}
<class 'pandas.core.frame.DataFrame'>
RangeIndex: 268 entries, 0 to 267
Data columns (total 7 columns):
 #   Column      Non-Null Count  Dtype 
---  ------      --------------  ----- 
 0   dim_0       268 non-null    object
 1   dim_1       268 non-null    object
 2   dim_2       268 non-null    object
 3   dim_3       268 non-null    object
 4   dim_4       268 non-null    object
 5   dim_5       268 non-null    object
 6   class_vals  268 non-null    object
dtypes: object(7)
memory usage: 14.8+ KB
None
[0 0 0 0 0 0 0 0 0 0 0 0 0 0 0 0 0 0 0 0 0 0 0 0 0 0 0 0 0 0 0 0 0 0 0 0 0
 0 0 0 0 0 0 0 0 0 0 0 0 0 0 0 0 0 0 0 0 0 0 0 0 0 0 0 0 0 0 0 0 0 0 0 0 0
 0 0 0 0 0 0 0 0 0 0 0 0 0 0 0 0 0 0 0 0 0 0 0 0 0 0 0 0 0 0 0 0 0 0 0 0 0
 0 0 0 0 0 0 0 0 0 0 0 0 0 0 0 0 0 0 0 0 0 0 0 0 1 1 1 1 1 1 1 1 1 1 1 1 1
 1 1 1 1 1 1 1 1 1 1 1 1 1 1 1 1 1 1 1 1 1 1 1 1 1 1 1 1 1 1 1 1 1 1 1 1 1
 1 1 1 1 1 1 1 1 1 1 1 1 1 1 1 1 1 1 1 1 1 1 1 1 1 1 1 1 1 1 1 1 1 1 1 1 1
 1 1 1 1 1 1 1 1 1 1 1 1 1 1 1 1 1 1 1 1 1 1 1 1 1 1 1 1 1 1 1 1 1 1 1 1 1
 1 1 1 1 1 1 1 1 1]
[  0   1   2   3   4   5   6   7   8   9  10  11  12 135 136 137 138 139
 140 141 142 143 144 145 146 147]
[0, 0, 0, 0, 0, 0, 0, 0, 0, 0, 0, 0, 0, 1, 1, 1, 1, 1, 1, 1, 1, 1, 1, 1, 1, 1]
[0, 0, 0, 0, 0, 0, 0, 0, 0, 0, 0, 0, 0, 0, 0, 0, 0, 0, 0, 0, 0, 0, 0, 0, 0, 0, 0, 0, 0, 0, 0, 0, 0, 0, 0, 0, 0, 0, 0, 0, 0, 0, 0, 0, 0, 0, 0, 0, 0, 0, 0, 0, 0, 0, 0, 0, 0, 0, 0, 0, 0, 0, 0, 0, 0, 0, 0, 0, 0, 0, 0, 0, 0, 0, 0, 0, 0, 0, 0, 0, 0, 0, 0, 0, 0, 0, 0, 0, 0, 0, 0, 0, 0, 0, 0, 0, 0, 0, 0, 0, 0, 0, 0, 0, 0, 1, 1, 1, 1, 1, 1, 1, 1, 1, 1, 1, 1, 1, 1, 1, 1, 1, 1, 1, 1]
[0, 0, 0, 0, 0, 0, 0, 0, 0, 0, 0, 0, 0, 0, 0, 0, 0, 1, 1, 1, 1, 1, 1, 1, 1, 1, 1, 1, 1, 1, 1, 1, 1, 1, 1, 1, 1, 1, 1, 1, 1, 1, 1, 1, 1, 1, 1, 1, 1, 1, 1, 1, 1, 1, 1, 1, 1, 1, 1, 1, 1, 1, 1, 1, 1, 1, 1, 1, 1, 1, 1, 1, 1, 1, 1, 1, 1, 1, 1, 1, 1, 1, 1, 1, 1, 1, 1, 1, 1, 1, 1, 1, 1, 1, 1, 1, 1, 1, 1, 1, 1, 1, 1, 1, 1, 1, 1, 1, 1, 1, 1, 1, 1, 1, 1, 1, 1]
shapelet initialized! 

All 3 clinet initialized! 

(26, 2)
(125, 2)
(117, 2)
[0.63212432 1.24088537 1.1269903 ]
Classification: 1.0 0.7918088737201365 0
(26, 2)
(125, 2)
(117, 2)
[0.60974977 1.16508964 1.22516059]
Classification: 1.0 0.8054607508532423 1
(26, 2)
(125, 2)
(117, 2)
[0.68631299 1.1788578  1.13482921]
Classification: 1.0 0.8020477815699659 2
(26, 2)
(125, 2)
(117, 2)
[0.78487879 1.08092025 1.13420096]
Classification: 1.0 0.8020477815699659 3
(26, 2)
(125, 2)
(117, 2)
[1.04373572 0.9379447  1.01831958]
Classification: 1.0 0.8088737201365188 4
(26, 2)
(125, 2)
(117, 2)
[1.08556551 0.94902049 0.965414  ]
Classification: 1.0 0.8054607508532423 5
(26, 2)
(125, 2)
(117, 2)
[1.06765003 0.91016352 1.02218645]
Classification: 1.0 0.8054607508532423 6
(26, 2)
(125, 2)
(117, 2)
[1.07044811 0.88585631 1.04369558]
Classification: 1.0 0.8054607508532423 7
(26, 2)
(125, 2)
(117, 2)
[1.0054713  0.88296702 1.11156168]
Classification: 1.0 0.8020477815699659 8
(26, 2)
(125, 2)
(117, 2)
[1.04381491 0.8535804  1.10260469]
Classification: 1.0 0.8020477815699659 9
(26, 2)
(125, 2)
(117, 2)
[1.02311425 0.81259121 1.16429454]
Classification: 1.0 0.8020477815699659 10
(26, 2)
(125, 2)
(117, 2)
[1.08011024 0.75633464 1.16355512]
Classification: 1.0 0.8020477815699659 11
(26, 2)
(125, 2)
(117, 2)
[1.0421097  0.86201268 1.09587762]
Classification: 1.0 0.7986348122866894 12
(26, 2)
(125, 2)
(117, 2)
[0.9888629  0.82038896 1.19074814]
Classification: 1.0 0.8020477815699659 13
(26, 2)
(125, 2)
(117, 2)
[0.92756169 0.89752079 1.17491752]
Classification: 1.0 0.8020477815699659 14
(26, 2)
(125, 2)
(117, 2)
[0.96296752 0.90146567 1.1355668 ]
Classification: 1.0 0.8020477815699659 15
(26, 2)
(125, 2)
(117, 2)
[1.0080008  0.91779071 1.07420849]
Classification: 1.0 0.8020477815699659 16
(26, 2)
(125, 2)
(117, 2)
[0.93492257 0.98679579 1.07828164]
Classification: 1.0 0.8020477815699659 17
(26, 2)
(125, 2)
(117, 2)
[0.96930852 0.95920175 1.07148972]
Classification: 1.0 0.8020477815699659 18
(26, 2)
(125, 2)
(117, 2)
[1.00889585 0.94824615 1.042858  ]
Classification: 1.0 0.8020477815699659 19
(26, 2)
(125, 2)
(117, 2)
[1.06794247 0.90420878 1.02784875]
Classification: 1.0 0.8020477815699659 20
(26, 2)
(125, 2)
(117, 2)
[1.06513864 0.89936894 1.03549243]
Classification: 1.0 0.8020477815699659 21
(26, 2)
(125, 2)
(117, 2)
[1.06328809 0.95081483 0.98589708]
Classification: 1.0 0.8054607508532423 22
(26, 2)
(125, 2)
(117, 2)
[0.99946885 0.93765808 1.06287307]
Classification: 1.0 0.8054607508532423 23
(26, 2)
(125, 2)
(117, 2)
[1.02972939 0.99584364 0.97442697]
Classification: 1.0 0.8054607508532423 24
(26, 2)
(125, 2)
(117, 2)
[1.06220821 0.96231094 0.97548085]
Classification: 1.0 0.8054607508532423 25
(26, 2)
(125, 2)
(117, 2)
[1.10402659 0.96660476 0.92936865]
Classification: 1.0 0.8054607508532423 26
(26, 2)
(125, 2)
(117, 2)
[1.14592209 0.88533778 0.96874013]
Classification: 1.0 0.8054607508532423 27
(26, 2)
(125, 2)
(117, 2)
[1.11881848 0.90031247 0.98086905]
Classification: 1.0 0.8054607508532423 28
(26, 2)
(125, 2)
(117, 2)
[1.11138919 0.88949387 0.99911694]
Classification: 1.0 0.8054607508532423 29
(26, 2)
(125, 2)
(117, 2)
[1.12226932 0.902705   0.97502568]
Classification: 1.0 0.8088737201365188 30
(26, 2)
(125, 2)
(117, 2)
[1.07340231 0.91185773 1.01473996]
Classification: 1.0 0.8054607508532423 31
(26, 2)
(125, 2)
(117, 2)
[1.12940972 0.97795854 0.89263174]
Classification: 1.0 0.8122866894197952 32
(26, 2)
(125, 2)
(117, 2)
[1.12199596 0.96706241 0.91094163]
Classification: 1.0 0.8122866894197952 33
(26, 2)
(125, 2)
(117, 2)
[1.11130953 1.00688275 0.88180772]
Classification: 1.0 0.8122866894197952 34
(26, 2)
(125, 2)
(117, 2)
[1.10794027 1.00650035 0.88555938]
Classification: 1.0 0.8088737201365188 35
(26, 2)
(125, 2)
(117, 2)
[1.06746818 1.04609402 0.8864378 ]
Classification: 1.0 0.8088737201365188 36
(26, 2)
(125, 2)
(117, 2)
[1.09301086 1.04049757 0.86649157]
Classification: 1.0 0.8122866894197952 37
(26, 2)
(125, 2)
(117, 2)
[1.09847982 1.04015526 0.86136492]
Classification: 1.0 0.8088737201365188 38
(26, 2)
(125, 2)
(117, 2)
[1.1165299  1.00313646 0.88033364]
Classification: 1.0 0.8088737201365188 39
(26, 2)
(125, 2)
(117, 2)
[1.09247324 1.02750488 0.88002188]
Classification: 1.0 0.8088737201365188 40
(26, 2)
(125, 2)
(117, 2)
[1.11495004 1.04641394 0.83863601]
Classification: 1.0 0.8122866894197952 41
(26, 2)
(125, 2)
(117, 2)
[1.0441764  1.06093044 0.89489316]
Classification: 1.0 0.8122866894197952 42
(26, 2)
(125, 2)
(117, 2)
[1.02763949 1.06453601 0.90782451]
Classification: 1.0 0.8088737201365188 43
(26, 2)
(125, 2)
(117, 2)
[1.10931711 1.03737732 0.85330558]
Classification: 1.0 0.8122866894197952 44
(26, 2)
(125, 2)
(117, 2)
[1.05640017 1.08136767 0.86223217]
Classification: 1.0 0.8122866894197952 45
(26, 2)
(125, 2)
(117, 2)
[0.9995719  1.11913058 0.88129752]
Classification: 1.0 0.8122866894197952 46
(26, 2)
(125, 2)
(117, 2)
[0.99436719 1.19913933 0.80649348]
Classification: 1.0 0.8122866894197952 47
(26, 2)
(125, 2)
(117, 2)
[0.96949775 1.1309016  0.89960065]
Classification: 1.0 0.8122866894197952 48
(26, 2)
(125, 2)
(117, 2)
[0.93066627 1.13884868 0.93048505]
Classification: 1.0 0.8122866894197952 49
(26, 2)
(125, 2)
(117, 2)
[0.95803416 1.17444622 0.86751962]
Classification: 1.0 0.8122866894197952 50
(26, 2)
(125, 2)
(117, 2)
[0.94851641 1.20741474 0.84406885]
Classification: 1.0 0.8122866894197952 51
(26, 2)
(125, 2)
(117, 2)
[0.96527418 1.18927487 0.84545095]
Classification: 1.0 0.8122866894197952 52
(26, 2)
(125, 2)
(117, 2)
[0.93589142 1.23666192 0.82744666]
Classification: 1.0 0.8122866894197952 53
(26, 2)
(125, 2)
(117, 2)
[0.91966028 1.25393618 0.82640353]
Classification: 1.0 0.8088737201365188 54
(26, 2)
(125, 2)
(117, 2)
[0.94713987 1.23058675 0.82227338]
Classification: 1.0 0.8122866894197952 55
(26, 2)
(125, 2)
(117, 2)
[0.90649973 1.22282071 0.87067955]
Classification: 1.0 0.8122866894197952 56
(26, 2)
(125, 2)
(117, 2)
[0.91958985 1.28231482 0.79809533]
Classification: 1.0 0.8088737201365188 57
(26, 2)
(125, 2)
(117, 2)
[0.90962276 1.2569635  0.83341373]
Classification: 1.0 0.8122866894197952 58
(26, 2)
(125, 2)
(117, 2)
[0.90221489 1.20598855 0.89179657]
Classification: 1.0 0.8054607508532423 59
(26, 2)
(125, 2)
(117, 2)
[0.90859886 1.18162318 0.90977796]
Classification: 1.0 0.8088737201365188 60
(26, 2)
(125, 2)
(117, 2)
[0.93310387 1.13204998 0.93484616]
Classification: 1.0 0.8020477815699659 61
(26, 2)
(125, 2)
(117, 2)
[0.92558369 1.13860762 0.9358087 ]
Classification: 1.0 0.8020477815699659 62
(26, 2)
(125, 2)
(117, 2)
[0.91505715 1.18979727 0.89514559]
Classification: 1.0 0.8020477815699659 63
(26, 2)
(125, 2)
(117, 2)
[0.93194778 1.1604433  0.90760892]
Classification: 1.0 0.8020477815699659 64
(26, 2)
(125, 2)
(117, 2)
[0.98096771 1.10084149 0.9181908 ]
Classification: 1.0 0.8020477815699659 65
(26, 2)
(125, 2)
(117, 2)
[0.99918873 1.0594144  0.94139687]
Classification: 1.0 0.7986348122866894 66
(26, 2)
(125, 2)
(117, 2)
[0.95773036 1.12876067 0.91350897]
Classification: 1.0 0.7986348122866894 67
(26, 2)
(125, 2)
(117, 2)
[0.98480332 1.15955674 0.85563994]
Classification: 1.0 0.7986348122866894 68
(26, 2)
(125, 2)
(117, 2)
[0.98541178 1.15660381 0.85798441]
Classification: 1.0 0.8020477815699659 69
(26, 2)
(125, 2)
(117, 2)
[0.963794   1.14155022 0.89465578]
Classification: 1.0 0.7986348122866894 70
(26, 2)
(125, 2)
(117, 2)
[1.01206026 1.14061229 0.84732745]
Classification: 1.0 0.7986348122866894 71
(26, 2)
(125, 2)
(117, 2)
[0.9722179  1.11732341 0.91045869]
Classification: 1.0 0.7952218430034129 72
(26, 2)
(125, 2)
(117, 2)
[0.95929714 1.1015415  0.93916137]
Classification: 1.0 0.7952218430034129 73
(26, 2)
(125, 2)
(117, 2)
[0.93784695 1.09908112 0.96307194]
Classification: 1.0 0.7952218430034129 74
(26, 2)
(125, 2)
(117, 2)
[0.93804419 1.03037029 1.03158552]
Classification: 1.0 0.7986348122866894 75
(26, 2)
(125, 2)
(117, 2)
[0.92901848 1.08622745 0.98475406]
Classification: 1.0 0.7918088737201365 76
(26, 2)
(125, 2)
(117, 2)
[0.90157706 1.14544862 0.95297431]
Classification: 1.0 0.7986348122866894 77
(26, 2)
(125, 2)
(117, 2)
[0.87220619 1.17675701 0.9510368 ]
Classification: 1.0 0.7986348122866894 78
(26, 2)
(125, 2)
(117, 2)
[0.87771688 1.1983669  0.92391622]
Classification: 1.0 0.7986348122866894 79
(26, 2)
(125, 2)
(117, 2)
[0.86657214 1.20083012 0.93259775]
Classification: 1.0 0.7952218430034129 80
(26, 2)
(125, 2)
(117, 2)
[0.85337453 1.18873814 0.95788733]
Classification: 1.0 0.7952218430034129 81
(26, 2)
(125, 2)
(117, 2)
[0.8992742  1.15124836 0.94947744]
Classification: 1.0 0.7986348122866894 82
(26, 2)
(125, 2)
(117, 2)
[0.89540984 1.13777411 0.96681605]
Classification: 1.0 0.7918088737201365 83
(26, 2)
(125, 2)
(117, 2)
[0.86959298 1.13846536 0.99194166]
Classification: 1.0 0.7952218430034129 84
(26, 2)
(125, 2)
(117, 2)
[0.86739857 1.1340377  0.99856372]
Classification: 1.0 0.7986348122866894 85
(26, 2)
(125, 2)
(117, 2)
[0.90423636 1.11193781 0.98382583]
Classification: 1.0 0.78839590443686 86
(26, 2)
(125, 2)
(117, 2)
[0.92214488 1.1211169  0.95673822]
Classification: 1.0 0.7918088737201365 87
(26, 2)
(125, 2)
(117, 2)
[0.87332605 1.10049633 1.02617762]
Classification: 1.0 0.7918088737201365 88
(26, 2)
(125, 2)
(117, 2)
[0.85152061 1.10157873 1.04690066]
Classification: 1.0 0.7918088737201365 89
(26, 2)
(125, 2)
(117, 2)
[0.89041816 1.12463401 0.98494783]
Classification: 1.0 0.8020477815699659 90
(26, 2)
(125, 2)
(117, 2)
[0.86187824 1.12975348 1.00836828]
Classification: 1.0 0.7952218430034129 91
(26, 2)
(125, 2)
(117, 2)
[0.81899615 1.16229798 1.01870587]
Classification: 1.0 0.7952218430034129 92
(26, 2)
(125, 2)
(117, 2)
[0.79672542 1.18835638 1.0149182 ]
Classification: 1.0 0.8020477815699659 93
(26, 2)
(125, 2)
(117, 2)
[0.76567841 1.23392698 1.00039461]
Classification: 1.0 0.7986348122866894 94
(26, 2)
(125, 2)
(117, 2)
[0.77533609 1.20931661 1.0153473 ]
Classification: 1.0 0.7952218430034129 95
(26, 2)
(125, 2)
(117, 2)
[0.83934888 1.16944823 0.99120289]
Classification: 1.0 0.7986348122866894 96
(26, 2)
(125, 2)
(117, 2)
[0.82796242 1.17958402 0.99245356]
Classification: 1.0 0.7952218430034129 97
(26, 2)
(125, 2)
(117, 2)
[0.81731738 1.19352361 0.98915901]
Classification: 1.0 0.7986348122866894 98
(26, 2)
(125, 2)
(117, 2)
[0.83565911 1.20527738 0.95906351]
Classification: 1.0 0.7986348122866894 99
(26, 2)
(125, 2)
(117, 2)
[0.84739422 1.11393938 1.0386664 ]
Classification: 1.0 0.8020477815699659 100
(26, 2)
(125, 2)
(117, 2)
[0.82735765 1.11701635 1.055626  ]
Classification: 1.0 0.8020477815699659 101
(26, 2)
(125, 2)
(117, 2)
[0.7955705  1.17062591 1.03380359]
Classification: 1.0 0.7986348122866894 102
(26, 2)
(125, 2)
(117, 2)
[0.78891791 1.11612693 1.09495516]
Classification: 1.0 0.8054607508532423 103
(26, 2)
(125, 2)
(117, 2)
[0.78273065 1.1430966  1.07417275]
Classification: 1.0 0.8088737201365188 104
(26, 2)
(125, 2)
(117, 2)
[0.82395309 1.1200736  1.05597331]
Classification: 1.0 0.8088737201365188 105
(26, 2)
(125, 2)
(117, 2)
[0.79953403 1.17027449 1.03019148]
Classification: 1.0 0.8088737201365188 106
(26, 2)
(125, 2)
(117, 2)
[0.84176283 1.14547498 1.01276219]
Classification: 1.0 0.8054607508532423 107
(26, 2)
(125, 2)
(117, 2)
[0.81131792 1.15869408 1.029988  ]
Classification: 1.0 0.8054607508532423 108
(26, 2)
(125, 2)
(117, 2)
[0.84830368 1.14271498 1.00898133]
Classification: 1.0 0.8020477815699659 109
(26, 2)
(125, 2)
(117, 2)
[0.82649255 1.17403811 0.99946934]
Classification: 1.0 0.7986348122866894 110
(26, 2)
(125, 2)
(117, 2)
[0.83241196 1.13224975 1.03533829]
Classification: 1.0 0.7986348122866894 111
(26, 2)
(125, 2)
(117, 2)
[0.86775286 1.12420031 1.00804683]
Classification: 1.0 0.8054607508532423 112
(26, 2)
(125, 2)
(117, 2)
[0.82549863 1.092673   1.08182837]
Classification: 1.0 0.8054607508532423 113
(26, 2)
(125, 2)
(117, 2)
[0.80208812 1.13447113 1.06344075]
Classification: 1.0 0.8122866894197952 114
(26, 2)
(125, 2)
(117, 2)
[0.83937612 1.10493742 1.05568646]
Classification: 1.0 0.8088737201365188 115
(26, 2)
(125, 2)
(117, 2)
[0.84124208 1.10423703 1.05452089]
Classification: 1.0 0.8054607508532423 116
(26, 2)
(125, 2)
(117, 2)
[0.85882399 1.10096686 1.04020915]
Classification: 1.0 0.7986348122866894 117
(26, 2)
(125, 2)
(117, 2)
[0.85041249 1.10188291 1.0477046 ]
Classification: 1.0 0.8088737201365188 118
(26, 2)
(125, 2)
(117, 2)
[0.8297566  1.12779645 1.04244695]
Classification: 1.0 0.8020477815699659 119
(26, 2)
(125, 2)
(117, 2)
[0.85493503 1.12733519 1.01772977]
Classification: 1.0 0.7986348122866894 120
(26, 2)
(125, 2)
(117, 2)
[0.82838491 1.15609785 1.01551724]
Classification: 1.0 0.8054607508532423 121
(26, 2)
(125, 2)
(117, 2)
[0.82692885 1.12546819 1.04760296]
Classification: 1.0 0.8088737201365188 122
(26, 2)
(125, 2)
(117, 2)
[0.82944331 1.1711307  0.99942598]
Classification: 1.0 0.8088737201365188 123
(26, 2)
(125, 2)
(117, 2)
[0.81156931 1.18550188 1.00292881]
Classification: 1.0 0.8054607508532423 124
(26, 2)
(125, 2)
(117, 2)
[0.82448095 1.19441032 0.98110873]
Classification: 1.0 0.8054607508532423 125
(26, 2)
(125, 2)
(117, 2)
[0.83511465 1.13776436 1.02712099]
Classification: 1.0 0.8020477815699659 126
(26, 2)
(125, 2)
(117, 2)
[0.80240461 1.13194079 1.0656546 ]
Classification: 1.0 0.8020477815699659 127
(26, 2)
(125, 2)
(117, 2)
[0.83971761 1.10883285 1.05144953]
Classification: 1.0 0.8020477815699659 128
(26, 2)
(125, 2)
(117, 2)
[0.80441975 1.16705762 1.02852263]
Classification: 1.0 0.8020477815699659 129
(26, 2)
(125, 2)
(117, 2)
[0.81771677 1.11793654 1.06434669]
Classification: 1.0 0.8054607508532423 130
(26, 2)
(125, 2)
(117, 2)
[0.79925681 1.15189031 1.04885288]
Classification: 1.0 0.7986348122866894 131
(26, 2)
(125, 2)
(117, 2)
[0.81788893 1.14027511 1.04183596]
Classification: 1.0 0.7986348122866894 132
(26, 2)
(125, 2)
(117, 2)
[0.83223968 1.15656413 1.01119619]
Classification: 1.0 0.8020477815699659 133
(26, 2)
(125, 2)
(117, 2)
[0.86054958 1.14895518 0.99049523]
Classification: 1.0 0.8020477815699659 134
(26, 2)
(125, 2)
(117, 2)
[0.80989999 1.1990814  0.99101861]
Classification: 1.0 0.8054607508532423 135
(26, 2)
(125, 2)
(117, 2)
[0.81017088 1.17581495 1.01401417]
Classification: 1.0 0.8020477815699659 136
(26, 2)
(125, 2)
(117, 2)
[0.80536853 1.19540856 0.99922291]
Classification: 1.0 0.8054607508532423 137
(26, 2)
(125, 2)
(117, 2)
[0.79588331 1.2090222  0.99509449]
Classification: 1.0 0.8088737201365188 138
(26, 2)
(125, 2)
(117, 2)
[0.76973226 1.1844489  1.04581884]
Classification: 1.0 0.8122866894197952 139
(26, 2)
(125, 2)
(117, 2)
[0.79062465 1.21058546 0.99878989]
Classification: 1.0 0.8122866894197952 140
(26, 2)
(125, 2)
(117, 2)
[0.7364302  1.22743245 1.03613735]
Classification: 1.0 0.8020477815699659 141
(26, 2)
(125, 2)
(117, 2)
[0.72150193 1.20329655 1.07520152]
Classification: 1.0 0.8088737201365188 142
(26, 2)
(125, 2)
(117, 2)
[0.72046665 1.24893095 1.0306024 ]
Classification: 1.0 0.8054607508532423 143
(26, 2)
(125, 2)
(117, 2)
[0.75012446 1.21963704 1.0302385 ]
Classification: 1.0 0.8122866894197952 144
(26, 2)
(125, 2)
(117, 2)
[0.74500608 1.22262855 1.03236536]
Classification: 1.0 0.8088737201365188 145
(26, 2)
(125, 2)
(117, 2)
[0.75293933 1.21581946 1.03124121]
Classification: 1.0 0.8088737201365188 146
(26, 2)
(125, 2)
(117, 2)
[0.7432049  1.24031867 1.01647643]
Classification: 1.0 0.8122866894197952 147
(26, 2)
(125, 2)
(117, 2)
[0.75961569 1.2415639  0.99882041]
Classification: 1.0 0.8122866894197952 148
(26, 2)
(125, 2)
(117, 2)
[0.74897241 1.2538546  0.99717299]
Classification: 1.0 0.8088737201365188 149
(26, 2)
(125, 2)
(117, 2)
[0.74662941 1.25845321 0.99491738]
Classification: 1.0 0.8054607508532423 150
(26, 2)
(125, 2)
(117, 2)
[0.77179028 1.2340786  0.99413113]
Classification: 1.0 0.8088737201365188 151
(26, 2)
(125, 2)
(117, 2)
[0.80001452 1.17558118 1.0244043 ]
Classification: 1.0 0.8020477815699659 152
(26, 2)
(125, 2)
(117, 2)
[0.8022161  1.20219435 0.99558955]
Classification: 1.0 0.8122866894197952 153
(26, 2)
(125, 2)
(117, 2)
[0.85230474 1.1998933  0.94780196]
Classification: 1.0 0.8156996587030717 154
(26, 2)
(125, 2)
(117, 2)
[0.82922521 1.18916482 0.98160997]
Classification: 1.0 0.8088737201365188 155
(26, 2)
(125, 2)
(117, 2)
[0.79591804 1.18104396 1.023038  ]
Classification: 1.0 0.8054607508532423 156
(26, 2)
(125, 2)
(117, 2)
[0.79741683 1.19024608 1.01233709]
Classification: 1.0 0.8054607508532423 157
(26, 2)
(125, 2)
(117, 2)
[0.82161851 1.21627531 0.96210618]
Classification: 1.0 0.7986348122866894 158
(26, 2)
(125, 2)
(117, 2)
[0.79627764 1.19322878 1.01049358]
Classification: 1.0 0.8088737201365188 159
(26, 2)
(125, 2)
(117, 2)
[0.80205475 1.22621021 0.97173504]
Classification: 1.0 0.8054607508532423 160
(26, 2)
(125, 2)
(117, 2)
[0.78128411 1.22949464 0.98922125]
Classification: 1.0 0.8020477815699659 161
(26, 2)
(125, 2)
(117, 2)
[0.79397767 1.21971395 0.98630838]
Classification: 1.0 0.8054607508532423 162
(26, 2)
(125, 2)
(117, 2)
[0.75421565 1.23743429 1.00835005]
Classification: 1.0 0.8020477815699659 163
(26, 2)
(125, 2)
(117, 2)
[0.71548666 1.27942892 1.00508442]
Classification: 1.0 0.7952218430034129 164
(26, 2)
(125, 2)
(117, 2)
[0.72598657 1.27056299 1.00345044]
Classification: 1.0 0.7952218430034129 165
(26, 2)
(125, 2)
(117, 2)
[0.70668098 1.28215168 1.01116734]
Classification: 1.0 0.7986348122866894 166
(26, 2)
(125, 2)
(117, 2)
[0.7129981  1.27440346 1.01259844]
Classification: 1.0 0.8020477815699659 167
(26, 2)
(125, 2)
(117, 2)
[0.69197658 1.29280392 1.0152195 ]
Classification: 1.0 0.7986348122866894 168
(26, 2)
(125, 2)
(117, 2)
[0.71322885 1.30135182 0.98541933]
Classification: 1.0 0.7986348122866894 169
(26, 2)
(125, 2)
(117, 2)
[0.72358518 1.28962709 0.98678773]
Classification: 1.0 0.7918088737201365 170
(26, 2)
(125, 2)
(117, 2)
[0.71009182 1.26153352 1.02837466]
Classification: 1.0 0.7918088737201365 171
(26, 2)
(125, 2)
(117, 2)
[0.72101078 1.25225638 1.02673284]
Classification: 1.0 0.7952218430034129 172
(26, 2)
(125, 2)
(117, 2)
[0.74079526 1.27320044 0.9860043 ]
Classification: 1.0 0.8054607508532423 173
(26, 2)
(125, 2)
(117, 2)
[0.70794457 1.30433957 0.98771586]
Classification: 1.0 0.7986348122866894 174
(26, 2)
(125, 2)
(117, 2)
[0.72812485 1.33476256 0.9371126 ]
Classification: 1.0 0.8020477815699659 175
(26, 2)
(125, 2)
(117, 2)
[0.70851841 1.31633765 0.97514394]
Classification: 1.0 0.7986348122866894 176
(26, 2)
(125, 2)
(117, 2)
[0.7265571  1.26810958 1.00533332]
Classification: 1.0 0.7952218430034129 177
(26, 2)
(125, 2)
(117, 2)
[0.71867826 1.31246056 0.96886119]
Classification: 1.0 0.7952218430034129 178
(26, 2)
(125, 2)
(117, 2)
[0.73201887 1.30062078 0.96736035]
Classification: 1.0 0.7952218430034129 179
(26, 2)
(125, 2)
(117, 2)
[0.72351176 1.3051759  0.97131234]
Classification: 1.0 0.7952218430034129 180
(26, 2)
(125, 2)
(117, 2)
[0.75789731 1.2922885  0.94981419]
Classification: 1.0 0.7986348122866894 181
(26, 2)
(125, 2)
(117, 2)
[0.73346855 1.31332003 0.95321142]
Classification: 1.0 0.7952218430034129 182
(26, 2)
(125, 2)
(117, 2)
[0.74551416 1.30405668 0.95042915]
Classification: 1.0 0.7918088737201365 183
(26, 2)
(125, 2)
(117, 2)
[0.81296306 1.28759185 0.89944509]
Classification: 1.0 0.78839590443686 184
(26, 2)
(125, 2)
(117, 2)
[0.78930149 1.26012326 0.95057525]
Classification: 1.0 0.7918088737201365 185
(26, 2)
(125, 2)
(117, 2)
[0.74389031 1.30229229 0.9538174 ]
Classification: 1.0 0.7918088737201365 186
(26, 2)
(125, 2)
(117, 2)
[0.74432648 1.28116061 0.97451291]
Classification: 1.0 0.7986348122866894 187
(26, 2)
(125, 2)
(117, 2)
[0.73952048 1.28367933 0.97680018]
Classification: 1.0 0.8020477815699659 188
(26, 2)
(125, 2)
(117, 2)
[0.76405258 1.30080892 0.93513849]
Classification: 1.0 0.8020477815699659 189
(26, 2)
(125, 2)
(117, 2)
[0.74429488 1.26296552 0.9927396 ]
Classification: 1.0 0.8020477815699659 190
(26, 2)
(125, 2)
(117, 2)
[0.76194235 1.24881026 0.9892474 ]
Classification: 1.0 0.7986348122866894 191
(26, 2)
(125, 2)
(117, 2)
[0.7616151  1.24118248 0.99720242]
Classification: 1.0 0.8020477815699659 192
(26, 2)
(125, 2)
(117, 2)
[0.76010094 1.28343286 0.9564662 ]
Classification: 1.0 0.7986348122866894 193
(26, 2)
(125, 2)
(117, 2)
[0.75328804 1.25080825 0.99590371]
Classification: 1.0 0.7986348122866894 194
(26, 2)
(125, 2)
(117, 2)
[0.77627671 1.2912706  0.93245269]
Classification: 1.0 0.7986348122866894 195
(26, 2)
(125, 2)
(117, 2)
[0.7649958  1.25487536 0.98012884]
Classification: 1.0 0.8020477815699659 196
(26, 2)
(125, 2)
(117, 2)
[0.76688329 1.26264481 0.9704719 ]
Classification: 1.0 0.7986348122866894 197
(26, 2)
(125, 2)
(117, 2)
[0.75126323 1.28101874 0.96771803]
Classification: 1.0 0.7952218430034129 198
(26, 2)
(125, 2)
(117, 2)
[0.77193325 1.2213192  1.00674755]
Classification: 1.0 0.7986348122866894 199
(26, 2)
(125, 2)
(117, 2)
[0.77748401 1.23339244 0.98912355]
Classification: 1.0 0.7952218430034129 200
(26, 2)
(125, 2)
(117, 2)
[0.79351287 1.22150444 0.98498269]
Classification: 1.0 0.7986348122866894 201
(26, 2)
(125, 2)
(117, 2)
[0.81903848 1.20125756 0.97970396]
Classification: 1.0 0.7918088737201365 202
(26, 2)
(125, 2)
(117, 2)
[0.80781551 1.21772973 0.97445475]
Classification: 1.0 0.7952218430034129 203
(26, 2)
(125, 2)
(117, 2)
[0.8000221  1.24623439 0.95374351]
Classification: 1.0 0.7918088737201365 204
(26, 2)
(125, 2)
(117, 2)
[0.7883708  1.24612588 0.96550332]
Classification: 1.0 0.7918088737201365 205
(26, 2)
(125, 2)
(117, 2)
[0.76623622 1.20732116 1.02644262]
Classification: 1.0 0.7918088737201365 206
(26, 2)
(125, 2)
(117, 2)
[0.78458526 1.22747354 0.9879412 ]
Classification: 1.0 0.7918088737201365 207
(26, 2)
(125, 2)
(117, 2)
[0.71657989 1.27722609 1.00619402]
Classification: 1.0 0.7952218430034129 208
(26, 2)
(125, 2)
(117, 2)
[0.74932016 1.26207508 0.98860476]
Classification: 1.0 0.7952218430034129 209
(26, 2)
(125, 2)
(117, 2)
[0.72486891 1.2401243  1.0350068 ]
Classification: 1.0 0.7918088737201365 210
(26, 2)
(125, 2)
(117, 2)
[0.73561141 1.2271888  1.03719979]
Classification: 1.0 0.7918088737201365 211
(26, 2)
(125, 2)
(117, 2)
[0.70471878 1.22975932 1.06552189]
Classification: 1.0 0.7952218430034129 212
(26, 2)
(125, 2)
(117, 2)
[0.68074055 1.24815346 1.071106  ]
Classification: 1.0 0.7918088737201365 213
(26, 2)
(125, 2)
(117, 2)
[0.68251047 1.25752202 1.05996752]
Classification: 1.0 0.7918088737201365 214
(26, 2)
(125, 2)
(117, 2)
[0.71873309 1.24851406 1.03275285]
Classification: 1.0 0.7918088737201365 215
(26, 2)
(125, 2)
(117, 2)
[0.73176062 1.24551852 1.02272086]
Classification: 1.0 0.7918088737201365 216
(26, 2)
(125, 2)
(117, 2)
[0.72417128 1.28374969 0.99207903]
Classification: 1.0 0.7918088737201365 217
(26, 2)
(125, 2)
(117, 2)
[0.70226947 1.27410716 1.02362337]
Classification: 1.0 0.7918088737201365 218
(26, 2)
(125, 2)
(117, 2)
[0.71955992 1.26354033 1.01689976]
Classification: 1.0 0.7918088737201365 219
(26, 2)
(125, 2)
(117, 2)
[0.71055445 1.27286087 1.01658467]
Classification: 1.0 0.7918088737201365 220
(26, 2)
(125, 2)
(117, 2)
[0.69041505 1.26278147 1.04680348]
Classification: 1.0 0.7952218430034129 221
(26, 2)
(125, 2)
(117, 2)
[0.704021   1.29027634 1.00570266]
Classification: 1.0 0.7918088737201365 222
(26, 2)
(125, 2)
(117, 2)
[0.66903053 1.30885168 1.02211779]
Classification: 1.0 0.7952218430034129 223
(26, 2)
(125, 2)
(117, 2)
[0.6753747  1.28945369 1.03517161]
Classification: 1.0 0.7918088737201365 224
(26, 2)
(125, 2)
(117, 2)
[0.71558757 1.29373067 0.99068176]
Classification: 1.0 0.7952218430034129 225
(26, 2)
(125, 2)
(117, 2)
[0.70652126 1.26620115 1.02727759]
Classification: 1.0 0.7918088737201365 226
(26, 2)
(125, 2)
(117, 2)
[0.72112834 1.2616713  1.01720036]
Classification: 1.0 0.7952218430034129 227
(26, 2)
(125, 2)
(117, 2)
[0.72977199 1.26439854 1.00582947]
Classification: 1.0 0.7952218430034129 228
(26, 2)
(125, 2)
(117, 2)
[0.73815675 1.22228366 1.0395596 ]
Classification: 1.0 0.7952218430034129 229
(26, 2)
(125, 2)
(117, 2)
[0.7220781  1.26650947 1.01141243]
Classification: 1.0 0.7952218430034129 230
(26, 2)
(125, 2)
(117, 2)
[0.68717349 1.28224643 1.03058009]
Classification: 1.0 0.7952218430034129 231
(26, 2)
(125, 2)
(117, 2)
[0.69703591 1.23503122 1.06793286]
Classification: 1.0 0.7952218430034129 232
(26, 2)
(125, 2)
(117, 2)
[0.77661689 1.23914256 0.98424055]
Classification: 1.0 0.8020477815699659 233
(26, 2)
(125, 2)
(117, 2)
[0.78737535 1.19285451 1.01977014]
Classification: 1.0 0.8020477815699659 234
(26, 2)
(125, 2)
(117, 2)
[0.78508197 1.19136815 1.02354989]
Classification: 1.0 0.7986348122866894 235
(26, 2)
(125, 2)
(117, 2)
[0.7668805  1.20833312 1.02478639]
Classification: 1.0 0.7986348122866894 236
(26, 2)
(125, 2)
(117, 2)
[0.75312446 1.20101076 1.04586478]
Classification: 1.0 0.8020477815699659 237
(26, 2)
(125, 2)
(117, 2)
[0.72237422 1.21884142 1.05878436]
Classification: 1.0 0.7986348122866894 238
(26, 2)
(125, 2)
(117, 2)
[0.74479702 1.23958145 1.01562153]
Classification: 1.0 0.7952218430034129 239
(26, 2)
(125, 2)
(117, 2)
[0.73118987 1.21897886 1.04983127]
Classification: 1.0 0.8054607508532423 240
(26, 2)
(125, 2)
(117, 2)
[0.72105715 1.24299164 1.03595122]
Classification: 1.0 0.8020477815699659 241
(26, 2)
(125, 2)
(117, 2)
[0.71458505 1.24769514 1.03771981]
Classification: 1.0 0.8054607508532423 242
(26, 2)
(125, 2)
(117, 2)
[0.73956375 1.23360625 1.02683001]
Classification: 1.0 0.8020477815699659 243
(26, 2)
(125, 2)
(117, 2)
[0.71477753 1.24775224 1.03747024]
Classification: 1.0 0.8020477815699659 244
(26, 2)
(125, 2)
(117, 2)
[0.71232757 1.24008262 1.04758981]
Classification: 1.0 0.8020477815699659 245
(26, 2)
(125, 2)
(117, 2)
[0.70965204 1.22340716 1.0669408 ]
Classification: 1.0 0.8020477815699659 246
(26, 2)
(125, 2)
(117, 2)
[0.71801866 1.22418077 1.05780057]
Classification: 1.0 0.7986348122866894 247
(26, 2)
(125, 2)
(117, 2)
[0.73421798 1.19799274 1.06778927]
Classification: 1.0 0.8054607508532423 248
(26, 2)
(125, 2)
(117, 2)
[0.72126549 1.23335845 1.04537605]
Classification: 1.0 0.8020477815699659 249
(26, 2)
(125, 2)
(117, 2)
[0.73370127 1.23593911 1.03035962]
Classification: 1.0 0.8020477815699659 250
(26, 2)
(125, 2)
(117, 2)
[0.754521   1.22799597 1.01748303]
Classification: 1.0 0.8020477815699659 251
(26, 2)
(125, 2)
(117, 2)
[0.70880295 1.28558731 1.00560974]
Classification: 1.0 0.8020477815699659 252
(26, 2)
(125, 2)
(117, 2)
[0.68804432 1.27713492 1.03482076]
Classification: 1.0 0.8020477815699659 253
(26, 2)
(125, 2)
(117, 2)
[0.70038298 1.26600792 1.0336091 ]
Classification: 1.0 0.8020477815699659 254
(26, 2)
(125, 2)
(117, 2)
[0.680057   1.25245549 1.06748751]
Classification: 1.0 0.8020477815699659 255
(26, 2)
(125, 2)
(117, 2)
[0.69241827 1.23853695 1.06904478]
Classification: 1.0 0.8054607508532423 256
(26, 2)
(125, 2)
(117, 2)
[0.69839676 1.2915963  1.01000694]
Classification: 1.0 0.8020477815699659 257
(26, 2)
(125, 2)
(117, 2)
[0.70507315 1.27672535 1.0182015 ]
Classification: 1.0 0.8054607508532423 258
(26, 2)
(125, 2)
(117, 2)
[0.69980263 1.27626751 1.02392986]
Classification: 1.0 0.8020477815699659 259
(26, 2)
(125, 2)
(117, 2)
[0.67881796 1.27971534 1.0414667 ]
Classification: 1.0 0.8054607508532423 260
(26, 2)
(125, 2)
(117, 2)
[0.69957675 1.27573252 1.02469073]
Classification: 1.0 0.8020477815699659 261
(26, 2)
(125, 2)
(117, 2)
[0.70557933 1.30408809 0.99033259]
Classification: 1.0 0.8020477815699659 262
(26, 2)
(125, 2)
(117, 2)
[0.72304173 1.2836599  0.99329838]
Classification: 1.0 0.8020477815699659 263
(26, 2)
(125, 2)
(117, 2)
[0.72226002 1.24263982 1.03510015]
Classification: 1.0 0.8020477815699659 264
(26, 2)
(125, 2)
(117, 2)
[0.71609879 1.26935838 1.01454283]
Classification: 1.0 0.7986348122866894 265
(26, 2)
(125, 2)
(117, 2)
[0.72733463 1.27017883 1.00248654]
Classification: 1.0 0.8020477815699659 266
(26, 2)
(125, 2)
(117, 2)
[0.75186239 1.21379103 1.03434658]
Classification: 1.0 0.8020477815699659 267
(26, 2)
(125, 2)
(117, 2)
[0.8154822  1.20841281 0.97610499]
Classification: 1.0 0.8020477815699659 268
(26, 2)
(125, 2)
(117, 2)
[0.80784268 1.23717513 0.9549822 ]
Classification: 1.0 0.8020477815699659 269
(26, 2)
(125, 2)
(117, 2)
[0.76732464 1.22358661 1.00908875]
Classification: 1.0 0.8020477815699659 270
(26, 2)
(125, 2)
(117, 2)
[0.75429586 1.23551898 1.01018516]
Classification: 1.0 0.8054607508532423 271
(26, 2)
(125, 2)
(117, 2)
[0.72432112 1.27117328 1.0045056 ]
Classification: 1.0 0.8054607508532423 272
(26, 2)
(125, 2)
(117, 2)
[0.71887055 1.27680341 1.00432604]
Classification: 1.0 0.8054607508532423 273
(26, 2)
(125, 2)
(117, 2)
[0.7266658 1.2768105 0.9965237]
Classification: 1.0 0.8054607508532423 274
(26, 2)
(125, 2)
(117, 2)
[0.75447297 1.28952507 0.95600196]
Classification: 1.0 0.8054607508532423 275
(26, 2)
(125, 2)
(117, 2)
[0.72799212 1.22595705 1.04605083]
Classification: 1.0 0.8054607508532423 276
(26, 2)
(125, 2)
(117, 2)
[0.70944677 1.27823863 1.0123146 ]
Classification: 1.0 0.8054607508532423 277
(26, 2)
(125, 2)
(117, 2)
[0.68718189 1.23573179 1.07708632]
Classification: 1.0 0.8088737201365188 278
(26, 2)
(125, 2)
(117, 2)
[0.73224901 1.20191364 1.06583736]
Classification: 1.0 0.8088737201365188 279
(26, 2)
(125, 2)
(117, 2)
[0.75803549 1.2002014  1.0417631 ]
Classification: 1.0 0.8054607508532423 280
(26, 2)
(125, 2)
(117, 2)
[0.73064584 1.17427285 1.09508131]
Classification: 1.0 0.8054607508532423 281
(26, 2)
(125, 2)
(117, 2)
[0.71557596 1.1993191  1.08510494]
Classification: 1.0 0.8054607508532423 282
(26, 2)
(125, 2)
(117, 2)
[0.72506745 1.20412069 1.07081186]
Classification: 1.0 0.8054607508532423 283
(26, 2)
(125, 2)
(117, 2)
[0.72718544 1.2220208  1.05079376]
Classification: 1.0 0.8054607508532423 284
(26, 2)
(125, 2)
(117, 2)
[0.71730228 1.22725402 1.0554437 ]
Classification: 1.0 0.8054607508532423 285
(26, 2)
(125, 2)
(117, 2)
[0.71868376 1.22759409 1.05372215]
Classification: 1.0 0.8020477815699659 286
(26, 2)
(125, 2)
(117, 2)
[0.75413861 1.17188784 1.07397355]
Classification: 1.0 0.8054607508532423 287
(26, 2)
(125, 2)
(117, 2)
[0.72714391 1.21192243 1.06093366]
Classification: 1.0 0.8020477815699659 288
(26, 2)
(125, 2)
(117, 2)
[0.72241233 1.20459574 1.07299193]
Classification: 1.0 0.8054607508532423 289
(26, 2)
(125, 2)
(117, 2)
[0.6751198  1.26061336 1.06426685]
Classification: 1.0 0.8054607508532423 290
(26, 2)
(125, 2)
(117, 2)
[0.65956676 1.20793011 1.13250314]
Classification: 1.0 0.8054607508532423 291
(26, 2)
(125, 2)
(117, 2)
[0.7104908  1.21487766 1.07463154]
Classification: 1.0 0.8020477815699659 292
(26, 2)
(125, 2)
(117, 2)
[0.72892154 1.20232887 1.06874959]
Classification: 1.0 0.8054607508532423 293
(26, 2)
(125, 2)
(117, 2)
[0.70160105 1.1970232  1.10137575]
Classification: 1.0 0.8054607508532423 294
(26, 2)
(125, 2)
(117, 2)
[0.71750063 1.21229837 1.070201  ]
Classification: 1.0 0.7986348122866894 295
(26, 2)
(125, 2)
(117, 2)
[0.72133065 1.19530531 1.08336404]
Classification: 1.0 0.8054607508532423 296
(26, 2)
(125, 2)
(117, 2)
[0.74043078 1.19538164 1.06418759]
Classification: 1.0 0.8054607508532423 297
(26, 2)
(125, 2)
(117, 2)
[0.72964407 1.21072698 1.05962895]
Classification: 1.0 0.8054607508532423 298
(26, 2)
(125, 2)
(117, 2)
[0.707524   1.26003664 1.03243936]
Classification: 1.0 0.8054607508532423 299
(26, 2)
(125, 2)
(117, 2)
[0.72192974 1.23742408 1.04064618]
Classification: 1.0 0.8054607508532423 300
(26, 2)
(125, 2)
(117, 2)
[0.75387413 1.20994654 1.03617933]
Classification: 1.0 0.8054607508532423 301
(26, 2)
(125, 2)
(117, 2)
[0.72212153 1.25104161 1.02683686]
Classification: 1.0 0.8020477815699659 302
(26, 2)
(125, 2)
(117, 2)
[0.7577167  1.22223703 1.02004627]
Classification: 1.0 0.8020477815699659 303
(26, 2)
(125, 2)
(117, 2)
[0.73285528 1.22552417 1.04162055]
Classification: 1.0 0.8020477815699659 304
(26, 2)
(125, 2)
(117, 2)
[0.73662827 1.21606792 1.04730381]
Classification: 1.0 0.8020477815699659 305
(26, 2)
(125, 2)
(117, 2)
[0.74639322 1.22685876 1.02674801]
Classification: 1.0 0.8088737201365188 306
(26, 2)
(125, 2)
(117, 2)
[0.72913247 1.2325625  1.03830503]
Classification: 1.0 0.8054607508532423 307
(26, 2)
(125, 2)
(117, 2)
[0.72210029 1.23117128 1.04672844]
Classification: 1.0 0.8020477815699659 308
(26, 2)
(125, 2)
(117, 2)
[0.72097233 1.2284458  1.05058187]
Classification: 1.0 0.8020477815699659 309
(26, 2)
(125, 2)
(117, 2)
[0.70978563 1.20602226 1.08419211]
Classification: 1.0 0.8054607508532423 310
(26, 2)
(125, 2)
(117, 2)
[0.70881222 1.22676446 1.06442332]
Classification: 1.0 0.8020477815699659 311
(26, 2)
(125, 2)
(117, 2)
[0.74680566 1.16262357 1.09057076]
Classification: 1.0 0.8088737201365188 312
(26, 2)
(125, 2)
(117, 2)
[0.77466926 1.19483135 1.03049939]
Classification: 1.0 0.8054607508532423 313
(26, 2)
(125, 2)
(117, 2)
[0.69985192 1.21726295 1.08288513]
Classification: 1.0 0.7986348122866894 314
(26, 2)
(125, 2)
(117, 2)
[0.73155203 1.22046651 1.04798146]
Classification: 1.0 0.8054607508532423 315
(26, 2)
(125, 2)
(117, 2)
[0.71109249 1.24779455 1.04111296]
Classification: 1.0 0.8054607508532423 316
(26, 2)
(125, 2)
(117, 2)
[0.72098416 1.22528232 1.05373352]
Classification: 1.0 0.8054607508532423 317
(26, 2)
(125, 2)
(117, 2)
[0.74053589 1.24876797 1.01069614]
Classification: 1.0 0.8088737201365188 318
(26, 2)
(125, 2)
(117, 2)
[0.7825471  1.18968208 1.02777082]
Classification: 1.0 0.8088737201365188 319
(26, 2)
(125, 2)
(117, 2)
[0.79118409 1.18914082 1.01967509]
Classification: 1.0 0.8088737201365188 320
(26, 2)
(125, 2)
(117, 2)
[0.78226362 1.23016163 0.98757475]
Classification: 1.0 0.8122866894197952 321
(26, 2)
(125, 2)
(117, 2)
[0.79493215 1.20303805 1.0020298 ]
Classification: 1.0 0.8054607508532423 322
(26, 2)
(125, 2)
(117, 2)
[0.75504772 1.17525636 1.06969592]
Classification: 1.0 0.8054607508532423 323
(26, 2)
(125, 2)
(117, 2)
[0.79936003 1.18218341 1.01845656]
Classification: 1.0 0.8088737201365188 324
(26, 2)
(125, 2)
(117, 2)
[0.7558087  1.26161903 0.98257227]
Classification: 1.0 0.8122866894197952 325
(26, 2)
(125, 2)
(117, 2)
[0.76393335 1.23684212 0.99922454]
Classification: 1.0 0.8088737201365188 326
(26, 2)
(125, 2)
(117, 2)
[0.75785145 1.18886653 1.05328202]
Classification: 1.0 0.8054607508532423 327
(26, 2)
(125, 2)
(117, 2)
[0.78913682 1.13886032 1.07200286]
Classification: 1.0 0.8054607508532423 328
(26, 2)
(125, 2)
(117, 2)
[0.83165704 1.18964952 0.97869343]
Classification: 1.0 0.8020477815699659 329
(26, 2)
(125, 2)
(117, 2)
[0.79660576 1.14822212 1.05517213]
Classification: 1.0 0.8088737201365188 330
(26, 2)
(125, 2)
(117, 2)
[0.79212085 1.19085064 1.01702851]
Classification: 1.0 0.8088737201365188 331
(26, 2)
(125, 2)
(117, 2)
[0.77604699 1.19969525 1.02425776]
Classification: 1.0 0.8020477815699659 332
(26, 2)
(125, 2)
(117, 2)
[0.7930481  1.13663483 1.07031707]
Classification: 1.0 0.8054607508532423 333
(26, 2)
(125, 2)
(117, 2)
[0.80515415 1.14098513 1.05386072]
Classification: 1.0 0.8088737201365188 334
(26, 2)
(125, 2)
(117, 2)
[0.79339006 1.16493691 1.04167303]
Classification: 1.0 0.8088737201365188 335
(26, 2)
(125, 2)
(117, 2)
[0.81392886 1.15213314 1.03393801]
Classification: 1.0 0.8088737201365188 336
(26, 2)
(125, 2)
(117, 2)
[0.78682284 1.15981173 1.05336543]
Classification: 1.0 0.8122866894197952 337
(26, 2)
(125, 2)
(117, 2)
[0.794495   1.13630655 1.06919844]
Classification: 1.0 0.8054607508532423 338
(26, 2)
(125, 2)
(117, 2)
[0.80999505 1.12706052 1.06294443]
Classification: 1.0 0.8054607508532423 339
(26, 2)
(125, 2)
(117, 2)
[0.7963582  1.16567997 1.03796183]
Classification: 1.0 0.8122866894197952 340
(26, 2)
(125, 2)
(117, 2)
[0.78993578 1.16155058 1.04851364]
Classification: 1.0 0.8122866894197952 341
(26, 2)
(125, 2)
(117, 2)
[0.76693618 1.18706509 1.04599873]
Classification: 1.0 0.8122866894197952 342
(26, 2)
(125, 2)
(117, 2)
[0.7606584  1.15446696 1.08487464]
Classification: 1.0 0.8088737201365188 343
(26, 2)
(125, 2)
(117, 2)
[0.78179018 1.18193208 1.03627774]
Classification: 1.0 0.8088737201365188 344
(26, 2)
(125, 2)
(117, 2)
[0.80933686 1.15225999 1.03840315]
Classification: 1.0 0.8054607508532423 345
(26, 2)
(125, 2)
(117, 2)
[0.8015686  1.11836386 1.08006754]
Classification: 1.0 0.8156996587030717 346
(26, 2)
(125, 2)
(117, 2)
[0.79373112 1.14047477 1.06579411]
Classification: 1.0 0.8054607508532423 347
(26, 2)
(125, 2)
(117, 2)
[0.78171465 1.09733669 1.12094866]
Classification: 1.0 0.8088737201365188 348
(26, 2)
(125, 2)
(117, 2)
[0.81264966 1.12488068 1.06246966]
Classification: 1.0 0.8088737201365188 349
(26, 2)
(125, 2)
(117, 2)
[0.80390286 1.16285437 1.03324278]
Classification: 1.0 0.8122866894197952 350
(26, 2)
(125, 2)
(117, 2)
[0.79646734 1.14861756 1.0549151 ]
Classification: 1.0 0.8088737201365188 351
(26, 2)
(125, 2)
(117, 2)
[0.83209433 1.16920402 0.99870164]
Classification: 1.0 0.8088737201365188 352
(26, 2)
(125, 2)
(117, 2)
[0.78403676 1.19455475 1.02140849]
Classification: 1.0 0.8122866894197952 353
(26, 2)
(125, 2)
(117, 2)
[0.80404352 1.18203777 1.0139187 ]
Classification: 1.0 0.8122866894197952 354
(26, 2)
(125, 2)
(117, 2)
[0.82683881 1.19978219 0.973379  ]
Classification: 1.0 0.8054607508532423 355
(26, 2)
(125, 2)
(117, 2)
[0.81858791 1.21585524 0.96555685]
Classification: 1.0 0.8088737201365188 356
(26, 2)
(125, 2)
(117, 2)
[0.81857786 1.2189557  0.96246644]
Classification: 1.0 0.8020477815699659 357
(26, 2)
(125, 2)
(117, 2)
[0.82296666 1.20046618 0.97656715]
Classification: 1.0 0.8054607508532423 358
(26, 2)
(125, 2)
(117, 2)
[0.80659126 1.18431869 1.00909004]
Classification: 1.0 0.8054607508532423 359
(26, 2)
(125, 2)
(117, 2)
[0.8601256  1.15235518 0.98751922]
Classification: 1.0 0.8088737201365188 360
(26, 2)
(125, 2)
(117, 2)
[0.84887244 1.16192501 0.98920255]
Classification: 1.0 0.8054607508532423 361
(26, 2)
(125, 2)
(117, 2)
[0.80951049 1.15854381 1.0319457 ]
Classification: 1.0 0.8088737201365188 362
(26, 2)
(125, 2)
(117, 2)
[0.79531625 1.16918738 1.03549638]
Classification: 1.0 0.8020477815699659 363
(26, 2)
(125, 2)
(117, 2)
[0.80726592 1.15995633 1.03277775]
Classification: 1.0 0.8020477815699659 364
(26, 2)
(125, 2)
(117, 2)
[0.80469469 1.14074323 1.05456208]
Classification: 1.0 0.8054607508532423 365
(26, 2)
(125, 2)
(117, 2)
[0.80266742 1.18385164 1.01348093]
Classification: 1.0 0.8020477815699659 366
(26, 2)
(125, 2)
(117, 2)
[0.79728442 1.20222433 1.00049125]
Classification: 1.0 0.8088737201365188 367
(26, 2)
(125, 2)
(117, 2)
[0.81131166 1.18172533 1.00696301]
Classification: 1.0 0.8054607508532423 368
(26, 2)
(125, 2)
(117, 2)
[0.82352876 1.17966534 0.9968059 ]
Classification: 1.0 0.8054607508532423 369
(26, 2)
(125, 2)
(117, 2)
[0.83556541 1.15899464 1.00543995]
Classification: 1.0 0.8088737201365188 370
(26, 2)
(125, 2)
(117, 2)
[0.83541277 1.1585602  1.00602702]
Classification: 1.0 0.8088737201365188 371
(26, 2)
(125, 2)
(117, 2)
[0.82598797 1.10961989 1.06439214]
Classification: 1.0 0.8054607508532423 372
(26, 2)
(125, 2)
(117, 2)
[0.85205887 1.1500567  0.99788443]
Classification: 1.0 0.8054607508532423 373
(26, 2)
(125, 2)
(117, 2)
[0.85035192 1.10507328 1.0445748 ]
Classification: 1.0 0.8122866894197952 374
(26, 2)
(125, 2)
(117, 2)
[0.86051943 1.15459769 0.98488288]
Classification: 1.0 0.7986348122866894 375
(26, 2)
(125, 2)
(117, 2)
[0.80605144 1.11515934 1.07878922]
Classification: 1.0 0.8020477815699659 376
(26, 2)
(125, 2)
(117, 2)
[0.80959353 1.10134976 1.08905671]
Classification: 1.0 0.8088737201365188 377
(26, 2)
(125, 2)
(117, 2)
[0.81523456 1.12138373 1.06338171]
Classification: 1.0 0.8054607508532423 378
(26, 2)
(125, 2)
(117, 2)
[0.8076676  1.12072669 1.07160571]
Classification: 1.0 0.8054607508532423 379
(26, 2)
(125, 2)
(117, 2)
[0.82460543 1.13513301 1.04026156]
Classification: 1.0 0.8054607508532423 380
(26, 2)
(125, 2)
(117, 2)
[0.83389843 1.09975183 1.06634974]
Classification: 1.0 0.8088737201365188 381
(26, 2)
(125, 2)
(117, 2)
[0.81065482 1.12189085 1.06745433]
Classification: 1.0 0.8088737201365188 382
(26, 2)
(125, 2)
(117, 2)
[0.85675332 1.0932434  1.05000327]
Classification: 1.0 0.8054607508532423 383
(26, 2)
(125, 2)
(117, 2)
[0.8367001  1.07531998 1.08797992]
Classification: 1.0 0.8088737201365188 384
(26, 2)
(125, 2)
(117, 2)
[0.82362316 1.13187068 1.04450616]
Classification: 1.0 0.8122866894197952 385
(26, 2)
(125, 2)
(117, 2)
[0.82949674 1.13881    1.03169326]
Classification: 1.0 0.8054607508532423 386
(26, 2)
(125, 2)
(117, 2)
[0.83855825 1.14853422 1.01290752]
Classification: 1.0 0.8054607508532423 387
(26, 2)
(125, 2)
(117, 2)
[0.84046704 1.10695895 1.05257401]
Classification: 1.0 0.8054607508532423 388
(26, 2)
(125, 2)
(117, 2)
[0.79479685 1.14253994 1.06266322]
Classification: 1.0 0.8088737201365188 389
(26, 2)
(125, 2)
(117, 2)
[0.84268829 1.11533601 1.0419757 ]
Classification: 1.0 0.8020477815699659 390
(26, 2)
(125, 2)
(117, 2)
[0.83269266 1.12151942 1.04578792]
Classification: 1.0 0.8088737201365188 391
(26, 2)
(125, 2)
(117, 2)
[0.79190816 1.17571557 1.03237626]
Classification: 1.0 0.8122866894197952 392
(26, 2)
(125, 2)
(117, 2)
[0.78692579 1.16876735 1.04430687]
Classification: 1.0 0.8122866894197952 393
(26, 2)
(125, 2)
(117, 2)
[0.75363086 1.15090337 1.09546578]
Classification: 1.0 0.8122866894197952 394
(26, 2)
(125, 2)
(117, 2)
[0.77732021 1.15849507 1.06418472]
Classification: 1.0 0.8054607508532423 395
(26, 2)
(125, 2)
(117, 2)
[0.77114838 1.14559479 1.08325683]
Classification: 1.0 0.8122866894197952 396
(26, 2)
(125, 2)
(117, 2)
[0.78199747 1.14480857 1.07319396]
Classification: 1.0 0.8088737201365188 397
(26, 2)
(125, 2)
(117, 2)
[0.77336756 1.16409844 1.062534  ]
Classification: 1.0 0.8122866894197952 398
(26, 2)
(125, 2)
(117, 2)
[0.80132214 1.11322356 1.0854543 ]
Classification: 1.0 0.8088737201365188 399
(26, 2)
(125, 2)
(117, 2)
[0.76996506 1.15497587 1.07505907]
Classification: 1.0 0.8054607508532423 400
(26, 2)
(125, 2)
(117, 2)
[0.84243509 1.13622167 1.02134323]
Classification: 1.0 0.8020477815699659 401
(26, 2)
(125, 2)
(117, 2)
[0.80689437 1.17127721 1.02182842]
Classification: 1.0 0.8156996587030717 402
(26, 2)
(125, 2)
(117, 2)
[0.79411953 1.16896306 1.03691741]
Classification: 1.0 0.8088737201365188 403
(26, 2)
(125, 2)
(117, 2)
[0.77577383 1.14407995 1.08014622]
Classification: 1.0 0.8088737201365188 404
(26, 2)
(125, 2)
(117, 2)
[0.79639555 1.16724879 1.03635566]
Classification: 1.0 0.8054607508532423 405
(26, 2)
(125, 2)
(117, 2)
[0.76074361 1.16617019 1.0730862 ]
Classification: 1.0 0.7986348122866894 406
(26, 2)
(125, 2)
(117, 2)
[0.79346119 1.1946273  1.01191152]
Classification: 1.0 0.8088737201365188 407
(26, 2)
(125, 2)
(117, 2)
[0.82291363 1.1551956  1.02189078]
Classification: 1.0 0.7986348122866894 408
(26, 2)
(125, 2)
(117, 2)
[0.81680428 1.15270162 1.0304941 ]
Classification: 1.0 0.8054607508532423 409
(26, 2)
(125, 2)
(117, 2)
[0.81177077 1.13615921 1.05207002]
Classification: 1.0 0.8054607508532423 410
(26, 2)
(125, 2)
(117, 2)
[0.8418234  1.14989386 1.00828273]
Classification: 1.0 0.8020477815699659 411
(26, 2)
(125, 2)
(117, 2)
[0.84787349 1.12790168 1.02422483]
Classification: 1.0 0.8054607508532423 412
(26, 2)
(125, 2)
(117, 2)
[0.79454816 1.16461559 1.04083626]
Classification: 1.0 0.8054607508532423 413
(26, 2)
(125, 2)
(117, 2)
[0.77964496 1.10759274 1.11276229]
Classification: 1.0 0.8020477815699659 414
(26, 2)
(125, 2)
(117, 2)
[0.82856945 1.13844713 1.03298342]
Classification: 1.0 0.8088737201365188 415
(26, 2)
(125, 2)
(117, 2)
[0.809633   1.15000783 1.04035917]
Classification: 1.0 0.8020477815699659 416
(26, 2)
(125, 2)
(117, 2)
[0.80308151 1.1169735  1.07994499]
Classification: 1.0 0.8122866894197952 417
(26, 2)
(125, 2)
(117, 2)
[0.80508454 1.12176142 1.07315404]
Classification: 1.0 0.8088737201365188 418
(26, 2)
(125, 2)
(117, 2)
[0.83861236 1.13261387 1.02877378]
Classification: 1.0 0.8054607508532423 419
(26, 2)
(125, 2)
(117, 2)
[0.8548938  1.11661459 1.02849161]
Classification: 1.0 0.8122866894197952 420
(26, 2)
(125, 2)
(117, 2)
[0.86818331 1.11835738 1.01345931]
Classification: 1.0 0.8191126279863481 421
(26, 2)
(125, 2)
(117, 2)
[0.84858041 1.10465179 1.0467678 ]
Classification: 1.0 0.8122866894197952 422
(26, 2)
(125, 2)
(117, 2)
[0.81797042 1.13764249 1.04438708]
Classification: 1.0 0.8156996587030717 423
(26, 2)
(125, 2)
(117, 2)
[0.82306949 1.16172916 1.01520136]
Classification: 1.0 0.8156996587030717 424
(26, 2)
(125, 2)
(117, 2)
[0.81895503 1.12175053 1.05929445]
Classification: 1.0 0.8156996587030717 425
(26, 2)
(125, 2)
(117, 2)
[0.74889902 1.19689882 1.05420216]
Classification: 1.0 0.8122866894197952 426
(26, 2)
(125, 2)
(117, 2)
[0.81569105 1.15348452 1.03082443]
Classification: 1.0 0.8156996587030717 427
(26, 2)
(125, 2)
(117, 2)
[0.82045348 1.15110277 1.02844375]
Classification: 1.0 0.8225255972696246 428
(26, 2)
(125, 2)
(117, 2)
[0.80685475 1.13568866 1.0574566 ]
Classification: 1.0 0.8156996587030717 429
(26, 2)
(125, 2)
(117, 2)
[0.84862182 1.10491155 1.04646663]
Classification: 1.0 0.8156996587030717 430
(26, 2)
(125, 2)
(117, 2)
[0.83584012 1.15465455 1.00950533]
Classification: 1.0 0.8088737201365188 431
(26, 2)
(125, 2)
(117, 2)
[0.81535367 1.17251008 1.01213625]
Classification: 1.0 0.8122866894197952 432
(26, 2)
(125, 2)
(117, 2)
[0.83218923 1.16876554 0.99904523]
Classification: 1.0 0.8122866894197952 433
(26, 2)
(125, 2)
(117, 2)
[0.84471586 1.18112101 0.97416313]
Classification: 1.0 0.8122866894197952 434
(26, 2)
(125, 2)
(117, 2)
[0.84873118 1.15152026 0.99974855]
Classification: 1.0 0.8156996587030717 435
(26, 2)
(125, 2)
(117, 2)
[0.85657321 1.14121564 1.00221115]
Classification: 1.0 0.8156996587030717 436
(26, 2)
(125, 2)
(117, 2)
[0.8458084  1.10961027 1.04458133]
Classification: 1.0 0.8088737201365188 437
(26, 2)
(125, 2)
(117, 2)
[0.84862892 1.1340089  1.01736219]
Classification: 1.0 0.8122866894197952 438
(26, 2)
(125, 2)
(117, 2)
[0.82941746 1.17242597 0.99815658]
Classification: 1.0 0.8088737201365188 439
(26, 2)
(125, 2)
(117, 2)
[0.86600867 1.14582964 0.9881617 ]
Classification: 1.0 0.8122866894197952 440
(26, 2)
(125, 2)
(117, 2)
[0.85738077 1.12707037 1.01554886]
Classification: 1.0 0.8122866894197952 441
(26, 2)
(125, 2)
(117, 2)
[0.81303276 1.16897627 1.01799097]
Classification: 1.0 0.8156996587030717 442
(26, 2)
(125, 2)
(117, 2)
[0.83706069 1.17174101 0.99119829]
Classification: 1.0 0.8122866894197952 443
(26, 2)
(125, 2)
(117, 2)
[0.7821323  1.18788373 1.02998398]
Classification: 1.0 0.8122866894197952 444
(26, 2)
(125, 2)
(117, 2)
[0.82312443 1.1483112  1.02856437]
Classification: 1.0 0.8156996587030717 445
(26, 2)
(125, 2)
(117, 2)
[0.8088834  1.17672252 1.01439407]
Classification: 1.0 0.8122866894197952 446
(26, 2)
(125, 2)
(117, 2)
[0.80459267 1.17749717 1.01791016]
Classification: 1.0 0.8191126279863481 447
/mnt/data/user_liangzhiyu/envs/fedcsl/lib/python3.8/site-packages/scipy/__init__.py:146: UserWarning: A NumPy version >=1.16.5 and <1.23.0 is required for this version of SciPy (detected version 1.23.5
  warnings.warn(f"A NumPy version >={np_minversion} and <{np_maxversion}"
/mnt/data/user_liangzhiyu/envs/fedcsl/lib/python3.8/site-packages/tslearn/bases/bases.py:15: UserWarning: h5py not installed, hdf5 features will not be supported.
Install h5py to use hdf5 features: http://docs.h5py.org/
  warn(h5py_msg)
/mnt/data/user_liangzhiyu/lixiongfei/CSL-main/train.py:392: UserWarning: Creating a tensor from a list of numpy.ndarrays is extremely slow. Please consider converting the list to a single numpy.ndarray with numpy.array() before converting to a tensor. (Triggered internally at /opt/conda/conda-bld/pytorch_1724789259345/work/torch/csrc/utils/tensor_new.cpp:278.)
  X = torch.tensor(X, dtype=torch.float).contiguous()
(26, 2)
(125, 2)
(117, 2)
[0.79595877 1.18145557 1.02258565]
Classification: 1.0 0.8088737201365188 448
(26, 2)
(125, 2)
(117, 2)
[0.77174643 1.18634943 1.04190414]
Classification: 1.0 0.8020477815699659 449
(26, 2)
(125, 2)
(117, 2)
[0.77818685 1.1602994  1.06151375]
Classification: 1.0 0.8054607508532423 450
(26, 2)
(125, 2)
(117, 2)
[0.82216225 1.10200164 1.07583611]
Classification: 1.0 0.8191126279863481 451
(26, 2)
(125, 2)
(117, 2)
[0.79545273 1.18858565 1.01596162]
Classification: 1.0 0.8054607508532423 452
(26, 2)
(125, 2)
(117, 2)
[0.76470433 1.18710539 1.04819028]
Classification: 1.0 0.8122866894197952 453
(26, 2)
(125, 2)
(117, 2)
[0.76661095 1.17577497 1.05761408]
Classification: 1.0 0.8088737201365188 454
(26, 2)
(125, 2)
(117, 2)
[0.81781731 1.13529804 1.04688464]
Classification: 1.0 0.8054607508532423 455
(26, 2)
(125, 2)
(117, 2)
[0.81524421 1.19160879 0.993147  ]
Classification: 1.0 0.8020477815699659 456
(26, 2)
(125, 2)
(117, 2)
[0.78662887 1.15417074 1.05920039]
Classification: 1.0 0.8020477815699659 457
(26, 2)
(125, 2)
(117, 2)
[0.78307275 1.19945626 1.01747099]
Classification: 1.0 0.8122866894197952 458
(26, 2)
(125, 2)
(117, 2)
[0.78044127 1.15760458 1.06195415]
Classification: 1.0 0.8156996587030717 459
(26, 2)
(125, 2)
(117, 2)
[0.81723299 1.16351483 1.01925217]
Classification: 1.0 0.8191126279863481 460
(26, 2)
(125, 2)
(117, 2)
[0.81569739 1.1361826  1.04812   ]
Classification: 1.0 0.8191126279863481 461
(26, 2)
(125, 2)
(117, 2)
[0.81897001 1.14332519 1.03770479]
Classification: 1.0 0.8122866894197952 462
(26, 2)
(125, 2)
(117, 2)
[0.82947539 1.1646417  1.0058829 ]
Classification: 1.0 0.8122866894197952 463
(26, 2)
(125, 2)
(117, 2)
[0.83213606 1.15862681 1.00923713]
Classification: 1.0 0.8054607508532423 464
(26, 2)
(125, 2)
(117, 2)
[0.83842918 1.16028764 1.00128318]
Classification: 1.0 0.8122866894197952 465
(26, 2)
(125, 2)
(117, 2)
[0.83668819 1.14417528 1.01913653]
Classification: 1.0 0.8122866894197952 466
(26, 2)
(125, 2)
(117, 2)
[0.84268549 1.13607947 1.02123504]
Classification: 1.0 0.8088737201365188 467
(26, 2)
(125, 2)
(117, 2)
[0.8302639  1.17315342 0.99658268]
Classification: 1.0 0.8122866894197952 468
(26, 2)
(125, 2)
(117, 2)
[0.85595923 1.15012465 0.99391612]
Classification: 1.0 0.8156996587030717 469
(26, 2)
(125, 2)
(117, 2)
[0.85101622 1.14727967 1.00170411]
Classification: 1.0 0.8088737201365188 470
(26, 2)
(125, 2)
(117, 2)
[0.82697845 1.14484006 1.02818149]
Classification: 1.0 0.8122866894197952 471
(26, 2)
(125, 2)
(117, 2)
[0.82381025 1.15370608 1.02248367]
Classification: 1.0 0.8054607508532423 472
(26, 2)
(125, 2)
(117, 2)
[0.83592017 1.13902047 1.02505936]
Classification: 1.0 0.8156996587030717 473
(26, 2)
(125, 2)
(117, 2)
[0.81779918 1.13825863 1.04394219]
Classification: 1.0 0.8122866894197952 474
(26, 2)
(125, 2)
(117, 2)
[0.81908477 1.14436616 1.03654907]
Classification: 1.0 0.8156996587030717 475
(26, 2)
(125, 2)
(117, 2)
[0.81117268 1.14452063 1.04430669]
Classification: 1.0 0.8122866894197952 476
(26, 2)
(125, 2)
(117, 2)
[0.84138686 1.15379461 1.00481853]
Classification: 1.0 0.8122866894197952 477
(26, 2)
(125, 2)
(117, 2)
[0.82358713 1.14056252 1.03585035]
Classification: 1.0 0.8088737201365188 478
(26, 2)
(125, 2)
(117, 2)
[0.82624162 1.16557028 1.0081881 ]
Classification: 1.0 0.8088737201365188 479
(26, 2)
(125, 2)
(117, 2)
[0.83120579 1.15185421 1.01694   ]
Classification: 1.0 0.8088737201365188 480
(26, 2)
(125, 2)
(117, 2)
[0.82344631 1.12707932 1.04947437]
Classification: 1.0 0.8088737201365188 481
(26, 2)
(125, 2)
(117, 2)
[0.85321345 1.11873005 1.0280565 ]
Classification: 1.0 0.8122866894197952 482
(26, 2)
(125, 2)
(117, 2)
[0.84726712 1.16680225 0.98593063]
Classification: 1.0 0.8156996587030717 483
(26, 2)
(125, 2)
(117, 2)
[0.84487468 1.13366398 1.02146135]
Classification: 1.0 0.8156996587030717 484
(26, 2)
(125, 2)
(117, 2)
[0.84004126 1.15158405 1.00837469]
Classification: 1.0 0.8122866894197952 485
(26, 2)
(125, 2)
(117, 2)
[0.88720191 1.1372381  0.97555999]
Classification: 1.0 0.8122866894197952 486
(26, 2)
(125, 2)
(117, 2)
[0.85088564 1.15724232 0.99187204]
Classification: 1.0 0.8156996587030717 487
(26, 2)
(125, 2)
(117, 2)
[0.86524312 1.12650018 1.0082567 ]
Classification: 1.0 0.8156996587030717 488
(26, 2)
(125, 2)
(117, 2)
[0.85186073 1.14595852 1.00218075]
Classification: 1.0 0.8122866894197952 489
(26, 2)
(125, 2)
(117, 2)
[0.84129398 1.13185554 1.02685048]
Classification: 1.0 0.8156996587030717 490
(26, 2)
(125, 2)
(117, 2)
[0.81809019 1.19575476 0.98615505]
Classification: 1.0 0.8122866894197952 491
(26, 2)
(125, 2)
(117, 2)
[0.8515437 1.1813094 0.9671469]
Classification: 1.0 0.8122866894197952 492
(26, 2)
(125, 2)
(117, 2)
[0.84582556 1.16514434 0.9890301 ]
Classification: 1.0 0.8122866894197952 493
(26, 2)
(125, 2)
(117, 2)
[0.81354677 1.19832994 0.9881233 ]
Classification: 1.0 0.8088737201365188 494
(26, 2)
(125, 2)
(117, 2)
[0.819717   1.20459158 0.97569142]
Classification: 1.0 0.8156996587030717 495
(26, 2)
(125, 2)
(117, 2)
[0.81306196 1.15613074 1.0308073 ]
Classification: 1.0 0.8156996587030717 496
(26, 2)
(125, 2)
(117, 2)
[0.79697785 1.17707136 1.02595079]
Classification: 1.0 0.8122866894197952 497
(26, 2)
(125, 2)
(117, 2)
[0.81103917 1.16269253 1.02626829]
Classification: 1.0 0.8122866894197952 498
(26, 2)
(125, 2)
(117, 2)
[0.81386077 1.18025144 1.00588779]
Classification: 1.0 0.8122866894197952 499
best round is 428, acc is 0.822526
Model saved to ./checkpoint/SelfRegulationSCP1/2025-03-11-11_SelfRegulationSCP1_model.pt
