Running experiment with dataset: StandWalkJump, config: ./result/ablation_study/config_StandWalkJump.yml
/mnt/data/user_liangzhiyu/envs/fedcsl/lib/python3.8/site-packages/scipy/__init__.py:146: UserWarning: A NumPy version >=1.16.5 and <1.23.0 is required for this version of SciPy (detected version 1.23.5
  warnings.warn(f"A NumPy version >={np_minversion} and <{np_maxversion}"
/mnt/data/user_liangzhiyu/envs/fedcsl/lib/python3.8/site-packages/tslearn/bases/bases.py:15: UserWarning: h5py not installed, hdf5 features will not be supported.
Install h5py to use hdf5 features: http://docs.h5py.org/
  warn(h5py_msg)
/mnt/data/user_liangzhiyu/lixiongfei/CSL-main/train.py:392: UserWarning: Creating a tensor from a list of numpy.ndarrays is extremely slow. Please consider converting the list to a single numpy.ndarray with numpy.array() before converting to a tensor. (Triggered internally at /opt/conda/conda-bld/pytorch_1724789259345/work/torch/csrc/utils/tensor_new.cpp:278.)
  X = torch.tensor(X, dtype=torch.float).contiguous()
/mnt/data/user_liangzhiyu/envs/fedcsl/lib/python3.8/site-packages/numpy/core/fromnumeric.py:3432: RuntimeWarning: Mean of empty slice.
  return _methods._mean(a, axis=axis, dtype=dtype,
/mnt/data/user_liangzhiyu/envs/fedcsl/lib/python3.8/site-packages/numpy/core/_methods.py:190: RuntimeWarning: invalid value encountered in double_scalars
  ret = ret.dtype.type(ret / rcount)
[0.09514033 0.10277917 0.11127909 0.12035814 0.12964186 0.13872091
 0.14722083 0.15485967]
12
<class 'pandas.core.frame.DataFrame'>
RangeIndex: 12 entries, 0 to 11
Data columns (total 5 columns):
 #   Column      Non-Null Count  Dtype 
---  ------      --------------  ----- 
 0   dim_0       12 non-null     object
 1   dim_1       12 non-null     object
 2   dim_2       12 non-null     object
 3   dim_3       12 non-null     object
 4   class_vals  12 non-null     object
dtypes: object(5)
memory usage: 608.0+ bytes
None
{2500}
<class 'pandas.core.frame.DataFrame'>
RangeIndex: 12 entries, 0 to 11
Data columns (total 5 columns):
 #   Column      Non-Null Count  Dtype 
---  ------      --------------  ----- 
 0   dim_0       12 non-null     object
 1   dim_1       12 non-null     object
 2   dim_2       12 non-null     object
 3   dim_3       12 non-null     object
 4   class_vals  12 non-null     object
dtypes: object(5)
memory usage: 608.0+ bytes
None
[0 0 0 0 1 1 1 1 2 2 2 2]
[4 5 6]
[1, 1, 1]
[2, 2, 2]
[0, 0, 0, 0, 1, 2]
shapelet initialized! 

All 3 clinet initialized! 

(3, 3)
(3, 3)
(6, 3)
[1.01890121 1.12338977 0.85770902]
Traceback (most recent call last):
  File "FedCSL_All.py", line 318, in <module>
    train(dataset=args.dataset)
  File "FedCSL_All.py", line 298, in train
    train_acc, test_acc =  eval(transformation,transformation_test,y_train=y_all,y_test=y_test) #验证训练集是全局训练集， 测试集为全集测试集
  File "FedCSL_All.py", line 64, in eval
    acc_i = cross_val_score(clf, transformation, y_train, cv=5)
  File "/mnt/data/user_liangzhiyu/envs/fedcsl/lib/python3.8/site-packages/sklearn/utils/validation.py", line 63, in inner_f
    return f(*args, **kwargs)
  File "/mnt/data/user_liangzhiyu/envs/fedcsl/lib/python3.8/site-packages/sklearn/model_selection/_validation.py", line 445, in cross_val_score
    cv_results = cross_validate(estimator=estimator, X=X, y=y, groups=groups,
  File "/mnt/data/user_liangzhiyu/envs/fedcsl/lib/python3.8/site-packages/sklearn/utils/validation.py", line 63, in inner_f
    return f(*args, **kwargs)
  File "/mnt/data/user_liangzhiyu/envs/fedcsl/lib/python3.8/site-packages/sklearn/model_selection/_validation.py", line 250, in cross_validate
    results = parallel(
  File "/mnt/data/user_liangzhiyu/envs/fedcsl/lib/python3.8/site-packages/joblib/parallel.py", line 1918, in __call__
    return output if self.return_generator else list(output)
  File "/mnt/data/user_liangzhiyu/envs/fedcsl/lib/python3.8/site-packages/joblib/parallel.py", line 1844, in _get_sequential_output
    for func, args, kwargs in iterable:
  File "/mnt/data/user_liangzhiyu/envs/fedcsl/lib/python3.8/site-packages/sklearn/model_selection/_validation.py", line 250, in <genexpr>
    results = parallel(
  File "/mnt/data/user_liangzhiyu/envs/fedcsl/lib/python3.8/site-packages/sklearn/model_selection/_split.py", line 332, in split
    for train, test in super().split(X, y, groups):
  File "/mnt/data/user_liangzhiyu/envs/fedcsl/lib/python3.8/site-packages/sklearn/model_selection/_split.py", line 80, in split
    for test_index in self._iter_test_masks(X, y, groups):
  File "/mnt/data/user_liangzhiyu/envs/fedcsl/lib/python3.8/site-packages/sklearn/model_selection/_split.py", line 693, in _iter_test_masks
    test_folds = self._make_test_folds(X, y)
  File "/mnt/data/user_liangzhiyu/envs/fedcsl/lib/python3.8/site-packages/sklearn/model_selection/_split.py", line 662, in _make_test_folds
    raise ValueError("n_splits=%d cannot be greater than the"
ValueError: n_splits=5 cannot be greater than the number of members in each class.
Running experiment with dataset: StandWalkJump, config: ./result/ablation_study/config_StandWalkJump.yml
/mnt/data/user_liangzhiyu/envs/fedcsl/lib/python3.8/site-packages/scipy/__init__.py:146: UserWarning: A NumPy version >=1.16.5 and <1.23.0 is required for this version of SciPy (detected version 1.23.5
  warnings.warn(f"A NumPy version >={np_minversion} and <{np_maxversion}"
/mnt/data/user_liangzhiyu/envs/fedcsl/lib/python3.8/site-packages/tslearn/bases/bases.py:15: UserWarning: h5py not installed, hdf5 features will not be supported.
Install h5py to use hdf5 features: http://docs.h5py.org/
  warn(h5py_msg)
/mnt/data/user_liangzhiyu/lixiongfei/CSL-main/train.py:392: UserWarning: Creating a tensor from a list of numpy.ndarrays is extremely slow. Please consider converting the list to a single numpy.ndarray with numpy.array() before converting to a tensor. (Triggered internally at /opt/conda/conda-bld/pytorch_1724789259345/work/torch/csrc/utils/tensor_new.cpp:278.)
  X = torch.tensor(X, dtype=torch.float).contiguous()
/mnt/data/user_liangzhiyu/envs/fedcsl/lib/python3.8/site-packages/numpy/core/fromnumeric.py:3432: RuntimeWarning: Mean of empty slice.
  return _methods._mean(a, axis=axis, dtype=dtype,
/mnt/data/user_liangzhiyu/envs/fedcsl/lib/python3.8/site-packages/numpy/core/_methods.py:190: RuntimeWarning: invalid value encountered in double_scalars
  ret = ret.dtype.type(ret / rcount)
[0.09514033 0.10277917 0.11127909 0.12035814 0.12964186 0.13872091
 0.14722083 0.15485967]
12
<class 'pandas.core.frame.DataFrame'>
RangeIndex: 12 entries, 0 to 11
Data columns (total 5 columns):
 #   Column      Non-Null Count  Dtype 
---  ------      --------------  ----- 
 0   dim_0       12 non-null     object
 1   dim_1       12 non-null     object
 2   dim_2       12 non-null     object
 3   dim_3       12 non-null     object
 4   class_vals  12 non-null     object
dtypes: object(5)
memory usage: 608.0+ bytes
None
{2500}
<class 'pandas.core.frame.DataFrame'>
RangeIndex: 12 entries, 0 to 11
Data columns (total 5 columns):
 #   Column      Non-Null Count  Dtype 
---  ------      --------------  ----- 
 0   dim_0       12 non-null     object
 1   dim_1       12 non-null     object
 2   dim_2       12 non-null     object
 3   dim_3       12 non-null     object
 4   class_vals  12 non-null     object
dtypes: object(5)
memory usage: 608.0+ bytes
None
[0 0 0 0 1 1 1 1 2 2 2 2]
[8 9]
[2, 2]
[0, 0, 0, 1, 2]
[0, 1, 1, 1, 2]
shapelet initialized! 

All 3 clinet initialized! 

(2, 3)
(5, 3)
(5, 3)
[1.05530355 1.35894069 0.58575576]
Traceback (most recent call last):
  File "FedCSL_All.py", line 335, in <module>
    train(dataset=args.dataset)
  File "FedCSL_All.py", line 299, in train
    train_acc, test_acc =  eval(transformation,transformation_test,y_train=y_all,y_test=y_test) #验证训练集是全局训练集， 测试集为全集测试集
  File "FedCSL_All.py", line 64, in eval
    acc_i = cross_val_score(clf, transformation, y_train, cv=5)
  File "/mnt/data/user_liangzhiyu/envs/fedcsl/lib/python3.8/site-packages/sklearn/utils/validation.py", line 63, in inner_f
    return f(*args, **kwargs)
  File "/mnt/data/user_liangzhiyu/envs/fedcsl/lib/python3.8/site-packages/sklearn/model_selection/_validation.py", line 445, in cross_val_score
    cv_results = cross_validate(estimator=estimator, X=X, y=y, groups=groups,
  File "/mnt/data/user_liangzhiyu/envs/fedcsl/lib/python3.8/site-packages/sklearn/utils/validation.py", line 63, in inner_f
    return f(*args, **kwargs)
  File "/mnt/data/user_liangzhiyu/envs/fedcsl/lib/python3.8/site-packages/sklearn/model_selection/_validation.py", line 250, in cross_validate
    results = parallel(
  File "/mnt/data/user_liangzhiyu/envs/fedcsl/lib/python3.8/site-packages/joblib/parallel.py", line 1918, in __call__
    return output if self.return_generator else list(output)
  File "/mnt/data/user_liangzhiyu/envs/fedcsl/lib/python3.8/site-packages/joblib/parallel.py", line 1844, in _get_sequential_output
    for func, args, kwargs in iterable:
  File "/mnt/data/user_liangzhiyu/envs/fedcsl/lib/python3.8/site-packages/sklearn/model_selection/_validation.py", line 250, in <genexpr>
    results = parallel(
  File "/mnt/data/user_liangzhiyu/envs/fedcsl/lib/python3.8/site-packages/sklearn/model_selection/_split.py", line 332, in split
    for train, test in super().split(X, y, groups):
  File "/mnt/data/user_liangzhiyu/envs/fedcsl/lib/python3.8/site-packages/sklearn/model_selection/_split.py", line 80, in split
    for test_index in self._iter_test_masks(X, y, groups):
  File "/mnt/data/user_liangzhiyu/envs/fedcsl/lib/python3.8/site-packages/sklearn/model_selection/_split.py", line 693, in _iter_test_masks
    test_folds = self._make_test_folds(X, y)
  File "/mnt/data/user_liangzhiyu/envs/fedcsl/lib/python3.8/site-packages/sklearn/model_selection/_split.py", line 662, in _make_test_folds
    raise ValueError("n_splits=%d cannot be greater than the"
ValueError: n_splits=5 cannot be greater than the number of members in each class.
Running experiment with dataset: StandWalkJump, config: ./result/ablation_study/config_StandWalkJump.yml
/mnt/data/user_liangzhiyu/envs/fedcsl/lib/python3.8/site-packages/scipy/__init__.py:146: UserWarning: A NumPy version >=1.16.5 and <1.23.0 is required for this version of SciPy (detected version 1.23.5
  warnings.warn(f"A NumPy version >={np_minversion} and <{np_maxversion}"
/mnt/data/user_liangzhiyu/envs/fedcsl/lib/python3.8/site-packages/tslearn/bases/bases.py:15: UserWarning: h5py not installed, hdf5 features will not be supported.
Install h5py to use hdf5 features: http://docs.h5py.org/
  warn(h5py_msg)
/mnt/data/user_liangzhiyu/lixiongfei/CSL-main/train.py:392: UserWarning: Creating a tensor from a list of numpy.ndarrays is extremely slow. Please consider converting the list to a single numpy.ndarray with numpy.array() before converting to a tensor. (Triggered internally at /opt/conda/conda-bld/pytorch_1724789259345/work/torch/csrc/utils/tensor_new.cpp:278.)
  X = torch.tensor(X, dtype=torch.float).contiguous()
/mnt/data/user_liangzhiyu/envs/fedcsl/lib/python3.8/site-packages/numpy/core/fromnumeric.py:3432: RuntimeWarning: Mean of empty slice.
  return _methods._mean(a, axis=axis, dtype=dtype,
/mnt/data/user_liangzhiyu/envs/fedcsl/lib/python3.8/site-packages/numpy/core/_methods.py:190: RuntimeWarning: invalid value encountered in double_scalars
  ret = ret.dtype.type(ret / rcount)
[0.09514033 0.10277917 0.11127909 0.12035814 0.12964186 0.13872091
 0.14722083 0.15485967]
12
<class 'pandas.core.frame.DataFrame'>
RangeIndex: 12 entries, 0 to 11
Data columns (total 5 columns):
 #   Column      Non-Null Count  Dtype 
---  ------      --------------  ----- 
 0   dim_0       12 non-null     object
 1   dim_1       12 non-null     object
 2   dim_2       12 non-null     object
 3   dim_3       12 non-null     object
 4   class_vals  12 non-null     object
dtypes: object(5)
memory usage: 608.0+ bytes
None
{2500}
<class 'pandas.core.frame.DataFrame'>
RangeIndex: 12 entries, 0 to 11
Data columns (total 5 columns):
 #   Column      Non-Null Count  Dtype 
---  ------      --------------  ----- 
 0   dim_0       12 non-null     object
 1   dim_1       12 non-null     object
 2   dim_2       12 non-null     object
 3   dim_3       12 non-null     object
 4   class_vals  12 non-null     object
dtypes: object(5)
memory usage: 608.0+ bytes
None
[0 0 0 0 1 1 1 1 2 2 2 2]
[8 9]
[2, 2]
[0, 0, 0, 1, 2]
[0, 1, 1, 1, 2]
shapelet initialized! 

All 3 clinet initialized! 

(2, 3)
(5, 3)
(5, 3)
[1.05530355 1.35894069 0.58575576]
Traceback (most recent call last):
  File "FedCSL_All.py", line 335, in <module>
    train(dataset=args.dataset)
  File "FedCSL_All.py", line 299, in train
    train_acc, test_acc =  eval(transformation,transformation_test,y_train=y_all,y_test=y_test) #验证训练集是全局训练集， 测试集为全集测试集
  File "FedCSL_All.py", line 64, in eval
    acc_i = cross_val_score(clf, transformation, y_train, cv=5)
  File "/mnt/data/user_liangzhiyu/envs/fedcsl/lib/python3.8/site-packages/sklearn/utils/validation.py", line 63, in inner_f
    return f(*args, **kwargs)
  File "/mnt/data/user_liangzhiyu/envs/fedcsl/lib/python3.8/site-packages/sklearn/model_selection/_validation.py", line 445, in cross_val_score
    cv_results = cross_validate(estimator=estimator, X=X, y=y, groups=groups,
  File "/mnt/data/user_liangzhiyu/envs/fedcsl/lib/python3.8/site-packages/sklearn/utils/validation.py", line 63, in inner_f
    return f(*args, **kwargs)
  File "/mnt/data/user_liangzhiyu/envs/fedcsl/lib/python3.8/site-packages/sklearn/model_selection/_validation.py", line 250, in cross_validate
    results = parallel(
  File "/mnt/data/user_liangzhiyu/envs/fedcsl/lib/python3.8/site-packages/joblib/parallel.py", line 1918, in __call__
    return output if self.return_generator else list(output)
  File "/mnt/data/user_liangzhiyu/envs/fedcsl/lib/python3.8/site-packages/joblib/parallel.py", line 1844, in _get_sequential_output
    for func, args, kwargs in iterable:
  File "/mnt/data/user_liangzhiyu/envs/fedcsl/lib/python3.8/site-packages/sklearn/model_selection/_validation.py", line 250, in <genexpr>
    results = parallel(
  File "/mnt/data/user_liangzhiyu/envs/fedcsl/lib/python3.8/site-packages/sklearn/model_selection/_split.py", line 332, in split
    for train, test in super().split(X, y, groups):
  File "/mnt/data/user_liangzhiyu/envs/fedcsl/lib/python3.8/site-packages/sklearn/model_selection/_split.py", line 80, in split
    for test_index in self._iter_test_masks(X, y, groups):
  File "/mnt/data/user_liangzhiyu/envs/fedcsl/lib/python3.8/site-packages/sklearn/model_selection/_split.py", line 693, in _iter_test_masks
    test_folds = self._make_test_folds(X, y)
  File "/mnt/data/user_liangzhiyu/envs/fedcsl/lib/python3.8/site-packages/sklearn/model_selection/_split.py", line 662, in _make_test_folds
    raise ValueError("n_splits=%d cannot be greater than the"
ValueError: n_splits=5 cannot be greater than the number of members in each class.
Running experiment with dataset: StandWalkJump, config: ./result/ablation_study/config_StandWalkJump.yml

A module that was compiled using NumPy 1.x cannot be run in
NumPy 2.0.2 as it may crash. To support both 1.x and 2.x
versions of NumPy, modules must be compiled with NumPy 2.0.
Some module may need to rebuild instead e.g. with 'pybind11>=2.12'.

If you are a user of the module, the easiest solution will be to
downgrade to 'numpy<2' or try to upgrade the affected module.
We expect that some modules will need time to support NumPy 2.

Traceback (most recent call last):  File "/mnt/data/user_liangzhiyu/lixiongfei/CSL-main/FedCSL_All.py", line 1, in <module>
    from seaborn import dark_palette
  File "/home/liangzhiyu/miniconda3/lib/python3.9/site-packages/seaborn/__init__.py", line 2, in <module>
    from .rcmod import *  # noqa: F401,F403
  File "/home/liangzhiyu/miniconda3/lib/python3.9/site-packages/seaborn/rcmod.py", line 3, in <module>
    import matplotlib as mpl
  File "/home/liangzhiyu/miniconda3/lib/python3.9/site-packages/matplotlib/__init__.py", line 129, in <module>
    from . import _api, _version, cbook, _docstring, rcsetup
  File "/home/liangzhiyu/miniconda3/lib/python3.9/site-packages/matplotlib/rcsetup.py", line 27, in <module>
    from matplotlib.colors import Colormap, is_color_like
  File "/home/liangzhiyu/miniconda3/lib/python3.9/site-packages/matplotlib/colors.py", line 56, in <module>
    from matplotlib import _api, _cm, cbook, scale
  File "/home/liangzhiyu/miniconda3/lib/python3.9/site-packages/matplotlib/scale.py", line 22, in <module>
    from matplotlib.ticker import (
  File "/home/liangzhiyu/miniconda3/lib/python3.9/site-packages/matplotlib/ticker.py", line 138, in <module>
    from matplotlib import transforms as mtransforms
  File "/home/liangzhiyu/miniconda3/lib/python3.9/site-packages/matplotlib/transforms.py", line 49, in <module>
    from matplotlib._path import (
AttributeError: _ARRAY_API not found
Traceback (most recent call last):
  File "/mnt/data/user_liangzhiyu/lixiongfei/CSL-main/FedCSL_All.py", line 1, in <module>
    from seaborn import dark_palette
  File "/home/liangzhiyu/miniconda3/lib/python3.9/site-packages/seaborn/__init__.py", line 2, in <module>
    from .rcmod import *  # noqa: F401,F403
  File "/home/liangzhiyu/miniconda3/lib/python3.9/site-packages/seaborn/rcmod.py", line 3, in <module>
    import matplotlib as mpl
  File "/home/liangzhiyu/miniconda3/lib/python3.9/site-packages/matplotlib/__init__.py", line 129, in <module>
    from . import _api, _version, cbook, _docstring, rcsetup
  File "/home/liangzhiyu/miniconda3/lib/python3.9/site-packages/matplotlib/rcsetup.py", line 27, in <module>
    from matplotlib.colors import Colormap, is_color_like
  File "/home/liangzhiyu/miniconda3/lib/python3.9/site-packages/matplotlib/colors.py", line 56, in <module>
    from matplotlib import _api, _cm, cbook, scale
  File "/home/liangzhiyu/miniconda3/lib/python3.9/site-packages/matplotlib/scale.py", line 22, in <module>
    from matplotlib.ticker import (
  File "/home/liangzhiyu/miniconda3/lib/python3.9/site-packages/matplotlib/ticker.py", line 138, in <module>
    from matplotlib import transforms as mtransforms
  File "/home/liangzhiyu/miniconda3/lib/python3.9/site-packages/matplotlib/transforms.py", line 49, in <module>
    from matplotlib._path import (
ImportError: numpy.core.multiarray failed to import
Running experiment with dataset: StandWalkJump, config: ./result/ablation_study/config_StandWalkJump.yml
/mnt/data/user_liangzhiyu/envs/fedcsl/lib/python3.8/site-packages/scipy/__init__.py:146: UserWarning: A NumPy version >=1.16.5 and <1.23.0 is required for this version of SciPy (detected version 1.23.5
  warnings.warn(f"A NumPy version >={np_minversion} and <{np_maxversion}"
/mnt/data/user_liangzhiyu/envs/fedcsl/lib/python3.8/site-packages/tslearn/bases/bases.py:15: UserWarning: h5py not installed, hdf5 features will not be supported.
Install h5py to use hdf5 features: http://docs.h5py.org/
  warn(h5py_msg)
/mnt/data/user_liangzhiyu/lixiongfei/CSL-main/train.py:392: UserWarning: Creating a tensor from a list of numpy.ndarrays is extremely slow. Please consider converting the list to a single numpy.ndarray with numpy.array() before converting to a tensor. (Triggered internally at /opt/conda/conda-bld/pytorch_1724789259345/work/torch/csrc/utils/tensor_new.cpp:278.)
  X = torch.tensor(X, dtype=torch.float).contiguous()
/mnt/data/user_liangzhiyu/envs/fedcsl/lib/python3.8/site-packages/numpy/core/fromnumeric.py:3432: RuntimeWarning: Mean of empty slice.
  return _methods._mean(a, axis=axis, dtype=dtype,
/mnt/data/user_liangzhiyu/envs/fedcsl/lib/python3.8/site-packages/numpy/core/_methods.py:190: RuntimeWarning: invalid value encountered in double_scalars
  ret = ret.dtype.type(ret / rcount)
/mnt/data/user_liangzhiyu/envs/fedcsl/lib/python3.8/site-packages/numpy/core/fromnumeric.py:3432: RuntimeWarning: Mean of empty slice.
  return _methods._mean(a, axis=axis, dtype=dtype,
/mnt/data/user_liangzhiyu/envs/fedcsl/lib/python3.8/site-packages/numpy/core/_methods.py:190: RuntimeWarning: invalid value encountered in double_scalars
  ret = ret.dtype.type(ret / rcount)
/mnt/data/user_liangzhiyu/envs/fedcsl/lib/python3.8/site-packages/numpy/core/fromnumeric.py:3432: RuntimeWarning: Mean of empty slice.
  return _methods._mean(a, axis=axis, dtype=dtype,
/mnt/data/user_liangzhiyu/envs/fedcsl/lib/python3.8/site-packages/numpy/core/_methods.py:190: RuntimeWarning: invalid value encountered in double_scalars
  ret = ret.dtype.type(ret / rcount)
/mnt/data/user_liangzhiyu/envs/fedcsl/lib/python3.8/site-packages/numpy/core/fromnumeric.py:3432: RuntimeWarning: Mean of empty slice.
  return _methods._mean(a, axis=axis, dtype=dtype,
/mnt/data/user_liangzhiyu/envs/fedcsl/lib/python3.8/site-packages/numpy/core/_methods.py:190: RuntimeWarning: invalid value encountered in double_scalars
  ret = ret.dtype.type(ret / rcount)
/mnt/data/user_liangzhiyu/envs/fedcsl/lib/python3.8/site-packages/numpy/core/fromnumeric.py:3432: RuntimeWarning: Mean of empty slice.
  return _methods._mean(a, axis=axis, dtype=dtype,
/mnt/data/user_liangzhiyu/envs/fedcsl/lib/python3.8/site-packages/numpy/core/_methods.py:190: RuntimeWarning: invalid value encountered in double_scalars
  ret = ret.dtype.type(ret / rcount)
/mnt/data/user_liangzhiyu/envs/fedcsl/lib/python3.8/site-packages/numpy/core/fromnumeric.py:3432: RuntimeWarning: Mean of empty slice.
  return _methods._mean(a, axis=axis, dtype=dtype,
/mnt/data/user_liangzhiyu/envs/fedcsl/lib/python3.8/site-packages/numpy/core/_methods.py:190: RuntimeWarning: invalid value encountered in double_scalars
  ret = ret.dtype.type(ret / rcount)
/mnt/data/user_liangzhiyu/envs/fedcsl/lib/python3.8/site-packages/numpy/core/fromnumeric.py:3432: RuntimeWarning: Mean of empty slice.
  return _methods._mean(a, axis=axis, dtype=dtype,
/mnt/data/user_liangzhiyu/envs/fedcsl/lib/python3.8/site-packages/numpy/core/_methods.py:190: RuntimeWarning: invalid value encountered in double_scalars
  ret = ret.dtype.type(ret / rcount)
/mnt/data/user_liangzhiyu/envs/fedcsl/lib/python3.8/site-packages/numpy/core/fromnumeric.py:3432: RuntimeWarning: Mean of empty slice.
  return _methods._mean(a, axis=axis, dtype=dtype,
/mnt/data/user_liangzhiyu/envs/fedcsl/lib/python3.8/site-packages/numpy/core/_methods.py:190: RuntimeWarning: invalid value encountered in double_scalars
  ret = ret.dtype.type(ret / rcount)
/mnt/data/user_liangzhiyu/envs/fedcsl/lib/python3.8/site-packages/numpy/core/fromnumeric.py:3432: RuntimeWarning: Mean of empty slice.
  return _methods._mean(a, axis=axis, dtype=dtype,
/mnt/data/user_liangzhiyu/envs/fedcsl/lib/python3.8/site-packages/numpy/core/_methods.py:190: RuntimeWarning: invalid value encountered in double_scalars
  ret = ret.dtype.type(ret / rcount)
/mnt/data/user_liangzhiyu/envs/fedcsl/lib/python3.8/site-packages/numpy/core/fromnumeric.py:3432: RuntimeWarning: Mean of empty slice.
  return _methods._mean(a, axis=axis, dtype=dtype,
/mnt/data/user_liangzhiyu/envs/fedcsl/lib/python3.8/site-packages/numpy/core/_methods.py:190: RuntimeWarning: invalid value encountered in double_scalars
  ret = ret.dtype.type(ret / rcount)
/mnt/data/user_liangzhiyu/envs/fedcsl/lib/python3.8/site-packages/numpy/core/fromnumeric.py:3432: RuntimeWarning: Mean of empty slice.
  return _methods._mean(a, axis=axis, dtype=dtype,
/mnt/data/user_liangzhiyu/envs/fedcsl/lib/python3.8/site-packages/numpy/core/_methods.py:190: RuntimeWarning: invalid value encountered in double_scalars
  ret = ret.dtype.type(ret / rcount)
/mnt/data/user_liangzhiyu/envs/fedcsl/lib/python3.8/site-packages/numpy/core/fromnumeric.py:3432: RuntimeWarning: Mean of empty slice.
  return _methods._mean(a, axis=axis, dtype=dtype,
/mnt/data/user_liangzhiyu/envs/fedcsl/lib/python3.8/site-packages/numpy/core/_methods.py:190: RuntimeWarning: invalid value encountered in double_scalars
  ret = ret.dtype.type(ret / rcount)
/mnt/data/user_liangzhiyu/envs/fedcsl/lib/python3.8/site-packages/numpy/core/fromnumeric.py:3432: RuntimeWarning: Mean of empty slice.
  return _methods._mean(a, axis=axis, dtype=dtype,
/mnt/data/user_liangzhiyu/envs/fedcsl/lib/python3.8/site-packages/numpy/core/_methods.py:190: RuntimeWarning: invalid value encountered in double_scalars
  ret = ret.dtype.type(ret / rcount)
/mnt/data/user_liangzhiyu/envs/fedcsl/lib/python3.8/site-packages/numpy/core/fromnumeric.py:3432: RuntimeWarning: Mean of empty slice.
  return _methods._mean(a, axis=axis, dtype=dtype,
/mnt/data/user_liangzhiyu/envs/fedcsl/lib/python3.8/site-packages/numpy/core/_methods.py:190: RuntimeWarning: invalid value encountered in double_scalars
  ret = ret.dtype.type(ret / rcount)
/mnt/data/user_liangzhiyu/envs/fedcsl/lib/python3.8/site-packages/numpy/core/fromnumeric.py:3432: RuntimeWarning: Mean of empty slice.
  return _methods._mean(a, axis=axis, dtype=dtype,
/mnt/data/user_liangzhiyu/envs/fedcsl/lib/python3.8/site-packages/numpy/core/_methods.py:190: RuntimeWarning: invalid value encountered in double_scalars
  ret = ret.dtype.type(ret / rcount)
/mnt/data/user_liangzhiyu/envs/fedcsl/lib/python3.8/site-packages/numpy/core/fromnumeric.py:3432: RuntimeWarning: Mean of empty slice.
  return _methods._mean(a, axis=axis, dtype=dtype,
/mnt/data/user_liangzhiyu/envs/fedcsl/lib/python3.8/site-packages/numpy/core/_methods.py:190: RuntimeWarning: invalid value encountered in double_scalars
  ret = ret.dtype.type(ret / rcount)
/mnt/data/user_liangzhiyu/envs/fedcsl/lib/python3.8/site-packages/numpy/core/fromnumeric.py:3432: RuntimeWarning: Mean of empty slice.
  return _methods._mean(a, axis=axis, dtype=dtype,
/mnt/data/user_liangzhiyu/envs/fedcsl/lib/python3.8/site-packages/numpy/core/_methods.py:190: RuntimeWarning: invalid value encountered in double_scalars
  ret = ret.dtype.type(ret / rcount)
/mnt/data/user_liangzhiyu/envs/fedcsl/lib/python3.8/site-packages/numpy/core/fromnumeric.py:3432: RuntimeWarning: Mean of empty slice.
  return _methods._mean(a, axis=axis, dtype=dtype,
/mnt/data/user_liangzhiyu/envs/fedcsl/lib/python3.8/site-packages/numpy/core/_methods.py:190: RuntimeWarning: invalid value encountered in double_scalars
  ret = ret.dtype.type(ret / rcount)
/mnt/data/user_liangzhiyu/envs/fedcsl/lib/python3.8/site-packages/numpy/core/fromnumeric.py:3432: RuntimeWarning: Mean of empty slice.
  return _methods._mean(a, axis=axis, dtype=dtype,
/mnt/data/user_liangzhiyu/envs/fedcsl/lib/python3.8/site-packages/numpy/core/_methods.py:190: RuntimeWarning: invalid value encountered in double_scalars
  ret = ret.dtype.type(ret / rcount)
/mnt/data/user_liangzhiyu/envs/fedcsl/lib/python3.8/site-packages/numpy/core/fromnumeric.py:3432: RuntimeWarning: Mean of empty slice.
  return _methods._mean(a, axis=axis, dtype=dtype,
/mnt/data/user_liangzhiyu/envs/fedcsl/lib/python3.8/site-packages/numpy/core/_methods.py:190: RuntimeWarning: invalid value encountered in double_scalars
  ret = ret.dtype.type(ret / rcount)
/mnt/data/user_liangzhiyu/envs/fedcsl/lib/python3.8/site-packages/numpy/core/fromnumeric.py:3432: RuntimeWarning: Mean of empty slice.
  return _methods._mean(a, axis=axis, dtype=dtype,
/mnt/data/user_liangzhiyu/envs/fedcsl/lib/python3.8/site-packages/numpy/core/_methods.py:190: RuntimeWarning: invalid value encountered in double_scalars
  ret = ret.dtype.type(ret / rcount)
/mnt/data/user_liangzhiyu/envs/fedcsl/lib/python3.8/site-packages/numpy/core/fromnumeric.py:3432: RuntimeWarning: Mean of empty slice.
  return _methods._mean(a, axis=axis, dtype=dtype,
/mnt/data/user_liangzhiyu/envs/fedcsl/lib/python3.8/site-packages/numpy/core/_methods.py:190: RuntimeWarning: invalid value encountered in double_scalars
  ret = ret.dtype.type(ret / rcount)
/mnt/data/user_liangzhiyu/envs/fedcsl/lib/python3.8/site-packages/numpy/core/fromnumeric.py:3432: RuntimeWarning: Mean of empty slice.
  return _methods._mean(a, axis=axis, dtype=dtype,
/mnt/data/user_liangzhiyu/envs/fedcsl/lib/python3.8/site-packages/numpy/core/_methods.py:190: RuntimeWarning: invalid value encountered in double_scalars
  ret = ret.dtype.type(ret / rcount)
/mnt/data/user_liangzhiyu/envs/fedcsl/lib/python3.8/site-packages/numpy/core/fromnumeric.py:3432: RuntimeWarning: Mean of empty slice.
  return _methods._mean(a, axis=axis, dtype=dtype,
/mnt/data/user_liangzhiyu/envs/fedcsl/lib/python3.8/site-packages/numpy/core/_methods.py:190: RuntimeWarning: invalid value encountered in double_scalars
  ret = ret.dtype.type(ret / rcount)
/mnt/data/user_liangzhiyu/envs/fedcsl/lib/python3.8/site-packages/numpy/core/fromnumeric.py:3432: RuntimeWarning: Mean of empty slice.
  return _methods._mean(a, axis=axis, dtype=dtype,
/mnt/data/user_liangzhiyu/envs/fedcsl/lib/python3.8/site-packages/numpy/core/_methods.py:190: RuntimeWarning: invalid value encountered in double_scalars
  ret = ret.dtype.type(ret / rcount)
/mnt/data/user_liangzhiyu/envs/fedcsl/lib/python3.8/site-packages/numpy/core/fromnumeric.py:3432: RuntimeWarning: Mean of empty slice.
  return _methods._mean(a, axis=axis, dtype=dtype,
/mnt/data/user_liangzhiyu/envs/fedcsl/lib/python3.8/site-packages/numpy/core/_methods.py:190: RuntimeWarning: invalid value encountered in double_scalars
  ret = ret.dtype.type(ret / rcount)
/mnt/data/user_liangzhiyu/envs/fedcsl/lib/python3.8/site-packages/numpy/core/fromnumeric.py:3432: RuntimeWarning: Mean of empty slice.
  return _methods._mean(a, axis=axis, dtype=dtype,
/mnt/data/user_liangzhiyu/envs/fedcsl/lib/python3.8/site-packages/numpy/core/_methods.py:190: RuntimeWarning: invalid value encountered in double_scalars
  ret = ret.dtype.type(ret / rcount)
/mnt/data/user_liangzhiyu/envs/fedcsl/lib/python3.8/site-packages/numpy/core/fromnumeric.py:3432: RuntimeWarning: Mean of empty slice.
  return _methods._mean(a, axis=axis, dtype=dtype,
/mnt/data/user_liangzhiyu/envs/fedcsl/lib/python3.8/site-packages/numpy/core/_methods.py:190: RuntimeWarning: invalid value encountered in double_scalars
  ret = ret.dtype.type(ret / rcount)
/mnt/data/user_liangzhiyu/envs/fedcsl/lib/python3.8/site-packages/numpy/core/fromnumeric.py:3432: RuntimeWarning: Mean of empty slice.
  return _methods._mean(a, axis=axis, dtype=dtype,
/mnt/data/user_liangzhiyu/envs/fedcsl/lib/python3.8/site-packages/numpy/core/_methods.py:190: RuntimeWarning: invalid value encountered in double_scalars
  ret = ret.dtype.type(ret / rcount)
/mnt/data/user_liangzhiyu/envs/fedcsl/lib/python3.8/site-packages/numpy/core/fromnumeric.py:3432: RuntimeWarning: Mean of empty slice.
  return _methods._mean(a, axis=axis, dtype=dtype,
/mnt/data/user_liangzhiyu/envs/fedcsl/lib/python3.8/site-packages/numpy/core/_methods.py:190: RuntimeWarning: invalid value encountered in double_scalars
  ret = ret.dtype.type(ret / rcount)
/mnt/data/user_liangzhiyu/envs/fedcsl/lib/python3.8/site-packages/numpy/core/fromnumeric.py:3432: RuntimeWarning: Mean of empty slice.
  return _methods._mean(a, axis=axis, dtype=dtype,
/mnt/data/user_liangzhiyu/envs/fedcsl/lib/python3.8/site-packages/numpy/core/_methods.py:190: RuntimeWarning: invalid value encountered in double_scalars
  ret = ret.dtype.type(ret / rcount)
/mnt/data/user_liangzhiyu/envs/fedcsl/lib/python3.8/site-packages/numpy/core/fromnumeric.py:3432: RuntimeWarning: Mean of empty slice.
  return _methods._mean(a, axis=axis, dtype=dtype,
/mnt/data/user_liangzhiyu/envs/fedcsl/lib/python3.8/site-packages/numpy/core/_methods.py:190: RuntimeWarning: invalid value encountered in double_scalars
  ret = ret.dtype.type(ret / rcount)
/mnt/data/user_liangzhiyu/envs/fedcsl/lib/python3.8/site-packages/numpy/core/fromnumeric.py:3432: RuntimeWarning: Mean of empty slice.
  return _methods._mean(a, axis=axis, dtype=dtype,
/mnt/data/user_liangzhiyu/envs/fedcsl/lib/python3.8/site-packages/numpy/core/_methods.py:190: RuntimeWarning: invalid value encountered in double_scalars
  ret = ret.dtype.type(ret / rcount)
/mnt/data/user_liangzhiyu/envs/fedcsl/lib/python3.8/site-packages/numpy/core/fromnumeric.py:3432: RuntimeWarning: Mean of empty slice.
  return _methods._mean(a, axis=axis, dtype=dtype,
/mnt/data/user_liangzhiyu/envs/fedcsl/lib/python3.8/site-packages/numpy/core/_methods.py:190: RuntimeWarning: invalid value encountered in double_scalars
  ret = ret.dtype.type(ret / rcount)
/mnt/data/user_liangzhiyu/envs/fedcsl/lib/python3.8/site-packages/numpy/core/fromnumeric.py:3432: RuntimeWarning: Mean of empty slice.
  return _methods._mean(a, axis=axis, dtype=dtype,
/mnt/data/user_liangzhiyu/envs/fedcsl/lib/python3.8/site-packages/numpy/core/_methods.py:190: RuntimeWarning: invalid value encountered in double_scalars
  ret = ret.dtype.type(ret / rcount)
/mnt/data/user_liangzhiyu/envs/fedcsl/lib/python3.8/site-packages/numpy/core/fromnumeric.py:3432: RuntimeWarning: Mean of empty slice.
  return _methods._mean(a, axis=axis, dtype=dtype,
/mnt/data/user_liangzhiyu/envs/fedcsl/lib/python3.8/site-packages/numpy/core/_methods.py:190: RuntimeWarning: invalid value encountered in double_scalars
  ret = ret.dtype.type(ret / rcount)
/mnt/data/user_liangzhiyu/envs/fedcsl/lib/python3.8/site-packages/numpy/core/fromnumeric.py:3432: RuntimeWarning: Mean of empty slice.
  return _methods._mean(a, axis=axis, dtype=dtype,
/mnt/data/user_liangzhiyu/envs/fedcsl/lib/python3.8/site-packages/numpy/core/_methods.py:190: RuntimeWarning: invalid value encountered in double_scalars
  ret = ret.dtype.type(ret / rcount)
/mnt/data/user_liangzhiyu/envs/fedcsl/lib/python3.8/site-packages/numpy/core/fromnumeric.py:3432: RuntimeWarning: Mean of empty slice.
  return _methods._mean(a, axis=axis, dtype=dtype,
/mnt/data/user_liangzhiyu/envs/fedcsl/lib/python3.8/site-packages/numpy/core/_methods.py:190: RuntimeWarning: invalid value encountered in double_scalars
  ret = ret.dtype.type(ret / rcount)
/mnt/data/user_liangzhiyu/envs/fedcsl/lib/python3.8/site-packages/numpy/core/fromnumeric.py:3432: RuntimeWarning: Mean of empty slice.
  return _methods._mean(a, axis=axis, dtype=dtype,
/mnt/data/user_liangzhiyu/envs/fedcsl/lib/python3.8/site-packages/numpy/core/_methods.py:190: RuntimeWarning: invalid value encountered in double_scalars
  ret = ret.dtype.type(ret / rcount)
/mnt/data/user_liangzhiyu/envs/fedcsl/lib/python3.8/site-packages/numpy/core/fromnumeric.py:3432: RuntimeWarning: Mean of empty slice.
  return _methods._mean(a, axis=axis, dtype=dtype,
/mnt/data/user_liangzhiyu/envs/fedcsl/lib/python3.8/site-packages/numpy/core/_methods.py:190: RuntimeWarning: invalid value encountered in double_scalars
  ret = ret.dtype.type(ret / rcount)
/mnt/data/user_liangzhiyu/envs/fedcsl/lib/python3.8/site-packages/numpy/core/fromnumeric.py:3432: RuntimeWarning: Mean of empty slice.
  return _methods._mean(a, axis=axis, dtype=dtype,
/mnt/data/user_liangzhiyu/envs/fedcsl/lib/python3.8/site-packages/numpy/core/_methods.py:190: RuntimeWarning: invalid value encountered in double_scalars
  ret = ret.dtype.type(ret / rcount)
/mnt/data/user_liangzhiyu/envs/fedcsl/lib/python3.8/site-packages/numpy/core/fromnumeric.py:3432: RuntimeWarning: Mean of empty slice.
  return _methods._mean(a, axis=axis, dtype=dtype,
/mnt/data/user_liangzhiyu/envs/fedcsl/lib/python3.8/site-packages/numpy/core/_methods.py:190: RuntimeWarning: invalid value encountered in double_scalars
  ret = ret.dtype.type(ret / rcount)
/mnt/data/user_liangzhiyu/envs/fedcsl/lib/python3.8/site-packages/numpy/core/fromnumeric.py:3432: RuntimeWarning: Mean of empty slice.
  return _methods._mean(a, axis=axis, dtype=dtype,
/mnt/data/user_liangzhiyu/envs/fedcsl/lib/python3.8/site-packages/numpy/core/_methods.py:190: RuntimeWarning: invalid value encountered in double_scalars
  ret = ret.dtype.type(ret / rcount)
/mnt/data/user_liangzhiyu/envs/fedcsl/lib/python3.8/site-packages/numpy/core/fromnumeric.py:3432: RuntimeWarning: Mean of empty slice.
  return _methods._mean(a, axis=axis, dtype=dtype,
/mnt/data/user_liangzhiyu/envs/fedcsl/lib/python3.8/site-packages/numpy/core/_methods.py:190: RuntimeWarning: invalid value encountered in double_scalars
  ret = ret.dtype.type(ret / rcount)
/mnt/data/user_liangzhiyu/envs/fedcsl/lib/python3.8/site-packages/numpy/core/fromnumeric.py:3432: RuntimeWarning: Mean of empty slice.
  return _methods._mean(a, axis=axis, dtype=dtype,
/mnt/data/user_liangzhiyu/envs/fedcsl/lib/python3.8/site-packages/numpy/core/_methods.py:190: RuntimeWarning: invalid value encountered in double_scalars
  ret = ret.dtype.type(ret / rcount)
/mnt/data/user_liangzhiyu/envs/fedcsl/lib/python3.8/site-packages/numpy/core/fromnumeric.py:3432: RuntimeWarning: Mean of empty slice.
  return _methods._mean(a, axis=axis, dtype=dtype,
/mnt/data/user_liangzhiyu/envs/fedcsl/lib/python3.8/site-packages/numpy/core/_methods.py:190: RuntimeWarning: invalid value encountered in double_scalars
  ret = ret.dtype.type(ret / rcount)
/mnt/data/user_liangzhiyu/envs/fedcsl/lib/python3.8/site-packages/numpy/core/fromnumeric.py:3432: RuntimeWarning: Mean of empty slice.
  return _methods._mean(a, axis=axis, dtype=dtype,
/mnt/data/user_liangzhiyu/envs/fedcsl/lib/python3.8/site-packages/numpy/core/_methods.py:190: RuntimeWarning: invalid value encountered in double_scalars
  ret = ret.dtype.type(ret / rcount)
/mnt/data/user_liangzhiyu/envs/fedcsl/lib/python3.8/site-packages/numpy/core/fromnumeric.py:3432: RuntimeWarning: Mean of empty slice.
  return _methods._mean(a, axis=axis, dtype=dtype,
/mnt/data/user_liangzhiyu/envs/fedcsl/lib/python3.8/site-packages/numpy/core/_methods.py:190: RuntimeWarning: invalid value encountered in double_scalars
  ret = ret.dtype.type(ret / rcount)
/mnt/data/user_liangzhiyu/envs/fedcsl/lib/python3.8/site-packages/numpy/core/fromnumeric.py:3432: RuntimeWarning: Mean of empty slice.
  return _methods._mean(a, axis=axis, dtype=dtype,
/mnt/data/user_liangzhiyu/envs/fedcsl/lib/python3.8/site-packages/numpy/core/_methods.py:190: RuntimeWarning: invalid value encountered in double_scalars
  ret = ret.dtype.type(ret / rcount)
/mnt/data/user_liangzhiyu/envs/fedcsl/lib/python3.8/site-packages/numpy/core/fromnumeric.py:3432: RuntimeWarning: Mean of empty slice.
  return _methods._mean(a, axis=axis, dtype=dtype,
/mnt/data/user_liangzhiyu/envs/fedcsl/lib/python3.8/site-packages/numpy/core/_methods.py:190: RuntimeWarning: invalid value encountered in double_scalars
  ret = ret.dtype.type(ret / rcount)
/mnt/data/user_liangzhiyu/envs/fedcsl/lib/python3.8/site-packages/numpy/core/fromnumeric.py:3432: RuntimeWarning: Mean of empty slice.
  return _methods._mean(a, axis=axis, dtype=dtype,
/mnt/data/user_liangzhiyu/envs/fedcsl/lib/python3.8/site-packages/numpy/core/_methods.py:190: RuntimeWarning: invalid value encountered in double_scalars
  ret = ret.dtype.type(ret / rcount)
/mnt/data/user_liangzhiyu/envs/fedcsl/lib/python3.8/site-packages/numpy/core/fromnumeric.py:3432: RuntimeWarning: Mean of empty slice.
  return _methods._mean(a, axis=axis, dtype=dtype,
/mnt/data/user_liangzhiyu/envs/fedcsl/lib/python3.8/site-packages/numpy/core/_methods.py:190: RuntimeWarning: invalid value encountered in double_scalars
  ret = ret.dtype.type(ret / rcount)
/mnt/data/user_liangzhiyu/envs/fedcsl/lib/python3.8/site-packages/numpy/core/fromnumeric.py:3432: RuntimeWarning: Mean of empty slice.
  return _methods._mean(a, axis=axis, dtype=dtype,
/mnt/data/user_liangzhiyu/envs/fedcsl/lib/python3.8/site-packages/numpy/core/_methods.py:190: RuntimeWarning: invalid value encountered in double_scalars
  ret = ret.dtype.type(ret / rcount)
/mnt/data/user_liangzhiyu/envs/fedcsl/lib/python3.8/site-packages/numpy/core/fromnumeric.py:3432: RuntimeWarning: Mean of empty slice.
  return _methods._mean(a, axis=axis, dtype=dtype,
/mnt/data/user_liangzhiyu/envs/fedcsl/lib/python3.8/site-packages/numpy/core/_methods.py:190: RuntimeWarning: invalid value encountered in double_scalars
  ret = ret.dtype.type(ret / rcount)
/mnt/data/user_liangzhiyu/envs/fedcsl/lib/python3.8/site-packages/numpy/core/fromnumeric.py:3432: RuntimeWarning: Mean of empty slice.
  return _methods._mean(a, axis=axis, dtype=dtype,
/mnt/data/user_liangzhiyu/envs/fedcsl/lib/python3.8/site-packages/numpy/core/_methods.py:190: RuntimeWarning: invalid value encountered in double_scalars
  ret = ret.dtype.type(ret / rcount)
/mnt/data/user_liangzhiyu/envs/fedcsl/lib/python3.8/site-packages/numpy/core/fromnumeric.py:3432: RuntimeWarning: Mean of empty slice.
  return _methods._mean(a, axis=axis, dtype=dtype,
/mnt/data/user_liangzhiyu/envs/fedcsl/lib/python3.8/site-packages/numpy/core/_methods.py:190: RuntimeWarning: invalid value encountered in double_scalars
  ret = ret.dtype.type(ret / rcount)
/mnt/data/user_liangzhiyu/envs/fedcsl/lib/python3.8/site-packages/numpy/core/fromnumeric.py:3432: RuntimeWarning: Mean of empty slice.
  return _methods._mean(a, axis=axis, dtype=dtype,
/mnt/data/user_liangzhiyu/envs/fedcsl/lib/python3.8/site-packages/numpy/core/_methods.py:190: RuntimeWarning: invalid value encountered in double_scalars
  ret = ret.dtype.type(ret / rcount)
/mnt/data/user_liangzhiyu/envs/fedcsl/lib/python3.8/site-packages/numpy/core/fromnumeric.py:3432: RuntimeWarning: Mean of empty slice.
  return _methods._mean(a, axis=axis, dtype=dtype,
/mnt/data/user_liangzhiyu/envs/fedcsl/lib/python3.8/site-packages/numpy/core/_methods.py:190: RuntimeWarning: invalid value encountered in double_scalars
  ret = ret.dtype.type(ret / rcount)
/mnt/data/user_liangzhiyu/envs/fedcsl/lib/python3.8/site-packages/numpy/core/fromnumeric.py:3432: RuntimeWarning: Mean of empty slice.
  return _methods._mean(a, axis=axis, dtype=dtype,
/mnt/data/user_liangzhiyu/envs/fedcsl/lib/python3.8/site-packages/numpy/core/_methods.py:190: RuntimeWarning: invalid value encountered in double_scalars
  ret = ret.dtype.type(ret / rcount)
/mnt/data/user_liangzhiyu/envs/fedcsl/lib/python3.8/site-packages/numpy/core/fromnumeric.py:3432: RuntimeWarning: Mean of empty slice.
  return _methods._mean(a, axis=axis, dtype=dtype,
/mnt/data/user_liangzhiyu/envs/fedcsl/lib/python3.8/site-packages/numpy/core/_methods.py:190: RuntimeWarning: invalid value encountered in double_scalars
  ret = ret.dtype.type(ret / rcount)
/mnt/data/user_liangzhiyu/envs/fedcsl/lib/python3.8/site-packages/numpy/core/fromnumeric.py:3432: RuntimeWarning: Mean of empty slice.
  return _methods._mean(a, axis=axis, dtype=dtype,
/mnt/data/user_liangzhiyu/envs/fedcsl/lib/python3.8/site-packages/numpy/core/_methods.py:190: RuntimeWarning: invalid value encountered in double_scalars
  ret = ret.dtype.type(ret / rcount)
/mnt/data/user_liangzhiyu/envs/fedcsl/lib/python3.8/site-packages/numpy/core/fromnumeric.py:3432: RuntimeWarning: Mean of empty slice.
  return _methods._mean(a, axis=axis, dtype=dtype,
/mnt/data/user_liangzhiyu/envs/fedcsl/lib/python3.8/site-packages/numpy/core/_methods.py:190: RuntimeWarning: invalid value encountered in double_scalars
  ret = ret.dtype.type(ret / rcount)
/mnt/data/user_liangzhiyu/envs/fedcsl/lib/python3.8/site-packages/numpy/core/fromnumeric.py:3432: RuntimeWarning: Mean of empty slice.
  return _methods._mean(a, axis=axis, dtype=dtype,
/mnt/data/user_liangzhiyu/envs/fedcsl/lib/python3.8/site-packages/numpy/core/_methods.py:190: RuntimeWarning: invalid value encountered in double_scalars
  ret = ret.dtype.type(ret / rcount)
/mnt/data/user_liangzhiyu/envs/fedcsl/lib/python3.8/site-packages/numpy/core/fromnumeric.py:3432: RuntimeWarning: Mean of empty slice.
  return _methods._mean(a, axis=axis, dtype=dtype,
/mnt/data/user_liangzhiyu/envs/fedcsl/lib/python3.8/site-packages/numpy/core/_methods.py:190: RuntimeWarning: invalid value encountered in double_scalars
  ret = ret.dtype.type(ret / rcount)
/mnt/data/user_liangzhiyu/envs/fedcsl/lib/python3.8/site-packages/numpy/core/fromnumeric.py:3432: RuntimeWarning: Mean of empty slice.
  return _methods._mean(a, axis=axis, dtype=dtype,
/mnt/data/user_liangzhiyu/envs/fedcsl/lib/python3.8/site-packages/numpy/core/_methods.py:190: RuntimeWarning: invalid value encountered in double_scalars
  ret = ret.dtype.type(ret / rcount)
/mnt/data/user_liangzhiyu/envs/fedcsl/lib/python3.8/site-packages/numpy/core/fromnumeric.py:3432: RuntimeWarning: Mean of empty slice.
  return _methods._mean(a, axis=axis, dtype=dtype,
/mnt/data/user_liangzhiyu/envs/fedcsl/lib/python3.8/site-packages/numpy/core/_methods.py:190: RuntimeWarning: invalid value encountered in double_scalars
  ret = ret.dtype.type(ret / rcount)
/mnt/data/user_liangzhiyu/envs/fedcsl/lib/python3.8/site-packages/numpy/core/fromnumeric.py:3432: RuntimeWarning: Mean of empty slice.
  return _methods._mean(a, axis=axis, dtype=dtype,
/mnt/data/user_liangzhiyu/envs/fedcsl/lib/python3.8/site-packages/numpy/core/_methods.py:190: RuntimeWarning: invalid value encountered in double_scalars
  ret = ret.dtype.type(ret / rcount)
/mnt/data/user_liangzhiyu/envs/fedcsl/lib/python3.8/site-packages/numpy/core/fromnumeric.py:3432: RuntimeWarning: Mean of empty slice.
  return _methods._mean(a, axis=axis, dtype=dtype,
/mnt/data/user_liangzhiyu/envs/fedcsl/lib/python3.8/site-packages/numpy/core/_methods.py:190: RuntimeWarning: invalid value encountered in double_scalars
  ret = ret.dtype.type(ret / rcount)
/mnt/data/user_liangzhiyu/envs/fedcsl/lib/python3.8/site-packages/numpy/core/fromnumeric.py:3432: RuntimeWarning: Mean of empty slice.
  return _methods._mean(a, axis=axis, dtype=dtype,
/mnt/data/user_liangzhiyu/envs/fedcsl/lib/python3.8/site-packages/numpy/core/_methods.py:190: RuntimeWarning: invalid value encountered in double_scalars
  ret = ret.dtype.type(ret / rcount)
/mnt/data/user_liangzhiyu/envs/fedcsl/lib/python3.8/site-packages/numpy/core/fromnumeric.py:3432: RuntimeWarning: Mean of empty slice.
  return _methods._mean(a, axis=axis, dtype=dtype,
/mnt/data/user_liangzhiyu/envs/fedcsl/lib/python3.8/site-packages/numpy/core/_methods.py:190: RuntimeWarning: invalid value encountered in double_scalars
  ret = ret.dtype.type(ret / rcount)
/mnt/data/user_liangzhiyu/envs/fedcsl/lib/python3.8/site-packages/numpy/core/fromnumeric.py:3432: RuntimeWarning: Mean of empty slice.
  return _methods._mean(a, axis=axis, dtype=dtype,
/mnt/data/user_liangzhiyu/envs/fedcsl/lib/python3.8/site-packages/numpy/core/_methods.py:190: RuntimeWarning: invalid value encountered in double_scalars
  ret = ret.dtype.type(ret / rcount)
/mnt/data/user_liangzhiyu/envs/fedcsl/lib/python3.8/site-packages/numpy/core/fromnumeric.py:3432: RuntimeWarning: Mean of empty slice.
  return _methods._mean(a, axis=axis, dtype=dtype,
/mnt/data/user_liangzhiyu/envs/fedcsl/lib/python3.8/site-packages/numpy/core/_methods.py:190: RuntimeWarning: invalid value encountered in double_scalars
  ret = ret.dtype.type(ret / rcount)
/mnt/data/user_liangzhiyu/envs/fedcsl/lib/python3.8/site-packages/numpy/core/fromnumeric.py:3432: RuntimeWarning: Mean of empty slice.
  return _methods._mean(a, axis=axis, dtype=dtype,
/mnt/data/user_liangzhiyu/envs/fedcsl/lib/python3.8/site-packages/numpy/core/_methods.py:190: RuntimeWarning: invalid value encountered in double_scalars
  ret = ret.dtype.type(ret / rcount)
/mnt/data/user_liangzhiyu/envs/fedcsl/lib/python3.8/site-packages/numpy/core/fromnumeric.py:3432: RuntimeWarning: Mean of empty slice.
  return _methods._mean(a, axis=axis, dtype=dtype,
/mnt/data/user_liangzhiyu/envs/fedcsl/lib/python3.8/site-packages/numpy/core/_methods.py:190: RuntimeWarning: invalid value encountered in double_scalars
  ret = ret.dtype.type(ret / rcount)
/mnt/data/user_liangzhiyu/envs/fedcsl/lib/python3.8/site-packages/numpy/core/fromnumeric.py:3432: RuntimeWarning: Mean of empty slice.
  return _methods._mean(a, axis=axis, dtype=dtype,
/mnt/data/user_liangzhiyu/envs/fedcsl/lib/python3.8/site-packages/numpy/core/_methods.py:190: RuntimeWarning: invalid value encountered in double_scalars
  ret = ret.dtype.type(ret / rcount)
/mnt/data/user_liangzhiyu/envs/fedcsl/lib/python3.8/site-packages/numpy/core/fromnumeric.py:3432: RuntimeWarning: Mean of empty slice.
  return _methods._mean(a, axis=axis, dtype=dtype,
/mnt/data/user_liangzhiyu/envs/fedcsl/lib/python3.8/site-packages/numpy/core/_methods.py:190: RuntimeWarning: invalid value encountered in double_scalars
  ret = ret.dtype.type(ret / rcount)
/mnt/data/user_liangzhiyu/envs/fedcsl/lib/python3.8/site-packages/numpy/core/fromnumeric.py:3432: RuntimeWarning: Mean of empty slice.
  return _methods._mean(a, axis=axis, dtype=dtype,
/mnt/data/user_liangzhiyu/envs/fedcsl/lib/python3.8/site-packages/numpy/core/_methods.py:190: RuntimeWarning: invalid value encountered in double_scalars
  ret = ret.dtype.type(ret / rcount)
/mnt/data/user_liangzhiyu/envs/fedcsl/lib/python3.8/site-packages/numpy/core/fromnumeric.py:3432: RuntimeWarning: Mean of empty slice.
  return _methods._mean(a, axis=axis, dtype=dtype,
/mnt/data/user_liangzhiyu/envs/fedcsl/lib/python3.8/site-packages/numpy/core/_methods.py:190: RuntimeWarning: invalid value encountered in double_scalars
  ret = ret.dtype.type(ret / rcount)
/mnt/data/user_liangzhiyu/envs/fedcsl/lib/python3.8/site-packages/numpy/core/fromnumeric.py:3432: RuntimeWarning: Mean of empty slice.
  return _methods._mean(a, axis=axis, dtype=dtype,
/mnt/data/user_liangzhiyu/envs/fedcsl/lib/python3.8/site-packages/numpy/core/_methods.py:190: RuntimeWarning: invalid value encountered in double_scalars
  ret = ret.dtype.type(ret / rcount)
/mnt/data/user_liangzhiyu/envs/fedcsl/lib/python3.8/site-packages/numpy/core/fromnumeric.py:3432: RuntimeWarning: Mean of empty slice.
  return _methods._mean(a, axis=axis, dtype=dtype,
/mnt/data/user_liangzhiyu/envs/fedcsl/lib/python3.8/site-packages/numpy/core/_methods.py:190: RuntimeWarning: invalid value encountered in double_scalars
  ret = ret.dtype.type(ret / rcount)
[0.09514033 0.10277917 0.11127909 0.12035814 0.12964186 0.13872091
 0.14722083 0.15485967]
12
<class 'pandas.core.frame.DataFrame'>
RangeIndex: 12 entries, 0 to 11
Data columns (total 5 columns):
 #   Column      Non-Null Count  Dtype 
---  ------      --------------  ----- 
 0   dim_0       12 non-null     object
 1   dim_1       12 non-null     object
 2   dim_2       12 non-null     object
 3   dim_3       12 non-null     object
 4   class_vals  12 non-null     object
dtypes: object(5)
memory usage: 608.0+ bytes
None
{2500}
<class 'pandas.core.frame.DataFrame'>
RangeIndex: 12 entries, 0 to 11
Data columns (total 5 columns):
 #   Column      Non-Null Count  Dtype 
---  ------      --------------  ----- 
 0   dim_0       12 non-null     object
 1   dim_1       12 non-null     object
 2   dim_2       12 non-null     object
 3   dim_3       12 non-null     object
 4   class_vals  12 non-null     object
dtypes: object(5)
memory usage: 608.0+ bytes
None
[0 0 0 0 1 1 1 1 2 2 2 2]
[8 9]
[2, 2]
[0, 0, 0, 1, 2]
[0, 1, 1, 1, 2]
shapelet initialized! 

All 3 clinet initialized! 

(2, 3)
(5, 3)
(5, 3)
[1.05530355 1.35894069 0.58575576]
Classification: 1.0 0.4 0
(2, 3)
(5, 3)
(5, 3)
[1.05530355 1.35894069 0.58575576]
Classification: 1.0 0.4 1
(2, 3)
(5, 3)
(5, 3)
[1.05530355 1.35894069 0.58575576]
Classification: 1.0 0.4 2
(2, 3)
(5, 3)
(5, 3)
[1.05530355 1.35894069 0.58575576]
Classification: 1.0 0.4 3
(2, 3)
(5, 3)
(5, 3)
[1.05530355 1.35894069 0.58575576]
Classification: 1.0 0.4 4
(2, 3)
(5, 3)
(5, 3)
[1.05530355 1.35894069 0.58575576]
Classification: 1.0 0.4 5
(2, 3)
(5, 3)
(5, 3)
[1.05530355 1.35894069 0.58575576]
Classification: 1.0 0.4 6
(2, 3)
(5, 3)
(5, 3)
[1.05530355 1.35894069 0.58575576]
Classification: 1.0 0.4 7
(2, 3)
(5, 3)
(5, 3)
[1.05530355 1.35894069 0.58575576]
Classification: 1.0 0.4 8
(2, 3)
(5, 3)
(5, 3)
[1.05530355 1.35894069 0.58575576]
Classification: 1.0 0.4 9
(2, 3)
(5, 3)
(5, 3)
[1.05530355 1.35894069 0.58575576]
Classification: 1.0 0.4 10
(2, 3)
(5, 3)
(5, 3)
[1.05530355 1.35894069 0.58575576]
Classification: 1.0 0.4 11
(2, 3)
(5, 3)
(5, 3)
[1.05530355 1.35894069 0.58575576]
Classification: 1.0 0.4 12
(2, 3)
(5, 3)
(5, 3)
[1.05530355 1.35894069 0.58575576]
Classification: 1.0 0.4 13
(2, 3)
(5, 3)
(5, 3)
[1.05530355 1.35894069 0.58575576]
Classification: 1.0 0.4 14
(2, 3)
(5, 3)
(5, 3)
[1.05530355 1.35894069 0.58575576]
Classification: 1.0 0.4 15
(2, 3)
(5, 3)
(5, 3)
[1.05530355 1.35894069 0.58575576]
Classification: 1.0 0.4 16
(2, 3)
(5, 3)
(5, 3)
[1.05530355 1.35894069 0.58575576]
Classification: 1.0 0.4 17
(2, 3)
(5, 3)
(5, 3)
[1.05530355 1.35894069 0.58575576]
Classification: 1.0 0.4 18
(2, 3)
(5, 3)
(5, 3)
[1.05530355 1.35894069 0.58575576]
Classification: 1.0 0.4 19
(2, 3)
(5, 3)
(5, 3)
[1.05530355 1.35894069 0.58575576]
Classification: 1.0 0.4 20
(2, 3)
(5, 3)
(5, 3)
[1.05530355 1.35894069 0.58575576]
Classification: 1.0 0.4 21
(2, 3)
(5, 3)
(5, 3)
[1.05530355 1.35894069 0.58575576]
Classification: 1.0 0.4 22
(2, 3)
(5, 3)
(5, 3)
[1.05530355 1.35894069 0.58575576]
Classification: 1.0 0.4 23
(2, 3)
(5, 3)
(5, 3)
[1.05530355 1.35894069 0.58575576]
Classification: 1.0 0.4 24
(2, 3)
(5, 3)
(5, 3)
[1.05530355 1.35894069 0.58575576]
Classification: 1.0 0.4 25
(2, 3)
(5, 3)
(5, 3)
[1.05530355 1.35894069 0.58575576]
Classification: 1.0 0.4 26
(2, 3)
(5, 3)
(5, 3)
[1.05530355 1.35894069 0.58575576]
Classification: 1.0 0.4 27
(2, 3)
(5, 3)
(5, 3)
[1.05530355 1.35894069 0.58575576]
Classification: 1.0 0.4 28
(2, 3)
(5, 3)
(5, 3)
[1.05530355 1.35894069 0.58575576]
Classification: 1.0 0.4 29
(2, 3)
(5, 3)
(5, 3)
[1.05530355 1.35894069 0.58575576]
Classification: 1.0 0.4 30
(2, 3)
(5, 3)
(5, 3)
[1.05530355 1.35894069 0.58575576]
Classification: 1.0 0.4 31
(2, 3)
(5, 3)
(5, 3)
[1.05530355 1.35894069 0.58575576]
Classification: 1.0 0.4 32
(2, 3)
(5, 3)
(5, 3)
[1.05530355 1.35894069 0.58575576]
Classification: 1.0 0.4 33
(2, 3)
(5, 3)
(5, 3)
[1.05530355 1.35894069 0.58575576]
Classification: 1.0 0.4 34
(2, 3)
(5, 3)
(5, 3)
[1.05530355 1.35894069 0.58575576]
Classification: 1.0 0.4 35
(2, 3)
(5, 3)
(5, 3)
[1.05530355 1.35894069 0.58575576]
Classification: 1.0 0.4 36
(2, 3)
(5, 3)
(5, 3)
[1.05530355 1.35894069 0.58575576]
Classification: 1.0 0.4 37
(2, 3)
(5, 3)
(5, 3)
[1.05530355 1.35894069 0.58575576]
Classification: 1.0 0.4 38
(2, 3)
(5, 3)
(5, 3)
[1.05530355 1.35894069 0.58575576]
Classification: 1.0 0.4 39
(2, 3)
(5, 3)
(5, 3)
[1.05530355 1.35894069 0.58575576]
Classification: 1.0 0.4 40
(2, 3)
(5, 3)
(5, 3)
[1.05530355 1.35894069 0.58575576]
Classification: 1.0 0.4 41
(2, 3)
(5, 3)
(5, 3)
[1.05530355 1.35894069 0.58575576]
Classification: 1.0 0.4 42
(2, 3)
(5, 3)
(5, 3)
[1.05530355 1.35894069 0.58575576]
Classification: 1.0 0.4 43
(2, 3)
(5, 3)
(5, 3)
[1.05530355 1.35894069 0.58575576]
Classification: 1.0 0.4 44
(2, 3)
(5, 3)
(5, 3)
[1.05530355 1.35894069 0.58575576]
Classification: 1.0 0.4 45
(2, 3)
(5, 3)
(5, 3)
[1.05530355 1.35894069 0.58575576]
Classification: 1.0 0.4 46
(2, 3)
(5, 3)
(5, 3)
[1.05530355 1.35894069 0.58575576]
Classification: 1.0 0.4 47
(2, 3)
(5, 3)
(5, 3)
[1.05530355 1.35894069 0.58575576]
Classification: 1.0 0.4 48
(2, 3)
(5, 3)
(5, 3)
[1.05530355 1.35894069 0.58575576]
Classification: 1.0 0.4 49
(2, 3)
(5, 3)
(5, 3)
[1.05530355 1.35894069 0.58575576]
Classification: 1.0 0.4 50
(2, 3)
(5, 3)
(5, 3)
[1.05530355 1.35894069 0.58575576]
Classification: 1.0 0.4 51
(2, 3)
(5, 3)
(5, 3)
[1.05530355 1.35894069 0.58575576]
Classification: 1.0 0.4 52
(2, 3)
(5, 3)
(5, 3)
[1.05530355 1.35894069 0.58575576]
Classification: 1.0 0.4 53
(2, 3)
(5, 3)
(5, 3)
[1.05530355 1.35894069 0.58575576]
Classification: 1.0 0.4 54
(2, 3)
(5, 3)
(5, 3)
[1.05530355 1.35894069 0.58575576]
Classification: 1.0 0.4 55
(2, 3)
(5, 3)
(5, 3)
[1.05530355 1.35894069 0.58575576]
Classification: 1.0 0.4 56
(2, 3)
(5, 3)
(5, 3)
[1.05530355 1.35894069 0.58575576]
Classification: 1.0 0.4 57
(2, 3)
(5, 3)
(5, 3)
[1.05530355 1.35894069 0.58575576]
Classification: 1.0 0.4 58
(2, 3)
(5, 3)
(5, 3)
[1.05530355 1.35894069 0.58575576]
Classification: 1.0 0.4 59
(2, 3)
(5, 3)
(5, 3)
[1.05530355 1.35894069 0.58575576]
Classification: 1.0 0.4 60
(2, 3)
(5, 3)
(5, 3)
[1.05530355 1.35894069 0.58575576]
Classification: 1.0 0.4 61
(2, 3)
(5, 3)
(5, 3)
[1.05530355 1.35894069 0.58575576]
Classification: 1.0 0.4 62
(2, 3)
(5, 3)
(5, 3)
[1.05530355 1.35894069 0.58575576]
Classification: 1.0 0.4 63
(2, 3)
(5, 3)
(5, 3)
[1.05530355 1.35894069 0.58575576]
Classification: 1.0 0.4 64
(2, 3)
(5, 3)
(5, 3)
[1.05530355 1.35894069 0.58575576]
Classification: 1.0 0.4 65
(2, 3)
(5, 3)
(5, 3)
[1.05530355 1.35894069 0.58575576]
Classification: 1.0 0.4 66
(2, 3)
(5, 3)
(5, 3)
[1.05530355 1.35894069 0.58575576]
Classification: 1.0 0.4 67
(2, 3)
(5, 3)
(5, 3)
[1.05530355 1.35894069 0.58575576]
Classification: 1.0 0.4 68
(2, 3)
(5, 3)
(5, 3)
[1.05530355 1.35894069 0.58575576]
Classification: 1.0 0.4 69
(2, 3)
(5, 3)
(5, 3)
[1.05530355 1.35894069 0.58575576]
Classification: 1.0 0.4 70
(2, 3)
(5, 3)
(5, 3)
[1.05530355 1.35894069 0.58575576]
Classification: 1.0 0.4 71
(2, 3)
(5, 3)
(5, 3)
[1.05530355 1.35894069 0.58575576]
Classification: 1.0 0.4 72
(2, 3)
(5, 3)
(5, 3)
[1.05530355 1.35894069 0.58575576]
Classification: 1.0 0.4 73
(2, 3)
(5, 3)
(5, 3)
[1.05530355 1.35894069 0.58575576]
Classification: 1.0 0.4 74
(2, 3)
(5, 3)
(5, 3)
[1.05530355 1.35894069 0.58575576]
Classification: 1.0 0.4 75
(2, 3)
(5, 3)
(5, 3)
[1.05530355 1.35894069 0.58575576]
Classification: 1.0 0.4 76
(2, 3)
(5, 3)
(5, 3)
[1.05530355 1.35894069 0.58575576]
Classification: 1.0 0.4 77
(2, 3)
(5, 3)
(5, 3)
[1.05530355 1.35894069 0.58575576]
Classification: 1.0 0.4 78
(2, 3)
(5, 3)
(5, 3)
[1.05530355 1.35894069 0.58575576]
Classification: 1.0 0.4 79
Traceback (most recent call last):
  File "FedCSL_All.py", line 331, in <module>
    train(dataset=args.dataset)
  File "FedCSL_All.py", line 254, in train
    losses = c.train(X_fed[idx], epochs=numEpoch, batch_size=batch_size, epoch_idx=-1,lr=lr)
  File "/mnt/data/user_liangzhiyu/lixiongfei/CSL-main/train.py", line 441, in train
    C_accu_q = [torch.tensor([0], dtype=torch.float).cuda() for _ in range(len(self.shapelets_size_and_len))]
  File "/mnt/data/user_liangzhiyu/lixiongfei/CSL-main/train.py", line 441, in <listcomp>
    C_accu_q = [torch.tensor([0], dtype=torch.float).cuda() for _ in range(len(self.shapelets_size_and_len))]
KeyboardInterrupt
Running experiment with dataset: StandWalkJump, config: ./result/ablation_study/config_StandWalkJump.yml
/mnt/data/user_liangzhiyu/envs/fedcsl/lib/python3.8/site-packages/scipy/__init__.py:146: UserWarning: A NumPy version >=1.16.5 and <1.23.0 is required for this version of SciPy (detected version 1.23.5
  warnings.warn(f"A NumPy version >={np_minversion} and <{np_maxversion}"
/mnt/data/user_liangzhiyu/envs/fedcsl/lib/python3.8/site-packages/tslearn/bases/bases.py:15: UserWarning: h5py not installed, hdf5 features will not be supported.
Install h5py to use hdf5 features: http://docs.h5py.org/
  warn(h5py_msg)
/mnt/data/user_liangzhiyu/lixiongfei/CSL-main/train.py:392: UserWarning: Creating a tensor from a list of numpy.ndarrays is extremely slow. Please consider converting the list to a single numpy.ndarray with numpy.array() before converting to a tensor. (Triggered internally at /opt/conda/conda-bld/pytorch_1724789259345/work/torch/csrc/utils/tensor_new.cpp:278.)
  X = torch.tensor(X, dtype=torch.float).contiguous()
/mnt/data/user_liangzhiyu/envs/fedcsl/lib/python3.8/site-packages/numpy/core/fromnumeric.py:3432: RuntimeWarning: Mean of empty slice.
  return _methods._mean(a, axis=axis, dtype=dtype,
/mnt/data/user_liangzhiyu/envs/fedcsl/lib/python3.8/site-packages/numpy/core/_methods.py:190: RuntimeWarning: invalid value encountered in double_scalars
  ret = ret.dtype.type(ret / rcount)
/mnt/data/user_liangzhiyu/envs/fedcsl/lib/python3.8/site-packages/numpy/core/fromnumeric.py:3432: RuntimeWarning: Mean of empty slice.
  return _methods._mean(a, axis=axis, dtype=dtype,
/mnt/data/user_liangzhiyu/envs/fedcsl/lib/python3.8/site-packages/numpy/core/_methods.py:190: RuntimeWarning: invalid value encountered in double_scalars
  ret = ret.dtype.type(ret / rcount)
/mnt/data/user_liangzhiyu/envs/fedcsl/lib/python3.8/site-packages/numpy/core/fromnumeric.py:3432: RuntimeWarning: Mean of empty slice.
  return _methods._mean(a, axis=axis, dtype=dtype,
/mnt/data/user_liangzhiyu/envs/fedcsl/lib/python3.8/site-packages/numpy/core/_methods.py:190: RuntimeWarning: invalid value encountered in double_scalars
  ret = ret.dtype.type(ret / rcount)
/mnt/data/user_liangzhiyu/envs/fedcsl/lib/python3.8/site-packages/numpy/core/fromnumeric.py:3432: RuntimeWarning: Mean of empty slice.
  return _methods._mean(a, axis=axis, dtype=dtype,
/mnt/data/user_liangzhiyu/envs/fedcsl/lib/python3.8/site-packages/numpy/core/_methods.py:190: RuntimeWarning: invalid value encountered in double_scalars
  ret = ret.dtype.type(ret / rcount)
/mnt/data/user_liangzhiyu/envs/fedcsl/lib/python3.8/site-packages/numpy/core/fromnumeric.py:3432: RuntimeWarning: Mean of empty slice.
  return _methods._mean(a, axis=axis, dtype=dtype,
/mnt/data/user_liangzhiyu/envs/fedcsl/lib/python3.8/site-packages/numpy/core/_methods.py:190: RuntimeWarning: invalid value encountered in double_scalars
  ret = ret.dtype.type(ret / rcount)
/mnt/data/user_liangzhiyu/envs/fedcsl/lib/python3.8/site-packages/numpy/core/fromnumeric.py:3432: RuntimeWarning: Mean of empty slice.
  return _methods._mean(a, axis=axis, dtype=dtype,
/mnt/data/user_liangzhiyu/envs/fedcsl/lib/python3.8/site-packages/numpy/core/_methods.py:190: RuntimeWarning: invalid value encountered in double_scalars
  ret = ret.dtype.type(ret / rcount)
/mnt/data/user_liangzhiyu/envs/fedcsl/lib/python3.8/site-packages/numpy/core/fromnumeric.py:3432: RuntimeWarning: Mean of empty slice.
  return _methods._mean(a, axis=axis, dtype=dtype,
/mnt/data/user_liangzhiyu/envs/fedcsl/lib/python3.8/site-packages/numpy/core/_methods.py:190: RuntimeWarning: invalid value encountered in double_scalars
  ret = ret.dtype.type(ret / rcount)
/mnt/data/user_liangzhiyu/envs/fedcsl/lib/python3.8/site-packages/numpy/core/fromnumeric.py:3432: RuntimeWarning: Mean of empty slice.
  return _methods._mean(a, axis=axis, dtype=dtype,
/mnt/data/user_liangzhiyu/envs/fedcsl/lib/python3.8/site-packages/numpy/core/_methods.py:190: RuntimeWarning: invalid value encountered in double_scalars
  ret = ret.dtype.type(ret / rcount)
/mnt/data/user_liangzhiyu/envs/fedcsl/lib/python3.8/site-packages/numpy/core/fromnumeric.py:3432: RuntimeWarning: Mean of empty slice.
  return _methods._mean(a, axis=axis, dtype=dtype,
/mnt/data/user_liangzhiyu/envs/fedcsl/lib/python3.8/site-packages/numpy/core/_methods.py:190: RuntimeWarning: invalid value encountered in double_scalars
  ret = ret.dtype.type(ret / rcount)
/mnt/data/user_liangzhiyu/envs/fedcsl/lib/python3.8/site-packages/numpy/core/fromnumeric.py:3432: RuntimeWarning: Mean of empty slice.
  return _methods._mean(a, axis=axis, dtype=dtype,
/mnt/data/user_liangzhiyu/envs/fedcsl/lib/python3.8/site-packages/numpy/core/_methods.py:190: RuntimeWarning: invalid value encountered in double_scalars
  ret = ret.dtype.type(ret / rcount)
/mnt/data/user_liangzhiyu/envs/fedcsl/lib/python3.8/site-packages/numpy/core/fromnumeric.py:3432: RuntimeWarning: Mean of empty slice.
  return _methods._mean(a, axis=axis, dtype=dtype,
/mnt/data/user_liangzhiyu/envs/fedcsl/lib/python3.8/site-packages/numpy/core/_methods.py:190: RuntimeWarning: invalid value encountered in double_scalars
  ret = ret.dtype.type(ret / rcount)
/mnt/data/user_liangzhiyu/envs/fedcsl/lib/python3.8/site-packages/numpy/core/fromnumeric.py:3432: RuntimeWarning: Mean of empty slice.
  return _methods._mean(a, axis=axis, dtype=dtype,
/mnt/data/user_liangzhiyu/envs/fedcsl/lib/python3.8/site-packages/numpy/core/_methods.py:190: RuntimeWarning: invalid value encountered in double_scalars
  ret = ret.dtype.type(ret / rcount)
/mnt/data/user_liangzhiyu/envs/fedcsl/lib/python3.8/site-packages/numpy/core/fromnumeric.py:3432: RuntimeWarning: Mean of empty slice.
  return _methods._mean(a, axis=axis, dtype=dtype,
/mnt/data/user_liangzhiyu/envs/fedcsl/lib/python3.8/site-packages/numpy/core/_methods.py:190: RuntimeWarning: invalid value encountered in double_scalars
  ret = ret.dtype.type(ret / rcount)
/mnt/data/user_liangzhiyu/envs/fedcsl/lib/python3.8/site-packages/numpy/core/fromnumeric.py:3432: RuntimeWarning: Mean of empty slice.
  return _methods._mean(a, axis=axis, dtype=dtype,
/mnt/data/user_liangzhiyu/envs/fedcsl/lib/python3.8/site-packages/numpy/core/_methods.py:190: RuntimeWarning: invalid value encountered in double_scalars
  ret = ret.dtype.type(ret / rcount)
/mnt/data/user_liangzhiyu/envs/fedcsl/lib/python3.8/site-packages/numpy/core/fromnumeric.py:3432: RuntimeWarning: Mean of empty slice.
  return _methods._mean(a, axis=axis, dtype=dtype,
/mnt/data/user_liangzhiyu/envs/fedcsl/lib/python3.8/site-packages/numpy/core/_methods.py:190: RuntimeWarning: invalid value encountered in double_scalars
  ret = ret.dtype.type(ret / rcount)
/mnt/data/user_liangzhiyu/envs/fedcsl/lib/python3.8/site-packages/numpy/core/fromnumeric.py:3432: RuntimeWarning: Mean of empty slice.
  return _methods._mean(a, axis=axis, dtype=dtype,
/mnt/data/user_liangzhiyu/envs/fedcsl/lib/python3.8/site-packages/numpy/core/_methods.py:190: RuntimeWarning: invalid value encountered in double_scalars
  ret = ret.dtype.type(ret / rcount)
/mnt/data/user_liangzhiyu/envs/fedcsl/lib/python3.8/site-packages/numpy/core/fromnumeric.py:3432: RuntimeWarning: Mean of empty slice.
  return _methods._mean(a, axis=axis, dtype=dtype,
/mnt/data/user_liangzhiyu/envs/fedcsl/lib/python3.8/site-packages/numpy/core/_methods.py:190: RuntimeWarning: invalid value encountered in double_scalars
  ret = ret.dtype.type(ret / rcount)
/mnt/data/user_liangzhiyu/envs/fedcsl/lib/python3.8/site-packages/numpy/core/fromnumeric.py:3432: RuntimeWarning: Mean of empty slice.
  return _methods._mean(a, axis=axis, dtype=dtype,
/mnt/data/user_liangzhiyu/envs/fedcsl/lib/python3.8/site-packages/numpy/core/_methods.py:190: RuntimeWarning: invalid value encountered in double_scalars
  ret = ret.dtype.type(ret / rcount)
/mnt/data/user_liangzhiyu/envs/fedcsl/lib/python3.8/site-packages/numpy/core/fromnumeric.py:3432: RuntimeWarning: Mean of empty slice.
  return _methods._mean(a, axis=axis, dtype=dtype,
/mnt/data/user_liangzhiyu/envs/fedcsl/lib/python3.8/site-packages/numpy/core/_methods.py:190: RuntimeWarning: invalid value encountered in double_scalars
  ret = ret.dtype.type(ret / rcount)
/mnt/data/user_liangzhiyu/envs/fedcsl/lib/python3.8/site-packages/numpy/core/fromnumeric.py:3432: RuntimeWarning: Mean of empty slice.
  return _methods._mean(a, axis=axis, dtype=dtype,
/mnt/data/user_liangzhiyu/envs/fedcsl/lib/python3.8/site-packages/numpy/core/_methods.py:190: RuntimeWarning: invalid value encountered in double_scalars
  ret = ret.dtype.type(ret / rcount)
/mnt/data/user_liangzhiyu/envs/fedcsl/lib/python3.8/site-packages/numpy/core/fromnumeric.py:3432: RuntimeWarning: Mean of empty slice.
  return _methods._mean(a, axis=axis, dtype=dtype,
/mnt/data/user_liangzhiyu/envs/fedcsl/lib/python3.8/site-packages/numpy/core/_methods.py:190: RuntimeWarning: invalid value encountered in double_scalars
  ret = ret.dtype.type(ret / rcount)
/mnt/data/user_liangzhiyu/envs/fedcsl/lib/python3.8/site-packages/numpy/core/fromnumeric.py:3432: RuntimeWarning: Mean of empty slice.
  return _methods._mean(a, axis=axis, dtype=dtype,
/mnt/data/user_liangzhiyu/envs/fedcsl/lib/python3.8/site-packages/numpy/core/_methods.py:190: RuntimeWarning: invalid value encountered in double_scalars
  ret = ret.dtype.type(ret / rcount)
/mnt/data/user_liangzhiyu/envs/fedcsl/lib/python3.8/site-packages/numpy/core/fromnumeric.py:3432: RuntimeWarning: Mean of empty slice.
  return _methods._mean(a, axis=axis, dtype=dtype,
/mnt/data/user_liangzhiyu/envs/fedcsl/lib/python3.8/site-packages/numpy/core/_methods.py:190: RuntimeWarning: invalid value encountered in double_scalars
  ret = ret.dtype.type(ret / rcount)
/mnt/data/user_liangzhiyu/envs/fedcsl/lib/python3.8/site-packages/numpy/core/fromnumeric.py:3432: RuntimeWarning: Mean of empty slice.
  return _methods._mean(a, axis=axis, dtype=dtype,
/mnt/data/user_liangzhiyu/envs/fedcsl/lib/python3.8/site-packages/numpy/core/_methods.py:190: RuntimeWarning: invalid value encountered in double_scalars
  ret = ret.dtype.type(ret / rcount)
/mnt/data/user_liangzhiyu/envs/fedcsl/lib/python3.8/site-packages/numpy/core/fromnumeric.py:3432: RuntimeWarning: Mean of empty slice.
  return _methods._mean(a, axis=axis, dtype=dtype,
/mnt/data/user_liangzhiyu/envs/fedcsl/lib/python3.8/site-packages/numpy/core/_methods.py:190: RuntimeWarning: invalid value encountered in double_scalars
  ret = ret.dtype.type(ret / rcount)
/mnt/data/user_liangzhiyu/envs/fedcsl/lib/python3.8/site-packages/numpy/core/fromnumeric.py:3432: RuntimeWarning: Mean of empty slice.
  return _methods._mean(a, axis=axis, dtype=dtype,
/mnt/data/user_liangzhiyu/envs/fedcsl/lib/python3.8/site-packages/numpy/core/_methods.py:190: RuntimeWarning: invalid value encountered in double_scalars
  ret = ret.dtype.type(ret / rcount)
/mnt/data/user_liangzhiyu/envs/fedcsl/lib/python3.8/site-packages/numpy/core/fromnumeric.py:3432: RuntimeWarning: Mean of empty slice.
  return _methods._mean(a, axis=axis, dtype=dtype,
/mnt/data/user_liangzhiyu/envs/fedcsl/lib/python3.8/site-packages/numpy/core/_methods.py:190: RuntimeWarning: invalid value encountered in double_scalars
  ret = ret.dtype.type(ret / rcount)
/mnt/data/user_liangzhiyu/envs/fedcsl/lib/python3.8/site-packages/numpy/core/fromnumeric.py:3432: RuntimeWarning: Mean of empty slice.
  return _methods._mean(a, axis=axis, dtype=dtype,
/mnt/data/user_liangzhiyu/envs/fedcsl/lib/python3.8/site-packages/numpy/core/_methods.py:190: RuntimeWarning: invalid value encountered in double_scalars
  ret = ret.dtype.type(ret / rcount)
/mnt/data/user_liangzhiyu/envs/fedcsl/lib/python3.8/site-packages/numpy/core/fromnumeric.py:3432: RuntimeWarning: Mean of empty slice.
  return _methods._mean(a, axis=axis, dtype=dtype,
/mnt/data/user_liangzhiyu/envs/fedcsl/lib/python3.8/site-packages/numpy/core/_methods.py:190: RuntimeWarning: invalid value encountered in double_scalars
  ret = ret.dtype.type(ret / rcount)
/mnt/data/user_liangzhiyu/envs/fedcsl/lib/python3.8/site-packages/numpy/core/fromnumeric.py:3432: RuntimeWarning: Mean of empty slice.
  return _methods._mean(a, axis=axis, dtype=dtype,
/mnt/data/user_liangzhiyu/envs/fedcsl/lib/python3.8/site-packages/numpy/core/_methods.py:190: RuntimeWarning: invalid value encountered in double_scalars
  ret = ret.dtype.type(ret / rcount)
/mnt/data/user_liangzhiyu/envs/fedcsl/lib/python3.8/site-packages/numpy/core/fromnumeric.py:3432: RuntimeWarning: Mean of empty slice.
  return _methods._mean(a, axis=axis, dtype=dtype,
/mnt/data/user_liangzhiyu/envs/fedcsl/lib/python3.8/site-packages/numpy/core/_methods.py:190: RuntimeWarning: invalid value encountered in double_scalars
  ret = ret.dtype.type(ret / rcount)
/mnt/data/user_liangzhiyu/envs/fedcsl/lib/python3.8/site-packages/numpy/core/fromnumeric.py:3432: RuntimeWarning: Mean of empty slice.
  return _methods._mean(a, axis=axis, dtype=dtype,
/mnt/data/user_liangzhiyu/envs/fedcsl/lib/python3.8/site-packages/numpy/core/_methods.py:190: RuntimeWarning: invalid value encountered in double_scalars
  ret = ret.dtype.type(ret / rcount)
/mnt/data/user_liangzhiyu/envs/fedcsl/lib/python3.8/site-packages/numpy/core/fromnumeric.py:3432: RuntimeWarning: Mean of empty slice.
  return _methods._mean(a, axis=axis, dtype=dtype,
/mnt/data/user_liangzhiyu/envs/fedcsl/lib/python3.8/site-packages/numpy/core/_methods.py:190: RuntimeWarning: invalid value encountered in double_scalars
  ret = ret.dtype.type(ret / rcount)
/mnt/data/user_liangzhiyu/envs/fedcsl/lib/python3.8/site-packages/numpy/core/fromnumeric.py:3432: RuntimeWarning: Mean of empty slice.
  return _methods._mean(a, axis=axis, dtype=dtype,
/mnt/data/user_liangzhiyu/envs/fedcsl/lib/python3.8/site-packages/numpy/core/_methods.py:190: RuntimeWarning: invalid value encountered in double_scalars
  ret = ret.dtype.type(ret / rcount)
/mnt/data/user_liangzhiyu/envs/fedcsl/lib/python3.8/site-packages/numpy/core/fromnumeric.py:3432: RuntimeWarning: Mean of empty slice.
  return _methods._mean(a, axis=axis, dtype=dtype,
/mnt/data/user_liangzhiyu/envs/fedcsl/lib/python3.8/site-packages/numpy/core/_methods.py:190: RuntimeWarning: invalid value encountered in double_scalars
  ret = ret.dtype.type(ret / rcount)
/mnt/data/user_liangzhiyu/envs/fedcsl/lib/python3.8/site-packages/numpy/core/fromnumeric.py:3432: RuntimeWarning: Mean of empty slice.
  return _methods._mean(a, axis=axis, dtype=dtype,
/mnt/data/user_liangzhiyu/envs/fedcsl/lib/python3.8/site-packages/numpy/core/_methods.py:190: RuntimeWarning: invalid value encountered in double_scalars
  ret = ret.dtype.type(ret / rcount)
/mnt/data/user_liangzhiyu/envs/fedcsl/lib/python3.8/site-packages/numpy/core/fromnumeric.py:3432: RuntimeWarning: Mean of empty slice.
  return _methods._mean(a, axis=axis, dtype=dtype,
/mnt/data/user_liangzhiyu/envs/fedcsl/lib/python3.8/site-packages/numpy/core/_methods.py:190: RuntimeWarning: invalid value encountered in double_scalars
  ret = ret.dtype.type(ret / rcount)
/mnt/data/user_liangzhiyu/envs/fedcsl/lib/python3.8/site-packages/numpy/core/fromnumeric.py:3432: RuntimeWarning: Mean of empty slice.
  return _methods._mean(a, axis=axis, dtype=dtype,
/mnt/data/user_liangzhiyu/envs/fedcsl/lib/python3.8/site-packages/numpy/core/_methods.py:190: RuntimeWarning: invalid value encountered in double_scalars
  ret = ret.dtype.type(ret / rcount)
/mnt/data/user_liangzhiyu/envs/fedcsl/lib/python3.8/site-packages/numpy/core/fromnumeric.py:3432: RuntimeWarning: Mean of empty slice.
  return _methods._mean(a, axis=axis, dtype=dtype,
/mnt/data/user_liangzhiyu/envs/fedcsl/lib/python3.8/site-packages/numpy/core/_methods.py:190: RuntimeWarning: invalid value encountered in double_scalars
  ret = ret.dtype.type(ret / rcount)
/mnt/data/user_liangzhiyu/envs/fedcsl/lib/python3.8/site-packages/numpy/core/fromnumeric.py:3432: RuntimeWarning: Mean of empty slice.
  return _methods._mean(a, axis=axis, dtype=dtype,
/mnt/data/user_liangzhiyu/envs/fedcsl/lib/python3.8/site-packages/numpy/core/_methods.py:190: RuntimeWarning: invalid value encountered in double_scalars
  ret = ret.dtype.type(ret / rcount)
/mnt/data/user_liangzhiyu/envs/fedcsl/lib/python3.8/site-packages/numpy/core/fromnumeric.py:3432: RuntimeWarning: Mean of empty slice.
  return _methods._mean(a, axis=axis, dtype=dtype,
/mnt/data/user_liangzhiyu/envs/fedcsl/lib/python3.8/site-packages/numpy/core/_methods.py:190: RuntimeWarning: invalid value encountered in double_scalars
  ret = ret.dtype.type(ret / rcount)
/mnt/data/user_liangzhiyu/envs/fedcsl/lib/python3.8/site-packages/numpy/core/fromnumeric.py:3432: RuntimeWarning: Mean of empty slice.
  return _methods._mean(a, axis=axis, dtype=dtype,
/mnt/data/user_liangzhiyu/envs/fedcsl/lib/python3.8/site-packages/numpy/core/_methods.py:190: RuntimeWarning: invalid value encountered in double_scalars
  ret = ret.dtype.type(ret / rcount)
/mnt/data/user_liangzhiyu/envs/fedcsl/lib/python3.8/site-packages/numpy/core/fromnumeric.py:3432: RuntimeWarning: Mean of empty slice.
  return _methods._mean(a, axis=axis, dtype=dtype,
/mnt/data/user_liangzhiyu/envs/fedcsl/lib/python3.8/site-packages/numpy/core/_methods.py:190: RuntimeWarning: invalid value encountered in double_scalars
  ret = ret.dtype.type(ret / rcount)
/mnt/data/user_liangzhiyu/envs/fedcsl/lib/python3.8/site-packages/numpy/core/fromnumeric.py:3432: RuntimeWarning: Mean of empty slice.
  return _methods._mean(a, axis=axis, dtype=dtype,
/mnt/data/user_liangzhiyu/envs/fedcsl/lib/python3.8/site-packages/numpy/core/_methods.py:190: RuntimeWarning: invalid value encountered in double_scalars
  ret = ret.dtype.type(ret / rcount)
/mnt/data/user_liangzhiyu/envs/fedcsl/lib/python3.8/site-packages/numpy/core/fromnumeric.py:3432: RuntimeWarning: Mean of empty slice.
  return _methods._mean(a, axis=axis, dtype=dtype,
/mnt/data/user_liangzhiyu/envs/fedcsl/lib/python3.8/site-packages/numpy/core/_methods.py:190: RuntimeWarning: invalid value encountered in double_scalars
  ret = ret.dtype.type(ret / rcount)
/mnt/data/user_liangzhiyu/envs/fedcsl/lib/python3.8/site-packages/numpy/core/fromnumeric.py:3432: RuntimeWarning: Mean of empty slice.
  return _methods._mean(a, axis=axis, dtype=dtype,
/mnt/data/user_liangzhiyu/envs/fedcsl/lib/python3.8/site-packages/numpy/core/_methods.py:190: RuntimeWarning: invalid value encountered in double_scalars
  ret = ret.dtype.type(ret / rcount)
/mnt/data/user_liangzhiyu/envs/fedcsl/lib/python3.8/site-packages/numpy/core/fromnumeric.py:3432: RuntimeWarning: Mean of empty slice.
  return _methods._mean(a, axis=axis, dtype=dtype,
/mnt/data/user_liangzhiyu/envs/fedcsl/lib/python3.8/site-packages/numpy/core/_methods.py:190: RuntimeWarning: invalid value encountered in double_scalars
  ret = ret.dtype.type(ret / rcount)
/mnt/data/user_liangzhiyu/envs/fedcsl/lib/python3.8/site-packages/numpy/core/fromnumeric.py:3432: RuntimeWarning: Mean of empty slice.
  return _methods._mean(a, axis=axis, dtype=dtype,
/mnt/data/user_liangzhiyu/envs/fedcsl/lib/python3.8/site-packages/numpy/core/_methods.py:190: RuntimeWarning: invalid value encountered in double_scalars
  ret = ret.dtype.type(ret / rcount)
/mnt/data/user_liangzhiyu/envs/fedcsl/lib/python3.8/site-packages/numpy/core/fromnumeric.py:3432: RuntimeWarning: Mean of empty slice.
  return _methods._mean(a, axis=axis, dtype=dtype,
/mnt/data/user_liangzhiyu/envs/fedcsl/lib/python3.8/site-packages/numpy/core/_methods.py:190: RuntimeWarning: invalid value encountered in double_scalars
  ret = ret.dtype.type(ret / rcount)
/mnt/data/user_liangzhiyu/envs/fedcsl/lib/python3.8/site-packages/numpy/core/fromnumeric.py:3432: RuntimeWarning: Mean of empty slice.
  return _methods._mean(a, axis=axis, dtype=dtype,
/mnt/data/user_liangzhiyu/envs/fedcsl/lib/python3.8/site-packages/numpy/core/_methods.py:190: RuntimeWarning: invalid value encountered in double_scalars
  ret = ret.dtype.type(ret / rcount)
/mnt/data/user_liangzhiyu/envs/fedcsl/lib/python3.8/site-packages/numpy/core/fromnumeric.py:3432: RuntimeWarning: Mean of empty slice.
  return _methods._mean(a, axis=axis, dtype=dtype,
/mnt/data/user_liangzhiyu/envs/fedcsl/lib/python3.8/site-packages/numpy/core/_methods.py:190: RuntimeWarning: invalid value encountered in double_scalars
  ret = ret.dtype.type(ret / rcount)
/mnt/data/user_liangzhiyu/envs/fedcsl/lib/python3.8/site-packages/numpy/core/fromnumeric.py:3432: RuntimeWarning: Mean of empty slice.
  return _methods._mean(a, axis=axis, dtype=dtype,
/mnt/data/user_liangzhiyu/envs/fedcsl/lib/python3.8/site-packages/numpy/core/_methods.py:190: RuntimeWarning: invalid value encountered in double_scalars
  ret = ret.dtype.type(ret / rcount)
/mnt/data/user_liangzhiyu/envs/fedcsl/lib/python3.8/site-packages/numpy/core/fromnumeric.py:3432: RuntimeWarning: Mean of empty slice.
  return _methods._mean(a, axis=axis, dtype=dtype,
/mnt/data/user_liangzhiyu/envs/fedcsl/lib/python3.8/site-packages/numpy/core/_methods.py:190: RuntimeWarning: invalid value encountered in double_scalars
  ret = ret.dtype.type(ret / rcount)
/mnt/data/user_liangzhiyu/envs/fedcsl/lib/python3.8/site-packages/numpy/core/fromnumeric.py:3432: RuntimeWarning: Mean of empty slice.
  return _methods._mean(a, axis=axis, dtype=dtype,
/mnt/data/user_liangzhiyu/envs/fedcsl/lib/python3.8/site-packages/numpy/core/_methods.py:190: RuntimeWarning: invalid value encountered in double_scalars
  ret = ret.dtype.type(ret / rcount)
/mnt/data/user_liangzhiyu/envs/fedcsl/lib/python3.8/site-packages/numpy/core/fromnumeric.py:3432: RuntimeWarning: Mean of empty slice.
  return _methods._mean(a, axis=axis, dtype=dtype,
/mnt/data/user_liangzhiyu/envs/fedcsl/lib/python3.8/site-packages/numpy/core/_methods.py:190: RuntimeWarning: invalid value encountered in double_scalars
  ret = ret.dtype.type(ret / rcount)
/mnt/data/user_liangzhiyu/envs/fedcsl/lib/python3.8/site-packages/numpy/core/fromnumeric.py:3432: RuntimeWarning: Mean of empty slice.
  return _methods._mean(a, axis=axis, dtype=dtype,
/mnt/data/user_liangzhiyu/envs/fedcsl/lib/python3.8/site-packages/numpy/core/_methods.py:190: RuntimeWarning: invalid value encountered in double_scalars
  ret = ret.dtype.type(ret / rcount)
/mnt/data/user_liangzhiyu/envs/fedcsl/lib/python3.8/site-packages/numpy/core/fromnumeric.py:3432: RuntimeWarning: Mean of empty slice.
  return _methods._mean(a, axis=axis, dtype=dtype,
/mnt/data/user_liangzhiyu/envs/fedcsl/lib/python3.8/site-packages/numpy/core/_methods.py:190: RuntimeWarning: invalid value encountered in double_scalars
  ret = ret.dtype.type(ret / rcount)
/mnt/data/user_liangzhiyu/envs/fedcsl/lib/python3.8/site-packages/numpy/core/fromnumeric.py:3432: RuntimeWarning: Mean of empty slice.
  return _methods._mean(a, axis=axis, dtype=dtype,
/mnt/data/user_liangzhiyu/envs/fedcsl/lib/python3.8/site-packages/numpy/core/_methods.py:190: RuntimeWarning: invalid value encountered in double_scalars
  ret = ret.dtype.type(ret / rcount)
/mnt/data/user_liangzhiyu/envs/fedcsl/lib/python3.8/site-packages/numpy/core/fromnumeric.py:3432: RuntimeWarning: Mean of empty slice.
  return _methods._mean(a, axis=axis, dtype=dtype,
/mnt/data/user_liangzhiyu/envs/fedcsl/lib/python3.8/site-packages/numpy/core/_methods.py:190: RuntimeWarning: invalid value encountered in double_scalars
  ret = ret.dtype.type(ret / rcount)
/mnt/data/user_liangzhiyu/envs/fedcsl/lib/python3.8/site-packages/numpy/core/fromnumeric.py:3432: RuntimeWarning: Mean of empty slice.
  return _methods._mean(a, axis=axis, dtype=dtype,
/mnt/data/user_liangzhiyu/envs/fedcsl/lib/python3.8/site-packages/numpy/core/_methods.py:190: RuntimeWarning: invalid value encountered in double_scalars
  ret = ret.dtype.type(ret / rcount)
/mnt/data/user_liangzhiyu/envs/fedcsl/lib/python3.8/site-packages/numpy/core/fromnumeric.py:3432: RuntimeWarning: Mean of empty slice.
  return _methods._mean(a, axis=axis, dtype=dtype,
/mnt/data/user_liangzhiyu/envs/fedcsl/lib/python3.8/site-packages/numpy/core/_methods.py:190: RuntimeWarning: invalid value encountered in double_scalars
  ret = ret.dtype.type(ret / rcount)
/mnt/data/user_liangzhiyu/envs/fedcsl/lib/python3.8/site-packages/numpy/core/fromnumeric.py:3432: RuntimeWarning: Mean of empty slice.
  return _methods._mean(a, axis=axis, dtype=dtype,
/mnt/data/user_liangzhiyu/envs/fedcsl/lib/python3.8/site-packages/numpy/core/_methods.py:190: RuntimeWarning: invalid value encountered in double_scalars
  ret = ret.dtype.type(ret / rcount)
/mnt/data/user_liangzhiyu/envs/fedcsl/lib/python3.8/site-packages/numpy/core/fromnumeric.py:3432: RuntimeWarning: Mean of empty slice.
  return _methods._mean(a, axis=axis, dtype=dtype,
/mnt/data/user_liangzhiyu/envs/fedcsl/lib/python3.8/site-packages/numpy/core/_methods.py:190: RuntimeWarning: invalid value encountered in double_scalars
  ret = ret.dtype.type(ret / rcount)
/mnt/data/user_liangzhiyu/envs/fedcsl/lib/python3.8/site-packages/numpy/core/fromnumeric.py:3432: RuntimeWarning: Mean of empty slice.
  return _methods._mean(a, axis=axis, dtype=dtype,
/mnt/data/user_liangzhiyu/envs/fedcsl/lib/python3.8/site-packages/numpy/core/_methods.py:190: RuntimeWarning: invalid value encountered in double_scalars
  ret = ret.dtype.type(ret / rcount)
/mnt/data/user_liangzhiyu/envs/fedcsl/lib/python3.8/site-packages/numpy/core/fromnumeric.py:3432: RuntimeWarning: Mean of empty slice.
  return _methods._mean(a, axis=axis, dtype=dtype,
/mnt/data/user_liangzhiyu/envs/fedcsl/lib/python3.8/site-packages/numpy/core/_methods.py:190: RuntimeWarning: invalid value encountered in double_scalars
  ret = ret.dtype.type(ret / rcount)
/mnt/data/user_liangzhiyu/envs/fedcsl/lib/python3.8/site-packages/numpy/core/fromnumeric.py:3432: RuntimeWarning: Mean of empty slice.
  return _methods._mean(a, axis=axis, dtype=dtype,
/mnt/data/user_liangzhiyu/envs/fedcsl/lib/python3.8/site-packages/numpy/core/_methods.py:190: RuntimeWarning: invalid value encountered in double_scalars
  ret = ret.dtype.type(ret / rcount)
/mnt/data/user_liangzhiyu/envs/fedcsl/lib/python3.8/site-packages/numpy/core/fromnumeric.py:3432: RuntimeWarning: Mean of empty slice.
  return _methods._mean(a, axis=axis, dtype=dtype,
/mnt/data/user_liangzhiyu/envs/fedcsl/lib/python3.8/site-packages/numpy/core/_methods.py:190: RuntimeWarning: invalid value encountered in double_scalars
  ret = ret.dtype.type(ret / rcount)
/mnt/data/user_liangzhiyu/envs/fedcsl/lib/python3.8/site-packages/numpy/core/fromnumeric.py:3432: RuntimeWarning: Mean of empty slice.
  return _methods._mean(a, axis=axis, dtype=dtype,
/mnt/data/user_liangzhiyu/envs/fedcsl/lib/python3.8/site-packages/numpy/core/_methods.py:190: RuntimeWarning: invalid value encountered in double_scalars
  ret = ret.dtype.type(ret / rcount)
/mnt/data/user_liangzhiyu/envs/fedcsl/lib/python3.8/site-packages/numpy/core/fromnumeric.py:3432: RuntimeWarning: Mean of empty slice.
  return _methods._mean(a, axis=axis, dtype=dtype,
/mnt/data/user_liangzhiyu/envs/fedcsl/lib/python3.8/site-packages/numpy/core/_methods.py:190: RuntimeWarning: invalid value encountered in double_scalars
  ret = ret.dtype.type(ret / rcount)
/mnt/data/user_liangzhiyu/envs/fedcsl/lib/python3.8/site-packages/numpy/core/fromnumeric.py:3432: RuntimeWarning: Mean of empty slice.
  return _methods._mean(a, axis=axis, dtype=dtype,
/mnt/data/user_liangzhiyu/envs/fedcsl/lib/python3.8/site-packages/numpy/core/_methods.py:190: RuntimeWarning: invalid value encountered in double_scalars
  ret = ret.dtype.type(ret / rcount)
/mnt/data/user_liangzhiyu/envs/fedcsl/lib/python3.8/site-packages/numpy/core/fromnumeric.py:3432: RuntimeWarning: Mean of empty slice.
  return _methods._mean(a, axis=axis, dtype=dtype,
/mnt/data/user_liangzhiyu/envs/fedcsl/lib/python3.8/site-packages/numpy/core/_methods.py:190: RuntimeWarning: invalid value encountered in double_scalars
  ret = ret.dtype.type(ret / rcount)
/mnt/data/user_liangzhiyu/envs/fedcsl/lib/python3.8/site-packages/numpy/core/fromnumeric.py:3432: RuntimeWarning: Mean of empty slice.
  return _methods._mean(a, axis=axis, dtype=dtype,
/mnt/data/user_liangzhiyu/envs/fedcsl/lib/python3.8/site-packages/numpy/core/_methods.py:190: RuntimeWarning: invalid value encountered in double_scalars
  ret = ret.dtype.type(ret / rcount)
/mnt/data/user_liangzhiyu/envs/fedcsl/lib/python3.8/site-packages/numpy/core/fromnumeric.py:3432: RuntimeWarning: Mean of empty slice.
  return _methods._mean(a, axis=axis, dtype=dtype,
/mnt/data/user_liangzhiyu/envs/fedcsl/lib/python3.8/site-packages/numpy/core/_methods.py:190: RuntimeWarning: invalid value encountered in double_scalars
  ret = ret.dtype.type(ret / rcount)
/mnt/data/user_liangzhiyu/envs/fedcsl/lib/python3.8/site-packages/numpy/core/fromnumeric.py:3432: RuntimeWarning: Mean of empty slice.
  return _methods._mean(a, axis=axis, dtype=dtype,
/mnt/data/user_liangzhiyu/envs/fedcsl/lib/python3.8/site-packages/numpy/core/_methods.py:190: RuntimeWarning: invalid value encountered in double_scalars
  ret = ret.dtype.type(ret / rcount)
/mnt/data/user_liangzhiyu/envs/fedcsl/lib/python3.8/site-packages/numpy/core/fromnumeric.py:3432: RuntimeWarning: Mean of empty slice.
  return _methods._mean(a, axis=axis, dtype=dtype,
/mnt/data/user_liangzhiyu/envs/fedcsl/lib/python3.8/site-packages/numpy/core/_methods.py:190: RuntimeWarning: invalid value encountered in double_scalars
  ret = ret.dtype.type(ret / rcount)
/mnt/data/user_liangzhiyu/envs/fedcsl/lib/python3.8/site-packages/numpy/core/fromnumeric.py:3432: RuntimeWarning: Mean of empty slice.
  return _methods._mean(a, axis=axis, dtype=dtype,
/mnt/data/user_liangzhiyu/envs/fedcsl/lib/python3.8/site-packages/numpy/core/_methods.py:190: RuntimeWarning: invalid value encountered in double_scalars
  ret = ret.dtype.type(ret / rcount)
/mnt/data/user_liangzhiyu/envs/fedcsl/lib/python3.8/site-packages/numpy/core/fromnumeric.py:3432: RuntimeWarning: Mean of empty slice.
  return _methods._mean(a, axis=axis, dtype=dtype,
/mnt/data/user_liangzhiyu/envs/fedcsl/lib/python3.8/site-packages/numpy/core/_methods.py:190: RuntimeWarning: invalid value encountered in double_scalars
  ret = ret.dtype.type(ret / rcount)
/mnt/data/user_liangzhiyu/envs/fedcsl/lib/python3.8/site-packages/numpy/core/fromnumeric.py:3432: RuntimeWarning: Mean of empty slice.
  return _methods._mean(a, axis=axis, dtype=dtype,
/mnt/data/user_liangzhiyu/envs/fedcsl/lib/python3.8/site-packages/numpy/core/_methods.py:190: RuntimeWarning: invalid value encountered in double_scalars
  ret = ret.dtype.type(ret / rcount)
/mnt/data/user_liangzhiyu/envs/fedcsl/lib/python3.8/site-packages/numpy/core/fromnumeric.py:3432: RuntimeWarning: Mean of empty slice.
  return _methods._mean(a, axis=axis, dtype=dtype,
/mnt/data/user_liangzhiyu/envs/fedcsl/lib/python3.8/site-packages/numpy/core/_methods.py:190: RuntimeWarning: invalid value encountered in double_scalars
  ret = ret.dtype.type(ret / rcount)
/mnt/data/user_liangzhiyu/envs/fedcsl/lib/python3.8/site-packages/numpy/core/fromnumeric.py:3432: RuntimeWarning: Mean of empty slice.
  return _methods._mean(a, axis=axis, dtype=dtype,
/mnt/data/user_liangzhiyu/envs/fedcsl/lib/python3.8/site-packages/numpy/core/_methods.py:190: RuntimeWarning: invalid value encountered in double_scalars
  ret = ret.dtype.type(ret / rcount)
/mnt/data/user_liangzhiyu/envs/fedcsl/lib/python3.8/site-packages/numpy/core/fromnumeric.py:3432: RuntimeWarning: Mean of empty slice.
  return _methods._mean(a, axis=axis, dtype=dtype,
/mnt/data/user_liangzhiyu/envs/fedcsl/lib/python3.8/site-packages/numpy/core/_methods.py:190: RuntimeWarning: invalid value encountered in double_scalars
  ret = ret.dtype.type(ret / rcount)
/mnt/data/user_liangzhiyu/envs/fedcsl/lib/python3.8/site-packages/numpy/core/fromnumeric.py:3432: RuntimeWarning: Mean of empty slice.
  return _methods._mean(a, axis=axis, dtype=dtype,
/mnt/data/user_liangzhiyu/envs/fedcsl/lib/python3.8/site-packages/numpy/core/_methods.py:190: RuntimeWarning: invalid value encountered in double_scalars
  ret = ret.dtype.type(ret / rcount)
/mnt/data/user_liangzhiyu/envs/fedcsl/lib/python3.8/site-packages/numpy/core/fromnumeric.py:3432: RuntimeWarning: Mean of empty slice.
  return _methods._mean(a, axis=axis, dtype=dtype,
/mnt/data/user_liangzhiyu/envs/fedcsl/lib/python3.8/site-packages/numpy/core/_methods.py:190: RuntimeWarning: invalid value encountered in double_scalars
  ret = ret.dtype.type(ret / rcount)
/mnt/data/user_liangzhiyu/envs/fedcsl/lib/python3.8/site-packages/numpy/core/fromnumeric.py:3432: RuntimeWarning: Mean of empty slice.
  return _methods._mean(a, axis=axis, dtype=dtype,
[0.09514033 0.10277917 0.11127909 0.12035814 0.12964186 0.13872091
 0.14722083 0.15485967]
12
<class 'pandas.core.frame.DataFrame'>
RangeIndex: 12 entries, 0 to 11
Data columns (total 5 columns):
 #   Column      Non-Null Count  Dtype 
---  ------      --------------  ----- 
 0   dim_0       12 non-null     object
 1   dim_1       12 non-null     object
 2   dim_2       12 non-null     object
 3   dim_3       12 non-null     object
 4   class_vals  12 non-null     object
dtypes: object(5)
memory usage: 608.0+ bytes
None
{2500}
<class 'pandas.core.frame.DataFrame'>
RangeIndex: 12 entries, 0 to 11
Data columns (total 5 columns):
 #   Column      Non-Null Count  Dtype 
---  ------      --------------  ----- 
 0   dim_0       12 non-null     object
 1   dim_1       12 non-null     object
 2   dim_2       12 non-null     object
 3   dim_3       12 non-null     object
 4   class_vals  12 non-null     object
dtypes: object(5)
memory usage: 608.0+ bytes
None
[0 0 0 0 1 1 1 1 2 2 2 2]
[8 9]
[2, 2]
[0, 0, 0, 1, 2]
[0, 1, 1, 1, 2]
shapelet initialized! 

All 3 clinet initialized! 

(2, 3)
(5, 3)
(5, 3)
[1.05530355 1.35894069 0.58575576]
Classification: 1.0 0.4 0
(2, 3)
(5, 3)
(5, 3)
[1.05530355 1.35894069 0.58575576]
Classification: 1.0 0.4 1
(2, 3)
(5, 3)
(5, 3)
[1.05530355 1.35894069 0.58575576]
Classification: 1.0 0.4 2
(2, 3)
(5, 3)
(5, 3)
[1.05530355 1.35894069 0.58575576]
Classification: 1.0 0.4 3
(2, 3)
(5, 3)
(5, 3)
[1.05530355 1.35894069 0.58575576]
Classification: 1.0 0.4 4
(2, 3)
(5, 3)
(5, 3)
[1.05530355 1.35894069 0.58575576]
Classification: 1.0 0.4 5
(2, 3)
(5, 3)
(5, 3)
[1.05530355 1.35894069 0.58575576]
Classification: 1.0 0.4 6
(2, 3)
(5, 3)
(5, 3)
[1.05530355 1.35894069 0.58575576]
Classification: 1.0 0.4 7
(2, 3)
(5, 3)
(5, 3)
[1.05530355 1.35894069 0.58575576]
Classification: 1.0 0.4 8
(2, 3)
(5, 3)
(5, 3)
[1.05530355 1.35894069 0.58575576]
Classification: 1.0 0.4 9
(2, 3)
(5, 3)
(5, 3)
[1.05530355 1.35894069 0.58575576]
Classification: 1.0 0.4 10
(2, 3)
(5, 3)
(5, 3)
[1.05530355 1.35894069 0.58575576]
Classification: 1.0 0.4 11
(2, 3)
(5, 3)
(5, 3)
[1.05530355 1.35894069 0.58575576]
Classification: 1.0 0.4 12
(2, 3)
(5, 3)
(5, 3)
[1.05530355 1.35894069 0.58575576]
Classification: 1.0 0.4 13
(2, 3)
(5, 3)
(5, 3)
[1.05530355 1.35894069 0.58575576]
Classification: 1.0 0.4 14
(2, 3)
(5, 3)
(5, 3)
[1.05530355 1.35894069 0.58575576]
Classification: 1.0 0.4 15
(2, 3)
(5, 3)
(5, 3)
[1.05530355 1.35894069 0.58575576]
Classification: 1.0 0.4 16
(2, 3)
(5, 3)
(5, 3)
[1.05530355 1.35894069 0.58575576]
Classification: 1.0 0.4 17
(2, 3)
(5, 3)
(5, 3)
[1.05530355 1.35894069 0.58575576]
Classification: 1.0 0.4 18
(2, 3)
(5, 3)
(5, 3)
[1.05530355 1.35894069 0.58575576]
Classification: 1.0 0.4 19
(2, 3)
(5, 3)
(5, 3)
[1.05530355 1.35894069 0.58575576]
Classification: 1.0 0.4 20
(2, 3)
(5, 3)
(5, 3)
[1.05530355 1.35894069 0.58575576]
Classification: 1.0 0.4 21
(2, 3)
(5, 3)
(5, 3)
[1.05530355 1.35894069 0.58575576]
Classification: 1.0 0.4 22
(2, 3)
(5, 3)
(5, 3)
[1.05530355 1.35894069 0.58575576]
Classification: 1.0 0.4 23
(2, 3)
(5, 3)
(5, 3)
[1.05530355 1.35894069 0.58575576]
Classification: 1.0 0.4 24
(2, 3)
(5, 3)
(5, 3)
[1.05530355 1.35894069 0.58575576]
Classification: 1.0 0.4 25
(2, 3)
(5, 3)
(5, 3)
[1.05530355 1.35894069 0.58575576]
Classification: 1.0 0.4 26
(2, 3)
(5, 3)
(5, 3)
[1.05530355 1.35894069 0.58575576]
Classification: 1.0 0.4 27
(2, 3)
(5, 3)
(5, 3)
[1.05530355 1.35894069 0.58575576]
Classification: 1.0 0.4 28
(2, 3)
(5, 3)
(5, 3)
[1.05530355 1.35894069 0.58575576]
Classification: 1.0 0.4 29
(2, 3)
(5, 3)
(5, 3)
[1.05530355 1.35894069 0.58575576]
Classification: 1.0 0.4 30
(2, 3)
(5, 3)
(5, 3)
[1.05530355 1.35894069 0.58575576]
Classification: 1.0 0.4 31
(2, 3)
(5, 3)
(5, 3)
[1.05530355 1.35894069 0.58575576]
Classification: 1.0 0.4 32
(2, 3)
(5, 3)
(5, 3)
[1.05530355 1.35894069 0.58575576]
Classification: 1.0 0.4 33
(2, 3)
(5, 3)
(5, 3)
[1.05530355 1.35894069 0.58575576]
Classification: 1.0 0.4 34
(2, 3)
(5, 3)
(5, 3)
[1.05530355 1.35894069 0.58575576]
Classification: 1.0 0.4 35
(2, 3)
(5, 3)
(5, 3)
[1.05530355 1.35894069 0.58575576]
Classification: 1.0 0.4 36
(2, 3)
(5, 3)
(5, 3)
[1.05530355 1.35894069 0.58575576]
Classification: 1.0 0.4 37
(2, 3)
(5, 3)
(5, 3)
[1.05530355 1.35894069 0.58575576]
Classification: 1.0 0.4 38
(2, 3)
(5, 3)
(5, 3)
[1.05530355 1.35894069 0.58575576]
Classification: 1.0 0.4 39
(2, 3)
(5, 3)
(5, 3)
[1.05530355 1.35894069 0.58575576]
Classification: 1.0 0.4 40
(2, 3)
(5, 3)
(5, 3)
[1.05530355 1.35894069 0.58575576]
Classification: 1.0 0.4 41
(2, 3)
(5, 3)
(5, 3)
[1.05530355 1.35894069 0.58575576]
Classification: 1.0 0.4 42
(2, 3)
(5, 3)
(5, 3)
[1.05530355 1.35894069 0.58575576]
Classification: 1.0 0.4 43
(2, 3)
(5, 3)
(5, 3)
[1.05530355 1.35894069 0.58575576]
Classification: 1.0 0.4 44
(2, 3)
(5, 3)
(5, 3)
[1.05530355 1.35894069 0.58575576]
Classification: 1.0 0.4 45
(2, 3)
(5, 3)
(5, 3)
[1.05530355 1.35894069 0.58575576]
Classification: 1.0 0.4 46
(2, 3)
(5, 3)
(5, 3)
[1.05530355 1.35894069 0.58575576]
Classification: 1.0 0.4 47
(2, 3)
(5, 3)
(5, 3)
[1.05530355 1.35894069 0.58575576]
Classification: 1.0 0.4 48
(2, 3)
(5, 3)
(5, 3)
[1.05530355 1.35894069 0.58575576]
Classification: 1.0 0.4 49
(2, 3)
(5, 3)
(5, 3)
[1.05530355 1.35894069 0.58575576]
Classification: 1.0 0.4 50
(2, 3)
(5, 3)
(5, 3)
[1.05530355 1.35894069 0.58575576]
Classification: 1.0 0.4 51
(2, 3)
(5, 3)
(5, 3)
[1.05530355 1.35894069 0.58575576]
Classification: 1.0 0.4 52
(2, 3)
(5, 3)
(5, 3)
[1.05530355 1.35894069 0.58575576]
Classification: 1.0 0.4 53
(2, 3)
(5, 3)
(5, 3)
[1.05530355 1.35894069 0.58575576]
Classification: 1.0 0.4 54
(2, 3)
(5, 3)
(5, 3)
[1.05530355 1.35894069 0.58575576]
Classification: 1.0 0.4 55
(2, 3)
(5, 3)
(5, 3)
[1.05530355 1.35894069 0.58575576]
Classification: 1.0 0.4 56
(2, 3)
(5, 3)
(5, 3)
[1.05530355 1.35894069 0.58575576]
Classification: 1.0 0.4 57
(2, 3)
(5, 3)
(5, 3)
[1.05530355 1.35894069 0.58575576]
Classification: 1.0 0.4 58
(2, 3)
(5, 3)
(5, 3)
[1.05530355 1.35894069 0.58575576]
Classification: 1.0 0.4 59
(2, 3)
(5, 3)
(5, 3)
[1.05530355 1.35894069 0.58575576]
Classification: 1.0 0.4 60
(2, 3)
(5, 3)
(5, 3)
[1.05530355 1.35894069 0.58575576]
Classification: 1.0 0.4 61
(2, 3)
(5, 3)
(5, 3)
[1.05530355 1.35894069 0.58575576]
Classification: 1.0 0.4 62
(2, 3)
(5, 3)
(5, 3)
[1.05530355 1.35894069 0.58575576]
Classification: 1.0 0.4 63
(2, 3)
(5, 3)
(5, 3)
[1.05530355 1.35894069 0.58575576]
Classification: 1.0 0.4 64
(2, 3)
(5, 3)
(5, 3)
[1.05530355 1.35894069 0.58575576]
Classification: 1.0 0.4 65
(2, 3)
(5, 3)
(5, 3)
[1.05530355 1.35894069 0.58575576]
Classification: 1.0 0.4 66
(2, 3)
(5, 3)
(5, 3)
[1.05530355 1.35894069 0.58575576]
Classification: 1.0 0.4 67
(2, 3)
(5, 3)
(5, 3)
[1.05530355 1.35894069 0.58575576]
Classification: 1.0 0.4 68
(2, 3)
(5, 3)
(5, 3)
[1.05530355 1.35894069 0.58575576]
Classification: 1.0 0.4 69
(2, 3)
(5, 3)
(5, 3)
[1.05530355 1.35894069 0.58575576]
Classification: 1.0 0.4 70
(2, 3)
(5, 3)
(5, 3)
[1.05530355 1.35894069 0.58575576]
Classification: 1.0 0.4 71
(2, 3)
(5, 3)
(5, 3)
[1.05530355 1.35894069 0.58575576]
Classification: 1.0 0.4 72
(2, 3)
(5, 3)
(5, 3)
[1.05530355 1.35894069 0.58575576]
Classification: 1.0 0.4 73
(2, 3)
(5, 3)
(5, 3)
[1.05530355 1.35894069 0.58575576]
Classification: 1.0 0.4 74
(2, 3)
(5, 3)
(5, 3)
[1.05530355 1.35894069 0.58575576]
Classification: 1.0 0.4 75
(2, 3)
(5, 3)
(5, 3)
[1.05530355 1.35894069 0.58575576]
Classification: 1.0 0.4 76
(2, 3)
(5, 3)
(5, 3)
[1.05530355 1.35894069 0.58575576]
Classification: 1.0 0.4 77
(2, 3)
(5, 3)
(5, 3)
[1.05530355 1.35894069 0.58575576]
Classification: 1.0 0.4 78
(2, 3)
(5, 3)
(5, 3)
[1.05530355 1.35894069 0.58575576]
Classification: 1.0 0.4 79
(2, 3)
(5, 3)
(5, 3)
[1.05530355 1.35894069 0.58575576]
Classification: 1.0 0.4 80
(2, 3)
(5, 3)
(5, 3)
[1.05530355 1.35894069 0.58575576]
Classification: 1.0 0.4 81
(2, 3)
(5, 3)
(5, 3)
[1.05530355 1.35894069 0.58575576]
Classification: 1.0 0.4 82
(2, 3)
(5, 3)
(5, 3)
[1.05530355 1.35894069 0.58575576]
Classification: 1.0 0.4 83
(2, 3)
(5, 3)
(5, 3)
[1.05530355 1.35894069 0.58575576]
Classification: 1.0 0.4 84
(2, 3)
(5, 3)
(5, 3)
[1.05530355 1.35894069 0.58575576]
/mnt/data/user_liangzhiyu/envs/fedcsl/lib/python3.8/site-packages/numpy/core/_methods.py:190: RuntimeWarning: invalid value encountered in double_scalars
  ret = ret.dtype.type(ret / rcount)
/mnt/data/user_liangzhiyu/envs/fedcsl/lib/python3.8/site-packages/numpy/core/fromnumeric.py:3432: RuntimeWarning: Mean of empty slice.
  return _methods._mean(a, axis=axis, dtype=dtype,
/mnt/data/user_liangzhiyu/envs/fedcsl/lib/python3.8/site-packages/numpy/core/_methods.py:190: RuntimeWarning: invalid value encountered in double_scalars
  ret = ret.dtype.type(ret / rcount)
/mnt/data/user_liangzhiyu/envs/fedcsl/lib/python3.8/site-packages/numpy/core/fromnumeric.py:3432: RuntimeWarning: Mean of empty slice.
  return _methods._mean(a, axis=axis, dtype=dtype,
/mnt/data/user_liangzhiyu/envs/fedcsl/lib/python3.8/site-packages/numpy/core/_methods.py:190: RuntimeWarning: invalid value encountered in double_scalars
  ret = ret.dtype.type(ret / rcount)
/mnt/data/user_liangzhiyu/envs/fedcsl/lib/python3.8/site-packages/numpy/core/fromnumeric.py:3432: RuntimeWarning: Mean of empty slice.
  return _methods._mean(a, axis=axis, dtype=dtype,
/mnt/data/user_liangzhiyu/envs/fedcsl/lib/python3.8/site-packages/numpy/core/_methods.py:190: RuntimeWarning: invalid value encountered in double_scalars
  ret = ret.dtype.type(ret / rcount)
/mnt/data/user_liangzhiyu/envs/fedcsl/lib/python3.8/site-packages/numpy/core/fromnumeric.py:3432: RuntimeWarning: Mean of empty slice.
  return _methods._mean(a, axis=axis, dtype=dtype,
/mnt/data/user_liangzhiyu/envs/fedcsl/lib/python3.8/site-packages/numpy/core/_methods.py:190: RuntimeWarning: invalid value encountered in double_scalars
  ret = ret.dtype.type(ret / rcount)
/mnt/data/user_liangzhiyu/envs/fedcsl/lib/python3.8/site-packages/numpy/core/fromnumeric.py:3432: RuntimeWarning: Mean of empty slice.
  return _methods._mean(a, axis=axis, dtype=dtype,
/mnt/data/user_liangzhiyu/envs/fedcsl/lib/python3.8/site-packages/numpy/core/_methods.py:190: RuntimeWarning: invalid value encountered in double_scalars
  ret = ret.dtype.type(ret / rcount)
/mnt/data/user_liangzhiyu/envs/fedcsl/lib/python3.8/site-packages/numpy/core/fromnumeric.py:3432: RuntimeWarning: Mean of empty slice.
  return _methods._mean(a, axis=axis, dtype=dtype,
/mnt/data/user_liangzhiyu/envs/fedcsl/lib/python3.8/site-packages/numpy/core/_methods.py:190: RuntimeWarning: invalid value encountered in double_scalars
  ret = ret.dtype.type(ret / rcount)
/mnt/data/user_liangzhiyu/envs/fedcsl/lib/python3.8/site-packages/numpy/core/fromnumeric.py:3432: RuntimeWarning: Mean of empty slice.
  return _methods._mean(a, axis=axis, dtype=dtype,
/mnt/data/user_liangzhiyu/envs/fedcsl/lib/python3.8/site-packages/numpy/core/_methods.py:190: RuntimeWarning: invalid value encountered in double_scalars
  ret = ret.dtype.type(ret / rcount)
/mnt/data/user_liangzhiyu/envs/fedcsl/lib/python3.8/site-packages/numpy/core/fromnumeric.py:3432: RuntimeWarning: Mean of empty slice.
  return _methods._mean(a, axis=axis, dtype=dtype,
/mnt/data/user_liangzhiyu/envs/fedcsl/lib/python3.8/site-packages/numpy/core/_methods.py:190: RuntimeWarning: invalid value encountered in double_scalars
  ret = ret.dtype.type(ret / rcount)
/mnt/data/user_liangzhiyu/envs/fedcsl/lib/python3.8/site-packages/numpy/core/fromnumeric.py:3432: RuntimeWarning: Mean of empty slice.
  return _methods._mean(a, axis=axis, dtype=dtype,
/mnt/data/user_liangzhiyu/envs/fedcsl/lib/python3.8/site-packages/numpy/core/_methods.py:190: RuntimeWarning: invalid value encountered in double_scalars
  ret = ret.dtype.type(ret / rcount)
/mnt/data/user_liangzhiyu/envs/fedcsl/lib/python3.8/site-packages/numpy/core/fromnumeric.py:3432: RuntimeWarning: Mean of empty slice.
  return _methods._mean(a, axis=axis, dtype=dtype,
/mnt/data/user_liangzhiyu/envs/fedcsl/lib/python3.8/site-packages/numpy/core/_methods.py:190: RuntimeWarning: invalid value encountered in double_scalars
  ret = ret.dtype.type(ret / rcount)
/mnt/data/user_liangzhiyu/envs/fedcsl/lib/python3.8/site-packages/numpy/core/fromnumeric.py:3432: RuntimeWarning: Mean of empty slice.
  return _methods._mean(a, axis=axis, dtype=dtype,
/mnt/data/user_liangzhiyu/envs/fedcsl/lib/python3.8/site-packages/numpy/core/_methods.py:190: RuntimeWarning: invalid value encountered in double_scalars
  ret = ret.dtype.type(ret / rcount)
/mnt/data/user_liangzhiyu/envs/fedcsl/lib/python3.8/site-packages/numpy/core/fromnumeric.py:3432: RuntimeWarning: Mean of empty slice.
  return _methods._mean(a, axis=axis, dtype=dtype,
/mnt/data/user_liangzhiyu/envs/fedcsl/lib/python3.8/site-packages/numpy/core/_methods.py:190: RuntimeWarning: invalid value encountered in double_scalars
  ret = ret.dtype.type(ret / rcount)
/mnt/data/user_liangzhiyu/envs/fedcsl/lib/python3.8/site-packages/numpy/core/fromnumeric.py:3432: RuntimeWarning: Mean of empty slice.
  return _methods._mean(a, axis=axis, dtype=dtype,
/mnt/data/user_liangzhiyu/envs/fedcsl/lib/python3.8/site-packages/numpy/core/_methods.py:190: RuntimeWarning: invalid value encountered in double_scalars
  ret = ret.dtype.type(ret / rcount)
/mnt/data/user_liangzhiyu/envs/fedcsl/lib/python3.8/site-packages/numpy/core/fromnumeric.py:3432: RuntimeWarning: Mean of empty slice.
  return _methods._mean(a, axis=axis, dtype=dtype,
/mnt/data/user_liangzhiyu/envs/fedcsl/lib/python3.8/site-packages/numpy/core/_methods.py:190: RuntimeWarning: invalid value encountered in double_scalars
  ret = ret.dtype.type(ret / rcount)
/mnt/data/user_liangzhiyu/envs/fedcsl/lib/python3.8/site-packages/numpy/core/fromnumeric.py:3432: RuntimeWarning: Mean of empty slice.
  return _methods._mean(a, axis=axis, dtype=dtype,
/mnt/data/user_liangzhiyu/envs/fedcsl/lib/python3.8/site-packages/numpy/core/_methods.py:190: RuntimeWarning: invalid value encountered in double_scalars
  ret = ret.dtype.type(ret / rcount)
/mnt/data/user_liangzhiyu/envs/fedcsl/lib/python3.8/site-packages/numpy/core/fromnumeric.py:3432: RuntimeWarning: Mean of empty slice.
  return _methods._mean(a, axis=axis, dtype=dtype,
/mnt/data/user_liangzhiyu/envs/fedcsl/lib/python3.8/site-packages/numpy/core/_methods.py:190: RuntimeWarning: invalid value encountered in double_scalars
  ret = ret.dtype.type(ret / rcount)
/mnt/data/user_liangzhiyu/envs/fedcsl/lib/python3.8/site-packages/numpy/core/fromnumeric.py:3432: RuntimeWarning: Mean of empty slice.
  return _methods._mean(a, axis=axis, dtype=dtype,
/mnt/data/user_liangzhiyu/envs/fedcsl/lib/python3.8/site-packages/numpy/core/_methods.py:190: RuntimeWarning: invalid value encountered in double_scalars
  ret = ret.dtype.type(ret / rcount)
/mnt/data/user_liangzhiyu/envs/fedcsl/lib/python3.8/site-packages/numpy/core/fromnumeric.py:3432: RuntimeWarning: Mean of empty slice.
  return _methods._mean(a, axis=axis, dtype=dtype,
/mnt/data/user_liangzhiyu/envs/fedcsl/lib/python3.8/site-packages/numpy/core/_methods.py:190: RuntimeWarning: invalid value encountered in double_scalars
  ret = ret.dtype.type(ret / rcount)
/mnt/data/user_liangzhiyu/envs/fedcsl/lib/python3.8/site-packages/numpy/core/fromnumeric.py:3432: RuntimeWarning: Mean of empty slice.
  return _methods._mean(a, axis=axis, dtype=dtype,
/mnt/data/user_liangzhiyu/envs/fedcsl/lib/python3.8/site-packages/numpy/core/_methods.py:190: RuntimeWarning: invalid value encountered in double_scalars
  ret = ret.dtype.type(ret / rcount)
/mnt/data/user_liangzhiyu/envs/fedcsl/lib/python3.8/site-packages/numpy/core/fromnumeric.py:3432: RuntimeWarning: Mean of empty slice.
  return _methods._mean(a, axis=axis, dtype=dtype,
/mnt/data/user_liangzhiyu/envs/fedcsl/lib/python3.8/site-packages/numpy/core/_methods.py:190: RuntimeWarning: invalid value encountered in double_scalars
  ret = ret.dtype.type(ret / rcount)
/mnt/data/user_liangzhiyu/envs/fedcsl/lib/python3.8/site-packages/numpy/core/fromnumeric.py:3432: RuntimeWarning: Mean of empty slice.
  return _methods._mean(a, axis=axis, dtype=dtype,
/mnt/data/user_liangzhiyu/envs/fedcsl/lib/python3.8/site-packages/numpy/core/_methods.py:190: RuntimeWarning: invalid value encountered in double_scalars
  ret = ret.dtype.type(ret / rcount)
/mnt/data/user_liangzhiyu/envs/fedcsl/lib/python3.8/site-packages/numpy/core/fromnumeric.py:3432: RuntimeWarning: Mean of empty slice.
  return _methods._mean(a, axis=axis, dtype=dtype,
/mnt/data/user_liangzhiyu/envs/fedcsl/lib/python3.8/site-packages/numpy/core/_methods.py:190: RuntimeWarning: invalid value encountered in double_scalars
  ret = ret.dtype.type(ret / rcount)
/mnt/data/user_liangzhiyu/envs/fedcsl/lib/python3.8/site-packages/numpy/core/fromnumeric.py:3432: RuntimeWarning: Mean of empty slice.
  return _methods._mean(a, axis=axis, dtype=dtype,
/mnt/data/user_liangzhiyu/envs/fedcsl/lib/python3.8/site-packages/numpy/core/_methods.py:190: RuntimeWarning: invalid value encountered in double_scalars
  ret = ret.dtype.type(ret / rcount)
/mnt/data/user_liangzhiyu/envs/fedcsl/lib/python3.8/site-packages/numpy/core/fromnumeric.py:3432: RuntimeWarning: Mean of empty slice.
  return _methods._mean(a, axis=axis, dtype=dtype,
/mnt/data/user_liangzhiyu/envs/fedcsl/lib/python3.8/site-packages/numpy/core/_methods.py:190: RuntimeWarning: invalid value encountered in double_scalars
  ret = ret.dtype.type(ret / rcount)
/mnt/data/user_liangzhiyu/envs/fedcsl/lib/python3.8/site-packages/numpy/core/fromnumeric.py:3432: RuntimeWarning: Mean of empty slice.
  return _methods._mean(a, axis=axis, dtype=dtype,
/mnt/data/user_liangzhiyu/envs/fedcsl/lib/python3.8/site-packages/numpy/core/_methods.py:190: RuntimeWarning: invalid value encountered in double_scalars
  ret = ret.dtype.type(ret / rcount)
/mnt/data/user_liangzhiyu/envs/fedcsl/lib/python3.8/site-packages/numpy/core/fromnumeric.py:3432: RuntimeWarning: Mean of empty slice.
  return _methods._mean(a, axis=axis, dtype=dtype,
/mnt/data/user_liangzhiyu/envs/fedcsl/lib/python3.8/site-packages/numpy/core/_methods.py:190: RuntimeWarning: invalid value encountered in double_scalars
  ret = ret.dtype.type(ret / rcount)
/mnt/data/user_liangzhiyu/envs/fedcsl/lib/python3.8/site-packages/numpy/core/fromnumeric.py:3432: RuntimeWarning: Mean of empty slice.
  return _methods._mean(a, axis=axis, dtype=dtype,
/mnt/data/user_liangzhiyu/envs/fedcsl/lib/python3.8/site-packages/numpy/core/_methods.py:190: RuntimeWarning: invalid value encountered in double_scalars
  ret = ret.dtype.type(ret / rcount)
/mnt/data/user_liangzhiyu/envs/fedcsl/lib/python3.8/site-packages/numpy/core/fromnumeric.py:3432: RuntimeWarning: Mean of empty slice.
  return _methods._mean(a, axis=axis, dtype=dtype,
/mnt/data/user_liangzhiyu/envs/fedcsl/lib/python3.8/site-packages/numpy/core/_methods.py:190: RuntimeWarning: invalid value encountered in double_scalars
  ret = ret.dtype.type(ret / rcount)
/mnt/data/user_liangzhiyu/envs/fedcsl/lib/python3.8/site-packages/numpy/core/fromnumeric.py:3432: RuntimeWarning: Mean of empty slice.
  return _methods._mean(a, axis=axis, dtype=dtype,
/mnt/data/user_liangzhiyu/envs/fedcsl/lib/python3.8/site-packages/numpy/core/_methods.py:190: RuntimeWarning: invalid value encountered in double_scalars
  ret = ret.dtype.type(ret / rcount)
/mnt/data/user_liangzhiyu/envs/fedcsl/lib/python3.8/site-packages/numpy/core/fromnumeric.py:3432: RuntimeWarning: Mean of empty slice.
  return _methods._mean(a, axis=axis, dtype=dtype,
/mnt/data/user_liangzhiyu/envs/fedcsl/lib/python3.8/site-packages/numpy/core/_methods.py:190: RuntimeWarning: invalid value encountered in double_scalars
  ret = ret.dtype.type(ret / rcount)
/mnt/data/user_liangzhiyu/envs/fedcsl/lib/python3.8/site-packages/numpy/core/fromnumeric.py:3432: RuntimeWarning: Mean of empty slice.
  return _methods._mean(a, axis=axis, dtype=dtype,
/mnt/data/user_liangzhiyu/envs/fedcsl/lib/python3.8/site-packages/numpy/core/_methods.py:190: RuntimeWarning: invalid value encountered in double_scalars
  ret = ret.dtype.type(ret / rcount)
/mnt/data/user_liangzhiyu/envs/fedcsl/lib/python3.8/site-packages/numpy/core/fromnumeric.py:3432: RuntimeWarning: Mean of empty slice.
  return _methods._mean(a, axis=axis, dtype=dtype,
/mnt/data/user_liangzhiyu/envs/fedcsl/lib/python3.8/site-packages/numpy/core/_methods.py:190: RuntimeWarning: invalid value encountered in double_scalars
  ret = ret.dtype.type(ret / rcount)
/mnt/data/user_liangzhiyu/envs/fedcsl/lib/python3.8/site-packages/numpy/core/fromnumeric.py:3432: RuntimeWarning: Mean of empty slice.
  return _methods._mean(a, axis=axis, dtype=dtype,
/mnt/data/user_liangzhiyu/envs/fedcsl/lib/python3.8/site-packages/numpy/core/_methods.py:190: RuntimeWarning: invalid value encountered in double_scalars
  ret = ret.dtype.type(ret / rcount)
/mnt/data/user_liangzhiyu/envs/fedcsl/lib/python3.8/site-packages/numpy/core/fromnumeric.py:3432: RuntimeWarning: Mean of empty slice.
  return _methods._mean(a, axis=axis, dtype=dtype,
/mnt/data/user_liangzhiyu/envs/fedcsl/lib/python3.8/site-packages/numpy/core/_methods.py:190: RuntimeWarning: invalid value encountered in double_scalars
  ret = ret.dtype.type(ret / rcount)
/mnt/data/user_liangzhiyu/envs/fedcsl/lib/python3.8/site-packages/numpy/core/fromnumeric.py:3432: RuntimeWarning: Mean of empty slice.
  return _methods._mean(a, axis=axis, dtype=dtype,
/mnt/data/user_liangzhiyu/envs/fedcsl/lib/python3.8/site-packages/numpy/core/_methods.py:190: RuntimeWarning: invalid value encountered in double_scalars
  ret = ret.dtype.type(ret / rcount)
/mnt/data/user_liangzhiyu/envs/fedcsl/lib/python3.8/site-packages/numpy/core/fromnumeric.py:3432: RuntimeWarning: Mean of empty slice.
  return _methods._mean(a, axis=axis, dtype=dtype,
/mnt/data/user_liangzhiyu/envs/fedcsl/lib/python3.8/site-packages/numpy/core/_methods.py:190: RuntimeWarning: invalid value encountered in double_scalars
  ret = ret.dtype.type(ret / rcount)
/mnt/data/user_liangzhiyu/envs/fedcsl/lib/python3.8/site-packages/numpy/core/fromnumeric.py:3432: RuntimeWarning: Mean of empty slice.
  return _methods._mean(a, axis=axis, dtype=dtype,
/mnt/data/user_liangzhiyu/envs/fedcsl/lib/python3.8/site-packages/numpy/core/_methods.py:190: RuntimeWarning: invalid value encountered in double_scalars
  ret = ret.dtype.type(ret / rcount)
/mnt/data/user_liangzhiyu/envs/fedcsl/lib/python3.8/site-packages/numpy/core/fromnumeric.py:3432: RuntimeWarning: Mean of empty slice.
  return _methods._mean(a, axis=axis, dtype=dtype,
/mnt/data/user_liangzhiyu/envs/fedcsl/lib/python3.8/site-packages/numpy/core/_methods.py:190: RuntimeWarning: invalid value encountered in double_scalars
  ret = ret.dtype.type(ret / rcount)
/mnt/data/user_liangzhiyu/envs/fedcsl/lib/python3.8/site-packages/numpy/core/fromnumeric.py:3432: RuntimeWarning: Mean of empty slice.
  return _methods._mean(a, axis=axis, dtype=dtype,
/mnt/data/user_liangzhiyu/envs/fedcsl/lib/python3.8/site-packages/numpy/core/_methods.py:190: RuntimeWarning: invalid value encountered in double_scalars
  ret = ret.dtype.type(ret / rcount)
/mnt/data/user_liangzhiyu/envs/fedcsl/lib/python3.8/site-packages/numpy/core/fromnumeric.py:3432: RuntimeWarning: Mean of empty slice.
  return _methods._mean(a, axis=axis, dtype=dtype,
/mnt/data/user_liangzhiyu/envs/fedcsl/lib/python3.8/site-packages/numpy/core/_methods.py:190: RuntimeWarning: invalid value encountered in double_scalars
  ret = ret.dtype.type(ret / rcount)
/mnt/data/user_liangzhiyu/envs/fedcsl/lib/python3.8/site-packages/numpy/core/fromnumeric.py:3432: RuntimeWarning: Mean of empty slice.
  return _methods._mean(a, axis=axis, dtype=dtype,
/mnt/data/user_liangzhiyu/envs/fedcsl/lib/python3.8/site-packages/numpy/core/_methods.py:190: RuntimeWarning: invalid value encountered in double_scalars
  ret = ret.dtype.type(ret / rcount)
/mnt/data/user_liangzhiyu/envs/fedcsl/lib/python3.8/site-packages/numpy/core/fromnumeric.py:3432: RuntimeWarning: Mean of empty slice.
  return _methods._mean(a, axis=axis, dtype=dtype,
/mnt/data/user_liangzhiyu/envs/fedcsl/lib/python3.8/site-packages/numpy/core/_methods.py:190: RuntimeWarning: invalid value encountered in double_scalars
  ret = ret.dtype.type(ret / rcount)
/mnt/data/user_liangzhiyu/envs/fedcsl/lib/python3.8/site-packages/numpy/core/fromnumeric.py:3432: RuntimeWarning: Mean of empty slice.
  return _methods._mean(a, axis=axis, dtype=dtype,
/mnt/data/user_liangzhiyu/envs/fedcsl/lib/python3.8/site-packages/numpy/core/_methods.py:190: RuntimeWarning: invalid value encountered in double_scalars
  ret = ret.dtype.type(ret / rcount)
/mnt/data/user_liangzhiyu/envs/fedcsl/lib/python3.8/site-packages/numpy/core/fromnumeric.py:3432: RuntimeWarning: Mean of empty slice.
  return _methods._mean(a, axis=axis, dtype=dtype,
/mnt/data/user_liangzhiyu/envs/fedcsl/lib/python3.8/site-packages/numpy/core/_methods.py:190: RuntimeWarning: invalid value encountered in double_scalars
  ret = ret.dtype.type(ret / rcount)
/mnt/data/user_liangzhiyu/envs/fedcsl/lib/python3.8/site-packages/numpy/core/fromnumeric.py:3432: RuntimeWarning: Mean of empty slice.
  return _methods._mean(a, axis=axis, dtype=dtype,
/mnt/data/user_liangzhiyu/envs/fedcsl/lib/python3.8/site-packages/numpy/core/_methods.py:190: RuntimeWarning: invalid value encountered in double_scalars
  ret = ret.dtype.type(ret / rcount)
/mnt/data/user_liangzhiyu/envs/fedcsl/lib/python3.8/site-packages/numpy/core/fromnumeric.py:3432: RuntimeWarning: Mean of empty slice.
  return _methods._mean(a, axis=axis, dtype=dtype,
/mnt/data/user_liangzhiyu/envs/fedcsl/lib/python3.8/site-packages/numpy/core/_methods.py:190: RuntimeWarning: invalid value encountered in double_scalars
  ret = ret.dtype.type(ret / rcount)
/mnt/data/user_liangzhiyu/envs/fedcsl/lib/python3.8/site-packages/numpy/core/fromnumeric.py:3432: RuntimeWarning: Mean of empty slice.
  return _methods._mean(a, axis=axis, dtype=dtype,
/mnt/data/user_liangzhiyu/envs/fedcsl/lib/python3.8/site-packages/numpy/core/_methods.py:190: RuntimeWarning: invalid value encountered in double_scalars
  ret = ret.dtype.type(ret / rcount)
/mnt/data/user_liangzhiyu/envs/fedcsl/lib/python3.8/site-packages/numpy/core/fromnumeric.py:3432: RuntimeWarning: Mean of empty slice.
  return _methods._mean(a, axis=axis, dtype=dtype,
/mnt/data/user_liangzhiyu/envs/fedcsl/lib/python3.8/site-packages/numpy/core/_methods.py:190: RuntimeWarning: invalid value encountered in double_scalars
  ret = ret.dtype.type(ret / rcount)
/mnt/data/user_liangzhiyu/envs/fedcsl/lib/python3.8/site-packages/numpy/core/fromnumeric.py:3432: RuntimeWarning: Mean of empty slice.
  return _methods._mean(a, axis=axis, dtype=dtype,
/mnt/data/user_liangzhiyu/envs/fedcsl/lib/python3.8/site-packages/numpy/core/_methods.py:190: RuntimeWarning: invalid value encountered in double_scalars
  ret = ret.dtype.type(ret / rcount)
/mnt/data/user_liangzhiyu/envs/fedcsl/lib/python3.8/site-packages/numpy/core/fromnumeric.py:3432: RuntimeWarning: Mean of empty slice.
  return _methods._mean(a, axis=axis, dtype=dtype,
/mnt/data/user_liangzhiyu/envs/fedcsl/lib/python3.8/site-packages/numpy/core/_methods.py:190: RuntimeWarning: invalid value encountered in double_scalars
  ret = ret.dtype.type(ret / rcount)
/mnt/data/user_liangzhiyu/envs/fedcsl/lib/python3.8/site-packages/numpy/core/fromnumeric.py:3432: RuntimeWarning: Mean of empty slice.
  return _methods._mean(a, axis=axis, dtype=dtype,
/mnt/data/user_liangzhiyu/envs/fedcsl/lib/python3.8/site-packages/numpy/core/_methods.py:190: RuntimeWarning: invalid value encountered in double_scalars
  ret = ret.dtype.type(ret / rcount)
/mnt/data/user_liangzhiyu/envs/fedcsl/lib/python3.8/site-packages/numpy/core/fromnumeric.py:3432: RuntimeWarning: Mean of empty slice.
  return _methods._mean(a, axis=axis, dtype=dtype,
/mnt/data/user_liangzhiyu/envs/fedcsl/lib/python3.8/site-packages/numpy/core/_methods.py:190: RuntimeWarning: invalid value encountered in double_scalars
  ret = ret.dtype.type(ret / rcount)
/mnt/data/user_liangzhiyu/envs/fedcsl/lib/python3.8/site-packages/numpy/core/fromnumeric.py:3432: RuntimeWarning: Mean of empty slice.
  return _methods._mean(a, axis=axis, dtype=dtype,
/mnt/data/user_liangzhiyu/envs/fedcsl/lib/python3.8/site-packages/numpy/core/_methods.py:190: RuntimeWarning: invalid value encountered in double_scalars
  ret = ret.dtype.type(ret / rcount)
/mnt/data/user_liangzhiyu/envs/fedcsl/lib/python3.8/site-packages/numpy/core/fromnumeric.py:3432: RuntimeWarning: Mean of empty slice.
  return _methods._mean(a, axis=axis, dtype=dtype,
/mnt/data/user_liangzhiyu/envs/fedcsl/lib/python3.8/site-packages/numpy/core/_methods.py:190: RuntimeWarning: invalid value encountered in double_scalars
  ret = ret.dtype.type(ret / rcount)
/mnt/data/user_liangzhiyu/envs/fedcsl/lib/python3.8/site-packages/numpy/core/fromnumeric.py:3432: RuntimeWarning: Mean of empty slice.
  return _methods._mean(a, axis=axis, dtype=dtype,
/mnt/data/user_liangzhiyu/envs/fedcsl/lib/python3.8/site-packages/numpy/core/_methods.py:190: RuntimeWarning: invalid value encountered in double_scalars
  ret = ret.dtype.type(ret / rcount)
/mnt/data/user_liangzhiyu/envs/fedcsl/lib/python3.8/site-packages/numpy/core/fromnumeric.py:3432: RuntimeWarning: Mean of empty slice.
  return _methods._mean(a, axis=axis, dtype=dtype,
/mnt/data/user_liangzhiyu/envs/fedcsl/lib/python3.8/site-packages/numpy/core/_methods.py:190: RuntimeWarning: invalid value encountered in double_scalars
  ret = ret.dtype.type(ret / rcount)
/mnt/data/user_liangzhiyu/envs/fedcsl/lib/python3.8/site-packages/numpy/core/fromnumeric.py:3432: RuntimeWarning: Mean of empty slice.
  return _methods._mean(a, axis=axis, dtype=dtype,
/mnt/data/user_liangzhiyu/envs/fedcsl/lib/python3.8/site-packages/numpy/core/_methods.py:190: RuntimeWarning: invalid value encountered in double_scalars
  ret = ret.dtype.type(ret / rcount)
/mnt/data/user_liangzhiyu/envs/fedcsl/lib/python3.8/site-packages/numpy/core/fromnumeric.py:3432: RuntimeWarning: Mean of empty slice.
  return _methods._mean(a, axis=axis, dtype=dtype,
/mnt/data/user_liangzhiyu/envs/fedcsl/lib/python3.8/site-packages/numpy/core/_methods.py:190: RuntimeWarning: invalid value encountered in double_scalars
  ret = ret.dtype.type(ret / rcount)
/mnt/data/user_liangzhiyu/envs/fedcsl/lib/python3.8/site-packages/numpy/core/fromnumeric.py:3432: RuntimeWarning: Mean of empty slice.
  return _methods._mean(a, axis=axis, dtype=dtype,
/mnt/data/user_liangzhiyu/envs/fedcsl/lib/python3.8/site-packages/numpy/core/_methods.py:190: RuntimeWarning: invalid value encountered in double_scalars
  ret = ret.dtype.type(ret / rcount)
/mnt/data/user_liangzhiyu/envs/fedcsl/lib/python3.8/site-packages/numpy/core/fromnumeric.py:3432: RuntimeWarning: Mean of empty slice.
  return _methods._mean(a, axis=axis, dtype=dtype,
/mnt/data/user_liangzhiyu/envs/fedcsl/lib/python3.8/site-packages/numpy/core/_methods.py:190: RuntimeWarning: invalid value encountered in double_scalars
  ret = ret.dtype.type(ret / rcount)
/mnt/data/user_liangzhiyu/envs/fedcsl/lib/python3.8/site-packages/numpy/core/fromnumeric.py:3432: RuntimeWarning: Mean of empty slice.
  return _methods._mean(a, axis=axis, dtype=dtype,
/mnt/data/user_liangzhiyu/envs/fedcsl/lib/python3.8/site-packages/numpy/core/_methods.py:190: RuntimeWarning: invalid value encountered in double_scalars
  ret = ret.dtype.type(ret / rcount)
/mnt/data/user_liangzhiyu/envs/fedcsl/lib/python3.8/site-packages/numpy/core/fromnumeric.py:3432: RuntimeWarning: Mean of empty slice.
  return _methods._mean(a, axis=axis, dtype=dtype,
/mnt/data/user_liangzhiyu/envs/fedcsl/lib/python3.8/site-packages/numpy/core/_methods.py:190: RuntimeWarning: invalid value encountered in double_scalars
  ret = ret.dtype.type(ret / rcount)
/mnt/data/user_liangzhiyu/envs/fedcsl/lib/python3.8/site-packages/numpy/core/fromnumeric.py:3432: RuntimeWarning: Mean of empty slice.
  return _methods._mean(a, axis=axis, dtype=dtype,
/mnt/data/user_liangzhiyu/envs/fedcsl/lib/python3.8/site-packages/numpy/core/_methods.py:190: RuntimeWarning: invalid value encountered in double_scalars
  ret = ret.dtype.type(ret / rcount)
/mnt/data/user_liangzhiyu/envs/fedcsl/lib/python3.8/site-packages/numpy/core/fromnumeric.py:3432: RuntimeWarning: Mean of empty slice.
  return _methods._mean(a, axis=axis, dtype=dtype,
/mnt/data/user_liangzhiyu/envs/fedcsl/lib/python3.8/site-packages/numpy/core/_methods.py:190: RuntimeWarning: invalid value encountered in double_scalars
  ret = ret.dtype.type(ret / rcount)
/mnt/data/user_liangzhiyu/envs/fedcsl/lib/python3.8/site-packages/numpy/core/fromnumeric.py:3432: RuntimeWarning: Mean of empty slice.
  return _methods._mean(a, axis=axis, dtype=dtype,
/mnt/data/user_liangzhiyu/envs/fedcsl/lib/python3.8/site-packages/numpy/core/_methods.py:190: RuntimeWarning: invalid value encountered in double_scalars
  ret = ret.dtype.type(ret / rcount)
/mnt/data/user_liangzhiyu/envs/fedcsl/lib/python3.8/site-packages/numpy/core/fromnumeric.py:3432: RuntimeWarning: Mean of empty slice.
  return _methods._mean(a, axis=axis, dtype=dtype,
/mnt/data/user_liangzhiyu/envs/fedcsl/lib/python3.8/site-packages/numpy/core/_methods.py:190: RuntimeWarning: invalid value encountered in double_scalars
  ret = ret.dtype.type(ret / rcount)
/mnt/data/user_liangzhiyu/envs/fedcsl/lib/python3.8/site-packages/numpy/core/fromnumeric.py:3432: RuntimeWarning: Mean of empty slice.
  return _methods._mean(a, axis=axis, dtype=dtype,
/mnt/data/user_liangzhiyu/envs/fedcsl/lib/python3.8/site-packages/numpy/core/_methods.py:190: RuntimeWarning: invalid value encountered in double_scalars
  ret = ret.dtype.type(ret / rcount)
/mnt/data/user_liangzhiyu/envs/fedcsl/lib/python3.8/site-packages/numpy/core/fromnumeric.py:3432: RuntimeWarning: Mean of empty slice.
  return _methods._mean(a, axis=axis, dtype=dtype,
/mnt/data/user_liangzhiyu/envs/fedcsl/lib/python3.8/site-packages/numpy/core/_methods.py:190: RuntimeWarning: invalid value encountered in double_scalars
  ret = ret.dtype.type(ret / rcount)
/mnt/data/user_liangzhiyu/envs/fedcsl/lib/python3.8/site-packages/numpy/core/fromnumeric.py:3432: RuntimeWarning: Mean of empty slice.
  return _methods._mean(a, axis=axis, dtype=dtype,
/mnt/data/user_liangzhiyu/envs/fedcsl/lib/python3.8/site-packages/numpy/core/_methods.py:190: RuntimeWarning: invalid value encountered in double_scalars
  ret = ret.dtype.type(ret / rcount)
/mnt/data/user_liangzhiyu/envs/fedcsl/lib/python3.8/site-packages/numpy/core/fromnumeric.py:3432: RuntimeWarning: Mean of empty slice.
  return _methods._mean(a, axis=axis, dtype=dtype,
/mnt/data/user_liangzhiyu/envs/fedcsl/lib/python3.8/site-packages/numpy/core/_methods.py:190: RuntimeWarning: invalid value encountered in double_scalars
  ret = ret.dtype.type(ret / rcount)
/mnt/data/user_liangzhiyu/envs/fedcsl/lib/python3.8/site-packages/numpy/core/fromnumeric.py:3432: RuntimeWarning: Mean of empty slice.
  return _methods._mean(a, axis=axis, dtype=dtype,
/mnt/data/user_liangzhiyu/envs/fedcsl/lib/python3.8/site-packages/numpy/core/_methods.py:190: RuntimeWarning: invalid value encountered in double_scalars
  ret = ret.dtype.type(ret / rcount)
/mnt/data/user_liangzhiyu/envs/fedcsl/lib/python3.8/site-packages/numpy/core/fromnumeric.py:3432: RuntimeWarning: Mean of empty slice.
  return _methods._mean(a, axis=axis, dtype=dtype,
/mnt/data/user_liangzhiyu/envs/fedcsl/lib/python3.8/site-packages/numpy/core/_methods.py:190: RuntimeWarning: invalid value encountered in double_scalars
  ret = ret.dtype.type(ret / rcount)
/mnt/data/user_liangzhiyu/envs/fedcsl/lib/python3.8/site-packages/numpy/core/fromnumeric.py:3432: RuntimeWarning: Mean of empty slice.
  return _methods._mean(a, axis=axis, dtype=dtype,
/mnt/data/user_liangzhiyu/envs/fedcsl/lib/python3.8/site-packages/numpy/core/_methods.py:190: RuntimeWarning: invalid value encountered in double_scalars
  ret = ret.dtype.type(ret / rcount)
/mnt/data/user_liangzhiyu/envs/fedcsl/lib/python3.8/site-packages/numpy/core/fromnumeric.py:3432: RuntimeWarning: Mean of empty slice.
  return _methods._mean(a, axis=axis, dtype=dtype,
/mnt/data/user_liangzhiyu/envs/fedcsl/lib/python3.8/site-packages/numpy/core/_methods.py:190: RuntimeWarning: invalid value encountered in double_scalars
  ret = ret.dtype.type(ret / rcount)
/mnt/data/user_liangzhiyu/envs/fedcsl/lib/python3.8/site-packages/numpy/core/fromnumeric.py:3432: RuntimeWarning: Mean of empty slice.
  return _methods._mean(a, axis=axis, dtype=dtype,
/mnt/data/user_liangzhiyu/envs/fedcsl/lib/python3.8/site-packages/numpy/core/_methods.py:190: RuntimeWarning: invalid value encountered in double_scalars
  ret = ret.dtype.type(ret / rcount)
/mnt/data/user_liangzhiyu/envs/fedcsl/lib/python3.8/site-packages/numpy/core/fromnumeric.py:3432: RuntimeWarning: Mean of empty slice.
  return _methods._mean(a, axis=axis, dtype=dtype,
/mnt/data/user_liangzhiyu/envs/fedcsl/lib/python3.8/site-packages/numpy/core/_methods.py:190: RuntimeWarning: invalid value encountered in double_scalars
  ret = ret.dtype.type(ret / rcount)
/mnt/data/user_liangzhiyu/envs/fedcsl/lib/python3.8/site-packages/numpy/core/fromnumeric.py:3432: RuntimeWarning: Mean of empty slice.
  return _methods._mean(a, axis=axis, dtype=dtype,
/mnt/data/user_liangzhiyu/envs/fedcsl/lib/python3.8/site-packages/numpy/core/_methods.py:190: RuntimeWarning: invalid value encountered in double_scalars
  ret = ret.dtype.type(ret / rcount)
/mnt/data/user_liangzhiyu/envs/fedcsl/lib/python3.8/site-packages/numpy/core/fromnumeric.py:3432: RuntimeWarning: Mean of empty slice.
  return _methods._mean(a, axis=axis, dtype=dtype,
/mnt/data/user_liangzhiyu/envs/fedcsl/lib/python3.8/site-packages/numpy/core/_methods.py:190: RuntimeWarning: invalid value encountered in double_scalars
  ret = ret.dtype.type(ret / rcount)
/mnt/data/user_liangzhiyu/envs/fedcsl/lib/python3.8/site-packages/numpy/core/fromnumeric.py:3432: RuntimeWarning: Mean of empty slice.
  return _methods._mean(a, axis=axis, dtype=dtype,
/mnt/data/user_liangzhiyu/envs/fedcsl/lib/python3.8/site-packages/numpy/core/_methods.py:190: RuntimeWarning: invalid value encountered in double_scalars
  ret = ret.dtype.type(ret / rcount)
/mnt/data/user_liangzhiyu/envs/fedcsl/lib/python3.8/site-packages/numpy/core/fromnumeric.py:3432: RuntimeWarning: Mean of empty slice.
  return _methods._mean(a, axis=axis, dtype=dtype,
/mnt/data/user_liangzhiyu/envs/fedcsl/lib/python3.8/site-packages/numpy/core/_methods.py:190: RuntimeWarning: invalid value encountered in double_scalars
  ret = ret.dtype.type(ret / rcount)
/mnt/data/user_liangzhiyu/envs/fedcsl/lib/python3.8/site-packages/numpy/core/fromnumeric.py:3432: RuntimeWarning: Mean of empty slice.
  return _methods._mean(a, axis=axis, dtype=dtype,
/mnt/data/user_liangzhiyu/envs/fedcsl/lib/python3.8/site-packages/numpy/core/_methods.py:190: RuntimeWarning: invalid value encountered in double_scalars
  ret = ret.dtype.type(ret / rcount)
/mnt/data/user_liangzhiyu/envs/fedcsl/lib/python3.8/site-packages/numpy/core/fromnumeric.py:3432: RuntimeWarning: Mean of empty slice.
  return _methods._mean(a, axis=axis, dtype=dtype,
/mnt/data/user_liangzhiyu/envs/fedcsl/lib/python3.8/site-packages/numpy/core/_methods.py:190: RuntimeWarning: invalid value encountered in double_scalars
  ret = ret.dtype.type(ret / rcount)
/mnt/data/user_liangzhiyu/envs/fedcsl/lib/python3.8/site-packages/numpy/core/fromnumeric.py:3432: RuntimeWarning: Mean of empty slice.
  return _methods._mean(a, axis=axis, dtype=dtype,
/mnt/data/user_liangzhiyu/envs/fedcsl/lib/python3.8/site-packages/numpy/core/_methods.py:190: RuntimeWarning: invalid value encountered in double_scalars
  ret = ret.dtype.type(ret / rcount)
/mnt/data/user_liangzhiyu/envs/fedcsl/lib/python3.8/site-packages/numpy/core/fromnumeric.py:3432: RuntimeWarning: Mean of empty slice.
  return _methods._mean(a, axis=axis, dtype=dtype,
/mnt/data/user_liangzhiyu/envs/fedcsl/lib/python3.8/site-packages/numpy/core/_methods.py:190: RuntimeWarning: invalid value encountered in double_scalars
  ret = ret.dtype.type(ret / rcount)
/mnt/data/user_liangzhiyu/envs/fedcsl/lib/python3.8/site-packages/numpy/core/fromnumeric.py:3432: RuntimeWarning: Mean of empty slice.
  return _methods._mean(a, axis=axis, dtype=dtype,
/mnt/data/user_liangzhiyu/envs/fedcsl/lib/python3.8/site-packages/numpy/core/_methods.py:190: RuntimeWarning: invalid value encountered in double_scalars
  ret = ret.dtype.type(ret / rcount)
/mnt/data/user_liangzhiyu/envs/fedcsl/lib/python3.8/site-packages/numpy/core/fromnumeric.py:3432: RuntimeWarning: Mean of empty slice.
  return _methods._mean(a, axis=axis, dtype=dtype,
Classification: 1.0 0.4 85
(2, 3)
(5, 3)
(5, 3)
[1.05530355 1.35894069 0.58575576]
Classification: 1.0 0.4 86
(2, 3)
(5, 3)
(5, 3)
[1.05530355 1.35894069 0.58575576]
Classification: 1.0 0.4 87
(2, 3)
(5, 3)
(5, 3)
[1.05530355 1.35894069 0.58575576]
Classification: 1.0 0.4 88
(2, 3)
(5, 3)
(5, 3)
[1.05530355 1.35894069 0.58575576]
Classification: 1.0 0.4 89
(2, 3)
(5, 3)
(5, 3)
[1.05530355 1.35894069 0.58575576]
Classification: 1.0 0.4 90
(2, 3)
(5, 3)
(5, 3)
[1.05530355 1.35894069 0.58575576]
Classification: 1.0 0.4 91
(2, 3)
(5, 3)
(5, 3)
[1.05530355 1.35894069 0.58575576]
Classification: 1.0 0.4 92
(2, 3)
(5, 3)
(5, 3)
[1.05530355 1.35894069 0.58575576]
Classification: 1.0 0.4 93
(2, 3)
(5, 3)
(5, 3)
[1.05530355 1.35894069 0.58575576]
Classification: 1.0 0.4 94
(2, 3)
(5, 3)
(5, 3)
[1.05530355 1.35894069 0.58575576]
Classification: 1.0 0.4 95
(2, 3)
(5, 3)
(5, 3)
[1.05530355 1.35894069 0.58575576]
Classification: 1.0 0.4 96
(2, 3)
(5, 3)
(5, 3)
[1.05530355 1.35894069 0.58575576]
Classification: 1.0 0.4 97
(2, 3)
(5, 3)
(5, 3)
[1.05530355 1.35894069 0.58575576]
Classification: 1.0 0.4 98
(2, 3)
(5, 3)
(5, 3)
[1.05530355 1.35894069 0.58575576]
Classification: 1.0 0.4 99
(2, 3)
(5, 3)
(5, 3)
[1.05530355 1.35894069 0.58575576]
Classification: 1.0 0.4 100
(2, 3)
(5, 3)
(5, 3)
[1.05530355 1.35894069 0.58575576]
Classification: 1.0 0.4 101
(2, 3)
(5, 3)
(5, 3)
[1.05530355 1.35894069 0.58575576]
Classification: 1.0 0.4 102
(2, 3)
(5, 3)
(5, 3)
[1.05530355 1.35894069 0.58575576]
Classification: 1.0 0.4 103
(2, 3)
(5, 3)
(5, 3)
[1.05530355 1.35894069 0.58575576]
Classification: 1.0 0.4 104
(2, 3)
(5, 3)
(5, 3)
[1.05530355 1.35894069 0.58575576]
Classification: 1.0 0.4 105
(2, 3)
(5, 3)
(5, 3)
[1.05530355 1.35894069 0.58575576]
Classification: 1.0 0.4 106
(2, 3)
(5, 3)
(5, 3)
[1.05530355 1.35894069 0.58575576]
Classification: 1.0 0.4 107
(2, 3)
(5, 3)
(5, 3)
[1.05530355 1.35894069 0.58575576]
Classification: 1.0 0.4 108
(2, 3)
(5, 3)
(5, 3)
[1.05530355 1.35894069 0.58575576]
Classification: 1.0 0.4 109
(2, 3)
(5, 3)
(5, 3)
[1.05530355 1.35894069 0.58575576]
Classification: 1.0 0.4 110
(2, 3)
(5, 3)
(5, 3)
[1.05530355 1.35894069 0.58575576]
Classification: 1.0 0.4 111
(2, 3)
(5, 3)
(5, 3)
[1.05530355 1.35894069 0.58575576]
Classification: 1.0 0.4 112
(2, 3)
(5, 3)
(5, 3)
[1.05530355 1.35894069 0.58575576]
Classification: 1.0 0.4 113
(2, 3)
(5, 3)
(5, 3)
[1.05530355 1.35894069 0.58575576]
Classification: 1.0 0.4 114
(2, 3)
(5, 3)
(5, 3)
[1.05530355 1.35894069 0.58575576]
Classification: 1.0 0.4 115
(2, 3)
(5, 3)
(5, 3)
[1.05530355 1.35894069 0.58575576]
Classification: 1.0 0.4 116
(2, 3)
(5, 3)
(5, 3)
[1.05530355 1.35894069 0.58575576]
Classification: 1.0 0.4 117
(2, 3)
(5, 3)
(5, 3)
[1.05530355 1.35894069 0.58575576]
Classification: 1.0 0.4 118
(2, 3)
(5, 3)
(5, 3)
[1.05530355 1.35894069 0.58575576]
Classification: 1.0 0.4 119
(2, 3)
(5, 3)
(5, 3)
[1.05530355 1.35894069 0.58575576]
Classification: 1.0 0.4 120
(2, 3)
(5, 3)
(5, 3)
[1.05530355 1.35894069 0.58575576]
Classification: 1.0 0.4 121
(2, 3)
(5, 3)
(5, 3)
[1.05530355 1.35894069 0.58575576]
Classification: 1.0 0.4 122
(2, 3)
(5, 3)
(5, 3)
[1.05530355 1.35894069 0.58575576]
Classification: 1.0 0.4 123
(2, 3)
(5, 3)
(5, 3)
[1.05530355 1.35894069 0.58575576]
Classification: 1.0 0.4 124
(2, 3)
(5, 3)
(5, 3)
[1.05530355 1.35894069 0.58575576]
Classification: 1.0 0.4 125
(2, 3)
(5, 3)
(5, 3)
[1.05530355 1.35894069 0.58575576]
Classification: 1.0 0.4 126
(2, 3)
(5, 3)
(5, 3)
[1.05530355 1.35894069 0.58575576]
Classification: 1.0 0.4 127
(2, 3)
(5, 3)
(5, 3)
[1.05530355 1.35894069 0.58575576]
Classification: 1.0 0.4 128
(2, 3)
(5, 3)
(5, 3)
[1.05530355 1.35894069 0.58575576]
Classification: 1.0 0.4 129
(2, 3)
(5, 3)
(5, 3)
[1.05530355 1.35894069 0.58575576]
Classification: 1.0 0.4 130
(2, 3)
(5, 3)
(5, 3)
[1.05530355 1.35894069 0.58575576]
Classification: 1.0 0.4 131
(2, 3)
(5, 3)
(5, 3)
[1.05530355 1.35894069 0.58575576]
Classification: 1.0 0.4 132
(2, 3)
(5, 3)
(5, 3)
[1.05530355 1.35894069 0.58575576]
Classification: 1.0 0.4 133
(2, 3)
(5, 3)
(5, 3)
[1.05530355 1.35894069 0.58575576]
Classification: 1.0 0.4 134
(2, 3)
(5, 3)
(5, 3)
[1.05530355 1.35894069 0.58575576]
Classification: 1.0 0.4 135
(2, 3)
(5, 3)
(5, 3)
[1.05530355 1.35894069 0.58575576]
Classification: 1.0 0.4 136
(2, 3)
(5, 3)
(5, 3)
[1.05530355 1.35894069 0.58575576]
Classification: 1.0 0.4 137
(2, 3)
(5, 3)
(5, 3)
[1.05530355 1.35894069 0.58575576]
Classification: 1.0 0.4 138
(2, 3)
(5, 3)
(5, 3)
[1.05530355 1.35894069 0.58575576]
Classification: 1.0 0.4 139
(2, 3)
(5, 3)
(5, 3)
[1.05530355 1.35894069 0.58575576]
Classification: 1.0 0.4 140
(2, 3)
(5, 3)
(5, 3)
[1.05530355 1.35894069 0.58575576]
Classification: 1.0 0.4 141
(2, 3)
(5, 3)
(5, 3)
[1.05530355 1.35894069 0.58575576]
Classification: 1.0 0.4 142
(2, 3)
(5, 3)
(5, 3)
[1.05530355 1.35894069 0.58575576]
Classification: 1.0 0.4 143
(2, 3)
(5, 3)
(5, 3)
[1.05530355 1.35894069 0.58575576]
Classification: 1.0 0.4 144
(2, 3)
(5, 3)
(5, 3)
[1.05530355 1.35894069 0.58575576]
Classification: 1.0 0.4 145
(2, 3)
(5, 3)
(5, 3)
[1.05530355 1.35894069 0.58575576]
Classification: 1.0 0.4 146
(2, 3)
(5, 3)
(5, 3)
[1.05530355 1.35894069 0.58575576]
Classification: 1.0 0.4 147
(2, 3)
(5, 3)
(5, 3)
[1.05530355 1.35894069 0.58575576]
Classification: 1.0 0.4 148
(2, 3)
(5, 3)
(5, 3)
[1.05530355 1.35894069 0.58575576]
Classification: 1.0 0.4 149
(2, 3)
(5, 3)
(5, 3)
[1.05530355 1.35894069 0.58575576]
Classification: 1.0 0.4 150
(2, 3)
(5, 3)
(5, 3)
[1.05530355 1.35894069 0.58575576]
Classification: 1.0 0.4 151
(2, 3)
(5, 3)
(5, 3)
[1.05530355 1.35894069 0.58575576]
Classification: 1.0 0.4 152
(2, 3)
(5, 3)
(5, 3)
[1.05530355 1.35894069 0.58575576]
Classification: 1.0 0.4 153
(2, 3)
(5, 3)
(5, 3)
[1.05530355 1.35894069 0.58575576]
Classification: 1.0 0.4 154
(2, 3)
(5, 3)
(5, 3)
[1.05530355 1.35894069 0.58575576]
Classification: 1.0 0.4 155
(2, 3)
(5, 3)
(5, 3)
[1.05530355 1.35894069 0.58575576]
Classification: 1.0 0.4 156
(2, 3)
(5, 3)
(5, 3)
[1.05530355 1.35894069 0.58575576]
Classification: 1.0 0.4 157
(2, 3)
(5, 3)
(5, 3)
[1.05530355 1.35894069 0.58575576]
Classification: 1.0 0.4 158
(2, 3)
(5, 3)
(5, 3)
[1.05530355 1.35894069 0.58575576]
Classification: 1.0 0.4 159
(2, 3)
(5, 3)
(5, 3)
[1.05530355 1.35894069 0.58575576]
Classification: 1.0 0.4 160
(2, 3)
(5, 3)
(5, 3)
[1.05530355 1.35894069 0.58575576]
Classification: 1.0 0.4 161
(2, 3)
(5, 3)
(5, 3)
[1.05530355 1.35894069 0.58575576]
Classification: 1.0 0.4 162
(2, 3)
(5, 3)
(5, 3)
[1.05530355 1.35894069 0.58575576]
Classification: 1.0 0.4 163
(2, 3)
(5, 3)
(5, 3)
[1.05530355 1.35894069 0.58575576]
Classification: 1.0 0.4 164
(2, 3)
(5, 3)
(5, 3)
[1.05530355 1.35894069 0.58575576]
Classification: 1.0 0.4 165
(2, 3)
(5, 3)
(5, 3)
[1.05530355 1.35894069 0.58575576]
Classification: 1.0 0.4 166
(2, 3)
(5, 3)
(5, 3)
[1.05530355 1.35894069 0.58575576]
Classification: 1.0 0.4 167
(2, 3)
(5, 3)
(5, 3)
[1.05530355 1.35894069 0.58575576]
Classification: 1.0 0.4 168
(2, 3)
(5, 3)
(5, 3)
[1.05530355 1.35894069 0.58575576]
Classification: 1.0 0.4 169
(2, 3)
(5, 3)
(5, 3)
[1.05530355 1.35894069 0.58575576]
Classification: 1.0 0.4 170
(2, 3)
(5, 3)
(5, 3)
[1.05530355 1.35894069 0.58575576]
Classification: 1.0 0.4 171
(2, 3)
(5, 3)
(5, 3)
[1.05530355 1.35894069 0.58575576]
Classification: 1.0 0.4 172
(2, 3)
(5, 3)
(5, 3)
[1.05530355 1.35894069 0.58575576]
Classification: 1.0 0.4 173
(2, 3)
(5, 3)
(5, 3)
[1.05530355 1.35894069 0.58575576]
Classification: 1.0 0.4 174
(2, 3)
(5, 3)
(5, 3)
[1.05530355 1.35894069 0.58575576]
Classification: 1.0 0.4 175
(2, 3)
(5, 3)
(5, 3)
[1.05530355 1.35894069 0.58575576]
Classification: 1.0 0.4 176
(2, 3)
(5, 3)
(5, 3)
[1.05530355 1.35894069 0.58575576]
Classification: 1.0 0.4 177
(2, 3)
(5, 3)
(5, 3)
[1.05530355 1.35894069 0.58575576]
Classification: 1.0 0.4 178
(2, 3)
(5, 3)
(5, 3)
[1.05530355 1.35894069 0.58575576]
Classification: 1.0 0.4 179
(2, 3)
(5, 3)
(5, 3)
[1.05530355 1.35894069 0.58575576]
Classification: 1.0 0.4 180
(2, 3)
(5, 3)
(5, 3)
[1.05530355 1.35894069 0.58575576]
Classification: 1.0 0.4 181
(2, 3)
(5, 3)
(5, 3)
[1.05530355 1.35894069 0.58575576]
Classification: 1.0 0.4 182
(2, 3)
(5, 3)
(5, 3)
/mnt/data/user_liangzhiyu/envs/fedcsl/lib/python3.8/site-packages/numpy/core/_methods.py:190: RuntimeWarning: invalid value encountered in double_scalars
  ret = ret.dtype.type(ret / rcount)
/mnt/data/user_liangzhiyu/envs/fedcsl/lib/python3.8/site-packages/numpy/core/fromnumeric.py:3432: RuntimeWarning: Mean of empty slice.
  return _methods._mean(a, axis=axis, dtype=dtype,
/mnt/data/user_liangzhiyu/envs/fedcsl/lib/python3.8/site-packages/numpy/core/_methods.py:190: RuntimeWarning: invalid value encountered in double_scalars
  ret = ret.dtype.type(ret / rcount)
/mnt/data/user_liangzhiyu/envs/fedcsl/lib/python3.8/site-packages/numpy/core/fromnumeric.py:3432: RuntimeWarning: Mean of empty slice.
  return _methods._mean(a, axis=axis, dtype=dtype,
/mnt/data/user_liangzhiyu/envs/fedcsl/lib/python3.8/site-packages/numpy/core/_methods.py:190: RuntimeWarning: invalid value encountered in double_scalars
  ret = ret.dtype.type(ret / rcount)
/mnt/data/user_liangzhiyu/envs/fedcsl/lib/python3.8/site-packages/numpy/core/fromnumeric.py:3432: RuntimeWarning: Mean of empty slice.
  return _methods._mean(a, axis=axis, dtype=dtype,
/mnt/data/user_liangzhiyu/envs/fedcsl/lib/python3.8/site-packages/numpy/core/_methods.py:190: RuntimeWarning: invalid value encountered in double_scalars
  ret = ret.dtype.type(ret / rcount)
/mnt/data/user_liangzhiyu/envs/fedcsl/lib/python3.8/site-packages/numpy/core/fromnumeric.py:3432: RuntimeWarning: Mean of empty slice.
  return _methods._mean(a, axis=axis, dtype=dtype,
/mnt/data/user_liangzhiyu/envs/fedcsl/lib/python3.8/site-packages/numpy/core/_methods.py:190: RuntimeWarning: invalid value encountered in double_scalars
  ret = ret.dtype.type(ret / rcount)
/mnt/data/user_liangzhiyu/envs/fedcsl/lib/python3.8/site-packages/numpy/core/fromnumeric.py:3432: RuntimeWarning: Mean of empty slice.
  return _methods._mean(a, axis=axis, dtype=dtype,
/mnt/data/user_liangzhiyu/envs/fedcsl/lib/python3.8/site-packages/numpy/core/_methods.py:190: RuntimeWarning: invalid value encountered in double_scalars
  ret = ret.dtype.type(ret / rcount)
/mnt/data/user_liangzhiyu/envs/fedcsl/lib/python3.8/site-packages/numpy/core/fromnumeric.py:3432: RuntimeWarning: Mean of empty slice.
  return _methods._mean(a, axis=axis, dtype=dtype,
/mnt/data/user_liangzhiyu/envs/fedcsl/lib/python3.8/site-packages/numpy/core/_methods.py:190: RuntimeWarning: invalid value encountered in double_scalars
  ret = ret.dtype.type(ret / rcount)
/mnt/data/user_liangzhiyu/envs/fedcsl/lib/python3.8/site-packages/numpy/core/fromnumeric.py:3432: RuntimeWarning: Mean of empty slice.
  return _methods._mean(a, axis=axis, dtype=dtype,
/mnt/data/user_liangzhiyu/envs/fedcsl/lib/python3.8/site-packages/numpy/core/_methods.py:190: RuntimeWarning: invalid value encountered in double_scalars
  ret = ret.dtype.type(ret / rcount)
/mnt/data/user_liangzhiyu/envs/fedcsl/lib/python3.8/site-packages/numpy/core/fromnumeric.py:3432: RuntimeWarning: Mean of empty slice.
  return _methods._mean(a, axis=axis, dtype=dtype,
/mnt/data/user_liangzhiyu/envs/fedcsl/lib/python3.8/site-packages/numpy/core/_methods.py:190: RuntimeWarning: invalid value encountered in double_scalars
  ret = ret.dtype.type(ret / rcount)
/mnt/data/user_liangzhiyu/envs/fedcsl/lib/python3.8/site-packages/numpy/core/fromnumeric.py:3432: RuntimeWarning: Mean of empty slice.
  return _methods._mean(a, axis=axis, dtype=dtype,
/mnt/data/user_liangzhiyu/envs/fedcsl/lib/python3.8/site-packages/numpy/core/_methods.py:190: RuntimeWarning: invalid value encountered in double_scalars
  ret = ret.dtype.type(ret / rcount)
/mnt/data/user_liangzhiyu/envs/fedcsl/lib/python3.8/site-packages/numpy/core/fromnumeric.py:3432: RuntimeWarning: Mean of empty slice.
  return _methods._mean(a, axis=axis, dtype=dtype,
/mnt/data/user_liangzhiyu/envs/fedcsl/lib/python3.8/site-packages/numpy/core/_methods.py:190: RuntimeWarning: invalid value encountered in double_scalars
  ret = ret.dtype.type(ret / rcount)
/mnt/data/user_liangzhiyu/envs/fedcsl/lib/python3.8/site-packages/numpy/core/fromnumeric.py:3432: RuntimeWarning: Mean of empty slice.
  return _methods._mean(a, axis=axis, dtype=dtype,
/mnt/data/user_liangzhiyu/envs/fedcsl/lib/python3.8/site-packages/numpy/core/_methods.py:190: RuntimeWarning: invalid value encountered in double_scalars
  ret = ret.dtype.type(ret / rcount)
/mnt/data/user_liangzhiyu/envs/fedcsl/lib/python3.8/site-packages/numpy/core/fromnumeric.py:3432: RuntimeWarning: Mean of empty slice.
  return _methods._mean(a, axis=axis, dtype=dtype,
/mnt/data/user_liangzhiyu/envs/fedcsl/lib/python3.8/site-packages/numpy/core/_methods.py:190: RuntimeWarning: invalid value encountered in double_scalars
  ret = ret.dtype.type(ret / rcount)
/mnt/data/user_liangzhiyu/envs/fedcsl/lib/python3.8/site-packages/numpy/core/fromnumeric.py:3432: RuntimeWarning: Mean of empty slice.
  return _methods._mean(a, axis=axis, dtype=dtype,
/mnt/data/user_liangzhiyu/envs/fedcsl/lib/python3.8/site-packages/numpy/core/_methods.py:190: RuntimeWarning: invalid value encountered in double_scalars
  ret = ret.dtype.type(ret / rcount)
/mnt/data/user_liangzhiyu/envs/fedcsl/lib/python3.8/site-packages/numpy/core/fromnumeric.py:3432: RuntimeWarning: Mean of empty slice.
  return _methods._mean(a, axis=axis, dtype=dtype,
/mnt/data/user_liangzhiyu/envs/fedcsl/lib/python3.8/site-packages/numpy/core/_methods.py:190: RuntimeWarning: invalid value encountered in double_scalars
  ret = ret.dtype.type(ret / rcount)
/mnt/data/user_liangzhiyu/envs/fedcsl/lib/python3.8/site-packages/numpy/core/fromnumeric.py:3432: RuntimeWarning: Mean of empty slice.
  return _methods._mean(a, axis=axis, dtype=dtype,
/mnt/data/user_liangzhiyu/envs/fedcsl/lib/python3.8/site-packages/numpy/core/_methods.py:190: RuntimeWarning: invalid value encountered in double_scalars
  ret = ret.dtype.type(ret / rcount)
/mnt/data/user_liangzhiyu/envs/fedcsl/lib/python3.8/site-packages/numpy/core/fromnumeric.py:3432: RuntimeWarning: Mean of empty slice.
  return _methods._mean(a, axis=axis, dtype=dtype,
/mnt/data/user_liangzhiyu/envs/fedcsl/lib/python3.8/site-packages/numpy/core/_methods.py:190: RuntimeWarning: invalid value encountered in double_scalars
  ret = ret.dtype.type(ret / rcount)
/mnt/data/user_liangzhiyu/envs/fedcsl/lib/python3.8/site-packages/numpy/core/fromnumeric.py:3432: RuntimeWarning: Mean of empty slice.
  return _methods._mean(a, axis=axis, dtype=dtype,
/mnt/data/user_liangzhiyu/envs/fedcsl/lib/python3.8/site-packages/numpy/core/_methods.py:190: RuntimeWarning: invalid value encountered in double_scalars
  ret = ret.dtype.type(ret / rcount)
/mnt/data/user_liangzhiyu/envs/fedcsl/lib/python3.8/site-packages/numpy/core/fromnumeric.py:3432: RuntimeWarning: Mean of empty slice.
  return _methods._mean(a, axis=axis, dtype=dtype,
/mnt/data/user_liangzhiyu/envs/fedcsl/lib/python3.8/site-packages/numpy/core/_methods.py:190: RuntimeWarning: invalid value encountered in double_scalars
  ret = ret.dtype.type(ret / rcount)
/mnt/data/user_liangzhiyu/envs/fedcsl/lib/python3.8/site-packages/numpy/core/fromnumeric.py:3432: RuntimeWarning: Mean of empty slice.
  return _methods._mean(a, axis=axis, dtype=dtype,
/mnt/data/user_liangzhiyu/envs/fedcsl/lib/python3.8/site-packages/numpy/core/_methods.py:190: RuntimeWarning: invalid value encountered in double_scalars
  ret = ret.dtype.type(ret / rcount)
/mnt/data/user_liangzhiyu/envs/fedcsl/lib/python3.8/site-packages/numpy/core/fromnumeric.py:3432: RuntimeWarning: Mean of empty slice.
  return _methods._mean(a, axis=axis, dtype=dtype,
/mnt/data/user_liangzhiyu/envs/fedcsl/lib/python3.8/site-packages/numpy/core/_methods.py:190: RuntimeWarning: invalid value encountered in double_scalars
  ret = ret.dtype.type(ret / rcount)
/mnt/data/user_liangzhiyu/envs/fedcsl/lib/python3.8/site-packages/numpy/core/fromnumeric.py:3432: RuntimeWarning: Mean of empty slice.
  return _methods._mean(a, axis=axis, dtype=dtype,
/mnt/data/user_liangzhiyu/envs/fedcsl/lib/python3.8/site-packages/numpy/core/_methods.py:190: RuntimeWarning: invalid value encountered in double_scalars
  ret = ret.dtype.type(ret / rcount)
/mnt/data/user_liangzhiyu/envs/fedcsl/lib/python3.8/site-packages/numpy/core/fromnumeric.py:3432: RuntimeWarning: Mean of empty slice.
  return _methods._mean(a, axis=axis, dtype=dtype,
/mnt/data/user_liangzhiyu/envs/fedcsl/lib/python3.8/site-packages/numpy/core/_methods.py:190: RuntimeWarning: invalid value encountered in double_scalars
  ret = ret.dtype.type(ret / rcount)
/mnt/data/user_liangzhiyu/envs/fedcsl/lib/python3.8/site-packages/numpy/core/fromnumeric.py:3432: RuntimeWarning: Mean of empty slice.
  return _methods._mean(a, axis=axis, dtype=dtype,
/mnt/data/user_liangzhiyu/envs/fedcsl/lib/python3.8/site-packages/numpy/core/_methods.py:190: RuntimeWarning: invalid value encountered in double_scalars
  ret = ret.dtype.type(ret / rcount)
/mnt/data/user_liangzhiyu/envs/fedcsl/lib/python3.8/site-packages/numpy/core/fromnumeric.py:3432: RuntimeWarning: Mean of empty slice.
  return _methods._mean(a, axis=axis, dtype=dtype,
/mnt/data/user_liangzhiyu/envs/fedcsl/lib/python3.8/site-packages/numpy/core/_methods.py:190: RuntimeWarning: invalid value encountered in double_scalars
  ret = ret.dtype.type(ret / rcount)
/mnt/data/user_liangzhiyu/envs/fedcsl/lib/python3.8/site-packages/numpy/core/fromnumeric.py:3432: RuntimeWarning: Mean of empty slice.
  return _methods._mean(a, axis=axis, dtype=dtype,
/mnt/data/user_liangzhiyu/envs/fedcsl/lib/python3.8/site-packages/numpy/core/_methods.py:190: RuntimeWarning: invalid value encountered in double_scalars
  ret = ret.dtype.type(ret / rcount)
/mnt/data/user_liangzhiyu/envs/fedcsl/lib/python3.8/site-packages/numpy/core/fromnumeric.py:3432: RuntimeWarning: Mean of empty slice.
  return _methods._mean(a, axis=axis, dtype=dtype,
/mnt/data/user_liangzhiyu/envs/fedcsl/lib/python3.8/site-packages/numpy/core/_methods.py:190: RuntimeWarning: invalid value encountered in double_scalars
  ret = ret.dtype.type(ret / rcount)
/mnt/data/user_liangzhiyu/envs/fedcsl/lib/python3.8/site-packages/numpy/core/fromnumeric.py:3432: RuntimeWarning: Mean of empty slice.
  return _methods._mean(a, axis=axis, dtype=dtype,
/mnt/data/user_liangzhiyu/envs/fedcsl/lib/python3.8/site-packages/numpy/core/_methods.py:190: RuntimeWarning: invalid value encountered in double_scalars
  ret = ret.dtype.type(ret / rcount)
/mnt/data/user_liangzhiyu/envs/fedcsl/lib/python3.8/site-packages/numpy/core/fromnumeric.py:3432: RuntimeWarning: Mean of empty slice.
  return _methods._mean(a, axis=axis, dtype=dtype,
/mnt/data/user_liangzhiyu/envs/fedcsl/lib/python3.8/site-packages/numpy/core/_methods.py:190: RuntimeWarning: invalid value encountered in double_scalars
  ret = ret.dtype.type(ret / rcount)
/mnt/data/user_liangzhiyu/envs/fedcsl/lib/python3.8/site-packages/numpy/core/fromnumeric.py:3432: RuntimeWarning: Mean of empty slice.
  return _methods._mean(a, axis=axis, dtype=dtype,
/mnt/data/user_liangzhiyu/envs/fedcsl/lib/python3.8/site-packages/numpy/core/_methods.py:190: RuntimeWarning: invalid value encountered in double_scalars
  ret = ret.dtype.type(ret / rcount)
/mnt/data/user_liangzhiyu/envs/fedcsl/lib/python3.8/site-packages/numpy/core/fromnumeric.py:3432: RuntimeWarning: Mean of empty slice.
  return _methods._mean(a, axis=axis, dtype=dtype,
/mnt/data/user_liangzhiyu/envs/fedcsl/lib/python3.8/site-packages/numpy/core/_methods.py:190: RuntimeWarning: invalid value encountered in double_scalars
  ret = ret.dtype.type(ret / rcount)
/mnt/data/user_liangzhiyu/envs/fedcsl/lib/python3.8/site-packages/numpy/core/fromnumeric.py:3432: RuntimeWarning: Mean of empty slice.
  return _methods._mean(a, axis=axis, dtype=dtype,
/mnt/data/user_liangzhiyu/envs/fedcsl/lib/python3.8/site-packages/numpy/core/_methods.py:190: RuntimeWarning: invalid value encountered in double_scalars
  ret = ret.dtype.type(ret / rcount)
/mnt/data/user_liangzhiyu/envs/fedcsl/lib/python3.8/site-packages/numpy/core/fromnumeric.py:3432: RuntimeWarning: Mean of empty slice.
  return _methods._mean(a, axis=axis, dtype=dtype,
/mnt/data/user_liangzhiyu/envs/fedcsl/lib/python3.8/site-packages/numpy/core/_methods.py:190: RuntimeWarning: invalid value encountered in double_scalars
  ret = ret.dtype.type(ret / rcount)
/mnt/data/user_liangzhiyu/envs/fedcsl/lib/python3.8/site-packages/numpy/core/fromnumeric.py:3432: RuntimeWarning: Mean of empty slice.
  return _methods._mean(a, axis=axis, dtype=dtype,
/mnt/data/user_liangzhiyu/envs/fedcsl/lib/python3.8/site-packages/numpy/core/_methods.py:190: RuntimeWarning: invalid value encountered in double_scalars
  ret = ret.dtype.type(ret / rcount)
/mnt/data/user_liangzhiyu/envs/fedcsl/lib/python3.8/site-packages/numpy/core/fromnumeric.py:3432: RuntimeWarning: Mean of empty slice.
  return _methods._mean(a, axis=axis, dtype=dtype,
/mnt/data/user_liangzhiyu/envs/fedcsl/lib/python3.8/site-packages/numpy/core/_methods.py:190: RuntimeWarning: invalid value encountered in double_scalars
  ret = ret.dtype.type(ret / rcount)
/mnt/data/user_liangzhiyu/envs/fedcsl/lib/python3.8/site-packages/numpy/core/fromnumeric.py:3432: RuntimeWarning: Mean of empty slice.
  return _methods._mean(a, axis=axis, dtype=dtype,
/mnt/data/user_liangzhiyu/envs/fedcsl/lib/python3.8/site-packages/numpy/core/_methods.py:190: RuntimeWarning: invalid value encountered in double_scalars
  ret = ret.dtype.type(ret / rcount)
/mnt/data/user_liangzhiyu/envs/fedcsl/lib/python3.8/site-packages/numpy/core/fromnumeric.py:3432: RuntimeWarning: Mean of empty slice.
  return _methods._mean(a, axis=axis, dtype=dtype,
/mnt/data/user_liangzhiyu/envs/fedcsl/lib/python3.8/site-packages/numpy/core/_methods.py:190: RuntimeWarning: invalid value encountered in double_scalars
  ret = ret.dtype.type(ret / rcount)
/mnt/data/user_liangzhiyu/envs/fedcsl/lib/python3.8/site-packages/numpy/core/fromnumeric.py:3432: RuntimeWarning: Mean of empty slice.
  return _methods._mean(a, axis=axis, dtype=dtype,
/mnt/data/user_liangzhiyu/envs/fedcsl/lib/python3.8/site-packages/numpy/core/_methods.py:190: RuntimeWarning: invalid value encountered in double_scalars
  ret = ret.dtype.type(ret / rcount)
/mnt/data/user_liangzhiyu/envs/fedcsl/lib/python3.8/site-packages/numpy/core/fromnumeric.py:3432: RuntimeWarning: Mean of empty slice.
  return _methods._mean(a, axis=axis, dtype=dtype,
/mnt/data/user_liangzhiyu/envs/fedcsl/lib/python3.8/site-packages/numpy/core/_methods.py:190: RuntimeWarning: invalid value encountered in double_scalars
  ret = ret.dtype.type(ret / rcount)
/mnt/data/user_liangzhiyu/envs/fedcsl/lib/python3.8/site-packages/numpy/core/fromnumeric.py:3432: RuntimeWarning: Mean of empty slice.
  return _methods._mean(a, axis=axis, dtype=dtype,
/mnt/data/user_liangzhiyu/envs/fedcsl/lib/python3.8/site-packages/numpy/core/_methods.py:190: RuntimeWarning: invalid value encountered in double_scalars
  ret = ret.dtype.type(ret / rcount)
/mnt/data/user_liangzhiyu/envs/fedcsl/lib/python3.8/site-packages/numpy/core/fromnumeric.py:3432: RuntimeWarning: Mean of empty slice.
  return _methods._mean(a, axis=axis, dtype=dtype,
/mnt/data/user_liangzhiyu/envs/fedcsl/lib/python3.8/site-packages/numpy/core/_methods.py:190: RuntimeWarning: invalid value encountered in double_scalars
  ret = ret.dtype.type(ret / rcount)
/mnt/data/user_liangzhiyu/envs/fedcsl/lib/python3.8/site-packages/numpy/core/fromnumeric.py:3432: RuntimeWarning: Mean of empty slice.
  return _methods._mean(a, axis=axis, dtype=dtype,
/mnt/data/user_liangzhiyu/envs/fedcsl/lib/python3.8/site-packages/numpy/core/_methods.py:190: RuntimeWarning: invalid value encountered in double_scalars
  ret = ret.dtype.type(ret / rcount)
/mnt/data/user_liangzhiyu/envs/fedcsl/lib/python3.8/site-packages/numpy/core/fromnumeric.py:3432: RuntimeWarning: Mean of empty slice.
  return _methods._mean(a, axis=axis, dtype=dtype,
/mnt/data/user_liangzhiyu/envs/fedcsl/lib/python3.8/site-packages/numpy/core/_methods.py:190: RuntimeWarning: invalid value encountered in double_scalars
  ret = ret.dtype.type(ret / rcount)
/mnt/data/user_liangzhiyu/envs/fedcsl/lib/python3.8/site-packages/numpy/core/fromnumeric.py:3432: RuntimeWarning: Mean of empty slice.
  return _methods._mean(a, axis=axis, dtype=dtype,
/mnt/data/user_liangzhiyu/envs/fedcsl/lib/python3.8/site-packages/numpy/core/_methods.py:190: RuntimeWarning: invalid value encountered in double_scalars
  ret = ret.dtype.type(ret / rcount)
/mnt/data/user_liangzhiyu/envs/fedcsl/lib/python3.8/site-packages/numpy/core/fromnumeric.py:3432: RuntimeWarning: Mean of empty slice.
  return _methods._mean(a, axis=axis, dtype=dtype,
/mnt/data/user_liangzhiyu/envs/fedcsl/lib/python3.8/site-packages/numpy/core/_methods.py:190: RuntimeWarning: invalid value encountered in double_scalars
  ret = ret.dtype.type(ret / rcount)
/mnt/data/user_liangzhiyu/envs/fedcsl/lib/python3.8/site-packages/numpy/core/fromnumeric.py:3432: RuntimeWarning: Mean of empty slice.
  return _methods._mean(a, axis=axis, dtype=dtype,
/mnt/data/user_liangzhiyu/envs/fedcsl/lib/python3.8/site-packages/numpy/core/_methods.py:190: RuntimeWarning: invalid value encountered in double_scalars
  ret = ret.dtype.type(ret / rcount)
/mnt/data/user_liangzhiyu/envs/fedcsl/lib/python3.8/site-packages/numpy/core/fromnumeric.py:3432: RuntimeWarning: Mean of empty slice.
  return _methods._mean(a, axis=axis, dtype=dtype,
/mnt/data/user_liangzhiyu/envs/fedcsl/lib/python3.8/site-packages/numpy/core/_methods.py:190: RuntimeWarning: invalid value encountered in double_scalars
  ret = ret.dtype.type(ret / rcount)
/mnt/data/user_liangzhiyu/envs/fedcsl/lib/python3.8/site-packages/numpy/core/fromnumeric.py:3432: RuntimeWarning: Mean of empty slice.
  return _methods._mean(a, axis=axis, dtype=dtype,
/mnt/data/user_liangzhiyu/envs/fedcsl/lib/python3.8/site-packages/numpy/core/_methods.py:190: RuntimeWarning: invalid value encountered in double_scalars
  ret = ret.dtype.type(ret / rcount)
/mnt/data/user_liangzhiyu/envs/fedcsl/lib/python3.8/site-packages/numpy/core/fromnumeric.py:3432: RuntimeWarning: Mean of empty slice.
  return _methods._mean(a, axis=axis, dtype=dtype,
/mnt/data/user_liangzhiyu/envs/fedcsl/lib/python3.8/site-packages/numpy/core/_methods.py:190: RuntimeWarning: invalid value encountered in double_scalars
  ret = ret.dtype.type(ret / rcount)
/mnt/data/user_liangzhiyu/envs/fedcsl/lib/python3.8/site-packages/numpy/core/fromnumeric.py:3432: RuntimeWarning: Mean of empty slice.
  return _methods._mean(a, axis=axis, dtype=dtype,
/mnt/data/user_liangzhiyu/envs/fedcsl/lib/python3.8/site-packages/numpy/core/_methods.py:190: RuntimeWarning: invalid value encountered in double_scalars
  ret = ret.dtype.type(ret / rcount)
/mnt/data/user_liangzhiyu/envs/fedcsl/lib/python3.8/site-packages/numpy/core/fromnumeric.py:3432: RuntimeWarning: Mean of empty slice.
  return _methods._mean(a, axis=axis, dtype=dtype,
/mnt/data/user_liangzhiyu/envs/fedcsl/lib/python3.8/site-packages/numpy/core/_methods.py:190: RuntimeWarning: invalid value encountered in double_scalars
  ret = ret.dtype.type(ret / rcount)
/mnt/data/user_liangzhiyu/envs/fedcsl/lib/python3.8/site-packages/numpy/core/fromnumeric.py:3432: RuntimeWarning: Mean of empty slice.
  return _methods._mean(a, axis=axis, dtype=dtype,
/mnt/data/user_liangzhiyu/envs/fedcsl/lib/python3.8/site-packages/numpy/core/_methods.py:190: RuntimeWarning: invalid value encountered in double_scalars
  ret = ret.dtype.type(ret / rcount)
/mnt/data/user_liangzhiyu/envs/fedcsl/lib/python3.8/site-packages/numpy/core/fromnumeric.py:3432: RuntimeWarning: Mean of empty slice.
  return _methods._mean(a, axis=axis, dtype=dtype,
/mnt/data/user_liangzhiyu/envs/fedcsl/lib/python3.8/site-packages/numpy/core/_methods.py:190: RuntimeWarning: invalid value encountered in double_scalars
  ret = ret.dtype.type(ret / rcount)
/mnt/data/user_liangzhiyu/envs/fedcsl/lib/python3.8/site-packages/numpy/core/fromnumeric.py:3432: RuntimeWarning: Mean of empty slice.
  return _methods._mean(a, axis=axis, dtype=dtype,
/mnt/data/user_liangzhiyu/envs/fedcsl/lib/python3.8/site-packages/numpy/core/_methods.py:190: RuntimeWarning: invalid value encountered in double_scalars
  ret = ret.dtype.type(ret / rcount)
/mnt/data/user_liangzhiyu/envs/fedcsl/lib/python3.8/site-packages/numpy/core/fromnumeric.py:3432: RuntimeWarning: Mean of empty slice.
  return _methods._mean(a, axis=axis, dtype=dtype,
/mnt/data/user_liangzhiyu/envs/fedcsl/lib/python3.8/site-packages/numpy/core/_methods.py:190: RuntimeWarning: invalid value encountered in double_scalars
  ret = ret.dtype.type(ret / rcount)
/mnt/data/user_liangzhiyu/envs/fedcsl/lib/python3.8/site-packages/numpy/core/fromnumeric.py:3432: RuntimeWarning: Mean of empty slice.
  return _methods._mean(a, axis=axis, dtype=dtype,
/mnt/data/user_liangzhiyu/envs/fedcsl/lib/python3.8/site-packages/numpy/core/_methods.py:190: RuntimeWarning: invalid value encountered in double_scalars
  ret = ret.dtype.type(ret / rcount)
/mnt/data/user_liangzhiyu/envs/fedcsl/lib/python3.8/site-packages/numpy/core/fromnumeric.py:3432: RuntimeWarning: Mean of empty slice.
  return _methods._mean(a, axis=axis, dtype=dtype,
/mnt/data/user_liangzhiyu/envs/fedcsl/lib/python3.8/site-packages/numpy/core/_methods.py:190: RuntimeWarning: invalid value encountered in double_scalars
  ret = ret.dtype.type(ret / rcount)
/mnt/data/user_liangzhiyu/envs/fedcsl/lib/python3.8/site-packages/numpy/core/fromnumeric.py:3432: RuntimeWarning: Mean of empty slice.
  return _methods._mean(a, axis=axis, dtype=dtype,
/mnt/data/user_liangzhiyu/envs/fedcsl/lib/python3.8/site-packages/numpy/core/_methods.py:190: RuntimeWarning: invalid value encountered in double_scalars
  ret = ret.dtype.type(ret / rcount)
/mnt/data/user_liangzhiyu/envs/fedcsl/lib/python3.8/site-packages/numpy/core/fromnumeric.py:3432: RuntimeWarning: Mean of empty slice.
  return _methods._mean(a, axis=axis, dtype=dtype,
/mnt/data/user_liangzhiyu/envs/fedcsl/lib/python3.8/site-packages/numpy/core/_methods.py:190: RuntimeWarning: invalid value encountered in double_scalars
  ret = ret.dtype.type(ret / rcount)
/mnt/data/user_liangzhiyu/envs/fedcsl/lib/python3.8/site-packages/numpy/core/fromnumeric.py:3432: RuntimeWarning: Mean of empty slice.
  return _methods._mean(a, axis=axis, dtype=dtype,
/mnt/data/user_liangzhiyu/envs/fedcsl/lib/python3.8/site-packages/numpy/core/_methods.py:190: RuntimeWarning: invalid value encountered in double_scalars
  ret = ret.dtype.type(ret / rcount)
/mnt/data/user_liangzhiyu/envs/fedcsl/lib/python3.8/site-packages/numpy/core/fromnumeric.py:3432: RuntimeWarning: Mean of empty slice.
  return _methods._mean(a, axis=axis, dtype=dtype,
/mnt/data/user_liangzhiyu/envs/fedcsl/lib/python3.8/site-packages/numpy/core/_methods.py:190: RuntimeWarning: invalid value encountered in double_scalars
  ret = ret.dtype.type(ret / rcount)
/mnt/data/user_liangzhiyu/envs/fedcsl/lib/python3.8/site-packages/numpy/core/fromnumeric.py:3432: RuntimeWarning: Mean of empty slice.
  return _methods._mean(a, axis=axis, dtype=dtype,
/mnt/data/user_liangzhiyu/envs/fedcsl/lib/python3.8/site-packages/numpy/core/_methods.py:190: RuntimeWarning: invalid value encountered in double_scalars
  ret = ret.dtype.type(ret / rcount)
/mnt/data/user_liangzhiyu/envs/fedcsl/lib/python3.8/site-packages/numpy/core/fromnumeric.py:3432: RuntimeWarning: Mean of empty slice.
  return _methods._mean(a, axis=axis, dtype=dtype,
/mnt/data/user_liangzhiyu/envs/fedcsl/lib/python3.8/site-packages/numpy/core/_methods.py:190: RuntimeWarning: invalid value encountered in double_scalars
  ret = ret.dtype.type(ret / rcount)
/mnt/data/user_liangzhiyu/envs/fedcsl/lib/python3.8/site-packages/numpy/core/fromnumeric.py:3432: RuntimeWarning: Mean of empty slice.
  return _methods._mean(a, axis=axis, dtype=dtype,
/mnt/data/user_liangzhiyu/envs/fedcsl/lib/python3.8/site-packages/numpy/core/_methods.py:190: RuntimeWarning: invalid value encountered in double_scalars
  ret = ret.dtype.type(ret / rcount)
/mnt/data/user_liangzhiyu/envs/fedcsl/lib/python3.8/site-packages/numpy/core/fromnumeric.py:3432: RuntimeWarning: Mean of empty slice.
  return _methods._mean(a, axis=axis, dtype=dtype,
/mnt/data/user_liangzhiyu/envs/fedcsl/lib/python3.8/site-packages/numpy/core/_methods.py:190: RuntimeWarning: invalid value encountered in double_scalars
  ret = ret.dtype.type(ret / rcount)
/mnt/data/user_liangzhiyu/envs/fedcsl/lib/python3.8/site-packages/numpy/core/fromnumeric.py:3432: RuntimeWarning: Mean of empty slice.
  return _methods._mean(a, axis=axis, dtype=dtype,
/mnt/data/user_liangzhiyu/envs/fedcsl/lib/python3.8/site-packages/numpy/core/_methods.py:190: RuntimeWarning: invalid value encountered in double_scalars
  ret = ret.dtype.type(ret / rcount)
/mnt/data/user_liangzhiyu/envs/fedcsl/lib/python3.8/site-packages/numpy/core/fromnumeric.py:3432: RuntimeWarning: Mean of empty slice.
  return _methods._mean(a, axis=axis, dtype=dtype,
/mnt/data/user_liangzhiyu/envs/fedcsl/lib/python3.8/site-packages/numpy/core/_methods.py:190: RuntimeWarning: invalid value encountered in double_scalars
  ret = ret.dtype.type(ret / rcount)
/mnt/data/user_liangzhiyu/envs/fedcsl/lib/python3.8/site-packages/numpy/core/fromnumeric.py:3432: RuntimeWarning: Mean of empty slice.
  return _methods._mean(a, axis=axis, dtype=dtype,
/mnt/data/user_liangzhiyu/envs/fedcsl/lib/python3.8/site-packages/numpy/core/_methods.py:190: RuntimeWarning: invalid value encountered in double_scalars
  ret = ret.dtype.type(ret / rcount)
/mnt/data/user_liangzhiyu/envs/fedcsl/lib/python3.8/site-packages/numpy/core/fromnumeric.py:3432: RuntimeWarning: Mean of empty slice.
  return _methods._mean(a, axis=axis, dtype=dtype,
/mnt/data/user_liangzhiyu/envs/fedcsl/lib/python3.8/site-packages/numpy/core/_methods.py:190: RuntimeWarning: invalid value encountered in double_scalars
  ret = ret.dtype.type(ret / rcount)
/mnt/data/user_liangzhiyu/envs/fedcsl/lib/python3.8/site-packages/numpy/core/fromnumeric.py:3432: RuntimeWarning: Mean of empty slice.
  return _methods._mean(a, axis=axis, dtype=dtype,
/mnt/data/user_liangzhiyu/envs/fedcsl/lib/python3.8/site-packages/numpy/core/_methods.py:190: RuntimeWarning: invalid value encountered in double_scalars
  ret = ret.dtype.type(ret / rcount)
/mnt/data/user_liangzhiyu/envs/fedcsl/lib/python3.8/site-packages/numpy/core/fromnumeric.py:3432: RuntimeWarning: Mean of empty slice.
  return _methods._mean(a, axis=axis, dtype=dtype,
/mnt/data/user_liangzhiyu/envs/fedcsl/lib/python3.8/site-packages/numpy/core/_methods.py:190: RuntimeWarning: invalid value encountered in double_scalars
  ret = ret.dtype.type(ret / rcount)
/mnt/data/user_liangzhiyu/envs/fedcsl/lib/python3.8/site-packages/numpy/core/fromnumeric.py:3432: RuntimeWarning: Mean of empty slice.
  return _methods._mean(a, axis=axis, dtype=dtype,
/mnt/data/user_liangzhiyu/envs/fedcsl/lib/python3.8/site-packages/numpy/core/_methods.py:190: RuntimeWarning: invalid value encountered in double_scalars
  ret = ret.dtype.type(ret / rcount)
/mnt/data/user_liangzhiyu/envs/fedcsl/lib/python3.8/site-packages/numpy/core/fromnumeric.py:3432: RuntimeWarning: Mean of empty slice.
  return _methods._mean(a, axis=axis, dtype=dtype,
/mnt/data/user_liangzhiyu/envs/fedcsl/lib/python3.8/site-packages/numpy/core/_methods.py:190: RuntimeWarning: invalid value encountered in double_scalars
  ret = ret.dtype.type(ret / rcount)
/mnt/data/user_liangzhiyu/envs/fedcsl/lib/python3.8/site-packages/numpy/core/fromnumeric.py:3432: RuntimeWarning: Mean of empty slice.
  return _methods._mean(a, axis=axis, dtype=dtype,
/mnt/data/user_liangzhiyu/envs/fedcsl/lib/python3.8/site-packages/numpy/core/_methods.py:190: RuntimeWarning: invalid value encountered in double_scalars
  ret = ret.dtype.type(ret / rcount)
/mnt/data/user_liangzhiyu/envs/fedcsl/lib/python3.8/site-packages/numpy/core/fromnumeric.py:3432: RuntimeWarning: Mean of empty slice.
  return _methods._mean(a, axis=axis, dtype=dtype,
/mnt/data/user_liangzhiyu/envs/fedcsl/lib/python3.8/site-packages/numpy/core/_methods.py:190: RuntimeWarning: invalid value encountered in double_scalars
  ret = ret.dtype.type(ret / rcount)
/mnt/data/user_liangzhiyu/envs/fedcsl/lib/python3.8/site-packages/numpy/core/fromnumeric.py:3432: RuntimeWarning: Mean of empty slice.
  return _methods._mean(a, axis=axis, dtype=dtype,
/mnt/data/user_liangzhiyu/envs/fedcsl/lib/python3.8/site-packages/numpy/core/_methods.py:190: RuntimeWarning: invalid value encountered in double_scalars
  ret = ret.dtype.type(ret / rcount)
/mnt/data/user_liangzhiyu/envs/fedcsl/lib/python3.8/site-packages/numpy/core/fromnumeric.py:3432: RuntimeWarning: Mean of empty slice.
  return _methods._mean(a, axis=axis, dtype=dtype,
/mnt/data/user_liangzhiyu/envs/fedcsl/lib/python3.8/site-packages/numpy/core/_methods.py:190: RuntimeWarning: invalid value encountered in double_scalars
  ret = ret.dtype.type(ret / rcount)
/mnt/data/user_liangzhiyu/envs/fedcsl/lib/python3.8/site-packages/numpy/core/fromnumeric.py:3432: RuntimeWarning: Mean of empty slice.
  return _methods._mean(a, axis=axis, dtype=dtype,
/mnt/data/user_liangzhiyu/envs/fedcsl/lib/python3.8/site-packages/numpy/core/_methods.py:190: RuntimeWarning: invalid value encountered in double_scalars
  ret = ret.dtype.type(ret / rcount)
/mnt/data/user_liangzhiyu/envs/fedcsl/lib/python3.8/site-packages/numpy/core/fromnumeric.py:3432: RuntimeWarning: Mean of empty slice.
  return _methods._mean(a, axis=axis, dtype=dtype,
/mnt/data/user_liangzhiyu/envs/fedcsl/lib/python3.8/site-packages/numpy/core/_methods.py:190: RuntimeWarning: invalid value encountered in double_scalars
  ret = ret.dtype.type(ret / rcount)
/mnt/data/user_liangzhiyu/envs/fedcsl/lib/python3.8/site-packages/numpy/core/fromnumeric.py:3432: RuntimeWarning: Mean of empty slice.
  return _methods._mean(a, axis=axis, dtype=dtype,
/mnt/data/user_liangzhiyu/envs/fedcsl/lib/python3.8/site-packages/numpy/core/_methods.py:190: RuntimeWarning: invalid value encountered in double_scalars
  ret = ret.dtype.type(ret / rcount)
/mnt/data/user_liangzhiyu/envs/fedcsl/lib/python3.8/site-packages/numpy/core/fromnumeric.py:3432: RuntimeWarning: Mean of empty slice.
  return _methods._mean(a, axis=axis, dtype=dtype,
/mnt/data/user_liangzhiyu/envs/fedcsl/lib/python3.8/site-packages/numpy/core/_methods.py:190: RuntimeWarning: invalid value encountered in double_scalars
  ret = ret.dtype.type(ret / rcount)
/mnt/data/user_liangzhiyu/envs/fedcsl/lib/python3.8/site-packages/numpy/core/fromnumeric.py:3432: RuntimeWarning: Mean of empty slice.
  return _methods._mean(a, axis=axis, dtype=dtype,
/mnt/data/user_liangzhiyu/envs/fedcsl/lib/python3.8/site-packages/numpy/core/_methods.py:190: RuntimeWarning: invalid value encountered in double_scalars
  ret = ret.dtype.type(ret / rcount)
/mnt/data/user_liangzhiyu/envs/fedcsl/lib/python3.8/site-packages/numpy/core/fromnumeric.py:3432: RuntimeWarning: Mean of empty slice.
  return _methods._mean(a, axis=axis, dtype=dtype,
/mnt/data/user_liangzhiyu/envs/fedcsl/lib/python3.8/site-packages/numpy/core/_methods.py:190: RuntimeWarning: invalid value encountered in double_scalars
  ret = ret.dtype.type(ret / rcount)
/mnt/data/user_liangzhiyu/envs/fedcsl/lib/python3.8/site-packages/numpy/core/fromnumeric.py:3432: RuntimeWarning: Mean of empty slice.
  return _methods._mean(a, axis=axis, dtype=dtype,
/mnt/data/user_liangzhiyu/envs/fedcsl/lib/python3.8/site-packages/numpy/core/_methods.py:190: RuntimeWarning: invalid value encountered in double_scalars
  ret = ret.dtype.type(ret / rcount)
/mnt/data/user_liangzhiyu/envs/fedcsl/lib/python3.8/site-packages/numpy/core/fromnumeric.py:3432: RuntimeWarning: Mean of empty slice.
  return _methods._mean(a, axis=axis, dtype=dtype,
/mnt/data/user_liangzhiyu/envs/fedcsl/lib/python3.8/site-packages/numpy/core/_methods.py:190: RuntimeWarning: invalid value encountered in double_scalars
  ret = ret.dtype.type(ret / rcount)
/mnt/data/user_liangzhiyu/envs/fedcsl/lib/python3.8/site-packages/numpy/core/fromnumeric.py:3432: RuntimeWarning: Mean of empty slice.
  return _methods._mean(a, axis=axis, dtype=dtype,
/mnt/data/user_liangzhiyu/envs/fedcsl/lib/python3.8/site-packages/numpy/core/_methods.py:190: RuntimeWarning: invalid value encountered in double_scalars
  ret = ret.dtype.type(ret / rcount)
/mnt/data/user_liangzhiyu/envs/fedcsl/lib/python3.8/site-packages/numpy/core/fromnumeric.py:3432: RuntimeWarning: Mean of empty slice.
  return _methods._mean(a, axis=axis, dtype=dtype,
/mnt/data/user_liangzhiyu/envs/fedcsl/lib/python3.8/site-packages/numpy/core/_methods.py:190: RuntimeWarning: invalid value encountered in double_scalars
  ret = ret.dtype.type(ret / rcount)
/mnt/data/user_liangzhiyu/envs/fedcsl/lib/python3.8/site-packages/numpy/core/fromnumeric.py:3432: RuntimeWarning: Mean of empty slice.
  return _methods._mean(a, axis=axis, dtype=dtype,
/mnt/data/user_liangzhiyu/envs/fedcsl/lib/python3.8/site-packages/numpy/core/_methods.py:190: RuntimeWarning: invalid value encountered in double_scalars
  ret = ret.dtype.type(ret / rcount)
/mnt/data/user_liangzhiyu/envs/fedcsl/lib/python3.8/site-packages/numpy/core/fromnumeric.py:3432: RuntimeWarning: Mean of empty slice.
  return _methods._mean(a, axis=axis, dtype=dtype,
/mnt/data/user_liangzhiyu/envs/fedcsl/lib/python3.8/site-packages/numpy/core/_methods.py:190: RuntimeWarning: invalid value encountered in double_scalars
  ret = ret.dtype.type(ret / rcount)
/mnt/data/user_liangzhiyu/envs/fedcsl/lib/python3.8/site-packages/numpy/core/fromnumeric.py:3432: RuntimeWarning: Mean of empty slice.
  return _methods._mean(a, axis=axis, dtype=dtype,
/mnt/data/user_liangzhiyu/envs/fedcsl/lib/python3.8/site-packages/numpy/core/_methods.py:190: RuntimeWarning: invalid value encountered in double_scalars
  ret = ret.dtype.type(ret / rcount)
/mnt/data/user_liangzhiyu/envs/fedcsl/lib/python3.8/site-packages/numpy/core/fromnumeric.py:3432: RuntimeWarning: Mean of empty slice.
  return _methods._mean(a, axis=axis, dtype=dtype,
/mnt/data/user_liangzhiyu/envs/fedcsl/lib/python3.8/site-packages/numpy/core/_methods.py:190: RuntimeWarning: invalid value encountered in double_scalars
  ret = ret.dtype.type(ret / rcount)
/mnt/data/user_liangzhiyu/envs/fedcsl/lib/python3.8/site-packages/numpy/core/fromnumeric.py:3432: RuntimeWarning: Mean of empty slice.
  return _methods._mean(a, axis=axis, dtype=dtype,
/mnt/data/user_liangzhiyu/envs/fedcsl/lib/python3.8/site-packages/numpy/core/_methods.py:190: RuntimeWarning: invalid value encountered in double_scalars
  ret = ret.dtype.type(ret / rcount)
/mnt/data/user_liangzhiyu/envs/fedcsl/lib/python3.8/site-packages/numpy/core/fromnumeric.py:3432: RuntimeWarning: Mean of empty slice.
  return _methods._mean(a, axis=axis, dtype=dtype,
/mnt/data/user_liangzhiyu/envs/fedcsl/lib/python3.8/site-packages/numpy/core/_methods.py:190: RuntimeWarning: invalid value encountered in double_scalars
  ret = ret.dtype.type(ret / rcount)
/mnt/data/user_liangzhiyu/envs/fedcsl/lib/python3.8/site-packages/numpy/core/fromnumeric.py:3432: RuntimeWarning: Mean of empty slice.
  return _methods._mean(a, axis=axis, dtype=dtype,
/mnt/data/user_liangzhiyu/envs/fedcsl/lib/python3.8/site-packages/numpy/core/_methods.py:190: RuntimeWarning: invalid value encountered in double_scalars
  ret = ret.dtype.type(ret / rcount)
/mnt/data/user_liangzhiyu/envs/fedcsl/lib/python3.8/site-packages/numpy/core/fromnumeric.py:3432: RuntimeWarning: Mean of empty slice.
  return _methods._mean(a, axis=axis, dtype=dtype,
/mnt/data/user_liangzhiyu/envs/fedcsl/lib/python3.8/site-packages/numpy/core/_methods.py:190: RuntimeWarning: invalid value encountered in double_scalars
  ret = ret.dtype.type(ret / rcount)
/mnt/data/user_liangzhiyu/envs/fedcsl/lib/python3.8/site-packages/numpy/core/fromnumeric.py:3432: RuntimeWarning: Mean of empty slice.
  return _methods._mean(a, axis=axis, dtype=dtype,
/mnt/data/user_liangzhiyu/envs/fedcsl/lib/python3.8/site-packages/numpy/core/_methods.py:190: RuntimeWarning: invalid value encountered in double_scalars
  ret = ret.dtype.type(ret / rcount)
/mnt/data/user_liangzhiyu/envs/fedcsl/lib/python3.8/site-packages/numpy/core/fromnumeric.py:3432: RuntimeWarning: Mean of empty slice.
  return _methods._mean(a, axis=axis, dtype=dtype,
/mnt/data/user_liangzhiyu/envs/fedcsl/lib/python3.8/site-packages/numpy/core/_methods.py:190: RuntimeWarning: invalid value encountered in double_scalars
  ret = ret.dtype.type(ret / rcount)
/mnt/data/user_liangzhiyu/envs/fedcsl/lib/python3.8/site-packages/numpy/core/fromnumeric.py:3432: RuntimeWarning: Mean of empty slice.
  return _methods._mean(a, axis=axis, dtype=dtype,
/mnt/data/user_liangzhiyu/envs/fedcsl/lib/python3.8/site-packages/numpy/core/_methods.py:190: RuntimeWarning: invalid value encountered in double_scalars
  ret = ret.dtype.type(ret / rcount)
/mnt/data/user_liangzhiyu/envs/fedcsl/lib/python3.8/site-packages/numpy/core/fromnumeric.py:3432: RuntimeWarning: Mean of empty slice.
  return _methods._mean(a, axis=axis, dtype=dtype,
/mnt/data/user_liangzhiyu/envs/fedcsl/lib/python3.8/site-packages/numpy/core/_methods.py:190: RuntimeWarning: invalid value encountered in double_scalars
  ret = ret.dtype.type(ret / rcount)
/mnt/data/user_liangzhiyu/envs/fedcsl/lib/python3.8/site-packages/numpy/core/fromnumeric.py:3432: RuntimeWarning: Mean of empty slice.
  return _methods._mean(a, axis=axis, dtype=dtype,
/mnt/data/user_liangzhiyu/envs/fedcsl/lib/python3.8/site-packages/numpy/core/_methods.py:190: RuntimeWarning: invalid value encountered in double_scalars
  ret = ret.dtype.type(ret / rcount)
/mnt/data/user_liangzhiyu/envs/fedcsl/lib/python3.8/site-packages/numpy/core/fromnumeric.py:3432: RuntimeWarning: Mean of empty slice.
  return _methods._mean(a, axis=axis, dtype=dtype,
/mnt/data/user_liangzhiyu/envs/fedcsl/lib/python3.8/site-packages/numpy/core/_methods.py:190: RuntimeWarning: invalid value encountered in double_scalars
  ret = ret.dtype.type(ret / rcount)
/mnt/data/user_liangzhiyu/envs/fedcsl/lib/python3.8/site-packages/numpy/core/fromnumeric.py:3432: RuntimeWarning: Mean of empty slice.
  return _methods._mean(a, axis=axis, dtype=dtype,
/mnt/data/user_liangzhiyu/envs/fedcsl/lib/python3.8/site-packages/numpy/core/_methods.py:190: RuntimeWarning: invalid value encountered in double_scalars
  ret = ret.dtype.type(ret / rcount)
/mnt/data/user_liangzhiyu/envs/fedcsl/lib/python3.8/site-packages/numpy/core/fromnumeric.py:3432: RuntimeWarning: Mean of empty slice.
  return _methods._mean(a, axis=axis, dtype=dtype,
/mnt/data/user_liangzhiyu/envs/fedcsl/lib/python3.8/site-packages/numpy/core/_methods.py:190: RuntimeWarning: invalid value encountered in double_scalars
  ret = ret.dtype.type(ret / rcount)
/mnt/data/user_liangzhiyu/envs/fedcsl/lib/python3.8/site-packages/numpy/core/fromnumeric.py:3432: RuntimeWarning: Mean of empty slice.
  return _methods._mean(a, axis=axis, dtype=dtype,
/mnt/data/user_liangzhiyu/envs/fedcsl/lib/python3.8/site-packages/numpy/core/_methods.py:190: RuntimeWarning: invalid value encountered in double_scalars
  ret = ret.dtype.type(ret / rcount)
/mnt/data/user_liangzhiyu/envs/fedcsl/lib/python3.8/site-packages/numpy/core/fromnumeric.py:3432: RuntimeWarning: Mean of empty slice.
  return _methods._mean(a, axis=axis, dtype=dtype,
/mnt/data/user_liangzhiyu/envs/fedcsl/lib/python3.8/site-packages/numpy/core/_methods.py:190: RuntimeWarning: invalid value encountered in double_scalars
  ret = ret.dtype.type(ret / rcount)
/mnt/data/user_liangzhiyu/envs/fedcsl/lib/python3.8/site-packages/numpy/core/fromnumeric.py:3432: RuntimeWarning: Mean of empty slice.
  return _methods._mean(a, axis=axis, dtype=dtype,
/mnt/data/user_liangzhiyu/envs/fedcsl/lib/python3.8/site-packages/numpy/core/_methods.py:190: RuntimeWarning: invalid value encountered in double_scalars
  ret = ret.dtype.type(ret / rcount)
/mnt/data/user_liangzhiyu/envs/fedcsl/lib/python3.8/site-packages/numpy/core/fromnumeric.py:3432: RuntimeWarning: Mean of empty slice.
  return _methods._mean(a, axis=axis, dtype=dtype,
/mnt/data/user_liangzhiyu/envs/fedcsl/lib/python3.8/site-packages/numpy/core/_methods.py:190: RuntimeWarning: invalid value encountered in double_scalars
  ret = ret.dtype.type(ret / rcount)
/mnt/data/user_liangzhiyu/envs/fedcsl/lib/python3.8/site-packages/numpy/core/fromnumeric.py:3432: RuntimeWarning: Mean of empty slice.
  return _methods._mean(a, axis=axis, dtype=dtype,
/mnt/data/user_liangzhiyu/envs/fedcsl/lib/python3.8/site-packages/numpy/core/_methods.py:190: RuntimeWarning: invalid value encountered in double_scalars
  ret = ret.dtype.type(ret / rcount)
[1.05530355 1.35894069 0.58575576]
Classification: 1.0 0.4 183
(2, 3)
(5, 3)
(5, 3)
[1.05530355 1.35894069 0.58575576]
Classification: 1.0 0.4 184
(2, 3)
(5, 3)
(5, 3)
[1.05530355 1.35894069 0.58575576]
Classification: 1.0 0.4 185
(2, 3)
(5, 3)
(5, 3)
[1.05530355 1.35894069 0.58575576]
Classification: 1.0 0.4 186
(2, 3)
(5, 3)
(5, 3)
[1.05530355 1.35894069 0.58575576]
Classification: 1.0 0.4 187
(2, 3)
(5, 3)
(5, 3)
[1.05530355 1.35894069 0.58575576]
Classification: 1.0 0.4 188
(2, 3)
(5, 3)
(5, 3)
[1.05530355 1.35894069 0.58575576]
Classification: 1.0 0.4 189
(2, 3)
(5, 3)
(5, 3)
[1.05530355 1.35894069 0.58575576]
Classification: 1.0 0.4 190
(2, 3)
(5, 3)
(5, 3)
[1.05530355 1.35894069 0.58575576]
Classification: 1.0 0.4 191
(2, 3)
(5, 3)
(5, 3)
[1.05530355 1.35894069 0.58575576]
Classification: 1.0 0.4 192
(2, 3)
(5, 3)
(5, 3)
[1.05530355 1.35894069 0.58575576]
Classification: 1.0 0.4 193
(2, 3)
(5, 3)
(5, 3)
[1.05530355 1.35894069 0.58575576]
Classification: 1.0 0.4 194
(2, 3)
(5, 3)
(5, 3)
[1.05530355 1.35894069 0.58575576]
Classification: 1.0 0.4 195
(2, 3)
(5, 3)
(5, 3)
[1.05530355 1.35894069 0.58575576]
Classification: 1.0 0.4 196
(2, 3)
(5, 3)
(5, 3)
[1.05530355 1.35894069 0.58575576]
Classification: 1.0 0.4 197
(2, 3)
(5, 3)
(5, 3)
[1.05530355 1.35894069 0.58575576]
Classification: 1.0 0.4 198
(2, 3)
(5, 3)
(5, 3)
[1.05530355 1.35894069 0.58575576]
Classification: 1.0 0.4 199
(2, 3)
(5, 3)
(5, 3)
[1.05530355 1.35894069 0.58575576]
Classification: 1.0 0.4 200
(2, 3)
(5, 3)
(5, 3)
[1.05530355 1.35894069 0.58575576]
Classification: 1.0 0.4 201
(2, 3)
(5, 3)
(5, 3)
[1.05530355 1.35894069 0.58575576]
Classification: 1.0 0.4 202
(2, 3)
(5, 3)
(5, 3)
[1.05530355 1.35894069 0.58575576]
Classification: 1.0 0.4 203
(2, 3)
(5, 3)
(5, 3)
[1.05530355 1.35894069 0.58575576]
Classification: 1.0 0.4 204
(2, 3)
(5, 3)
(5, 3)
[1.05530355 1.35894069 0.58575576]
Classification: 1.0 0.4 205
(2, 3)
(5, 3)
(5, 3)
[1.05530355 1.35894069 0.58575576]
Classification: 1.0 0.4 206
(2, 3)
(5, 3)
(5, 3)
[1.05530355 1.35894069 0.58575576]
Classification: 1.0 0.4 207
(2, 3)
(5, 3)
(5, 3)
[1.05530355 1.35894069 0.58575576]
Classification: 1.0 0.4 208
(2, 3)
(5, 3)
(5, 3)
[1.05530355 1.35894069 0.58575576]
Classification: 1.0 0.4 209
(2, 3)
(5, 3)
(5, 3)
[1.05530355 1.35894069 0.58575576]
Classification: 1.0 0.4 210
(2, 3)
(5, 3)
(5, 3)
[1.05530355 1.35894069 0.58575576]
Classification: 1.0 0.4 211
(2, 3)
(5, 3)
(5, 3)
[1.05530355 1.35894069 0.58575576]
Classification: 1.0 0.4 212
(2, 3)
(5, 3)
(5, 3)
[1.05530355 1.35894069 0.58575576]
Classification: 1.0 0.4 213
(2, 3)
(5, 3)
(5, 3)
[1.05530355 1.35894069 0.58575576]
Classification: 1.0 0.4 214
(2, 3)
(5, 3)
(5, 3)
[1.05530355 1.35894069 0.58575576]
Classification: 1.0 0.4 215
(2, 3)
(5, 3)
(5, 3)
[1.05530355 1.35894069 0.58575576]
Classification: 1.0 0.4 216
(2, 3)
(5, 3)
(5, 3)
[1.05530355 1.35894069 0.58575576]
Classification: 1.0 0.4 217
(2, 3)
(5, 3)
(5, 3)
[1.05530355 1.35894069 0.58575576]
Classification: 1.0 0.4 218
(2, 3)
(5, 3)
(5, 3)
[1.05530355 1.35894069 0.58575576]
Classification: 1.0 0.4 219
(2, 3)
(5, 3)
(5, 3)
[1.05530355 1.35894069 0.58575576]
Classification: 1.0 0.4 220
(2, 3)
(5, 3)
(5, 3)
[1.05530355 1.35894069 0.58575576]
Classification: 1.0 0.4 221
(2, 3)
(5, 3)
(5, 3)
[1.05530355 1.35894069 0.58575576]
Classification: 1.0 0.4 222
(2, 3)
(5, 3)
(5, 3)
[1.05530355 1.35894069 0.58575576]
Classification: 1.0 0.4 223
(2, 3)
(5, 3)
(5, 3)
[1.05530355 1.35894069 0.58575576]
Classification: 1.0 0.4 224
(2, 3)
(5, 3)
(5, 3)
[1.05530355 1.35894069 0.58575576]
Classification: 1.0 0.4 225
(2, 3)
(5, 3)
(5, 3)
[1.05530355 1.35894069 0.58575576]
Classification: 1.0 0.4 226
(2, 3)
(5, 3)
(5, 3)
[1.05530355 1.35894069 0.58575576]
Classification: 1.0 0.4 227
(2, 3)
(5, 3)
(5, 3)
[1.05530355 1.35894069 0.58575576]
Classification: 1.0 0.4 228
(2, 3)
(5, 3)
(5, 3)
[1.05530355 1.35894069 0.58575576]
Classification: 1.0 0.4 229
(2, 3)
(5, 3)
(5, 3)
[1.05530355 1.35894069 0.58575576]
Classification: 1.0 0.4 230
(2, 3)
(5, 3)
(5, 3)
[1.05530355 1.35894069 0.58575576]
Classification: 1.0 0.4 231
(2, 3)
(5, 3)
(5, 3)
[1.05530355 1.35894069 0.58575576]
Classification: 1.0 0.4 232
(2, 3)
(5, 3)
(5, 3)
[1.05530355 1.35894069 0.58575576]
Classification: 1.0 0.4 233
(2, 3)
(5, 3)
(5, 3)
[1.05530355 1.35894069 0.58575576]
Classification: 1.0 0.4 234
(2, 3)
(5, 3)
(5, 3)
[1.05530355 1.35894069 0.58575576]
Classification: 1.0 0.4 235
(2, 3)
(5, 3)
(5, 3)
[1.05530355 1.35894069 0.58575576]
Classification: 1.0 0.4 236
(2, 3)
(5, 3)
(5, 3)
[1.05530355 1.35894069 0.58575576]
Classification: 1.0 0.4 237
(2, 3)
(5, 3)
(5, 3)
[1.05530355 1.35894069 0.58575576]
Classification: 1.0 0.4 238
(2, 3)
(5, 3)
(5, 3)
[1.05530355 1.35894069 0.58575576]
Classification: 1.0 0.4 239
(2, 3)
(5, 3)
(5, 3)
[1.05530355 1.35894069 0.58575576]
Classification: 1.0 0.4 240
(2, 3)
(5, 3)
(5, 3)
[1.05530355 1.35894069 0.58575576]
Classification: 1.0 0.4 241
(2, 3)
(5, 3)
(5, 3)
[1.05530355 1.35894069 0.58575576]
Classification: 1.0 0.4 242
(2, 3)
(5, 3)
(5, 3)
[1.05530355 1.35894069 0.58575576]
Classification: 1.0 0.4 243
(2, 3)
(5, 3)
(5, 3)
[1.05530355 1.35894069 0.58575576]
Classification: 1.0 0.4 244
(2, 3)
(5, 3)
(5, 3)
[1.05530355 1.35894069 0.58575576]
Classification: 1.0 0.4 245
(2, 3)
(5, 3)
(5, 3)
[1.05530355 1.35894069 0.58575576]
Classification: 1.0 0.4 246
(2, 3)
(5, 3)
(5, 3)
[1.05530355 1.35894069 0.58575576]
Classification: 1.0 0.4 247
(2, 3)
(5, 3)
(5, 3)
[1.05530355 1.35894069 0.58575576]
Classification: 1.0 0.4 248
(2, 3)
(5, 3)
(5, 3)
[1.05530355 1.35894069 0.58575576]
Classification: 1.0 0.4 249
(2, 3)
(5, 3)
(5, 3)
[1.05530355 1.35894069 0.58575576]
Classification: 1.0 0.4 250
(2, 3)
(5, 3)
(5, 3)
[1.05530355 1.35894069 0.58575576]
Classification: 1.0 0.4 251
(2, 3)
(5, 3)
(5, 3)
[1.05530355 1.35894069 0.58575576]
Classification: 1.0 0.4 252
(2, 3)
(5, 3)
(5, 3)
[1.05530355 1.35894069 0.58575576]
Classification: 1.0 0.4 253
(2, 3)
(5, 3)
(5, 3)
[1.05530355 1.35894069 0.58575576]
Classification: 1.0 0.4 254
(2, 3)
(5, 3)
(5, 3)
[1.05530355 1.35894069 0.58575576]
Classification: 1.0 0.4 255
(2, 3)
(5, 3)
(5, 3)
[1.05530355 1.35894069 0.58575576]
Classification: 1.0 0.4 256
(2, 3)
(5, 3)
(5, 3)
[1.05530355 1.35894069 0.58575576]
Classification: 1.0 0.4 257
(2, 3)
(5, 3)
(5, 3)
[1.05530355 1.35894069 0.58575576]
Classification: 1.0 0.4 258
(2, 3)
(5, 3)
(5, 3)
[1.05530355 1.35894069 0.58575576]
Classification: 1.0 0.4 259
(2, 3)
(5, 3)
(5, 3)
[1.05530355 1.35894069 0.58575576]
Classification: 1.0 0.4 260
(2, 3)
(5, 3)
(5, 3)
[1.05530355 1.35894069 0.58575576]
Classification: 1.0 0.4 261
(2, 3)
(5, 3)
(5, 3)
[1.05530355 1.35894069 0.58575576]
Classification: 1.0 0.4 262
(2, 3)
(5, 3)
(5, 3)
[1.05530355 1.35894069 0.58575576]
Classification: 1.0 0.4 263
(2, 3)
(5, 3)
(5, 3)
[1.05530355 1.35894069 0.58575576]
Classification: 1.0 0.4 264
(2, 3)
(5, 3)
(5, 3)
[1.05530355 1.35894069 0.58575576]
Classification: 1.0 0.4 265
(2, 3)
(5, 3)
(5, 3)
[1.05530355 1.35894069 0.58575576]
Classification: 1.0 0.4 266
(2, 3)
(5, 3)
(5, 3)
[1.05530355 1.35894069 0.58575576]
Classification: 1.0 0.4 267
(2, 3)
(5, 3)
(5, 3)
[1.05530355 1.35894069 0.58575576]
Classification: 1.0 0.4 268
(2, 3)
(5, 3)
(5, 3)
[1.05530355 1.35894069 0.58575576]
Classification: 1.0 0.4 269
(2, 3)
(5, 3)
(5, 3)
[1.05530355 1.35894069 0.58575576]
Classification: 1.0 0.4 270
(2, 3)
(5, 3)
(5, 3)
[1.05530355 1.35894069 0.58575576]
Classification: 1.0 0.4 271
(2, 3)
(5, 3)
(5, 3)
[1.05530355 1.35894069 0.58575576]
Classification: 1.0 0.4 272
(2, 3)
(5, 3)
(5, 3)
[1.05530355 1.35894069 0.58575576]
Classification: 1.0 0.4 273
(2, 3)
(5, 3)
(5, 3)
[1.05530355 1.35894069 0.58575576]
Classification: 1.0 0.4 274
(2, 3)
(5, 3)
(5, 3)
[1.05530355 1.35894069 0.58575576]
Classification: 1.0 0.4 275
(2, 3)
(5, 3)
(5, 3)
[1.05530355 1.35894069 0.58575576]
Classification: 1.0 0.4 276
(2, 3)
(5, 3)
(5, 3)
[1.05530355 1.35894069 0.58575576]
Classification: 1.0 0.4 277
(2, 3)
(5, 3)
(5, 3)
[1.05530355 1.35894069 0.58575576]
Classification: 1.0 0.4 278
(2, 3)
(5, 3)
(5, 3)
[1.05530355 1.35894069 0.58575576]
Classification: 1.0 0.4 279
(2, 3)
(5, 3)
(5, 3)
[1.05530355 1.35894069 0.58575576]
/mnt/data/user_liangzhiyu/envs/fedcsl/lib/python3.8/site-packages/numpy/core/fromnumeric.py:3432: RuntimeWarning: Mean of empty slice.
  return _methods._mean(a, axis=axis, dtype=dtype,
/mnt/data/user_liangzhiyu/envs/fedcsl/lib/python3.8/site-packages/numpy/core/_methods.py:190: RuntimeWarning: invalid value encountered in double_scalars
  ret = ret.dtype.type(ret / rcount)
/mnt/data/user_liangzhiyu/envs/fedcsl/lib/python3.8/site-packages/numpy/core/fromnumeric.py:3432: RuntimeWarning: Mean of empty slice.
  return _methods._mean(a, axis=axis, dtype=dtype,
/mnt/data/user_liangzhiyu/envs/fedcsl/lib/python3.8/site-packages/numpy/core/_methods.py:190: RuntimeWarning: invalid value encountered in double_scalars
  ret = ret.dtype.type(ret / rcount)
/mnt/data/user_liangzhiyu/envs/fedcsl/lib/python3.8/site-packages/numpy/core/fromnumeric.py:3432: RuntimeWarning: Mean of empty slice.
  return _methods._mean(a, axis=axis, dtype=dtype,
/mnt/data/user_liangzhiyu/envs/fedcsl/lib/python3.8/site-packages/numpy/core/_methods.py:190: RuntimeWarning: invalid value encountered in double_scalars
  ret = ret.dtype.type(ret / rcount)
/mnt/data/user_liangzhiyu/envs/fedcsl/lib/python3.8/site-packages/numpy/core/fromnumeric.py:3432: RuntimeWarning: Mean of empty slice.
  return _methods._mean(a, axis=axis, dtype=dtype,
/mnt/data/user_liangzhiyu/envs/fedcsl/lib/python3.8/site-packages/numpy/core/_methods.py:190: RuntimeWarning: invalid value encountered in double_scalars
  ret = ret.dtype.type(ret / rcount)
/mnt/data/user_liangzhiyu/envs/fedcsl/lib/python3.8/site-packages/numpy/core/fromnumeric.py:3432: RuntimeWarning: Mean of empty slice.
  return _methods._mean(a, axis=axis, dtype=dtype,
/mnt/data/user_liangzhiyu/envs/fedcsl/lib/python3.8/site-packages/numpy/core/_methods.py:190: RuntimeWarning: invalid value encountered in double_scalars
  ret = ret.dtype.type(ret / rcount)
/mnt/data/user_liangzhiyu/envs/fedcsl/lib/python3.8/site-packages/numpy/core/fromnumeric.py:3432: RuntimeWarning: Mean of empty slice.
  return _methods._mean(a, axis=axis, dtype=dtype,
/mnt/data/user_liangzhiyu/envs/fedcsl/lib/python3.8/site-packages/numpy/core/_methods.py:190: RuntimeWarning: invalid value encountered in double_scalars
  ret = ret.dtype.type(ret / rcount)
/mnt/data/user_liangzhiyu/envs/fedcsl/lib/python3.8/site-packages/numpy/core/fromnumeric.py:3432: RuntimeWarning: Mean of empty slice.
  return _methods._mean(a, axis=axis, dtype=dtype,
/mnt/data/user_liangzhiyu/envs/fedcsl/lib/python3.8/site-packages/numpy/core/_methods.py:190: RuntimeWarning: invalid value encountered in double_scalars
  ret = ret.dtype.type(ret / rcount)
/mnt/data/user_liangzhiyu/envs/fedcsl/lib/python3.8/site-packages/numpy/core/fromnumeric.py:3432: RuntimeWarning: Mean of empty slice.
  return _methods._mean(a, axis=axis, dtype=dtype,
/mnt/data/user_liangzhiyu/envs/fedcsl/lib/python3.8/site-packages/numpy/core/_methods.py:190: RuntimeWarning: invalid value encountered in double_scalars
  ret = ret.dtype.type(ret / rcount)
/mnt/data/user_liangzhiyu/envs/fedcsl/lib/python3.8/site-packages/numpy/core/fromnumeric.py:3432: RuntimeWarning: Mean of empty slice.
  return _methods._mean(a, axis=axis, dtype=dtype,
/mnt/data/user_liangzhiyu/envs/fedcsl/lib/python3.8/site-packages/numpy/core/_methods.py:190: RuntimeWarning: invalid value encountered in double_scalars
  ret = ret.dtype.type(ret / rcount)
/mnt/data/user_liangzhiyu/envs/fedcsl/lib/python3.8/site-packages/numpy/core/fromnumeric.py:3432: RuntimeWarning: Mean of empty slice.
  return _methods._mean(a, axis=axis, dtype=dtype,
/mnt/data/user_liangzhiyu/envs/fedcsl/lib/python3.8/site-packages/numpy/core/_methods.py:190: RuntimeWarning: invalid value encountered in double_scalars
  ret = ret.dtype.type(ret / rcount)
/mnt/data/user_liangzhiyu/envs/fedcsl/lib/python3.8/site-packages/numpy/core/fromnumeric.py:3432: RuntimeWarning: Mean of empty slice.
  return _methods._mean(a, axis=axis, dtype=dtype,
/mnt/data/user_liangzhiyu/envs/fedcsl/lib/python3.8/site-packages/numpy/core/_methods.py:190: RuntimeWarning: invalid value encountered in double_scalars
  ret = ret.dtype.type(ret / rcount)
/mnt/data/user_liangzhiyu/envs/fedcsl/lib/python3.8/site-packages/numpy/core/fromnumeric.py:3432: RuntimeWarning: Mean of empty slice.
  return _methods._mean(a, axis=axis, dtype=dtype,
/mnt/data/user_liangzhiyu/envs/fedcsl/lib/python3.8/site-packages/numpy/core/_methods.py:190: RuntimeWarning: invalid value encountered in double_scalars
  ret = ret.dtype.type(ret / rcount)
/mnt/data/user_liangzhiyu/envs/fedcsl/lib/python3.8/site-packages/numpy/core/fromnumeric.py:3432: RuntimeWarning: Mean of empty slice.
  return _methods._mean(a, axis=axis, dtype=dtype,
/mnt/data/user_liangzhiyu/envs/fedcsl/lib/python3.8/site-packages/numpy/core/_methods.py:190: RuntimeWarning: invalid value encountered in double_scalars
  ret = ret.dtype.type(ret / rcount)
/mnt/data/user_liangzhiyu/envs/fedcsl/lib/python3.8/site-packages/numpy/core/fromnumeric.py:3432: RuntimeWarning: Mean of empty slice.
  return _methods._mean(a, axis=axis, dtype=dtype,
/mnt/data/user_liangzhiyu/envs/fedcsl/lib/python3.8/site-packages/numpy/core/_methods.py:190: RuntimeWarning: invalid value encountered in double_scalars
  ret = ret.dtype.type(ret / rcount)
/mnt/data/user_liangzhiyu/envs/fedcsl/lib/python3.8/site-packages/numpy/core/fromnumeric.py:3432: RuntimeWarning: Mean of empty slice.
  return _methods._mean(a, axis=axis, dtype=dtype,
/mnt/data/user_liangzhiyu/envs/fedcsl/lib/python3.8/site-packages/numpy/core/_methods.py:190: RuntimeWarning: invalid value encountered in double_scalars
  ret = ret.dtype.type(ret / rcount)
/mnt/data/user_liangzhiyu/envs/fedcsl/lib/python3.8/site-packages/numpy/core/fromnumeric.py:3432: RuntimeWarning: Mean of empty slice.
  return _methods._mean(a, axis=axis, dtype=dtype,
/mnt/data/user_liangzhiyu/envs/fedcsl/lib/python3.8/site-packages/numpy/core/_methods.py:190: RuntimeWarning: invalid value encountered in double_scalars
  ret = ret.dtype.type(ret / rcount)
/mnt/data/user_liangzhiyu/envs/fedcsl/lib/python3.8/site-packages/numpy/core/fromnumeric.py:3432: RuntimeWarning: Mean of empty slice.
  return _methods._mean(a, axis=axis, dtype=dtype,
/mnt/data/user_liangzhiyu/envs/fedcsl/lib/python3.8/site-packages/numpy/core/_methods.py:190: RuntimeWarning: invalid value encountered in double_scalars
  ret = ret.dtype.type(ret / rcount)
/mnt/data/user_liangzhiyu/envs/fedcsl/lib/python3.8/site-packages/numpy/core/fromnumeric.py:3432: RuntimeWarning: Mean of empty slice.
  return _methods._mean(a, axis=axis, dtype=dtype,
/mnt/data/user_liangzhiyu/envs/fedcsl/lib/python3.8/site-packages/numpy/core/_methods.py:190: RuntimeWarning: invalid value encountered in double_scalars
  ret = ret.dtype.type(ret / rcount)
/mnt/data/user_liangzhiyu/envs/fedcsl/lib/python3.8/site-packages/numpy/core/fromnumeric.py:3432: RuntimeWarning: Mean of empty slice.
  return _methods._mean(a, axis=axis, dtype=dtype,
/mnt/data/user_liangzhiyu/envs/fedcsl/lib/python3.8/site-packages/numpy/core/_methods.py:190: RuntimeWarning: invalid value encountered in double_scalars
  ret = ret.dtype.type(ret / rcount)
/mnt/data/user_liangzhiyu/envs/fedcsl/lib/python3.8/site-packages/numpy/core/fromnumeric.py:3432: RuntimeWarning: Mean of empty slice.
  return _methods._mean(a, axis=axis, dtype=dtype,
/mnt/data/user_liangzhiyu/envs/fedcsl/lib/python3.8/site-packages/numpy/core/_methods.py:190: RuntimeWarning: invalid value encountered in double_scalars
  ret = ret.dtype.type(ret / rcount)
/mnt/data/user_liangzhiyu/envs/fedcsl/lib/python3.8/site-packages/numpy/core/fromnumeric.py:3432: RuntimeWarning: Mean of empty slice.
  return _methods._mean(a, axis=axis, dtype=dtype,
/mnt/data/user_liangzhiyu/envs/fedcsl/lib/python3.8/site-packages/numpy/core/_methods.py:190: RuntimeWarning: invalid value encountered in double_scalars
  ret = ret.dtype.type(ret / rcount)
/mnt/data/user_liangzhiyu/envs/fedcsl/lib/python3.8/site-packages/numpy/core/fromnumeric.py:3432: RuntimeWarning: Mean of empty slice.
  return _methods._mean(a, axis=axis, dtype=dtype,
/mnt/data/user_liangzhiyu/envs/fedcsl/lib/python3.8/site-packages/numpy/core/_methods.py:190: RuntimeWarning: invalid value encountered in double_scalars
  ret = ret.dtype.type(ret / rcount)
/mnt/data/user_liangzhiyu/envs/fedcsl/lib/python3.8/site-packages/numpy/core/fromnumeric.py:3432: RuntimeWarning: Mean of empty slice.
  return _methods._mean(a, axis=axis, dtype=dtype,
/mnt/data/user_liangzhiyu/envs/fedcsl/lib/python3.8/site-packages/numpy/core/_methods.py:190: RuntimeWarning: invalid value encountered in double_scalars
  ret = ret.dtype.type(ret / rcount)
/mnt/data/user_liangzhiyu/envs/fedcsl/lib/python3.8/site-packages/numpy/core/fromnumeric.py:3432: RuntimeWarning: Mean of empty slice.
  return _methods._mean(a, axis=axis, dtype=dtype,
/mnt/data/user_liangzhiyu/envs/fedcsl/lib/python3.8/site-packages/numpy/core/_methods.py:190: RuntimeWarning: invalid value encountered in double_scalars
  ret = ret.dtype.type(ret / rcount)
/mnt/data/user_liangzhiyu/envs/fedcsl/lib/python3.8/site-packages/numpy/core/fromnumeric.py:3432: RuntimeWarning: Mean of empty slice.
  return _methods._mean(a, axis=axis, dtype=dtype,
/mnt/data/user_liangzhiyu/envs/fedcsl/lib/python3.8/site-packages/numpy/core/_methods.py:190: RuntimeWarning: invalid value encountered in double_scalars
  ret = ret.dtype.type(ret / rcount)
/mnt/data/user_liangzhiyu/envs/fedcsl/lib/python3.8/site-packages/numpy/core/fromnumeric.py:3432: RuntimeWarning: Mean of empty slice.
  return _methods._mean(a, axis=axis, dtype=dtype,
/mnt/data/user_liangzhiyu/envs/fedcsl/lib/python3.8/site-packages/numpy/core/_methods.py:190: RuntimeWarning: invalid value encountered in double_scalars
  ret = ret.dtype.type(ret / rcount)
/mnt/data/user_liangzhiyu/envs/fedcsl/lib/python3.8/site-packages/numpy/core/fromnumeric.py:3432: RuntimeWarning: Mean of empty slice.
  return _methods._mean(a, axis=axis, dtype=dtype,
/mnt/data/user_liangzhiyu/envs/fedcsl/lib/python3.8/site-packages/numpy/core/_methods.py:190: RuntimeWarning: invalid value encountered in double_scalars
  ret = ret.dtype.type(ret / rcount)
/mnt/data/user_liangzhiyu/envs/fedcsl/lib/python3.8/site-packages/numpy/core/fromnumeric.py:3432: RuntimeWarning: Mean of empty slice.
  return _methods._mean(a, axis=axis, dtype=dtype,
/mnt/data/user_liangzhiyu/envs/fedcsl/lib/python3.8/site-packages/numpy/core/_methods.py:190: RuntimeWarning: invalid value encountered in double_scalars
  ret = ret.dtype.type(ret / rcount)
/mnt/data/user_liangzhiyu/envs/fedcsl/lib/python3.8/site-packages/numpy/core/fromnumeric.py:3432: RuntimeWarning: Mean of empty slice.
  return _methods._mean(a, axis=axis, dtype=dtype,
/mnt/data/user_liangzhiyu/envs/fedcsl/lib/python3.8/site-packages/numpy/core/_methods.py:190: RuntimeWarning: invalid value encountered in double_scalars
  ret = ret.dtype.type(ret / rcount)
/mnt/data/user_liangzhiyu/envs/fedcsl/lib/python3.8/site-packages/numpy/core/fromnumeric.py:3432: RuntimeWarning: Mean of empty slice.
  return _methods._mean(a, axis=axis, dtype=dtype,
/mnt/data/user_liangzhiyu/envs/fedcsl/lib/python3.8/site-packages/numpy/core/_methods.py:190: RuntimeWarning: invalid value encountered in double_scalars
  ret = ret.dtype.type(ret / rcount)
/mnt/data/user_liangzhiyu/envs/fedcsl/lib/python3.8/site-packages/numpy/core/fromnumeric.py:3432: RuntimeWarning: Mean of empty slice.
  return _methods._mean(a, axis=axis, dtype=dtype,
/mnt/data/user_liangzhiyu/envs/fedcsl/lib/python3.8/site-packages/numpy/core/_methods.py:190: RuntimeWarning: invalid value encountered in double_scalars
  ret = ret.dtype.type(ret / rcount)
/mnt/data/user_liangzhiyu/envs/fedcsl/lib/python3.8/site-packages/numpy/core/fromnumeric.py:3432: RuntimeWarning: Mean of empty slice.
  return _methods._mean(a, axis=axis, dtype=dtype,
/mnt/data/user_liangzhiyu/envs/fedcsl/lib/python3.8/site-packages/numpy/core/_methods.py:190: RuntimeWarning: invalid value encountered in double_scalars
  ret = ret.dtype.type(ret / rcount)
/mnt/data/user_liangzhiyu/envs/fedcsl/lib/python3.8/site-packages/numpy/core/fromnumeric.py:3432: RuntimeWarning: Mean of empty slice.
  return _methods._mean(a, axis=axis, dtype=dtype,
/mnt/data/user_liangzhiyu/envs/fedcsl/lib/python3.8/site-packages/numpy/core/_methods.py:190: RuntimeWarning: invalid value encountered in double_scalars
  ret = ret.dtype.type(ret / rcount)
/mnt/data/user_liangzhiyu/envs/fedcsl/lib/python3.8/site-packages/numpy/core/fromnumeric.py:3432: RuntimeWarning: Mean of empty slice.
  return _methods._mean(a, axis=axis, dtype=dtype,
/mnt/data/user_liangzhiyu/envs/fedcsl/lib/python3.8/site-packages/numpy/core/_methods.py:190: RuntimeWarning: invalid value encountered in double_scalars
  ret = ret.dtype.type(ret / rcount)
/mnt/data/user_liangzhiyu/envs/fedcsl/lib/python3.8/site-packages/numpy/core/fromnumeric.py:3432: RuntimeWarning: Mean of empty slice.
  return _methods._mean(a, axis=axis, dtype=dtype,
/mnt/data/user_liangzhiyu/envs/fedcsl/lib/python3.8/site-packages/numpy/core/_methods.py:190: RuntimeWarning: invalid value encountered in double_scalars
  ret = ret.dtype.type(ret / rcount)
/mnt/data/user_liangzhiyu/envs/fedcsl/lib/python3.8/site-packages/numpy/core/fromnumeric.py:3432: RuntimeWarning: Mean of empty slice.
  return _methods._mean(a, axis=axis, dtype=dtype,
/mnt/data/user_liangzhiyu/envs/fedcsl/lib/python3.8/site-packages/numpy/core/_methods.py:190: RuntimeWarning: invalid value encountered in double_scalars
  ret = ret.dtype.type(ret / rcount)
/mnt/data/user_liangzhiyu/envs/fedcsl/lib/python3.8/site-packages/numpy/core/fromnumeric.py:3432: RuntimeWarning: Mean of empty slice.
  return _methods._mean(a, axis=axis, dtype=dtype,
/mnt/data/user_liangzhiyu/envs/fedcsl/lib/python3.8/site-packages/numpy/core/_methods.py:190: RuntimeWarning: invalid value encountered in double_scalars
  ret = ret.dtype.type(ret / rcount)
/mnt/data/user_liangzhiyu/envs/fedcsl/lib/python3.8/site-packages/numpy/core/fromnumeric.py:3432: RuntimeWarning: Mean of empty slice.
  return _methods._mean(a, axis=axis, dtype=dtype,
/mnt/data/user_liangzhiyu/envs/fedcsl/lib/python3.8/site-packages/numpy/core/_methods.py:190: RuntimeWarning: invalid value encountered in double_scalars
  ret = ret.dtype.type(ret / rcount)
/mnt/data/user_liangzhiyu/envs/fedcsl/lib/python3.8/site-packages/numpy/core/fromnumeric.py:3432: RuntimeWarning: Mean of empty slice.
  return _methods._mean(a, axis=axis, dtype=dtype,
/mnt/data/user_liangzhiyu/envs/fedcsl/lib/python3.8/site-packages/numpy/core/_methods.py:190: RuntimeWarning: invalid value encountered in double_scalars
  ret = ret.dtype.type(ret / rcount)
/mnt/data/user_liangzhiyu/envs/fedcsl/lib/python3.8/site-packages/numpy/core/fromnumeric.py:3432: RuntimeWarning: Mean of empty slice.
  return _methods._mean(a, axis=axis, dtype=dtype,
/mnt/data/user_liangzhiyu/envs/fedcsl/lib/python3.8/site-packages/numpy/core/_methods.py:190: RuntimeWarning: invalid value encountered in double_scalars
  ret = ret.dtype.type(ret / rcount)
/mnt/data/user_liangzhiyu/envs/fedcsl/lib/python3.8/site-packages/numpy/core/fromnumeric.py:3432: RuntimeWarning: Mean of empty slice.
  return _methods._mean(a, axis=axis, dtype=dtype,
/mnt/data/user_liangzhiyu/envs/fedcsl/lib/python3.8/site-packages/numpy/core/_methods.py:190: RuntimeWarning: invalid value encountered in double_scalars
  ret = ret.dtype.type(ret / rcount)
/mnt/data/user_liangzhiyu/envs/fedcsl/lib/python3.8/site-packages/numpy/core/fromnumeric.py:3432: RuntimeWarning: Mean of empty slice.
  return _methods._mean(a, axis=axis, dtype=dtype,
/mnt/data/user_liangzhiyu/envs/fedcsl/lib/python3.8/site-packages/numpy/core/_methods.py:190: RuntimeWarning: invalid value encountered in double_scalars
  ret = ret.dtype.type(ret / rcount)
/mnt/data/user_liangzhiyu/envs/fedcsl/lib/python3.8/site-packages/numpy/core/fromnumeric.py:3432: RuntimeWarning: Mean of empty slice.
  return _methods._mean(a, axis=axis, dtype=dtype,
/mnt/data/user_liangzhiyu/envs/fedcsl/lib/python3.8/site-packages/numpy/core/_methods.py:190: RuntimeWarning: invalid value encountered in double_scalars
  ret = ret.dtype.type(ret / rcount)
/mnt/data/user_liangzhiyu/envs/fedcsl/lib/python3.8/site-packages/numpy/core/fromnumeric.py:3432: RuntimeWarning: Mean of empty slice.
  return _methods._mean(a, axis=axis, dtype=dtype,
/mnt/data/user_liangzhiyu/envs/fedcsl/lib/python3.8/site-packages/numpy/core/_methods.py:190: RuntimeWarning: invalid value encountered in double_scalars
  ret = ret.dtype.type(ret / rcount)
/mnt/data/user_liangzhiyu/envs/fedcsl/lib/python3.8/site-packages/numpy/core/fromnumeric.py:3432: RuntimeWarning: Mean of empty slice.
  return _methods._mean(a, axis=axis, dtype=dtype,
/mnt/data/user_liangzhiyu/envs/fedcsl/lib/python3.8/site-packages/numpy/core/_methods.py:190: RuntimeWarning: invalid value encountered in double_scalars
  ret = ret.dtype.type(ret / rcount)
/mnt/data/user_liangzhiyu/envs/fedcsl/lib/python3.8/site-packages/numpy/core/fromnumeric.py:3432: RuntimeWarning: Mean of empty slice.
  return _methods._mean(a, axis=axis, dtype=dtype,
/mnt/data/user_liangzhiyu/envs/fedcsl/lib/python3.8/site-packages/numpy/core/_methods.py:190: RuntimeWarning: invalid value encountered in double_scalars
  ret = ret.dtype.type(ret / rcount)
/mnt/data/user_liangzhiyu/envs/fedcsl/lib/python3.8/site-packages/numpy/core/fromnumeric.py:3432: RuntimeWarning: Mean of empty slice.
  return _methods._mean(a, axis=axis, dtype=dtype,
/mnt/data/user_liangzhiyu/envs/fedcsl/lib/python3.8/site-packages/numpy/core/_methods.py:190: RuntimeWarning: invalid value encountered in double_scalars
  ret = ret.dtype.type(ret / rcount)
/mnt/data/user_liangzhiyu/envs/fedcsl/lib/python3.8/site-packages/numpy/core/fromnumeric.py:3432: RuntimeWarning: Mean of empty slice.
  return _methods._mean(a, axis=axis, dtype=dtype,
/mnt/data/user_liangzhiyu/envs/fedcsl/lib/python3.8/site-packages/numpy/core/_methods.py:190: RuntimeWarning: invalid value encountered in double_scalars
  ret = ret.dtype.type(ret / rcount)
/mnt/data/user_liangzhiyu/envs/fedcsl/lib/python3.8/site-packages/numpy/core/fromnumeric.py:3432: RuntimeWarning: Mean of empty slice.
  return _methods._mean(a, axis=axis, dtype=dtype,
/mnt/data/user_liangzhiyu/envs/fedcsl/lib/python3.8/site-packages/numpy/core/_methods.py:190: RuntimeWarning: invalid value encountered in double_scalars
  ret = ret.dtype.type(ret / rcount)
/mnt/data/user_liangzhiyu/envs/fedcsl/lib/python3.8/site-packages/numpy/core/fromnumeric.py:3432: RuntimeWarning: Mean of empty slice.
  return _methods._mean(a, axis=axis, dtype=dtype,
/mnt/data/user_liangzhiyu/envs/fedcsl/lib/python3.8/site-packages/numpy/core/_methods.py:190: RuntimeWarning: invalid value encountered in double_scalars
  ret = ret.dtype.type(ret / rcount)
/mnt/data/user_liangzhiyu/envs/fedcsl/lib/python3.8/site-packages/numpy/core/fromnumeric.py:3432: RuntimeWarning: Mean of empty slice.
  return _methods._mean(a, axis=axis, dtype=dtype,
/mnt/data/user_liangzhiyu/envs/fedcsl/lib/python3.8/site-packages/numpy/core/_methods.py:190: RuntimeWarning: invalid value encountered in double_scalars
  ret = ret.dtype.type(ret / rcount)
/mnt/data/user_liangzhiyu/envs/fedcsl/lib/python3.8/site-packages/numpy/core/fromnumeric.py:3432: RuntimeWarning: Mean of empty slice.
  return _methods._mean(a, axis=axis, dtype=dtype,
/mnt/data/user_liangzhiyu/envs/fedcsl/lib/python3.8/site-packages/numpy/core/_methods.py:190: RuntimeWarning: invalid value encountered in double_scalars
  ret = ret.dtype.type(ret / rcount)
/mnt/data/user_liangzhiyu/envs/fedcsl/lib/python3.8/site-packages/numpy/core/fromnumeric.py:3432: RuntimeWarning: Mean of empty slice.
  return _methods._mean(a, axis=axis, dtype=dtype,
/mnt/data/user_liangzhiyu/envs/fedcsl/lib/python3.8/site-packages/numpy/core/_methods.py:190: RuntimeWarning: invalid value encountered in double_scalars
  ret = ret.dtype.type(ret / rcount)
/mnt/data/user_liangzhiyu/envs/fedcsl/lib/python3.8/site-packages/numpy/core/fromnumeric.py:3432: RuntimeWarning: Mean of empty slice.
  return _methods._mean(a, axis=axis, dtype=dtype,
/mnt/data/user_liangzhiyu/envs/fedcsl/lib/python3.8/site-packages/numpy/core/_methods.py:190: RuntimeWarning: invalid value encountered in double_scalars
  ret = ret.dtype.type(ret / rcount)
/mnt/data/user_liangzhiyu/envs/fedcsl/lib/python3.8/site-packages/numpy/core/fromnumeric.py:3432: RuntimeWarning: Mean of empty slice.
  return _methods._mean(a, axis=axis, dtype=dtype,
/mnt/data/user_liangzhiyu/envs/fedcsl/lib/python3.8/site-packages/numpy/core/_methods.py:190: RuntimeWarning: invalid value encountered in double_scalars
  ret = ret.dtype.type(ret / rcount)
/mnt/data/user_liangzhiyu/envs/fedcsl/lib/python3.8/site-packages/numpy/core/fromnumeric.py:3432: RuntimeWarning: Mean of empty slice.
  return _methods._mean(a, axis=axis, dtype=dtype,
/mnt/data/user_liangzhiyu/envs/fedcsl/lib/python3.8/site-packages/numpy/core/_methods.py:190: RuntimeWarning: invalid value encountered in double_scalars
  ret = ret.dtype.type(ret / rcount)
/mnt/data/user_liangzhiyu/envs/fedcsl/lib/python3.8/site-packages/numpy/core/fromnumeric.py:3432: RuntimeWarning: Mean of empty slice.
  return _methods._mean(a, axis=axis, dtype=dtype,
/mnt/data/user_liangzhiyu/envs/fedcsl/lib/python3.8/site-packages/numpy/core/_methods.py:190: RuntimeWarning: invalid value encountered in double_scalars
  ret = ret.dtype.type(ret / rcount)
/mnt/data/user_liangzhiyu/envs/fedcsl/lib/python3.8/site-packages/numpy/core/fromnumeric.py:3432: RuntimeWarning: Mean of empty slice.
  return _methods._mean(a, axis=axis, dtype=dtype,
/mnt/data/user_liangzhiyu/envs/fedcsl/lib/python3.8/site-packages/numpy/core/_methods.py:190: RuntimeWarning: invalid value encountered in double_scalars
  ret = ret.dtype.type(ret / rcount)
/mnt/data/user_liangzhiyu/envs/fedcsl/lib/python3.8/site-packages/numpy/core/fromnumeric.py:3432: RuntimeWarning: Mean of empty slice.
  return _methods._mean(a, axis=axis, dtype=dtype,
/mnt/data/user_liangzhiyu/envs/fedcsl/lib/python3.8/site-packages/numpy/core/_methods.py:190: RuntimeWarning: invalid value encountered in double_scalars
  ret = ret.dtype.type(ret / rcount)
/mnt/data/user_liangzhiyu/envs/fedcsl/lib/python3.8/site-packages/numpy/core/fromnumeric.py:3432: RuntimeWarning: Mean of empty slice.
  return _methods._mean(a, axis=axis, dtype=dtype,
/mnt/data/user_liangzhiyu/envs/fedcsl/lib/python3.8/site-packages/numpy/core/_methods.py:190: RuntimeWarning: invalid value encountered in double_scalars
  ret = ret.dtype.type(ret / rcount)
/mnt/data/user_liangzhiyu/envs/fedcsl/lib/python3.8/site-packages/numpy/core/fromnumeric.py:3432: RuntimeWarning: Mean of empty slice.
  return _methods._mean(a, axis=axis, dtype=dtype,
/mnt/data/user_liangzhiyu/envs/fedcsl/lib/python3.8/site-packages/numpy/core/_methods.py:190: RuntimeWarning: invalid value encountered in double_scalars
  ret = ret.dtype.type(ret / rcount)
/mnt/data/user_liangzhiyu/envs/fedcsl/lib/python3.8/site-packages/numpy/core/fromnumeric.py:3432: RuntimeWarning: Mean of empty slice.
  return _methods._mean(a, axis=axis, dtype=dtype,
/mnt/data/user_liangzhiyu/envs/fedcsl/lib/python3.8/site-packages/numpy/core/_methods.py:190: RuntimeWarning: invalid value encountered in double_scalars
  ret = ret.dtype.type(ret / rcount)
/mnt/data/user_liangzhiyu/envs/fedcsl/lib/python3.8/site-packages/numpy/core/fromnumeric.py:3432: RuntimeWarning: Mean of empty slice.
  return _methods._mean(a, axis=axis, dtype=dtype,
/mnt/data/user_liangzhiyu/envs/fedcsl/lib/python3.8/site-packages/numpy/core/_methods.py:190: RuntimeWarning: invalid value encountered in double_scalars
  ret = ret.dtype.type(ret / rcount)
/mnt/data/user_liangzhiyu/envs/fedcsl/lib/python3.8/site-packages/numpy/core/fromnumeric.py:3432: RuntimeWarning: Mean of empty slice.
  return _methods._mean(a, axis=axis, dtype=dtype,
/mnt/data/user_liangzhiyu/envs/fedcsl/lib/python3.8/site-packages/numpy/core/_methods.py:190: RuntimeWarning: invalid value encountered in double_scalars
  ret = ret.dtype.type(ret / rcount)
/mnt/data/user_liangzhiyu/envs/fedcsl/lib/python3.8/site-packages/numpy/core/fromnumeric.py:3432: RuntimeWarning: Mean of empty slice.
  return _methods._mean(a, axis=axis, dtype=dtype,
/mnt/data/user_liangzhiyu/envs/fedcsl/lib/python3.8/site-packages/numpy/core/_methods.py:190: RuntimeWarning: invalid value encountered in double_scalars
  ret = ret.dtype.type(ret / rcount)
/mnt/data/user_liangzhiyu/envs/fedcsl/lib/python3.8/site-packages/numpy/core/fromnumeric.py:3432: RuntimeWarning: Mean of empty slice.
  return _methods._mean(a, axis=axis, dtype=dtype,
/mnt/data/user_liangzhiyu/envs/fedcsl/lib/python3.8/site-packages/numpy/core/_methods.py:190: RuntimeWarning: invalid value encountered in double_scalars
  ret = ret.dtype.type(ret / rcount)
/mnt/data/user_liangzhiyu/envs/fedcsl/lib/python3.8/site-packages/numpy/core/fromnumeric.py:3432: RuntimeWarning: Mean of empty slice.
  return _methods._mean(a, axis=axis, dtype=dtype,
/mnt/data/user_liangzhiyu/envs/fedcsl/lib/python3.8/site-packages/numpy/core/_methods.py:190: RuntimeWarning: invalid value encountered in double_scalars
  ret = ret.dtype.type(ret / rcount)
/mnt/data/user_liangzhiyu/envs/fedcsl/lib/python3.8/site-packages/numpy/core/fromnumeric.py:3432: RuntimeWarning: Mean of empty slice.
  return _methods._mean(a, axis=axis, dtype=dtype,
/mnt/data/user_liangzhiyu/envs/fedcsl/lib/python3.8/site-packages/numpy/core/_methods.py:190: RuntimeWarning: invalid value encountered in double_scalars
  ret = ret.dtype.type(ret / rcount)
/mnt/data/user_liangzhiyu/envs/fedcsl/lib/python3.8/site-packages/numpy/core/fromnumeric.py:3432: RuntimeWarning: Mean of empty slice.
  return _methods._mean(a, axis=axis, dtype=dtype,
/mnt/data/user_liangzhiyu/envs/fedcsl/lib/python3.8/site-packages/numpy/core/_methods.py:190: RuntimeWarning: invalid value encountered in double_scalars
  ret = ret.dtype.type(ret / rcount)
/mnt/data/user_liangzhiyu/envs/fedcsl/lib/python3.8/site-packages/numpy/core/fromnumeric.py:3432: RuntimeWarning: Mean of empty slice.
  return _methods._mean(a, axis=axis, dtype=dtype,
/mnt/data/user_liangzhiyu/envs/fedcsl/lib/python3.8/site-packages/numpy/core/_methods.py:190: RuntimeWarning: invalid value encountered in double_scalars
  ret = ret.dtype.type(ret / rcount)
/mnt/data/user_liangzhiyu/envs/fedcsl/lib/python3.8/site-packages/numpy/core/fromnumeric.py:3432: RuntimeWarning: Mean of empty slice.
  return _methods._mean(a, axis=axis, dtype=dtype,
/mnt/data/user_liangzhiyu/envs/fedcsl/lib/python3.8/site-packages/numpy/core/_methods.py:190: RuntimeWarning: invalid value encountered in double_scalars
  ret = ret.dtype.type(ret / rcount)
/mnt/data/user_liangzhiyu/envs/fedcsl/lib/python3.8/site-packages/numpy/core/fromnumeric.py:3432: RuntimeWarning: Mean of empty slice.
  return _methods._mean(a, axis=axis, dtype=dtype,
/mnt/data/user_liangzhiyu/envs/fedcsl/lib/python3.8/site-packages/numpy/core/_methods.py:190: RuntimeWarning: invalid value encountered in double_scalars
  ret = ret.dtype.type(ret / rcount)
/mnt/data/user_liangzhiyu/envs/fedcsl/lib/python3.8/site-packages/numpy/core/fromnumeric.py:3432: RuntimeWarning: Mean of empty slice.
  return _methods._mean(a, axis=axis, dtype=dtype,
/mnt/data/user_liangzhiyu/envs/fedcsl/lib/python3.8/site-packages/numpy/core/_methods.py:190: RuntimeWarning: invalid value encountered in double_scalars
  ret = ret.dtype.type(ret / rcount)
/mnt/data/user_liangzhiyu/envs/fedcsl/lib/python3.8/site-packages/numpy/core/fromnumeric.py:3432: RuntimeWarning: Mean of empty slice.
  return _methods._mean(a, axis=axis, dtype=dtype,
/mnt/data/user_liangzhiyu/envs/fedcsl/lib/python3.8/site-packages/numpy/core/_methods.py:190: RuntimeWarning: invalid value encountered in double_scalars
  ret = ret.dtype.type(ret / rcount)
/mnt/data/user_liangzhiyu/envs/fedcsl/lib/python3.8/site-packages/numpy/core/fromnumeric.py:3432: RuntimeWarning: Mean of empty slice.
  return _methods._mean(a, axis=axis, dtype=dtype,
/mnt/data/user_liangzhiyu/envs/fedcsl/lib/python3.8/site-packages/numpy/core/_methods.py:190: RuntimeWarning: invalid value encountered in double_scalars
  ret = ret.dtype.type(ret / rcount)
/mnt/data/user_liangzhiyu/envs/fedcsl/lib/python3.8/site-packages/numpy/core/fromnumeric.py:3432: RuntimeWarning: Mean of empty slice.
  return _methods._mean(a, axis=axis, dtype=dtype,
/mnt/data/user_liangzhiyu/envs/fedcsl/lib/python3.8/site-packages/numpy/core/_methods.py:190: RuntimeWarning: invalid value encountered in double_scalars
  ret = ret.dtype.type(ret / rcount)
/mnt/data/user_liangzhiyu/envs/fedcsl/lib/python3.8/site-packages/numpy/core/fromnumeric.py:3432: RuntimeWarning: Mean of empty slice.
  return _methods._mean(a, axis=axis, dtype=dtype,
/mnt/data/user_liangzhiyu/envs/fedcsl/lib/python3.8/site-packages/numpy/core/_methods.py:190: RuntimeWarning: invalid value encountered in double_scalars
  ret = ret.dtype.type(ret / rcount)
/mnt/data/user_liangzhiyu/envs/fedcsl/lib/python3.8/site-packages/numpy/core/fromnumeric.py:3432: RuntimeWarning: Mean of empty slice.
  return _methods._mean(a, axis=axis, dtype=dtype,
/mnt/data/user_liangzhiyu/envs/fedcsl/lib/python3.8/site-packages/numpy/core/_methods.py:190: RuntimeWarning: invalid value encountered in double_scalars
  ret = ret.dtype.type(ret / rcount)
/mnt/data/user_liangzhiyu/envs/fedcsl/lib/python3.8/site-packages/numpy/core/fromnumeric.py:3432: RuntimeWarning: Mean of empty slice.
  return _methods._mean(a, axis=axis, dtype=dtype,
/mnt/data/user_liangzhiyu/envs/fedcsl/lib/python3.8/site-packages/numpy/core/_methods.py:190: RuntimeWarning: invalid value encountered in double_scalars
  ret = ret.dtype.type(ret / rcount)
/mnt/data/user_liangzhiyu/envs/fedcsl/lib/python3.8/site-packages/numpy/core/fromnumeric.py:3432: RuntimeWarning: Mean of empty slice.
  return _methods._mean(a, axis=axis, dtype=dtype,
/mnt/data/user_liangzhiyu/envs/fedcsl/lib/python3.8/site-packages/numpy/core/_methods.py:190: RuntimeWarning: invalid value encountered in double_scalars
  ret = ret.dtype.type(ret / rcount)
/mnt/data/user_liangzhiyu/envs/fedcsl/lib/python3.8/site-packages/numpy/core/fromnumeric.py:3432: RuntimeWarning: Mean of empty slice.
  return _methods._mean(a, axis=axis, dtype=dtype,
/mnt/data/user_liangzhiyu/envs/fedcsl/lib/python3.8/site-packages/numpy/core/_methods.py:190: RuntimeWarning: invalid value encountered in double_scalars
  ret = ret.dtype.type(ret / rcount)
/mnt/data/user_liangzhiyu/envs/fedcsl/lib/python3.8/site-packages/numpy/core/fromnumeric.py:3432: RuntimeWarning: Mean of empty slice.
  return _methods._mean(a, axis=axis, dtype=dtype,
/mnt/data/user_liangzhiyu/envs/fedcsl/lib/python3.8/site-packages/numpy/core/_methods.py:190: RuntimeWarning: invalid value encountered in double_scalars
  ret = ret.dtype.type(ret / rcount)
/mnt/data/user_liangzhiyu/envs/fedcsl/lib/python3.8/site-packages/numpy/core/fromnumeric.py:3432: RuntimeWarning: Mean of empty slice.
  return _methods._mean(a, axis=axis, dtype=dtype,
/mnt/data/user_liangzhiyu/envs/fedcsl/lib/python3.8/site-packages/numpy/core/_methods.py:190: RuntimeWarning: invalid value encountered in double_scalars
  ret = ret.dtype.type(ret / rcount)
/mnt/data/user_liangzhiyu/envs/fedcsl/lib/python3.8/site-packages/numpy/core/fromnumeric.py:3432: RuntimeWarning: Mean of empty slice.
  return _methods._mean(a, axis=axis, dtype=dtype,
/mnt/data/user_liangzhiyu/envs/fedcsl/lib/python3.8/site-packages/numpy/core/_methods.py:190: RuntimeWarning: invalid value encountered in double_scalars
  ret = ret.dtype.type(ret / rcount)
/mnt/data/user_liangzhiyu/envs/fedcsl/lib/python3.8/site-packages/numpy/core/fromnumeric.py:3432: RuntimeWarning: Mean of empty slice.
  return _methods._mean(a, axis=axis, dtype=dtype,
/mnt/data/user_liangzhiyu/envs/fedcsl/lib/python3.8/site-packages/numpy/core/_methods.py:190: RuntimeWarning: invalid value encountered in double_scalars
  ret = ret.dtype.type(ret / rcount)
/mnt/data/user_liangzhiyu/envs/fedcsl/lib/python3.8/site-packages/numpy/core/fromnumeric.py:3432: RuntimeWarning: Mean of empty slice.
  return _methods._mean(a, axis=axis, dtype=dtype,
/mnt/data/user_liangzhiyu/envs/fedcsl/lib/python3.8/site-packages/numpy/core/_methods.py:190: RuntimeWarning: invalid value encountered in double_scalars
  ret = ret.dtype.type(ret / rcount)
Classification: 1.0 0.4 280
(2, 3)
(5, 3)
(5, 3)
[1.05530355 1.35894069 0.58575576]
Classification: 1.0 0.4 281
(2, 3)
(5, 3)
(5, 3)
[1.05530355 1.35894069 0.58575576]
Classification: 1.0 0.4 282
(2, 3)
(5, 3)
(5, 3)
[1.05530355 1.35894069 0.58575576]
Classification: 1.0 0.4 283
(2, 3)
(5, 3)
(5, 3)
[1.05530355 1.35894069 0.58575576]
Classification: 1.0 0.4 284
(2, 3)
(5, 3)
(5, 3)
[1.05530355 1.35894069 0.58575576]
Classification: 1.0 0.4 285
(2, 3)
(5, 3)
(5, 3)
[1.05530355 1.35894069 0.58575576]
Classification: 1.0 0.4 286
(2, 3)
(5, 3)
(5, 3)
[1.05530355 1.35894069 0.58575576]
Classification: 1.0 0.4 287
(2, 3)
(5, 3)
(5, 3)
[1.05530355 1.35894069 0.58575576]
Classification: 1.0 0.4 288
(2, 3)
(5, 3)
(5, 3)
[1.05530355 1.35894069 0.58575576]
Classification: 1.0 0.4 289
(2, 3)
(5, 3)
(5, 3)
[1.05530355 1.35894069 0.58575576]
Classification: 1.0 0.4 290
(2, 3)
(5, 3)
(5, 3)
[1.05530355 1.35894069 0.58575576]
Classification: 1.0 0.4 291
(2, 3)
(5, 3)
(5, 3)
[1.05530355 1.35894069 0.58575576]
Classification: 1.0 0.4 292
(2, 3)
(5, 3)
(5, 3)
[1.05530355 1.35894069 0.58575576]
Classification: 1.0 0.4 293
(2, 3)
(5, 3)
(5, 3)
[1.05530355 1.35894069 0.58575576]
Classification: 1.0 0.4 294
(2, 3)
(5, 3)
(5, 3)
[1.05530355 1.35894069 0.58575576]
Classification: 1.0 0.4 295
(2, 3)
(5, 3)
(5, 3)
[1.05530355 1.35894069 0.58575576]
Classification: 1.0 0.4 296
(2, 3)
(5, 3)
(5, 3)
[1.05530355 1.35894069 0.58575576]
Classification: 1.0 0.4 297
(2, 3)
(5, 3)
(5, 3)
[1.05530355 1.35894069 0.58575576]
Classification: 1.0 0.4 298
(2, 3)
(5, 3)
(5, 3)
[1.05530355 1.35894069 0.58575576]
Classification: 1.0 0.4 299
(2, 3)
(5, 3)
(5, 3)
[1.05530355 1.35894069 0.58575576]
Classification: 1.0 0.4 300
(2, 3)
(5, 3)
(5, 3)
[1.05530355 1.35894069 0.58575576]
Classification: 1.0 0.4 301
(2, 3)
(5, 3)
(5, 3)
[1.05530355 1.35894069 0.58575576]
Classification: 1.0 0.4 302
(2, 3)
(5, 3)
(5, 3)
[1.05530355 1.35894069 0.58575576]
Classification: 1.0 0.4 303
(2, 3)
(5, 3)
(5, 3)
[1.05530355 1.35894069 0.58575576]
Classification: 1.0 0.4 304
(2, 3)
(5, 3)
(5, 3)
[1.05530355 1.35894069 0.58575576]
Classification: 1.0 0.4 305
(2, 3)
(5, 3)
(5, 3)
[1.05530355 1.35894069 0.58575576]
Classification: 1.0 0.4 306
(2, 3)
(5, 3)
(5, 3)
[1.05530355 1.35894069 0.58575576]
Classification: 1.0 0.4 307
(2, 3)
(5, 3)
(5, 3)
[1.05530355 1.35894069 0.58575576]
Classification: 1.0 0.4 308
(2, 3)
(5, 3)
(5, 3)
[1.05530355 1.35894069 0.58575576]
Classification: 1.0 0.4 309
(2, 3)
(5, 3)
(5, 3)
[1.05530355 1.35894069 0.58575576]
Classification: 1.0 0.4 310
(2, 3)
(5, 3)
(5, 3)
[1.05530355 1.35894069 0.58575576]
Classification: 1.0 0.4 311
(2, 3)
(5, 3)
(5, 3)
[1.05530355 1.35894069 0.58575576]
Classification: 1.0 0.4 312
(2, 3)
(5, 3)
(5, 3)
[1.05530355 1.35894069 0.58575576]
Classification: 1.0 0.4 313
(2, 3)
(5, 3)
(5, 3)
[1.05530355 1.35894069 0.58575576]
Classification: 1.0 0.4 314
(2, 3)
(5, 3)
(5, 3)
[1.05530355 1.35894069 0.58575576]
Classification: 1.0 0.4 315
(2, 3)
(5, 3)
(5, 3)
[1.05530355 1.35894069 0.58575576]
Classification: 1.0 0.4 316
(2, 3)
(5, 3)
(5, 3)
[1.05530355 1.35894069 0.58575576]
Classification: 1.0 0.4 317
(2, 3)
(5, 3)
(5, 3)
[1.05530355 1.35894069 0.58575576]
Classification: 1.0 0.4 318
(2, 3)
(5, 3)
(5, 3)
[1.05530355 1.35894069 0.58575576]
Classification: 1.0 0.4 319
(2, 3)
(5, 3)
(5, 3)
[1.05530355 1.35894069 0.58575576]
Classification: 1.0 0.4 320
(2, 3)
(5, 3)
(5, 3)
[1.05530355 1.35894069 0.58575576]
Classification: 1.0 0.4 321
(2, 3)
(5, 3)
(5, 3)
[1.05530355 1.35894069 0.58575576]
Classification: 1.0 0.4 322
(2, 3)
(5, 3)
(5, 3)
[1.05530355 1.35894069 0.58575576]
Classification: 1.0 0.4 323
(2, 3)
(5, 3)
(5, 3)
[1.05530355 1.35894069 0.58575576]
Classification: 1.0 0.4 324
(2, 3)
(5, 3)
(5, 3)
[1.05530355 1.35894069 0.58575576]
Classification: 1.0 0.4 325
(2, 3)
(5, 3)
(5, 3)
[1.05530355 1.35894069 0.58575576]
Classification: 1.0 0.4 326
(2, 3)
(5, 3)
(5, 3)
[1.05530355 1.35894069 0.58575576]
Classification: 1.0 0.4 327
(2, 3)
(5, 3)
(5, 3)
[1.05530355 1.35894069 0.58575576]
Classification: 1.0 0.4 328
(2, 3)
(5, 3)
(5, 3)
[1.05530355 1.35894069 0.58575576]
Classification: 1.0 0.4 329
(2, 3)
(5, 3)
(5, 3)
[1.05530355 1.35894069 0.58575576]
Classification: 1.0 0.4 330
(2, 3)
(5, 3)
(5, 3)
[1.05530355 1.35894069 0.58575576]
Classification: 1.0 0.4 331
(2, 3)
(5, 3)
(5, 3)
[1.05530355 1.35894069 0.58575576]
Classification: 1.0 0.4 332
(2, 3)
(5, 3)
(5, 3)
[1.05530355 1.35894069 0.58575576]
Classification: 1.0 0.4 333
(2, 3)
(5, 3)
(5, 3)
[1.05530355 1.35894069 0.58575576]
Classification: 1.0 0.4 334
(2, 3)
(5, 3)
(5, 3)
[1.05530355 1.35894069 0.58575576]
Classification: 1.0 0.4 335
(2, 3)
(5, 3)
(5, 3)
[1.05530355 1.35894069 0.58575576]
Classification: 1.0 0.4 336
(2, 3)
(5, 3)
(5, 3)
[1.05530355 1.35894069 0.58575576]
Classification: 1.0 0.4 337
(2, 3)
(5, 3)
(5, 3)
[1.05530355 1.35894069 0.58575576]
Classification: 1.0 0.4 338
(2, 3)
(5, 3)
(5, 3)
[1.05530355 1.35894069 0.58575576]
Classification: 1.0 0.4 339
(2, 3)
(5, 3)
(5, 3)
[1.05530355 1.35894069 0.58575576]
Classification: 1.0 0.4 340
(2, 3)
(5, 3)
(5, 3)
[1.05530355 1.35894069 0.58575576]
Classification: 1.0 0.4 341
(2, 3)
(5, 3)
(5, 3)
[1.05530355 1.35894069 0.58575576]
Classification: 1.0 0.4 342
(2, 3)
(5, 3)
(5, 3)
[1.05530355 1.35894069 0.58575576]
Classification: 1.0 0.4 343
(2, 3)
(5, 3)
(5, 3)
[1.05530355 1.35894069 0.58575576]
Classification: 1.0 0.4 344
(2, 3)
(5, 3)
(5, 3)
[1.05530355 1.35894069 0.58575576]
Classification: 1.0 0.4 345
(2, 3)
(5, 3)
(5, 3)
[1.05530355 1.35894069 0.58575576]
Classification: 1.0 0.4 346
(2, 3)
(5, 3)
(5, 3)
[1.05530355 1.35894069 0.58575576]
Classification: 1.0 0.4 347
(2, 3)
(5, 3)
(5, 3)
[1.05530355 1.35894069 0.58575576]
Classification: 1.0 0.4 348
(2, 3)
(5, 3)
(5, 3)
[1.05530355 1.35894069 0.58575576]
Classification: 1.0 0.4 349
(2, 3)
(5, 3)
(5, 3)
[1.05530355 1.35894069 0.58575576]
Classification: 1.0 0.4 350
(2, 3)
(5, 3)
(5, 3)
[1.05530355 1.35894069 0.58575576]
Classification: 1.0 0.4 351
(2, 3)
(5, 3)
(5, 3)
[1.05530355 1.35894069 0.58575576]
Classification: 1.0 0.4 352
(2, 3)
(5, 3)
(5, 3)
[1.05530355 1.35894069 0.58575576]
Classification: 1.0 0.4 353
(2, 3)
(5, 3)
(5, 3)
[1.05530355 1.35894069 0.58575576]
Classification: 1.0 0.4 354
(2, 3)
(5, 3)
(5, 3)
[1.05530355 1.35894069 0.58575576]
Classification: 1.0 0.4 355
(2, 3)
(5, 3)
(5, 3)
[1.05530355 1.35894069 0.58575576]
Classification: 1.0 0.4 356
(2, 3)
(5, 3)
(5, 3)
[1.05530355 1.35894069 0.58575576]
Classification: 1.0 0.4 357
(2, 3)
(5, 3)
(5, 3)
[1.05530355 1.35894069 0.58575576]
Classification: 1.0 0.4 358
(2, 3)
(5, 3)
(5, 3)
[1.05530355 1.35894069 0.58575576]
Classification: 1.0 0.4 359
(2, 3)
(5, 3)
(5, 3)
[1.05530355 1.35894069 0.58575576]
Classification: 1.0 0.4 360
(2, 3)
(5, 3)
(5, 3)
[1.05530355 1.35894069 0.58575576]
Classification: 1.0 0.4 361
(2, 3)
(5, 3)
(5, 3)
[1.05530355 1.35894069 0.58575576]
Classification: 1.0 0.4 362
(2, 3)
(5, 3)
(5, 3)
[1.05530355 1.35894069 0.58575576]
Classification: 1.0 0.4 363
(2, 3)
(5, 3)
(5, 3)
[1.05530355 1.35894069 0.58575576]
Classification: 1.0 0.4 364
(2, 3)
(5, 3)
(5, 3)
[1.05530355 1.35894069 0.58575576]
Classification: 1.0 0.4 365
(2, 3)
(5, 3)
(5, 3)
[1.05530355 1.35894069 0.58575576]
Classification: 1.0 0.4 366
(2, 3)
(5, 3)
(5, 3)
[1.05530355 1.35894069 0.58575576]
Classification: 1.0 0.4 367
(2, 3)
(5, 3)
(5, 3)
[1.05530355 1.35894069 0.58575576]
Classification: 1.0 0.4 368
(2, 3)
(5, 3)
(5, 3)
[1.05530355 1.35894069 0.58575576]
Classification: 1.0 0.4 369
(2, 3)
(5, 3)
(5, 3)
[1.05530355 1.35894069 0.58575576]
Classification: 1.0 0.4 370
(2, 3)
(5, 3)
(5, 3)
[1.05530355 1.35894069 0.58575576]
Classification: 1.0 0.4 371
(2, 3)
(5, 3)
(5, 3)
[1.05530355 1.35894069 0.58575576]
Classification: 1.0 0.4 372
(2, 3)
(5, 3)
(5, 3)
[1.05530355 1.35894069 0.58575576]
Classification: 1.0 0.4 373
(2, 3)
(5, 3)
(5, 3)
[1.05530355 1.35894069 0.58575576]
Classification: 1.0 0.4 374
(2, 3)
(5, 3)
(5, 3)
[1.05530355 1.35894069 0.58575576]
Classification: 1.0 0.4 375
(2, 3)
(5, 3)
(5, 3)
[1.05530355 1.35894069 0.58575576]
Classification: 1.0 0.4 376
(2, 3)
(5, 3)
(5, 3)
[1.05530355 1.35894069 0.58575576]
Classification: 1.0 0.4 377
(2, 3)
(5, 3)
/mnt/data/user_liangzhiyu/envs/fedcsl/lib/python3.8/site-packages/numpy/core/fromnumeric.py:3432: RuntimeWarning: Mean of empty slice.
  return _methods._mean(a, axis=axis, dtype=dtype,
/mnt/data/user_liangzhiyu/envs/fedcsl/lib/python3.8/site-packages/numpy/core/_methods.py:190: RuntimeWarning: invalid value encountered in double_scalars
  ret = ret.dtype.type(ret / rcount)
/mnt/data/user_liangzhiyu/envs/fedcsl/lib/python3.8/site-packages/numpy/core/fromnumeric.py:3432: RuntimeWarning: Mean of empty slice.
  return _methods._mean(a, axis=axis, dtype=dtype,
/mnt/data/user_liangzhiyu/envs/fedcsl/lib/python3.8/site-packages/numpy/core/_methods.py:190: RuntimeWarning: invalid value encountered in double_scalars
  ret = ret.dtype.type(ret / rcount)
/mnt/data/user_liangzhiyu/envs/fedcsl/lib/python3.8/site-packages/numpy/core/fromnumeric.py:3432: RuntimeWarning: Mean of empty slice.
  return _methods._mean(a, axis=axis, dtype=dtype,
/mnt/data/user_liangzhiyu/envs/fedcsl/lib/python3.8/site-packages/numpy/core/_methods.py:190: RuntimeWarning: invalid value encountered in double_scalars
  ret = ret.dtype.type(ret / rcount)
/mnt/data/user_liangzhiyu/envs/fedcsl/lib/python3.8/site-packages/numpy/core/fromnumeric.py:3432: RuntimeWarning: Mean of empty slice.
  return _methods._mean(a, axis=axis, dtype=dtype,
/mnt/data/user_liangzhiyu/envs/fedcsl/lib/python3.8/site-packages/numpy/core/_methods.py:190: RuntimeWarning: invalid value encountered in double_scalars
  ret = ret.dtype.type(ret / rcount)
/mnt/data/user_liangzhiyu/envs/fedcsl/lib/python3.8/site-packages/numpy/core/fromnumeric.py:3432: RuntimeWarning: Mean of empty slice.
  return _methods._mean(a, axis=axis, dtype=dtype,
/mnt/data/user_liangzhiyu/envs/fedcsl/lib/python3.8/site-packages/numpy/core/_methods.py:190: RuntimeWarning: invalid value encountered in double_scalars
  ret = ret.dtype.type(ret / rcount)
/mnt/data/user_liangzhiyu/envs/fedcsl/lib/python3.8/site-packages/numpy/core/fromnumeric.py:3432: RuntimeWarning: Mean of empty slice.
  return _methods._mean(a, axis=axis, dtype=dtype,
/mnt/data/user_liangzhiyu/envs/fedcsl/lib/python3.8/site-packages/numpy/core/_methods.py:190: RuntimeWarning: invalid value encountered in double_scalars
  ret = ret.dtype.type(ret / rcount)
/mnt/data/user_liangzhiyu/envs/fedcsl/lib/python3.8/site-packages/numpy/core/fromnumeric.py:3432: RuntimeWarning: Mean of empty slice.
  return _methods._mean(a, axis=axis, dtype=dtype,
/mnt/data/user_liangzhiyu/envs/fedcsl/lib/python3.8/site-packages/numpy/core/_methods.py:190: RuntimeWarning: invalid value encountered in double_scalars
  ret = ret.dtype.type(ret / rcount)
/mnt/data/user_liangzhiyu/envs/fedcsl/lib/python3.8/site-packages/numpy/core/fromnumeric.py:3432: RuntimeWarning: Mean of empty slice.
  return _methods._mean(a, axis=axis, dtype=dtype,
/mnt/data/user_liangzhiyu/envs/fedcsl/lib/python3.8/site-packages/numpy/core/_methods.py:190: RuntimeWarning: invalid value encountered in double_scalars
  ret = ret.dtype.type(ret / rcount)
/mnt/data/user_liangzhiyu/envs/fedcsl/lib/python3.8/site-packages/numpy/core/fromnumeric.py:3432: RuntimeWarning: Mean of empty slice.
  return _methods._mean(a, axis=axis, dtype=dtype,
/mnt/data/user_liangzhiyu/envs/fedcsl/lib/python3.8/site-packages/numpy/core/_methods.py:190: RuntimeWarning: invalid value encountered in double_scalars
  ret = ret.dtype.type(ret / rcount)
/mnt/data/user_liangzhiyu/envs/fedcsl/lib/python3.8/site-packages/numpy/core/fromnumeric.py:3432: RuntimeWarning: Mean of empty slice.
  return _methods._mean(a, axis=axis, dtype=dtype,
/mnt/data/user_liangzhiyu/envs/fedcsl/lib/python3.8/site-packages/numpy/core/_methods.py:190: RuntimeWarning: invalid value encountered in double_scalars
  ret = ret.dtype.type(ret / rcount)
/mnt/data/user_liangzhiyu/envs/fedcsl/lib/python3.8/site-packages/numpy/core/fromnumeric.py:3432: RuntimeWarning: Mean of empty slice.
  return _methods._mean(a, axis=axis, dtype=dtype,
/mnt/data/user_liangzhiyu/envs/fedcsl/lib/python3.8/site-packages/numpy/core/_methods.py:190: RuntimeWarning: invalid value encountered in double_scalars
  ret = ret.dtype.type(ret / rcount)
/mnt/data/user_liangzhiyu/envs/fedcsl/lib/python3.8/site-packages/numpy/core/fromnumeric.py:3432: RuntimeWarning: Mean of empty slice.
  return _methods._mean(a, axis=axis, dtype=dtype,
/mnt/data/user_liangzhiyu/envs/fedcsl/lib/python3.8/site-packages/numpy/core/_methods.py:190: RuntimeWarning: invalid value encountered in double_scalars
  ret = ret.dtype.type(ret / rcount)
/mnt/data/user_liangzhiyu/envs/fedcsl/lib/python3.8/site-packages/numpy/core/fromnumeric.py:3432: RuntimeWarning: Mean of empty slice.
  return _methods._mean(a, axis=axis, dtype=dtype,
/mnt/data/user_liangzhiyu/envs/fedcsl/lib/python3.8/site-packages/numpy/core/_methods.py:190: RuntimeWarning: invalid value encountered in double_scalars
  ret = ret.dtype.type(ret / rcount)
/mnt/data/user_liangzhiyu/envs/fedcsl/lib/python3.8/site-packages/numpy/core/fromnumeric.py:3432: RuntimeWarning: Mean of empty slice.
  return _methods._mean(a, axis=axis, dtype=dtype,
/mnt/data/user_liangzhiyu/envs/fedcsl/lib/python3.8/site-packages/numpy/core/_methods.py:190: RuntimeWarning: invalid value encountered in double_scalars
  ret = ret.dtype.type(ret / rcount)
/mnt/data/user_liangzhiyu/envs/fedcsl/lib/python3.8/site-packages/numpy/core/fromnumeric.py:3432: RuntimeWarning: Mean of empty slice.
  return _methods._mean(a, axis=axis, dtype=dtype,
/mnt/data/user_liangzhiyu/envs/fedcsl/lib/python3.8/site-packages/numpy/core/_methods.py:190: RuntimeWarning: invalid value encountered in double_scalars
  ret = ret.dtype.type(ret / rcount)
/mnt/data/user_liangzhiyu/envs/fedcsl/lib/python3.8/site-packages/numpy/core/fromnumeric.py:3432: RuntimeWarning: Mean of empty slice.
  return _methods._mean(a, axis=axis, dtype=dtype,
/mnt/data/user_liangzhiyu/envs/fedcsl/lib/python3.8/site-packages/numpy/core/_methods.py:190: RuntimeWarning: invalid value encountered in double_scalars
  ret = ret.dtype.type(ret / rcount)
/mnt/data/user_liangzhiyu/envs/fedcsl/lib/python3.8/site-packages/numpy/core/fromnumeric.py:3432: RuntimeWarning: Mean of empty slice.
  return _methods._mean(a, axis=axis, dtype=dtype,
/mnt/data/user_liangzhiyu/envs/fedcsl/lib/python3.8/site-packages/numpy/core/_methods.py:190: RuntimeWarning: invalid value encountered in double_scalars
  ret = ret.dtype.type(ret / rcount)
/mnt/data/user_liangzhiyu/envs/fedcsl/lib/python3.8/site-packages/numpy/core/fromnumeric.py:3432: RuntimeWarning: Mean of empty slice.
  return _methods._mean(a, axis=axis, dtype=dtype,
/mnt/data/user_liangzhiyu/envs/fedcsl/lib/python3.8/site-packages/numpy/core/_methods.py:190: RuntimeWarning: invalid value encountered in double_scalars
  ret = ret.dtype.type(ret / rcount)
/mnt/data/user_liangzhiyu/envs/fedcsl/lib/python3.8/site-packages/numpy/core/fromnumeric.py:3432: RuntimeWarning: Mean of empty slice.
  return _methods._mean(a, axis=axis, dtype=dtype,
/mnt/data/user_liangzhiyu/envs/fedcsl/lib/python3.8/site-packages/numpy/core/_methods.py:190: RuntimeWarning: invalid value encountered in double_scalars
  ret = ret.dtype.type(ret / rcount)
/mnt/data/user_liangzhiyu/envs/fedcsl/lib/python3.8/site-packages/numpy/core/fromnumeric.py:3432: RuntimeWarning: Mean of empty slice.
  return _methods._mean(a, axis=axis, dtype=dtype,
/mnt/data/user_liangzhiyu/envs/fedcsl/lib/python3.8/site-packages/numpy/core/_methods.py:190: RuntimeWarning: invalid value encountered in double_scalars
  ret = ret.dtype.type(ret / rcount)
/mnt/data/user_liangzhiyu/envs/fedcsl/lib/python3.8/site-packages/numpy/core/fromnumeric.py:3432: RuntimeWarning: Mean of empty slice.
  return _methods._mean(a, axis=axis, dtype=dtype,
/mnt/data/user_liangzhiyu/envs/fedcsl/lib/python3.8/site-packages/numpy/core/_methods.py:190: RuntimeWarning: invalid value encountered in double_scalars
  ret = ret.dtype.type(ret / rcount)
/mnt/data/user_liangzhiyu/envs/fedcsl/lib/python3.8/site-packages/numpy/core/fromnumeric.py:3432: RuntimeWarning: Mean of empty slice.
  return _methods._mean(a, axis=axis, dtype=dtype,
/mnt/data/user_liangzhiyu/envs/fedcsl/lib/python3.8/site-packages/numpy/core/_methods.py:190: RuntimeWarning: invalid value encountered in double_scalars
  ret = ret.dtype.type(ret / rcount)
/mnt/data/user_liangzhiyu/envs/fedcsl/lib/python3.8/site-packages/numpy/core/fromnumeric.py:3432: RuntimeWarning: Mean of empty slice.
  return _methods._mean(a, axis=axis, dtype=dtype,
/mnt/data/user_liangzhiyu/envs/fedcsl/lib/python3.8/site-packages/numpy/core/_methods.py:190: RuntimeWarning: invalid value encountered in double_scalars
  ret = ret.dtype.type(ret / rcount)
/mnt/data/user_liangzhiyu/envs/fedcsl/lib/python3.8/site-packages/numpy/core/fromnumeric.py:3432: RuntimeWarning: Mean of empty slice.
  return _methods._mean(a, axis=axis, dtype=dtype,
/mnt/data/user_liangzhiyu/envs/fedcsl/lib/python3.8/site-packages/numpy/core/_methods.py:190: RuntimeWarning: invalid value encountered in double_scalars
  ret = ret.dtype.type(ret / rcount)
/mnt/data/user_liangzhiyu/envs/fedcsl/lib/python3.8/site-packages/numpy/core/fromnumeric.py:3432: RuntimeWarning: Mean of empty slice.
  return _methods._mean(a, axis=axis, dtype=dtype,
/mnt/data/user_liangzhiyu/envs/fedcsl/lib/python3.8/site-packages/numpy/core/_methods.py:190: RuntimeWarning: invalid value encountered in double_scalars
  ret = ret.dtype.type(ret / rcount)
/mnt/data/user_liangzhiyu/envs/fedcsl/lib/python3.8/site-packages/numpy/core/fromnumeric.py:3432: RuntimeWarning: Mean of empty slice.
  return _methods._mean(a, axis=axis, dtype=dtype,
/mnt/data/user_liangzhiyu/envs/fedcsl/lib/python3.8/site-packages/numpy/core/_methods.py:190: RuntimeWarning: invalid value encountered in double_scalars
  ret = ret.dtype.type(ret / rcount)
/mnt/data/user_liangzhiyu/envs/fedcsl/lib/python3.8/site-packages/numpy/core/fromnumeric.py:3432: RuntimeWarning: Mean of empty slice.
  return _methods._mean(a, axis=axis, dtype=dtype,
/mnt/data/user_liangzhiyu/envs/fedcsl/lib/python3.8/site-packages/numpy/core/_methods.py:190: RuntimeWarning: invalid value encountered in double_scalars
  ret = ret.dtype.type(ret / rcount)
/mnt/data/user_liangzhiyu/envs/fedcsl/lib/python3.8/site-packages/numpy/core/fromnumeric.py:3432: RuntimeWarning: Mean of empty slice.
  return _methods._mean(a, axis=axis, dtype=dtype,
/mnt/data/user_liangzhiyu/envs/fedcsl/lib/python3.8/site-packages/numpy/core/_methods.py:190: RuntimeWarning: invalid value encountered in double_scalars
  ret = ret.dtype.type(ret / rcount)
/mnt/data/user_liangzhiyu/envs/fedcsl/lib/python3.8/site-packages/numpy/core/fromnumeric.py:3432: RuntimeWarning: Mean of empty slice.
  return _methods._mean(a, axis=axis, dtype=dtype,
/mnt/data/user_liangzhiyu/envs/fedcsl/lib/python3.8/site-packages/numpy/core/_methods.py:190: RuntimeWarning: invalid value encountered in double_scalars
  ret = ret.dtype.type(ret / rcount)
/mnt/data/user_liangzhiyu/envs/fedcsl/lib/python3.8/site-packages/numpy/core/fromnumeric.py:3432: RuntimeWarning: Mean of empty slice.
  return _methods._mean(a, axis=axis, dtype=dtype,
/mnt/data/user_liangzhiyu/envs/fedcsl/lib/python3.8/site-packages/numpy/core/_methods.py:190: RuntimeWarning: invalid value encountered in double_scalars
  ret = ret.dtype.type(ret / rcount)
/mnt/data/user_liangzhiyu/envs/fedcsl/lib/python3.8/site-packages/numpy/core/fromnumeric.py:3432: RuntimeWarning: Mean of empty slice.
  return _methods._mean(a, axis=axis, dtype=dtype,
/mnt/data/user_liangzhiyu/envs/fedcsl/lib/python3.8/site-packages/numpy/core/_methods.py:190: RuntimeWarning: invalid value encountered in double_scalars
  ret = ret.dtype.type(ret / rcount)
/mnt/data/user_liangzhiyu/envs/fedcsl/lib/python3.8/site-packages/numpy/core/fromnumeric.py:3432: RuntimeWarning: Mean of empty slice.
  return _methods._mean(a, axis=axis, dtype=dtype,
/mnt/data/user_liangzhiyu/envs/fedcsl/lib/python3.8/site-packages/numpy/core/_methods.py:190: RuntimeWarning: invalid value encountered in double_scalars
  ret = ret.dtype.type(ret / rcount)
/mnt/data/user_liangzhiyu/envs/fedcsl/lib/python3.8/site-packages/numpy/core/fromnumeric.py:3432: RuntimeWarning: Mean of empty slice.
  return _methods._mean(a, axis=axis, dtype=dtype,
/mnt/data/user_liangzhiyu/envs/fedcsl/lib/python3.8/site-packages/numpy/core/_methods.py:190: RuntimeWarning: invalid value encountered in double_scalars
  ret = ret.dtype.type(ret / rcount)
/mnt/data/user_liangzhiyu/envs/fedcsl/lib/python3.8/site-packages/numpy/core/fromnumeric.py:3432: RuntimeWarning: Mean of empty slice.
  return _methods._mean(a, axis=axis, dtype=dtype,
/mnt/data/user_liangzhiyu/envs/fedcsl/lib/python3.8/site-packages/numpy/core/_methods.py:190: RuntimeWarning: invalid value encountered in double_scalars
  ret = ret.dtype.type(ret / rcount)
/mnt/data/user_liangzhiyu/envs/fedcsl/lib/python3.8/site-packages/numpy/core/fromnumeric.py:3432: RuntimeWarning: Mean of empty slice.
  return _methods._mean(a, axis=axis, dtype=dtype,
/mnt/data/user_liangzhiyu/envs/fedcsl/lib/python3.8/site-packages/numpy/core/_methods.py:190: RuntimeWarning: invalid value encountered in double_scalars
  ret = ret.dtype.type(ret / rcount)
/mnt/data/user_liangzhiyu/envs/fedcsl/lib/python3.8/site-packages/numpy/core/fromnumeric.py:3432: RuntimeWarning: Mean of empty slice.
  return _methods._mean(a, axis=axis, dtype=dtype,
/mnt/data/user_liangzhiyu/envs/fedcsl/lib/python3.8/site-packages/numpy/core/_methods.py:190: RuntimeWarning: invalid value encountered in double_scalars
  ret = ret.dtype.type(ret / rcount)
/mnt/data/user_liangzhiyu/envs/fedcsl/lib/python3.8/site-packages/numpy/core/fromnumeric.py:3432: RuntimeWarning: Mean of empty slice.
  return _methods._mean(a, axis=axis, dtype=dtype,
/mnt/data/user_liangzhiyu/envs/fedcsl/lib/python3.8/site-packages/numpy/core/_methods.py:190: RuntimeWarning: invalid value encountered in double_scalars
  ret = ret.dtype.type(ret / rcount)
/mnt/data/user_liangzhiyu/envs/fedcsl/lib/python3.8/site-packages/numpy/core/fromnumeric.py:3432: RuntimeWarning: Mean of empty slice.
  return _methods._mean(a, axis=axis, dtype=dtype,
/mnt/data/user_liangzhiyu/envs/fedcsl/lib/python3.8/site-packages/numpy/core/_methods.py:190: RuntimeWarning: invalid value encountered in double_scalars
  ret = ret.dtype.type(ret / rcount)
/mnt/data/user_liangzhiyu/envs/fedcsl/lib/python3.8/site-packages/numpy/core/fromnumeric.py:3432: RuntimeWarning: Mean of empty slice.
  return _methods._mean(a, axis=axis, dtype=dtype,
/mnt/data/user_liangzhiyu/envs/fedcsl/lib/python3.8/site-packages/numpy/core/_methods.py:190: RuntimeWarning: invalid value encountered in double_scalars
  ret = ret.dtype.type(ret / rcount)
/mnt/data/user_liangzhiyu/envs/fedcsl/lib/python3.8/site-packages/numpy/core/fromnumeric.py:3432: RuntimeWarning: Mean of empty slice.
  return _methods._mean(a, axis=axis, dtype=dtype,
/mnt/data/user_liangzhiyu/envs/fedcsl/lib/python3.8/site-packages/numpy/core/_methods.py:190: RuntimeWarning: invalid value encountered in double_scalars
  ret = ret.dtype.type(ret / rcount)
/mnt/data/user_liangzhiyu/envs/fedcsl/lib/python3.8/site-packages/numpy/core/fromnumeric.py:3432: RuntimeWarning: Mean of empty slice.
  return _methods._mean(a, axis=axis, dtype=dtype,
/mnt/data/user_liangzhiyu/envs/fedcsl/lib/python3.8/site-packages/numpy/core/_methods.py:190: RuntimeWarning: invalid value encountered in double_scalars
  ret = ret.dtype.type(ret / rcount)
/mnt/data/user_liangzhiyu/envs/fedcsl/lib/python3.8/site-packages/numpy/core/fromnumeric.py:3432: RuntimeWarning: Mean of empty slice.
  return _methods._mean(a, axis=axis, dtype=dtype,
/mnt/data/user_liangzhiyu/envs/fedcsl/lib/python3.8/site-packages/numpy/core/_methods.py:190: RuntimeWarning: invalid value encountered in double_scalars
  ret = ret.dtype.type(ret / rcount)
/mnt/data/user_liangzhiyu/envs/fedcsl/lib/python3.8/site-packages/numpy/core/fromnumeric.py:3432: RuntimeWarning: Mean of empty slice.
  return _methods._mean(a, axis=axis, dtype=dtype,
/mnt/data/user_liangzhiyu/envs/fedcsl/lib/python3.8/site-packages/numpy/core/_methods.py:190: RuntimeWarning: invalid value encountered in double_scalars
  ret = ret.dtype.type(ret / rcount)
/mnt/data/user_liangzhiyu/envs/fedcsl/lib/python3.8/site-packages/numpy/core/fromnumeric.py:3432: RuntimeWarning: Mean of empty slice.
  return _methods._mean(a, axis=axis, dtype=dtype,
/mnt/data/user_liangzhiyu/envs/fedcsl/lib/python3.8/site-packages/numpy/core/_methods.py:190: RuntimeWarning: invalid value encountered in double_scalars
  ret = ret.dtype.type(ret / rcount)
/mnt/data/user_liangzhiyu/envs/fedcsl/lib/python3.8/site-packages/numpy/core/fromnumeric.py:3432: RuntimeWarning: Mean of empty slice.
  return _methods._mean(a, axis=axis, dtype=dtype,
/mnt/data/user_liangzhiyu/envs/fedcsl/lib/python3.8/site-packages/numpy/core/_methods.py:190: RuntimeWarning: invalid value encountered in double_scalars
  ret = ret.dtype.type(ret / rcount)
/mnt/data/user_liangzhiyu/envs/fedcsl/lib/python3.8/site-packages/numpy/core/fromnumeric.py:3432: RuntimeWarning: Mean of empty slice.
  return _methods._mean(a, axis=axis, dtype=dtype,
/mnt/data/user_liangzhiyu/envs/fedcsl/lib/python3.8/site-packages/numpy/core/_methods.py:190: RuntimeWarning: invalid value encountered in double_scalars
  ret = ret.dtype.type(ret / rcount)
/mnt/data/user_liangzhiyu/envs/fedcsl/lib/python3.8/site-packages/numpy/core/fromnumeric.py:3432: RuntimeWarning: Mean of empty slice.
  return _methods._mean(a, axis=axis, dtype=dtype,
/mnt/data/user_liangzhiyu/envs/fedcsl/lib/python3.8/site-packages/numpy/core/_methods.py:190: RuntimeWarning: invalid value encountered in double_scalars
  ret = ret.dtype.type(ret / rcount)
/mnt/data/user_liangzhiyu/envs/fedcsl/lib/python3.8/site-packages/numpy/core/fromnumeric.py:3432: RuntimeWarning: Mean of empty slice.
  return _methods._mean(a, axis=axis, dtype=dtype,
/mnt/data/user_liangzhiyu/envs/fedcsl/lib/python3.8/site-packages/numpy/core/_methods.py:190: RuntimeWarning: invalid value encountered in double_scalars
  ret = ret.dtype.type(ret / rcount)
/mnt/data/user_liangzhiyu/envs/fedcsl/lib/python3.8/site-packages/numpy/core/fromnumeric.py:3432: RuntimeWarning: Mean of empty slice.
  return _methods._mean(a, axis=axis, dtype=dtype,
/mnt/data/user_liangzhiyu/envs/fedcsl/lib/python3.8/site-packages/numpy/core/_methods.py:190: RuntimeWarning: invalid value encountered in double_scalars
  ret = ret.dtype.type(ret / rcount)
/mnt/data/user_liangzhiyu/envs/fedcsl/lib/python3.8/site-packages/numpy/core/fromnumeric.py:3432: RuntimeWarning: Mean of empty slice.
  return _methods._mean(a, axis=axis, dtype=dtype,
/mnt/data/user_liangzhiyu/envs/fedcsl/lib/python3.8/site-packages/numpy/core/_methods.py:190: RuntimeWarning: invalid value encountered in double_scalars
  ret = ret.dtype.type(ret / rcount)
/mnt/data/user_liangzhiyu/envs/fedcsl/lib/python3.8/site-packages/numpy/core/fromnumeric.py:3432: RuntimeWarning: Mean of empty slice.
  return _methods._mean(a, axis=axis, dtype=dtype,
/mnt/data/user_liangzhiyu/envs/fedcsl/lib/python3.8/site-packages/numpy/core/_methods.py:190: RuntimeWarning: invalid value encountered in double_scalars
  ret = ret.dtype.type(ret / rcount)
/mnt/data/user_liangzhiyu/envs/fedcsl/lib/python3.8/site-packages/numpy/core/fromnumeric.py:3432: RuntimeWarning: Mean of empty slice.
  return _methods._mean(a, axis=axis, dtype=dtype,
/mnt/data/user_liangzhiyu/envs/fedcsl/lib/python3.8/site-packages/numpy/core/_methods.py:190: RuntimeWarning: invalid value encountered in double_scalars
  ret = ret.dtype.type(ret / rcount)
/mnt/data/user_liangzhiyu/envs/fedcsl/lib/python3.8/site-packages/numpy/core/fromnumeric.py:3432: RuntimeWarning: Mean of empty slice.
  return _methods._mean(a, axis=axis, dtype=dtype,
/mnt/data/user_liangzhiyu/envs/fedcsl/lib/python3.8/site-packages/numpy/core/_methods.py:190: RuntimeWarning: invalid value encountered in double_scalars
  ret = ret.dtype.type(ret / rcount)
/mnt/data/user_liangzhiyu/envs/fedcsl/lib/python3.8/site-packages/numpy/core/fromnumeric.py:3432: RuntimeWarning: Mean of empty slice.
  return _methods._mean(a, axis=axis, dtype=dtype,
/mnt/data/user_liangzhiyu/envs/fedcsl/lib/python3.8/site-packages/numpy/core/_methods.py:190: RuntimeWarning: invalid value encountered in double_scalars
  ret = ret.dtype.type(ret / rcount)
/mnt/data/user_liangzhiyu/envs/fedcsl/lib/python3.8/site-packages/numpy/core/fromnumeric.py:3432: RuntimeWarning: Mean of empty slice.
  return _methods._mean(a, axis=axis, dtype=dtype,
/mnt/data/user_liangzhiyu/envs/fedcsl/lib/python3.8/site-packages/numpy/core/_methods.py:190: RuntimeWarning: invalid value encountered in double_scalars
  ret = ret.dtype.type(ret / rcount)
/mnt/data/user_liangzhiyu/envs/fedcsl/lib/python3.8/site-packages/numpy/core/fromnumeric.py:3432: RuntimeWarning: Mean of empty slice.
  return _methods._mean(a, axis=axis, dtype=dtype,
/mnt/data/user_liangzhiyu/envs/fedcsl/lib/python3.8/site-packages/numpy/core/_methods.py:190: RuntimeWarning: invalid value encountered in double_scalars
  ret = ret.dtype.type(ret / rcount)
/mnt/data/user_liangzhiyu/envs/fedcsl/lib/python3.8/site-packages/numpy/core/fromnumeric.py:3432: RuntimeWarning: Mean of empty slice.
  return _methods._mean(a, axis=axis, dtype=dtype,
/mnt/data/user_liangzhiyu/envs/fedcsl/lib/python3.8/site-packages/numpy/core/_methods.py:190: RuntimeWarning: invalid value encountered in double_scalars
  ret = ret.dtype.type(ret / rcount)
/mnt/data/user_liangzhiyu/envs/fedcsl/lib/python3.8/site-packages/numpy/core/fromnumeric.py:3432: RuntimeWarning: Mean of empty slice.
  return _methods._mean(a, axis=axis, dtype=dtype,
/mnt/data/user_liangzhiyu/envs/fedcsl/lib/python3.8/site-packages/numpy/core/_methods.py:190: RuntimeWarning: invalid value encountered in double_scalars
  ret = ret.dtype.type(ret / rcount)
/mnt/data/user_liangzhiyu/envs/fedcsl/lib/python3.8/site-packages/numpy/core/fromnumeric.py:3432: RuntimeWarning: Mean of empty slice.
  return _methods._mean(a, axis=axis, dtype=dtype,
/mnt/data/user_liangzhiyu/envs/fedcsl/lib/python3.8/site-packages/numpy/core/_methods.py:190: RuntimeWarning: invalid value encountered in double_scalars
  ret = ret.dtype.type(ret / rcount)
/mnt/data/user_liangzhiyu/envs/fedcsl/lib/python3.8/site-packages/numpy/core/fromnumeric.py:3432: RuntimeWarning: Mean of empty slice.
  return _methods._mean(a, axis=axis, dtype=dtype,
/mnt/data/user_liangzhiyu/envs/fedcsl/lib/python3.8/site-packages/numpy/core/_methods.py:190: RuntimeWarning: invalid value encountered in double_scalars
  ret = ret.dtype.type(ret / rcount)
/mnt/data/user_liangzhiyu/envs/fedcsl/lib/python3.8/site-packages/numpy/core/fromnumeric.py:3432: RuntimeWarning: Mean of empty slice.
  return _methods._mean(a, axis=axis, dtype=dtype,
/mnt/data/user_liangzhiyu/envs/fedcsl/lib/python3.8/site-packages/numpy/core/_methods.py:190: RuntimeWarning: invalid value encountered in double_scalars
  ret = ret.dtype.type(ret / rcount)
/mnt/data/user_liangzhiyu/envs/fedcsl/lib/python3.8/site-packages/numpy/core/fromnumeric.py:3432: RuntimeWarning: Mean of empty slice.
  return _methods._mean(a, axis=axis, dtype=dtype,
/mnt/data/user_liangzhiyu/envs/fedcsl/lib/python3.8/site-packages/numpy/core/_methods.py:190: RuntimeWarning: invalid value encountered in double_scalars
  ret = ret.dtype.type(ret / rcount)
/mnt/data/user_liangzhiyu/envs/fedcsl/lib/python3.8/site-packages/numpy/core/fromnumeric.py:3432: RuntimeWarning: Mean of empty slice.
  return _methods._mean(a, axis=axis, dtype=dtype,
/mnt/data/user_liangzhiyu/envs/fedcsl/lib/python3.8/site-packages/numpy/core/_methods.py:190: RuntimeWarning: invalid value encountered in double_scalars
  ret = ret.dtype.type(ret / rcount)
/mnt/data/user_liangzhiyu/envs/fedcsl/lib/python3.8/site-packages/numpy/core/fromnumeric.py:3432: RuntimeWarning: Mean of empty slice.
  return _methods._mean(a, axis=axis, dtype=dtype,
/mnt/data/user_liangzhiyu/envs/fedcsl/lib/python3.8/site-packages/numpy/core/_methods.py:190: RuntimeWarning: invalid value encountered in double_scalars
  ret = ret.dtype.type(ret / rcount)
/mnt/data/user_liangzhiyu/envs/fedcsl/lib/python3.8/site-packages/numpy/core/fromnumeric.py:3432: RuntimeWarning: Mean of empty slice.
  return _methods._mean(a, axis=axis, dtype=dtype,
/mnt/data/user_liangzhiyu/envs/fedcsl/lib/python3.8/site-packages/numpy/core/_methods.py:190: RuntimeWarning: invalid value encountered in double_scalars
  ret = ret.dtype.type(ret / rcount)
/mnt/data/user_liangzhiyu/envs/fedcsl/lib/python3.8/site-packages/numpy/core/fromnumeric.py:3432: RuntimeWarning: Mean of empty slice.
  return _methods._mean(a, axis=axis, dtype=dtype,
/mnt/data/user_liangzhiyu/envs/fedcsl/lib/python3.8/site-packages/numpy/core/_methods.py:190: RuntimeWarning: invalid value encountered in double_scalars
  ret = ret.dtype.type(ret / rcount)
/mnt/data/user_liangzhiyu/envs/fedcsl/lib/python3.8/site-packages/numpy/core/fromnumeric.py:3432: RuntimeWarning: Mean of empty slice.
  return _methods._mean(a, axis=axis, dtype=dtype,
/mnt/data/user_liangzhiyu/envs/fedcsl/lib/python3.8/site-packages/numpy/core/_methods.py:190: RuntimeWarning: invalid value encountered in double_scalars
  ret = ret.dtype.type(ret / rcount)
/mnt/data/user_liangzhiyu/envs/fedcsl/lib/python3.8/site-packages/numpy/core/fromnumeric.py:3432: RuntimeWarning: Mean of empty slice.
  return _methods._mean(a, axis=axis, dtype=dtype,
/mnt/data/user_liangzhiyu/envs/fedcsl/lib/python3.8/site-packages/numpy/core/_methods.py:190: RuntimeWarning: invalid value encountered in double_scalars
  ret = ret.dtype.type(ret / rcount)
/mnt/data/user_liangzhiyu/envs/fedcsl/lib/python3.8/site-packages/numpy/core/fromnumeric.py:3432: RuntimeWarning: Mean of empty slice.
  return _methods._mean(a, axis=axis, dtype=dtype,
/mnt/data/user_liangzhiyu/envs/fedcsl/lib/python3.8/site-packages/numpy/core/_methods.py:190: RuntimeWarning: invalid value encountered in double_scalars
  ret = ret.dtype.type(ret / rcount)
/mnt/data/user_liangzhiyu/envs/fedcsl/lib/python3.8/site-packages/numpy/core/fromnumeric.py:3432: RuntimeWarning: Mean of empty slice.
  return _methods._mean(a, axis=axis, dtype=dtype,
/mnt/data/user_liangzhiyu/envs/fedcsl/lib/python3.8/site-packages/numpy/core/_methods.py:190: RuntimeWarning: invalid value encountered in double_scalars
  ret = ret.dtype.type(ret / rcount)
/mnt/data/user_liangzhiyu/envs/fedcsl/lib/python3.8/site-packages/numpy/core/fromnumeric.py:3432: RuntimeWarning: Mean of empty slice.
  return _methods._mean(a, axis=axis, dtype=dtype,
/mnt/data/user_liangzhiyu/envs/fedcsl/lib/python3.8/site-packages/numpy/core/_methods.py:190: RuntimeWarning: invalid value encountered in double_scalars
  ret = ret.dtype.type(ret / rcount)
/mnt/data/user_liangzhiyu/envs/fedcsl/lib/python3.8/site-packages/numpy/core/fromnumeric.py:3432: RuntimeWarning: Mean of empty slice.
  return _methods._mean(a, axis=axis, dtype=dtype,
/mnt/data/user_liangzhiyu/envs/fedcsl/lib/python3.8/site-packages/numpy/core/_methods.py:190: RuntimeWarning: invalid value encountered in double_scalars
  ret = ret.dtype.type(ret / rcount)
/mnt/data/user_liangzhiyu/envs/fedcsl/lib/python3.8/site-packages/numpy/core/fromnumeric.py:3432: RuntimeWarning: Mean of empty slice.
  return _methods._mean(a, axis=axis, dtype=dtype,
/mnt/data/user_liangzhiyu/envs/fedcsl/lib/python3.8/site-packages/numpy/core/_methods.py:190: RuntimeWarning: invalid value encountered in double_scalars
  ret = ret.dtype.type(ret / rcount)
/mnt/data/user_liangzhiyu/envs/fedcsl/lib/python3.8/site-packages/numpy/core/fromnumeric.py:3432: RuntimeWarning: Mean of empty slice.
  return _methods._mean(a, axis=axis, dtype=dtype,
/mnt/data/user_liangzhiyu/envs/fedcsl/lib/python3.8/site-packages/numpy/core/_methods.py:190: RuntimeWarning: invalid value encountered in double_scalars
  ret = ret.dtype.type(ret / rcount)
/mnt/data/user_liangzhiyu/envs/fedcsl/lib/python3.8/site-packages/numpy/core/fromnumeric.py:3432: RuntimeWarning: Mean of empty slice.
  return _methods._mean(a, axis=axis, dtype=dtype,
/mnt/data/user_liangzhiyu/envs/fedcsl/lib/python3.8/site-packages/numpy/core/_methods.py:190: RuntimeWarning: invalid value encountered in double_scalars
  ret = ret.dtype.type(ret / rcount)
/mnt/data/user_liangzhiyu/envs/fedcsl/lib/python3.8/site-packages/numpy/core/fromnumeric.py:3432: RuntimeWarning: Mean of empty slice.
  return _methods._mean(a, axis=axis, dtype=dtype,
/mnt/data/user_liangzhiyu/envs/fedcsl/lib/python3.8/site-packages/numpy/core/_methods.py:190: RuntimeWarning: invalid value encountered in double_scalars
  ret = ret.dtype.type(ret / rcount)
/mnt/data/user_liangzhiyu/envs/fedcsl/lib/python3.8/site-packages/numpy/core/fromnumeric.py:3432: RuntimeWarning: Mean of empty slice.
  return _methods._mean(a, axis=axis, dtype=dtype,
/mnt/data/user_liangzhiyu/envs/fedcsl/lib/python3.8/site-packages/numpy/core/_methods.py:190: RuntimeWarning: invalid value encountered in double_scalars
  ret = ret.dtype.type(ret / rcount)
/mnt/data/user_liangzhiyu/envs/fedcsl/lib/python3.8/site-packages/numpy/core/fromnumeric.py:3432: RuntimeWarning: Mean of empty slice.
  return _methods._mean(a, axis=axis, dtype=dtype,
/mnt/data/user_liangzhiyu/envs/fedcsl/lib/python3.8/site-packages/numpy/core/_methods.py:190: RuntimeWarning: invalid value encountered in double_scalars
  ret = ret.dtype.type(ret / rcount)
/mnt/data/user_liangzhiyu/envs/fedcsl/lib/python3.8/site-packages/numpy/core/fromnumeric.py:3432: RuntimeWarning: Mean of empty slice.
  return _methods._mean(a, axis=axis, dtype=dtype,
/mnt/data/user_liangzhiyu/envs/fedcsl/lib/python3.8/site-packages/numpy/core/_methods.py:190: RuntimeWarning: invalid value encountered in double_scalars
  ret = ret.dtype.type(ret / rcount)
/mnt/data/user_liangzhiyu/envs/fedcsl/lib/python3.8/site-packages/numpy/core/fromnumeric.py:3432: RuntimeWarning: Mean of empty slice.
  return _methods._mean(a, axis=axis, dtype=dtype,
/mnt/data/user_liangzhiyu/envs/fedcsl/lib/python3.8/site-packages/numpy/core/_methods.py:190: RuntimeWarning: invalid value encountered in double_scalars
  ret = ret.dtype.type(ret / rcount)
/mnt/data/user_liangzhiyu/envs/fedcsl/lib/python3.8/site-packages/numpy/core/fromnumeric.py:3432: RuntimeWarning: Mean of empty slice.
  return _methods._mean(a, axis=axis, dtype=dtype,
/mnt/data/user_liangzhiyu/envs/fedcsl/lib/python3.8/site-packages/numpy/core/_methods.py:190: RuntimeWarning: invalid value encountered in double_scalars
  ret = ret.dtype.type(ret / rcount)
/mnt/data/user_liangzhiyu/envs/fedcsl/lib/python3.8/site-packages/numpy/core/fromnumeric.py:3432: RuntimeWarning: Mean of empty slice.
  return _methods._mean(a, axis=axis, dtype=dtype,
/mnt/data/user_liangzhiyu/envs/fedcsl/lib/python3.8/site-packages/numpy/core/_methods.py:190: RuntimeWarning: invalid value encountered in double_scalars
  ret = ret.dtype.type(ret / rcount)
/mnt/data/user_liangzhiyu/envs/fedcsl/lib/python3.8/site-packages/numpy/core/fromnumeric.py:3432: RuntimeWarning: Mean of empty slice.
  return _methods._mean(a, axis=axis, dtype=dtype,
/mnt/data/user_liangzhiyu/envs/fedcsl/lib/python3.8/site-packages/numpy/core/_methods.py:190: RuntimeWarning: invalid value encountered in double_scalars
  ret = ret.dtype.type(ret / rcount)
/mnt/data/user_liangzhiyu/envs/fedcsl/lib/python3.8/site-packages/numpy/core/fromnumeric.py:3432: RuntimeWarning: Mean of empty slice.
  return _methods._mean(a, axis=axis, dtype=dtype,
/mnt/data/user_liangzhiyu/envs/fedcsl/lib/python3.8/site-packages/numpy/core/_methods.py:190: RuntimeWarning: invalid value encountered in double_scalars
  ret = ret.dtype.type(ret / rcount)
/mnt/data/user_liangzhiyu/envs/fedcsl/lib/python3.8/site-packages/numpy/core/fromnumeric.py:3432: RuntimeWarning: Mean of empty slice.
  return _methods._mean(a, axis=axis, dtype=dtype,
/mnt/data/user_liangzhiyu/envs/fedcsl/lib/python3.8/site-packages/numpy/core/_methods.py:190: RuntimeWarning: invalid value encountered in double_scalars
  ret = ret.dtype.type(ret / rcount)
/mnt/data/user_liangzhiyu/envs/fedcsl/lib/python3.8/site-packages/numpy/core/fromnumeric.py:3432: RuntimeWarning: Mean of empty slice.
  return _methods._mean(a, axis=axis, dtype=dtype,
/mnt/data/user_liangzhiyu/envs/fedcsl/lib/python3.8/site-packages/numpy/core/_methods.py:190: RuntimeWarning: invalid value encountered in double_scalars
  ret = ret.dtype.type(ret / rcount)
/mnt/data/user_liangzhiyu/envs/fedcsl/lib/python3.8/site-packages/numpy/core/fromnumeric.py:3432: RuntimeWarning: Mean of empty slice.
  return _methods._mean(a, axis=axis, dtype=dtype,
/mnt/data/user_liangzhiyu/envs/fedcsl/lib/python3.8/site-packages/numpy/core/_methods.py:190: RuntimeWarning: invalid value encountered in double_scalars
  ret = ret.dtype.type(ret / rcount)
/mnt/data/user_liangzhiyu/envs/fedcsl/lib/python3.8/site-packages/numpy/core/fromnumeric.py:3432: RuntimeWarning: Mean of empty slice.
  return _methods._mean(a, axis=axis, dtype=dtype,
/mnt/data/user_liangzhiyu/envs/fedcsl/lib/python3.8/site-packages/numpy/core/_methods.py:190: RuntimeWarning: invalid value encountered in double_scalars
  ret = ret.dtype.type(ret / rcount)
/mnt/data/user_liangzhiyu/envs/fedcsl/lib/python3.8/site-packages/numpy/core/fromnumeric.py:3432: RuntimeWarning: Mean of empty slice.
  return _methods._mean(a, axis=axis, dtype=dtype,
/mnt/data/user_liangzhiyu/envs/fedcsl/lib/python3.8/site-packages/numpy/core/_methods.py:190: RuntimeWarning: invalid value encountered in double_scalars
  ret = ret.dtype.type(ret / rcount)
/mnt/data/user_liangzhiyu/envs/fedcsl/lib/python3.8/site-packages/numpy/core/fromnumeric.py:3432: RuntimeWarning: Mean of empty slice.
  return _methods._mean(a, axis=axis, dtype=dtype,
/mnt/data/user_liangzhiyu/envs/fedcsl/lib/python3.8/site-packages/numpy/core/_methods.py:190: RuntimeWarning: invalid value encountered in double_scalars
  ret = ret.dtype.type(ret / rcount)
/mnt/data/user_liangzhiyu/envs/fedcsl/lib/python3.8/site-packages/numpy/core/fromnumeric.py:3432: RuntimeWarning: Mean of empty slice.
  return _methods._mean(a, axis=axis, dtype=dtype,
/mnt/data/user_liangzhiyu/envs/fedcsl/lib/python3.8/site-packages/numpy/core/_methods.py:190: RuntimeWarning: invalid value encountered in double_scalars
  ret = ret.dtype.type(ret / rcount)
/mnt/data/user_liangzhiyu/envs/fedcsl/lib/python3.8/site-packages/numpy/core/fromnumeric.py:3432: RuntimeWarning: Mean of empty slice.
  return _methods._mean(a, axis=axis, dtype=dtype,
/mnt/data/user_liangzhiyu/envs/fedcsl/lib/python3.8/site-packages/numpy/core/_methods.py:190: RuntimeWarning: invalid value encountered in double_scalars
  ret = ret.dtype.type(ret / rcount)
/mnt/data/user_liangzhiyu/envs/fedcsl/lib/python3.8/site-packages/numpy/core/fromnumeric.py:3432: RuntimeWarning: Mean of empty slice.
  return _methods._mean(a, axis=axis, dtype=dtype,
/mnt/data/user_liangzhiyu/envs/fedcsl/lib/python3.8/site-packages/numpy/core/_methods.py:190: RuntimeWarning: invalid value encountered in double_scalars
  ret = ret.dtype.type(ret / rcount)
/mnt/data/user_liangzhiyu/envs/fedcsl/lib/python3.8/site-packages/numpy/core/fromnumeric.py:3432: RuntimeWarning: Mean of empty slice.
  return _methods._mean(a, axis=axis, dtype=dtype,
/mnt/data/user_liangzhiyu/envs/fedcsl/lib/python3.8/site-packages/numpy/core/_methods.py:190: RuntimeWarning: invalid value encountered in double_scalars
  ret = ret.dtype.type(ret / rcount)
/mnt/data/user_liangzhiyu/envs/fedcsl/lib/python3.8/site-packages/numpy/core/fromnumeric.py:3432: RuntimeWarning: Mean of empty slice.
  return _methods._mean(a, axis=axis, dtype=dtype,
/mnt/data/user_liangzhiyu/envs/fedcsl/lib/python3.8/site-packages/numpy/core/_methods.py:190: RuntimeWarning: invalid value encountered in double_scalars
  ret = ret.dtype.type(ret / rcount)
/mnt/data/user_liangzhiyu/envs/fedcsl/lib/python3.8/site-packages/numpy/core/fromnumeric.py:3432: RuntimeWarning: Mean of empty slice.
  return _methods._mean(a, axis=axis, dtype=dtype,
/mnt/data/user_liangzhiyu/envs/fedcsl/lib/python3.8/site-packages/numpy/core/_methods.py:190: RuntimeWarning: invalid value encountered in double_scalars
  ret = ret.dtype.type(ret / rcount)
/mnt/data/user_liangzhiyu/envs/fedcsl/lib/python3.8/site-packages/numpy/core/fromnumeric.py:3432: RuntimeWarning: Mean of empty slice.
  return _methods._mean(a, axis=axis, dtype=dtype,
/mnt/data/user_liangzhiyu/envs/fedcsl/lib/python3.8/site-packages/numpy/core/_methods.py:190: RuntimeWarning: invalid value encountered in double_scalars
  ret = ret.dtype.type(ret / rcount)
/mnt/data/user_liangzhiyu/envs/fedcsl/lib/python3.8/site-packages/numpy/core/fromnumeric.py:3432: RuntimeWarning: Mean of empty slice.
  return _methods._mean(a, axis=axis, dtype=dtype,
/mnt/data/user_liangzhiyu/envs/fedcsl/lib/python3.8/site-packages/numpy/core/_methods.py:190: RuntimeWarning: invalid value encountered in double_scalars
  ret = ret.dtype.type(ret / rcount)
/mnt/data/user_liangzhiyu/envs/fedcsl/lib/python3.8/site-packages/numpy/core/fromnumeric.py:3432: RuntimeWarning: Mean of empty slice.
  return _methods._mean(a, axis=axis, dtype=dtype,
/mnt/data/user_liangzhiyu/envs/fedcsl/lib/python3.8/site-packages/numpy/core/_methods.py:190: RuntimeWarning: invalid value encountered in double_scalars
  ret = ret.dtype.type(ret / rcount)
/mnt/data/user_liangzhiyu/envs/fedcsl/lib/python3.8/site-packages/numpy/core/fromnumeric.py:3432: RuntimeWarning: Mean of empty slice.
  return _methods._mean(a, axis=axis, dtype=dtype,
/mnt/data/user_liangzhiyu/envs/fedcsl/lib/python3.8/site-packages/numpy/core/_methods.py:190: RuntimeWarning: invalid value encountered in double_scalars
  ret = ret.dtype.type(ret / rcount)
/mnt/data/user_liangzhiyu/envs/fedcsl/lib/python3.8/site-packages/numpy/core/fromnumeric.py:3432: RuntimeWarning: Mean of empty slice.
  return _methods._mean(a, axis=axis, dtype=dtype,
/mnt/data/user_liangzhiyu/envs/fedcsl/lib/python3.8/site-packages/numpy/core/_methods.py:190: RuntimeWarning: invalid value encountered in double_scalars
  ret = ret.dtype.type(ret / rcount)
/mnt/data/user_liangzhiyu/envs/fedcsl/lib/python3.8/site-packages/numpy/core/fromnumeric.py:3432: RuntimeWarning: Mean of empty slice.
  return _methods._mean(a, axis=axis, dtype=dtype,
/mnt/data/user_liangzhiyu/envs/fedcsl/lib/python3.8/site-packages/numpy/core/_methods.py:190: RuntimeWarning: invalid value encountered in double_scalars
  ret = ret.dtype.type(ret / rcount)
/mnt/data/user_liangzhiyu/envs/fedcsl/lib/python3.8/site-packages/numpy/core/fromnumeric.py:3432: RuntimeWarning: Mean of empty slice.
  return _methods._mean(a, axis=axis, dtype=dtype,
/mnt/data/user_liangzhiyu/envs/fedcsl/lib/python3.8/site-packages/numpy/core/_methods.py:190: RuntimeWarning: invalid value encountered in double_scalars
  ret = ret.dtype.type(ret / rcount)
/mnt/data/user_liangzhiyu/envs/fedcsl/lib/python3.8/site-packages/numpy/core/fromnumeric.py:3432: RuntimeWarning: Mean of empty slice.
  return _methods._mean(a, axis=axis, dtype=dtype,
/mnt/data/user_liangzhiyu/envs/fedcsl/lib/python3.8/site-packages/numpy/core/_methods.py:190: RuntimeWarning: invalid value encountered in double_scalars
  ret = ret.dtype.type(ret / rcount)
/mnt/data/user_liangzhiyu/envs/fedcsl/lib/python3.8/site-packages/numpy/core/fromnumeric.py:3432: RuntimeWarning: Mean of empty slice.
  return _methods._mean(a, axis=axis, dtype=dtype,
/mnt/data/user_liangzhiyu/envs/fedcsl/lib/python3.8/site-packages/numpy/core/_methods.py:190: RuntimeWarning: invalid value encountered in double_scalars
  ret = ret.dtype.type(ret / rcount)
/mnt/data/user_liangzhiyu/envs/fedcsl/lib/python3.8/site-packages/numpy/core/fromnumeric.py:3432: RuntimeWarning: Mean of empty slice.
  return _methods._mean(a, axis=axis, dtype=dtype,
/mnt/data/user_liangzhiyu/envs/fedcsl/lib/python3.8/site-packages/numpy/core/_methods.py:190: RuntimeWarning: invalid value encountered in double_scalars
  ret = ret.dtype.type(ret / rcount)
/mnt/data/user_liangzhiyu/envs/fedcsl/lib/python3.8/site-packages/numpy/core/fromnumeric.py:3432: RuntimeWarning: Mean of empty slice.
  return _methods._mean(a, axis=axis, dtype=dtype,
/mnt/data/user_liangzhiyu/envs/fedcsl/lib/python3.8/site-packages/numpy/core/_methods.py:190: RuntimeWarning: invalid value encountered in double_scalars
  ret = ret.dtype.type(ret / rcount)
/mnt/data/user_liangzhiyu/envs/fedcsl/lib/python3.8/site-packages/numpy/core/fromnumeric.py:3432: RuntimeWarning: Mean of empty slice.
  return _methods._mean(a, axis=axis, dtype=dtype,
(5, 3)
[1.05530355 1.35894069 0.58575576]
Classification: 1.0 0.4 378
(2, 3)
(5, 3)
(5, 3)
[1.05530355 1.35894069 0.58575576]
Classification: 1.0 0.4 379
(2, 3)
(5, 3)
(5, 3)
[1.05530355 1.35894069 0.58575576]
Classification: 1.0 0.4 380
(2, 3)
(5, 3)
(5, 3)
[1.05530355 1.35894069 0.58575576]
Classification: 1.0 0.4 381
(2, 3)
(5, 3)
(5, 3)
[1.05530355 1.35894069 0.58575576]
Classification: 1.0 0.4 382
(2, 3)
(5, 3)
(5, 3)
[1.05530355 1.35894069 0.58575576]
Classification: 1.0 0.4 383
(2, 3)
(5, 3)
(5, 3)
[1.05530355 1.35894069 0.58575576]
Classification: 1.0 0.4 384
(2, 3)
(5, 3)
(5, 3)
[1.05530355 1.35894069 0.58575576]
Classification: 1.0 0.4 385
(2, 3)
(5, 3)
(5, 3)
[1.05530355 1.35894069 0.58575576]
Classification: 1.0 0.4 386
(2, 3)
(5, 3)
(5, 3)
[1.05530355 1.35894069 0.58575576]
Classification: 1.0 0.4 387
(2, 3)
(5, 3)
(5, 3)
[1.05530355 1.35894069 0.58575576]
Classification: 1.0 0.4 388
(2, 3)
(5, 3)
(5, 3)
[1.05530355 1.35894069 0.58575576]
Classification: 1.0 0.4 389
(2, 3)
(5, 3)
(5, 3)
[1.05530355 1.35894069 0.58575576]
Classification: 1.0 0.4 390
(2, 3)
(5, 3)
(5, 3)
[1.05530355 1.35894069 0.58575576]
Classification: 1.0 0.4 391
(2, 3)
(5, 3)
(5, 3)
[1.05530355 1.35894069 0.58575576]
Classification: 1.0 0.4 392
(2, 3)
(5, 3)
(5, 3)
[1.05530355 1.35894069 0.58575576]
Classification: 1.0 0.4 393
(2, 3)
(5, 3)
(5, 3)
[1.05530355 1.35894069 0.58575576]
Classification: 1.0 0.4 394
(2, 3)
(5, 3)
(5, 3)
[1.05530355 1.35894069 0.58575576]
Classification: 1.0 0.4 395
(2, 3)
(5, 3)
(5, 3)
[1.05530355 1.35894069 0.58575576]
Classification: 1.0 0.4 396
(2, 3)
(5, 3)
(5, 3)
[1.05530355 1.35894069 0.58575576]
Classification: 1.0 0.4 397
(2, 3)
(5, 3)
(5, 3)
[1.05530355 1.35894069 0.58575576]
Classification: 1.0 0.4 398
(2, 3)
(5, 3)
(5, 3)
[1.05530355 1.35894069 0.58575576]
Classification: 1.0 0.4 399
(2, 3)
(5, 3)
(5, 3)
[1.05530355 1.35894069 0.58575576]
Classification: 1.0 0.4 400
(2, 3)
(5, 3)
(5, 3)
[1.05530355 1.35894069 0.58575576]
Classification: 1.0 0.4 401
(2, 3)
(5, 3)
(5, 3)
[1.05530355 1.35894069 0.58575576]
Classification: 1.0 0.4 402
(2, 3)
(5, 3)
(5, 3)
[1.05530355 1.35894069 0.58575576]
Classification: 1.0 0.4 403
(2, 3)
(5, 3)
(5, 3)
[1.05530355 1.35894069 0.58575576]
Classification: 1.0 0.4 404
(2, 3)
(5, 3)
(5, 3)
[1.05530355 1.35894069 0.58575576]
Classification: 1.0 0.4 405
(2, 3)
(5, 3)
(5, 3)
[1.05530355 1.35894069 0.58575576]
Classification: 1.0 0.4 406
(2, 3)
(5, 3)
(5, 3)
[1.05530355 1.35894069 0.58575576]
Classification: 1.0 0.4 407
(2, 3)
(5, 3)
(5, 3)
[1.05530355 1.35894069 0.58575576]
Classification: 1.0 0.4 408
(2, 3)
(5, 3)
(5, 3)
[1.05530355 1.35894069 0.58575576]
Classification: 1.0 0.4 409
(2, 3)
(5, 3)
(5, 3)
[1.05530355 1.35894069 0.58575576]
Classification: 1.0 0.4 410
(2, 3)
(5, 3)
(5, 3)
[1.05530355 1.35894069 0.58575576]
Classification: 1.0 0.4 411
(2, 3)
(5, 3)
(5, 3)
[1.05530355 1.35894069 0.58575576]
Classification: 1.0 0.4 412
(2, 3)
(5, 3)
(5, 3)
[1.05530355 1.35894069 0.58575576]
Classification: 1.0 0.4 413
(2, 3)
(5, 3)
(5, 3)
[1.05530355 1.35894069 0.58575576]
Classification: 1.0 0.4 414
(2, 3)
(5, 3)
(5, 3)
[1.05530355 1.35894069 0.58575576]
Classification: 1.0 0.4 415
(2, 3)
(5, 3)
(5, 3)
[1.05530355 1.35894069 0.58575576]
Classification: 1.0 0.4 416
(2, 3)
(5, 3)
(5, 3)
[1.05530355 1.35894069 0.58575576]
Classification: 1.0 0.4 417
(2, 3)
(5, 3)
(5, 3)
[1.05530355 1.35894069 0.58575576]
Classification: 1.0 0.4 418
(2, 3)
(5, 3)
(5, 3)
[1.05530355 1.35894069 0.58575576]
Classification: 1.0 0.4 419
(2, 3)
(5, 3)
(5, 3)
[1.05530355 1.35894069 0.58575576]
Classification: 1.0 0.4 420
(2, 3)
(5, 3)
(5, 3)
[1.05530355 1.35894069 0.58575576]
Classification: 1.0 0.4 421
(2, 3)
(5, 3)
(5, 3)
[1.05530355 1.35894069 0.58575576]
Classification: 1.0 0.4 422
(2, 3)
(5, 3)
(5, 3)
[1.05530355 1.35894069 0.58575576]
Classification: 1.0 0.4 423
(2, 3)
(5, 3)
(5, 3)
[1.05530355 1.35894069 0.58575576]
Classification: 1.0 0.4 424
(2, 3)
(5, 3)
(5, 3)
[1.05530355 1.35894069 0.58575576]
Classification: 1.0 0.4 425
(2, 3)
(5, 3)
(5, 3)
[1.05530355 1.35894069 0.58575576]
Classification: 1.0 0.4 426
(2, 3)
(5, 3)
(5, 3)
[1.05530355 1.35894069 0.58575576]
Classification: 1.0 0.4 427
(2, 3)
(5, 3)
(5, 3)
[1.05530355 1.35894069 0.58575576]
Classification: 1.0 0.4 428
(2, 3)
(5, 3)
(5, 3)
[1.05530355 1.35894069 0.58575576]
Classification: 1.0 0.4 429
(2, 3)
(5, 3)
(5, 3)
[1.05530355 1.35894069 0.58575576]
Classification: 1.0 0.4 430
(2, 3)
(5, 3)
(5, 3)
[1.05530355 1.35894069 0.58575576]
Classification: 1.0 0.4 431
(2, 3)
(5, 3)
(5, 3)
[1.05530355 1.35894069 0.58575576]
Classification: 1.0 0.4 432
(2, 3)
(5, 3)
(5, 3)
[1.05530355 1.35894069 0.58575576]
Classification: 1.0 0.4 433
(2, 3)
(5, 3)
(5, 3)
[1.05530355 1.35894069 0.58575576]
Classification: 1.0 0.4 434
(2, 3)
(5, 3)
(5, 3)
[1.05530355 1.35894069 0.58575576]
Classification: 1.0 0.4 435
(2, 3)
(5, 3)
(5, 3)
[1.05530355 1.35894069 0.58575576]
Classification: 1.0 0.4 436
(2, 3)
(5, 3)
(5, 3)
[1.05530355 1.35894069 0.58575576]
Classification: 1.0 0.4 437
(2, 3)
(5, 3)
(5, 3)
[1.05530355 1.35894069 0.58575576]
Classification: 1.0 0.4 438
(2, 3)
(5, 3)
(5, 3)
[1.05530355 1.35894069 0.58575576]
Classification: 1.0 0.4 439
(2, 3)
(5, 3)
(5, 3)
[1.05530355 1.35894069 0.58575576]
Classification: 1.0 0.4 440
(2, 3)
(5, 3)
(5, 3)
[1.05530355 1.35894069 0.58575576]
Classification: 1.0 0.4 441
(2, 3)
(5, 3)
(5, 3)
[1.05530355 1.35894069 0.58575576]
Classification: 1.0 0.4 442
(2, 3)
(5, 3)
(5, 3)
[1.05530355 1.35894069 0.58575576]
Classification: 1.0 0.4 443
(2, 3)
(5, 3)
(5, 3)
[1.05530355 1.35894069 0.58575576]
Classification: 1.0 0.4 444
(2, 3)
(5, 3)
(5, 3)
[1.05530355 1.35894069 0.58575576]
Classification: 1.0 0.4 445
(2, 3)
(5, 3)
(5, 3)
[1.05530355 1.35894069 0.58575576]
Classification: 1.0 0.4 446
(2, 3)
(5, 3)
(5, 3)
[1.05530355 1.35894069 0.58575576]
Classification: 1.0 0.4 447
(2, 3)
(5, 3)
(5, 3)
[1.05530355 1.35894069 0.58575576]
Classification: 1.0 0.4 448
(2, 3)
(5, 3)
(5, 3)
[1.05530355 1.35894069 0.58575576]
Classification: 1.0 0.4 449
(2, 3)
(5, 3)
(5, 3)
[1.05530355 1.35894069 0.58575576]
Classification: 1.0 0.4 450
(2, 3)
(5, 3)
(5, 3)
[1.05530355 1.35894069 0.58575576]
Classification: 1.0 0.4 451
(2, 3)
(5, 3)
(5, 3)
[1.05530355 1.35894069 0.58575576]
Classification: 1.0 0.4 452
(2, 3)
(5, 3)
(5, 3)
[1.05530355 1.35894069 0.58575576]
Classification: 1.0 0.4 453
(2, 3)
(5, 3)
(5, 3)
[1.05530355 1.35894069 0.58575576]
Classification: 1.0 0.4 454
(2, 3)
(5, 3)
(5, 3)
[1.05530355 1.35894069 0.58575576]
Classification: 1.0 0.4 455
(2, 3)
(5, 3)
(5, 3)
[1.05530355 1.35894069 0.58575576]
Classification: 1.0 0.4 456
(2, 3)
(5, 3)
(5, 3)
[1.05530355 1.35894069 0.58575576]
Classification: 1.0 0.4 457
(2, 3)
(5, 3)
(5, 3)
[1.05530355 1.35894069 0.58575576]
Classification: 1.0 0.4 458
(2, 3)
(5, 3)
(5, 3)
[1.05530355 1.35894069 0.58575576]
Classification: 1.0 0.4 459
(2, 3)
(5, 3)
(5, 3)
[1.05530355 1.35894069 0.58575576]
Classification: 1.0 0.4 460
(2, 3)
(5, 3)
(5, 3)
[1.05530355 1.35894069 0.58575576]
Classification: 1.0 0.4 461
(2, 3)
(5, 3)
(5, 3)
[1.05530355 1.35894069 0.58575576]
Classification: 1.0 0.4 462
(2, 3)
(5, 3)
(5, 3)
[1.05530355 1.35894069 0.58575576]
Classification: 1.0 0.4 463
(2, 3)
(5, 3)
(5, 3)
[1.05530355 1.35894069 0.58575576]
Classification: 1.0 0.4 464
(2, 3)
(5, 3)
(5, 3)
[1.05530355 1.35894069 0.58575576]
Classification: 1.0 0.4 465
(2, 3)
(5, 3)
(5, 3)
[1.05530355 1.35894069 0.58575576]
Classification: 1.0 0.4 466
(2, 3)
(5, 3)
(5, 3)
[1.05530355 1.35894069 0.58575576]
Classification: 1.0 0.4 467
(2, 3)
(5, 3)
(5, 3)
[1.05530355 1.35894069 0.58575576]
Classification: 1.0 0.4 468
(2, 3)
(5, 3)
(5, 3)
[1.05530355 1.35894069 0.58575576]
Classification: 1.0 0.4 469
(2, 3)
(5, 3)
(5, 3)
[1.05530355 1.35894069 0.58575576]
Classification: 1.0 0.4 470
(2, 3)
(5, 3)
(5, 3)
[1.05530355 1.35894069 0.58575576]
Classification: 1.0 0.4 471
(2, 3)
(5, 3)
(5, 3)
[1.05530355 1.35894069 0.58575576]
Classification: 1.0 0.4 472
(2, 3)
(5, 3)
(5, 3)
[1.05530355 1.35894069 0.58575576]
Classification: 1.0 0.4 473
(2, 3)
(5, 3)
(5, 3)
[1.05530355 1.35894069 0.58575576]
Classification: 1.0 0.4 474
(2, 3)
(5, 3)
(5, 3)
[1.05530355 1.35894069 0.58575576]
/mnt/data/user_liangzhiyu/envs/fedcsl/lib/python3.8/site-packages/numpy/core/_methods.py:190: RuntimeWarning: invalid value encountered in double_scalars
  ret = ret.dtype.type(ret / rcount)
/mnt/data/user_liangzhiyu/envs/fedcsl/lib/python3.8/site-packages/numpy/core/fromnumeric.py:3432: RuntimeWarning: Mean of empty slice.
  return _methods._mean(a, axis=axis, dtype=dtype,
/mnt/data/user_liangzhiyu/envs/fedcsl/lib/python3.8/site-packages/numpy/core/_methods.py:190: RuntimeWarning: invalid value encountered in double_scalars
  ret = ret.dtype.type(ret / rcount)
/mnt/data/user_liangzhiyu/envs/fedcsl/lib/python3.8/site-packages/numpy/core/fromnumeric.py:3432: RuntimeWarning: Mean of empty slice.
  return _methods._mean(a, axis=axis, dtype=dtype,
/mnt/data/user_liangzhiyu/envs/fedcsl/lib/python3.8/site-packages/numpy/core/_methods.py:190: RuntimeWarning: invalid value encountered in double_scalars
  ret = ret.dtype.type(ret / rcount)
/mnt/data/user_liangzhiyu/envs/fedcsl/lib/python3.8/site-packages/numpy/core/fromnumeric.py:3432: RuntimeWarning: Mean of empty slice.
  return _methods._mean(a, axis=axis, dtype=dtype,
/mnt/data/user_liangzhiyu/envs/fedcsl/lib/python3.8/site-packages/numpy/core/_methods.py:190: RuntimeWarning: invalid value encountered in double_scalars
  ret = ret.dtype.type(ret / rcount)
/mnt/data/user_liangzhiyu/envs/fedcsl/lib/python3.8/site-packages/numpy/core/fromnumeric.py:3432: RuntimeWarning: Mean of empty slice.
  return _methods._mean(a, axis=axis, dtype=dtype,
/mnt/data/user_liangzhiyu/envs/fedcsl/lib/python3.8/site-packages/numpy/core/_methods.py:190: RuntimeWarning: invalid value encountered in double_scalars
  ret = ret.dtype.type(ret / rcount)
/mnt/data/user_liangzhiyu/envs/fedcsl/lib/python3.8/site-packages/numpy/core/fromnumeric.py:3432: RuntimeWarning: Mean of empty slice.
  return _methods._mean(a, axis=axis, dtype=dtype,
/mnt/data/user_liangzhiyu/envs/fedcsl/lib/python3.8/site-packages/numpy/core/_methods.py:190: RuntimeWarning: invalid value encountered in double_scalars
  ret = ret.dtype.type(ret / rcount)
/mnt/data/user_liangzhiyu/envs/fedcsl/lib/python3.8/site-packages/numpy/core/fromnumeric.py:3432: RuntimeWarning: Mean of empty slice.
  return _methods._mean(a, axis=axis, dtype=dtype,
/mnt/data/user_liangzhiyu/envs/fedcsl/lib/python3.8/site-packages/numpy/core/_methods.py:190: RuntimeWarning: invalid value encountered in double_scalars
  ret = ret.dtype.type(ret / rcount)
/mnt/data/user_liangzhiyu/envs/fedcsl/lib/python3.8/site-packages/numpy/core/fromnumeric.py:3432: RuntimeWarning: Mean of empty slice.
  return _methods._mean(a, axis=axis, dtype=dtype,
/mnt/data/user_liangzhiyu/envs/fedcsl/lib/python3.8/site-packages/numpy/core/_methods.py:190: RuntimeWarning: invalid value encountered in double_scalars
  ret = ret.dtype.type(ret / rcount)
/mnt/data/user_liangzhiyu/envs/fedcsl/lib/python3.8/site-packages/numpy/core/fromnumeric.py:3432: RuntimeWarning: Mean of empty slice.
  return _methods._mean(a, axis=axis, dtype=dtype,
/mnt/data/user_liangzhiyu/envs/fedcsl/lib/python3.8/site-packages/numpy/core/_methods.py:190: RuntimeWarning: invalid value encountered in double_scalars
  ret = ret.dtype.type(ret / rcount)
/mnt/data/user_liangzhiyu/envs/fedcsl/lib/python3.8/site-packages/numpy/core/fromnumeric.py:3432: RuntimeWarning: Mean of empty slice.
  return _methods._mean(a, axis=axis, dtype=dtype,
/mnt/data/user_liangzhiyu/envs/fedcsl/lib/python3.8/site-packages/numpy/core/_methods.py:190: RuntimeWarning: invalid value encountered in double_scalars
  ret = ret.dtype.type(ret / rcount)
/mnt/data/user_liangzhiyu/envs/fedcsl/lib/python3.8/site-packages/numpy/core/fromnumeric.py:3432: RuntimeWarning: Mean of empty slice.
  return _methods._mean(a, axis=axis, dtype=dtype,
/mnt/data/user_liangzhiyu/envs/fedcsl/lib/python3.8/site-packages/numpy/core/_methods.py:190: RuntimeWarning: invalid value encountered in double_scalars
  ret = ret.dtype.type(ret / rcount)
/mnt/data/user_liangzhiyu/envs/fedcsl/lib/python3.8/site-packages/numpy/core/fromnumeric.py:3432: RuntimeWarning: Mean of empty slice.
  return _methods._mean(a, axis=axis, dtype=dtype,
/mnt/data/user_liangzhiyu/envs/fedcsl/lib/python3.8/site-packages/numpy/core/_methods.py:190: RuntimeWarning: invalid value encountered in double_scalars
  ret = ret.dtype.type(ret / rcount)
/mnt/data/user_liangzhiyu/envs/fedcsl/lib/python3.8/site-packages/numpy/core/fromnumeric.py:3432: RuntimeWarning: Mean of empty slice.
  return _methods._mean(a, axis=axis, dtype=dtype,
/mnt/data/user_liangzhiyu/envs/fedcsl/lib/python3.8/site-packages/numpy/core/_methods.py:190: RuntimeWarning: invalid value encountered in double_scalars
  ret = ret.dtype.type(ret / rcount)
/mnt/data/user_liangzhiyu/envs/fedcsl/lib/python3.8/site-packages/numpy/core/fromnumeric.py:3432: RuntimeWarning: Mean of empty slice.
  return _methods._mean(a, axis=axis, dtype=dtype,
/mnt/data/user_liangzhiyu/envs/fedcsl/lib/python3.8/site-packages/numpy/core/_methods.py:190: RuntimeWarning: invalid value encountered in double_scalars
  ret = ret.dtype.type(ret / rcount)
/mnt/data/user_liangzhiyu/envs/fedcsl/lib/python3.8/site-packages/numpy/core/fromnumeric.py:3432: RuntimeWarning: Mean of empty slice.
  return _methods._mean(a, axis=axis, dtype=dtype,
/mnt/data/user_liangzhiyu/envs/fedcsl/lib/python3.8/site-packages/numpy/core/_methods.py:190: RuntimeWarning: invalid value encountered in double_scalars
  ret = ret.dtype.type(ret / rcount)
/mnt/data/user_liangzhiyu/envs/fedcsl/lib/python3.8/site-packages/numpy/core/fromnumeric.py:3432: RuntimeWarning: Mean of empty slice.
  return _methods._mean(a, axis=axis, dtype=dtype,
/mnt/data/user_liangzhiyu/envs/fedcsl/lib/python3.8/site-packages/numpy/core/_methods.py:190: RuntimeWarning: invalid value encountered in double_scalars
  ret = ret.dtype.type(ret / rcount)
/mnt/data/user_liangzhiyu/envs/fedcsl/lib/python3.8/site-packages/numpy/core/fromnumeric.py:3432: RuntimeWarning: Mean of empty slice.
  return _methods._mean(a, axis=axis, dtype=dtype,
/mnt/data/user_liangzhiyu/envs/fedcsl/lib/python3.8/site-packages/numpy/core/_methods.py:190: RuntimeWarning: invalid value encountered in double_scalars
  ret = ret.dtype.type(ret / rcount)
/mnt/data/user_liangzhiyu/envs/fedcsl/lib/python3.8/site-packages/numpy/core/fromnumeric.py:3432: RuntimeWarning: Mean of empty slice.
  return _methods._mean(a, axis=axis, dtype=dtype,
/mnt/data/user_liangzhiyu/envs/fedcsl/lib/python3.8/site-packages/numpy/core/_methods.py:190: RuntimeWarning: invalid value encountered in double_scalars
  ret = ret.dtype.type(ret / rcount)
/mnt/data/user_liangzhiyu/envs/fedcsl/lib/python3.8/site-packages/numpy/core/fromnumeric.py:3432: RuntimeWarning: Mean of empty slice.
  return _methods._mean(a, axis=axis, dtype=dtype,
/mnt/data/user_liangzhiyu/envs/fedcsl/lib/python3.8/site-packages/numpy/core/_methods.py:190: RuntimeWarning: invalid value encountered in double_scalars
  ret = ret.dtype.type(ret / rcount)
/mnt/data/user_liangzhiyu/envs/fedcsl/lib/python3.8/site-packages/numpy/core/fromnumeric.py:3432: RuntimeWarning: Mean of empty slice.
  return _methods._mean(a, axis=axis, dtype=dtype,
/mnt/data/user_liangzhiyu/envs/fedcsl/lib/python3.8/site-packages/numpy/core/_methods.py:190: RuntimeWarning: invalid value encountered in double_scalars
  ret = ret.dtype.type(ret / rcount)
/mnt/data/user_liangzhiyu/envs/fedcsl/lib/python3.8/site-packages/numpy/core/fromnumeric.py:3432: RuntimeWarning: Mean of empty slice.
  return _methods._mean(a, axis=axis, dtype=dtype,
/mnt/data/user_liangzhiyu/envs/fedcsl/lib/python3.8/site-packages/numpy/core/_methods.py:190: RuntimeWarning: invalid value encountered in double_scalars
  ret = ret.dtype.type(ret / rcount)
/mnt/data/user_liangzhiyu/envs/fedcsl/lib/python3.8/site-packages/numpy/core/fromnumeric.py:3432: RuntimeWarning: Mean of empty slice.
  return _methods._mean(a, axis=axis, dtype=dtype,
/mnt/data/user_liangzhiyu/envs/fedcsl/lib/python3.8/site-packages/numpy/core/_methods.py:190: RuntimeWarning: invalid value encountered in double_scalars
  ret = ret.dtype.type(ret / rcount)
/mnt/data/user_liangzhiyu/envs/fedcsl/lib/python3.8/site-packages/numpy/core/fromnumeric.py:3432: RuntimeWarning: Mean of empty slice.
  return _methods._mean(a, axis=axis, dtype=dtype,
/mnt/data/user_liangzhiyu/envs/fedcsl/lib/python3.8/site-packages/numpy/core/_methods.py:190: RuntimeWarning: invalid value encountered in double_scalars
  ret = ret.dtype.type(ret / rcount)
/mnt/data/user_liangzhiyu/envs/fedcsl/lib/python3.8/site-packages/numpy/core/fromnumeric.py:3432: RuntimeWarning: Mean of empty slice.
  return _methods._mean(a, axis=axis, dtype=dtype,
/mnt/data/user_liangzhiyu/envs/fedcsl/lib/python3.8/site-packages/numpy/core/_methods.py:190: RuntimeWarning: invalid value encountered in double_scalars
  ret = ret.dtype.type(ret / rcount)
/mnt/data/user_liangzhiyu/envs/fedcsl/lib/python3.8/site-packages/numpy/core/fromnumeric.py:3432: RuntimeWarning: Mean of empty slice.
  return _methods._mean(a, axis=axis, dtype=dtype,
/mnt/data/user_liangzhiyu/envs/fedcsl/lib/python3.8/site-packages/numpy/core/_methods.py:190: RuntimeWarning: invalid value encountered in double_scalars
  ret = ret.dtype.type(ret / rcount)
/mnt/data/user_liangzhiyu/envs/fedcsl/lib/python3.8/site-packages/numpy/core/fromnumeric.py:3432: RuntimeWarning: Mean of empty slice.
  return _methods._mean(a, axis=axis, dtype=dtype,
/mnt/data/user_liangzhiyu/envs/fedcsl/lib/python3.8/site-packages/numpy/core/_methods.py:190: RuntimeWarning: invalid value encountered in double_scalars
  ret = ret.dtype.type(ret / rcount)
/mnt/data/user_liangzhiyu/envs/fedcsl/lib/python3.8/site-packages/numpy/core/fromnumeric.py:3432: RuntimeWarning: Mean of empty slice.
  return _methods._mean(a, axis=axis, dtype=dtype,
/mnt/data/user_liangzhiyu/envs/fedcsl/lib/python3.8/site-packages/numpy/core/_methods.py:190: RuntimeWarning: invalid value encountered in double_scalars
  ret = ret.dtype.type(ret / rcount)
/mnt/data/user_liangzhiyu/envs/fedcsl/lib/python3.8/site-packages/numpy/core/fromnumeric.py:3432: RuntimeWarning: Mean of empty slice.
  return _methods._mean(a, axis=axis, dtype=dtype,
/mnt/data/user_liangzhiyu/envs/fedcsl/lib/python3.8/site-packages/numpy/core/_methods.py:190: RuntimeWarning: invalid value encountered in double_scalars
  ret = ret.dtype.type(ret / rcount)
/mnt/data/user_liangzhiyu/envs/fedcsl/lib/python3.8/site-packages/numpy/core/fromnumeric.py:3432: RuntimeWarning: Mean of empty slice.
  return _methods._mean(a, axis=axis, dtype=dtype,
/mnt/data/user_liangzhiyu/envs/fedcsl/lib/python3.8/site-packages/numpy/core/_methods.py:190: RuntimeWarning: invalid value encountered in double_scalars
  ret = ret.dtype.type(ret / rcount)
/mnt/data/user_liangzhiyu/envs/fedcsl/lib/python3.8/site-packages/numpy/core/fromnumeric.py:3432: RuntimeWarning: Mean of empty slice.
  return _methods._mean(a, axis=axis, dtype=dtype,
/mnt/data/user_liangzhiyu/envs/fedcsl/lib/python3.8/site-packages/numpy/core/_methods.py:190: RuntimeWarning: invalid value encountered in double_scalars
  ret = ret.dtype.type(ret / rcount)
Classification: 1.0 0.4 475
(2, 3)
(5, 3)
(5, 3)
[1.05530355 1.35894069 0.58575576]
Classification: 1.0 0.4 476
(2, 3)
(5, 3)
(5, 3)
[1.05530355 1.35894069 0.58575576]
Classification: 1.0 0.4 477
(2, 3)
(5, 3)
(5, 3)
[1.05530355 1.35894069 0.58575576]
Classification: 1.0 0.4 478
(2, 3)
(5, 3)
(5, 3)
[1.05530355 1.35894069 0.58575576]
Classification: 1.0 0.4 479
(2, 3)
(5, 3)
(5, 3)
[1.05530355 1.35894069 0.58575576]
Classification: 1.0 0.4 480
(2, 3)
(5, 3)
(5, 3)
[1.05530355 1.35894069 0.58575576]
Classification: 1.0 0.4 481
(2, 3)
(5, 3)
(5, 3)
[1.05530355 1.35894069 0.58575576]
Classification: 1.0 0.4 482
(2, 3)
(5, 3)
(5, 3)
[1.05530355 1.35894069 0.58575576]
Classification: 1.0 0.4 483
(2, 3)
(5, 3)
(5, 3)
[1.05530355 1.35894069 0.58575576]
Classification: 1.0 0.4 484
(2, 3)
(5, 3)
(5, 3)
[1.05530355 1.35894069 0.58575576]
Classification: 1.0 0.4 485
(2, 3)
(5, 3)
(5, 3)
[1.05530355 1.35894069 0.58575576]
Classification: 1.0 0.4 486
(2, 3)
(5, 3)
(5, 3)
[1.05530355 1.35894069 0.58575576]
Classification: 1.0 0.4 487
(2, 3)
(5, 3)
(5, 3)
[1.05530355 1.35894069 0.58575576]
Classification: 1.0 0.4 488
(2, 3)
(5, 3)
(5, 3)
[1.05530355 1.35894069 0.58575576]
Classification: 1.0 0.4 489
(2, 3)
(5, 3)
(5, 3)
[1.05530355 1.35894069 0.58575576]
Classification: 1.0 0.4 490
(2, 3)
(5, 3)
(5, 3)
[1.05530355 1.35894069 0.58575576]
Classification: 1.0 0.4 491
(2, 3)
(5, 3)
(5, 3)
[1.05530355 1.35894069 0.58575576]
Classification: 1.0 0.4 492
(2, 3)
(5, 3)
(5, 3)
[1.05530355 1.35894069 0.58575576]
Classification: 1.0 0.4 493
(2, 3)
(5, 3)
(5, 3)
[1.05530355 1.35894069 0.58575576]
Classification: 1.0 0.4 494
(2, 3)
(5, 3)
(5, 3)
[1.05530355 1.35894069 0.58575576]
Classification: 1.0 0.4 495
(2, 3)
(5, 3)
(5, 3)
[1.05530355 1.35894069 0.58575576]
Classification: 1.0 0.4 496
(2, 3)
(5, 3)
(5, 3)
[1.05530355 1.35894069 0.58575576]
Classification: 1.0 0.4 497
(2, 3)
(5, 3)
(5, 3)
[1.05530355 1.35894069 0.58575576]
Classification: 1.0 0.4 498
(2, 3)
(5, 3)
(5, 3)
[1.05530355 1.35894069 0.58575576]
Classification: 1.0 0.4 499
best round is 0, acc is 0.400000
Model saved to ./checkpoint/StandWalkJump/2025-03-11-13_StandWalkJump_model.pt
Running experiment with dataset: StandWalkJump, config: ./result/ablation_study/config_StandWalkJump.yml
/mnt/data/user_liangzhiyu/envs/fedcsl/lib/python3.8/site-packages/scipy/__init__.py:146: UserWarning: A NumPy version >=1.16.5 and <1.23.0 is required for this version of SciPy (detected version 1.23.5
  warnings.warn(f"A NumPy version >={np_minversion} and <{np_maxversion}"
/mnt/data/user_liangzhiyu/envs/fedcsl/lib/python3.8/site-packages/tslearn/bases/bases.py:15: UserWarning: h5py not installed, hdf5 features will not be supported.
Install h5py to use hdf5 features: http://docs.h5py.org/
  warn(h5py_msg)
/mnt/data/user_liangzhiyu/lixiongfei/CSL-main/train.py:392: UserWarning: Creating a tensor from a list of numpy.ndarrays is extremely slow. Please consider converting the list to a single numpy.ndarray with numpy.array() before converting to a tensor. (Triggered internally at /opt/conda/conda-bld/pytorch_1724789259345/work/torch/csrc/utils/tensor_new.cpp:278.)
  X = torch.tensor(X, dtype=torch.float).contiguous()
/mnt/data/user_liangzhiyu/envs/fedcsl/lib/python3.8/site-packages/numpy/core/fromnumeric.py:3432: RuntimeWarning: Mean of empty slice.
  return _methods._mean(a, axis=axis, dtype=dtype,
/mnt/data/user_liangzhiyu/envs/fedcsl/lib/python3.8/site-packages/numpy/core/_methods.py:190: RuntimeWarning: invalid value encountered in double_scalars
  ret = ret.dtype.type(ret / rcount)
/mnt/data/user_liangzhiyu/envs/fedcsl/lib/python3.8/site-packages/numpy/core/fromnumeric.py:3432: RuntimeWarning: Mean of empty slice.
  return _methods._mean(a, axis=axis, dtype=dtype,
/mnt/data/user_liangzhiyu/envs/fedcsl/lib/python3.8/site-packages/numpy/core/_methods.py:190: RuntimeWarning: invalid value encountered in double_scalars
  ret = ret.dtype.type(ret / rcount)
/mnt/data/user_liangzhiyu/envs/fedcsl/lib/python3.8/site-packages/numpy/core/fromnumeric.py:3432: RuntimeWarning: Mean of empty slice.
  return _methods._mean(a, axis=axis, dtype=dtype,
/mnt/data/user_liangzhiyu/envs/fedcsl/lib/python3.8/site-packages/numpy/core/_methods.py:190: RuntimeWarning: invalid value encountered in double_scalars
  ret = ret.dtype.type(ret / rcount)
/mnt/data/user_liangzhiyu/envs/fedcsl/lib/python3.8/site-packages/numpy/core/fromnumeric.py:3432: RuntimeWarning: Mean of empty slice.
  return _methods._mean(a, axis=axis, dtype=dtype,
/mnt/data/user_liangzhiyu/envs/fedcsl/lib/python3.8/site-packages/numpy/core/_methods.py:190: RuntimeWarning: invalid value encountered in double_scalars
  ret = ret.dtype.type(ret / rcount)
/mnt/data/user_liangzhiyu/envs/fedcsl/lib/python3.8/site-packages/numpy/core/fromnumeric.py:3432: RuntimeWarning: Mean of empty slice.
  return _methods._mean(a, axis=axis, dtype=dtype,
/mnt/data/user_liangzhiyu/envs/fedcsl/lib/python3.8/site-packages/numpy/core/_methods.py:190: RuntimeWarning: invalid value encountered in double_scalars
  ret = ret.dtype.type(ret / rcount)
/mnt/data/user_liangzhiyu/envs/fedcsl/lib/python3.8/site-packages/numpy/core/fromnumeric.py:3432: RuntimeWarning: Mean of empty slice.
  return _methods._mean(a, axis=axis, dtype=dtype,
/mnt/data/user_liangzhiyu/envs/fedcsl/lib/python3.8/site-packages/numpy/core/_methods.py:190: RuntimeWarning: invalid value encountered in double_scalars
  ret = ret.dtype.type(ret / rcount)
/mnt/data/user_liangzhiyu/envs/fedcsl/lib/python3.8/site-packages/numpy/core/fromnumeric.py:3432: RuntimeWarning: Mean of empty slice.
  return _methods._mean(a, axis=axis, dtype=dtype,
/mnt/data/user_liangzhiyu/envs/fedcsl/lib/python3.8/site-packages/numpy/core/_methods.py:190: RuntimeWarning: invalid value encountered in double_scalars
  ret = ret.dtype.type(ret / rcount)
/mnt/data/user_liangzhiyu/envs/fedcsl/lib/python3.8/site-packages/numpy/core/fromnumeric.py:3432: RuntimeWarning: Mean of empty slice.
  return _methods._mean(a, axis=axis, dtype=dtype,
/mnt/data/user_liangzhiyu/envs/fedcsl/lib/python3.8/site-packages/numpy/core/_methods.py:190: RuntimeWarning: invalid value encountered in double_scalars
  ret = ret.dtype.type(ret / rcount)
/mnt/data/user_liangzhiyu/envs/fedcsl/lib/python3.8/site-packages/numpy/core/fromnumeric.py:3432: RuntimeWarning: Mean of empty slice.
  return _methods._mean(a, axis=axis, dtype=dtype,
/mnt/data/user_liangzhiyu/envs/fedcsl/lib/python3.8/site-packages/numpy/core/_methods.py:190: RuntimeWarning: invalid value encountered in double_scalars
  ret = ret.dtype.type(ret / rcount)
/mnt/data/user_liangzhiyu/envs/fedcsl/lib/python3.8/site-packages/numpy/core/fromnumeric.py:3432: RuntimeWarning: Mean of empty slice.
  return _methods._mean(a, axis=axis, dtype=dtype,
/mnt/data/user_liangzhiyu/envs/fedcsl/lib/python3.8/site-packages/numpy/core/_methods.py:190: RuntimeWarning: invalid value encountered in double_scalars
  ret = ret.dtype.type(ret / rcount)
/mnt/data/user_liangzhiyu/envs/fedcsl/lib/python3.8/site-packages/numpy/core/fromnumeric.py:3432: RuntimeWarning: Mean of empty slice.
  return _methods._mean(a, axis=axis, dtype=dtype,
/mnt/data/user_liangzhiyu/envs/fedcsl/lib/python3.8/site-packages/numpy/core/_methods.py:190: RuntimeWarning: invalid value encountered in double_scalars
  ret = ret.dtype.type(ret / rcount)
/mnt/data/user_liangzhiyu/envs/fedcsl/lib/python3.8/site-packages/numpy/core/fromnumeric.py:3432: RuntimeWarning: Mean of empty slice.
  return _methods._mean(a, axis=axis, dtype=dtype,
/mnt/data/user_liangzhiyu/envs/fedcsl/lib/python3.8/site-packages/numpy/core/_methods.py:190: RuntimeWarning: invalid value encountered in double_scalars
  ret = ret.dtype.type(ret / rcount)
/mnt/data/user_liangzhiyu/envs/fedcsl/lib/python3.8/site-packages/numpy/core/fromnumeric.py:3432: RuntimeWarning: Mean of empty slice.
  return _methods._mean(a, axis=axis, dtype=dtype,
/mnt/data/user_liangzhiyu/envs/fedcsl/lib/python3.8/site-packages/numpy/core/_methods.py:190: RuntimeWarning: invalid value encountered in double_scalars
  ret = ret.dtype.type(ret / rcount)
/mnt/data/user_liangzhiyu/envs/fedcsl/lib/python3.8/site-packages/numpy/core/fromnumeric.py:3432: RuntimeWarning: Mean of empty slice.
  return _methods._mean(a, axis=axis, dtype=dtype,
/mnt/data/user_liangzhiyu/envs/fedcsl/lib/python3.8/site-packages/numpy/core/_methods.py:190: RuntimeWarning: invalid value encountered in double_scalars
  ret = ret.dtype.type(ret / rcount)
/mnt/data/user_liangzhiyu/envs/fedcsl/lib/python3.8/site-packages/numpy/core/fromnumeric.py:3432: RuntimeWarning: Mean of empty slice.
  return _methods._mean(a, axis=axis, dtype=dtype,
/mnt/data/user_liangzhiyu/envs/fedcsl/lib/python3.8/site-packages/numpy/core/_methods.py:190: RuntimeWarning: invalid value encountered in double_scalars
  ret = ret.dtype.type(ret / rcount)
/mnt/data/user_liangzhiyu/envs/fedcsl/lib/python3.8/site-packages/numpy/core/fromnumeric.py:3432: RuntimeWarning: Mean of empty slice.
  return _methods._mean(a, axis=axis, dtype=dtype,
/mnt/data/user_liangzhiyu/envs/fedcsl/lib/python3.8/site-packages/numpy/core/_methods.py:190: RuntimeWarning: invalid value encountered in double_scalars
  ret = ret.dtype.type(ret / rcount)
/mnt/data/user_liangzhiyu/envs/fedcsl/lib/python3.8/site-packages/numpy/core/fromnumeric.py:3432: RuntimeWarning: Mean of empty slice.
  return _methods._mean(a, axis=axis, dtype=dtype,
/mnt/data/user_liangzhiyu/envs/fedcsl/lib/python3.8/site-packages/numpy/core/_methods.py:190: RuntimeWarning: invalid value encountered in double_scalars
  ret = ret.dtype.type(ret / rcount)
/mnt/data/user_liangzhiyu/envs/fedcsl/lib/python3.8/site-packages/numpy/core/fromnumeric.py:3432: RuntimeWarning: Mean of empty slice.
  return _methods._mean(a, axis=axis, dtype=dtype,
/mnt/data/user_liangzhiyu/envs/fedcsl/lib/python3.8/site-packages/numpy/core/_methods.py:190: RuntimeWarning: invalid value encountered in double_scalars
  ret = ret.dtype.type(ret / rcount)
/mnt/data/user_liangzhiyu/envs/fedcsl/lib/python3.8/site-packages/numpy/core/fromnumeric.py:3432: RuntimeWarning: Mean of empty slice.
  return _methods._mean(a, axis=axis, dtype=dtype,
/mnt/data/user_liangzhiyu/envs/fedcsl/lib/python3.8/site-packages/numpy/core/_methods.py:190: RuntimeWarning: invalid value encountered in double_scalars
  ret = ret.dtype.type(ret / rcount)
/mnt/data/user_liangzhiyu/envs/fedcsl/lib/python3.8/site-packages/numpy/core/fromnumeric.py:3432: RuntimeWarning: Mean of empty slice.
  return _methods._mean(a, axis=axis, dtype=dtype,
/mnt/data/user_liangzhiyu/envs/fedcsl/lib/python3.8/site-packages/numpy/core/_methods.py:190: RuntimeWarning: invalid value encountered in double_scalars
  ret = ret.dtype.type(ret / rcount)
/mnt/data/user_liangzhiyu/envs/fedcsl/lib/python3.8/site-packages/numpy/core/fromnumeric.py:3432: RuntimeWarning: Mean of empty slice.
  return _methods._mean(a, axis=axis, dtype=dtype,
/mnt/data/user_liangzhiyu/envs/fedcsl/lib/python3.8/site-packages/numpy/core/_methods.py:190: RuntimeWarning: invalid value encountered in double_scalars
  ret = ret.dtype.type(ret / rcount)
/mnt/data/user_liangzhiyu/envs/fedcsl/lib/python3.8/site-packages/numpy/core/fromnumeric.py:3432: RuntimeWarning: Mean of empty slice.
  return _methods._mean(a, axis=axis, dtype=dtype,
/mnt/data/user_liangzhiyu/envs/fedcsl/lib/python3.8/site-packages/numpy/core/_methods.py:190: RuntimeWarning: invalid value encountered in double_scalars
  ret = ret.dtype.type(ret / rcount)
/mnt/data/user_liangzhiyu/envs/fedcsl/lib/python3.8/site-packages/numpy/core/fromnumeric.py:3432: RuntimeWarning: Mean of empty slice.
  return _methods._mean(a, axis=axis, dtype=dtype,
/mnt/data/user_liangzhiyu/envs/fedcsl/lib/python3.8/site-packages/numpy/core/_methods.py:190: RuntimeWarning: invalid value encountered in double_scalars
  ret = ret.dtype.type(ret / rcount)
/mnt/data/user_liangzhiyu/envs/fedcsl/lib/python3.8/site-packages/numpy/core/fromnumeric.py:3432: RuntimeWarning: Mean of empty slice.
  return _methods._mean(a, axis=axis, dtype=dtype,
/mnt/data/user_liangzhiyu/envs/fedcsl/lib/python3.8/site-packages/numpy/core/_methods.py:190: RuntimeWarning: invalid value encountered in double_scalars
  ret = ret.dtype.type(ret / rcount)
/mnt/data/user_liangzhiyu/envs/fedcsl/lib/python3.8/site-packages/numpy/core/fromnumeric.py:3432: RuntimeWarning: Mean of empty slice.
  return _methods._mean(a, axis=axis, dtype=dtype,
/mnt/data/user_liangzhiyu/envs/fedcsl/lib/python3.8/site-packages/numpy/core/_methods.py:190: RuntimeWarning: invalid value encountered in double_scalars
  ret = ret.dtype.type(ret / rcount)
/mnt/data/user_liangzhiyu/envs/fedcsl/lib/python3.8/site-packages/numpy/core/fromnumeric.py:3432: RuntimeWarning: Mean of empty slice.
  return _methods._mean(a, axis=axis, dtype=dtype,
/mnt/data/user_liangzhiyu/envs/fedcsl/lib/python3.8/site-packages/numpy/core/_methods.py:190: RuntimeWarning: invalid value encountered in double_scalars
  ret = ret.dtype.type(ret / rcount)
/mnt/data/user_liangzhiyu/envs/fedcsl/lib/python3.8/site-packages/numpy/core/fromnumeric.py:3432: RuntimeWarning: Mean of empty slice.
  return _methods._mean(a, axis=axis, dtype=dtype,
/mnt/data/user_liangzhiyu/envs/fedcsl/lib/python3.8/site-packages/numpy/core/_methods.py:190: RuntimeWarning: invalid value encountered in double_scalars
  ret = ret.dtype.type(ret / rcount)
/mnt/data/user_liangzhiyu/envs/fedcsl/lib/python3.8/site-packages/numpy/core/fromnumeric.py:3432: RuntimeWarning: Mean of empty slice.
  return _methods._mean(a, axis=axis, dtype=dtype,
/mnt/data/user_liangzhiyu/envs/fedcsl/lib/python3.8/site-packages/numpy/core/_methods.py:190: RuntimeWarning: invalid value encountered in double_scalars
  ret = ret.dtype.type(ret / rcount)
/mnt/data/user_liangzhiyu/envs/fedcsl/lib/python3.8/site-packages/numpy/core/fromnumeric.py:3432: RuntimeWarning: Mean of empty slice.
  return _methods._mean(a, axis=axis, dtype=dtype,
/mnt/data/user_liangzhiyu/envs/fedcsl/lib/python3.8/site-packages/numpy/core/_methods.py:190: RuntimeWarning: invalid value encountered in double_scalars
  ret = ret.dtype.type(ret / rcount)
/mnt/data/user_liangzhiyu/envs/fedcsl/lib/python3.8/site-packages/numpy/core/fromnumeric.py:3432: RuntimeWarning: Mean of empty slice.
  return _methods._mean(a, axis=axis, dtype=dtype,
/mnt/data/user_liangzhiyu/envs/fedcsl/lib/python3.8/site-packages/numpy/core/_methods.py:190: RuntimeWarning: invalid value encountered in double_scalars
  ret = ret.dtype.type(ret / rcount)
/mnt/data/user_liangzhiyu/envs/fedcsl/lib/python3.8/site-packages/numpy/core/fromnumeric.py:3432: RuntimeWarning: Mean of empty slice.
  return _methods._mean(a, axis=axis, dtype=dtype,
/mnt/data/user_liangzhiyu/envs/fedcsl/lib/python3.8/site-packages/numpy/core/_methods.py:190: RuntimeWarning: invalid value encountered in double_scalars
  ret = ret.dtype.type(ret / rcount)
/mnt/data/user_liangzhiyu/envs/fedcsl/lib/python3.8/site-packages/numpy/core/fromnumeric.py:3432: RuntimeWarning: Mean of empty slice.
  return _methods._mean(a, axis=axis, dtype=dtype,
/mnt/data/user_liangzhiyu/envs/fedcsl/lib/python3.8/site-packages/numpy/core/_methods.py:190: RuntimeWarning: invalid value encountered in double_scalars
  ret = ret.dtype.type(ret / rcount)
/mnt/data/user_liangzhiyu/envs/fedcsl/lib/python3.8/site-packages/numpy/core/fromnumeric.py:3432: RuntimeWarning: Mean of empty slice.
  return _methods._mean(a, axis=axis, dtype=dtype,
/mnt/data/user_liangzhiyu/envs/fedcsl/lib/python3.8/site-packages/numpy/core/_methods.py:190: RuntimeWarning: invalid value encountered in double_scalars
  ret = ret.dtype.type(ret / rcount)
/mnt/data/user_liangzhiyu/envs/fedcsl/lib/python3.8/site-packages/numpy/core/fromnumeric.py:3432: RuntimeWarning: Mean of empty slice.
  return _methods._mean(a, axis=axis, dtype=dtype,
/mnt/data/user_liangzhiyu/envs/fedcsl/lib/python3.8/site-packages/numpy/core/_methods.py:190: RuntimeWarning: invalid value encountered in double_scalars
  ret = ret.dtype.type(ret / rcount)
/mnt/data/user_liangzhiyu/envs/fedcsl/lib/python3.8/site-packages/numpy/core/fromnumeric.py:3432: RuntimeWarning: Mean of empty slice.
  return _methods._mean(a, axis=axis, dtype=dtype,
/mnt/data/user_liangzhiyu/envs/fedcsl/lib/python3.8/site-packages/numpy/core/_methods.py:190: RuntimeWarning: invalid value encountered in double_scalars
  ret = ret.dtype.type(ret / rcount)
/mnt/data/user_liangzhiyu/envs/fedcsl/lib/python3.8/site-packages/numpy/core/fromnumeric.py:3432: RuntimeWarning: Mean of empty slice.
  return _methods._mean(a, axis=axis, dtype=dtype,
/mnt/data/user_liangzhiyu/envs/fedcsl/lib/python3.8/site-packages/numpy/core/_methods.py:190: RuntimeWarning: invalid value encountered in double_scalars
  ret = ret.dtype.type(ret / rcount)
/mnt/data/user_liangzhiyu/envs/fedcsl/lib/python3.8/site-packages/numpy/core/fromnumeric.py:3432: RuntimeWarning: Mean of empty slice.
  return _methods._mean(a, axis=axis, dtype=dtype,
/mnt/data/user_liangzhiyu/envs/fedcsl/lib/python3.8/site-packages/numpy/core/_methods.py:190: RuntimeWarning: invalid value encountered in double_scalars
  ret = ret.dtype.type(ret / rcount)
/mnt/data/user_liangzhiyu/envs/fedcsl/lib/python3.8/site-packages/numpy/core/fromnumeric.py:3432: RuntimeWarning: Mean of empty slice.
  return _methods._mean(a, axis=axis, dtype=dtype,
/mnt/data/user_liangzhiyu/envs/fedcsl/lib/python3.8/site-packages/numpy/core/_methods.py:190: RuntimeWarning: invalid value encountered in double_scalars
  ret = ret.dtype.type(ret / rcount)
/mnt/data/user_liangzhiyu/envs/fedcsl/lib/python3.8/site-packages/numpy/core/fromnumeric.py:3432: RuntimeWarning: Mean of empty slice.
  return _methods._mean(a, axis=axis, dtype=dtype,
/mnt/data/user_liangzhiyu/envs/fedcsl/lib/python3.8/site-packages/numpy/core/_methods.py:190: RuntimeWarning: invalid value encountered in double_scalars
  ret = ret.dtype.type(ret / rcount)
/mnt/data/user_liangzhiyu/envs/fedcsl/lib/python3.8/site-packages/numpy/core/fromnumeric.py:3432: RuntimeWarning: Mean of empty slice.
  return _methods._mean(a, axis=axis, dtype=dtype,
/mnt/data/user_liangzhiyu/envs/fedcsl/lib/python3.8/site-packages/numpy/core/_methods.py:190: RuntimeWarning: invalid value encountered in double_scalars
  ret = ret.dtype.type(ret / rcount)
/mnt/data/user_liangzhiyu/envs/fedcsl/lib/python3.8/site-packages/numpy/core/fromnumeric.py:3432: RuntimeWarning: Mean of empty slice.
  return _methods._mean(a, axis=axis, dtype=dtype,
/mnt/data/user_liangzhiyu/envs/fedcsl/lib/python3.8/site-packages/numpy/core/_methods.py:190: RuntimeWarning: invalid value encountered in double_scalars
  ret = ret.dtype.type(ret / rcount)
/mnt/data/user_liangzhiyu/envs/fedcsl/lib/python3.8/site-packages/numpy/core/fromnumeric.py:3432: RuntimeWarning: Mean of empty slice.
  return _methods._mean(a, axis=axis, dtype=dtype,
/mnt/data/user_liangzhiyu/envs/fedcsl/lib/python3.8/site-packages/numpy/core/_methods.py:190: RuntimeWarning: invalid value encountered in double_scalars
  ret = ret.dtype.type(ret / rcount)
/mnt/data/user_liangzhiyu/envs/fedcsl/lib/python3.8/site-packages/numpy/core/fromnumeric.py:3432: RuntimeWarning: Mean of empty slice.
  return _methods._mean(a, axis=axis, dtype=dtype,
/mnt/data/user_liangzhiyu/envs/fedcsl/lib/python3.8/site-packages/numpy/core/_methods.py:190: RuntimeWarning: invalid value encountered in double_scalars
  ret = ret.dtype.type(ret / rcount)
/mnt/data/user_liangzhiyu/envs/fedcsl/lib/python3.8/site-packages/numpy/core/fromnumeric.py:3432: RuntimeWarning: Mean of empty slice.
  return _methods._mean(a, axis=axis, dtype=dtype,
/mnt/data/user_liangzhiyu/envs/fedcsl/lib/python3.8/site-packages/numpy/core/_methods.py:190: RuntimeWarning: invalid value encountered in double_scalars
  ret = ret.dtype.type(ret / rcount)
/mnt/data/user_liangzhiyu/envs/fedcsl/lib/python3.8/site-packages/numpy/core/fromnumeric.py:3432: RuntimeWarning: Mean of empty slice.
  return _methods._mean(a, axis=axis, dtype=dtype,
/mnt/data/user_liangzhiyu/envs/fedcsl/lib/python3.8/site-packages/numpy/core/_methods.py:190: RuntimeWarning: invalid value encountered in double_scalars
  ret = ret.dtype.type(ret / rcount)
/mnt/data/user_liangzhiyu/envs/fedcsl/lib/python3.8/site-packages/numpy/core/fromnumeric.py:3432: RuntimeWarning: Mean of empty slice.
  return _methods._mean(a, axis=axis, dtype=dtype,
/mnt/data/user_liangzhiyu/envs/fedcsl/lib/python3.8/site-packages/numpy/core/_methods.py:190: RuntimeWarning: invalid value encountered in double_scalars
  ret = ret.dtype.type(ret / rcount)
/mnt/data/user_liangzhiyu/envs/fedcsl/lib/python3.8/site-packages/numpy/core/fromnumeric.py:3432: RuntimeWarning: Mean of empty slice.
  return _methods._mean(a, axis=axis, dtype=dtype,
/mnt/data/user_liangzhiyu/envs/fedcsl/lib/python3.8/site-packages/numpy/core/_methods.py:190: RuntimeWarning: invalid value encountered in double_scalars
  ret = ret.dtype.type(ret / rcount)
/mnt/data/user_liangzhiyu/envs/fedcsl/lib/python3.8/site-packages/numpy/core/fromnumeric.py:3432: RuntimeWarning: Mean of empty slice.
  return _methods._mean(a, axis=axis, dtype=dtype,
/mnt/data/user_liangzhiyu/envs/fedcsl/lib/python3.8/site-packages/numpy/core/_methods.py:190: RuntimeWarning: invalid value encountered in double_scalars
  ret = ret.dtype.type(ret / rcount)
/mnt/data/user_liangzhiyu/envs/fedcsl/lib/python3.8/site-packages/numpy/core/fromnumeric.py:3432: RuntimeWarning: Mean of empty slice.
  return _methods._mean(a, axis=axis, dtype=dtype,
/mnt/data/user_liangzhiyu/envs/fedcsl/lib/python3.8/site-packages/numpy/core/_methods.py:190: RuntimeWarning: invalid value encountered in double_scalars
  ret = ret.dtype.type(ret / rcount)
/mnt/data/user_liangzhiyu/envs/fedcsl/lib/python3.8/site-packages/numpy/core/fromnumeric.py:3432: RuntimeWarning: Mean of empty slice.
  return _methods._mean(a, axis=axis, dtype=dtype,
/mnt/data/user_liangzhiyu/envs/fedcsl/lib/python3.8/site-packages/numpy/core/_methods.py:190: RuntimeWarning: invalid value encountered in double_scalars
  ret = ret.dtype.type(ret / rcount)
/mnt/data/user_liangzhiyu/envs/fedcsl/lib/python3.8/site-packages/numpy/core/fromnumeric.py:3432: RuntimeWarning: Mean of empty slice.
  return _methods._mean(a, axis=axis, dtype=dtype,
/mnt/data/user_liangzhiyu/envs/fedcsl/lib/python3.8/site-packages/numpy/core/_methods.py:190: RuntimeWarning: invalid value encountered in double_scalars
  ret = ret.dtype.type(ret / rcount)
/mnt/data/user_liangzhiyu/envs/fedcsl/lib/python3.8/site-packages/numpy/core/fromnumeric.py:3432: RuntimeWarning: Mean of empty slice.
  return _methods._mean(a, axis=axis, dtype=dtype,
/mnt/data/user_liangzhiyu/envs/fedcsl/lib/python3.8/site-packages/numpy/core/_methods.py:190: RuntimeWarning: invalid value encountered in double_scalars
  ret = ret.dtype.type(ret / rcount)
/mnt/data/user_liangzhiyu/envs/fedcsl/lib/python3.8/site-packages/numpy/core/fromnumeric.py:3432: RuntimeWarning: Mean of empty slice.
  return _methods._mean(a, axis=axis, dtype=dtype,
/mnt/data/user_liangzhiyu/envs/fedcsl/lib/python3.8/site-packages/numpy/core/_methods.py:190: RuntimeWarning: invalid value encountered in double_scalars
  ret = ret.dtype.type(ret / rcount)
/mnt/data/user_liangzhiyu/envs/fedcsl/lib/python3.8/site-packages/numpy/core/fromnumeric.py:3432: RuntimeWarning: Mean of empty slice.
  return _methods._mean(a, axis=axis, dtype=dtype,
/mnt/data/user_liangzhiyu/envs/fedcsl/lib/python3.8/site-packages/numpy/core/_methods.py:190: RuntimeWarning: invalid value encountered in double_scalars
  ret = ret.dtype.type(ret / rcount)
/mnt/data/user_liangzhiyu/envs/fedcsl/lib/python3.8/site-packages/numpy/core/fromnumeric.py:3432: RuntimeWarning: Mean of empty slice.
  return _methods._mean(a, axis=axis, dtype=dtype,
/mnt/data/user_liangzhiyu/envs/fedcsl/lib/python3.8/site-packages/numpy/core/_methods.py:190: RuntimeWarning: invalid value encountered in double_scalars
  ret = ret.dtype.type(ret / rcount)
/mnt/data/user_liangzhiyu/envs/fedcsl/lib/python3.8/site-packages/numpy/core/fromnumeric.py:3432: RuntimeWarning: Mean of empty slice.
  return _methods._mean(a, axis=axis, dtype=dtype,
/mnt/data/user_liangzhiyu/envs/fedcsl/lib/python3.8/site-packages/numpy/core/_methods.py:190: RuntimeWarning: invalid value encountered in double_scalars
  ret = ret.dtype.type(ret / rcount)
/mnt/data/user_liangzhiyu/envs/fedcsl/lib/python3.8/site-packages/numpy/core/fromnumeric.py:3432: RuntimeWarning: Mean of empty slice.
  return _methods._mean(a, axis=axis, dtype=dtype,
/mnt/data/user_liangzhiyu/envs/fedcsl/lib/python3.8/site-packages/numpy/core/_methods.py:190: RuntimeWarning: invalid value encountered in double_scalars
  ret = ret.dtype.type(ret / rcount)
/mnt/data/user_liangzhiyu/envs/fedcsl/lib/python3.8/site-packages/numpy/core/fromnumeric.py:3432: RuntimeWarning: Mean of empty slice.
  return _methods._mean(a, axis=axis, dtype=dtype,
/mnt/data/user_liangzhiyu/envs/fedcsl/lib/python3.8/site-packages/numpy/core/_methods.py:190: RuntimeWarning: invalid value encountered in double_scalars
  ret = ret.dtype.type(ret / rcount)
/mnt/data/user_liangzhiyu/envs/fedcsl/lib/python3.8/site-packages/numpy/core/fromnumeric.py:3432: RuntimeWarning: Mean of empty slice.
  return _methods._mean(a, axis=axis, dtype=dtype,
/mnt/data/user_liangzhiyu/envs/fedcsl/lib/python3.8/site-packages/numpy/core/_methods.py:190: RuntimeWarning: invalid value encountered in double_scalars
  ret = ret.dtype.type(ret / rcount)
/mnt/data/user_liangzhiyu/envs/fedcsl/lib/python3.8/site-packages/numpy/core/fromnumeric.py:3432: RuntimeWarning: Mean of empty slice.
  return _methods._mean(a, axis=axis, dtype=dtype,
/mnt/data/user_liangzhiyu/envs/fedcsl/lib/python3.8/site-packages/numpy/core/_methods.py:190: RuntimeWarning: invalid value encountered in double_scalars
  ret = ret.dtype.type(ret / rcount)
/mnt/data/user_liangzhiyu/envs/fedcsl/lib/python3.8/site-packages/numpy/core/fromnumeric.py:3432: RuntimeWarning: Mean of empty slice.
  return _methods._mean(a, axis=axis, dtype=dtype,
/mnt/data/user_liangzhiyu/envs/fedcsl/lib/python3.8/site-packages/numpy/core/_methods.py:190: RuntimeWarning: invalid value encountered in double_scalars
  ret = ret.dtype.type(ret / rcount)
/mnt/data/user_liangzhiyu/envs/fedcsl/lib/python3.8/site-packages/numpy/core/fromnumeric.py:3432: RuntimeWarning: Mean of empty slice.
  return _methods._mean(a, axis=axis, dtype=dtype,
/mnt/data/user_liangzhiyu/envs/fedcsl/lib/python3.8/site-packages/numpy/core/_methods.py:190: RuntimeWarning: invalid value encountered in double_scalars
  ret = ret.dtype.type(ret / rcount)
/mnt/data/user_liangzhiyu/envs/fedcsl/lib/python3.8/site-packages/numpy/core/fromnumeric.py:3432: RuntimeWarning: Mean of empty slice.
  return _methods._mean(a, axis=axis, dtype=dtype,
/mnt/data/user_liangzhiyu/envs/fedcsl/lib/python3.8/site-packages/numpy/core/_methods.py:190: RuntimeWarning: invalid value encountered in double_scalars
  ret = ret.dtype.type(ret / rcount)
/mnt/data/user_liangzhiyu/envs/fedcsl/lib/python3.8/site-packages/numpy/core/fromnumeric.py:3432: RuntimeWarning: Mean of empty slice.
  return _methods._mean(a, axis=axis, dtype=dtype,
/mnt/data/user_liangzhiyu/envs/fedcsl/lib/python3.8/site-packages/numpy/core/_methods.py:190: RuntimeWarning: invalid value encountered in double_scalars
  ret = ret.dtype.type(ret / rcount)
/mnt/data/user_liangzhiyu/envs/fedcsl/lib/python3.8/site-packages/numpy/core/fromnumeric.py:3432: RuntimeWarning: Mean of empty slice.
  return _methods._mean(a, axis=axis, dtype=dtype,
/mnt/data/user_liangzhiyu/envs/fedcsl/lib/python3.8/site-packages/numpy/core/_methods.py:190: RuntimeWarning: invalid value encountered in double_scalars
  ret = ret.dtype.type(ret / rcount)
/mnt/data/user_liangzhiyu/envs/fedcsl/lib/python3.8/site-packages/numpy/core/fromnumeric.py:3432: RuntimeWarning: Mean of empty slice.
  return _methods._mean(a, axis=axis, dtype=dtype,
/mnt/data/user_liangzhiyu/envs/fedcsl/lib/python3.8/site-packages/numpy/core/_methods.py:190: RuntimeWarning: invalid value encountered in double_scalars
  ret = ret.dtype.type(ret / rcount)
/mnt/data/user_liangzhiyu/envs/fedcsl/lib/python3.8/site-packages/numpy/core/fromnumeric.py:3432: RuntimeWarning: Mean of empty slice.
  return _methods._mean(a, axis=axis, dtype=dtype,
/mnt/data/user_liangzhiyu/envs/fedcsl/lib/python3.8/site-packages/numpy/core/_methods.py:190: RuntimeWarning: invalid value encountered in double_scalars
  ret = ret.dtype.type(ret / rcount)
/mnt/data/user_liangzhiyu/envs/fedcsl/lib/python3.8/site-packages/numpy/core/fromnumeric.py:3432: RuntimeWarning: Mean of empty slice.
  return _methods._mean(a, axis=axis, dtype=dtype,
/mnt/data/user_liangzhiyu/envs/fedcsl/lib/python3.8/site-packages/numpy/core/_methods.py:190: RuntimeWarning: invalid value encountered in double_scalars
  ret = ret.dtype.type(ret / rcount)
/mnt/data/user_liangzhiyu/envs/fedcsl/lib/python3.8/site-packages/numpy/core/fromnumeric.py:3432: RuntimeWarning: Mean of empty slice.
  return _methods._mean(a, axis=axis, dtype=dtype,
/mnt/data/user_liangzhiyu/envs/fedcsl/lib/python3.8/site-packages/numpy/core/_methods.py:190: RuntimeWarning: invalid value encountered in double_scalars
  ret = ret.dtype.type(ret / rcount)
/mnt/data/user_liangzhiyu/envs/fedcsl/lib/python3.8/site-packages/numpy/core/fromnumeric.py:3432: RuntimeWarning: Mean of empty slice.
  return _methods._mean(a, axis=axis, dtype=dtype,
/mnt/data/user_liangzhiyu/envs/fedcsl/lib/python3.8/site-packages/numpy/core/_methods.py:190: RuntimeWarning: invalid value encountered in double_scalars
  ret = ret.dtype.type(ret / rcount)
/mnt/data/user_liangzhiyu/envs/fedcsl/lib/python3.8/site-packages/numpy/core/fromnumeric.py:3432: RuntimeWarning: Mean of empty slice.
  return _methods._mean(a, axis=axis, dtype=dtype,
/mnt/data/user_liangzhiyu/envs/fedcsl/lib/python3.8/site-packages/numpy/core/_methods.py:190: RuntimeWarning: invalid value encountered in double_scalars
  ret = ret.dtype.type(ret / rcount)
/mnt/data/user_liangzhiyu/envs/fedcsl/lib/python3.8/site-packages/numpy/core/fromnumeric.py:3432: RuntimeWarning: Mean of empty slice.
  return _methods._mean(a, axis=axis, dtype=dtype,
/mnt/data/user_liangzhiyu/envs/fedcsl/lib/python3.8/site-packages/numpy/core/_methods.py:190: RuntimeWarning: invalid value encountered in double_scalars
  ret = ret.dtype.type(ret / rcount)
/mnt/data/user_liangzhiyu/envs/fedcsl/lib/python3.8/site-packages/numpy/core/fromnumeric.py:3432: RuntimeWarning: Mean of empty slice.
  return _methods._mean(a, axis=axis, dtype=dtype,
/mnt/data/user_liangzhiyu/envs/fedcsl/lib/python3.8/site-packages/numpy/core/_methods.py:190: RuntimeWarning: invalid value encountered in double_scalars
  ret = ret.dtype.type(ret / rcount)
/mnt/data/user_liangzhiyu/envs/fedcsl/lib/python3.8/site-packages/numpy/core/fromnumeric.py:3432: RuntimeWarning: Mean of empty slice.
  return _methods._mean(a, axis=axis, dtype=dtype,
/mnt/data/user_liangzhiyu/envs/fedcsl/lib/python3.8/site-packages/numpy/core/_methods.py:190: RuntimeWarning: invalid value encountered in double_scalars
  ret = ret.dtype.type(ret / rcount)
/mnt/data/user_liangzhiyu/envs/fedcsl/lib/python3.8/site-packages/numpy/core/fromnumeric.py:3432: RuntimeWarning: Mean of empty slice.
  return _methods._mean(a, axis=axis, dtype=dtype,
/mnt/data/user_liangzhiyu/envs/fedcsl/lib/python3.8/site-packages/numpy/core/_methods.py:190: RuntimeWarning: invalid value encountered in double_scalars
  ret = ret.dtype.type(ret / rcount)
/mnt/data/user_liangzhiyu/envs/fedcsl/lib/python3.8/site-packages/numpy/core/fromnumeric.py:3432: RuntimeWarning: Mean of empty slice.
  return _methods._mean(a, axis=axis, dtype=dtype,
/mnt/data/user_liangzhiyu/envs/fedcsl/lib/python3.8/site-packages/numpy/core/_methods.py:190: RuntimeWarning: invalid value encountered in double_scalars
  ret = ret.dtype.type(ret / rcount)
/mnt/data/user_liangzhiyu/envs/fedcsl/lib/python3.8/site-packages/numpy/core/fromnumeric.py:3432: RuntimeWarning: Mean of empty slice.
  return _methods._mean(a, axis=axis, dtype=dtype,
/mnt/data/user_liangzhiyu/envs/fedcsl/lib/python3.8/site-packages/numpy/core/_methods.py:190: RuntimeWarning: invalid value encountered in double_scalars
  ret = ret.dtype.type(ret / rcount)
/mnt/data/user_liangzhiyu/envs/fedcsl/lib/python3.8/site-packages/numpy/core/fromnumeric.py:3432: RuntimeWarning: Mean of empty slice.
  return _methods._mean(a, axis=axis, dtype=dtype,
/mnt/data/user_liangzhiyu/envs/fedcsl/lib/python3.8/site-packages/numpy/core/_methods.py:190: RuntimeWarning: invalid value encountered in double_scalars
  ret = ret.dtype.type(ret / rcount)
/mnt/data/user_liangzhiyu/envs/fedcsl/lib/python3.8/site-packages/numpy/core/fromnumeric.py:3432: RuntimeWarning: Mean of empty slice.
  return _methods._mean(a, axis=axis, dtype=dtype,
/mnt/data/user_liangzhiyu/envs/fedcsl/lib/python3.8/site-packages/numpy/core/_methods.py:190: RuntimeWarning: invalid value encountered in double_scalars
  ret = ret.dtype.type(ret / rcount)
/mnt/data/user_liangzhiyu/envs/fedcsl/lib/python3.8/site-packages/numpy/core/fromnumeric.py:3432: RuntimeWarning: Mean of empty slice.
  return _methods._mean(a, axis=axis, dtype=dtype,
/mnt/data/user_liangzhiyu/envs/fedcsl/lib/python3.8/site-packages/numpy/core/_methods.py:190: RuntimeWarning: invalid value encountered in double_scalars
  ret = ret.dtype.type(ret / rcount)
/mnt/data/user_liangzhiyu/envs/fedcsl/lib/python3.8/site-packages/numpy/core/fromnumeric.py:3432: RuntimeWarning: Mean of empty slice.
  return _methods._mean(a, axis=axis, dtype=dtype,
/mnt/data/user_liangzhiyu/envs/fedcsl/lib/python3.8/site-packages/numpy/core/_methods.py:190: RuntimeWarning: invalid value encountered in double_scalars
  ret = ret.dtype.type(ret / rcount)
/mnt/data/user_liangzhiyu/envs/fedcsl/lib/python3.8/site-packages/numpy/core/fromnumeric.py:3432: RuntimeWarning: Mean of empty slice.
  return _methods._mean(a, axis=axis, dtype=dtype,
/mnt/data/user_liangzhiyu/envs/fedcsl/lib/python3.8/site-packages/numpy/core/_methods.py:190: RuntimeWarning: invalid value encountered in double_scalars
  ret = ret.dtype.type(ret / rcount)
/mnt/data/user_liangzhiyu/envs/fedcsl/lib/python3.8/site-packages/numpy/core/fromnumeric.py:3432: RuntimeWarning: Mean of empty slice.
  return _methods._mean(a, axis=axis, dtype=dtype,
/mnt/data/user_liangzhiyu/envs/fedcsl/lib/python3.8/site-packages/numpy/core/_methods.py:190: RuntimeWarning: invalid value encountered in double_scalars
  ret = ret.dtype.type(ret / rcount)
/mnt/data/user_liangzhiyu/envs/fedcsl/lib/python3.8/site-packages/numpy/core/fromnumeric.py:3432: RuntimeWarning: Mean of empty slice.
  return _methods._mean(a, axis=axis, dtype=dtype,
[0.09514033 0.10277917 0.11127909 0.12035814 0.12964186 0.13872091
 0.14722083 0.15485967]
12
<class 'pandas.core.frame.DataFrame'>
RangeIndex: 12 entries, 0 to 11
Data columns (total 5 columns):
 #   Column      Non-Null Count  Dtype 
---  ------      --------------  ----- 
 0   dim_0       12 non-null     object
 1   dim_1       12 non-null     object
 2   dim_2       12 non-null     object
 3   dim_3       12 non-null     object
 4   class_vals  12 non-null     object
dtypes: object(5)
memory usage: 608.0+ bytes
None
{2500}
<class 'pandas.core.frame.DataFrame'>
RangeIndex: 12 entries, 0 to 11
Data columns (total 5 columns):
 #   Column      Non-Null Count  Dtype 
---  ------      --------------  ----- 
 0   dim_0       12 non-null     object
 1   dim_1       12 non-null     object
 2   dim_2       12 non-null     object
 3   dim_3       12 non-null     object
 4   class_vals  12 non-null     object
dtypes: object(5)
memory usage: 608.0+ bytes
None
[0 0 0 0 1 1 1 1 2 2 2 2]
[8 9]
[2, 2]
[0, 0, 0, 1, 2]
[0, 1, 1, 1, 2]
shapelet initialized! 

All 3 clinet initialized! 

(2, 3)
(5, 3)
(5, 3)
[1.05530355 1.35894069 0.58575576]
Classification: 1.0 0.4 0
(2, 3)
(5, 3)
(5, 3)
[1.05530355 1.35894069 0.58575576]
Classification: 1.0 0.4 1
(2, 3)
(5, 3)
(5, 3)
[1.05530355 1.35894069 0.58575576]
Classification: 1.0 0.4 2
(2, 3)
(5, 3)
(5, 3)
[1.05530355 1.35894069 0.58575576]
Classification: 1.0 0.4 3
(2, 3)
(5, 3)
(5, 3)
[1.05530355 1.35894069 0.58575576]
Classification: 1.0 0.4 4
(2, 3)
(5, 3)
(5, 3)
[1.05530355 1.35894069 0.58575576]
Classification: 1.0 0.4 5
(2, 3)
(5, 3)
(5, 3)
[1.05530355 1.35894069 0.58575576]
Classification: 1.0 0.4 6
(2, 3)
(5, 3)
(5, 3)
[1.05530355 1.35894069 0.58575576]
Classification: 1.0 0.4 7
(2, 3)
(5, 3)
(5, 3)
[1.05530355 1.35894069 0.58575576]
Classification: 1.0 0.4 8
(2, 3)
(5, 3)
(5, 3)
[1.05530355 1.35894069 0.58575576]
Classification: 1.0 0.4 9
(2, 3)
(5, 3)
(5, 3)
[1.05530355 1.35894069 0.58575576]
Classification: 1.0 0.4 10
(2, 3)
(5, 3)
(5, 3)
[1.05530355 1.35894069 0.58575576]
Classification: 1.0 0.4 11
(2, 3)
(5, 3)
(5, 3)
[1.05530355 1.35894069 0.58575576]
Classification: 1.0 0.4 12
(2, 3)
(5, 3)
(5, 3)
[1.05530355 1.35894069 0.58575576]
Classification: 1.0 0.4 13
(2, 3)
(5, 3)
(5, 3)
[1.05530355 1.35894069 0.58575576]
Classification: 1.0 0.4 14
(2, 3)
(5, 3)
(5, 3)
[1.05530355 1.35894069 0.58575576]
Classification: 1.0 0.4 15
(2, 3)
(5, 3)
(5, 3)
[1.05530355 1.35894069 0.58575576]
Classification: 1.0 0.4 16
(2, 3)
(5, 3)
(5, 3)
[1.05530355 1.35894069 0.58575576]
Classification: 1.0 0.4 17
(2, 3)
(5, 3)
(5, 3)
[1.05530355 1.35894069 0.58575576]
Classification: 1.0 0.4 18
(2, 3)
(5, 3)
(5, 3)
[1.05530355 1.35894069 0.58575576]
Classification: 1.0 0.4 19
(2, 3)
(5, 3)
(5, 3)
[1.05530355 1.35894069 0.58575576]
Classification: 1.0 0.4 20
(2, 3)
(5, 3)
(5, 3)
[1.05530355 1.35894069 0.58575576]
Classification: 1.0 0.4 21
(2, 3)
(5, 3)
(5, 3)
[1.05530355 1.35894069 0.58575576]
Classification: 1.0 0.4 22
(2, 3)
(5, 3)
(5, 3)
[1.05530355 1.35894069 0.58575576]
Classification: 1.0 0.4 23
(2, 3)
(5, 3)
(5, 3)
[1.05530355 1.35894069 0.58575576]
Classification: 1.0 0.4 24
(2, 3)
(5, 3)
(5, 3)
[1.05530355 1.35894069 0.58575576]
Classification: 1.0 0.4 25
(2, 3)
(5, 3)
(5, 3)
[1.05530355 1.35894069 0.58575576]
Classification: 1.0 0.4 26
(2, 3)
(5, 3)
(5, 3)
[1.05530355 1.35894069 0.58575576]
Classification: 1.0 0.4 27
(2, 3)
(5, 3)
(5, 3)
[1.05530355 1.35894069 0.58575576]
Classification: 1.0 0.4 28
(2, 3)
(5, 3)
(5, 3)
[1.05530355 1.35894069 0.58575576]
Classification: 1.0 0.4 29
(2, 3)
(5, 3)
(5, 3)
[1.05530355 1.35894069 0.58575576]
Classification: 1.0 0.4 30
(2, 3)
(5, 3)
(5, 3)
[1.05530355 1.35894069 0.58575576]
Classification: 1.0 0.4 31
(2, 3)
(5, 3)
(5, 3)
[1.05530355 1.35894069 0.58575576]
Classification: 1.0 0.4 32
(2, 3)
(5, 3)
(5, 3)
[1.05530355 1.35894069 0.58575576]
Classification: 1.0 0.4 33
(2, 3)
(5, 3)
(5, 3)
[1.05530355 1.35894069 0.58575576]
Classification: 1.0 0.4 34
(2, 3)
(5, 3)
(5, 3)
[1.05530355 1.35894069 0.58575576]
Classification: 1.0 0.4 35
(2, 3)
(5, 3)
(5, 3)
[1.05530355 1.35894069 0.58575576]
Classification: 1.0 0.4 36
(2, 3)
(5, 3)
(5, 3)
[1.05530355 1.35894069 0.58575576]
Classification: 1.0 0.4 37
(2, 3)
(5, 3)
(5, 3)
[1.05530355 1.35894069 0.58575576]
Classification: 1.0 0.4 38
(2, 3)
(5, 3)
(5, 3)
[1.05530355 1.35894069 0.58575576]
Classification: 1.0 0.4 39
(2, 3)
(5, 3)
(5, 3)
[1.05530355 1.35894069 0.58575576]
Classification: 1.0 0.4 40
(2, 3)
(5, 3)
(5, 3)
[1.05530355 1.35894069 0.58575576]
Classification: 1.0 0.4 41
(2, 3)
(5, 3)
(5, 3)
[1.05530355 1.35894069 0.58575576]
Classification: 1.0 0.4 42
(2, 3)
(5, 3)
(5, 3)
[1.05530355 1.35894069 0.58575576]
Classification: 1.0 0.4 43
(2, 3)
(5, 3)
(5, 3)
[1.05530355 1.35894069 0.58575576]
Classification: 1.0 0.4 44
(2, 3)
(5, 3)
(5, 3)
[1.05530355 1.35894069 0.58575576]
Classification: 1.0 0.4 45
(2, 3)
(5, 3)
(5, 3)
[1.05530355 1.35894069 0.58575576]
Classification: 1.0 0.4 46
(2, 3)
(5, 3)
(5, 3)
[1.05530355 1.35894069 0.58575576]
Classification: 1.0 0.4 47
(2, 3)
(5, 3)
(5, 3)
[1.05530355 1.35894069 0.58575576]
Classification: 1.0 0.4 48
(2, 3)
(5, 3)
(5, 3)
[1.05530355 1.35894069 0.58575576]
Classification: 1.0 0.4 49
(2, 3)
(5, 3)
(5, 3)
[1.05530355 1.35894069 0.58575576]
Classification: 1.0 0.4 50
(2, 3)
(5, 3)
(5, 3)
[1.05530355 1.35894069 0.58575576]
Classification: 1.0 0.4 51
(2, 3)
(5, 3)
(5, 3)
[1.05530355 1.35894069 0.58575576]
Classification: 1.0 0.4 52
(2, 3)
(5, 3)
(5, 3)
[1.05530355 1.35894069 0.58575576]
Classification: 1.0 0.4 53
(2, 3)
(5, 3)
(5, 3)
[1.05530355 1.35894069 0.58575576]
Classification: 1.0 0.4 54
(2, 3)
(5, 3)
(5, 3)
[1.05530355 1.35894069 0.58575576]
Classification: 1.0 0.4 55
(2, 3)
(5, 3)
(5, 3)
[1.05530355 1.35894069 0.58575576]
Classification: 1.0 0.4 56
(2, 3)
(5, 3)
(5, 3)
[1.05530355 1.35894069 0.58575576]
Classification: 1.0 0.4 57
(2, 3)
(5, 3)
(5, 3)
[1.05530355 1.35894069 0.58575576]
Classification: 1.0 0.4 58
(2, 3)
(5, 3)
(5, 3)
[1.05530355 1.35894069 0.58575576]
Classification: 1.0 0.4 59
(2, 3)
(5, 3)
(5, 3)
[1.05530355 1.35894069 0.58575576]
Classification: 1.0 0.4 60
(2, 3)
(5, 3)
(5, 3)
[1.05530355 1.35894069 0.58575576]
Classification: 1.0 0.4 61
(2, 3)
(5, 3)
(5, 3)
[1.05530355 1.35894069 0.58575576]
Classification: 1.0 0.4 62
(2, 3)
(5, 3)
(5, 3)
[1.05530355 1.35894069 0.58575576]
Classification: 1.0 0.4 63
(2, 3)
(5, 3)
(5, 3)
[1.05530355 1.35894069 0.58575576]
Classification: 1.0 0.4 64
(2, 3)
(5, 3)
(5, 3)
[1.05530355 1.35894069 0.58575576]
Classification: 1.0 0.4 65
(2, 3)
(5, 3)
(5, 3)
[1.05530355 1.35894069 0.58575576]
Classification: 1.0 0.4 66
(2, 3)
(5, 3)
(5, 3)
[1.05530355 1.35894069 0.58575576]
Classification: 1.0 0.4 67
(2, 3)
(5, 3)
(5, 3)
[1.05530355 1.35894069 0.58575576]
Classification: 1.0 0.4 68
(2, 3)
(5, 3)
(5, 3)
[1.05530355 1.35894069 0.58575576]
Classification: 1.0 0.4 69
(2, 3)
(5, 3)
(5, 3)
[1.05530355 1.35894069 0.58575576]
Classification: 1.0 0.4 70
(2, 3)
(5, 3)
(5, 3)
[1.05530355 1.35894069 0.58575576]
Classification: 1.0 0.4 71
(2, 3)
(5, 3)
(5, 3)
[1.05530355 1.35894069 0.58575576]
Classification: 1.0 0.4 72
(2, 3)
(5, 3)
(5, 3)
[1.05530355 1.35894069 0.58575576]
Classification: 1.0 0.4 73
(2, 3)
(5, 3)
(5, 3)
[1.05530355 1.35894069 0.58575576]
Classification: 1.0 0.4 74
(2, 3)
(5, 3)
(5, 3)
[1.05530355 1.35894069 0.58575576]
Classification: 1.0 0.4 75
(2, 3)
(5, 3)
(5, 3)
[1.05530355 1.35894069 0.58575576]
Classification: 1.0 0.4 76
(2, 3)
(5, 3)
(5, 3)
[1.05530355 1.35894069 0.58575576]
Classification: 1.0 0.4 77
(2, 3)
(5, 3)
(5, 3)
[1.05530355 1.35894069 0.58575576]
Classification: 1.0 0.4 78
(2, 3)
(5, 3)
(5, 3)
[1.05530355 1.35894069 0.58575576]
Classification: 1.0 0.4 79
(2, 3)
(5, 3)
(5, 3)
[1.05530355 1.35894069 0.58575576]
Classification: 1.0 0.4 80
(2, 3)
(5, 3)
(5, 3)
[1.05530355 1.35894069 0.58575576]
Classification: 1.0 0.4 81
(2, 3)
(5, 3)
(5, 3)
[1.05530355 1.35894069 0.58575576]
Classification: 1.0 0.4 82
(2, 3)
(5, 3)
(5, 3)
[1.05530355 1.35894069 0.58575576]
Classification: 1.0 0.4 83
(2, 3)
(5, 3)
(5, 3)
[1.05530355 1.35894069 0.58575576]
Classification: 1.0 0.4 84
(2, 3)
(5, 3)
(5, 3)
[1.05530355 1.35894069 0.58575576]
/mnt/data/user_liangzhiyu/envs/fedcsl/lib/python3.8/site-packages/numpy/core/_methods.py:190: RuntimeWarning: invalid value encountered in double_scalars
  ret = ret.dtype.type(ret / rcount)
/mnt/data/user_liangzhiyu/envs/fedcsl/lib/python3.8/site-packages/numpy/core/fromnumeric.py:3432: RuntimeWarning: Mean of empty slice.
  return _methods._mean(a, axis=axis, dtype=dtype,
/mnt/data/user_liangzhiyu/envs/fedcsl/lib/python3.8/site-packages/numpy/core/_methods.py:190: RuntimeWarning: invalid value encountered in double_scalars
  ret = ret.dtype.type(ret / rcount)
/mnt/data/user_liangzhiyu/envs/fedcsl/lib/python3.8/site-packages/numpy/core/fromnumeric.py:3432: RuntimeWarning: Mean of empty slice.
  return _methods._mean(a, axis=axis, dtype=dtype,
/mnt/data/user_liangzhiyu/envs/fedcsl/lib/python3.8/site-packages/numpy/core/_methods.py:190: RuntimeWarning: invalid value encountered in double_scalars
  ret = ret.dtype.type(ret / rcount)
/mnt/data/user_liangzhiyu/envs/fedcsl/lib/python3.8/site-packages/numpy/core/fromnumeric.py:3432: RuntimeWarning: Mean of empty slice.
  return _methods._mean(a, axis=axis, dtype=dtype,
/mnt/data/user_liangzhiyu/envs/fedcsl/lib/python3.8/site-packages/numpy/core/_methods.py:190: RuntimeWarning: invalid value encountered in double_scalars
  ret = ret.dtype.type(ret / rcount)
/mnt/data/user_liangzhiyu/envs/fedcsl/lib/python3.8/site-packages/numpy/core/fromnumeric.py:3432: RuntimeWarning: Mean of empty slice.
  return _methods._mean(a, axis=axis, dtype=dtype,
/mnt/data/user_liangzhiyu/envs/fedcsl/lib/python3.8/site-packages/numpy/core/_methods.py:190: RuntimeWarning: invalid value encountered in double_scalars
  ret = ret.dtype.type(ret / rcount)
/mnt/data/user_liangzhiyu/envs/fedcsl/lib/python3.8/site-packages/numpy/core/fromnumeric.py:3432: RuntimeWarning: Mean of empty slice.
  return _methods._mean(a, axis=axis, dtype=dtype,
/mnt/data/user_liangzhiyu/envs/fedcsl/lib/python3.8/site-packages/numpy/core/_methods.py:190: RuntimeWarning: invalid value encountered in double_scalars
  ret = ret.dtype.type(ret / rcount)
/mnt/data/user_liangzhiyu/envs/fedcsl/lib/python3.8/site-packages/numpy/core/fromnumeric.py:3432: RuntimeWarning: Mean of empty slice.
  return _methods._mean(a, axis=axis, dtype=dtype,
/mnt/data/user_liangzhiyu/envs/fedcsl/lib/python3.8/site-packages/numpy/core/_methods.py:190: RuntimeWarning: invalid value encountered in double_scalars
  ret = ret.dtype.type(ret / rcount)
/mnt/data/user_liangzhiyu/envs/fedcsl/lib/python3.8/site-packages/numpy/core/fromnumeric.py:3432: RuntimeWarning: Mean of empty slice.
  return _methods._mean(a, axis=axis, dtype=dtype,
/mnt/data/user_liangzhiyu/envs/fedcsl/lib/python3.8/site-packages/numpy/core/_methods.py:190: RuntimeWarning: invalid value encountered in double_scalars
  ret = ret.dtype.type(ret / rcount)
/mnt/data/user_liangzhiyu/envs/fedcsl/lib/python3.8/site-packages/numpy/core/fromnumeric.py:3432: RuntimeWarning: Mean of empty slice.
  return _methods._mean(a, axis=axis, dtype=dtype,
/mnt/data/user_liangzhiyu/envs/fedcsl/lib/python3.8/site-packages/numpy/core/_methods.py:190: RuntimeWarning: invalid value encountered in double_scalars
  ret = ret.dtype.type(ret / rcount)
/mnt/data/user_liangzhiyu/envs/fedcsl/lib/python3.8/site-packages/numpy/core/fromnumeric.py:3432: RuntimeWarning: Mean of empty slice.
  return _methods._mean(a, axis=axis, dtype=dtype,
/mnt/data/user_liangzhiyu/envs/fedcsl/lib/python3.8/site-packages/numpy/core/_methods.py:190: RuntimeWarning: invalid value encountered in double_scalars
  ret = ret.dtype.type(ret / rcount)
/mnt/data/user_liangzhiyu/envs/fedcsl/lib/python3.8/site-packages/numpy/core/fromnumeric.py:3432: RuntimeWarning: Mean of empty slice.
  return _methods._mean(a, axis=axis, dtype=dtype,
/mnt/data/user_liangzhiyu/envs/fedcsl/lib/python3.8/site-packages/numpy/core/_methods.py:190: RuntimeWarning: invalid value encountered in double_scalars
  ret = ret.dtype.type(ret / rcount)
/mnt/data/user_liangzhiyu/envs/fedcsl/lib/python3.8/site-packages/numpy/core/fromnumeric.py:3432: RuntimeWarning: Mean of empty slice.
  return _methods._mean(a, axis=axis, dtype=dtype,
/mnt/data/user_liangzhiyu/envs/fedcsl/lib/python3.8/site-packages/numpy/core/_methods.py:190: RuntimeWarning: invalid value encountered in double_scalars
  ret = ret.dtype.type(ret / rcount)
/mnt/data/user_liangzhiyu/envs/fedcsl/lib/python3.8/site-packages/numpy/core/fromnumeric.py:3432: RuntimeWarning: Mean of empty slice.
  return _methods._mean(a, axis=axis, dtype=dtype,
/mnt/data/user_liangzhiyu/envs/fedcsl/lib/python3.8/site-packages/numpy/core/_methods.py:190: RuntimeWarning: invalid value encountered in double_scalars
  ret = ret.dtype.type(ret / rcount)
/mnt/data/user_liangzhiyu/envs/fedcsl/lib/python3.8/site-packages/numpy/core/fromnumeric.py:3432: RuntimeWarning: Mean of empty slice.
  return _methods._mean(a, axis=axis, dtype=dtype,
/mnt/data/user_liangzhiyu/envs/fedcsl/lib/python3.8/site-packages/numpy/core/_methods.py:190: RuntimeWarning: invalid value encountered in double_scalars
  ret = ret.dtype.type(ret / rcount)
/mnt/data/user_liangzhiyu/envs/fedcsl/lib/python3.8/site-packages/numpy/core/fromnumeric.py:3432: RuntimeWarning: Mean of empty slice.
  return _methods._mean(a, axis=axis, dtype=dtype,
/mnt/data/user_liangzhiyu/envs/fedcsl/lib/python3.8/site-packages/numpy/core/_methods.py:190: RuntimeWarning: invalid value encountered in double_scalars
  ret = ret.dtype.type(ret / rcount)
/mnt/data/user_liangzhiyu/envs/fedcsl/lib/python3.8/site-packages/numpy/core/fromnumeric.py:3432: RuntimeWarning: Mean of empty slice.
  return _methods._mean(a, axis=axis, dtype=dtype,
/mnt/data/user_liangzhiyu/envs/fedcsl/lib/python3.8/site-packages/numpy/core/_methods.py:190: RuntimeWarning: invalid value encountered in double_scalars
  ret = ret.dtype.type(ret / rcount)
/mnt/data/user_liangzhiyu/envs/fedcsl/lib/python3.8/site-packages/numpy/core/fromnumeric.py:3432: RuntimeWarning: Mean of empty slice.
  return _methods._mean(a, axis=axis, dtype=dtype,
/mnt/data/user_liangzhiyu/envs/fedcsl/lib/python3.8/site-packages/numpy/core/_methods.py:190: RuntimeWarning: invalid value encountered in double_scalars
  ret = ret.dtype.type(ret / rcount)
/mnt/data/user_liangzhiyu/envs/fedcsl/lib/python3.8/site-packages/numpy/core/fromnumeric.py:3432: RuntimeWarning: Mean of empty slice.
  return _methods._mean(a, axis=axis, dtype=dtype,
/mnt/data/user_liangzhiyu/envs/fedcsl/lib/python3.8/site-packages/numpy/core/_methods.py:190: RuntimeWarning: invalid value encountered in double_scalars
  ret = ret.dtype.type(ret / rcount)
/mnt/data/user_liangzhiyu/envs/fedcsl/lib/python3.8/site-packages/numpy/core/fromnumeric.py:3432: RuntimeWarning: Mean of empty slice.
  return _methods._mean(a, axis=axis, dtype=dtype,
/mnt/data/user_liangzhiyu/envs/fedcsl/lib/python3.8/site-packages/numpy/core/_methods.py:190: RuntimeWarning: invalid value encountered in double_scalars
  ret = ret.dtype.type(ret / rcount)
/mnt/data/user_liangzhiyu/envs/fedcsl/lib/python3.8/site-packages/numpy/core/fromnumeric.py:3432: RuntimeWarning: Mean of empty slice.
  return _methods._mean(a, axis=axis, dtype=dtype,
/mnt/data/user_liangzhiyu/envs/fedcsl/lib/python3.8/site-packages/numpy/core/_methods.py:190: RuntimeWarning: invalid value encountered in double_scalars
  ret = ret.dtype.type(ret / rcount)
/mnt/data/user_liangzhiyu/envs/fedcsl/lib/python3.8/site-packages/numpy/core/fromnumeric.py:3432: RuntimeWarning: Mean of empty slice.
  return _methods._mean(a, axis=axis, dtype=dtype,
/mnt/data/user_liangzhiyu/envs/fedcsl/lib/python3.8/site-packages/numpy/core/_methods.py:190: RuntimeWarning: invalid value encountered in double_scalars
  ret = ret.dtype.type(ret / rcount)
/mnt/data/user_liangzhiyu/envs/fedcsl/lib/python3.8/site-packages/numpy/core/fromnumeric.py:3432: RuntimeWarning: Mean of empty slice.
  return _methods._mean(a, axis=axis, dtype=dtype,
/mnt/data/user_liangzhiyu/envs/fedcsl/lib/python3.8/site-packages/numpy/core/_methods.py:190: RuntimeWarning: invalid value encountered in double_scalars
  ret = ret.dtype.type(ret / rcount)
/mnt/data/user_liangzhiyu/envs/fedcsl/lib/python3.8/site-packages/numpy/core/fromnumeric.py:3432: RuntimeWarning: Mean of empty slice.
  return _methods._mean(a, axis=axis, dtype=dtype,
/mnt/data/user_liangzhiyu/envs/fedcsl/lib/python3.8/site-packages/numpy/core/_methods.py:190: RuntimeWarning: invalid value encountered in double_scalars
  ret = ret.dtype.type(ret / rcount)
/mnt/data/user_liangzhiyu/envs/fedcsl/lib/python3.8/site-packages/numpy/core/fromnumeric.py:3432: RuntimeWarning: Mean of empty slice.
  return _methods._mean(a, axis=axis, dtype=dtype,
/mnt/data/user_liangzhiyu/envs/fedcsl/lib/python3.8/site-packages/numpy/core/_methods.py:190: RuntimeWarning: invalid value encountered in double_scalars
  ret = ret.dtype.type(ret / rcount)
/mnt/data/user_liangzhiyu/envs/fedcsl/lib/python3.8/site-packages/numpy/core/fromnumeric.py:3432: RuntimeWarning: Mean of empty slice.
  return _methods._mean(a, axis=axis, dtype=dtype,
/mnt/data/user_liangzhiyu/envs/fedcsl/lib/python3.8/site-packages/numpy/core/_methods.py:190: RuntimeWarning: invalid value encountered in double_scalars
  ret = ret.dtype.type(ret / rcount)
/mnt/data/user_liangzhiyu/envs/fedcsl/lib/python3.8/site-packages/numpy/core/fromnumeric.py:3432: RuntimeWarning: Mean of empty slice.
  return _methods._mean(a, axis=axis, dtype=dtype,
/mnt/data/user_liangzhiyu/envs/fedcsl/lib/python3.8/site-packages/numpy/core/_methods.py:190: RuntimeWarning: invalid value encountered in double_scalars
  ret = ret.dtype.type(ret / rcount)
/mnt/data/user_liangzhiyu/envs/fedcsl/lib/python3.8/site-packages/numpy/core/fromnumeric.py:3432: RuntimeWarning: Mean of empty slice.
  return _methods._mean(a, axis=axis, dtype=dtype,
/mnt/data/user_liangzhiyu/envs/fedcsl/lib/python3.8/site-packages/numpy/core/_methods.py:190: RuntimeWarning: invalid value encountered in double_scalars
  ret = ret.dtype.type(ret / rcount)
/mnt/data/user_liangzhiyu/envs/fedcsl/lib/python3.8/site-packages/numpy/core/fromnumeric.py:3432: RuntimeWarning: Mean of empty slice.
  return _methods._mean(a, axis=axis, dtype=dtype,
/mnt/data/user_liangzhiyu/envs/fedcsl/lib/python3.8/site-packages/numpy/core/_methods.py:190: RuntimeWarning: invalid value encountered in double_scalars
  ret = ret.dtype.type(ret / rcount)
/mnt/data/user_liangzhiyu/envs/fedcsl/lib/python3.8/site-packages/numpy/core/fromnumeric.py:3432: RuntimeWarning: Mean of empty slice.
  return _methods._mean(a, axis=axis, dtype=dtype,
/mnt/data/user_liangzhiyu/envs/fedcsl/lib/python3.8/site-packages/numpy/core/_methods.py:190: RuntimeWarning: invalid value encountered in double_scalars
  ret = ret.dtype.type(ret / rcount)
/mnt/data/user_liangzhiyu/envs/fedcsl/lib/python3.8/site-packages/numpy/core/fromnumeric.py:3432: RuntimeWarning: Mean of empty slice.
  return _methods._mean(a, axis=axis, dtype=dtype,
/mnt/data/user_liangzhiyu/envs/fedcsl/lib/python3.8/site-packages/numpy/core/_methods.py:190: RuntimeWarning: invalid value encountered in double_scalars
  ret = ret.dtype.type(ret / rcount)
/mnt/data/user_liangzhiyu/envs/fedcsl/lib/python3.8/site-packages/numpy/core/fromnumeric.py:3432: RuntimeWarning: Mean of empty slice.
  return _methods._mean(a, axis=axis, dtype=dtype,
/mnt/data/user_liangzhiyu/envs/fedcsl/lib/python3.8/site-packages/numpy/core/_methods.py:190: RuntimeWarning: invalid value encountered in double_scalars
  ret = ret.dtype.type(ret / rcount)
/mnt/data/user_liangzhiyu/envs/fedcsl/lib/python3.8/site-packages/numpy/core/fromnumeric.py:3432: RuntimeWarning: Mean of empty slice.
  return _methods._mean(a, axis=axis, dtype=dtype,
/mnt/data/user_liangzhiyu/envs/fedcsl/lib/python3.8/site-packages/numpy/core/_methods.py:190: RuntimeWarning: invalid value encountered in double_scalars
  ret = ret.dtype.type(ret / rcount)
/mnt/data/user_liangzhiyu/envs/fedcsl/lib/python3.8/site-packages/numpy/core/fromnumeric.py:3432: RuntimeWarning: Mean of empty slice.
  return _methods._mean(a, axis=axis, dtype=dtype,
/mnt/data/user_liangzhiyu/envs/fedcsl/lib/python3.8/site-packages/numpy/core/_methods.py:190: RuntimeWarning: invalid value encountered in double_scalars
  ret = ret.dtype.type(ret / rcount)
/mnt/data/user_liangzhiyu/envs/fedcsl/lib/python3.8/site-packages/numpy/core/fromnumeric.py:3432: RuntimeWarning: Mean of empty slice.
  return _methods._mean(a, axis=axis, dtype=dtype,
/mnt/data/user_liangzhiyu/envs/fedcsl/lib/python3.8/site-packages/numpy/core/_methods.py:190: RuntimeWarning: invalid value encountered in double_scalars
  ret = ret.dtype.type(ret / rcount)
/mnt/data/user_liangzhiyu/envs/fedcsl/lib/python3.8/site-packages/numpy/core/fromnumeric.py:3432: RuntimeWarning: Mean of empty slice.
  return _methods._mean(a, axis=axis, dtype=dtype,
/mnt/data/user_liangzhiyu/envs/fedcsl/lib/python3.8/site-packages/numpy/core/_methods.py:190: RuntimeWarning: invalid value encountered in double_scalars
  ret = ret.dtype.type(ret / rcount)
/mnt/data/user_liangzhiyu/envs/fedcsl/lib/python3.8/site-packages/numpy/core/fromnumeric.py:3432: RuntimeWarning: Mean of empty slice.
  return _methods._mean(a, axis=axis, dtype=dtype,
/mnt/data/user_liangzhiyu/envs/fedcsl/lib/python3.8/site-packages/numpy/core/_methods.py:190: RuntimeWarning: invalid value encountered in double_scalars
  ret = ret.dtype.type(ret / rcount)
/mnt/data/user_liangzhiyu/envs/fedcsl/lib/python3.8/site-packages/numpy/core/fromnumeric.py:3432: RuntimeWarning: Mean of empty slice.
  return _methods._mean(a, axis=axis, dtype=dtype,
/mnt/data/user_liangzhiyu/envs/fedcsl/lib/python3.8/site-packages/numpy/core/_methods.py:190: RuntimeWarning: invalid value encountered in double_scalars
  ret = ret.dtype.type(ret / rcount)
/mnt/data/user_liangzhiyu/envs/fedcsl/lib/python3.8/site-packages/numpy/core/fromnumeric.py:3432: RuntimeWarning: Mean of empty slice.
  return _methods._mean(a, axis=axis, dtype=dtype,
/mnt/data/user_liangzhiyu/envs/fedcsl/lib/python3.8/site-packages/numpy/core/_methods.py:190: RuntimeWarning: invalid value encountered in double_scalars
  ret = ret.dtype.type(ret / rcount)
/mnt/data/user_liangzhiyu/envs/fedcsl/lib/python3.8/site-packages/numpy/core/fromnumeric.py:3432: RuntimeWarning: Mean of empty slice.
  return _methods._mean(a, axis=axis, dtype=dtype,
/mnt/data/user_liangzhiyu/envs/fedcsl/lib/python3.8/site-packages/numpy/core/_methods.py:190: RuntimeWarning: invalid value encountered in double_scalars
  ret = ret.dtype.type(ret / rcount)
/mnt/data/user_liangzhiyu/envs/fedcsl/lib/python3.8/site-packages/numpy/core/fromnumeric.py:3432: RuntimeWarning: Mean of empty slice.
  return _methods._mean(a, axis=axis, dtype=dtype,
/mnt/data/user_liangzhiyu/envs/fedcsl/lib/python3.8/site-packages/numpy/core/_methods.py:190: RuntimeWarning: invalid value encountered in double_scalars
  ret = ret.dtype.type(ret / rcount)
/mnt/data/user_liangzhiyu/envs/fedcsl/lib/python3.8/site-packages/numpy/core/fromnumeric.py:3432: RuntimeWarning: Mean of empty slice.
  return _methods._mean(a, axis=axis, dtype=dtype,
/mnt/data/user_liangzhiyu/envs/fedcsl/lib/python3.8/site-packages/numpy/core/_methods.py:190: RuntimeWarning: invalid value encountered in double_scalars
  ret = ret.dtype.type(ret / rcount)
/mnt/data/user_liangzhiyu/envs/fedcsl/lib/python3.8/site-packages/numpy/core/fromnumeric.py:3432: RuntimeWarning: Mean of empty slice.
  return _methods._mean(a, axis=axis, dtype=dtype,
/mnt/data/user_liangzhiyu/envs/fedcsl/lib/python3.8/site-packages/numpy/core/_methods.py:190: RuntimeWarning: invalid value encountered in double_scalars
  ret = ret.dtype.type(ret / rcount)
/mnt/data/user_liangzhiyu/envs/fedcsl/lib/python3.8/site-packages/numpy/core/fromnumeric.py:3432: RuntimeWarning: Mean of empty slice.
  return _methods._mean(a, axis=axis, dtype=dtype,
/mnt/data/user_liangzhiyu/envs/fedcsl/lib/python3.8/site-packages/numpy/core/_methods.py:190: RuntimeWarning: invalid value encountered in double_scalars
  ret = ret.dtype.type(ret / rcount)
/mnt/data/user_liangzhiyu/envs/fedcsl/lib/python3.8/site-packages/numpy/core/fromnumeric.py:3432: RuntimeWarning: Mean of empty slice.
  return _methods._mean(a, axis=axis, dtype=dtype,
/mnt/data/user_liangzhiyu/envs/fedcsl/lib/python3.8/site-packages/numpy/core/_methods.py:190: RuntimeWarning: invalid value encountered in double_scalars
  ret = ret.dtype.type(ret / rcount)
/mnt/data/user_liangzhiyu/envs/fedcsl/lib/python3.8/site-packages/numpy/core/fromnumeric.py:3432: RuntimeWarning: Mean of empty slice.
  return _methods._mean(a, axis=axis, dtype=dtype,
/mnt/data/user_liangzhiyu/envs/fedcsl/lib/python3.8/site-packages/numpy/core/_methods.py:190: RuntimeWarning: invalid value encountered in double_scalars
  ret = ret.dtype.type(ret / rcount)
/mnt/data/user_liangzhiyu/envs/fedcsl/lib/python3.8/site-packages/numpy/core/fromnumeric.py:3432: RuntimeWarning: Mean of empty slice.
  return _methods._mean(a, axis=axis, dtype=dtype,
/mnt/data/user_liangzhiyu/envs/fedcsl/lib/python3.8/site-packages/numpy/core/_methods.py:190: RuntimeWarning: invalid value encountered in double_scalars
  ret = ret.dtype.type(ret / rcount)
/mnt/data/user_liangzhiyu/envs/fedcsl/lib/python3.8/site-packages/numpy/core/fromnumeric.py:3432: RuntimeWarning: Mean of empty slice.
  return _methods._mean(a, axis=axis, dtype=dtype,
/mnt/data/user_liangzhiyu/envs/fedcsl/lib/python3.8/site-packages/numpy/core/_methods.py:190: RuntimeWarning: invalid value encountered in double_scalars
  ret = ret.dtype.type(ret / rcount)
/mnt/data/user_liangzhiyu/envs/fedcsl/lib/python3.8/site-packages/numpy/core/fromnumeric.py:3432: RuntimeWarning: Mean of empty slice.
  return _methods._mean(a, axis=axis, dtype=dtype,
/mnt/data/user_liangzhiyu/envs/fedcsl/lib/python3.8/site-packages/numpy/core/_methods.py:190: RuntimeWarning: invalid value encountered in double_scalars
  ret = ret.dtype.type(ret / rcount)
/mnt/data/user_liangzhiyu/envs/fedcsl/lib/python3.8/site-packages/numpy/core/fromnumeric.py:3432: RuntimeWarning: Mean of empty slice.
  return _methods._mean(a, axis=axis, dtype=dtype,
/mnt/data/user_liangzhiyu/envs/fedcsl/lib/python3.8/site-packages/numpy/core/_methods.py:190: RuntimeWarning: invalid value encountered in double_scalars
  ret = ret.dtype.type(ret / rcount)
/mnt/data/user_liangzhiyu/envs/fedcsl/lib/python3.8/site-packages/numpy/core/fromnumeric.py:3432: RuntimeWarning: Mean of empty slice.
  return _methods._mean(a, axis=axis, dtype=dtype,
/mnt/data/user_liangzhiyu/envs/fedcsl/lib/python3.8/site-packages/numpy/core/_methods.py:190: RuntimeWarning: invalid value encountered in double_scalars
  ret = ret.dtype.type(ret / rcount)
/mnt/data/user_liangzhiyu/envs/fedcsl/lib/python3.8/site-packages/numpy/core/fromnumeric.py:3432: RuntimeWarning: Mean of empty slice.
  return _methods._mean(a, axis=axis, dtype=dtype,
/mnt/data/user_liangzhiyu/envs/fedcsl/lib/python3.8/site-packages/numpy/core/_methods.py:190: RuntimeWarning: invalid value encountered in double_scalars
  ret = ret.dtype.type(ret / rcount)
/mnt/data/user_liangzhiyu/envs/fedcsl/lib/python3.8/site-packages/numpy/core/fromnumeric.py:3432: RuntimeWarning: Mean of empty slice.
  return _methods._mean(a, axis=axis, dtype=dtype,
/mnt/data/user_liangzhiyu/envs/fedcsl/lib/python3.8/site-packages/numpy/core/_methods.py:190: RuntimeWarning: invalid value encountered in double_scalars
  ret = ret.dtype.type(ret / rcount)
/mnt/data/user_liangzhiyu/envs/fedcsl/lib/python3.8/site-packages/numpy/core/fromnumeric.py:3432: RuntimeWarning: Mean of empty slice.
  return _methods._mean(a, axis=axis, dtype=dtype,
/mnt/data/user_liangzhiyu/envs/fedcsl/lib/python3.8/site-packages/numpy/core/_methods.py:190: RuntimeWarning: invalid value encountered in double_scalars
  ret = ret.dtype.type(ret / rcount)
/mnt/data/user_liangzhiyu/envs/fedcsl/lib/python3.8/site-packages/numpy/core/fromnumeric.py:3432: RuntimeWarning: Mean of empty slice.
  return _methods._mean(a, axis=axis, dtype=dtype,
/mnt/data/user_liangzhiyu/envs/fedcsl/lib/python3.8/site-packages/numpy/core/_methods.py:190: RuntimeWarning: invalid value encountered in double_scalars
  ret = ret.dtype.type(ret / rcount)
/mnt/data/user_liangzhiyu/envs/fedcsl/lib/python3.8/site-packages/numpy/core/fromnumeric.py:3432: RuntimeWarning: Mean of empty slice.
  return _methods._mean(a, axis=axis, dtype=dtype,
/mnt/data/user_liangzhiyu/envs/fedcsl/lib/python3.8/site-packages/numpy/core/_methods.py:190: RuntimeWarning: invalid value encountered in double_scalars
  ret = ret.dtype.type(ret / rcount)
/mnt/data/user_liangzhiyu/envs/fedcsl/lib/python3.8/site-packages/numpy/core/fromnumeric.py:3432: RuntimeWarning: Mean of empty slice.
  return _methods._mean(a, axis=axis, dtype=dtype,
/mnt/data/user_liangzhiyu/envs/fedcsl/lib/python3.8/site-packages/numpy/core/_methods.py:190: RuntimeWarning: invalid value encountered in double_scalars
  ret = ret.dtype.type(ret / rcount)
/mnt/data/user_liangzhiyu/envs/fedcsl/lib/python3.8/site-packages/numpy/core/fromnumeric.py:3432: RuntimeWarning: Mean of empty slice.
  return _methods._mean(a, axis=axis, dtype=dtype,
/mnt/data/user_liangzhiyu/envs/fedcsl/lib/python3.8/site-packages/numpy/core/_methods.py:190: RuntimeWarning: invalid value encountered in double_scalars
  ret = ret.dtype.type(ret / rcount)
/mnt/data/user_liangzhiyu/envs/fedcsl/lib/python3.8/site-packages/numpy/core/fromnumeric.py:3432: RuntimeWarning: Mean of empty slice.
  return _methods._mean(a, axis=axis, dtype=dtype,
/mnt/data/user_liangzhiyu/envs/fedcsl/lib/python3.8/site-packages/numpy/core/_methods.py:190: RuntimeWarning: invalid value encountered in double_scalars
  ret = ret.dtype.type(ret / rcount)
/mnt/data/user_liangzhiyu/envs/fedcsl/lib/python3.8/site-packages/numpy/core/fromnumeric.py:3432: RuntimeWarning: Mean of empty slice.
  return _methods._mean(a, axis=axis, dtype=dtype,
/mnt/data/user_liangzhiyu/envs/fedcsl/lib/python3.8/site-packages/numpy/core/_methods.py:190: RuntimeWarning: invalid value encountered in double_scalars
  ret = ret.dtype.type(ret / rcount)
/mnt/data/user_liangzhiyu/envs/fedcsl/lib/python3.8/site-packages/numpy/core/fromnumeric.py:3432: RuntimeWarning: Mean of empty slice.
  return _methods._mean(a, axis=axis, dtype=dtype,
/mnt/data/user_liangzhiyu/envs/fedcsl/lib/python3.8/site-packages/numpy/core/_methods.py:190: RuntimeWarning: invalid value encountered in double_scalars
  ret = ret.dtype.type(ret / rcount)
/mnt/data/user_liangzhiyu/envs/fedcsl/lib/python3.8/site-packages/numpy/core/fromnumeric.py:3432: RuntimeWarning: Mean of empty slice.
  return _methods._mean(a, axis=axis, dtype=dtype,
/mnt/data/user_liangzhiyu/envs/fedcsl/lib/python3.8/site-packages/numpy/core/_methods.py:190: RuntimeWarning: invalid value encountered in double_scalars
  ret = ret.dtype.type(ret / rcount)
/mnt/data/user_liangzhiyu/envs/fedcsl/lib/python3.8/site-packages/numpy/core/fromnumeric.py:3432: RuntimeWarning: Mean of empty slice.
  return _methods._mean(a, axis=axis, dtype=dtype,
/mnt/data/user_liangzhiyu/envs/fedcsl/lib/python3.8/site-packages/numpy/core/_methods.py:190: RuntimeWarning: invalid value encountered in double_scalars
  ret = ret.dtype.type(ret / rcount)
/mnt/data/user_liangzhiyu/envs/fedcsl/lib/python3.8/site-packages/numpy/core/fromnumeric.py:3432: RuntimeWarning: Mean of empty slice.
  return _methods._mean(a, axis=axis, dtype=dtype,
/mnt/data/user_liangzhiyu/envs/fedcsl/lib/python3.8/site-packages/numpy/core/_methods.py:190: RuntimeWarning: invalid value encountered in double_scalars
  ret = ret.dtype.type(ret / rcount)
/mnt/data/user_liangzhiyu/envs/fedcsl/lib/python3.8/site-packages/numpy/core/fromnumeric.py:3432: RuntimeWarning: Mean of empty slice.
  return _methods._mean(a, axis=axis, dtype=dtype,
/mnt/data/user_liangzhiyu/envs/fedcsl/lib/python3.8/site-packages/numpy/core/_methods.py:190: RuntimeWarning: invalid value encountered in double_scalars
  ret = ret.dtype.type(ret / rcount)
/mnt/data/user_liangzhiyu/envs/fedcsl/lib/python3.8/site-packages/numpy/core/fromnumeric.py:3432: RuntimeWarning: Mean of empty slice.
  return _methods._mean(a, axis=axis, dtype=dtype,
/mnt/data/user_liangzhiyu/envs/fedcsl/lib/python3.8/site-packages/numpy/core/_methods.py:190: RuntimeWarning: invalid value encountered in double_scalars
  ret = ret.dtype.type(ret / rcount)
/mnt/data/user_liangzhiyu/envs/fedcsl/lib/python3.8/site-packages/numpy/core/fromnumeric.py:3432: RuntimeWarning: Mean of empty slice.
  return _methods._mean(a, axis=axis, dtype=dtype,
/mnt/data/user_liangzhiyu/envs/fedcsl/lib/python3.8/site-packages/numpy/core/_methods.py:190: RuntimeWarning: invalid value encountered in double_scalars
  ret = ret.dtype.type(ret / rcount)
/mnt/data/user_liangzhiyu/envs/fedcsl/lib/python3.8/site-packages/numpy/core/fromnumeric.py:3432: RuntimeWarning: Mean of empty slice.
  return _methods._mean(a, axis=axis, dtype=dtype,
/mnt/data/user_liangzhiyu/envs/fedcsl/lib/python3.8/site-packages/numpy/core/_methods.py:190: RuntimeWarning: invalid value encountered in double_scalars
  ret = ret.dtype.type(ret / rcount)
/mnt/data/user_liangzhiyu/envs/fedcsl/lib/python3.8/site-packages/numpy/core/fromnumeric.py:3432: RuntimeWarning: Mean of empty slice.
  return _methods._mean(a, axis=axis, dtype=dtype,
/mnt/data/user_liangzhiyu/envs/fedcsl/lib/python3.8/site-packages/numpy/core/_methods.py:190: RuntimeWarning: invalid value encountered in double_scalars
  ret = ret.dtype.type(ret / rcount)
/mnt/data/user_liangzhiyu/envs/fedcsl/lib/python3.8/site-packages/numpy/core/fromnumeric.py:3432: RuntimeWarning: Mean of empty slice.
  return _methods._mean(a, axis=axis, dtype=dtype,
/mnt/data/user_liangzhiyu/envs/fedcsl/lib/python3.8/site-packages/numpy/core/_methods.py:190: RuntimeWarning: invalid value encountered in double_scalars
  ret = ret.dtype.type(ret / rcount)
/mnt/data/user_liangzhiyu/envs/fedcsl/lib/python3.8/site-packages/numpy/core/fromnumeric.py:3432: RuntimeWarning: Mean of empty slice.
  return _methods._mean(a, axis=axis, dtype=dtype,
/mnt/data/user_liangzhiyu/envs/fedcsl/lib/python3.8/site-packages/numpy/core/_methods.py:190: RuntimeWarning: invalid value encountered in double_scalars
  ret = ret.dtype.type(ret / rcount)
/mnt/data/user_liangzhiyu/envs/fedcsl/lib/python3.8/site-packages/numpy/core/fromnumeric.py:3432: RuntimeWarning: Mean of empty slice.
  return _methods._mean(a, axis=axis, dtype=dtype,
/mnt/data/user_liangzhiyu/envs/fedcsl/lib/python3.8/site-packages/numpy/core/_methods.py:190: RuntimeWarning: invalid value encountered in double_scalars
  ret = ret.dtype.type(ret / rcount)
/mnt/data/user_liangzhiyu/envs/fedcsl/lib/python3.8/site-packages/numpy/core/fromnumeric.py:3432: RuntimeWarning: Mean of empty slice.
  return _methods._mean(a, axis=axis, dtype=dtype,
/mnt/data/user_liangzhiyu/envs/fedcsl/lib/python3.8/site-packages/numpy/core/_methods.py:190: RuntimeWarning: invalid value encountered in double_scalars
  ret = ret.dtype.type(ret / rcount)
/mnt/data/user_liangzhiyu/envs/fedcsl/lib/python3.8/site-packages/numpy/core/fromnumeric.py:3432: RuntimeWarning: Mean of empty slice.
  return _methods._mean(a, axis=axis, dtype=dtype,
/mnt/data/user_liangzhiyu/envs/fedcsl/lib/python3.8/site-packages/numpy/core/_methods.py:190: RuntimeWarning: invalid value encountered in double_scalars
  ret = ret.dtype.type(ret / rcount)
/mnt/data/user_liangzhiyu/envs/fedcsl/lib/python3.8/site-packages/numpy/core/fromnumeric.py:3432: RuntimeWarning: Mean of empty slice.
  return _methods._mean(a, axis=axis, dtype=dtype,
/mnt/data/user_liangzhiyu/envs/fedcsl/lib/python3.8/site-packages/numpy/core/_methods.py:190: RuntimeWarning: invalid value encountered in double_scalars
  ret = ret.dtype.type(ret / rcount)
/mnt/data/user_liangzhiyu/envs/fedcsl/lib/python3.8/site-packages/numpy/core/fromnumeric.py:3432: RuntimeWarning: Mean of empty slice.
  return _methods._mean(a, axis=axis, dtype=dtype,
/mnt/data/user_liangzhiyu/envs/fedcsl/lib/python3.8/site-packages/numpy/core/_methods.py:190: RuntimeWarning: invalid value encountered in double_scalars
  ret = ret.dtype.type(ret / rcount)
/mnt/data/user_liangzhiyu/envs/fedcsl/lib/python3.8/site-packages/numpy/core/fromnumeric.py:3432: RuntimeWarning: Mean of empty slice.
  return _methods._mean(a, axis=axis, dtype=dtype,
/mnt/data/user_liangzhiyu/envs/fedcsl/lib/python3.8/site-packages/numpy/core/_methods.py:190: RuntimeWarning: invalid value encountered in double_scalars
  ret = ret.dtype.type(ret / rcount)
/mnt/data/user_liangzhiyu/envs/fedcsl/lib/python3.8/site-packages/numpy/core/fromnumeric.py:3432: RuntimeWarning: Mean of empty slice.
  return _methods._mean(a, axis=axis, dtype=dtype,
/mnt/data/user_liangzhiyu/envs/fedcsl/lib/python3.8/site-packages/numpy/core/_methods.py:190: RuntimeWarning: invalid value encountered in double_scalars
  ret = ret.dtype.type(ret / rcount)
/mnt/data/user_liangzhiyu/envs/fedcsl/lib/python3.8/site-packages/numpy/core/fromnumeric.py:3432: RuntimeWarning: Mean of empty slice.
  return _methods._mean(a, axis=axis, dtype=dtype,
/mnt/data/user_liangzhiyu/envs/fedcsl/lib/python3.8/site-packages/numpy/core/_methods.py:190: RuntimeWarning: invalid value encountered in double_scalars
  ret = ret.dtype.type(ret / rcount)
/mnt/data/user_liangzhiyu/envs/fedcsl/lib/python3.8/site-packages/numpy/core/fromnumeric.py:3432: RuntimeWarning: Mean of empty slice.
  return _methods._mean(a, axis=axis, dtype=dtype,
/mnt/data/user_liangzhiyu/envs/fedcsl/lib/python3.8/site-packages/numpy/core/_methods.py:190: RuntimeWarning: invalid value encountered in double_scalars
  ret = ret.dtype.type(ret / rcount)
/mnt/data/user_liangzhiyu/envs/fedcsl/lib/python3.8/site-packages/numpy/core/fromnumeric.py:3432: RuntimeWarning: Mean of empty slice.
  return _methods._mean(a, axis=axis, dtype=dtype,
/mnt/data/user_liangzhiyu/envs/fedcsl/lib/python3.8/site-packages/numpy/core/_methods.py:190: RuntimeWarning: invalid value encountered in double_scalars
  ret = ret.dtype.type(ret / rcount)
/mnt/data/user_liangzhiyu/envs/fedcsl/lib/python3.8/site-packages/numpy/core/fromnumeric.py:3432: RuntimeWarning: Mean of empty slice.
  return _methods._mean(a, axis=axis, dtype=dtype,
/mnt/data/user_liangzhiyu/envs/fedcsl/lib/python3.8/site-packages/numpy/core/_methods.py:190: RuntimeWarning: invalid value encountered in double_scalars
  ret = ret.dtype.type(ret / rcount)
/mnt/data/user_liangzhiyu/envs/fedcsl/lib/python3.8/site-packages/numpy/core/fromnumeric.py:3432: RuntimeWarning: Mean of empty slice.
  return _methods._mean(a, axis=axis, dtype=dtype,
/mnt/data/user_liangzhiyu/envs/fedcsl/lib/python3.8/site-packages/numpy/core/_methods.py:190: RuntimeWarning: invalid value encountered in double_scalars
  ret = ret.dtype.type(ret / rcount)
/mnt/data/user_liangzhiyu/envs/fedcsl/lib/python3.8/site-packages/numpy/core/fromnumeric.py:3432: RuntimeWarning: Mean of empty slice.
  return _methods._mean(a, axis=axis, dtype=dtype,
/mnt/data/user_liangzhiyu/envs/fedcsl/lib/python3.8/site-packages/numpy/core/_methods.py:190: RuntimeWarning: invalid value encountered in double_scalars
  ret = ret.dtype.type(ret / rcount)
/mnt/data/user_liangzhiyu/envs/fedcsl/lib/python3.8/site-packages/numpy/core/fromnumeric.py:3432: RuntimeWarning: Mean of empty slice.
  return _methods._mean(a, axis=axis, dtype=dtype,
/mnt/data/user_liangzhiyu/envs/fedcsl/lib/python3.8/site-packages/numpy/core/_methods.py:190: RuntimeWarning: invalid value encountered in double_scalars
  ret = ret.dtype.type(ret / rcount)
/mnt/data/user_liangzhiyu/envs/fedcsl/lib/python3.8/site-packages/numpy/core/fromnumeric.py:3432: RuntimeWarning: Mean of empty slice.
  return _methods._mean(a, axis=axis, dtype=dtype,
/mnt/data/user_liangzhiyu/envs/fedcsl/lib/python3.8/site-packages/numpy/core/_methods.py:190: RuntimeWarning: invalid value encountered in double_scalars
  ret = ret.dtype.type(ret / rcount)
/mnt/data/user_liangzhiyu/envs/fedcsl/lib/python3.8/site-packages/numpy/core/fromnumeric.py:3432: RuntimeWarning: Mean of empty slice.
  return _methods._mean(a, axis=axis, dtype=dtype,
/mnt/data/user_liangzhiyu/envs/fedcsl/lib/python3.8/site-packages/numpy/core/_methods.py:190: RuntimeWarning: invalid value encountered in double_scalars
  ret = ret.dtype.type(ret / rcount)
/mnt/data/user_liangzhiyu/envs/fedcsl/lib/python3.8/site-packages/numpy/core/fromnumeric.py:3432: RuntimeWarning: Mean of empty slice.
  return _methods._mean(a, axis=axis, dtype=dtype,
Classification: 1.0 0.4 85
(2, 3)
(5, 3)
(5, 3)
[1.05530355 1.35894069 0.58575576]
Classification: 1.0 0.4 86
(2, 3)
(5, 3)
(5, 3)
[1.05530355 1.35894069 0.58575576]
Classification: 1.0 0.4 87
(2, 3)
(5, 3)
(5, 3)
[1.05530355 1.35894069 0.58575576]
Classification: 1.0 0.4 88
(2, 3)
(5, 3)
(5, 3)
[1.05530355 1.35894069 0.58575576]
Classification: 1.0 0.4 89
(2, 3)
(5, 3)
(5, 3)
[1.05530355 1.35894069 0.58575576]
Classification: 1.0 0.4 90
(2, 3)
(5, 3)
(5, 3)
[1.05530355 1.35894069 0.58575576]
Classification: 1.0 0.4 91
(2, 3)
(5, 3)
(5, 3)
[1.05530355 1.35894069 0.58575576]
Classification: 1.0 0.4 92
(2, 3)
(5, 3)
(5, 3)
[1.05530355 1.35894069 0.58575576]
Classification: 1.0 0.4 93
(2, 3)
(5, 3)
(5, 3)
[1.05530355 1.35894069 0.58575576]
Classification: 1.0 0.4 94
(2, 3)
(5, 3)
(5, 3)
[1.05530355 1.35894069 0.58575576]
Classification: 1.0 0.4 95
(2, 3)
(5, 3)
(5, 3)
[1.05530355 1.35894069 0.58575576]
Classification: 1.0 0.4 96
(2, 3)
(5, 3)
(5, 3)
[1.05530355 1.35894069 0.58575576]
Classification: 1.0 0.4 97
(2, 3)
(5, 3)
(5, 3)
[1.05530355 1.35894069 0.58575576]
Classification: 1.0 0.4 98
(2, 3)
(5, 3)
(5, 3)
[1.05530355 1.35894069 0.58575576]
Classification: 1.0 0.4 99
(2, 3)
(5, 3)
(5, 3)
[1.05530355 1.35894069 0.58575576]
Classification: 1.0 0.4 100
(2, 3)
(5, 3)
(5, 3)
[1.05530355 1.35894069 0.58575576]
Classification: 1.0 0.4 101
(2, 3)
(5, 3)
(5, 3)
[1.05530355 1.35894069 0.58575576]
Classification: 1.0 0.4 102
(2, 3)
(5, 3)
(5, 3)
[1.05530355 1.35894069 0.58575576]
Classification: 1.0 0.4 103
(2, 3)
(5, 3)
(5, 3)
[1.05530355 1.35894069 0.58575576]
Classification: 1.0 0.4 104
(2, 3)
(5, 3)
(5, 3)
[1.05530355 1.35894069 0.58575576]
Classification: 1.0 0.4 105
(2, 3)
(5, 3)
(5, 3)
[1.05530355 1.35894069 0.58575576]
Classification: 1.0 0.4 106
(2, 3)
(5, 3)
(5, 3)
[1.05530355 1.35894069 0.58575576]
Classification: 1.0 0.4 107
(2, 3)
(5, 3)
(5, 3)
[1.05530355 1.35894069 0.58575576]
Classification: 1.0 0.4 108
(2, 3)
(5, 3)
(5, 3)
[1.05530355 1.35894069 0.58575576]
Classification: 1.0 0.4 109
(2, 3)
(5, 3)
(5, 3)
[1.05530355 1.35894069 0.58575576]
Classification: 1.0 0.4 110
(2, 3)
(5, 3)
(5, 3)
[1.05530355 1.35894069 0.58575576]
Classification: 1.0 0.4 111
(2, 3)
(5, 3)
(5, 3)
[1.05530355 1.35894069 0.58575576]
Classification: 1.0 0.4 112
(2, 3)
(5, 3)
(5, 3)
[1.05530355 1.35894069 0.58575576]
Classification: 1.0 0.4 113
(2, 3)
(5, 3)
(5, 3)
[1.05530355 1.35894069 0.58575576]
Classification: 1.0 0.4 114
(2, 3)
(5, 3)
(5, 3)
[1.05530355 1.35894069 0.58575576]
Classification: 1.0 0.4 115
(2, 3)
(5, 3)
(5, 3)
[1.05530355 1.35894069 0.58575576]
Classification: 1.0 0.4 116
(2, 3)
(5, 3)
(5, 3)
[1.05530355 1.35894069 0.58575576]
Classification: 1.0 0.4 117
(2, 3)
(5, 3)
(5, 3)
[1.05530355 1.35894069 0.58575576]
Classification: 1.0 0.4 118
(2, 3)
(5, 3)
(5, 3)
[1.05530355 1.35894069 0.58575576]
Classification: 1.0 0.4 119
(2, 3)
(5, 3)
(5, 3)
[1.05530355 1.35894069 0.58575576]
Classification: 1.0 0.4 120
(2, 3)
(5, 3)
(5, 3)
[1.05530355 1.35894069 0.58575576]
Classification: 1.0 0.4 121
(2, 3)
(5, 3)
(5, 3)
[1.05530355 1.35894069 0.58575576]
Classification: 1.0 0.4 122
(2, 3)
(5, 3)
(5, 3)
[1.05530355 1.35894069 0.58575576]
Classification: 1.0 0.4 123
(2, 3)
(5, 3)
(5, 3)
[1.05530355 1.35894069 0.58575576]
Classification: 1.0 0.4 124
(2, 3)
(5, 3)
(5, 3)
[1.05530355 1.35894069 0.58575576]
Classification: 1.0 0.4 125
(2, 3)
(5, 3)
(5, 3)
[1.05530355 1.35894069 0.58575576]
Classification: 1.0 0.4 126
(2, 3)
(5, 3)
(5, 3)
[1.05530355 1.35894069 0.58575576]
Classification: 1.0 0.4 127
(2, 3)
(5, 3)
(5, 3)
[1.05530355 1.35894069 0.58575576]
Classification: 1.0 0.4 128
(2, 3)
(5, 3)
(5, 3)
[1.05530355 1.35894069 0.58575576]
Classification: 1.0 0.4 129
(2, 3)
(5, 3)
(5, 3)
[1.05530355 1.35894069 0.58575576]
Classification: 1.0 0.4 130
(2, 3)
(5, 3)
(5, 3)
[1.05530355 1.35894069 0.58575576]
Classification: 1.0 0.4 131
(2, 3)
(5, 3)
(5, 3)
[1.05530355 1.35894069 0.58575576]
Classification: 1.0 0.4 132
(2, 3)
(5, 3)
(5, 3)
[1.05530355 1.35894069 0.58575576]
Classification: 1.0 0.4 133
(2, 3)
(5, 3)
(5, 3)
[1.05530355 1.35894069 0.58575576]
Classification: 1.0 0.4 134
(2, 3)
(5, 3)
(5, 3)
[1.05530355 1.35894069 0.58575576]
Classification: 1.0 0.4 135
(2, 3)
(5, 3)
(5, 3)
[1.05530355 1.35894069 0.58575576]
Classification: 1.0 0.4 136
(2, 3)
(5, 3)
(5, 3)
[1.05530355 1.35894069 0.58575576]
Classification: 1.0 0.4 137
(2, 3)
(5, 3)
(5, 3)
[1.05530355 1.35894069 0.58575576]
Classification: 1.0 0.4 138
(2, 3)
(5, 3)
(5, 3)
[1.05530355 1.35894069 0.58575576]
Classification: 1.0 0.4 139
(2, 3)
(5, 3)
(5, 3)
[1.05530355 1.35894069 0.58575576]
Classification: 1.0 0.4 140
(2, 3)
(5, 3)
(5, 3)
[1.05530355 1.35894069 0.58575576]
Classification: 1.0 0.4 141
(2, 3)
(5, 3)
(5, 3)
[1.05530355 1.35894069 0.58575576]
Classification: 1.0 0.4 142
(2, 3)
(5, 3)
(5, 3)
[1.05530355 1.35894069 0.58575576]
Classification: 1.0 0.4 143
(2, 3)
(5, 3)
(5, 3)
[1.05530355 1.35894069 0.58575576]
Classification: 1.0 0.4 144
(2, 3)
(5, 3)
(5, 3)
[1.05530355 1.35894069 0.58575576]
Classification: 1.0 0.4 145
(2, 3)
(5, 3)
(5, 3)
[1.05530355 1.35894069 0.58575576]
Classification: 1.0 0.4 146
(2, 3)
(5, 3)
(5, 3)
[1.05530355 1.35894069 0.58575576]
Classification: 1.0 0.4 147
(2, 3)
(5, 3)
(5, 3)
[1.05530355 1.35894069 0.58575576]
Classification: 1.0 0.4 148
(2, 3)
(5, 3)
(5, 3)
[1.05530355 1.35894069 0.58575576]
Classification: 1.0 0.4 149
(2, 3)
(5, 3)
(5, 3)
[1.05530355 1.35894069 0.58575576]
Classification: 1.0 0.4 150
(2, 3)
(5, 3)
(5, 3)
[1.05530355 1.35894069 0.58575576]
Classification: 1.0 0.4 151
(2, 3)
(5, 3)
(5, 3)
[1.05530355 1.35894069 0.58575576]
Classification: 1.0 0.4 152
(2, 3)
(5, 3)
(5, 3)
[1.05530355 1.35894069 0.58575576]
Classification: 1.0 0.4 153
(2, 3)
(5, 3)
(5, 3)
[1.05530355 1.35894069 0.58575576]
Classification: 1.0 0.4 154
(2, 3)
(5, 3)
(5, 3)
[1.05530355 1.35894069 0.58575576]
Classification: 1.0 0.4 155
(2, 3)
(5, 3)
(5, 3)
[1.05530355 1.35894069 0.58575576]
Classification: 1.0 0.4 156
(2, 3)
(5, 3)
(5, 3)
[1.05530355 1.35894069 0.58575576]
Classification: 1.0 0.4 157
(2, 3)
(5, 3)
(5, 3)
[1.05530355 1.35894069 0.58575576]
Classification: 1.0 0.4 158
(2, 3)
(5, 3)
(5, 3)
[1.05530355 1.35894069 0.58575576]
Classification: 1.0 0.4 159
(2, 3)
(5, 3)
(5, 3)
[1.05530355 1.35894069 0.58575576]
Classification: 1.0 0.4 160
(2, 3)
(5, 3)
(5, 3)
[1.05530355 1.35894069 0.58575576]
Classification: 1.0 0.4 161
(2, 3)
(5, 3)
(5, 3)
[1.05530355 1.35894069 0.58575576]
Classification: 1.0 0.4 162
(2, 3)
(5, 3)
(5, 3)
[1.05530355 1.35894069 0.58575576]
Classification: 1.0 0.4 163
(2, 3)
(5, 3)
(5, 3)
[1.05530355 1.35894069 0.58575576]
Classification: 1.0 0.4 164
(2, 3)
(5, 3)
(5, 3)
[1.05530355 1.35894069 0.58575576]
Classification: 1.0 0.4 165
(2, 3)
(5, 3)
(5, 3)
[1.05530355 1.35894069 0.58575576]
Classification: 1.0 0.4 166
(2, 3)
(5, 3)
(5, 3)
[1.05530355 1.35894069 0.58575576]
Classification: 1.0 0.4 167
(2, 3)
(5, 3)
(5, 3)
[1.05530355 1.35894069 0.58575576]
Classification: 1.0 0.4 168
(2, 3)
(5, 3)
(5, 3)
[1.05530355 1.35894069 0.58575576]
Classification: 1.0 0.4 169
(2, 3)
(5, 3)
(5, 3)
[1.05530355 1.35894069 0.58575576]
Classification: 1.0 0.4 170
(2, 3)
(5, 3)
(5, 3)
[1.05530355 1.35894069 0.58575576]
Classification: 1.0 0.4 171
(2, 3)
(5, 3)
(5, 3)
[1.05530355 1.35894069 0.58575576]
Classification: 1.0 0.4 172
(2, 3)
(5, 3)
(5, 3)
[1.05530355 1.35894069 0.58575576]
Classification: 1.0 0.4 173
(2, 3)
(5, 3)
(5, 3)
[1.05530355 1.35894069 0.58575576]
Classification: 1.0 0.4 174
(2, 3)
(5, 3)
(5, 3)
[1.05530355 1.35894069 0.58575576]
Classification: 1.0 0.4 175
(2, 3)
(5, 3)
(5, 3)
[1.05530355 1.35894069 0.58575576]
Classification: 1.0 0.4 176
(2, 3)
(5, 3)
(5, 3)
[1.05530355 1.35894069 0.58575576]
Classification: 1.0 0.4 177
(2, 3)
(5, 3)
(5, 3)
[1.05530355 1.35894069 0.58575576]
Classification: 1.0 0.4 178
(2, 3)
(5, 3)
(5, 3)
[1.05530355 1.35894069 0.58575576]
Classification: 1.0 0.4 179
(2, 3)
(5, 3)
(5, 3)
[1.05530355 1.35894069 0.58575576]
Classification: 1.0 0.4 180
(2, 3)
(5, 3)
(5, 3)
[1.05530355 1.35894069 0.58575576]
Classification: 1.0 0.4 181
(2, 3)
(5, 3)
(5, 3)
[1.05530355 1.35894069 0.58575576]
Classification: 1.0 0.4 182
(2, 3)
(5, 3)
(5, 3)
/mnt/data/user_liangzhiyu/envs/fedcsl/lib/python3.8/site-packages/numpy/core/_methods.py:190: RuntimeWarning: invalid value encountered in double_scalars
  ret = ret.dtype.type(ret / rcount)
/mnt/data/user_liangzhiyu/envs/fedcsl/lib/python3.8/site-packages/numpy/core/fromnumeric.py:3432: RuntimeWarning: Mean of empty slice.
  return _methods._mean(a, axis=axis, dtype=dtype,
/mnt/data/user_liangzhiyu/envs/fedcsl/lib/python3.8/site-packages/numpy/core/_methods.py:190: RuntimeWarning: invalid value encountered in double_scalars
  ret = ret.dtype.type(ret / rcount)
/mnt/data/user_liangzhiyu/envs/fedcsl/lib/python3.8/site-packages/numpy/core/fromnumeric.py:3432: RuntimeWarning: Mean of empty slice.
  return _methods._mean(a, axis=axis, dtype=dtype,
/mnt/data/user_liangzhiyu/envs/fedcsl/lib/python3.8/site-packages/numpy/core/_methods.py:190: RuntimeWarning: invalid value encountered in double_scalars
  ret = ret.dtype.type(ret / rcount)
/mnt/data/user_liangzhiyu/envs/fedcsl/lib/python3.8/site-packages/numpy/core/fromnumeric.py:3432: RuntimeWarning: Mean of empty slice.
  return _methods._mean(a, axis=axis, dtype=dtype,
/mnt/data/user_liangzhiyu/envs/fedcsl/lib/python3.8/site-packages/numpy/core/_methods.py:190: RuntimeWarning: invalid value encountered in double_scalars
  ret = ret.dtype.type(ret / rcount)
/mnt/data/user_liangzhiyu/envs/fedcsl/lib/python3.8/site-packages/numpy/core/fromnumeric.py:3432: RuntimeWarning: Mean of empty slice.
  return _methods._mean(a, axis=axis, dtype=dtype,
/mnt/data/user_liangzhiyu/envs/fedcsl/lib/python3.8/site-packages/numpy/core/_methods.py:190: RuntimeWarning: invalid value encountered in double_scalars
  ret = ret.dtype.type(ret / rcount)
/mnt/data/user_liangzhiyu/envs/fedcsl/lib/python3.8/site-packages/numpy/core/fromnumeric.py:3432: RuntimeWarning: Mean of empty slice.
  return _methods._mean(a, axis=axis, dtype=dtype,
/mnt/data/user_liangzhiyu/envs/fedcsl/lib/python3.8/site-packages/numpy/core/_methods.py:190: RuntimeWarning: invalid value encountered in double_scalars
  ret = ret.dtype.type(ret / rcount)
/mnt/data/user_liangzhiyu/envs/fedcsl/lib/python3.8/site-packages/numpy/core/fromnumeric.py:3432: RuntimeWarning: Mean of empty slice.
  return _methods._mean(a, axis=axis, dtype=dtype,
/mnt/data/user_liangzhiyu/envs/fedcsl/lib/python3.8/site-packages/numpy/core/_methods.py:190: RuntimeWarning: invalid value encountered in double_scalars
  ret = ret.dtype.type(ret / rcount)
/mnt/data/user_liangzhiyu/envs/fedcsl/lib/python3.8/site-packages/numpy/core/fromnumeric.py:3432: RuntimeWarning: Mean of empty slice.
  return _methods._mean(a, axis=axis, dtype=dtype,
/mnt/data/user_liangzhiyu/envs/fedcsl/lib/python3.8/site-packages/numpy/core/_methods.py:190: RuntimeWarning: invalid value encountered in double_scalars
  ret = ret.dtype.type(ret / rcount)
/mnt/data/user_liangzhiyu/envs/fedcsl/lib/python3.8/site-packages/numpy/core/fromnumeric.py:3432: RuntimeWarning: Mean of empty slice.
  return _methods._mean(a, axis=axis, dtype=dtype,
/mnt/data/user_liangzhiyu/envs/fedcsl/lib/python3.8/site-packages/numpy/core/_methods.py:190: RuntimeWarning: invalid value encountered in double_scalars
  ret = ret.dtype.type(ret / rcount)
/mnt/data/user_liangzhiyu/envs/fedcsl/lib/python3.8/site-packages/numpy/core/fromnumeric.py:3432: RuntimeWarning: Mean of empty slice.
  return _methods._mean(a, axis=axis, dtype=dtype,
/mnt/data/user_liangzhiyu/envs/fedcsl/lib/python3.8/site-packages/numpy/core/_methods.py:190: RuntimeWarning: invalid value encountered in double_scalars
  ret = ret.dtype.type(ret / rcount)
/mnt/data/user_liangzhiyu/envs/fedcsl/lib/python3.8/site-packages/numpy/core/fromnumeric.py:3432: RuntimeWarning: Mean of empty slice.
  return _methods._mean(a, axis=axis, dtype=dtype,
/mnt/data/user_liangzhiyu/envs/fedcsl/lib/python3.8/site-packages/numpy/core/_methods.py:190: RuntimeWarning: invalid value encountered in double_scalars
  ret = ret.dtype.type(ret / rcount)
/mnt/data/user_liangzhiyu/envs/fedcsl/lib/python3.8/site-packages/numpy/core/fromnumeric.py:3432: RuntimeWarning: Mean of empty slice.
  return _methods._mean(a, axis=axis, dtype=dtype,
/mnt/data/user_liangzhiyu/envs/fedcsl/lib/python3.8/site-packages/numpy/core/_methods.py:190: RuntimeWarning: invalid value encountered in double_scalars
  ret = ret.dtype.type(ret / rcount)
/mnt/data/user_liangzhiyu/envs/fedcsl/lib/python3.8/site-packages/numpy/core/fromnumeric.py:3432: RuntimeWarning: Mean of empty slice.
  return _methods._mean(a, axis=axis, dtype=dtype,
/mnt/data/user_liangzhiyu/envs/fedcsl/lib/python3.8/site-packages/numpy/core/_methods.py:190: RuntimeWarning: invalid value encountered in double_scalars
  ret = ret.dtype.type(ret / rcount)
/mnt/data/user_liangzhiyu/envs/fedcsl/lib/python3.8/site-packages/numpy/core/fromnumeric.py:3432: RuntimeWarning: Mean of empty slice.
  return _methods._mean(a, axis=axis, dtype=dtype,
/mnt/data/user_liangzhiyu/envs/fedcsl/lib/python3.8/site-packages/numpy/core/_methods.py:190: RuntimeWarning: invalid value encountered in double_scalars
  ret = ret.dtype.type(ret / rcount)
/mnt/data/user_liangzhiyu/envs/fedcsl/lib/python3.8/site-packages/numpy/core/fromnumeric.py:3432: RuntimeWarning: Mean of empty slice.
  return _methods._mean(a, axis=axis, dtype=dtype,
/mnt/data/user_liangzhiyu/envs/fedcsl/lib/python3.8/site-packages/numpy/core/_methods.py:190: RuntimeWarning: invalid value encountered in double_scalars
  ret = ret.dtype.type(ret / rcount)
/mnt/data/user_liangzhiyu/envs/fedcsl/lib/python3.8/site-packages/numpy/core/fromnumeric.py:3432: RuntimeWarning: Mean of empty slice.
  return _methods._mean(a, axis=axis, dtype=dtype,
/mnt/data/user_liangzhiyu/envs/fedcsl/lib/python3.8/site-packages/numpy/core/_methods.py:190: RuntimeWarning: invalid value encountered in double_scalars
  ret = ret.dtype.type(ret / rcount)
/mnt/data/user_liangzhiyu/envs/fedcsl/lib/python3.8/site-packages/numpy/core/fromnumeric.py:3432: RuntimeWarning: Mean of empty slice.
  return _methods._mean(a, axis=axis, dtype=dtype,
/mnt/data/user_liangzhiyu/envs/fedcsl/lib/python3.8/site-packages/numpy/core/_methods.py:190: RuntimeWarning: invalid value encountered in double_scalars
  ret = ret.dtype.type(ret / rcount)
/mnt/data/user_liangzhiyu/envs/fedcsl/lib/python3.8/site-packages/numpy/core/fromnumeric.py:3432: RuntimeWarning: Mean of empty slice.
  return _methods._mean(a, axis=axis, dtype=dtype,
/mnt/data/user_liangzhiyu/envs/fedcsl/lib/python3.8/site-packages/numpy/core/_methods.py:190: RuntimeWarning: invalid value encountered in double_scalars
  ret = ret.dtype.type(ret / rcount)
/mnt/data/user_liangzhiyu/envs/fedcsl/lib/python3.8/site-packages/numpy/core/fromnumeric.py:3432: RuntimeWarning: Mean of empty slice.
  return _methods._mean(a, axis=axis, dtype=dtype,
/mnt/data/user_liangzhiyu/envs/fedcsl/lib/python3.8/site-packages/numpy/core/_methods.py:190: RuntimeWarning: invalid value encountered in double_scalars
  ret = ret.dtype.type(ret / rcount)
/mnt/data/user_liangzhiyu/envs/fedcsl/lib/python3.8/site-packages/numpy/core/fromnumeric.py:3432: RuntimeWarning: Mean of empty slice.
  return _methods._mean(a, axis=axis, dtype=dtype,
/mnt/data/user_liangzhiyu/envs/fedcsl/lib/python3.8/site-packages/numpy/core/_methods.py:190: RuntimeWarning: invalid value encountered in double_scalars
  ret = ret.dtype.type(ret / rcount)
/mnt/data/user_liangzhiyu/envs/fedcsl/lib/python3.8/site-packages/numpy/core/fromnumeric.py:3432: RuntimeWarning: Mean of empty slice.
  return _methods._mean(a, axis=axis, dtype=dtype,
/mnt/data/user_liangzhiyu/envs/fedcsl/lib/python3.8/site-packages/numpy/core/_methods.py:190: RuntimeWarning: invalid value encountered in double_scalars
  ret = ret.dtype.type(ret / rcount)
/mnt/data/user_liangzhiyu/envs/fedcsl/lib/python3.8/site-packages/numpy/core/fromnumeric.py:3432: RuntimeWarning: Mean of empty slice.
  return _methods._mean(a, axis=axis, dtype=dtype,
/mnt/data/user_liangzhiyu/envs/fedcsl/lib/python3.8/site-packages/numpy/core/_methods.py:190: RuntimeWarning: invalid value encountered in double_scalars
  ret = ret.dtype.type(ret / rcount)
/mnt/data/user_liangzhiyu/envs/fedcsl/lib/python3.8/site-packages/numpy/core/fromnumeric.py:3432: RuntimeWarning: Mean of empty slice.
  return _methods._mean(a, axis=axis, dtype=dtype,
/mnt/data/user_liangzhiyu/envs/fedcsl/lib/python3.8/site-packages/numpy/core/_methods.py:190: RuntimeWarning: invalid value encountered in double_scalars
  ret = ret.dtype.type(ret / rcount)
/mnt/data/user_liangzhiyu/envs/fedcsl/lib/python3.8/site-packages/numpy/core/fromnumeric.py:3432: RuntimeWarning: Mean of empty slice.
  return _methods._mean(a, axis=axis, dtype=dtype,
/mnt/data/user_liangzhiyu/envs/fedcsl/lib/python3.8/site-packages/numpy/core/_methods.py:190: RuntimeWarning: invalid value encountered in double_scalars
  ret = ret.dtype.type(ret / rcount)
/mnt/data/user_liangzhiyu/envs/fedcsl/lib/python3.8/site-packages/numpy/core/fromnumeric.py:3432: RuntimeWarning: Mean of empty slice.
  return _methods._mean(a, axis=axis, dtype=dtype,
/mnt/data/user_liangzhiyu/envs/fedcsl/lib/python3.8/site-packages/numpy/core/_methods.py:190: RuntimeWarning: invalid value encountered in double_scalars
  ret = ret.dtype.type(ret / rcount)
/mnt/data/user_liangzhiyu/envs/fedcsl/lib/python3.8/site-packages/numpy/core/fromnumeric.py:3432: RuntimeWarning: Mean of empty slice.
  return _methods._mean(a, axis=axis, dtype=dtype,
/mnt/data/user_liangzhiyu/envs/fedcsl/lib/python3.8/site-packages/numpy/core/_methods.py:190: RuntimeWarning: invalid value encountered in double_scalars
  ret = ret.dtype.type(ret / rcount)
/mnt/data/user_liangzhiyu/envs/fedcsl/lib/python3.8/site-packages/numpy/core/fromnumeric.py:3432: RuntimeWarning: Mean of empty slice.
  return _methods._mean(a, axis=axis, dtype=dtype,
/mnt/data/user_liangzhiyu/envs/fedcsl/lib/python3.8/site-packages/numpy/core/_methods.py:190: RuntimeWarning: invalid value encountered in double_scalars
  ret = ret.dtype.type(ret / rcount)
/mnt/data/user_liangzhiyu/envs/fedcsl/lib/python3.8/site-packages/numpy/core/fromnumeric.py:3432: RuntimeWarning: Mean of empty slice.
  return _methods._mean(a, axis=axis, dtype=dtype,
/mnt/data/user_liangzhiyu/envs/fedcsl/lib/python3.8/site-packages/numpy/core/_methods.py:190: RuntimeWarning: invalid value encountered in double_scalars
  ret = ret.dtype.type(ret / rcount)
/mnt/data/user_liangzhiyu/envs/fedcsl/lib/python3.8/site-packages/numpy/core/fromnumeric.py:3432: RuntimeWarning: Mean of empty slice.
  return _methods._mean(a, axis=axis, dtype=dtype,
/mnt/data/user_liangzhiyu/envs/fedcsl/lib/python3.8/site-packages/numpy/core/_methods.py:190: RuntimeWarning: invalid value encountered in double_scalars
  ret = ret.dtype.type(ret / rcount)
/mnt/data/user_liangzhiyu/envs/fedcsl/lib/python3.8/site-packages/numpy/core/fromnumeric.py:3432: RuntimeWarning: Mean of empty slice.
  return _methods._mean(a, axis=axis, dtype=dtype,
/mnt/data/user_liangzhiyu/envs/fedcsl/lib/python3.8/site-packages/numpy/core/_methods.py:190: RuntimeWarning: invalid value encountered in double_scalars
  ret = ret.dtype.type(ret / rcount)
/mnt/data/user_liangzhiyu/envs/fedcsl/lib/python3.8/site-packages/numpy/core/fromnumeric.py:3432: RuntimeWarning: Mean of empty slice.
  return _methods._mean(a, axis=axis, dtype=dtype,
/mnt/data/user_liangzhiyu/envs/fedcsl/lib/python3.8/site-packages/numpy/core/_methods.py:190: RuntimeWarning: invalid value encountered in double_scalars
  ret = ret.dtype.type(ret / rcount)
/mnt/data/user_liangzhiyu/envs/fedcsl/lib/python3.8/site-packages/numpy/core/fromnumeric.py:3432: RuntimeWarning: Mean of empty slice.
  return _methods._mean(a, axis=axis, dtype=dtype,
/mnt/data/user_liangzhiyu/envs/fedcsl/lib/python3.8/site-packages/numpy/core/_methods.py:190: RuntimeWarning: invalid value encountered in double_scalars
  ret = ret.dtype.type(ret / rcount)
/mnt/data/user_liangzhiyu/envs/fedcsl/lib/python3.8/site-packages/numpy/core/fromnumeric.py:3432: RuntimeWarning: Mean of empty slice.
  return _methods._mean(a, axis=axis, dtype=dtype,
/mnt/data/user_liangzhiyu/envs/fedcsl/lib/python3.8/site-packages/numpy/core/_methods.py:190: RuntimeWarning: invalid value encountered in double_scalars
  ret = ret.dtype.type(ret / rcount)
/mnt/data/user_liangzhiyu/envs/fedcsl/lib/python3.8/site-packages/numpy/core/fromnumeric.py:3432: RuntimeWarning: Mean of empty slice.
  return _methods._mean(a, axis=axis, dtype=dtype,
/mnt/data/user_liangzhiyu/envs/fedcsl/lib/python3.8/site-packages/numpy/core/_methods.py:190: RuntimeWarning: invalid value encountered in double_scalars
  ret = ret.dtype.type(ret / rcount)
/mnt/data/user_liangzhiyu/envs/fedcsl/lib/python3.8/site-packages/numpy/core/fromnumeric.py:3432: RuntimeWarning: Mean of empty slice.
  return _methods._mean(a, axis=axis, dtype=dtype,
/mnt/data/user_liangzhiyu/envs/fedcsl/lib/python3.8/site-packages/numpy/core/_methods.py:190: RuntimeWarning: invalid value encountered in double_scalars
  ret = ret.dtype.type(ret / rcount)
/mnt/data/user_liangzhiyu/envs/fedcsl/lib/python3.8/site-packages/numpy/core/fromnumeric.py:3432: RuntimeWarning: Mean of empty slice.
  return _methods._mean(a, axis=axis, dtype=dtype,
/mnt/data/user_liangzhiyu/envs/fedcsl/lib/python3.8/site-packages/numpy/core/_methods.py:190: RuntimeWarning: invalid value encountered in double_scalars
  ret = ret.dtype.type(ret / rcount)
/mnt/data/user_liangzhiyu/envs/fedcsl/lib/python3.8/site-packages/numpy/core/fromnumeric.py:3432: RuntimeWarning: Mean of empty slice.
  return _methods._mean(a, axis=axis, dtype=dtype,
/mnt/data/user_liangzhiyu/envs/fedcsl/lib/python3.8/site-packages/numpy/core/_methods.py:190: RuntimeWarning: invalid value encountered in double_scalars
  ret = ret.dtype.type(ret / rcount)
/mnt/data/user_liangzhiyu/envs/fedcsl/lib/python3.8/site-packages/numpy/core/fromnumeric.py:3432: RuntimeWarning: Mean of empty slice.
  return _methods._mean(a, axis=axis, dtype=dtype,
/mnt/data/user_liangzhiyu/envs/fedcsl/lib/python3.8/site-packages/numpy/core/_methods.py:190: RuntimeWarning: invalid value encountered in double_scalars
  ret = ret.dtype.type(ret / rcount)
/mnt/data/user_liangzhiyu/envs/fedcsl/lib/python3.8/site-packages/numpy/core/fromnumeric.py:3432: RuntimeWarning: Mean of empty slice.
  return _methods._mean(a, axis=axis, dtype=dtype,
/mnt/data/user_liangzhiyu/envs/fedcsl/lib/python3.8/site-packages/numpy/core/_methods.py:190: RuntimeWarning: invalid value encountered in double_scalars
  ret = ret.dtype.type(ret / rcount)
/mnt/data/user_liangzhiyu/envs/fedcsl/lib/python3.8/site-packages/numpy/core/fromnumeric.py:3432: RuntimeWarning: Mean of empty slice.
  return _methods._mean(a, axis=axis, dtype=dtype,
/mnt/data/user_liangzhiyu/envs/fedcsl/lib/python3.8/site-packages/numpy/core/_methods.py:190: RuntimeWarning: invalid value encountered in double_scalars
  ret = ret.dtype.type(ret / rcount)
/mnt/data/user_liangzhiyu/envs/fedcsl/lib/python3.8/site-packages/numpy/core/fromnumeric.py:3432: RuntimeWarning: Mean of empty slice.
  return _methods._mean(a, axis=axis, dtype=dtype,
/mnt/data/user_liangzhiyu/envs/fedcsl/lib/python3.8/site-packages/numpy/core/_methods.py:190: RuntimeWarning: invalid value encountered in double_scalars
  ret = ret.dtype.type(ret / rcount)
/mnt/data/user_liangzhiyu/envs/fedcsl/lib/python3.8/site-packages/numpy/core/fromnumeric.py:3432: RuntimeWarning: Mean of empty slice.
  return _methods._mean(a, axis=axis, dtype=dtype,
/mnt/data/user_liangzhiyu/envs/fedcsl/lib/python3.8/site-packages/numpy/core/_methods.py:190: RuntimeWarning: invalid value encountered in double_scalars
  ret = ret.dtype.type(ret / rcount)
/mnt/data/user_liangzhiyu/envs/fedcsl/lib/python3.8/site-packages/numpy/core/fromnumeric.py:3432: RuntimeWarning: Mean of empty slice.
  return _methods._mean(a, axis=axis, dtype=dtype,
/mnt/data/user_liangzhiyu/envs/fedcsl/lib/python3.8/site-packages/numpy/core/_methods.py:190: RuntimeWarning: invalid value encountered in double_scalars
  ret = ret.dtype.type(ret / rcount)
/mnt/data/user_liangzhiyu/envs/fedcsl/lib/python3.8/site-packages/numpy/core/fromnumeric.py:3432: RuntimeWarning: Mean of empty slice.
  return _methods._mean(a, axis=axis, dtype=dtype,
/mnt/data/user_liangzhiyu/envs/fedcsl/lib/python3.8/site-packages/numpy/core/_methods.py:190: RuntimeWarning: invalid value encountered in double_scalars
  ret = ret.dtype.type(ret / rcount)
/mnt/data/user_liangzhiyu/envs/fedcsl/lib/python3.8/site-packages/numpy/core/fromnumeric.py:3432: RuntimeWarning: Mean of empty slice.
  return _methods._mean(a, axis=axis, dtype=dtype,
/mnt/data/user_liangzhiyu/envs/fedcsl/lib/python3.8/site-packages/numpy/core/_methods.py:190: RuntimeWarning: invalid value encountered in double_scalars
  ret = ret.dtype.type(ret / rcount)
/mnt/data/user_liangzhiyu/envs/fedcsl/lib/python3.8/site-packages/numpy/core/fromnumeric.py:3432: RuntimeWarning: Mean of empty slice.
  return _methods._mean(a, axis=axis, dtype=dtype,
/mnt/data/user_liangzhiyu/envs/fedcsl/lib/python3.8/site-packages/numpy/core/_methods.py:190: RuntimeWarning: invalid value encountered in double_scalars
  ret = ret.dtype.type(ret / rcount)
/mnt/data/user_liangzhiyu/envs/fedcsl/lib/python3.8/site-packages/numpy/core/fromnumeric.py:3432: RuntimeWarning: Mean of empty slice.
  return _methods._mean(a, axis=axis, dtype=dtype,
/mnt/data/user_liangzhiyu/envs/fedcsl/lib/python3.8/site-packages/numpy/core/_methods.py:190: RuntimeWarning: invalid value encountered in double_scalars
  ret = ret.dtype.type(ret / rcount)
/mnt/data/user_liangzhiyu/envs/fedcsl/lib/python3.8/site-packages/numpy/core/fromnumeric.py:3432: RuntimeWarning: Mean of empty slice.
  return _methods._mean(a, axis=axis, dtype=dtype,
/mnt/data/user_liangzhiyu/envs/fedcsl/lib/python3.8/site-packages/numpy/core/_methods.py:190: RuntimeWarning: invalid value encountered in double_scalars
  ret = ret.dtype.type(ret / rcount)
/mnt/data/user_liangzhiyu/envs/fedcsl/lib/python3.8/site-packages/numpy/core/fromnumeric.py:3432: RuntimeWarning: Mean of empty slice.
  return _methods._mean(a, axis=axis, dtype=dtype,
/mnt/data/user_liangzhiyu/envs/fedcsl/lib/python3.8/site-packages/numpy/core/_methods.py:190: RuntimeWarning: invalid value encountered in double_scalars
  ret = ret.dtype.type(ret / rcount)
/mnt/data/user_liangzhiyu/envs/fedcsl/lib/python3.8/site-packages/numpy/core/fromnumeric.py:3432: RuntimeWarning: Mean of empty slice.
  return _methods._mean(a, axis=axis, dtype=dtype,
/mnt/data/user_liangzhiyu/envs/fedcsl/lib/python3.8/site-packages/numpy/core/_methods.py:190: RuntimeWarning: invalid value encountered in double_scalars
  ret = ret.dtype.type(ret / rcount)
/mnt/data/user_liangzhiyu/envs/fedcsl/lib/python3.8/site-packages/numpy/core/fromnumeric.py:3432: RuntimeWarning: Mean of empty slice.
  return _methods._mean(a, axis=axis, dtype=dtype,
/mnt/data/user_liangzhiyu/envs/fedcsl/lib/python3.8/site-packages/numpy/core/_methods.py:190: RuntimeWarning: invalid value encountered in double_scalars
  ret = ret.dtype.type(ret / rcount)
/mnt/data/user_liangzhiyu/envs/fedcsl/lib/python3.8/site-packages/numpy/core/fromnumeric.py:3432: RuntimeWarning: Mean of empty slice.
  return _methods._mean(a, axis=axis, dtype=dtype,
/mnt/data/user_liangzhiyu/envs/fedcsl/lib/python3.8/site-packages/numpy/core/_methods.py:190: RuntimeWarning: invalid value encountered in double_scalars
  ret = ret.dtype.type(ret / rcount)
/mnt/data/user_liangzhiyu/envs/fedcsl/lib/python3.8/site-packages/numpy/core/fromnumeric.py:3432: RuntimeWarning: Mean of empty slice.
  return _methods._mean(a, axis=axis, dtype=dtype,
/mnt/data/user_liangzhiyu/envs/fedcsl/lib/python3.8/site-packages/numpy/core/_methods.py:190: RuntimeWarning: invalid value encountered in double_scalars
  ret = ret.dtype.type(ret / rcount)
/mnt/data/user_liangzhiyu/envs/fedcsl/lib/python3.8/site-packages/numpy/core/fromnumeric.py:3432: RuntimeWarning: Mean of empty slice.
  return _methods._mean(a, axis=axis, dtype=dtype,
/mnt/data/user_liangzhiyu/envs/fedcsl/lib/python3.8/site-packages/numpy/core/_methods.py:190: RuntimeWarning: invalid value encountered in double_scalars
  ret = ret.dtype.type(ret / rcount)
/mnt/data/user_liangzhiyu/envs/fedcsl/lib/python3.8/site-packages/numpy/core/fromnumeric.py:3432: RuntimeWarning: Mean of empty slice.
  return _methods._mean(a, axis=axis, dtype=dtype,
/mnt/data/user_liangzhiyu/envs/fedcsl/lib/python3.8/site-packages/numpy/core/_methods.py:190: RuntimeWarning: invalid value encountered in double_scalars
  ret = ret.dtype.type(ret / rcount)
/mnt/data/user_liangzhiyu/envs/fedcsl/lib/python3.8/site-packages/numpy/core/fromnumeric.py:3432: RuntimeWarning: Mean of empty slice.
  return _methods._mean(a, axis=axis, dtype=dtype,
/mnt/data/user_liangzhiyu/envs/fedcsl/lib/python3.8/site-packages/numpy/core/_methods.py:190: RuntimeWarning: invalid value encountered in double_scalars
  ret = ret.dtype.type(ret / rcount)
/mnt/data/user_liangzhiyu/envs/fedcsl/lib/python3.8/site-packages/numpy/core/fromnumeric.py:3432: RuntimeWarning: Mean of empty slice.
  return _methods._mean(a, axis=axis, dtype=dtype,
/mnt/data/user_liangzhiyu/envs/fedcsl/lib/python3.8/site-packages/numpy/core/_methods.py:190: RuntimeWarning: invalid value encountered in double_scalars
  ret = ret.dtype.type(ret / rcount)
/mnt/data/user_liangzhiyu/envs/fedcsl/lib/python3.8/site-packages/numpy/core/fromnumeric.py:3432: RuntimeWarning: Mean of empty slice.
  return _methods._mean(a, axis=axis, dtype=dtype,
/mnt/data/user_liangzhiyu/envs/fedcsl/lib/python3.8/site-packages/numpy/core/_methods.py:190: RuntimeWarning: invalid value encountered in double_scalars
  ret = ret.dtype.type(ret / rcount)
/mnt/data/user_liangzhiyu/envs/fedcsl/lib/python3.8/site-packages/numpy/core/fromnumeric.py:3432: RuntimeWarning: Mean of empty slice.
  return _methods._mean(a, axis=axis, dtype=dtype,
/mnt/data/user_liangzhiyu/envs/fedcsl/lib/python3.8/site-packages/numpy/core/_methods.py:190: RuntimeWarning: invalid value encountered in double_scalars
  ret = ret.dtype.type(ret / rcount)
/mnt/data/user_liangzhiyu/envs/fedcsl/lib/python3.8/site-packages/numpy/core/fromnumeric.py:3432: RuntimeWarning: Mean of empty slice.
  return _methods._mean(a, axis=axis, dtype=dtype,
/mnt/data/user_liangzhiyu/envs/fedcsl/lib/python3.8/site-packages/numpy/core/_methods.py:190: RuntimeWarning: invalid value encountered in double_scalars
  ret = ret.dtype.type(ret / rcount)
/mnt/data/user_liangzhiyu/envs/fedcsl/lib/python3.8/site-packages/numpy/core/fromnumeric.py:3432: RuntimeWarning: Mean of empty slice.
  return _methods._mean(a, axis=axis, dtype=dtype,
/mnt/data/user_liangzhiyu/envs/fedcsl/lib/python3.8/site-packages/numpy/core/_methods.py:190: RuntimeWarning: invalid value encountered in double_scalars
  ret = ret.dtype.type(ret / rcount)
/mnt/data/user_liangzhiyu/envs/fedcsl/lib/python3.8/site-packages/numpy/core/fromnumeric.py:3432: RuntimeWarning: Mean of empty slice.
  return _methods._mean(a, axis=axis, dtype=dtype,
/mnt/data/user_liangzhiyu/envs/fedcsl/lib/python3.8/site-packages/numpy/core/_methods.py:190: RuntimeWarning: invalid value encountered in double_scalars
  ret = ret.dtype.type(ret / rcount)
/mnt/data/user_liangzhiyu/envs/fedcsl/lib/python3.8/site-packages/numpy/core/fromnumeric.py:3432: RuntimeWarning: Mean of empty slice.
  return _methods._mean(a, axis=axis, dtype=dtype,
/mnt/data/user_liangzhiyu/envs/fedcsl/lib/python3.8/site-packages/numpy/core/_methods.py:190: RuntimeWarning: invalid value encountered in double_scalars
  ret = ret.dtype.type(ret / rcount)
/mnt/data/user_liangzhiyu/envs/fedcsl/lib/python3.8/site-packages/numpy/core/fromnumeric.py:3432: RuntimeWarning: Mean of empty slice.
  return _methods._mean(a, axis=axis, dtype=dtype,
/mnt/data/user_liangzhiyu/envs/fedcsl/lib/python3.8/site-packages/numpy/core/_methods.py:190: RuntimeWarning: invalid value encountered in double_scalars
  ret = ret.dtype.type(ret / rcount)
/mnt/data/user_liangzhiyu/envs/fedcsl/lib/python3.8/site-packages/numpy/core/fromnumeric.py:3432: RuntimeWarning: Mean of empty slice.
  return _methods._mean(a, axis=axis, dtype=dtype,
/mnt/data/user_liangzhiyu/envs/fedcsl/lib/python3.8/site-packages/numpy/core/_methods.py:190: RuntimeWarning: invalid value encountered in double_scalars
  ret = ret.dtype.type(ret / rcount)
/mnt/data/user_liangzhiyu/envs/fedcsl/lib/python3.8/site-packages/numpy/core/fromnumeric.py:3432: RuntimeWarning: Mean of empty slice.
  return _methods._mean(a, axis=axis, dtype=dtype,
/mnt/data/user_liangzhiyu/envs/fedcsl/lib/python3.8/site-packages/numpy/core/_methods.py:190: RuntimeWarning: invalid value encountered in double_scalars
  ret = ret.dtype.type(ret / rcount)
/mnt/data/user_liangzhiyu/envs/fedcsl/lib/python3.8/site-packages/numpy/core/fromnumeric.py:3432: RuntimeWarning: Mean of empty slice.
  return _methods._mean(a, axis=axis, dtype=dtype,
/mnt/data/user_liangzhiyu/envs/fedcsl/lib/python3.8/site-packages/numpy/core/_methods.py:190: RuntimeWarning: invalid value encountered in double_scalars
  ret = ret.dtype.type(ret / rcount)
/mnt/data/user_liangzhiyu/envs/fedcsl/lib/python3.8/site-packages/numpy/core/fromnumeric.py:3432: RuntimeWarning: Mean of empty slice.
  return _methods._mean(a, axis=axis, dtype=dtype,
/mnt/data/user_liangzhiyu/envs/fedcsl/lib/python3.8/site-packages/numpy/core/_methods.py:190: RuntimeWarning: invalid value encountered in double_scalars
  ret = ret.dtype.type(ret / rcount)
/mnt/data/user_liangzhiyu/envs/fedcsl/lib/python3.8/site-packages/numpy/core/fromnumeric.py:3432: RuntimeWarning: Mean of empty slice.
  return _methods._mean(a, axis=axis, dtype=dtype,
/mnt/data/user_liangzhiyu/envs/fedcsl/lib/python3.8/site-packages/numpy/core/_methods.py:190: RuntimeWarning: invalid value encountered in double_scalars
  ret = ret.dtype.type(ret / rcount)
/mnt/data/user_liangzhiyu/envs/fedcsl/lib/python3.8/site-packages/numpy/core/fromnumeric.py:3432: RuntimeWarning: Mean of empty slice.
  return _methods._mean(a, axis=axis, dtype=dtype,
/mnt/data/user_liangzhiyu/envs/fedcsl/lib/python3.8/site-packages/numpy/core/_methods.py:190: RuntimeWarning: invalid value encountered in double_scalars
  ret = ret.dtype.type(ret / rcount)
/mnt/data/user_liangzhiyu/envs/fedcsl/lib/python3.8/site-packages/numpy/core/fromnumeric.py:3432: RuntimeWarning: Mean of empty slice.
  return _methods._mean(a, axis=axis, dtype=dtype,
/mnt/data/user_liangzhiyu/envs/fedcsl/lib/python3.8/site-packages/numpy/core/_methods.py:190: RuntimeWarning: invalid value encountered in double_scalars
  ret = ret.dtype.type(ret / rcount)
/mnt/data/user_liangzhiyu/envs/fedcsl/lib/python3.8/site-packages/numpy/core/fromnumeric.py:3432: RuntimeWarning: Mean of empty slice.
  return _methods._mean(a, axis=axis, dtype=dtype,
/mnt/data/user_liangzhiyu/envs/fedcsl/lib/python3.8/site-packages/numpy/core/_methods.py:190: RuntimeWarning: invalid value encountered in double_scalars
  ret = ret.dtype.type(ret / rcount)
/mnt/data/user_liangzhiyu/envs/fedcsl/lib/python3.8/site-packages/numpy/core/fromnumeric.py:3432: RuntimeWarning: Mean of empty slice.
  return _methods._mean(a, axis=axis, dtype=dtype,
/mnt/data/user_liangzhiyu/envs/fedcsl/lib/python3.8/site-packages/numpy/core/_methods.py:190: RuntimeWarning: invalid value encountered in double_scalars
  ret = ret.dtype.type(ret / rcount)
/mnt/data/user_liangzhiyu/envs/fedcsl/lib/python3.8/site-packages/numpy/core/fromnumeric.py:3432: RuntimeWarning: Mean of empty slice.
  return _methods._mean(a, axis=axis, dtype=dtype,
/mnt/data/user_liangzhiyu/envs/fedcsl/lib/python3.8/site-packages/numpy/core/_methods.py:190: RuntimeWarning: invalid value encountered in double_scalars
  ret = ret.dtype.type(ret / rcount)
/mnt/data/user_liangzhiyu/envs/fedcsl/lib/python3.8/site-packages/numpy/core/fromnumeric.py:3432: RuntimeWarning: Mean of empty slice.
  return _methods._mean(a, axis=axis, dtype=dtype,
/mnt/data/user_liangzhiyu/envs/fedcsl/lib/python3.8/site-packages/numpy/core/_methods.py:190: RuntimeWarning: invalid value encountered in double_scalars
  ret = ret.dtype.type(ret / rcount)
/mnt/data/user_liangzhiyu/envs/fedcsl/lib/python3.8/site-packages/numpy/core/fromnumeric.py:3432: RuntimeWarning: Mean of empty slice.
  return _methods._mean(a, axis=axis, dtype=dtype,
/mnt/data/user_liangzhiyu/envs/fedcsl/lib/python3.8/site-packages/numpy/core/_methods.py:190: RuntimeWarning: invalid value encountered in double_scalars
  ret = ret.dtype.type(ret / rcount)
/mnt/data/user_liangzhiyu/envs/fedcsl/lib/python3.8/site-packages/numpy/core/fromnumeric.py:3432: RuntimeWarning: Mean of empty slice.
  return _methods._mean(a, axis=axis, dtype=dtype,
/mnt/data/user_liangzhiyu/envs/fedcsl/lib/python3.8/site-packages/numpy/core/_methods.py:190: RuntimeWarning: invalid value encountered in double_scalars
  ret = ret.dtype.type(ret / rcount)
/mnt/data/user_liangzhiyu/envs/fedcsl/lib/python3.8/site-packages/numpy/core/fromnumeric.py:3432: RuntimeWarning: Mean of empty slice.
  return _methods._mean(a, axis=axis, dtype=dtype,
/mnt/data/user_liangzhiyu/envs/fedcsl/lib/python3.8/site-packages/numpy/core/_methods.py:190: RuntimeWarning: invalid value encountered in double_scalars
  ret = ret.dtype.type(ret / rcount)
/mnt/data/user_liangzhiyu/envs/fedcsl/lib/python3.8/site-packages/numpy/core/fromnumeric.py:3432: RuntimeWarning: Mean of empty slice.
  return _methods._mean(a, axis=axis, dtype=dtype,
/mnt/data/user_liangzhiyu/envs/fedcsl/lib/python3.8/site-packages/numpy/core/_methods.py:190: RuntimeWarning: invalid value encountered in double_scalars
  ret = ret.dtype.type(ret / rcount)
/mnt/data/user_liangzhiyu/envs/fedcsl/lib/python3.8/site-packages/numpy/core/fromnumeric.py:3432: RuntimeWarning: Mean of empty slice.
  return _methods._mean(a, axis=axis, dtype=dtype,
/mnt/data/user_liangzhiyu/envs/fedcsl/lib/python3.8/site-packages/numpy/core/_methods.py:190: RuntimeWarning: invalid value encountered in double_scalars
  ret = ret.dtype.type(ret / rcount)
/mnt/data/user_liangzhiyu/envs/fedcsl/lib/python3.8/site-packages/numpy/core/fromnumeric.py:3432: RuntimeWarning: Mean of empty slice.
  return _methods._mean(a, axis=axis, dtype=dtype,
/mnt/data/user_liangzhiyu/envs/fedcsl/lib/python3.8/site-packages/numpy/core/_methods.py:190: RuntimeWarning: invalid value encountered in double_scalars
  ret = ret.dtype.type(ret / rcount)
/mnt/data/user_liangzhiyu/envs/fedcsl/lib/python3.8/site-packages/numpy/core/fromnumeric.py:3432: RuntimeWarning: Mean of empty slice.
  return _methods._mean(a, axis=axis, dtype=dtype,
/mnt/data/user_liangzhiyu/envs/fedcsl/lib/python3.8/site-packages/numpy/core/_methods.py:190: RuntimeWarning: invalid value encountered in double_scalars
  ret = ret.dtype.type(ret / rcount)
/mnt/data/user_liangzhiyu/envs/fedcsl/lib/python3.8/site-packages/numpy/core/fromnumeric.py:3432: RuntimeWarning: Mean of empty slice.
  return _methods._mean(a, axis=axis, dtype=dtype,
/mnt/data/user_liangzhiyu/envs/fedcsl/lib/python3.8/site-packages/numpy/core/_methods.py:190: RuntimeWarning: invalid value encountered in double_scalars
  ret = ret.dtype.type(ret / rcount)
/mnt/data/user_liangzhiyu/envs/fedcsl/lib/python3.8/site-packages/numpy/core/fromnumeric.py:3432: RuntimeWarning: Mean of empty slice.
  return _methods._mean(a, axis=axis, dtype=dtype,
/mnt/data/user_liangzhiyu/envs/fedcsl/lib/python3.8/site-packages/numpy/core/_methods.py:190: RuntimeWarning: invalid value encountered in double_scalars
  ret = ret.dtype.type(ret / rcount)
/mnt/data/user_liangzhiyu/envs/fedcsl/lib/python3.8/site-packages/numpy/core/fromnumeric.py:3432: RuntimeWarning: Mean of empty slice.
  return _methods._mean(a, axis=axis, dtype=dtype,
/mnt/data/user_liangzhiyu/envs/fedcsl/lib/python3.8/site-packages/numpy/core/_methods.py:190: RuntimeWarning: invalid value encountered in double_scalars
  ret = ret.dtype.type(ret / rcount)
/mnt/data/user_liangzhiyu/envs/fedcsl/lib/python3.8/site-packages/numpy/core/fromnumeric.py:3432: RuntimeWarning: Mean of empty slice.
  return _methods._mean(a, axis=axis, dtype=dtype,
/mnt/data/user_liangzhiyu/envs/fedcsl/lib/python3.8/site-packages/numpy/core/_methods.py:190: RuntimeWarning: invalid value encountered in double_scalars
  ret = ret.dtype.type(ret / rcount)
/mnt/data/user_liangzhiyu/envs/fedcsl/lib/python3.8/site-packages/numpy/core/fromnumeric.py:3432: RuntimeWarning: Mean of empty slice.
  return _methods._mean(a, axis=axis, dtype=dtype,
/mnt/data/user_liangzhiyu/envs/fedcsl/lib/python3.8/site-packages/numpy/core/_methods.py:190: RuntimeWarning: invalid value encountered in double_scalars
  ret = ret.dtype.type(ret / rcount)
/mnt/data/user_liangzhiyu/envs/fedcsl/lib/python3.8/site-packages/numpy/core/fromnumeric.py:3432: RuntimeWarning: Mean of empty slice.
  return _methods._mean(a, axis=axis, dtype=dtype,
/mnt/data/user_liangzhiyu/envs/fedcsl/lib/python3.8/site-packages/numpy/core/_methods.py:190: RuntimeWarning: invalid value encountered in double_scalars
  ret = ret.dtype.type(ret / rcount)
/mnt/data/user_liangzhiyu/envs/fedcsl/lib/python3.8/site-packages/numpy/core/fromnumeric.py:3432: RuntimeWarning: Mean of empty slice.
  return _methods._mean(a, axis=axis, dtype=dtype,
/mnt/data/user_liangzhiyu/envs/fedcsl/lib/python3.8/site-packages/numpy/core/_methods.py:190: RuntimeWarning: invalid value encountered in double_scalars
  ret = ret.dtype.type(ret / rcount)
/mnt/data/user_liangzhiyu/envs/fedcsl/lib/python3.8/site-packages/numpy/core/fromnumeric.py:3432: RuntimeWarning: Mean of empty slice.
  return _methods._mean(a, axis=axis, dtype=dtype,
/mnt/data/user_liangzhiyu/envs/fedcsl/lib/python3.8/site-packages/numpy/core/_methods.py:190: RuntimeWarning: invalid value encountered in double_scalars
  ret = ret.dtype.type(ret / rcount)
/mnt/data/user_liangzhiyu/envs/fedcsl/lib/python3.8/site-packages/numpy/core/fromnumeric.py:3432: RuntimeWarning: Mean of empty slice.
  return _methods._mean(a, axis=axis, dtype=dtype,
/mnt/data/user_liangzhiyu/envs/fedcsl/lib/python3.8/site-packages/numpy/core/_methods.py:190: RuntimeWarning: invalid value encountered in double_scalars
  ret = ret.dtype.type(ret / rcount)
/mnt/data/user_liangzhiyu/envs/fedcsl/lib/python3.8/site-packages/numpy/core/fromnumeric.py:3432: RuntimeWarning: Mean of empty slice.
  return _methods._mean(a, axis=axis, dtype=dtype,
/mnt/data/user_liangzhiyu/envs/fedcsl/lib/python3.8/site-packages/numpy/core/_methods.py:190: RuntimeWarning: invalid value encountered in double_scalars
  ret = ret.dtype.type(ret / rcount)
/mnt/data/user_liangzhiyu/envs/fedcsl/lib/python3.8/site-packages/numpy/core/fromnumeric.py:3432: RuntimeWarning: Mean of empty slice.
  return _methods._mean(a, axis=axis, dtype=dtype,
/mnt/data/user_liangzhiyu/envs/fedcsl/lib/python3.8/site-packages/numpy/core/_methods.py:190: RuntimeWarning: invalid value encountered in double_scalars
  ret = ret.dtype.type(ret / rcount)
/mnt/data/user_liangzhiyu/envs/fedcsl/lib/python3.8/site-packages/numpy/core/fromnumeric.py:3432: RuntimeWarning: Mean of empty slice.
  return _methods._mean(a, axis=axis, dtype=dtype,
/mnt/data/user_liangzhiyu/envs/fedcsl/lib/python3.8/site-packages/numpy/core/_methods.py:190: RuntimeWarning: invalid value encountered in double_scalars
  ret = ret.dtype.type(ret / rcount)
/mnt/data/user_liangzhiyu/envs/fedcsl/lib/python3.8/site-packages/numpy/core/fromnumeric.py:3432: RuntimeWarning: Mean of empty slice.
  return _methods._mean(a, axis=axis, dtype=dtype,
/mnt/data/user_liangzhiyu/envs/fedcsl/lib/python3.8/site-packages/numpy/core/_methods.py:190: RuntimeWarning: invalid value encountered in double_scalars
  ret = ret.dtype.type(ret / rcount)
/mnt/data/user_liangzhiyu/envs/fedcsl/lib/python3.8/site-packages/numpy/core/fromnumeric.py:3432: RuntimeWarning: Mean of empty slice.
  return _methods._mean(a, axis=axis, dtype=dtype,
/mnt/data/user_liangzhiyu/envs/fedcsl/lib/python3.8/site-packages/numpy/core/_methods.py:190: RuntimeWarning: invalid value encountered in double_scalars
  ret = ret.dtype.type(ret / rcount)
/mnt/data/user_liangzhiyu/envs/fedcsl/lib/python3.8/site-packages/numpy/core/fromnumeric.py:3432: RuntimeWarning: Mean of empty slice.
  return _methods._mean(a, axis=axis, dtype=dtype,
/mnt/data/user_liangzhiyu/envs/fedcsl/lib/python3.8/site-packages/numpy/core/_methods.py:190: RuntimeWarning: invalid value encountered in double_scalars
  ret = ret.dtype.type(ret / rcount)
/mnt/data/user_liangzhiyu/envs/fedcsl/lib/python3.8/site-packages/numpy/core/fromnumeric.py:3432: RuntimeWarning: Mean of empty slice.
  return _methods._mean(a, axis=axis, dtype=dtype,
/mnt/data/user_liangzhiyu/envs/fedcsl/lib/python3.8/site-packages/numpy/core/_methods.py:190: RuntimeWarning: invalid value encountered in double_scalars
  ret = ret.dtype.type(ret / rcount)
/mnt/data/user_liangzhiyu/envs/fedcsl/lib/python3.8/site-packages/numpy/core/fromnumeric.py:3432: RuntimeWarning: Mean of empty slice.
  return _methods._mean(a, axis=axis, dtype=dtype,
/mnt/data/user_liangzhiyu/envs/fedcsl/lib/python3.8/site-packages/numpy/core/_methods.py:190: RuntimeWarning: invalid value encountered in double_scalars
  ret = ret.dtype.type(ret / rcount)
/mnt/data/user_liangzhiyu/envs/fedcsl/lib/python3.8/site-packages/numpy/core/fromnumeric.py:3432: RuntimeWarning: Mean of empty slice.
  return _methods._mean(a, axis=axis, dtype=dtype,
/mnt/data/user_liangzhiyu/envs/fedcsl/lib/python3.8/site-packages/numpy/core/_methods.py:190: RuntimeWarning: invalid value encountered in double_scalars
  ret = ret.dtype.type(ret / rcount)
/mnt/data/user_liangzhiyu/envs/fedcsl/lib/python3.8/site-packages/numpy/core/fromnumeric.py:3432: RuntimeWarning: Mean of empty slice.
  return _methods._mean(a, axis=axis, dtype=dtype,
/mnt/data/user_liangzhiyu/envs/fedcsl/lib/python3.8/site-packages/numpy/core/_methods.py:190: RuntimeWarning: invalid value encountered in double_scalars
  ret = ret.dtype.type(ret / rcount)
/mnt/data/user_liangzhiyu/envs/fedcsl/lib/python3.8/site-packages/numpy/core/fromnumeric.py:3432: RuntimeWarning: Mean of empty slice.
  return _methods._mean(a, axis=axis, dtype=dtype,
/mnt/data/user_liangzhiyu/envs/fedcsl/lib/python3.8/site-packages/numpy/core/_methods.py:190: RuntimeWarning: invalid value encountered in double_scalars
  ret = ret.dtype.type(ret / rcount)
/mnt/data/user_liangzhiyu/envs/fedcsl/lib/python3.8/site-packages/numpy/core/fromnumeric.py:3432: RuntimeWarning: Mean of empty slice.
  return _methods._mean(a, axis=axis, dtype=dtype,
/mnt/data/user_liangzhiyu/envs/fedcsl/lib/python3.8/site-packages/numpy/core/_methods.py:190: RuntimeWarning: invalid value encountered in double_scalars
  ret = ret.dtype.type(ret / rcount)
/mnt/data/user_liangzhiyu/envs/fedcsl/lib/python3.8/site-packages/numpy/core/fromnumeric.py:3432: RuntimeWarning: Mean of empty slice.
  return _methods._mean(a, axis=axis, dtype=dtype,
/mnt/data/user_liangzhiyu/envs/fedcsl/lib/python3.8/site-packages/numpy/core/_methods.py:190: RuntimeWarning: invalid value encountered in double_scalars
  ret = ret.dtype.type(ret / rcount)
/mnt/data/user_liangzhiyu/envs/fedcsl/lib/python3.8/site-packages/numpy/core/fromnumeric.py:3432: RuntimeWarning: Mean of empty slice.
  return _methods._mean(a, axis=axis, dtype=dtype,
/mnt/data/user_liangzhiyu/envs/fedcsl/lib/python3.8/site-packages/numpy/core/_methods.py:190: RuntimeWarning: invalid value encountered in double_scalars
  ret = ret.dtype.type(ret / rcount)
/mnt/data/user_liangzhiyu/envs/fedcsl/lib/python3.8/site-packages/numpy/core/fromnumeric.py:3432: RuntimeWarning: Mean of empty slice.
  return _methods._mean(a, axis=axis, dtype=dtype,
/mnt/data/user_liangzhiyu/envs/fedcsl/lib/python3.8/site-packages/numpy/core/_methods.py:190: RuntimeWarning: invalid value encountered in double_scalars
  ret = ret.dtype.type(ret / rcount)
/mnt/data/user_liangzhiyu/envs/fedcsl/lib/python3.8/site-packages/numpy/core/fromnumeric.py:3432: RuntimeWarning: Mean of empty slice.
  return _methods._mean(a, axis=axis, dtype=dtype,
/mnt/data/user_liangzhiyu/envs/fedcsl/lib/python3.8/site-packages/numpy/core/_methods.py:190: RuntimeWarning: invalid value encountered in double_scalars
  ret = ret.dtype.type(ret / rcount)
/mnt/data/user_liangzhiyu/envs/fedcsl/lib/python3.8/site-packages/numpy/core/fromnumeric.py:3432: RuntimeWarning: Mean of empty slice.
  return _methods._mean(a, axis=axis, dtype=dtype,
/mnt/data/user_liangzhiyu/envs/fedcsl/lib/python3.8/site-packages/numpy/core/_methods.py:190: RuntimeWarning: invalid value encountered in double_scalars
  ret = ret.dtype.type(ret / rcount)
[1.05530355 1.35894069 0.58575576]
Classification: 1.0 0.4 183
(2, 3)
(5, 3)
(5, 3)
[1.05530355 1.35894069 0.58575576]
Classification: 1.0 0.4 184
(2, 3)
(5, 3)
(5, 3)
[1.05530355 1.35894069 0.58575576]
Classification: 1.0 0.4 185
(2, 3)
(5, 3)
(5, 3)
[1.05530355 1.35894069 0.58575576]
Classification: 1.0 0.4 186
(2, 3)
(5, 3)
(5, 3)
[1.05530355 1.35894069 0.58575576]
Classification: 1.0 0.4 187
(2, 3)
(5, 3)
(5, 3)
[1.05530355 1.35894069 0.58575576]
Classification: 1.0 0.4 188
(2, 3)
(5, 3)
(5, 3)
[1.05530355 1.35894069 0.58575576]
Classification: 1.0 0.4 189
(2, 3)
(5, 3)
(5, 3)
[1.05530355 1.35894069 0.58575576]
Classification: 1.0 0.4 190
(2, 3)
(5, 3)
(5, 3)
[1.05530355 1.35894069 0.58575576]
Classification: 1.0 0.4 191
(2, 3)
(5, 3)
(5, 3)
[1.05530355 1.35894069 0.58575576]
Classification: 1.0 0.4 192
(2, 3)
(5, 3)
(5, 3)
[1.05530355 1.35894069 0.58575576]
Classification: 1.0 0.4 193
(2, 3)
(5, 3)
(5, 3)
[1.05530355 1.35894069 0.58575576]
Classification: 1.0 0.4 194
(2, 3)
(5, 3)
(5, 3)
[1.05530355 1.35894069 0.58575576]
Classification: 1.0 0.4 195
(2, 3)
(5, 3)
(5, 3)
[1.05530355 1.35894069 0.58575576]
Classification: 1.0 0.4 196
(2, 3)
(5, 3)
(5, 3)
[1.05530355 1.35894069 0.58575576]
Classification: 1.0 0.4 197
(2, 3)
(5, 3)
(5, 3)
[1.05530355 1.35894069 0.58575576]
Classification: 1.0 0.4 198
(2, 3)
(5, 3)
(5, 3)
[1.05530355 1.35894069 0.58575576]
Classification: 1.0 0.4 199
(2, 3)
(5, 3)
(5, 3)
[1.05530355 1.35894069 0.58575576]
Classification: 1.0 0.4 200
(2, 3)
(5, 3)
(5, 3)
[1.05530355 1.35894069 0.58575576]
Classification: 1.0 0.4 201
(2, 3)
(5, 3)
(5, 3)
[1.05530355 1.35894069 0.58575576]
Classification: 1.0 0.4 202
(2, 3)
(5, 3)
(5, 3)
[1.05530355 1.35894069 0.58575576]
Classification: 1.0 0.4 203
(2, 3)
(5, 3)
(5, 3)
[1.05530355 1.35894069 0.58575576]
Classification: 1.0 0.4 204
(2, 3)
(5, 3)
(5, 3)
[1.05530355 1.35894069 0.58575576]
Classification: 1.0 0.4 205
(2, 3)
(5, 3)
(5, 3)
[1.05530355 1.35894069 0.58575576]
Classification: 1.0 0.4 206
(2, 3)
(5, 3)
(5, 3)
[1.05530355 1.35894069 0.58575576]
Classification: 1.0 0.4 207
(2, 3)
(5, 3)
(5, 3)
[1.05530355 1.35894069 0.58575576]
Classification: 1.0 0.4 208
(2, 3)
(5, 3)
(5, 3)
[1.05530355 1.35894069 0.58575576]
Classification: 1.0 0.4 209
(2, 3)
(5, 3)
(5, 3)
[1.05530355 1.35894069 0.58575576]
Classification: 1.0 0.4 210
(2, 3)
(5, 3)
(5, 3)
[1.05530355 1.35894069 0.58575576]
Classification: 1.0 0.4 211
(2, 3)
(5, 3)
(5, 3)
[1.05530355 1.35894069 0.58575576]
Classification: 1.0 0.4 212
(2, 3)
(5, 3)
(5, 3)
[1.05530355 1.35894069 0.58575576]
Classification: 1.0 0.4 213
(2, 3)
(5, 3)
(5, 3)
[1.05530355 1.35894069 0.58575576]
Classification: 1.0 0.4 214
(2, 3)
(5, 3)
(5, 3)
[1.05530355 1.35894069 0.58575576]
Classification: 1.0 0.4 215
(2, 3)
(5, 3)
(5, 3)
[1.05530355 1.35894069 0.58575576]
Classification: 1.0 0.4 216
(2, 3)
(5, 3)
(5, 3)
[1.05530355 1.35894069 0.58575576]
Classification: 1.0 0.4 217
(2, 3)
(5, 3)
(5, 3)
[1.05530355 1.35894069 0.58575576]
Classification: 1.0 0.4 218
(2, 3)
(5, 3)
(5, 3)
[1.05530355 1.35894069 0.58575576]
Classification: 1.0 0.4 219
(2, 3)
(5, 3)
(5, 3)
[1.05530355 1.35894069 0.58575576]
Classification: 1.0 0.4 220
(2, 3)
(5, 3)
(5, 3)
[1.05530355 1.35894069 0.58575576]
Classification: 1.0 0.4 221
(2, 3)
(5, 3)
(5, 3)
[1.05530355 1.35894069 0.58575576]
Classification: 1.0 0.4 222
(2, 3)
(5, 3)
(5, 3)
[1.05530355 1.35894069 0.58575576]
Classification: 1.0 0.4 223
(2, 3)
(5, 3)
(5, 3)
[1.05530355 1.35894069 0.58575576]
Classification: 1.0 0.4 224
(2, 3)
(5, 3)
(5, 3)
[1.05530355 1.35894069 0.58575576]
Classification: 1.0 0.4 225
(2, 3)
(5, 3)
(5, 3)
[1.05530355 1.35894069 0.58575576]
Classification: 1.0 0.4 226
(2, 3)
(5, 3)
(5, 3)
[1.05530355 1.35894069 0.58575576]
Classification: 1.0 0.4 227
(2, 3)
(5, 3)
(5, 3)
[1.05530355 1.35894069 0.58575576]
Classification: 1.0 0.4 228
(2, 3)
(5, 3)
(5, 3)
[1.05530355 1.35894069 0.58575576]
Classification: 1.0 0.4 229
(2, 3)
(5, 3)
(5, 3)
[1.05530355 1.35894069 0.58575576]
Classification: 1.0 0.4 230
(2, 3)
(5, 3)
(5, 3)
[1.05530355 1.35894069 0.58575576]
Classification: 1.0 0.4 231
(2, 3)
(5, 3)
(5, 3)
[1.05530355 1.35894069 0.58575576]
Classification: 1.0 0.4 232
(2, 3)
(5, 3)
(5, 3)
[1.05530355 1.35894069 0.58575576]
Classification: 1.0 0.4 233
(2, 3)
(5, 3)
(5, 3)
[1.05530355 1.35894069 0.58575576]
Classification: 1.0 0.4 234
(2, 3)
(5, 3)
(5, 3)
[1.05530355 1.35894069 0.58575576]
Classification: 1.0 0.4 235
(2, 3)
(5, 3)
(5, 3)
[1.05530355 1.35894069 0.58575576]
Classification: 1.0 0.4 236
(2, 3)
(5, 3)
(5, 3)
[1.05530355 1.35894069 0.58575576]
Classification: 1.0 0.4 237
(2, 3)
(5, 3)
(5, 3)
[1.05530355 1.35894069 0.58575576]
Classification: 1.0 0.4 238
(2, 3)
(5, 3)
(5, 3)
[1.05530355 1.35894069 0.58575576]
Classification: 1.0 0.4 239
(2, 3)
(5, 3)
(5, 3)
[1.05530355 1.35894069 0.58575576]
Classification: 1.0 0.4 240
(2, 3)
(5, 3)
(5, 3)
[1.05530355 1.35894069 0.58575576]
Classification: 1.0 0.4 241
(2, 3)
(5, 3)
(5, 3)
[1.05530355 1.35894069 0.58575576]
Classification: 1.0 0.4 242
(2, 3)
(5, 3)
(5, 3)
[1.05530355 1.35894069 0.58575576]
Classification: 1.0 0.4 243
(2, 3)
(5, 3)
(5, 3)
[1.05530355 1.35894069 0.58575576]
Classification: 1.0 0.4 244
(2, 3)
(5, 3)
(5, 3)
[1.05530355 1.35894069 0.58575576]
Classification: 1.0 0.4 245
(2, 3)
(5, 3)
(5, 3)
[1.05530355 1.35894069 0.58575576]
Classification: 1.0 0.4 246
(2, 3)
(5, 3)
(5, 3)
[1.05530355 1.35894069 0.58575576]
Classification: 1.0 0.4 247
(2, 3)
(5, 3)
(5, 3)
[1.05530355 1.35894069 0.58575576]
Classification: 1.0 0.4 248
(2, 3)
(5, 3)
(5, 3)
[1.05530355 1.35894069 0.58575576]
Classification: 1.0 0.4 249
(2, 3)
(5, 3)
(5, 3)
[1.05530355 1.35894069 0.58575576]
Classification: 1.0 0.4 250
(2, 3)
(5, 3)
(5, 3)
[1.05530355 1.35894069 0.58575576]
Classification: 1.0 0.4 251
(2, 3)
(5, 3)
(5, 3)
[1.05530355 1.35894069 0.58575576]
Classification: 1.0 0.4 252
(2, 3)
(5, 3)
(5, 3)
[1.05530355 1.35894069 0.58575576]
Classification: 1.0 0.4 253
(2, 3)
(5, 3)
(5, 3)
[1.05530355 1.35894069 0.58575576]
Classification: 1.0 0.4 254
(2, 3)
(5, 3)
(5, 3)
[1.05530355 1.35894069 0.58575576]
Classification: 1.0 0.4 255
(2, 3)
(5, 3)
(5, 3)
[1.05530355 1.35894069 0.58575576]
Classification: 1.0 0.4 256
(2, 3)
(5, 3)
(5, 3)
[1.05530355 1.35894069 0.58575576]
Classification: 1.0 0.4 257
(2, 3)
(5, 3)
(5, 3)
[1.05530355 1.35894069 0.58575576]
Classification: 1.0 0.4 258
(2, 3)
(5, 3)
(5, 3)
[1.05530355 1.35894069 0.58575576]
Classification: 1.0 0.4 259
(2, 3)
(5, 3)
(5, 3)
[1.05530355 1.35894069 0.58575576]
Classification: 1.0 0.4 260
(2, 3)
(5, 3)
(5, 3)
[1.05530355 1.35894069 0.58575576]
Classification: 1.0 0.4 261
(2, 3)
(5, 3)
(5, 3)
[1.05530355 1.35894069 0.58575576]
Classification: 1.0 0.4 262
(2, 3)
(5, 3)
(5, 3)
[1.05530355 1.35894069 0.58575576]
Classification: 1.0 0.4 263
(2, 3)
(5, 3)
(5, 3)
[1.05530355 1.35894069 0.58575576]
Classification: 1.0 0.4 264
(2, 3)
(5, 3)
(5, 3)
[1.05530355 1.35894069 0.58575576]
Classification: 1.0 0.4 265
(2, 3)
(5, 3)
(5, 3)
[1.05530355 1.35894069 0.58575576]
Classification: 1.0 0.4 266
(2, 3)
(5, 3)
(5, 3)
[1.05530355 1.35894069 0.58575576]
Classification: 1.0 0.4 267
(2, 3)
(5, 3)
(5, 3)
[1.05530355 1.35894069 0.58575576]
Classification: 1.0 0.4 268
(2, 3)
(5, 3)
(5, 3)
[1.05530355 1.35894069 0.58575576]
Classification: 1.0 0.4 269
(2, 3)
(5, 3)
(5, 3)
[1.05530355 1.35894069 0.58575576]
Classification: 1.0 0.4 270
(2, 3)
(5, 3)
(5, 3)
[1.05530355 1.35894069 0.58575576]
Classification: 1.0 0.4 271
(2, 3)
(5, 3)
(5, 3)
[1.05530355 1.35894069 0.58575576]
Classification: 1.0 0.4 272
(2, 3)
(5, 3)
(5, 3)
[1.05530355 1.35894069 0.58575576]
Classification: 1.0 0.4 273
(2, 3)
(5, 3)
(5, 3)
[1.05530355 1.35894069 0.58575576]
Classification: 1.0 0.4 274
(2, 3)
(5, 3)
(5, 3)
[1.05530355 1.35894069 0.58575576]
Classification: 1.0 0.4 275
(2, 3)
(5, 3)
(5, 3)
[1.05530355 1.35894069 0.58575576]
Classification: 1.0 0.4 276
(2, 3)
(5, 3)
(5, 3)
[1.05530355 1.35894069 0.58575576]
Classification: 1.0 0.4 277
(2, 3)
(5, 3)
(5, 3)
[1.05530355 1.35894069 0.58575576]
Classification: 1.0 0.4 278
(2, 3)
(5, 3)
(5, 3)
[1.05530355 1.35894069 0.58575576]
Classification: 1.0 0.4 279
(2, 3)
(5, 3)
(5, 3)
[1.05530355 1.35894069 0.58575576]
/mnt/data/user_liangzhiyu/envs/fedcsl/lib/python3.8/site-packages/numpy/core/fromnumeric.py:3432: RuntimeWarning: Mean of empty slice.
  return _methods._mean(a, axis=axis, dtype=dtype,
/mnt/data/user_liangzhiyu/envs/fedcsl/lib/python3.8/site-packages/numpy/core/_methods.py:190: RuntimeWarning: invalid value encountered in double_scalars
  ret = ret.dtype.type(ret / rcount)
/mnt/data/user_liangzhiyu/envs/fedcsl/lib/python3.8/site-packages/numpy/core/fromnumeric.py:3432: RuntimeWarning: Mean of empty slice.
  return _methods._mean(a, axis=axis, dtype=dtype,
/mnt/data/user_liangzhiyu/envs/fedcsl/lib/python3.8/site-packages/numpy/core/_methods.py:190: RuntimeWarning: invalid value encountered in double_scalars
  ret = ret.dtype.type(ret / rcount)
/mnt/data/user_liangzhiyu/envs/fedcsl/lib/python3.8/site-packages/numpy/core/fromnumeric.py:3432: RuntimeWarning: Mean of empty slice.
  return _methods._mean(a, axis=axis, dtype=dtype,
/mnt/data/user_liangzhiyu/envs/fedcsl/lib/python3.8/site-packages/numpy/core/_methods.py:190: RuntimeWarning: invalid value encountered in double_scalars
  ret = ret.dtype.type(ret / rcount)
/mnt/data/user_liangzhiyu/envs/fedcsl/lib/python3.8/site-packages/numpy/core/fromnumeric.py:3432: RuntimeWarning: Mean of empty slice.
  return _methods._mean(a, axis=axis, dtype=dtype,
/mnt/data/user_liangzhiyu/envs/fedcsl/lib/python3.8/site-packages/numpy/core/_methods.py:190: RuntimeWarning: invalid value encountered in double_scalars
  ret = ret.dtype.type(ret / rcount)
/mnt/data/user_liangzhiyu/envs/fedcsl/lib/python3.8/site-packages/numpy/core/fromnumeric.py:3432: RuntimeWarning: Mean of empty slice.
  return _methods._mean(a, axis=axis, dtype=dtype,
/mnt/data/user_liangzhiyu/envs/fedcsl/lib/python3.8/site-packages/numpy/core/_methods.py:190: RuntimeWarning: invalid value encountered in double_scalars
  ret = ret.dtype.type(ret / rcount)
/mnt/data/user_liangzhiyu/envs/fedcsl/lib/python3.8/site-packages/numpy/core/fromnumeric.py:3432: RuntimeWarning: Mean of empty slice.
  return _methods._mean(a, axis=axis, dtype=dtype,
/mnt/data/user_liangzhiyu/envs/fedcsl/lib/python3.8/site-packages/numpy/core/_methods.py:190: RuntimeWarning: invalid value encountered in double_scalars
  ret = ret.dtype.type(ret / rcount)
/mnt/data/user_liangzhiyu/envs/fedcsl/lib/python3.8/site-packages/numpy/core/fromnumeric.py:3432: RuntimeWarning: Mean of empty slice.
  return _methods._mean(a, axis=axis, dtype=dtype,
/mnt/data/user_liangzhiyu/envs/fedcsl/lib/python3.8/site-packages/numpy/core/_methods.py:190: RuntimeWarning: invalid value encountered in double_scalars
  ret = ret.dtype.type(ret / rcount)
/mnt/data/user_liangzhiyu/envs/fedcsl/lib/python3.8/site-packages/numpy/core/fromnumeric.py:3432: RuntimeWarning: Mean of empty slice.
  return _methods._mean(a, axis=axis, dtype=dtype,
/mnt/data/user_liangzhiyu/envs/fedcsl/lib/python3.8/site-packages/numpy/core/_methods.py:190: RuntimeWarning: invalid value encountered in double_scalars
  ret = ret.dtype.type(ret / rcount)
/mnt/data/user_liangzhiyu/envs/fedcsl/lib/python3.8/site-packages/numpy/core/fromnumeric.py:3432: RuntimeWarning: Mean of empty slice.
  return _methods._mean(a, axis=axis, dtype=dtype,
/mnt/data/user_liangzhiyu/envs/fedcsl/lib/python3.8/site-packages/numpy/core/_methods.py:190: RuntimeWarning: invalid value encountered in double_scalars
  ret = ret.dtype.type(ret / rcount)
/mnt/data/user_liangzhiyu/envs/fedcsl/lib/python3.8/site-packages/numpy/core/fromnumeric.py:3432: RuntimeWarning: Mean of empty slice.
  return _methods._mean(a, axis=axis, dtype=dtype,
/mnt/data/user_liangzhiyu/envs/fedcsl/lib/python3.8/site-packages/numpy/core/_methods.py:190: RuntimeWarning: invalid value encountered in double_scalars
  ret = ret.dtype.type(ret / rcount)
/mnt/data/user_liangzhiyu/envs/fedcsl/lib/python3.8/site-packages/numpy/core/fromnumeric.py:3432: RuntimeWarning: Mean of empty slice.
  return _methods._mean(a, axis=axis, dtype=dtype,
/mnt/data/user_liangzhiyu/envs/fedcsl/lib/python3.8/site-packages/numpy/core/_methods.py:190: RuntimeWarning: invalid value encountered in double_scalars
  ret = ret.dtype.type(ret / rcount)
/mnt/data/user_liangzhiyu/envs/fedcsl/lib/python3.8/site-packages/numpy/core/fromnumeric.py:3432: RuntimeWarning: Mean of empty slice.
  return _methods._mean(a, axis=axis, dtype=dtype,
/mnt/data/user_liangzhiyu/envs/fedcsl/lib/python3.8/site-packages/numpy/core/_methods.py:190: RuntimeWarning: invalid value encountered in double_scalars
  ret = ret.dtype.type(ret / rcount)
/mnt/data/user_liangzhiyu/envs/fedcsl/lib/python3.8/site-packages/numpy/core/fromnumeric.py:3432: RuntimeWarning: Mean of empty slice.
  return _methods._mean(a, axis=axis, dtype=dtype,
/mnt/data/user_liangzhiyu/envs/fedcsl/lib/python3.8/site-packages/numpy/core/_methods.py:190: RuntimeWarning: invalid value encountered in double_scalars
  ret = ret.dtype.type(ret / rcount)
/mnt/data/user_liangzhiyu/envs/fedcsl/lib/python3.8/site-packages/numpy/core/fromnumeric.py:3432: RuntimeWarning: Mean of empty slice.
  return _methods._mean(a, axis=axis, dtype=dtype,
/mnt/data/user_liangzhiyu/envs/fedcsl/lib/python3.8/site-packages/numpy/core/_methods.py:190: RuntimeWarning: invalid value encountered in double_scalars
  ret = ret.dtype.type(ret / rcount)
/mnt/data/user_liangzhiyu/envs/fedcsl/lib/python3.8/site-packages/numpy/core/fromnumeric.py:3432: RuntimeWarning: Mean of empty slice.
  return _methods._mean(a, axis=axis, dtype=dtype,
/mnt/data/user_liangzhiyu/envs/fedcsl/lib/python3.8/site-packages/numpy/core/_methods.py:190: RuntimeWarning: invalid value encountered in double_scalars
  ret = ret.dtype.type(ret / rcount)
/mnt/data/user_liangzhiyu/envs/fedcsl/lib/python3.8/site-packages/numpy/core/fromnumeric.py:3432: RuntimeWarning: Mean of empty slice.
  return _methods._mean(a, axis=axis, dtype=dtype,
/mnt/data/user_liangzhiyu/envs/fedcsl/lib/python3.8/site-packages/numpy/core/_methods.py:190: RuntimeWarning: invalid value encountered in double_scalars
  ret = ret.dtype.type(ret / rcount)
/mnt/data/user_liangzhiyu/envs/fedcsl/lib/python3.8/site-packages/numpy/core/fromnumeric.py:3432: RuntimeWarning: Mean of empty slice.
  return _methods._mean(a, axis=axis, dtype=dtype,
/mnt/data/user_liangzhiyu/envs/fedcsl/lib/python3.8/site-packages/numpy/core/_methods.py:190: RuntimeWarning: invalid value encountered in double_scalars
  ret = ret.dtype.type(ret / rcount)
/mnt/data/user_liangzhiyu/envs/fedcsl/lib/python3.8/site-packages/numpy/core/fromnumeric.py:3432: RuntimeWarning: Mean of empty slice.
  return _methods._mean(a, axis=axis, dtype=dtype,
/mnt/data/user_liangzhiyu/envs/fedcsl/lib/python3.8/site-packages/numpy/core/_methods.py:190: RuntimeWarning: invalid value encountered in double_scalars
  ret = ret.dtype.type(ret / rcount)
/mnt/data/user_liangzhiyu/envs/fedcsl/lib/python3.8/site-packages/numpy/core/fromnumeric.py:3432: RuntimeWarning: Mean of empty slice.
  return _methods._mean(a, axis=axis, dtype=dtype,
/mnt/data/user_liangzhiyu/envs/fedcsl/lib/python3.8/site-packages/numpy/core/_methods.py:190: RuntimeWarning: invalid value encountered in double_scalars
  ret = ret.dtype.type(ret / rcount)
/mnt/data/user_liangzhiyu/envs/fedcsl/lib/python3.8/site-packages/numpy/core/fromnumeric.py:3432: RuntimeWarning: Mean of empty slice.
  return _methods._mean(a, axis=axis, dtype=dtype,
/mnt/data/user_liangzhiyu/envs/fedcsl/lib/python3.8/site-packages/numpy/core/_methods.py:190: RuntimeWarning: invalid value encountered in double_scalars
  ret = ret.dtype.type(ret / rcount)
/mnt/data/user_liangzhiyu/envs/fedcsl/lib/python3.8/site-packages/numpy/core/fromnumeric.py:3432: RuntimeWarning: Mean of empty slice.
  return _methods._mean(a, axis=axis, dtype=dtype,
/mnt/data/user_liangzhiyu/envs/fedcsl/lib/python3.8/site-packages/numpy/core/_methods.py:190: RuntimeWarning: invalid value encountered in double_scalars
  ret = ret.dtype.type(ret / rcount)
/mnt/data/user_liangzhiyu/envs/fedcsl/lib/python3.8/site-packages/numpy/core/fromnumeric.py:3432: RuntimeWarning: Mean of empty slice.
  return _methods._mean(a, axis=axis, dtype=dtype,
/mnt/data/user_liangzhiyu/envs/fedcsl/lib/python3.8/site-packages/numpy/core/_methods.py:190: RuntimeWarning: invalid value encountered in double_scalars
  ret = ret.dtype.type(ret / rcount)
/mnt/data/user_liangzhiyu/envs/fedcsl/lib/python3.8/site-packages/numpy/core/fromnumeric.py:3432: RuntimeWarning: Mean of empty slice.
  return _methods._mean(a, axis=axis, dtype=dtype,
/mnt/data/user_liangzhiyu/envs/fedcsl/lib/python3.8/site-packages/numpy/core/_methods.py:190: RuntimeWarning: invalid value encountered in double_scalars
  ret = ret.dtype.type(ret / rcount)
/mnt/data/user_liangzhiyu/envs/fedcsl/lib/python3.8/site-packages/numpy/core/fromnumeric.py:3432: RuntimeWarning: Mean of empty slice.
  return _methods._mean(a, axis=axis, dtype=dtype,
/mnt/data/user_liangzhiyu/envs/fedcsl/lib/python3.8/site-packages/numpy/core/_methods.py:190: RuntimeWarning: invalid value encountered in double_scalars
  ret = ret.dtype.type(ret / rcount)
/mnt/data/user_liangzhiyu/envs/fedcsl/lib/python3.8/site-packages/numpy/core/fromnumeric.py:3432: RuntimeWarning: Mean of empty slice.
  return _methods._mean(a, axis=axis, dtype=dtype,
/mnt/data/user_liangzhiyu/envs/fedcsl/lib/python3.8/site-packages/numpy/core/_methods.py:190: RuntimeWarning: invalid value encountered in double_scalars
  ret = ret.dtype.type(ret / rcount)
/mnt/data/user_liangzhiyu/envs/fedcsl/lib/python3.8/site-packages/numpy/core/fromnumeric.py:3432: RuntimeWarning: Mean of empty slice.
  return _methods._mean(a, axis=axis, dtype=dtype,
/mnt/data/user_liangzhiyu/envs/fedcsl/lib/python3.8/site-packages/numpy/core/_methods.py:190: RuntimeWarning: invalid value encountered in double_scalars
  ret = ret.dtype.type(ret / rcount)
/mnt/data/user_liangzhiyu/envs/fedcsl/lib/python3.8/site-packages/numpy/core/fromnumeric.py:3432: RuntimeWarning: Mean of empty slice.
  return _methods._mean(a, axis=axis, dtype=dtype,
/mnt/data/user_liangzhiyu/envs/fedcsl/lib/python3.8/site-packages/numpy/core/_methods.py:190: RuntimeWarning: invalid value encountered in double_scalars
  ret = ret.dtype.type(ret / rcount)
/mnt/data/user_liangzhiyu/envs/fedcsl/lib/python3.8/site-packages/numpy/core/fromnumeric.py:3432: RuntimeWarning: Mean of empty slice.
  return _methods._mean(a, axis=axis, dtype=dtype,
/mnt/data/user_liangzhiyu/envs/fedcsl/lib/python3.8/site-packages/numpy/core/_methods.py:190: RuntimeWarning: invalid value encountered in double_scalars
  ret = ret.dtype.type(ret / rcount)
/mnt/data/user_liangzhiyu/envs/fedcsl/lib/python3.8/site-packages/numpy/core/fromnumeric.py:3432: RuntimeWarning: Mean of empty slice.
  return _methods._mean(a, axis=axis, dtype=dtype,
/mnt/data/user_liangzhiyu/envs/fedcsl/lib/python3.8/site-packages/numpy/core/_methods.py:190: RuntimeWarning: invalid value encountered in double_scalars
  ret = ret.dtype.type(ret / rcount)
/mnt/data/user_liangzhiyu/envs/fedcsl/lib/python3.8/site-packages/numpy/core/fromnumeric.py:3432: RuntimeWarning: Mean of empty slice.
  return _methods._mean(a, axis=axis, dtype=dtype,
/mnt/data/user_liangzhiyu/envs/fedcsl/lib/python3.8/site-packages/numpy/core/_methods.py:190: RuntimeWarning: invalid value encountered in double_scalars
  ret = ret.dtype.type(ret / rcount)
/mnt/data/user_liangzhiyu/envs/fedcsl/lib/python3.8/site-packages/numpy/core/fromnumeric.py:3432: RuntimeWarning: Mean of empty slice.
  return _methods._mean(a, axis=axis, dtype=dtype,
/mnt/data/user_liangzhiyu/envs/fedcsl/lib/python3.8/site-packages/numpy/core/_methods.py:190: RuntimeWarning: invalid value encountered in double_scalars
  ret = ret.dtype.type(ret / rcount)
/mnt/data/user_liangzhiyu/envs/fedcsl/lib/python3.8/site-packages/numpy/core/fromnumeric.py:3432: RuntimeWarning: Mean of empty slice.
  return _methods._mean(a, axis=axis, dtype=dtype,
/mnt/data/user_liangzhiyu/envs/fedcsl/lib/python3.8/site-packages/numpy/core/_methods.py:190: RuntimeWarning: invalid value encountered in double_scalars
  ret = ret.dtype.type(ret / rcount)
/mnt/data/user_liangzhiyu/envs/fedcsl/lib/python3.8/site-packages/numpy/core/fromnumeric.py:3432: RuntimeWarning: Mean of empty slice.
  return _methods._mean(a, axis=axis, dtype=dtype,
/mnt/data/user_liangzhiyu/envs/fedcsl/lib/python3.8/site-packages/numpy/core/_methods.py:190: RuntimeWarning: invalid value encountered in double_scalars
  ret = ret.dtype.type(ret / rcount)
/mnt/data/user_liangzhiyu/envs/fedcsl/lib/python3.8/site-packages/numpy/core/fromnumeric.py:3432: RuntimeWarning: Mean of empty slice.
  return _methods._mean(a, axis=axis, dtype=dtype,
/mnt/data/user_liangzhiyu/envs/fedcsl/lib/python3.8/site-packages/numpy/core/_methods.py:190: RuntimeWarning: invalid value encountered in double_scalars
  ret = ret.dtype.type(ret / rcount)
/mnt/data/user_liangzhiyu/envs/fedcsl/lib/python3.8/site-packages/numpy/core/fromnumeric.py:3432: RuntimeWarning: Mean of empty slice.
  return _methods._mean(a, axis=axis, dtype=dtype,
/mnt/data/user_liangzhiyu/envs/fedcsl/lib/python3.8/site-packages/numpy/core/_methods.py:190: RuntimeWarning: invalid value encountered in double_scalars
  ret = ret.dtype.type(ret / rcount)
/mnt/data/user_liangzhiyu/envs/fedcsl/lib/python3.8/site-packages/numpy/core/fromnumeric.py:3432: RuntimeWarning: Mean of empty slice.
  return _methods._mean(a, axis=axis, dtype=dtype,
/mnt/data/user_liangzhiyu/envs/fedcsl/lib/python3.8/site-packages/numpy/core/_methods.py:190: RuntimeWarning: invalid value encountered in double_scalars
  ret = ret.dtype.type(ret / rcount)
/mnt/data/user_liangzhiyu/envs/fedcsl/lib/python3.8/site-packages/numpy/core/fromnumeric.py:3432: RuntimeWarning: Mean of empty slice.
  return _methods._mean(a, axis=axis, dtype=dtype,
/mnt/data/user_liangzhiyu/envs/fedcsl/lib/python3.8/site-packages/numpy/core/_methods.py:190: RuntimeWarning: invalid value encountered in double_scalars
  ret = ret.dtype.type(ret / rcount)
/mnt/data/user_liangzhiyu/envs/fedcsl/lib/python3.8/site-packages/numpy/core/fromnumeric.py:3432: RuntimeWarning: Mean of empty slice.
  return _methods._mean(a, axis=axis, dtype=dtype,
/mnt/data/user_liangzhiyu/envs/fedcsl/lib/python3.8/site-packages/numpy/core/_methods.py:190: RuntimeWarning: invalid value encountered in double_scalars
  ret = ret.dtype.type(ret / rcount)
/mnt/data/user_liangzhiyu/envs/fedcsl/lib/python3.8/site-packages/numpy/core/fromnumeric.py:3432: RuntimeWarning: Mean of empty slice.
  return _methods._mean(a, axis=axis, dtype=dtype,
/mnt/data/user_liangzhiyu/envs/fedcsl/lib/python3.8/site-packages/numpy/core/_methods.py:190: RuntimeWarning: invalid value encountered in double_scalars
  ret = ret.dtype.type(ret / rcount)
/mnt/data/user_liangzhiyu/envs/fedcsl/lib/python3.8/site-packages/numpy/core/fromnumeric.py:3432: RuntimeWarning: Mean of empty slice.
  return _methods._mean(a, axis=axis, dtype=dtype,
/mnt/data/user_liangzhiyu/envs/fedcsl/lib/python3.8/site-packages/numpy/core/_methods.py:190: RuntimeWarning: invalid value encountered in double_scalars
  ret = ret.dtype.type(ret / rcount)
/mnt/data/user_liangzhiyu/envs/fedcsl/lib/python3.8/site-packages/numpy/core/fromnumeric.py:3432: RuntimeWarning: Mean of empty slice.
  return _methods._mean(a, axis=axis, dtype=dtype,
/mnt/data/user_liangzhiyu/envs/fedcsl/lib/python3.8/site-packages/numpy/core/_methods.py:190: RuntimeWarning: invalid value encountered in double_scalars
  ret = ret.dtype.type(ret / rcount)
/mnt/data/user_liangzhiyu/envs/fedcsl/lib/python3.8/site-packages/numpy/core/fromnumeric.py:3432: RuntimeWarning: Mean of empty slice.
  return _methods._mean(a, axis=axis, dtype=dtype,
/mnt/data/user_liangzhiyu/envs/fedcsl/lib/python3.8/site-packages/numpy/core/_methods.py:190: RuntimeWarning: invalid value encountered in double_scalars
  ret = ret.dtype.type(ret / rcount)
/mnt/data/user_liangzhiyu/envs/fedcsl/lib/python3.8/site-packages/numpy/core/fromnumeric.py:3432: RuntimeWarning: Mean of empty slice.
  return _methods._mean(a, axis=axis, dtype=dtype,
/mnt/data/user_liangzhiyu/envs/fedcsl/lib/python3.8/site-packages/numpy/core/_methods.py:190: RuntimeWarning: invalid value encountered in double_scalars
  ret = ret.dtype.type(ret / rcount)
/mnt/data/user_liangzhiyu/envs/fedcsl/lib/python3.8/site-packages/numpy/core/fromnumeric.py:3432: RuntimeWarning: Mean of empty slice.
  return _methods._mean(a, axis=axis, dtype=dtype,
/mnt/data/user_liangzhiyu/envs/fedcsl/lib/python3.8/site-packages/numpy/core/_methods.py:190: RuntimeWarning: invalid value encountered in double_scalars
  ret = ret.dtype.type(ret / rcount)
/mnt/data/user_liangzhiyu/envs/fedcsl/lib/python3.8/site-packages/numpy/core/fromnumeric.py:3432: RuntimeWarning: Mean of empty slice.
  return _methods._mean(a, axis=axis, dtype=dtype,
/mnt/data/user_liangzhiyu/envs/fedcsl/lib/python3.8/site-packages/numpy/core/_methods.py:190: RuntimeWarning: invalid value encountered in double_scalars
  ret = ret.dtype.type(ret / rcount)
/mnt/data/user_liangzhiyu/envs/fedcsl/lib/python3.8/site-packages/numpy/core/fromnumeric.py:3432: RuntimeWarning: Mean of empty slice.
  return _methods._mean(a, axis=axis, dtype=dtype,
/mnt/data/user_liangzhiyu/envs/fedcsl/lib/python3.8/site-packages/numpy/core/_methods.py:190: RuntimeWarning: invalid value encountered in double_scalars
  ret = ret.dtype.type(ret / rcount)
/mnt/data/user_liangzhiyu/envs/fedcsl/lib/python3.8/site-packages/numpy/core/fromnumeric.py:3432: RuntimeWarning: Mean of empty slice.
  return _methods._mean(a, axis=axis, dtype=dtype,
/mnt/data/user_liangzhiyu/envs/fedcsl/lib/python3.8/site-packages/numpy/core/_methods.py:190: RuntimeWarning: invalid value encountered in double_scalars
  ret = ret.dtype.type(ret / rcount)
/mnt/data/user_liangzhiyu/envs/fedcsl/lib/python3.8/site-packages/numpy/core/fromnumeric.py:3432: RuntimeWarning: Mean of empty slice.
  return _methods._mean(a, axis=axis, dtype=dtype,
/mnt/data/user_liangzhiyu/envs/fedcsl/lib/python3.8/site-packages/numpy/core/_methods.py:190: RuntimeWarning: invalid value encountered in double_scalars
  ret = ret.dtype.type(ret / rcount)
/mnt/data/user_liangzhiyu/envs/fedcsl/lib/python3.8/site-packages/numpy/core/fromnumeric.py:3432: RuntimeWarning: Mean of empty slice.
  return _methods._mean(a, axis=axis, dtype=dtype,
/mnt/data/user_liangzhiyu/envs/fedcsl/lib/python3.8/site-packages/numpy/core/_methods.py:190: RuntimeWarning: invalid value encountered in double_scalars
  ret = ret.dtype.type(ret / rcount)
/mnt/data/user_liangzhiyu/envs/fedcsl/lib/python3.8/site-packages/numpy/core/fromnumeric.py:3432: RuntimeWarning: Mean of empty slice.
  return _methods._mean(a, axis=axis, dtype=dtype,
/mnt/data/user_liangzhiyu/envs/fedcsl/lib/python3.8/site-packages/numpy/core/_methods.py:190: RuntimeWarning: invalid value encountered in double_scalars
  ret = ret.dtype.type(ret / rcount)
/mnt/data/user_liangzhiyu/envs/fedcsl/lib/python3.8/site-packages/numpy/core/fromnumeric.py:3432: RuntimeWarning: Mean of empty slice.
  return _methods._mean(a, axis=axis, dtype=dtype,
/mnt/data/user_liangzhiyu/envs/fedcsl/lib/python3.8/site-packages/numpy/core/_methods.py:190: RuntimeWarning: invalid value encountered in double_scalars
  ret = ret.dtype.type(ret / rcount)
/mnt/data/user_liangzhiyu/envs/fedcsl/lib/python3.8/site-packages/numpy/core/fromnumeric.py:3432: RuntimeWarning: Mean of empty slice.
  return _methods._mean(a, axis=axis, dtype=dtype,
/mnt/data/user_liangzhiyu/envs/fedcsl/lib/python3.8/site-packages/numpy/core/_methods.py:190: RuntimeWarning: invalid value encountered in double_scalars
  ret = ret.dtype.type(ret / rcount)
/mnt/data/user_liangzhiyu/envs/fedcsl/lib/python3.8/site-packages/numpy/core/fromnumeric.py:3432: RuntimeWarning: Mean of empty slice.
  return _methods._mean(a, axis=axis, dtype=dtype,
/mnt/data/user_liangzhiyu/envs/fedcsl/lib/python3.8/site-packages/numpy/core/_methods.py:190: RuntimeWarning: invalid value encountered in double_scalars
  ret = ret.dtype.type(ret / rcount)
/mnt/data/user_liangzhiyu/envs/fedcsl/lib/python3.8/site-packages/numpy/core/fromnumeric.py:3432: RuntimeWarning: Mean of empty slice.
  return _methods._mean(a, axis=axis, dtype=dtype,
/mnt/data/user_liangzhiyu/envs/fedcsl/lib/python3.8/site-packages/numpy/core/_methods.py:190: RuntimeWarning: invalid value encountered in double_scalars
  ret = ret.dtype.type(ret / rcount)
/mnt/data/user_liangzhiyu/envs/fedcsl/lib/python3.8/site-packages/numpy/core/fromnumeric.py:3432: RuntimeWarning: Mean of empty slice.
  return _methods._mean(a, axis=axis, dtype=dtype,
/mnt/data/user_liangzhiyu/envs/fedcsl/lib/python3.8/site-packages/numpy/core/_methods.py:190: RuntimeWarning: invalid value encountered in double_scalars
  ret = ret.dtype.type(ret / rcount)
/mnt/data/user_liangzhiyu/envs/fedcsl/lib/python3.8/site-packages/numpy/core/fromnumeric.py:3432: RuntimeWarning: Mean of empty slice.
  return _methods._mean(a, axis=axis, dtype=dtype,
/mnt/data/user_liangzhiyu/envs/fedcsl/lib/python3.8/site-packages/numpy/core/_methods.py:190: RuntimeWarning: invalid value encountered in double_scalars
  ret = ret.dtype.type(ret / rcount)
/mnt/data/user_liangzhiyu/envs/fedcsl/lib/python3.8/site-packages/numpy/core/fromnumeric.py:3432: RuntimeWarning: Mean of empty slice.
  return _methods._mean(a, axis=axis, dtype=dtype,
/mnt/data/user_liangzhiyu/envs/fedcsl/lib/python3.8/site-packages/numpy/core/_methods.py:190: RuntimeWarning: invalid value encountered in double_scalars
  ret = ret.dtype.type(ret / rcount)
/mnt/data/user_liangzhiyu/envs/fedcsl/lib/python3.8/site-packages/numpy/core/fromnumeric.py:3432: RuntimeWarning: Mean of empty slice.
  return _methods._mean(a, axis=axis, dtype=dtype,
/mnt/data/user_liangzhiyu/envs/fedcsl/lib/python3.8/site-packages/numpy/core/_methods.py:190: RuntimeWarning: invalid value encountered in double_scalars
  ret = ret.dtype.type(ret / rcount)
/mnt/data/user_liangzhiyu/envs/fedcsl/lib/python3.8/site-packages/numpy/core/fromnumeric.py:3432: RuntimeWarning: Mean of empty slice.
  return _methods._mean(a, axis=axis, dtype=dtype,
/mnt/data/user_liangzhiyu/envs/fedcsl/lib/python3.8/site-packages/numpy/core/_methods.py:190: RuntimeWarning: invalid value encountered in double_scalars
  ret = ret.dtype.type(ret / rcount)
/mnt/data/user_liangzhiyu/envs/fedcsl/lib/python3.8/site-packages/numpy/core/fromnumeric.py:3432: RuntimeWarning: Mean of empty slice.
  return _methods._mean(a, axis=axis, dtype=dtype,
/mnt/data/user_liangzhiyu/envs/fedcsl/lib/python3.8/site-packages/numpy/core/_methods.py:190: RuntimeWarning: invalid value encountered in double_scalars
  ret = ret.dtype.type(ret / rcount)
/mnt/data/user_liangzhiyu/envs/fedcsl/lib/python3.8/site-packages/numpy/core/fromnumeric.py:3432: RuntimeWarning: Mean of empty slice.
  return _methods._mean(a, axis=axis, dtype=dtype,
/mnt/data/user_liangzhiyu/envs/fedcsl/lib/python3.8/site-packages/numpy/core/_methods.py:190: RuntimeWarning: invalid value encountered in double_scalars
  ret = ret.dtype.type(ret / rcount)
/mnt/data/user_liangzhiyu/envs/fedcsl/lib/python3.8/site-packages/numpy/core/fromnumeric.py:3432: RuntimeWarning: Mean of empty slice.
  return _methods._mean(a, axis=axis, dtype=dtype,
/mnt/data/user_liangzhiyu/envs/fedcsl/lib/python3.8/site-packages/numpy/core/_methods.py:190: RuntimeWarning: invalid value encountered in double_scalars
  ret = ret.dtype.type(ret / rcount)
/mnt/data/user_liangzhiyu/envs/fedcsl/lib/python3.8/site-packages/numpy/core/fromnumeric.py:3432: RuntimeWarning: Mean of empty slice.
  return _methods._mean(a, axis=axis, dtype=dtype,
/mnt/data/user_liangzhiyu/envs/fedcsl/lib/python3.8/site-packages/numpy/core/_methods.py:190: RuntimeWarning: invalid value encountered in double_scalars
  ret = ret.dtype.type(ret / rcount)
/mnt/data/user_liangzhiyu/envs/fedcsl/lib/python3.8/site-packages/numpy/core/fromnumeric.py:3432: RuntimeWarning: Mean of empty slice.
  return _methods._mean(a, axis=axis, dtype=dtype,
/mnt/data/user_liangzhiyu/envs/fedcsl/lib/python3.8/site-packages/numpy/core/_methods.py:190: RuntimeWarning: invalid value encountered in double_scalars
  ret = ret.dtype.type(ret / rcount)
/mnt/data/user_liangzhiyu/envs/fedcsl/lib/python3.8/site-packages/numpy/core/fromnumeric.py:3432: RuntimeWarning: Mean of empty slice.
  return _methods._mean(a, axis=axis, dtype=dtype,
/mnt/data/user_liangzhiyu/envs/fedcsl/lib/python3.8/site-packages/numpy/core/_methods.py:190: RuntimeWarning: invalid value encountered in double_scalars
  ret = ret.dtype.type(ret / rcount)
/mnt/data/user_liangzhiyu/envs/fedcsl/lib/python3.8/site-packages/numpy/core/fromnumeric.py:3432: RuntimeWarning: Mean of empty slice.
  return _methods._mean(a, axis=axis, dtype=dtype,
/mnt/data/user_liangzhiyu/envs/fedcsl/lib/python3.8/site-packages/numpy/core/_methods.py:190: RuntimeWarning: invalid value encountered in double_scalars
  ret = ret.dtype.type(ret / rcount)
/mnt/data/user_liangzhiyu/envs/fedcsl/lib/python3.8/site-packages/numpy/core/fromnumeric.py:3432: RuntimeWarning: Mean of empty slice.
  return _methods._mean(a, axis=axis, dtype=dtype,
/mnt/data/user_liangzhiyu/envs/fedcsl/lib/python3.8/site-packages/numpy/core/_methods.py:190: RuntimeWarning: invalid value encountered in double_scalars
  ret = ret.dtype.type(ret / rcount)
/mnt/data/user_liangzhiyu/envs/fedcsl/lib/python3.8/site-packages/numpy/core/fromnumeric.py:3432: RuntimeWarning: Mean of empty slice.
  return _methods._mean(a, axis=axis, dtype=dtype,
/mnt/data/user_liangzhiyu/envs/fedcsl/lib/python3.8/site-packages/numpy/core/_methods.py:190: RuntimeWarning: invalid value encountered in double_scalars
  ret = ret.dtype.type(ret / rcount)
/mnt/data/user_liangzhiyu/envs/fedcsl/lib/python3.8/site-packages/numpy/core/fromnumeric.py:3432: RuntimeWarning: Mean of empty slice.
  return _methods._mean(a, axis=axis, dtype=dtype,
/mnt/data/user_liangzhiyu/envs/fedcsl/lib/python3.8/site-packages/numpy/core/_methods.py:190: RuntimeWarning: invalid value encountered in double_scalars
  ret = ret.dtype.type(ret / rcount)
/mnt/data/user_liangzhiyu/envs/fedcsl/lib/python3.8/site-packages/numpy/core/fromnumeric.py:3432: RuntimeWarning: Mean of empty slice.
  return _methods._mean(a, axis=axis, dtype=dtype,
/mnt/data/user_liangzhiyu/envs/fedcsl/lib/python3.8/site-packages/numpy/core/_methods.py:190: RuntimeWarning: invalid value encountered in double_scalars
  ret = ret.dtype.type(ret / rcount)
/mnt/data/user_liangzhiyu/envs/fedcsl/lib/python3.8/site-packages/numpy/core/fromnumeric.py:3432: RuntimeWarning: Mean of empty slice.
  return _methods._mean(a, axis=axis, dtype=dtype,
/mnt/data/user_liangzhiyu/envs/fedcsl/lib/python3.8/site-packages/numpy/core/_methods.py:190: RuntimeWarning: invalid value encountered in double_scalars
  ret = ret.dtype.type(ret / rcount)
/mnt/data/user_liangzhiyu/envs/fedcsl/lib/python3.8/site-packages/numpy/core/fromnumeric.py:3432: RuntimeWarning: Mean of empty slice.
  return _methods._mean(a, axis=axis, dtype=dtype,
/mnt/data/user_liangzhiyu/envs/fedcsl/lib/python3.8/site-packages/numpy/core/_methods.py:190: RuntimeWarning: invalid value encountered in double_scalars
  ret = ret.dtype.type(ret / rcount)
/mnt/data/user_liangzhiyu/envs/fedcsl/lib/python3.8/site-packages/numpy/core/fromnumeric.py:3432: RuntimeWarning: Mean of empty slice.
  return _methods._mean(a, axis=axis, dtype=dtype,
/mnt/data/user_liangzhiyu/envs/fedcsl/lib/python3.8/site-packages/numpy/core/_methods.py:190: RuntimeWarning: invalid value encountered in double_scalars
  ret = ret.dtype.type(ret / rcount)
/mnt/data/user_liangzhiyu/envs/fedcsl/lib/python3.8/site-packages/numpy/core/fromnumeric.py:3432: RuntimeWarning: Mean of empty slice.
  return _methods._mean(a, axis=axis, dtype=dtype,
/mnt/data/user_liangzhiyu/envs/fedcsl/lib/python3.8/site-packages/numpy/core/_methods.py:190: RuntimeWarning: invalid value encountered in double_scalars
  ret = ret.dtype.type(ret / rcount)
/mnt/data/user_liangzhiyu/envs/fedcsl/lib/python3.8/site-packages/numpy/core/fromnumeric.py:3432: RuntimeWarning: Mean of empty slice.
  return _methods._mean(a, axis=axis, dtype=dtype,
/mnt/data/user_liangzhiyu/envs/fedcsl/lib/python3.8/site-packages/numpy/core/_methods.py:190: RuntimeWarning: invalid value encountered in double_scalars
  ret = ret.dtype.type(ret / rcount)
/mnt/data/user_liangzhiyu/envs/fedcsl/lib/python3.8/site-packages/numpy/core/fromnumeric.py:3432: RuntimeWarning: Mean of empty slice.
  return _methods._mean(a, axis=axis, dtype=dtype,
/mnt/data/user_liangzhiyu/envs/fedcsl/lib/python3.8/site-packages/numpy/core/_methods.py:190: RuntimeWarning: invalid value encountered in double_scalars
  ret = ret.dtype.type(ret / rcount)
/mnt/data/user_liangzhiyu/envs/fedcsl/lib/python3.8/site-packages/numpy/core/fromnumeric.py:3432: RuntimeWarning: Mean of empty slice.
  return _methods._mean(a, axis=axis, dtype=dtype,
/mnt/data/user_liangzhiyu/envs/fedcsl/lib/python3.8/site-packages/numpy/core/_methods.py:190: RuntimeWarning: invalid value encountered in double_scalars
  ret = ret.dtype.type(ret / rcount)
/mnt/data/user_liangzhiyu/envs/fedcsl/lib/python3.8/site-packages/numpy/core/fromnumeric.py:3432: RuntimeWarning: Mean of empty slice.
  return _methods._mean(a, axis=axis, dtype=dtype,
/mnt/data/user_liangzhiyu/envs/fedcsl/lib/python3.8/site-packages/numpy/core/_methods.py:190: RuntimeWarning: invalid value encountered in double_scalars
  ret = ret.dtype.type(ret / rcount)
/mnt/data/user_liangzhiyu/envs/fedcsl/lib/python3.8/site-packages/numpy/core/fromnumeric.py:3432: RuntimeWarning: Mean of empty slice.
  return _methods._mean(a, axis=axis, dtype=dtype,
/mnt/data/user_liangzhiyu/envs/fedcsl/lib/python3.8/site-packages/numpy/core/_methods.py:190: RuntimeWarning: invalid value encountered in double_scalars
  ret = ret.dtype.type(ret / rcount)
/mnt/data/user_liangzhiyu/envs/fedcsl/lib/python3.8/site-packages/numpy/core/fromnumeric.py:3432: RuntimeWarning: Mean of empty slice.
  return _methods._mean(a, axis=axis, dtype=dtype,
/mnt/data/user_liangzhiyu/envs/fedcsl/lib/python3.8/site-packages/numpy/core/_methods.py:190: RuntimeWarning: invalid value encountered in double_scalars
  ret = ret.dtype.type(ret / rcount)
/mnt/data/user_liangzhiyu/envs/fedcsl/lib/python3.8/site-packages/numpy/core/fromnumeric.py:3432: RuntimeWarning: Mean of empty slice.
  return _methods._mean(a, axis=axis, dtype=dtype,
/mnt/data/user_liangzhiyu/envs/fedcsl/lib/python3.8/site-packages/numpy/core/_methods.py:190: RuntimeWarning: invalid value encountered in double_scalars
  ret = ret.dtype.type(ret / rcount)
/mnt/data/user_liangzhiyu/envs/fedcsl/lib/python3.8/site-packages/numpy/core/fromnumeric.py:3432: RuntimeWarning: Mean of empty slice.
  return _methods._mean(a, axis=axis, dtype=dtype,
/mnt/data/user_liangzhiyu/envs/fedcsl/lib/python3.8/site-packages/numpy/core/_methods.py:190: RuntimeWarning: invalid value encountered in double_scalars
  ret = ret.dtype.type(ret / rcount)
/mnt/data/user_liangzhiyu/envs/fedcsl/lib/python3.8/site-packages/numpy/core/fromnumeric.py:3432: RuntimeWarning: Mean of empty slice.
  return _methods._mean(a, axis=axis, dtype=dtype,
/mnt/data/user_liangzhiyu/envs/fedcsl/lib/python3.8/site-packages/numpy/core/_methods.py:190: RuntimeWarning: invalid value encountered in double_scalars
  ret = ret.dtype.type(ret / rcount)
/mnt/data/user_liangzhiyu/envs/fedcsl/lib/python3.8/site-packages/numpy/core/fromnumeric.py:3432: RuntimeWarning: Mean of empty slice.
  return _methods._mean(a, axis=axis, dtype=dtype,
/mnt/data/user_liangzhiyu/envs/fedcsl/lib/python3.8/site-packages/numpy/core/_methods.py:190: RuntimeWarning: invalid value encountered in double_scalars
  ret = ret.dtype.type(ret / rcount)
/mnt/data/user_liangzhiyu/envs/fedcsl/lib/python3.8/site-packages/numpy/core/fromnumeric.py:3432: RuntimeWarning: Mean of empty slice.
  return _methods._mean(a, axis=axis, dtype=dtype,
/mnt/data/user_liangzhiyu/envs/fedcsl/lib/python3.8/site-packages/numpy/core/_methods.py:190: RuntimeWarning: invalid value encountered in double_scalars
  ret = ret.dtype.type(ret / rcount)
/mnt/data/user_liangzhiyu/envs/fedcsl/lib/python3.8/site-packages/numpy/core/fromnumeric.py:3432: RuntimeWarning: Mean of empty slice.
  return _methods._mean(a, axis=axis, dtype=dtype,
/mnt/data/user_liangzhiyu/envs/fedcsl/lib/python3.8/site-packages/numpy/core/_methods.py:190: RuntimeWarning: invalid value encountered in double_scalars
  ret = ret.dtype.type(ret / rcount)
Classification: 1.0 0.4 280
(2, 3)
(5, 3)
(5, 3)
[1.05530355 1.35894069 0.58575576]
Classification: 1.0 0.4 281
(2, 3)
(5, 3)
(5, 3)
[1.05530355 1.35894069 0.58575576]
Classification: 1.0 0.4 282
(2, 3)
(5, 3)
(5, 3)
[1.05530355 1.35894069 0.58575576]
Classification: 1.0 0.4 283
(2, 3)
(5, 3)
(5, 3)
[1.05530355 1.35894069 0.58575576]
Classification: 1.0 0.4 284
(2, 3)
(5, 3)
(5, 3)
[1.05530355 1.35894069 0.58575576]
Classification: 1.0 0.4 285
(2, 3)
(5, 3)
(5, 3)
[1.05530355 1.35894069 0.58575576]
Classification: 1.0 0.4 286
(2, 3)
(5, 3)
(5, 3)
[1.05530355 1.35894069 0.58575576]
Classification: 1.0 0.4 287
(2, 3)
(5, 3)
(5, 3)
[1.05530355 1.35894069 0.58575576]
Classification: 1.0 0.4 288
(2, 3)
(5, 3)
(5, 3)
[1.05530355 1.35894069 0.58575576]
Classification: 1.0 0.4 289
(2, 3)
(5, 3)
(5, 3)
[1.05530355 1.35894069 0.58575576]
Classification: 1.0 0.4 290
(2, 3)
(5, 3)
(5, 3)
[1.05530355 1.35894069 0.58575576]
Classification: 1.0 0.4 291
(2, 3)
(5, 3)
(5, 3)
[1.05530355 1.35894069 0.58575576]
Classification: 1.0 0.4 292
(2, 3)
(5, 3)
(5, 3)
[1.05530355 1.35894069 0.58575576]
Classification: 1.0 0.4 293
(2, 3)
(5, 3)
(5, 3)
[1.05530355 1.35894069 0.58575576]
Classification: 1.0 0.4 294
(2, 3)
(5, 3)
(5, 3)
[1.05530355 1.35894069 0.58575576]
Classification: 1.0 0.4 295
(2, 3)
(5, 3)
(5, 3)
[1.05530355 1.35894069 0.58575576]
Classification: 1.0 0.4 296
(2, 3)
(5, 3)
(5, 3)
[1.05530355 1.35894069 0.58575576]
Classification: 1.0 0.4 297
(2, 3)
(5, 3)
(5, 3)
[1.05530355 1.35894069 0.58575576]
Classification: 1.0 0.4 298
(2, 3)
(5, 3)
(5, 3)
[1.05530355 1.35894069 0.58575576]
Classification: 1.0 0.4 299
(2, 3)
(5, 3)
(5, 3)
[1.05530355 1.35894069 0.58575576]
Classification: 1.0 0.4 300
(2, 3)
(5, 3)
(5, 3)
[1.05530355 1.35894069 0.58575576]
Classification: 1.0 0.4 301
(2, 3)
(5, 3)
(5, 3)
[1.05530355 1.35894069 0.58575576]
Classification: 1.0 0.4 302
(2, 3)
(5, 3)
(5, 3)
[1.05530355 1.35894069 0.58575576]
Classification: 1.0 0.4 303
(2, 3)
(5, 3)
(5, 3)
[1.05530355 1.35894069 0.58575576]
Classification: 1.0 0.4 304
(2, 3)
(5, 3)
(5, 3)
[1.05530355 1.35894069 0.58575576]
Classification: 1.0 0.4 305
(2, 3)
(5, 3)
(5, 3)
[1.05530355 1.35894069 0.58575576]
Classification: 1.0 0.4 306
(2, 3)
(5, 3)
(5, 3)
[1.05530355 1.35894069 0.58575576]
Classification: 1.0 0.4 307
(2, 3)
(5, 3)
(5, 3)
[1.05530355 1.35894069 0.58575576]
Classification: 1.0 0.4 308
(2, 3)
(5, 3)
(5, 3)
[1.05530355 1.35894069 0.58575576]
Classification: 1.0 0.4 309
(2, 3)
(5, 3)
(5, 3)
[1.05530355 1.35894069 0.58575576]
Classification: 1.0 0.4 310
(2, 3)
(5, 3)
(5, 3)
[1.05530355 1.35894069 0.58575576]
Classification: 1.0 0.4 311
(2, 3)
(5, 3)
(5, 3)
[1.05530355 1.35894069 0.58575576]
Classification: 1.0 0.4 312
(2, 3)
(5, 3)
(5, 3)
[1.05530355 1.35894069 0.58575576]
Classification: 1.0 0.4 313
(2, 3)
(5, 3)
(5, 3)
[1.05530355 1.35894069 0.58575576]
Classification: 1.0 0.4 314
(2, 3)
(5, 3)
(5, 3)
[1.05530355 1.35894069 0.58575576]
Classification: 1.0 0.4 315
(2, 3)
(5, 3)
(5, 3)
[1.05530355 1.35894069 0.58575576]
Classification: 1.0 0.4 316
(2, 3)
(5, 3)
(5, 3)
[1.05530355 1.35894069 0.58575576]
Classification: 1.0 0.4 317
(2, 3)
(5, 3)
(5, 3)
[1.05530355 1.35894069 0.58575576]
Classification: 1.0 0.4 318
(2, 3)
(5, 3)
(5, 3)
[1.05530355 1.35894069 0.58575576]
Classification: 1.0 0.4 319
(2, 3)
(5, 3)
(5, 3)
[1.05530355 1.35894069 0.58575576]
Classification: 1.0 0.4 320
(2, 3)
(5, 3)
(5, 3)
[1.05530355 1.35894069 0.58575576]
Classification: 1.0 0.4 321
(2, 3)
(5, 3)
(5, 3)
[1.05530355 1.35894069 0.58575576]
Classification: 1.0 0.4 322
(2, 3)
(5, 3)
(5, 3)
[1.05530355 1.35894069 0.58575576]
Classification: 1.0 0.4 323
(2, 3)
(5, 3)
(5, 3)
[1.05530355 1.35894069 0.58575576]
Classification: 1.0 0.4 324
(2, 3)
(5, 3)
(5, 3)
[1.05530355 1.35894069 0.58575576]
Classification: 1.0 0.4 325
(2, 3)
(5, 3)
(5, 3)
[1.05530355 1.35894069 0.58575576]
Classification: 1.0 0.4 326
(2, 3)
(5, 3)
(5, 3)
[1.05530355 1.35894069 0.58575576]
Classification: 1.0 0.4 327
(2, 3)
(5, 3)
(5, 3)
[1.05530355 1.35894069 0.58575576]
Classification: 1.0 0.4 328
(2, 3)
(5, 3)
(5, 3)
[1.05530355 1.35894069 0.58575576]
Classification: 1.0 0.4 329
(2, 3)
(5, 3)
(5, 3)
[1.05530355 1.35894069 0.58575576]
Classification: 1.0 0.4 330
(2, 3)
(5, 3)
(5, 3)
[1.05530355 1.35894069 0.58575576]
Classification: 1.0 0.4 331
(2, 3)
(5, 3)
(5, 3)
[1.05530355 1.35894069 0.58575576]
Classification: 1.0 0.4 332
(2, 3)
(5, 3)
(5, 3)
[1.05530355 1.35894069 0.58575576]
Classification: 1.0 0.4 333
(2, 3)
(5, 3)
(5, 3)
[1.05530355 1.35894069 0.58575576]
Classification: 1.0 0.4 334
(2, 3)
(5, 3)
(5, 3)
[1.05530355 1.35894069 0.58575576]
Classification: 1.0 0.4 335
(2, 3)
(5, 3)
(5, 3)
[1.05530355 1.35894069 0.58575576]
Classification: 1.0 0.4 336
(2, 3)
(5, 3)
(5, 3)
[1.05530355 1.35894069 0.58575576]
Classification: 1.0 0.4 337
(2, 3)
(5, 3)
(5, 3)
[1.05530355 1.35894069 0.58575576]
Classification: 1.0 0.4 338
(2, 3)
(5, 3)
(5, 3)
[1.05530355 1.35894069 0.58575576]
Classification: 1.0 0.4 339
(2, 3)
(5, 3)
(5, 3)
[1.05530355 1.35894069 0.58575576]
Classification: 1.0 0.4 340
(2, 3)
(5, 3)
(5, 3)
[1.05530355 1.35894069 0.58575576]
Classification: 1.0 0.4 341
(2, 3)
(5, 3)
(5, 3)
[1.05530355 1.35894069 0.58575576]
Classification: 1.0 0.4 342
(2, 3)
(5, 3)
(5, 3)
[1.05530355 1.35894069 0.58575576]
Classification: 1.0 0.4 343
(2, 3)
(5, 3)
(5, 3)
[1.05530355 1.35894069 0.58575576]
Classification: 1.0 0.4 344
(2, 3)
(5, 3)
(5, 3)
[1.05530355 1.35894069 0.58575576]
Classification: 1.0 0.4 345
(2, 3)
(5, 3)
(5, 3)
[1.05530355 1.35894069 0.58575576]
Classification: 1.0 0.4 346
(2, 3)
(5, 3)
(5, 3)
[1.05530355 1.35894069 0.58575576]
Classification: 1.0 0.4 347
(2, 3)
(5, 3)
(5, 3)
[1.05530355 1.35894069 0.58575576]
Classification: 1.0 0.4 348
(2, 3)
(5, 3)
(5, 3)
[1.05530355 1.35894069 0.58575576]
Classification: 1.0 0.4 349
(2, 3)
(5, 3)
(5, 3)
[1.05530355 1.35894069 0.58575576]
Classification: 1.0 0.4 350
(2, 3)
(5, 3)
(5, 3)
[1.05530355 1.35894069 0.58575576]
Classification: 1.0 0.4 351
(2, 3)
(5, 3)
(5, 3)
[1.05530355 1.35894069 0.58575576]
Classification: 1.0 0.4 352
(2, 3)
(5, 3)
(5, 3)
[1.05530355 1.35894069 0.58575576]
Classification: 1.0 0.4 353
(2, 3)
(5, 3)
(5, 3)
[1.05530355 1.35894069 0.58575576]
Classification: 1.0 0.4 354
(2, 3)
(5, 3)
(5, 3)
[1.05530355 1.35894069 0.58575576]
Classification: 1.0 0.4 355
(2, 3)
(5, 3)
(5, 3)
[1.05530355 1.35894069 0.58575576]
Classification: 1.0 0.4 356
(2, 3)
(5, 3)
(5, 3)
[1.05530355 1.35894069 0.58575576]
Classification: 1.0 0.4 357
(2, 3)
(5, 3)
(5, 3)
[1.05530355 1.35894069 0.58575576]
Classification: 1.0 0.4 358
(2, 3)
(5, 3)
(5, 3)
[1.05530355 1.35894069 0.58575576]
Classification: 1.0 0.4 359
(2, 3)
(5, 3)
(5, 3)
[1.05530355 1.35894069 0.58575576]
Classification: 1.0 0.4 360
(2, 3)
(5, 3)
(5, 3)
[1.05530355 1.35894069 0.58575576]
Classification: 1.0 0.4 361
(2, 3)
(5, 3)
(5, 3)
[1.05530355 1.35894069 0.58575576]
Classification: 1.0 0.4 362
(2, 3)
(5, 3)
(5, 3)
[1.05530355 1.35894069 0.58575576]
Classification: 1.0 0.4 363
(2, 3)
(5, 3)
(5, 3)
[1.05530355 1.35894069 0.58575576]
Classification: 1.0 0.4 364
(2, 3)
(5, 3)
(5, 3)
[1.05530355 1.35894069 0.58575576]
Classification: 1.0 0.4 365
(2, 3)
(5, 3)
(5, 3)
[1.05530355 1.35894069 0.58575576]
Classification: 1.0 0.4 366
(2, 3)
(5, 3)
(5, 3)
[1.05530355 1.35894069 0.58575576]
Classification: 1.0 0.4 367
(2, 3)
(5, 3)
(5, 3)
[1.05530355 1.35894069 0.58575576]
Classification: 1.0 0.4 368
(2, 3)
(5, 3)
(5, 3)
[1.05530355 1.35894069 0.58575576]
Classification: 1.0 0.4 369
(2, 3)
(5, 3)
(5, 3)
[1.05530355 1.35894069 0.58575576]
Classification: 1.0 0.4 370
(2, 3)
(5, 3)
(5, 3)
[1.05530355 1.35894069 0.58575576]
Classification: 1.0 0.4 371
(2, 3)
(5, 3)
(5, 3)
[1.05530355 1.35894069 0.58575576]
Classification: 1.0 0.4 372
(2, 3)
(5, 3)
(5, 3)
[1.05530355 1.35894069 0.58575576]
Classification: 1.0 0.4 373
(2, 3)
(5, 3)
(5, 3)
[1.05530355 1.35894069 0.58575576]
Classification: 1.0 0.4 374
(2, 3)
(5, 3)
(5, 3)
[1.05530355 1.35894069 0.58575576]
Classification: 1.0 0.4 375
(2, 3)
(5, 3)
(5, 3)
[1.05530355 1.35894069 0.58575576]
Classification: 1.0 0.4 376
(2, 3)
(5, 3)
(5, 3)
[1.05530355 1.35894069 0.58575576]
Classification: 1.0 0.4 377
(2, 3)
(5, 3)
/mnt/data/user_liangzhiyu/envs/fedcsl/lib/python3.8/site-packages/numpy/core/fromnumeric.py:3432: RuntimeWarning: Mean of empty slice.
  return _methods._mean(a, axis=axis, dtype=dtype,
/mnt/data/user_liangzhiyu/envs/fedcsl/lib/python3.8/site-packages/numpy/core/_methods.py:190: RuntimeWarning: invalid value encountered in double_scalars
  ret = ret.dtype.type(ret / rcount)
/mnt/data/user_liangzhiyu/envs/fedcsl/lib/python3.8/site-packages/numpy/core/fromnumeric.py:3432: RuntimeWarning: Mean of empty slice.
  return _methods._mean(a, axis=axis, dtype=dtype,
/mnt/data/user_liangzhiyu/envs/fedcsl/lib/python3.8/site-packages/numpy/core/_methods.py:190: RuntimeWarning: invalid value encountered in double_scalars
  ret = ret.dtype.type(ret / rcount)
/mnt/data/user_liangzhiyu/envs/fedcsl/lib/python3.8/site-packages/numpy/core/fromnumeric.py:3432: RuntimeWarning: Mean of empty slice.
  return _methods._mean(a, axis=axis, dtype=dtype,
/mnt/data/user_liangzhiyu/envs/fedcsl/lib/python3.8/site-packages/numpy/core/_methods.py:190: RuntimeWarning: invalid value encountered in double_scalars
  ret = ret.dtype.type(ret / rcount)
/mnt/data/user_liangzhiyu/envs/fedcsl/lib/python3.8/site-packages/numpy/core/fromnumeric.py:3432: RuntimeWarning: Mean of empty slice.
  return _methods._mean(a, axis=axis, dtype=dtype,
/mnt/data/user_liangzhiyu/envs/fedcsl/lib/python3.8/site-packages/numpy/core/_methods.py:190: RuntimeWarning: invalid value encountered in double_scalars
  ret = ret.dtype.type(ret / rcount)
/mnt/data/user_liangzhiyu/envs/fedcsl/lib/python3.8/site-packages/numpy/core/fromnumeric.py:3432: RuntimeWarning: Mean of empty slice.
  return _methods._mean(a, axis=axis, dtype=dtype,
/mnt/data/user_liangzhiyu/envs/fedcsl/lib/python3.8/site-packages/numpy/core/_methods.py:190: RuntimeWarning: invalid value encountered in double_scalars
  ret = ret.dtype.type(ret / rcount)
/mnt/data/user_liangzhiyu/envs/fedcsl/lib/python3.8/site-packages/numpy/core/fromnumeric.py:3432: RuntimeWarning: Mean of empty slice.
  return _methods._mean(a, axis=axis, dtype=dtype,
/mnt/data/user_liangzhiyu/envs/fedcsl/lib/python3.8/site-packages/numpy/core/_methods.py:190: RuntimeWarning: invalid value encountered in double_scalars
  ret = ret.dtype.type(ret / rcount)
/mnt/data/user_liangzhiyu/envs/fedcsl/lib/python3.8/site-packages/numpy/core/fromnumeric.py:3432: RuntimeWarning: Mean of empty slice.
  return _methods._mean(a, axis=axis, dtype=dtype,
/mnt/data/user_liangzhiyu/envs/fedcsl/lib/python3.8/site-packages/numpy/core/_methods.py:190: RuntimeWarning: invalid value encountered in double_scalars
  ret = ret.dtype.type(ret / rcount)
/mnt/data/user_liangzhiyu/envs/fedcsl/lib/python3.8/site-packages/numpy/core/fromnumeric.py:3432: RuntimeWarning: Mean of empty slice.
  return _methods._mean(a, axis=axis, dtype=dtype,
/mnt/data/user_liangzhiyu/envs/fedcsl/lib/python3.8/site-packages/numpy/core/_methods.py:190: RuntimeWarning: invalid value encountered in double_scalars
  ret = ret.dtype.type(ret / rcount)
/mnt/data/user_liangzhiyu/envs/fedcsl/lib/python3.8/site-packages/numpy/core/fromnumeric.py:3432: RuntimeWarning: Mean of empty slice.
  return _methods._mean(a, axis=axis, dtype=dtype,
/mnt/data/user_liangzhiyu/envs/fedcsl/lib/python3.8/site-packages/numpy/core/_methods.py:190: RuntimeWarning: invalid value encountered in double_scalars
  ret = ret.dtype.type(ret / rcount)
/mnt/data/user_liangzhiyu/envs/fedcsl/lib/python3.8/site-packages/numpy/core/fromnumeric.py:3432: RuntimeWarning: Mean of empty slice.
  return _methods._mean(a, axis=axis, dtype=dtype,
/mnt/data/user_liangzhiyu/envs/fedcsl/lib/python3.8/site-packages/numpy/core/_methods.py:190: RuntimeWarning: invalid value encountered in double_scalars
  ret = ret.dtype.type(ret / rcount)
/mnt/data/user_liangzhiyu/envs/fedcsl/lib/python3.8/site-packages/numpy/core/fromnumeric.py:3432: RuntimeWarning: Mean of empty slice.
  return _methods._mean(a, axis=axis, dtype=dtype,
/mnt/data/user_liangzhiyu/envs/fedcsl/lib/python3.8/site-packages/numpy/core/_methods.py:190: RuntimeWarning: invalid value encountered in double_scalars
  ret = ret.dtype.type(ret / rcount)
/mnt/data/user_liangzhiyu/envs/fedcsl/lib/python3.8/site-packages/numpy/core/fromnumeric.py:3432: RuntimeWarning: Mean of empty slice.
  return _methods._mean(a, axis=axis, dtype=dtype,
/mnt/data/user_liangzhiyu/envs/fedcsl/lib/python3.8/site-packages/numpy/core/_methods.py:190: RuntimeWarning: invalid value encountered in double_scalars
  ret = ret.dtype.type(ret / rcount)
/mnt/data/user_liangzhiyu/envs/fedcsl/lib/python3.8/site-packages/numpy/core/fromnumeric.py:3432: RuntimeWarning: Mean of empty slice.
  return _methods._mean(a, axis=axis, dtype=dtype,
/mnt/data/user_liangzhiyu/envs/fedcsl/lib/python3.8/site-packages/numpy/core/_methods.py:190: RuntimeWarning: invalid value encountered in double_scalars
  ret = ret.dtype.type(ret / rcount)
/mnt/data/user_liangzhiyu/envs/fedcsl/lib/python3.8/site-packages/numpy/core/fromnumeric.py:3432: RuntimeWarning: Mean of empty slice.
  return _methods._mean(a, axis=axis, dtype=dtype,
/mnt/data/user_liangzhiyu/envs/fedcsl/lib/python3.8/site-packages/numpy/core/_methods.py:190: RuntimeWarning: invalid value encountered in double_scalars
  ret = ret.dtype.type(ret / rcount)
/mnt/data/user_liangzhiyu/envs/fedcsl/lib/python3.8/site-packages/numpy/core/fromnumeric.py:3432: RuntimeWarning: Mean of empty slice.
  return _methods._mean(a, axis=axis, dtype=dtype,
/mnt/data/user_liangzhiyu/envs/fedcsl/lib/python3.8/site-packages/numpy/core/_methods.py:190: RuntimeWarning: invalid value encountered in double_scalars
  ret = ret.dtype.type(ret / rcount)
/mnt/data/user_liangzhiyu/envs/fedcsl/lib/python3.8/site-packages/numpy/core/fromnumeric.py:3432: RuntimeWarning: Mean of empty slice.
  return _methods._mean(a, axis=axis, dtype=dtype,
/mnt/data/user_liangzhiyu/envs/fedcsl/lib/python3.8/site-packages/numpy/core/_methods.py:190: RuntimeWarning: invalid value encountered in double_scalars
  ret = ret.dtype.type(ret / rcount)
/mnt/data/user_liangzhiyu/envs/fedcsl/lib/python3.8/site-packages/numpy/core/fromnumeric.py:3432: RuntimeWarning: Mean of empty slice.
  return _methods._mean(a, axis=axis, dtype=dtype,
/mnt/data/user_liangzhiyu/envs/fedcsl/lib/python3.8/site-packages/numpy/core/_methods.py:190: RuntimeWarning: invalid value encountered in double_scalars
  ret = ret.dtype.type(ret / rcount)
/mnt/data/user_liangzhiyu/envs/fedcsl/lib/python3.8/site-packages/numpy/core/fromnumeric.py:3432: RuntimeWarning: Mean of empty slice.
  return _methods._mean(a, axis=axis, dtype=dtype,
/mnt/data/user_liangzhiyu/envs/fedcsl/lib/python3.8/site-packages/numpy/core/_methods.py:190: RuntimeWarning: invalid value encountered in double_scalars
  ret = ret.dtype.type(ret / rcount)
/mnt/data/user_liangzhiyu/envs/fedcsl/lib/python3.8/site-packages/numpy/core/fromnumeric.py:3432: RuntimeWarning: Mean of empty slice.
  return _methods._mean(a, axis=axis, dtype=dtype,
/mnt/data/user_liangzhiyu/envs/fedcsl/lib/python3.8/site-packages/numpy/core/_methods.py:190: RuntimeWarning: invalid value encountered in double_scalars
  ret = ret.dtype.type(ret / rcount)
/mnt/data/user_liangzhiyu/envs/fedcsl/lib/python3.8/site-packages/numpy/core/fromnumeric.py:3432: RuntimeWarning: Mean of empty slice.
  return _methods._mean(a, axis=axis, dtype=dtype,
/mnt/data/user_liangzhiyu/envs/fedcsl/lib/python3.8/site-packages/numpy/core/_methods.py:190: RuntimeWarning: invalid value encountered in double_scalars
  ret = ret.dtype.type(ret / rcount)
/mnt/data/user_liangzhiyu/envs/fedcsl/lib/python3.8/site-packages/numpy/core/fromnumeric.py:3432: RuntimeWarning: Mean of empty slice.
  return _methods._mean(a, axis=axis, dtype=dtype,
/mnt/data/user_liangzhiyu/envs/fedcsl/lib/python3.8/site-packages/numpy/core/_methods.py:190: RuntimeWarning: invalid value encountered in double_scalars
  ret = ret.dtype.type(ret / rcount)
/mnt/data/user_liangzhiyu/envs/fedcsl/lib/python3.8/site-packages/numpy/core/fromnumeric.py:3432: RuntimeWarning: Mean of empty slice.
  return _methods._mean(a, axis=axis, dtype=dtype,
/mnt/data/user_liangzhiyu/envs/fedcsl/lib/python3.8/site-packages/numpy/core/_methods.py:190: RuntimeWarning: invalid value encountered in double_scalars
  ret = ret.dtype.type(ret / rcount)
/mnt/data/user_liangzhiyu/envs/fedcsl/lib/python3.8/site-packages/numpy/core/fromnumeric.py:3432: RuntimeWarning: Mean of empty slice.
  return _methods._mean(a, axis=axis, dtype=dtype,
/mnt/data/user_liangzhiyu/envs/fedcsl/lib/python3.8/site-packages/numpy/core/_methods.py:190: RuntimeWarning: invalid value encountered in double_scalars
  ret = ret.dtype.type(ret / rcount)
/mnt/data/user_liangzhiyu/envs/fedcsl/lib/python3.8/site-packages/numpy/core/fromnumeric.py:3432: RuntimeWarning: Mean of empty slice.
  return _methods._mean(a, axis=axis, dtype=dtype,
/mnt/data/user_liangzhiyu/envs/fedcsl/lib/python3.8/site-packages/numpy/core/_methods.py:190: RuntimeWarning: invalid value encountered in double_scalars
  ret = ret.dtype.type(ret / rcount)
/mnt/data/user_liangzhiyu/envs/fedcsl/lib/python3.8/site-packages/numpy/core/fromnumeric.py:3432: RuntimeWarning: Mean of empty slice.
  return _methods._mean(a, axis=axis, dtype=dtype,
/mnt/data/user_liangzhiyu/envs/fedcsl/lib/python3.8/site-packages/numpy/core/_methods.py:190: RuntimeWarning: invalid value encountered in double_scalars
  ret = ret.dtype.type(ret / rcount)
/mnt/data/user_liangzhiyu/envs/fedcsl/lib/python3.8/site-packages/numpy/core/fromnumeric.py:3432: RuntimeWarning: Mean of empty slice.
  return _methods._mean(a, axis=axis, dtype=dtype,
/mnt/data/user_liangzhiyu/envs/fedcsl/lib/python3.8/site-packages/numpy/core/_methods.py:190: RuntimeWarning: invalid value encountered in double_scalars
  ret = ret.dtype.type(ret / rcount)
/mnt/data/user_liangzhiyu/envs/fedcsl/lib/python3.8/site-packages/numpy/core/fromnumeric.py:3432: RuntimeWarning: Mean of empty slice.
  return _methods._mean(a, axis=axis, dtype=dtype,
/mnt/data/user_liangzhiyu/envs/fedcsl/lib/python3.8/site-packages/numpy/core/_methods.py:190: RuntimeWarning: invalid value encountered in double_scalars
  ret = ret.dtype.type(ret / rcount)
/mnt/data/user_liangzhiyu/envs/fedcsl/lib/python3.8/site-packages/numpy/core/fromnumeric.py:3432: RuntimeWarning: Mean of empty slice.
  return _methods._mean(a, axis=axis, dtype=dtype,
/mnt/data/user_liangzhiyu/envs/fedcsl/lib/python3.8/site-packages/numpy/core/_methods.py:190: RuntimeWarning: invalid value encountered in double_scalars
  ret = ret.dtype.type(ret / rcount)
/mnt/data/user_liangzhiyu/envs/fedcsl/lib/python3.8/site-packages/numpy/core/fromnumeric.py:3432: RuntimeWarning: Mean of empty slice.
  return _methods._mean(a, axis=axis, dtype=dtype,
/mnt/data/user_liangzhiyu/envs/fedcsl/lib/python3.8/site-packages/numpy/core/_methods.py:190: RuntimeWarning: invalid value encountered in double_scalars
  ret = ret.dtype.type(ret / rcount)
/mnt/data/user_liangzhiyu/envs/fedcsl/lib/python3.8/site-packages/numpy/core/fromnumeric.py:3432: RuntimeWarning: Mean of empty slice.
  return _methods._mean(a, axis=axis, dtype=dtype,
/mnt/data/user_liangzhiyu/envs/fedcsl/lib/python3.8/site-packages/numpy/core/_methods.py:190: RuntimeWarning: invalid value encountered in double_scalars
  ret = ret.dtype.type(ret / rcount)
/mnt/data/user_liangzhiyu/envs/fedcsl/lib/python3.8/site-packages/numpy/core/fromnumeric.py:3432: RuntimeWarning: Mean of empty slice.
  return _methods._mean(a, axis=axis, dtype=dtype,
/mnt/data/user_liangzhiyu/envs/fedcsl/lib/python3.8/site-packages/numpy/core/_methods.py:190: RuntimeWarning: invalid value encountered in double_scalars
  ret = ret.dtype.type(ret / rcount)
/mnt/data/user_liangzhiyu/envs/fedcsl/lib/python3.8/site-packages/numpy/core/fromnumeric.py:3432: RuntimeWarning: Mean of empty slice.
  return _methods._mean(a, axis=axis, dtype=dtype,
/mnt/data/user_liangzhiyu/envs/fedcsl/lib/python3.8/site-packages/numpy/core/_methods.py:190: RuntimeWarning: invalid value encountered in double_scalars
  ret = ret.dtype.type(ret / rcount)
/mnt/data/user_liangzhiyu/envs/fedcsl/lib/python3.8/site-packages/numpy/core/fromnumeric.py:3432: RuntimeWarning: Mean of empty slice.
  return _methods._mean(a, axis=axis, dtype=dtype,
/mnt/data/user_liangzhiyu/envs/fedcsl/lib/python3.8/site-packages/numpy/core/_methods.py:190: RuntimeWarning: invalid value encountered in double_scalars
  ret = ret.dtype.type(ret / rcount)
/mnt/data/user_liangzhiyu/envs/fedcsl/lib/python3.8/site-packages/numpy/core/fromnumeric.py:3432: RuntimeWarning: Mean of empty slice.
  return _methods._mean(a, axis=axis, dtype=dtype,
/mnt/data/user_liangzhiyu/envs/fedcsl/lib/python3.8/site-packages/numpy/core/_methods.py:190: RuntimeWarning: invalid value encountered in double_scalars
  ret = ret.dtype.type(ret / rcount)
/mnt/data/user_liangzhiyu/envs/fedcsl/lib/python3.8/site-packages/numpy/core/fromnumeric.py:3432: RuntimeWarning: Mean of empty slice.
  return _methods._mean(a, axis=axis, dtype=dtype,
/mnt/data/user_liangzhiyu/envs/fedcsl/lib/python3.8/site-packages/numpy/core/_methods.py:190: RuntimeWarning: invalid value encountered in double_scalars
  ret = ret.dtype.type(ret / rcount)
/mnt/data/user_liangzhiyu/envs/fedcsl/lib/python3.8/site-packages/numpy/core/fromnumeric.py:3432: RuntimeWarning: Mean of empty slice.
  return _methods._mean(a, axis=axis, dtype=dtype,
/mnt/data/user_liangzhiyu/envs/fedcsl/lib/python3.8/site-packages/numpy/core/_methods.py:190: RuntimeWarning: invalid value encountered in double_scalars
  ret = ret.dtype.type(ret / rcount)
/mnt/data/user_liangzhiyu/envs/fedcsl/lib/python3.8/site-packages/numpy/core/fromnumeric.py:3432: RuntimeWarning: Mean of empty slice.
  return _methods._mean(a, axis=axis, dtype=dtype,
/mnt/data/user_liangzhiyu/envs/fedcsl/lib/python3.8/site-packages/numpy/core/_methods.py:190: RuntimeWarning: invalid value encountered in double_scalars
  ret = ret.dtype.type(ret / rcount)
/mnt/data/user_liangzhiyu/envs/fedcsl/lib/python3.8/site-packages/numpy/core/fromnumeric.py:3432: RuntimeWarning: Mean of empty slice.
  return _methods._mean(a, axis=axis, dtype=dtype,
/mnt/data/user_liangzhiyu/envs/fedcsl/lib/python3.8/site-packages/numpy/core/_methods.py:190: RuntimeWarning: invalid value encountered in double_scalars
  ret = ret.dtype.type(ret / rcount)
/mnt/data/user_liangzhiyu/envs/fedcsl/lib/python3.8/site-packages/numpy/core/fromnumeric.py:3432: RuntimeWarning: Mean of empty slice.
  return _methods._mean(a, axis=axis, dtype=dtype,
/mnt/data/user_liangzhiyu/envs/fedcsl/lib/python3.8/site-packages/numpy/core/_methods.py:190: RuntimeWarning: invalid value encountered in double_scalars
  ret = ret.dtype.type(ret / rcount)
/mnt/data/user_liangzhiyu/envs/fedcsl/lib/python3.8/site-packages/numpy/core/fromnumeric.py:3432: RuntimeWarning: Mean of empty slice.
  return _methods._mean(a, axis=axis, dtype=dtype,
/mnt/data/user_liangzhiyu/envs/fedcsl/lib/python3.8/site-packages/numpy/core/_methods.py:190: RuntimeWarning: invalid value encountered in double_scalars
  ret = ret.dtype.type(ret / rcount)
/mnt/data/user_liangzhiyu/envs/fedcsl/lib/python3.8/site-packages/numpy/core/fromnumeric.py:3432: RuntimeWarning: Mean of empty slice.
  return _methods._mean(a, axis=axis, dtype=dtype,
/mnt/data/user_liangzhiyu/envs/fedcsl/lib/python3.8/site-packages/numpy/core/_methods.py:190: RuntimeWarning: invalid value encountered in double_scalars
  ret = ret.dtype.type(ret / rcount)
/mnt/data/user_liangzhiyu/envs/fedcsl/lib/python3.8/site-packages/numpy/core/fromnumeric.py:3432: RuntimeWarning: Mean of empty slice.
  return _methods._mean(a, axis=axis, dtype=dtype,
/mnt/data/user_liangzhiyu/envs/fedcsl/lib/python3.8/site-packages/numpy/core/_methods.py:190: RuntimeWarning: invalid value encountered in double_scalars
  ret = ret.dtype.type(ret / rcount)
/mnt/data/user_liangzhiyu/envs/fedcsl/lib/python3.8/site-packages/numpy/core/fromnumeric.py:3432: RuntimeWarning: Mean of empty slice.
  return _methods._mean(a, axis=axis, dtype=dtype,
/mnt/data/user_liangzhiyu/envs/fedcsl/lib/python3.8/site-packages/numpy/core/_methods.py:190: RuntimeWarning: invalid value encountered in double_scalars
  ret = ret.dtype.type(ret / rcount)
/mnt/data/user_liangzhiyu/envs/fedcsl/lib/python3.8/site-packages/numpy/core/fromnumeric.py:3432: RuntimeWarning: Mean of empty slice.
  return _methods._mean(a, axis=axis, dtype=dtype,
/mnt/data/user_liangzhiyu/envs/fedcsl/lib/python3.8/site-packages/numpy/core/_methods.py:190: RuntimeWarning: invalid value encountered in double_scalars
  ret = ret.dtype.type(ret / rcount)
/mnt/data/user_liangzhiyu/envs/fedcsl/lib/python3.8/site-packages/numpy/core/fromnumeric.py:3432: RuntimeWarning: Mean of empty slice.
  return _methods._mean(a, axis=axis, dtype=dtype,
/mnt/data/user_liangzhiyu/envs/fedcsl/lib/python3.8/site-packages/numpy/core/_methods.py:190: RuntimeWarning: invalid value encountered in double_scalars
  ret = ret.dtype.type(ret / rcount)
/mnt/data/user_liangzhiyu/envs/fedcsl/lib/python3.8/site-packages/numpy/core/fromnumeric.py:3432: RuntimeWarning: Mean of empty slice.
  return _methods._mean(a, axis=axis, dtype=dtype,
/mnt/data/user_liangzhiyu/envs/fedcsl/lib/python3.8/site-packages/numpy/core/_methods.py:190: RuntimeWarning: invalid value encountered in double_scalars
  ret = ret.dtype.type(ret / rcount)
/mnt/data/user_liangzhiyu/envs/fedcsl/lib/python3.8/site-packages/numpy/core/fromnumeric.py:3432: RuntimeWarning: Mean of empty slice.
  return _methods._mean(a, axis=axis, dtype=dtype,
/mnt/data/user_liangzhiyu/envs/fedcsl/lib/python3.8/site-packages/numpy/core/_methods.py:190: RuntimeWarning: invalid value encountered in double_scalars
  ret = ret.dtype.type(ret / rcount)
/mnt/data/user_liangzhiyu/envs/fedcsl/lib/python3.8/site-packages/numpy/core/fromnumeric.py:3432: RuntimeWarning: Mean of empty slice.
  return _methods._mean(a, axis=axis, dtype=dtype,
/mnt/data/user_liangzhiyu/envs/fedcsl/lib/python3.8/site-packages/numpy/core/_methods.py:190: RuntimeWarning: invalid value encountered in double_scalars
  ret = ret.dtype.type(ret / rcount)
/mnt/data/user_liangzhiyu/envs/fedcsl/lib/python3.8/site-packages/numpy/core/fromnumeric.py:3432: RuntimeWarning: Mean of empty slice.
  return _methods._mean(a, axis=axis, dtype=dtype,
/mnt/data/user_liangzhiyu/envs/fedcsl/lib/python3.8/site-packages/numpy/core/_methods.py:190: RuntimeWarning: invalid value encountered in double_scalars
  ret = ret.dtype.type(ret / rcount)
/mnt/data/user_liangzhiyu/envs/fedcsl/lib/python3.8/site-packages/numpy/core/fromnumeric.py:3432: RuntimeWarning: Mean of empty slice.
  return _methods._mean(a, axis=axis, dtype=dtype,
/mnt/data/user_liangzhiyu/envs/fedcsl/lib/python3.8/site-packages/numpy/core/_methods.py:190: RuntimeWarning: invalid value encountered in double_scalars
  ret = ret.dtype.type(ret / rcount)
/mnt/data/user_liangzhiyu/envs/fedcsl/lib/python3.8/site-packages/numpy/core/fromnumeric.py:3432: RuntimeWarning: Mean of empty slice.
  return _methods._mean(a, axis=axis, dtype=dtype,
/mnt/data/user_liangzhiyu/envs/fedcsl/lib/python3.8/site-packages/numpy/core/_methods.py:190: RuntimeWarning: invalid value encountered in double_scalars
  ret = ret.dtype.type(ret / rcount)
/mnt/data/user_liangzhiyu/envs/fedcsl/lib/python3.8/site-packages/numpy/core/fromnumeric.py:3432: RuntimeWarning: Mean of empty slice.
  return _methods._mean(a, axis=axis, dtype=dtype,
/mnt/data/user_liangzhiyu/envs/fedcsl/lib/python3.8/site-packages/numpy/core/_methods.py:190: RuntimeWarning: invalid value encountered in double_scalars
  ret = ret.dtype.type(ret / rcount)
/mnt/data/user_liangzhiyu/envs/fedcsl/lib/python3.8/site-packages/numpy/core/fromnumeric.py:3432: RuntimeWarning: Mean of empty slice.
  return _methods._mean(a, axis=axis, dtype=dtype,
/mnt/data/user_liangzhiyu/envs/fedcsl/lib/python3.8/site-packages/numpy/core/_methods.py:190: RuntimeWarning: invalid value encountered in double_scalars
  ret = ret.dtype.type(ret / rcount)
/mnt/data/user_liangzhiyu/envs/fedcsl/lib/python3.8/site-packages/numpy/core/fromnumeric.py:3432: RuntimeWarning: Mean of empty slice.
  return _methods._mean(a, axis=axis, dtype=dtype,
/mnt/data/user_liangzhiyu/envs/fedcsl/lib/python3.8/site-packages/numpy/core/_methods.py:190: RuntimeWarning: invalid value encountered in double_scalars
  ret = ret.dtype.type(ret / rcount)
/mnt/data/user_liangzhiyu/envs/fedcsl/lib/python3.8/site-packages/numpy/core/fromnumeric.py:3432: RuntimeWarning: Mean of empty slice.
  return _methods._mean(a, axis=axis, dtype=dtype,
/mnt/data/user_liangzhiyu/envs/fedcsl/lib/python3.8/site-packages/numpy/core/_methods.py:190: RuntimeWarning: invalid value encountered in double_scalars
  ret = ret.dtype.type(ret / rcount)
/mnt/data/user_liangzhiyu/envs/fedcsl/lib/python3.8/site-packages/numpy/core/fromnumeric.py:3432: RuntimeWarning: Mean of empty slice.
  return _methods._mean(a, axis=axis, dtype=dtype,
/mnt/data/user_liangzhiyu/envs/fedcsl/lib/python3.8/site-packages/numpy/core/_methods.py:190: RuntimeWarning: invalid value encountered in double_scalars
  ret = ret.dtype.type(ret / rcount)
/mnt/data/user_liangzhiyu/envs/fedcsl/lib/python3.8/site-packages/numpy/core/fromnumeric.py:3432: RuntimeWarning: Mean of empty slice.
  return _methods._mean(a, axis=axis, dtype=dtype,
/mnt/data/user_liangzhiyu/envs/fedcsl/lib/python3.8/site-packages/numpy/core/_methods.py:190: RuntimeWarning: invalid value encountered in double_scalars
  ret = ret.dtype.type(ret / rcount)
/mnt/data/user_liangzhiyu/envs/fedcsl/lib/python3.8/site-packages/numpy/core/fromnumeric.py:3432: RuntimeWarning: Mean of empty slice.
  return _methods._mean(a, axis=axis, dtype=dtype,
/mnt/data/user_liangzhiyu/envs/fedcsl/lib/python3.8/site-packages/numpy/core/_methods.py:190: RuntimeWarning: invalid value encountered in double_scalars
  ret = ret.dtype.type(ret / rcount)
/mnt/data/user_liangzhiyu/envs/fedcsl/lib/python3.8/site-packages/numpy/core/fromnumeric.py:3432: RuntimeWarning: Mean of empty slice.
  return _methods._mean(a, axis=axis, dtype=dtype,
/mnt/data/user_liangzhiyu/envs/fedcsl/lib/python3.8/site-packages/numpy/core/_methods.py:190: RuntimeWarning: invalid value encountered in double_scalars
  ret = ret.dtype.type(ret / rcount)
/mnt/data/user_liangzhiyu/envs/fedcsl/lib/python3.8/site-packages/numpy/core/fromnumeric.py:3432: RuntimeWarning: Mean of empty slice.
  return _methods._mean(a, axis=axis, dtype=dtype,
/mnt/data/user_liangzhiyu/envs/fedcsl/lib/python3.8/site-packages/numpy/core/_methods.py:190: RuntimeWarning: invalid value encountered in double_scalars
  ret = ret.dtype.type(ret / rcount)
/mnt/data/user_liangzhiyu/envs/fedcsl/lib/python3.8/site-packages/numpy/core/fromnumeric.py:3432: RuntimeWarning: Mean of empty slice.
  return _methods._mean(a, axis=axis, dtype=dtype,
/mnt/data/user_liangzhiyu/envs/fedcsl/lib/python3.8/site-packages/numpy/core/_methods.py:190: RuntimeWarning: invalid value encountered in double_scalars
  ret = ret.dtype.type(ret / rcount)
/mnt/data/user_liangzhiyu/envs/fedcsl/lib/python3.8/site-packages/numpy/core/fromnumeric.py:3432: RuntimeWarning: Mean of empty slice.
  return _methods._mean(a, axis=axis, dtype=dtype,
/mnt/data/user_liangzhiyu/envs/fedcsl/lib/python3.8/site-packages/numpy/core/_methods.py:190: RuntimeWarning: invalid value encountered in double_scalars
  ret = ret.dtype.type(ret / rcount)
/mnt/data/user_liangzhiyu/envs/fedcsl/lib/python3.8/site-packages/numpy/core/fromnumeric.py:3432: RuntimeWarning: Mean of empty slice.
  return _methods._mean(a, axis=axis, dtype=dtype,
/mnt/data/user_liangzhiyu/envs/fedcsl/lib/python3.8/site-packages/numpy/core/_methods.py:190: RuntimeWarning: invalid value encountered in double_scalars
  ret = ret.dtype.type(ret / rcount)
/mnt/data/user_liangzhiyu/envs/fedcsl/lib/python3.8/site-packages/numpy/core/fromnumeric.py:3432: RuntimeWarning: Mean of empty slice.
  return _methods._mean(a, axis=axis, dtype=dtype,
/mnt/data/user_liangzhiyu/envs/fedcsl/lib/python3.8/site-packages/numpy/core/_methods.py:190: RuntimeWarning: invalid value encountered in double_scalars
  ret = ret.dtype.type(ret / rcount)
/mnt/data/user_liangzhiyu/envs/fedcsl/lib/python3.8/site-packages/numpy/core/fromnumeric.py:3432: RuntimeWarning: Mean of empty slice.
  return _methods._mean(a, axis=axis, dtype=dtype,
/mnt/data/user_liangzhiyu/envs/fedcsl/lib/python3.8/site-packages/numpy/core/_methods.py:190: RuntimeWarning: invalid value encountered in double_scalars
  ret = ret.dtype.type(ret / rcount)
/mnt/data/user_liangzhiyu/envs/fedcsl/lib/python3.8/site-packages/numpy/core/fromnumeric.py:3432: RuntimeWarning: Mean of empty slice.
  return _methods._mean(a, axis=axis, dtype=dtype,
/mnt/data/user_liangzhiyu/envs/fedcsl/lib/python3.8/site-packages/numpy/core/_methods.py:190: RuntimeWarning: invalid value encountered in double_scalars
  ret = ret.dtype.type(ret / rcount)
/mnt/data/user_liangzhiyu/envs/fedcsl/lib/python3.8/site-packages/numpy/core/fromnumeric.py:3432: RuntimeWarning: Mean of empty slice.
  return _methods._mean(a, axis=axis, dtype=dtype,
/mnt/data/user_liangzhiyu/envs/fedcsl/lib/python3.8/site-packages/numpy/core/_methods.py:190: RuntimeWarning: invalid value encountered in double_scalars
  ret = ret.dtype.type(ret / rcount)
/mnt/data/user_liangzhiyu/envs/fedcsl/lib/python3.8/site-packages/numpy/core/fromnumeric.py:3432: RuntimeWarning: Mean of empty slice.
  return _methods._mean(a, axis=axis, dtype=dtype,
/mnt/data/user_liangzhiyu/envs/fedcsl/lib/python3.8/site-packages/numpy/core/_methods.py:190: RuntimeWarning: invalid value encountered in double_scalars
  ret = ret.dtype.type(ret / rcount)
/mnt/data/user_liangzhiyu/envs/fedcsl/lib/python3.8/site-packages/numpy/core/fromnumeric.py:3432: RuntimeWarning: Mean of empty slice.
  return _methods._mean(a, axis=axis, dtype=dtype,
/mnt/data/user_liangzhiyu/envs/fedcsl/lib/python3.8/site-packages/numpy/core/_methods.py:190: RuntimeWarning: invalid value encountered in double_scalars
  ret = ret.dtype.type(ret / rcount)
/mnt/data/user_liangzhiyu/envs/fedcsl/lib/python3.8/site-packages/numpy/core/fromnumeric.py:3432: RuntimeWarning: Mean of empty slice.
  return _methods._mean(a, axis=axis, dtype=dtype,
/mnt/data/user_liangzhiyu/envs/fedcsl/lib/python3.8/site-packages/numpy/core/_methods.py:190: RuntimeWarning: invalid value encountered in double_scalars
  ret = ret.dtype.type(ret / rcount)
/mnt/data/user_liangzhiyu/envs/fedcsl/lib/python3.8/site-packages/numpy/core/fromnumeric.py:3432: RuntimeWarning: Mean of empty slice.
  return _methods._mean(a, axis=axis, dtype=dtype,
/mnt/data/user_liangzhiyu/envs/fedcsl/lib/python3.8/site-packages/numpy/core/_methods.py:190: RuntimeWarning: invalid value encountered in double_scalars
  ret = ret.dtype.type(ret / rcount)
/mnt/data/user_liangzhiyu/envs/fedcsl/lib/python3.8/site-packages/numpy/core/fromnumeric.py:3432: RuntimeWarning: Mean of empty slice.
  return _methods._mean(a, axis=axis, dtype=dtype,
/mnt/data/user_liangzhiyu/envs/fedcsl/lib/python3.8/site-packages/numpy/core/_methods.py:190: RuntimeWarning: invalid value encountered in double_scalars
  ret = ret.dtype.type(ret / rcount)
/mnt/data/user_liangzhiyu/envs/fedcsl/lib/python3.8/site-packages/numpy/core/fromnumeric.py:3432: RuntimeWarning: Mean of empty slice.
  return _methods._mean(a, axis=axis, dtype=dtype,
/mnt/data/user_liangzhiyu/envs/fedcsl/lib/python3.8/site-packages/numpy/core/_methods.py:190: RuntimeWarning: invalid value encountered in double_scalars
  ret = ret.dtype.type(ret / rcount)
/mnt/data/user_liangzhiyu/envs/fedcsl/lib/python3.8/site-packages/numpy/core/fromnumeric.py:3432: RuntimeWarning: Mean of empty slice.
  return _methods._mean(a, axis=axis, dtype=dtype,
/mnt/data/user_liangzhiyu/envs/fedcsl/lib/python3.8/site-packages/numpy/core/_methods.py:190: RuntimeWarning: invalid value encountered in double_scalars
  ret = ret.dtype.type(ret / rcount)
/mnt/data/user_liangzhiyu/envs/fedcsl/lib/python3.8/site-packages/numpy/core/fromnumeric.py:3432: RuntimeWarning: Mean of empty slice.
  return _methods._mean(a, axis=axis, dtype=dtype,
/mnt/data/user_liangzhiyu/envs/fedcsl/lib/python3.8/site-packages/numpy/core/_methods.py:190: RuntimeWarning: invalid value encountered in double_scalars
  ret = ret.dtype.type(ret / rcount)
/mnt/data/user_liangzhiyu/envs/fedcsl/lib/python3.8/site-packages/numpy/core/fromnumeric.py:3432: RuntimeWarning: Mean of empty slice.
  return _methods._mean(a, axis=axis, dtype=dtype,
/mnt/data/user_liangzhiyu/envs/fedcsl/lib/python3.8/site-packages/numpy/core/_methods.py:190: RuntimeWarning: invalid value encountered in double_scalars
  ret = ret.dtype.type(ret / rcount)
/mnt/data/user_liangzhiyu/envs/fedcsl/lib/python3.8/site-packages/numpy/core/fromnumeric.py:3432: RuntimeWarning: Mean of empty slice.
  return _methods._mean(a, axis=axis, dtype=dtype,
/mnt/data/user_liangzhiyu/envs/fedcsl/lib/python3.8/site-packages/numpy/core/_methods.py:190: RuntimeWarning: invalid value encountered in double_scalars
  ret = ret.dtype.type(ret / rcount)
/mnt/data/user_liangzhiyu/envs/fedcsl/lib/python3.8/site-packages/numpy/core/fromnumeric.py:3432: RuntimeWarning: Mean of empty slice.
  return _methods._mean(a, axis=axis, dtype=dtype,
/mnt/data/user_liangzhiyu/envs/fedcsl/lib/python3.8/site-packages/numpy/core/_methods.py:190: RuntimeWarning: invalid value encountered in double_scalars
  ret = ret.dtype.type(ret / rcount)
/mnt/data/user_liangzhiyu/envs/fedcsl/lib/python3.8/site-packages/numpy/core/fromnumeric.py:3432: RuntimeWarning: Mean of empty slice.
  return _methods._mean(a, axis=axis, dtype=dtype,
/mnt/data/user_liangzhiyu/envs/fedcsl/lib/python3.8/site-packages/numpy/core/_methods.py:190: RuntimeWarning: invalid value encountered in double_scalars
  ret = ret.dtype.type(ret / rcount)
/mnt/data/user_liangzhiyu/envs/fedcsl/lib/python3.8/site-packages/numpy/core/fromnumeric.py:3432: RuntimeWarning: Mean of empty slice.
  return _methods._mean(a, axis=axis, dtype=dtype,
/mnt/data/user_liangzhiyu/envs/fedcsl/lib/python3.8/site-packages/numpy/core/_methods.py:190: RuntimeWarning: invalid value encountered in double_scalars
  ret = ret.dtype.type(ret / rcount)
/mnt/data/user_liangzhiyu/envs/fedcsl/lib/python3.8/site-packages/numpy/core/fromnumeric.py:3432: RuntimeWarning: Mean of empty slice.
  return _methods._mean(a, axis=axis, dtype=dtype,
/mnt/data/user_liangzhiyu/envs/fedcsl/lib/python3.8/site-packages/numpy/core/_methods.py:190: RuntimeWarning: invalid value encountered in double_scalars
  ret = ret.dtype.type(ret / rcount)
/mnt/data/user_liangzhiyu/envs/fedcsl/lib/python3.8/site-packages/numpy/core/fromnumeric.py:3432: RuntimeWarning: Mean of empty slice.
  return _methods._mean(a, axis=axis, dtype=dtype,
/mnt/data/user_liangzhiyu/envs/fedcsl/lib/python3.8/site-packages/numpy/core/_methods.py:190: RuntimeWarning: invalid value encountered in double_scalars
  ret = ret.dtype.type(ret / rcount)
/mnt/data/user_liangzhiyu/envs/fedcsl/lib/python3.8/site-packages/numpy/core/fromnumeric.py:3432: RuntimeWarning: Mean of empty slice.
  return _methods._mean(a, axis=axis, dtype=dtype,
/mnt/data/user_liangzhiyu/envs/fedcsl/lib/python3.8/site-packages/numpy/core/_methods.py:190: RuntimeWarning: invalid value encountered in double_scalars
  ret = ret.dtype.type(ret / rcount)
/mnt/data/user_liangzhiyu/envs/fedcsl/lib/python3.8/site-packages/numpy/core/fromnumeric.py:3432: RuntimeWarning: Mean of empty slice.
  return _methods._mean(a, axis=axis, dtype=dtype,
/mnt/data/user_liangzhiyu/envs/fedcsl/lib/python3.8/site-packages/numpy/core/_methods.py:190: RuntimeWarning: invalid value encountered in double_scalars
  ret = ret.dtype.type(ret / rcount)
/mnt/data/user_liangzhiyu/envs/fedcsl/lib/python3.8/site-packages/numpy/core/fromnumeric.py:3432: RuntimeWarning: Mean of empty slice.
  return _methods._mean(a, axis=axis, dtype=dtype,
/mnt/data/user_liangzhiyu/envs/fedcsl/lib/python3.8/site-packages/numpy/core/_methods.py:190: RuntimeWarning: invalid value encountered in double_scalars
  ret = ret.dtype.type(ret / rcount)
/mnt/data/user_liangzhiyu/envs/fedcsl/lib/python3.8/site-packages/numpy/core/fromnumeric.py:3432: RuntimeWarning: Mean of empty slice.
  return _methods._mean(a, axis=axis, dtype=dtype,
/mnt/data/user_liangzhiyu/envs/fedcsl/lib/python3.8/site-packages/numpy/core/_methods.py:190: RuntimeWarning: invalid value encountered in double_scalars
  ret = ret.dtype.type(ret / rcount)
/mnt/data/user_liangzhiyu/envs/fedcsl/lib/python3.8/site-packages/numpy/core/fromnumeric.py:3432: RuntimeWarning: Mean of empty slice.
  return _methods._mean(a, axis=axis, dtype=dtype,
/mnt/data/user_liangzhiyu/envs/fedcsl/lib/python3.8/site-packages/numpy/core/_methods.py:190: RuntimeWarning: invalid value encountered in double_scalars
  ret = ret.dtype.type(ret / rcount)
/mnt/data/user_liangzhiyu/envs/fedcsl/lib/python3.8/site-packages/numpy/core/fromnumeric.py:3432: RuntimeWarning: Mean of empty slice.
  return _methods._mean(a, axis=axis, dtype=dtype,
/mnt/data/user_liangzhiyu/envs/fedcsl/lib/python3.8/site-packages/numpy/core/_methods.py:190: RuntimeWarning: invalid value encountered in double_scalars
  ret = ret.dtype.type(ret / rcount)
/mnt/data/user_liangzhiyu/envs/fedcsl/lib/python3.8/site-packages/numpy/core/fromnumeric.py:3432: RuntimeWarning: Mean of empty slice.
  return _methods._mean(a, axis=axis, dtype=dtype,
/mnt/data/user_liangzhiyu/envs/fedcsl/lib/python3.8/site-packages/numpy/core/_methods.py:190: RuntimeWarning: invalid value encountered in double_scalars
  ret = ret.dtype.type(ret / rcount)
/mnt/data/user_liangzhiyu/envs/fedcsl/lib/python3.8/site-packages/numpy/core/fromnumeric.py:3432: RuntimeWarning: Mean of empty slice.
  return _methods._mean(a, axis=axis, dtype=dtype,
/mnt/data/user_liangzhiyu/envs/fedcsl/lib/python3.8/site-packages/numpy/core/_methods.py:190: RuntimeWarning: invalid value encountered in double_scalars
  ret = ret.dtype.type(ret / rcount)
/mnt/data/user_liangzhiyu/envs/fedcsl/lib/python3.8/site-packages/numpy/core/fromnumeric.py:3432: RuntimeWarning: Mean of empty slice.
  return _methods._mean(a, axis=axis, dtype=dtype,
/mnt/data/user_liangzhiyu/envs/fedcsl/lib/python3.8/site-packages/numpy/core/_methods.py:190: RuntimeWarning: invalid value encountered in double_scalars
  ret = ret.dtype.type(ret / rcount)
/mnt/data/user_liangzhiyu/envs/fedcsl/lib/python3.8/site-packages/numpy/core/fromnumeric.py:3432: RuntimeWarning: Mean of empty slice.
  return _methods._mean(a, axis=axis, dtype=dtype,
/mnt/data/user_liangzhiyu/envs/fedcsl/lib/python3.8/site-packages/numpy/core/_methods.py:190: RuntimeWarning: invalid value encountered in double_scalars
  ret = ret.dtype.type(ret / rcount)
/mnt/data/user_liangzhiyu/envs/fedcsl/lib/python3.8/site-packages/numpy/core/fromnumeric.py:3432: RuntimeWarning: Mean of empty slice.
  return _methods._mean(a, axis=axis, dtype=dtype,
/mnt/data/user_liangzhiyu/envs/fedcsl/lib/python3.8/site-packages/numpy/core/_methods.py:190: RuntimeWarning: invalid value encountered in double_scalars
  ret = ret.dtype.type(ret / rcount)
/mnt/data/user_liangzhiyu/envs/fedcsl/lib/python3.8/site-packages/numpy/core/fromnumeric.py:3432: RuntimeWarning: Mean of empty slice.
  return _methods._mean(a, axis=axis, dtype=dtype,
/mnt/data/user_liangzhiyu/envs/fedcsl/lib/python3.8/site-packages/numpy/core/_methods.py:190: RuntimeWarning: invalid value encountered in double_scalars
  ret = ret.dtype.type(ret / rcount)
/mnt/data/user_liangzhiyu/envs/fedcsl/lib/python3.8/site-packages/numpy/core/fromnumeric.py:3432: RuntimeWarning: Mean of empty slice.
  return _methods._mean(a, axis=axis, dtype=dtype,
/mnt/data/user_liangzhiyu/envs/fedcsl/lib/python3.8/site-packages/numpy/core/_methods.py:190: RuntimeWarning: invalid value encountered in double_scalars
  ret = ret.dtype.type(ret / rcount)
/mnt/data/user_liangzhiyu/envs/fedcsl/lib/python3.8/site-packages/numpy/core/fromnumeric.py:3432: RuntimeWarning: Mean of empty slice.
  return _methods._mean(a, axis=axis, dtype=dtype,
/mnt/data/user_liangzhiyu/envs/fedcsl/lib/python3.8/site-packages/numpy/core/_methods.py:190: RuntimeWarning: invalid value encountered in double_scalars
  ret = ret.dtype.type(ret / rcount)
/mnt/data/user_liangzhiyu/envs/fedcsl/lib/python3.8/site-packages/numpy/core/fromnumeric.py:3432: RuntimeWarning: Mean of empty slice.
  return _methods._mean(a, axis=axis, dtype=dtype,
/mnt/data/user_liangzhiyu/envs/fedcsl/lib/python3.8/site-packages/numpy/core/_methods.py:190: RuntimeWarning: invalid value encountered in double_scalars
  ret = ret.dtype.type(ret / rcount)
/mnt/data/user_liangzhiyu/envs/fedcsl/lib/python3.8/site-packages/numpy/core/fromnumeric.py:3432: RuntimeWarning: Mean of empty slice.
  return _methods._mean(a, axis=axis, dtype=dtype,
/mnt/data/user_liangzhiyu/envs/fedcsl/lib/python3.8/site-packages/numpy/core/_methods.py:190: RuntimeWarning: invalid value encountered in double_scalars
  ret = ret.dtype.type(ret / rcount)
/mnt/data/user_liangzhiyu/envs/fedcsl/lib/python3.8/site-packages/numpy/core/fromnumeric.py:3432: RuntimeWarning: Mean of empty slice.
  return _methods._mean(a, axis=axis, dtype=dtype,
/mnt/data/user_liangzhiyu/envs/fedcsl/lib/python3.8/site-packages/numpy/core/_methods.py:190: RuntimeWarning: invalid value encountered in double_scalars
  ret = ret.dtype.type(ret / rcount)
/mnt/data/user_liangzhiyu/envs/fedcsl/lib/python3.8/site-packages/numpy/core/fromnumeric.py:3432: RuntimeWarning: Mean of empty slice.
  return _methods._mean(a, axis=axis, dtype=dtype,
/mnt/data/user_liangzhiyu/envs/fedcsl/lib/python3.8/site-packages/numpy/core/_methods.py:190: RuntimeWarning: invalid value encountered in double_scalars
  ret = ret.dtype.type(ret / rcount)
/mnt/data/user_liangzhiyu/envs/fedcsl/lib/python3.8/site-packages/numpy/core/fromnumeric.py:3432: RuntimeWarning: Mean of empty slice.
  return _methods._mean(a, axis=axis, dtype=dtype,
/mnt/data/user_liangzhiyu/envs/fedcsl/lib/python3.8/site-packages/numpy/core/_methods.py:190: RuntimeWarning: invalid value encountered in double_scalars
  ret = ret.dtype.type(ret / rcount)
/mnt/data/user_liangzhiyu/envs/fedcsl/lib/python3.8/site-packages/numpy/core/fromnumeric.py:3432: RuntimeWarning: Mean of empty slice.
  return _methods._mean(a, axis=axis, dtype=dtype,
/mnt/data/user_liangzhiyu/envs/fedcsl/lib/python3.8/site-packages/numpy/core/_methods.py:190: RuntimeWarning: invalid value encountered in double_scalars
  ret = ret.dtype.type(ret / rcount)
/mnt/data/user_liangzhiyu/envs/fedcsl/lib/python3.8/site-packages/numpy/core/fromnumeric.py:3432: RuntimeWarning: Mean of empty slice.
  return _methods._mean(a, axis=axis, dtype=dtype,
/mnt/data/user_liangzhiyu/envs/fedcsl/lib/python3.8/site-packages/numpy/core/_methods.py:190: RuntimeWarning: invalid value encountered in double_scalars
  ret = ret.dtype.type(ret / rcount)
/mnt/data/user_liangzhiyu/envs/fedcsl/lib/python3.8/site-packages/numpy/core/fromnumeric.py:3432: RuntimeWarning: Mean of empty slice.
  return _methods._mean(a, axis=axis, dtype=dtype,
/mnt/data/user_liangzhiyu/envs/fedcsl/lib/python3.8/site-packages/numpy/core/_methods.py:190: RuntimeWarning: invalid value encountered in double_scalars
  ret = ret.dtype.type(ret / rcount)
/mnt/data/user_liangzhiyu/envs/fedcsl/lib/python3.8/site-packages/numpy/core/fromnumeric.py:3432: RuntimeWarning: Mean of empty slice.
  return _methods._mean(a, axis=axis, dtype=dtype,
/mnt/data/user_liangzhiyu/envs/fedcsl/lib/python3.8/site-packages/numpy/core/_methods.py:190: RuntimeWarning: invalid value encountered in double_scalars
  ret = ret.dtype.type(ret / rcount)
/mnt/data/user_liangzhiyu/envs/fedcsl/lib/python3.8/site-packages/numpy/core/fromnumeric.py:3432: RuntimeWarning: Mean of empty slice.
  return _methods._mean(a, axis=axis, dtype=dtype,
/mnt/data/user_liangzhiyu/envs/fedcsl/lib/python3.8/site-packages/numpy/core/_methods.py:190: RuntimeWarning: invalid value encountered in double_scalars
  ret = ret.dtype.type(ret / rcount)
/mnt/data/user_liangzhiyu/envs/fedcsl/lib/python3.8/site-packages/numpy/core/fromnumeric.py:3432: RuntimeWarning: Mean of empty slice.
  return _methods._mean(a, axis=axis, dtype=dtype,
/mnt/data/user_liangzhiyu/envs/fedcsl/lib/python3.8/site-packages/numpy/core/_methods.py:190: RuntimeWarning: invalid value encountered in double_scalars
  ret = ret.dtype.type(ret / rcount)
/mnt/data/user_liangzhiyu/envs/fedcsl/lib/python3.8/site-packages/numpy/core/fromnumeric.py:3432: RuntimeWarning: Mean of empty slice.
  return _methods._mean(a, axis=axis, dtype=dtype,
(5, 3)
[1.05530355 1.35894069 0.58575576]
Classification: 1.0 0.4 378
(2, 3)
(5, 3)
(5, 3)
[1.05530355 1.35894069 0.58575576]
Classification: 1.0 0.4 379
(2, 3)
(5, 3)
(5, 3)
[1.05530355 1.35894069 0.58575576]
Classification: 1.0 0.4 380
(2, 3)
(5, 3)
(5, 3)
[1.05530355 1.35894069 0.58575576]
Classification: 1.0 0.4 381
(2, 3)
(5, 3)
(5, 3)
[1.05530355 1.35894069 0.58575576]
Classification: 1.0 0.4 382
(2, 3)
(5, 3)
(5, 3)
[1.05530355 1.35894069 0.58575576]
Classification: 1.0 0.4 383
(2, 3)
(5, 3)
(5, 3)
[1.05530355 1.35894069 0.58575576]
Classification: 1.0 0.4 384
(2, 3)
(5, 3)
(5, 3)
[1.05530355 1.35894069 0.58575576]
Classification: 1.0 0.4 385
(2, 3)
(5, 3)
(5, 3)
[1.05530355 1.35894069 0.58575576]
Classification: 1.0 0.4 386
(2, 3)
(5, 3)
(5, 3)
[1.05530355 1.35894069 0.58575576]
Classification: 1.0 0.4 387
(2, 3)
(5, 3)
(5, 3)
[1.05530355 1.35894069 0.58575576]
Classification: 1.0 0.4 388
(2, 3)
(5, 3)
(5, 3)
[1.05530355 1.35894069 0.58575576]
Classification: 1.0 0.4 389
(2, 3)
(5, 3)
(5, 3)
[1.05530355 1.35894069 0.58575576]
Classification: 1.0 0.4 390
(2, 3)
(5, 3)
(5, 3)
[1.05530355 1.35894069 0.58575576]
Classification: 1.0 0.4 391
(2, 3)
(5, 3)
(5, 3)
[1.05530355 1.35894069 0.58575576]
Classification: 1.0 0.4 392
(2, 3)
(5, 3)
(5, 3)
[1.05530355 1.35894069 0.58575576]
Classification: 1.0 0.4 393
(2, 3)
(5, 3)
(5, 3)
[1.05530355 1.35894069 0.58575576]
Classification: 1.0 0.4 394
(2, 3)
(5, 3)
(5, 3)
[1.05530355 1.35894069 0.58575576]
Classification: 1.0 0.4 395
(2, 3)
(5, 3)
(5, 3)
[1.05530355 1.35894069 0.58575576]
Classification: 1.0 0.4 396
(2, 3)
(5, 3)
(5, 3)
[1.05530355 1.35894069 0.58575576]
Classification: 1.0 0.4 397
(2, 3)
(5, 3)
(5, 3)
[1.05530355 1.35894069 0.58575576]
Classification: 1.0 0.4 398
(2, 3)
(5, 3)
(5, 3)
[1.05530355 1.35894069 0.58575576]
Classification: 1.0 0.4 399
(2, 3)
(5, 3)
(5, 3)
[1.05530355 1.35894069 0.58575576]
Classification: 1.0 0.4 400
(2, 3)
(5, 3)
(5, 3)
[1.05530355 1.35894069 0.58575576]
Classification: 1.0 0.4 401
(2, 3)
(5, 3)
(5, 3)
[1.05530355 1.35894069 0.58575576]
Classification: 1.0 0.4 402
(2, 3)
(5, 3)
(5, 3)
[1.05530355 1.35894069 0.58575576]
Classification: 1.0 0.4 403
(2, 3)
(5, 3)
(5, 3)
[1.05530355 1.35894069 0.58575576]
Classification: 1.0 0.4 404
(2, 3)
(5, 3)
(5, 3)
[1.05530355 1.35894069 0.58575576]
Classification: 1.0 0.4 405
(2, 3)
(5, 3)
(5, 3)
[1.05530355 1.35894069 0.58575576]
Classification: 1.0 0.4 406
(2, 3)
(5, 3)
(5, 3)
[1.05530355 1.35894069 0.58575576]
Classification: 1.0 0.4 407
(2, 3)
(5, 3)
(5, 3)
[1.05530355 1.35894069 0.58575576]
Classification: 1.0 0.4 408
(2, 3)
(5, 3)
(5, 3)
[1.05530355 1.35894069 0.58575576]
Classification: 1.0 0.4 409
(2, 3)
(5, 3)
(5, 3)
[1.05530355 1.35894069 0.58575576]
Classification: 1.0 0.4 410
(2, 3)
(5, 3)
(5, 3)
[1.05530355 1.35894069 0.58575576]
Classification: 1.0 0.4 411
(2, 3)
(5, 3)
(5, 3)
[1.05530355 1.35894069 0.58575576]
Classification: 1.0 0.4 412
(2, 3)
(5, 3)
(5, 3)
[1.05530355 1.35894069 0.58575576]
Classification: 1.0 0.4 413
(2, 3)
(5, 3)
(5, 3)
[1.05530355 1.35894069 0.58575576]
Classification: 1.0 0.4 414
(2, 3)
(5, 3)
(5, 3)
[1.05530355 1.35894069 0.58575576]
Classification: 1.0 0.4 415
(2, 3)
(5, 3)
(5, 3)
[1.05530355 1.35894069 0.58575576]
Classification: 1.0 0.4 416
(2, 3)
(5, 3)
(5, 3)
[1.05530355 1.35894069 0.58575576]
Classification: 1.0 0.4 417
(2, 3)
(5, 3)
(5, 3)
[1.05530355 1.35894069 0.58575576]
Classification: 1.0 0.4 418
(2, 3)
(5, 3)
(5, 3)
[1.05530355 1.35894069 0.58575576]
Classification: 1.0 0.4 419
(2, 3)
(5, 3)
(5, 3)
[1.05530355 1.35894069 0.58575576]
Classification: 1.0 0.4 420
(2, 3)
(5, 3)
(5, 3)
[1.05530355 1.35894069 0.58575576]
Classification: 1.0 0.4 421
(2, 3)
(5, 3)
(5, 3)
[1.05530355 1.35894069 0.58575576]
Classification: 1.0 0.4 422
(2, 3)
(5, 3)
(5, 3)
[1.05530355 1.35894069 0.58575576]
Classification: 1.0 0.4 423
(2, 3)
(5, 3)
(5, 3)
[1.05530355 1.35894069 0.58575576]
Classification: 1.0 0.4 424
(2, 3)
(5, 3)
(5, 3)
[1.05530355 1.35894069 0.58575576]
Classification: 1.0 0.4 425
(2, 3)
(5, 3)
(5, 3)
[1.05530355 1.35894069 0.58575576]
Classification: 1.0 0.4 426
(2, 3)
(5, 3)
(5, 3)
[1.05530355 1.35894069 0.58575576]
Classification: 1.0 0.4 427
(2, 3)
(5, 3)
(5, 3)
[1.05530355 1.35894069 0.58575576]
Classification: 1.0 0.4 428
(2, 3)
(5, 3)
(5, 3)
[1.05530355 1.35894069 0.58575576]
Classification: 1.0 0.4 429
(2, 3)
(5, 3)
(5, 3)
[1.05530355 1.35894069 0.58575576]
Classification: 1.0 0.4 430
(2, 3)
(5, 3)
(5, 3)
[1.05530355 1.35894069 0.58575576]
Classification: 1.0 0.4 431
(2, 3)
(5, 3)
(5, 3)
[1.05530355 1.35894069 0.58575576]
Classification: 1.0 0.4 432
(2, 3)
(5, 3)
(5, 3)
[1.05530355 1.35894069 0.58575576]
Classification: 1.0 0.4 433
(2, 3)
(5, 3)
(5, 3)
[1.05530355 1.35894069 0.58575576]
Classification: 1.0 0.4 434
(2, 3)
(5, 3)
(5, 3)
[1.05530355 1.35894069 0.58575576]
Classification: 1.0 0.4 435
(2, 3)
(5, 3)
(5, 3)
[1.05530355 1.35894069 0.58575576]
Classification: 1.0 0.4 436
(2, 3)
(5, 3)
(5, 3)
[1.05530355 1.35894069 0.58575576]
Classification: 1.0 0.4 437
(2, 3)
(5, 3)
(5, 3)
[1.05530355 1.35894069 0.58575576]
Classification: 1.0 0.4 438
(2, 3)
(5, 3)
(5, 3)
[1.05530355 1.35894069 0.58575576]
Classification: 1.0 0.4 439
(2, 3)
(5, 3)
(5, 3)
[1.05530355 1.35894069 0.58575576]
Classification: 1.0 0.4 440
(2, 3)
(5, 3)
(5, 3)
[1.05530355 1.35894069 0.58575576]
Classification: 1.0 0.4 441
(2, 3)
(5, 3)
(5, 3)
[1.05530355 1.35894069 0.58575576]
Classification: 1.0 0.4 442
(2, 3)
(5, 3)
(5, 3)
[1.05530355 1.35894069 0.58575576]
Classification: 1.0 0.4 443
(2, 3)
(5, 3)
(5, 3)
[1.05530355 1.35894069 0.58575576]
Classification: 1.0 0.4 444
(2, 3)
(5, 3)
(5, 3)
[1.05530355 1.35894069 0.58575576]
Classification: 1.0 0.4 445
(2, 3)
(5, 3)
(5, 3)
[1.05530355 1.35894069 0.58575576]
Classification: 1.0 0.4 446
(2, 3)
(5, 3)
(5, 3)
[1.05530355 1.35894069 0.58575576]
Classification: 1.0 0.4 447
(2, 3)
(5, 3)
(5, 3)
[1.05530355 1.35894069 0.58575576]
Classification: 1.0 0.4 448
(2, 3)
(5, 3)
(5, 3)
[1.05530355 1.35894069 0.58575576]
Classification: 1.0 0.4 449
(2, 3)
(5, 3)
(5, 3)
[1.05530355 1.35894069 0.58575576]
Classification: 1.0 0.4 450
(2, 3)
(5, 3)
(5, 3)
[1.05530355 1.35894069 0.58575576]
Classification: 1.0 0.4 451
(2, 3)
(5, 3)
(5, 3)
[1.05530355 1.35894069 0.58575576]
Classification: 1.0 0.4 452
(2, 3)
(5, 3)
(5, 3)
[1.05530355 1.35894069 0.58575576]
Classification: 1.0 0.4 453
(2, 3)
(5, 3)
(5, 3)
[1.05530355 1.35894069 0.58575576]
Classification: 1.0 0.4 454
(2, 3)
(5, 3)
(5, 3)
[1.05530355 1.35894069 0.58575576]
Classification: 1.0 0.4 455
(2, 3)
(5, 3)
(5, 3)
[1.05530355 1.35894069 0.58575576]
Classification: 1.0 0.4 456
(2, 3)
(5, 3)
(5, 3)
[1.05530355 1.35894069 0.58575576]
Classification: 1.0 0.4 457
(2, 3)
(5, 3)
(5, 3)
[1.05530355 1.35894069 0.58575576]
Classification: 1.0 0.4 458
(2, 3)
(5, 3)
(5, 3)
[1.05530355 1.35894069 0.58575576]
Classification: 1.0 0.4 459
(2, 3)
(5, 3)
(5, 3)
[1.05530355 1.35894069 0.58575576]
Classification: 1.0 0.4 460
(2, 3)
(5, 3)
(5, 3)
[1.05530355 1.35894069 0.58575576]
Classification: 1.0 0.4 461
(2, 3)
(5, 3)
(5, 3)
[1.05530355 1.35894069 0.58575576]
Classification: 1.0 0.4 462
(2, 3)
(5, 3)
(5, 3)
[1.05530355 1.35894069 0.58575576]
Classification: 1.0 0.4 463
(2, 3)
(5, 3)
(5, 3)
[1.05530355 1.35894069 0.58575576]
Classification: 1.0 0.4 464
(2, 3)
(5, 3)
(5, 3)
[1.05530355 1.35894069 0.58575576]
Classification: 1.0 0.4 465
(2, 3)
(5, 3)
(5, 3)
[1.05530355 1.35894069 0.58575576]
Classification: 1.0 0.4 466
(2, 3)
(5, 3)
(5, 3)
[1.05530355 1.35894069 0.58575576]
Classification: 1.0 0.4 467
(2, 3)
(5, 3)
(5, 3)
[1.05530355 1.35894069 0.58575576]
Classification: 1.0 0.4 468
(2, 3)
(5, 3)
(5, 3)
[1.05530355 1.35894069 0.58575576]
Classification: 1.0 0.4 469
(2, 3)
(5, 3)
(5, 3)
[1.05530355 1.35894069 0.58575576]
Classification: 1.0 0.4 470
(2, 3)
(5, 3)
(5, 3)
[1.05530355 1.35894069 0.58575576]
Classification: 1.0 0.4 471
(2, 3)
(5, 3)
(5, 3)
[1.05530355 1.35894069 0.58575576]
Classification: 1.0 0.4 472
(2, 3)
(5, 3)
(5, 3)
[1.05530355 1.35894069 0.58575576]
Classification: 1.0 0.4 473
(2, 3)
(5, 3)
(5, 3)
[1.05530355 1.35894069 0.58575576]
Classification: 1.0 0.4 474
(2, 3)
(5, 3)
(5, 3)
[1.05530355 1.35894069 0.58575576]
/mnt/data/user_liangzhiyu/envs/fedcsl/lib/python3.8/site-packages/numpy/core/_methods.py:190: RuntimeWarning: invalid value encountered in double_scalars
  ret = ret.dtype.type(ret / rcount)
/mnt/data/user_liangzhiyu/envs/fedcsl/lib/python3.8/site-packages/numpy/core/fromnumeric.py:3432: RuntimeWarning: Mean of empty slice.
  return _methods._mean(a, axis=axis, dtype=dtype,
/mnt/data/user_liangzhiyu/envs/fedcsl/lib/python3.8/site-packages/numpy/core/_methods.py:190: RuntimeWarning: invalid value encountered in double_scalars
  ret = ret.dtype.type(ret / rcount)
/mnt/data/user_liangzhiyu/envs/fedcsl/lib/python3.8/site-packages/numpy/core/fromnumeric.py:3432: RuntimeWarning: Mean of empty slice.
  return _methods._mean(a, axis=axis, dtype=dtype,
/mnt/data/user_liangzhiyu/envs/fedcsl/lib/python3.8/site-packages/numpy/core/_methods.py:190: RuntimeWarning: invalid value encountered in double_scalars
  ret = ret.dtype.type(ret / rcount)
/mnt/data/user_liangzhiyu/envs/fedcsl/lib/python3.8/site-packages/numpy/core/fromnumeric.py:3432: RuntimeWarning: Mean of empty slice.
  return _methods._mean(a, axis=axis, dtype=dtype,
/mnt/data/user_liangzhiyu/envs/fedcsl/lib/python3.8/site-packages/numpy/core/_methods.py:190: RuntimeWarning: invalid value encountered in double_scalars
  ret = ret.dtype.type(ret / rcount)
/mnt/data/user_liangzhiyu/envs/fedcsl/lib/python3.8/site-packages/numpy/core/fromnumeric.py:3432: RuntimeWarning: Mean of empty slice.
  return _methods._mean(a, axis=axis, dtype=dtype,
/mnt/data/user_liangzhiyu/envs/fedcsl/lib/python3.8/site-packages/numpy/core/_methods.py:190: RuntimeWarning: invalid value encountered in double_scalars
  ret = ret.dtype.type(ret / rcount)
/mnt/data/user_liangzhiyu/envs/fedcsl/lib/python3.8/site-packages/numpy/core/fromnumeric.py:3432: RuntimeWarning: Mean of empty slice.
  return _methods._mean(a, axis=axis, dtype=dtype,
/mnt/data/user_liangzhiyu/envs/fedcsl/lib/python3.8/site-packages/numpy/core/_methods.py:190: RuntimeWarning: invalid value encountered in double_scalars
  ret = ret.dtype.type(ret / rcount)
/mnt/data/user_liangzhiyu/envs/fedcsl/lib/python3.8/site-packages/numpy/core/fromnumeric.py:3432: RuntimeWarning: Mean of empty slice.
  return _methods._mean(a, axis=axis, dtype=dtype,
/mnt/data/user_liangzhiyu/envs/fedcsl/lib/python3.8/site-packages/numpy/core/_methods.py:190: RuntimeWarning: invalid value encountered in double_scalars
  ret = ret.dtype.type(ret / rcount)
/mnt/data/user_liangzhiyu/envs/fedcsl/lib/python3.8/site-packages/numpy/core/fromnumeric.py:3432: RuntimeWarning: Mean of empty slice.
  return _methods._mean(a, axis=axis, dtype=dtype,
/mnt/data/user_liangzhiyu/envs/fedcsl/lib/python3.8/site-packages/numpy/core/_methods.py:190: RuntimeWarning: invalid value encountered in double_scalars
  ret = ret.dtype.type(ret / rcount)
/mnt/data/user_liangzhiyu/envs/fedcsl/lib/python3.8/site-packages/numpy/core/fromnumeric.py:3432: RuntimeWarning: Mean of empty slice.
  return _methods._mean(a, axis=axis, dtype=dtype,
/mnt/data/user_liangzhiyu/envs/fedcsl/lib/python3.8/site-packages/numpy/core/_methods.py:190: RuntimeWarning: invalid value encountered in double_scalars
  ret = ret.dtype.type(ret / rcount)
/mnt/data/user_liangzhiyu/envs/fedcsl/lib/python3.8/site-packages/numpy/core/fromnumeric.py:3432: RuntimeWarning: Mean of empty slice.
  return _methods._mean(a, axis=axis, dtype=dtype,
/mnt/data/user_liangzhiyu/envs/fedcsl/lib/python3.8/site-packages/numpy/core/_methods.py:190: RuntimeWarning: invalid value encountered in double_scalars
  ret = ret.dtype.type(ret / rcount)
/mnt/data/user_liangzhiyu/envs/fedcsl/lib/python3.8/site-packages/numpy/core/fromnumeric.py:3432: RuntimeWarning: Mean of empty slice.
  return _methods._mean(a, axis=axis, dtype=dtype,
/mnt/data/user_liangzhiyu/envs/fedcsl/lib/python3.8/site-packages/numpy/core/_methods.py:190: RuntimeWarning: invalid value encountered in double_scalars
  ret = ret.dtype.type(ret / rcount)
/mnt/data/user_liangzhiyu/envs/fedcsl/lib/python3.8/site-packages/numpy/core/fromnumeric.py:3432: RuntimeWarning: Mean of empty slice.
  return _methods._mean(a, axis=axis, dtype=dtype,
/mnt/data/user_liangzhiyu/envs/fedcsl/lib/python3.8/site-packages/numpy/core/_methods.py:190: RuntimeWarning: invalid value encountered in double_scalars
  ret = ret.dtype.type(ret / rcount)
/mnt/data/user_liangzhiyu/envs/fedcsl/lib/python3.8/site-packages/numpy/core/fromnumeric.py:3432: RuntimeWarning: Mean of empty slice.
  return _methods._mean(a, axis=axis, dtype=dtype,
/mnt/data/user_liangzhiyu/envs/fedcsl/lib/python3.8/site-packages/numpy/core/_methods.py:190: RuntimeWarning: invalid value encountered in double_scalars
  ret = ret.dtype.type(ret / rcount)
/mnt/data/user_liangzhiyu/envs/fedcsl/lib/python3.8/site-packages/numpy/core/fromnumeric.py:3432: RuntimeWarning: Mean of empty slice.
  return _methods._mean(a, axis=axis, dtype=dtype,
/mnt/data/user_liangzhiyu/envs/fedcsl/lib/python3.8/site-packages/numpy/core/_methods.py:190: RuntimeWarning: invalid value encountered in double_scalars
  ret = ret.dtype.type(ret / rcount)
/mnt/data/user_liangzhiyu/envs/fedcsl/lib/python3.8/site-packages/numpy/core/fromnumeric.py:3432: RuntimeWarning: Mean of empty slice.
  return _methods._mean(a, axis=axis, dtype=dtype,
/mnt/data/user_liangzhiyu/envs/fedcsl/lib/python3.8/site-packages/numpy/core/_methods.py:190: RuntimeWarning: invalid value encountered in double_scalars
  ret = ret.dtype.type(ret / rcount)
/mnt/data/user_liangzhiyu/envs/fedcsl/lib/python3.8/site-packages/numpy/core/fromnumeric.py:3432: RuntimeWarning: Mean of empty slice.
  return _methods._mean(a, axis=axis, dtype=dtype,
/mnt/data/user_liangzhiyu/envs/fedcsl/lib/python3.8/site-packages/numpy/core/_methods.py:190: RuntimeWarning: invalid value encountered in double_scalars
  ret = ret.dtype.type(ret / rcount)
/mnt/data/user_liangzhiyu/envs/fedcsl/lib/python3.8/site-packages/numpy/core/fromnumeric.py:3432: RuntimeWarning: Mean of empty slice.
  return _methods._mean(a, axis=axis, dtype=dtype,
/mnt/data/user_liangzhiyu/envs/fedcsl/lib/python3.8/site-packages/numpy/core/_methods.py:190: RuntimeWarning: invalid value encountered in double_scalars
  ret = ret.dtype.type(ret / rcount)
/mnt/data/user_liangzhiyu/envs/fedcsl/lib/python3.8/site-packages/numpy/core/fromnumeric.py:3432: RuntimeWarning: Mean of empty slice.
  return _methods._mean(a, axis=axis, dtype=dtype,
/mnt/data/user_liangzhiyu/envs/fedcsl/lib/python3.8/site-packages/numpy/core/_methods.py:190: RuntimeWarning: invalid value encountered in double_scalars
  ret = ret.dtype.type(ret / rcount)
/mnt/data/user_liangzhiyu/envs/fedcsl/lib/python3.8/site-packages/numpy/core/fromnumeric.py:3432: RuntimeWarning: Mean of empty slice.
  return _methods._mean(a, axis=axis, dtype=dtype,
/mnt/data/user_liangzhiyu/envs/fedcsl/lib/python3.8/site-packages/numpy/core/_methods.py:190: RuntimeWarning: invalid value encountered in double_scalars
  ret = ret.dtype.type(ret / rcount)
/mnt/data/user_liangzhiyu/envs/fedcsl/lib/python3.8/site-packages/numpy/core/fromnumeric.py:3432: RuntimeWarning: Mean of empty slice.
  return _methods._mean(a, axis=axis, dtype=dtype,
/mnt/data/user_liangzhiyu/envs/fedcsl/lib/python3.8/site-packages/numpy/core/_methods.py:190: RuntimeWarning: invalid value encountered in double_scalars
  ret = ret.dtype.type(ret / rcount)
/mnt/data/user_liangzhiyu/envs/fedcsl/lib/python3.8/site-packages/numpy/core/fromnumeric.py:3432: RuntimeWarning: Mean of empty slice.
  return _methods._mean(a, axis=axis, dtype=dtype,
/mnt/data/user_liangzhiyu/envs/fedcsl/lib/python3.8/site-packages/numpy/core/_methods.py:190: RuntimeWarning: invalid value encountered in double_scalars
  ret = ret.dtype.type(ret / rcount)
/mnt/data/user_liangzhiyu/envs/fedcsl/lib/python3.8/site-packages/numpy/core/fromnumeric.py:3432: RuntimeWarning: Mean of empty slice.
  return _methods._mean(a, axis=axis, dtype=dtype,
/mnt/data/user_liangzhiyu/envs/fedcsl/lib/python3.8/site-packages/numpy/core/_methods.py:190: RuntimeWarning: invalid value encountered in double_scalars
  ret = ret.dtype.type(ret / rcount)
/mnt/data/user_liangzhiyu/envs/fedcsl/lib/python3.8/site-packages/numpy/core/fromnumeric.py:3432: RuntimeWarning: Mean of empty slice.
  return _methods._mean(a, axis=axis, dtype=dtype,
/mnt/data/user_liangzhiyu/envs/fedcsl/lib/python3.8/site-packages/numpy/core/_methods.py:190: RuntimeWarning: invalid value encountered in double_scalars
  ret = ret.dtype.type(ret / rcount)
/mnt/data/user_liangzhiyu/envs/fedcsl/lib/python3.8/site-packages/numpy/core/fromnumeric.py:3432: RuntimeWarning: Mean of empty slice.
  return _methods._mean(a, axis=axis, dtype=dtype,
/mnt/data/user_liangzhiyu/envs/fedcsl/lib/python3.8/site-packages/numpy/core/_methods.py:190: RuntimeWarning: invalid value encountered in double_scalars
  ret = ret.dtype.type(ret / rcount)
/mnt/data/user_liangzhiyu/envs/fedcsl/lib/python3.8/site-packages/numpy/core/fromnumeric.py:3432: RuntimeWarning: Mean of empty slice.
  return _methods._mean(a, axis=axis, dtype=dtype,
/mnt/data/user_liangzhiyu/envs/fedcsl/lib/python3.8/site-packages/numpy/core/_methods.py:190: RuntimeWarning: invalid value encountered in double_scalars
  ret = ret.dtype.type(ret / rcount)
/mnt/data/user_liangzhiyu/envs/fedcsl/lib/python3.8/site-packages/numpy/core/fromnumeric.py:3432: RuntimeWarning: Mean of empty slice.
  return _methods._mean(a, axis=axis, dtype=dtype,
/mnt/data/user_liangzhiyu/envs/fedcsl/lib/python3.8/site-packages/numpy/core/_methods.py:190: RuntimeWarning: invalid value encountered in double_scalars
  ret = ret.dtype.type(ret / rcount)
/mnt/data/user_liangzhiyu/envs/fedcsl/lib/python3.8/site-packages/numpy/core/fromnumeric.py:3432: RuntimeWarning: Mean of empty slice.
  return _methods._mean(a, axis=axis, dtype=dtype,
/mnt/data/user_liangzhiyu/envs/fedcsl/lib/python3.8/site-packages/numpy/core/_methods.py:190: RuntimeWarning: invalid value encountered in double_scalars
  ret = ret.dtype.type(ret / rcount)
/mnt/data/user_liangzhiyu/envs/fedcsl/lib/python3.8/site-packages/numpy/core/fromnumeric.py:3432: RuntimeWarning: Mean of empty slice.
  return _methods._mean(a, axis=axis, dtype=dtype,
/mnt/data/user_liangzhiyu/envs/fedcsl/lib/python3.8/site-packages/numpy/core/_methods.py:190: RuntimeWarning: invalid value encountered in double_scalars
  ret = ret.dtype.type(ret / rcount)
/mnt/data/user_liangzhiyu/envs/fedcsl/lib/python3.8/site-packages/numpy/core/fromnumeric.py:3432: RuntimeWarning: Mean of empty slice.
  return _methods._mean(a, axis=axis, dtype=dtype,
/mnt/data/user_liangzhiyu/envs/fedcsl/lib/python3.8/site-packages/numpy/core/_methods.py:190: RuntimeWarning: invalid value encountered in double_scalars
  ret = ret.dtype.type(ret / rcount)
/mnt/data/user_liangzhiyu/envs/fedcsl/lib/python3.8/site-packages/numpy/core/fromnumeric.py:3432: RuntimeWarning: Mean of empty slice.
  return _methods._mean(a, axis=axis, dtype=dtype,
/mnt/data/user_liangzhiyu/envs/fedcsl/lib/python3.8/site-packages/numpy/core/_methods.py:190: RuntimeWarning: invalid value encountered in double_scalars
  ret = ret.dtype.type(ret / rcount)
Classification: 1.0 0.4 475
(2, 3)
(5, 3)
(5, 3)
[1.05530355 1.35894069 0.58575576]
Classification: 1.0 0.4 476
(2, 3)
(5, 3)
(5, 3)
[1.05530355 1.35894069 0.58575576]
Classification: 1.0 0.4 477
(2, 3)
(5, 3)
(5, 3)
[1.05530355 1.35894069 0.58575576]
Classification: 1.0 0.4 478
(2, 3)
(5, 3)
(5, 3)
[1.05530355 1.35894069 0.58575576]
Classification: 1.0 0.4 479
(2, 3)
(5, 3)
(5, 3)
[1.05530355 1.35894069 0.58575576]
Classification: 1.0 0.4 480
(2, 3)
(5, 3)
(5, 3)
[1.05530355 1.35894069 0.58575576]
Classification: 1.0 0.4 481
(2, 3)
(5, 3)
(5, 3)
[1.05530355 1.35894069 0.58575576]
Classification: 1.0 0.4 482
(2, 3)
(5, 3)
(5, 3)
[1.05530355 1.35894069 0.58575576]
Classification: 1.0 0.4 483
(2, 3)
(5, 3)
(5, 3)
[1.05530355 1.35894069 0.58575576]
Classification: 1.0 0.4 484
(2, 3)
(5, 3)
(5, 3)
[1.05530355 1.35894069 0.58575576]
Classification: 1.0 0.4 485
(2, 3)
(5, 3)
(5, 3)
[1.05530355 1.35894069 0.58575576]
Classification: 1.0 0.4 486
(2, 3)
(5, 3)
(5, 3)
[1.05530355 1.35894069 0.58575576]
Classification: 1.0 0.4 487
(2, 3)
(5, 3)
(5, 3)
[1.05530355 1.35894069 0.58575576]
Classification: 1.0 0.4 488
(2, 3)
(5, 3)
(5, 3)
[1.05530355 1.35894069 0.58575576]
Classification: 1.0 0.4 489
(2, 3)
(5, 3)
(5, 3)
[1.05530355 1.35894069 0.58575576]
Classification: 1.0 0.4 490
(2, 3)
(5, 3)
(5, 3)
[1.05530355 1.35894069 0.58575576]
Classification: 1.0 0.4 491
(2, 3)
(5, 3)
(5, 3)
[1.05530355 1.35894069 0.58575576]
Classification: 1.0 0.4 492
(2, 3)
(5, 3)
(5, 3)
[1.05530355 1.35894069 0.58575576]
Classification: 1.0 0.4 493
(2, 3)
(5, 3)
(5, 3)
[1.05530355 1.35894069 0.58575576]
Classification: 1.0 0.4 494
(2, 3)
(5, 3)
(5, 3)
[1.05530355 1.35894069 0.58575576]
Classification: 1.0 0.4 495
(2, 3)
(5, 3)
(5, 3)
[1.05530355 1.35894069 0.58575576]
Classification: 1.0 0.4 496
(2, 3)
(5, 3)
(5, 3)
[1.05530355 1.35894069 0.58575576]
Classification: 1.0 0.4 497
(2, 3)
(5, 3)
(5, 3)
[1.05530355 1.35894069 0.58575576]
Classification: 1.0 0.4 498
(2, 3)
(5, 3)
(5, 3)
[1.05530355 1.35894069 0.58575576]
Classification: 1.0 0.4 499
best round is 0, acc is 0.400000
Model saved to ./checkpoint/StandWalkJump/2025-03-11-17_StandWalkJump_model.pt
