Running experiment with dataset: UWaveGestureLibrary, config: ./result/ablation_study/config_UWaveGestureLibrary.yml
[0.09514033 0.10277917 0.11127909 0.12035814 0.12964186 0.13872091
 0.14722083 0.15485967]
120
<class 'pandas.core.frame.DataFrame'>
RangeIndex: 120 entries, 0 to 119
Data columns (total 4 columns):
 #   Column      Non-Null Count  Dtype 
---  ------      --------------  ----- 
 0   dim_0       120 non-null    object
 1   dim_1       120 non-null    object
 2   dim_2       120 non-null    object
 3   class_vals  120 non-null    object
dtypes: object(4)
memory usage: 3.9+ KB
None
{315}
<class 'pandas.core.frame.DataFrame'>
RangeIndex: 120 entries, 0 to 119
Data columns (total 4 columns):
 #   Column      Non-Null Count  Dtype 
---  ------      --------------  ----- 
 0   dim_0       120 non-null    object
 1   dim_1       120 non-null    object
 2   dim_2       120 non-null    object
 3   class_vals  120 non-null    object
dtypes: object(4)
memory usage: 3.9+ KB
None
[0 0 0 0 0 0 0 0 0 0 0 0 0 0 0 1 1 1 1 1 1 1 1 1 1 1 1 1 1 1 2 2 2 2 2 2 2
 2 2 2 2 2 2 2 2 3 3 3 3 3 3 3 3 3 3 3 3 3 3 3 4 4 4 4 4 4 4 4 4 4 4 4 4 4
 4 5 5 5 5 5 5 5 5 5 5 5 5 5 5 5 6 6 6 6 6 6 6 6 6 6 6 6 6 6 6 7 7 7 7 7 7
 7 7 7 7 7 7 7 7 7]
[ 15  16  17  18  19  20  21  22  23  24  25  26  27  28  60  61  62  63
  64  65  66  67  68  69  70  71  72  73  90  91  92  93  94 105 106 107
 108 109 110 111 112 113 114 115 116 117 118]
[1, 1, 1, 1, 1, 1, 1, 1, 1, 1, 1, 1, 1, 1, 4, 4, 4, 4, 4, 4, 4, 4, 4, 4, 4, 4, 4, 4, 6, 6, 6, 6, 6, 7, 7, 7, 7, 7, 7, 7, 7, 7, 7, 7, 7, 7, 7]
[2, 2, 2, 2, 2, 2, 2, 2, 2, 2, 2, 2, 2, 2, 3, 3, 3, 3, 3, 3, 3, 3, 3, 3, 3, 3, 3, 3]
[0, 0, 0, 0, 0, 0, 0, 0, 0, 0, 0, 0, 0, 0, 0, 1, 2, 3, 4, 5, 5, 5, 5, 5, 5, 5, 5, 5, 5, 5, 5, 5, 5, 5, 6, 6, 6, 6, 6, 6, 6, 6, 6, 6, 7]
shapelet initialized! 

All 3 clinet initialized! 

(47, 8)
(28, 8)
(45, 8)
[0.76336855 0.63141055 1.6052209 ]
Classification: 1.0 0.925 0
(47, 8)
(28, 8)
(45, 8)
[0.83004151 0.62309832 1.54686017]
Classification: 1.0 0.91875 1
(47, 8)
(28, 8)
(45, 8)
[0.90994345 0.66648521 1.42357134]
Classification: 1.0 0.91875 2
(47, 8)
(28, 8)
(45, 8)
[0.95525092 0.68456952 1.36017956]
Classification: 1.0 0.91875 3
(47, 8)
(28, 8)
(45, 8)
[0.8424403  0.75197488 1.40558482]
Classification: 1.0 0.91875 4
(47, 8)
(28, 8)
(45, 8)
[0.88996564 0.7385893  1.37144505]
Classification: 1.0 0.91875 5
(47, 8)
(28, 8)
(45, 8)
[0.9138106  0.68716706 1.39902234]
Classification: 1.0 0.91875 6
(47, 8)
(28, 8)
(45, 8)
[0.85154436 0.74706221 1.40139343]
Classification: 1.0 0.91875 7
(47, 8)
(28, 8)
(45, 8)
[0.88309979 0.63327861 1.48362161]
Classification: 1.0 0.91875 8
(47, 8)
(28, 8)
(45, 8)
[0.94482864 0.682819   1.37235236]
Classification: 1.0 0.91875 9
(47, 8)
(28, 8)
(45, 8)
[0.91804153 0.66166045 1.42029803]
Classification: 1.0 0.91875 10
(47, 8)
(28, 8)
(45, 8)
[0.91318198 0.72425972 1.3625583 ]
Classification: 1.0 0.91875 11
(47, 8)
(28, 8)
(45, 8)
[0.87510605 0.80696686 1.3179271 ]
Classification: 1.0 0.91875 12
(47, 8)
(28, 8)
(45, 8)
[0.90266476 0.76153936 1.33579588]
Classification: 1.0 0.91875 13
(47, 8)
(28, 8)
(45, 8)
[0.90288023 0.75581358 1.3413062 ]
Classification: 1.0 0.91875 14
(47, 8)
(28, 8)
(45, 8)
[0.91020297 0.68596251 1.40383452]
Classification: 1.0 0.91875 15
(47, 8)
(28, 8)
(45, 8)
[0.87804021 0.77768985 1.34426994]
Classification: 1.0 0.91875 16
(47, 8)
(28, 8)
(45, 8)
[0.95114011 0.68917441 1.35968548]
Classification: 1.0 0.91875 17
(47, 8)
(28, 8)
(45, 8)
[0.91627012 0.7257586  1.35797128]
Classification: 1.0 0.91875 18
(47, 8)
(28, 8)
(45, 8)
[0.90614643 0.7711047  1.32274887]
Classification: 1.0 0.91875 19
(47, 8)
(28, 8)
(45, 8)
[0.86746366 0.7156261  1.41691024]
Classification: 1.0 0.91875 20
(47, 8)
(28, 8)
(45, 8)
[0.90455544 0.77257308 1.32287147]
Classification: 1.0 0.91875 21
(47, 8)
(28, 8)
(45, 8)
[0.86808117 0.70205286 1.42986598]
Classification: 1.0 0.91875 22
(47, 8)
(28, 8)
(45, 8)
[0.82835425 0.6978394  1.47380634]
Classification: 1.0 0.91875 23
(47, 8)
(28, 8)
(45, 8)
[0.86314299 0.70503615 1.43182086]
Classification: 1.0 0.91875 24
(47, 8)
(28, 8)
(45, 8)
[0.86401329 0.72189252 1.41409419]
Classification: 1.0 0.91875 25
(47, 8)
(28, 8)
(45, 8)
[0.92659549 0.66933744 1.40406707]
Classification: 1.0 0.91875 26
(47, 8)
(28, 8)
(45, 8)
[0.94836718 0.70944091 1.34219191]
Classification: 1.0 0.91875 27
(47, 8)
(28, 8)
(45, 8)
[0.88096865 0.77471288 1.34431848]
Classification: 1.0 0.91875 28
(47, 8)
(28, 8)
(45, 8)
[0.85917421 0.75062328 1.39020251]
Classification: 1.0 0.91875 29
(47, 8)
(28, 8)
(45, 8)
[0.90553174 0.70572955 1.38873871]
Classification: 1.0 0.91875 30
(47, 8)
(28, 8)
(45, 8)
[0.86577885 0.67376951 1.46045164]
Classification: 1.0 0.91875 31
(47, 8)
(28, 8)
(45, 8)
[0.943622   0.63674341 1.41963459]
Classification: 1.0 0.91875 32
(47, 8)
(28, 8)
(45, 8)
[0.89794955 0.70316432 1.39888614]
Classification: 1.0 0.91875 33
(47, 8)
(28, 8)
(45, 8)
[0.91885358 0.73581015 1.34533628]
Classification: 1.0 0.91875 34
(47, 8)
(28, 8)
(45, 8)
[0.89800238 0.68316255 1.41883507]
Classification: 1.0 0.91875 35
(47, 8)
(28, 8)
(45, 8)
[0.89835654 0.71900526 1.3826382 ]
Classification: 1.0 0.91875 36
(47, 8)
(28, 8)
(45, 8)
[0.89062136 0.72166953 1.38770911]
Classification: 1.0 0.91875 37
(47, 8)
(28, 8)
(45, 8)
[0.8244183  0.75942721 1.41615449]
Classification: 1.0 0.91875 38
(47, 8)
(28, 8)
(45, 8)
[0.84527742 0.75633898 1.39838359]
Classification: 1.0 0.91875 39
(47, 8)
(28, 8)
(45, 8)
[0.88558177 0.73036764 1.38405059]
Classification: 1.0 0.91875 40
(47, 8)
(28, 8)
(45, 8)
[0.8725276  0.73624789 1.39122451]
Classification: 1.0 0.91875 41
(47, 8)
(28, 8)
(45, 8)
[0.87988025 0.75232121 1.36779854]
Classification: 1.0 0.921875 42
(47, 8)
(28, 8)
(45, 8)
[0.88385461 0.71161171 1.40453368]
Classification: 1.0 0.921875 43
(47, 8)
(28, 8)
(45, 8)
[0.9816242  0.7562149  1.26216091]
Classification: 1.0 0.91875 44
(47, 8)
(28, 8)
(45, 8)
[0.91180173 0.70413858 1.38405969]
Classification: 1.0 0.91875 45
(47, 8)
(28, 8)
(45, 8)
[0.97717651 0.71206203 1.31076146]
Classification: 1.0 0.91875 46
(47, 8)
(28, 8)
(45, 8)
[0.8663603  0.73414071 1.39949899]
Classification: 1.0 0.91875 47
(47, 8)
(28, 8)
(45, 8)
[0.86516927 0.74115295 1.39367778]
Classification: 1.0 0.91875 48
(47, 8)
(28, 8)
(45, 8)
[0.91609978 0.70723677 1.37666345]
Classification: 1.0 0.91875 49
(47, 8)
(28, 8)
(45, 8)
[0.88739114 0.73712724 1.37548162]
Classification: 1.0 0.91875 50
(47, 8)
(28, 8)
(45, 8)
[0.91792713 0.71260477 1.3694681 ]
Classification: 1.0 0.91875 51
(47, 8)
(28, 8)
(45, 8)
[0.87889038 0.73248562 1.38862401]
Classification: 1.0 0.91875 52
(47, 8)
(28, 8)
(45, 8)
[0.93881629 0.71028282 1.35090089]
Classification: 1.0 0.91875 53
(47, 8)
(28, 8)
(45, 8)
[0.91737517 0.70228395 1.38034087]
Classification: 1.0 0.91875 54
(47, 8)
(28, 8)
(45, 8)
[0.90398917 0.67774047 1.41827036]
Classification: 1.0 0.921875 55
(47, 8)
(28, 8)
(45, 8)
[0.94057594 0.67144366 1.3879804 ]
Classification: 1.0 0.921875 56
(47, 8)
(28, 8)
(45, 8)
[0.97712885 0.67442878 1.34844238]
Classification: 1.0 0.91875 57
(47, 8)
(28, 8)
(45, 8)
[0.89382607 0.68151822 1.42465571]
Classification: 1.0 0.91875 58
(47, 8)
(28, 8)
(45, 8)
[0.85466115 0.71061098 1.43472787]
Classification: 1.0 0.91875 59
(47, 8)
(28, 8)
(45, 8)
[0.8409024  0.71699765 1.44209995]
Classification: 1.0 0.91875 60
(47, 8)
(28, 8)
(45, 8)
[0.90714135 0.69662659 1.39623206]
Classification: 1.0 0.91875 61
(47, 8)
(28, 8)
(45, 8)
[0.84676364 0.6429883  1.51024806]
Classification: 1.0 0.91875 62
(47, 8)
(28, 8)
(45, 8)
[0.88743094 0.72950236 1.38306671]
Classification: 1.0 0.91875 63
(47, 8)
(28, 8)
(45, 8)
[0.86023723 0.70122536 1.43853741]
Classification: 1.0 0.91875 64
(47, 8)
(28, 8)
(45, 8)
[0.87270095 0.6844995  1.44279955]
Classification: 1.0 0.921875 65
(47, 8)
(28, 8)
(45, 8)
[0.83294806 0.76110051 1.40595143]
Classification: 1.0 0.91875 66
(47, 8)
(28, 8)
(45, 8)
[0.8841168  0.74109481 1.3747884 ]
Classification: 1.0 0.91875 67
(47, 8)
(28, 8)
(45, 8)
[0.85530938 0.65569152 1.4889991 ]
Classification: 1.0 0.91875 68
(47, 8)
(28, 8)
(45, 8)
[0.888191   0.73688289 1.37492611]
Classification: 1.0 0.91875 69
(47, 8)
(28, 8)
(45, 8)
[0.81775707 0.76428262 1.41796031]
Classification: 1.0 0.91875 70
(47, 8)
(28, 8)
(45, 8)
[0.84430286 0.7031762  1.45252094]
Classification: 1.0/mnt/data/user_liangzhiyu/envs/fedcsl/lib/python3.8/site-packages/scipy/__init__.py:146: UserWarning: A NumPy version >=1.16.5 and <1.23.0 is required for this version of SciPy (detected version 1.23.5
  warnings.warn(f"A NumPy version >={np_minversion} and <{np_maxversion}"
/mnt/data/user_liangzhiyu/envs/fedcsl/lib/python3.8/site-packages/tslearn/bases/bases.py:15: UserWarning: h5py not installed, hdf5 features will not be supported.
Install h5py to use hdf5 features: http://docs.h5py.org/
  warn(h5py_msg)
/mnt/data/user_liangzhiyu/lixiongfei/CSL-main/train.py:392: UserWarning: Creating a tensor from a list of numpy.ndarrays is extremely slow. Please consider converting the list to a single numpy.ndarray with numpy.array() before converting to a tensor. (Triggered internally at /opt/conda/conda-bld/pytorch_1724789259345/work/torch/csrc/utils/tensor_new.cpp:278.)
  X = torch.tensor(X, dtype=torch.float).contiguous()
 0.91875 71
(47, 8)
(28, 8)
(45, 8)
[0.89146792 0.6704779  1.43805417]
Classification: 1.0 0.91875 72
(47, 8)
(28, 8)
(45, 8)
[0.82856093 0.73588996 1.43554911]
Classification: 1.0 0.91875 73
(47, 8)
(28, 8)
(45, 8)
[0.88866015 0.70611706 1.40522279]
Classification: 1.0 0.91875 74
(47, 8)
(28, 8)
(45, 8)
[0.89855451 0.70017117 1.40127432]
Classification: 1.0 0.91875 75
(47, 8)
(28, 8)
(45, 8)
[0.81850157 0.74217661 1.43932181]
Classification: 1.0 0.91875 76
(47, 8)
(28, 8)
(45, 8)
[0.91040506 0.6708035  1.41879144]
Classification: 1.0 0.921875 77
(47, 8)
(28, 8)
(45, 8)
[0.90930308 0.69491944 1.39577748]
Classification: 1.0 0.91875 78
(47, 8)
(28, 8)
(45, 8)
[0.92798775 0.68283481 1.38917744]
Classification: 1.0 0.91875 79
(47, 8)
(28, 8)
(45, 8)
[0.92174264 0.71089417 1.36736319]
Classification: 1.0 0.91875 80
(47, 8)
(28, 8)
(45, 8)
[0.85434915 0.68164148 1.46400937]
Classification: 1.0 0.91875 81
(47, 8)
(28, 8)
(45, 8)
[0.86548899 0.67232538 1.46218563]
Classification: 1.0 0.921875 82
(47, 8)
(28, 8)
(45, 8)
[0.84237027 0.66167346 1.49595627]
Classification: 1.0 0.921875 83
(47, 8)
(28, 8)
(45, 8)
[0.89564279 0.70578592 1.39857129]
Classification: 1.0 0.921875 84
(47, 8)
(28, 8)
(45, 8)
[0.90909323 0.67033993 1.42056683]
Classification: 1.0 0.921875 85
(47, 8)
(28, 8)
(45, 8)
[0.88963252 0.62927896 1.48108852]
Classification: 1.0 0.921875 86
(47, 8)
(28, 8)
(45, 8)
[0.85159202 0.73757477 1.41083321]
Classification: 1.0 0.925 87
(47, 8)
(28, 8)
(45, 8)
[0.87420144 0.7221327  1.40366585]
Classification: 1.0 0.921875 88
(47, 8)
(28, 8)
(45, 8)
[0.88295339 0.65316137 1.46388524]
Classification: 1.0 0.921875 89
(47, 8)
(28, 8)
(45, 8)
[0.84819845 0.73244838 1.41935316]
Classification: 1.0 0.921875 90
(47, 8)
(28, 8)
(45, 8)
[0.83839613 0.72943097 1.4321729 ]
Classification: 1.0 0.921875 91
(47, 8)
(28, 8)
(45, 8)
[0.82294519 0.77304223 1.40401258]
Classification: 1.0 0.921875 92
(47, 8)
(28, 8)
(45, 8)
[0.84307679 0.70763567 1.44928754]
Classification: 1.0 0.925 93
(47, 8)
(28, 8)
(45, 8)
[0.9081235  0.66122818 1.43064832]
Classification: 1.0 0.921875 94
(47, 8)
(28, 8)
(45, 8)
[0.88538072 0.65556761 1.45905167]
Classification: 1.0 0.925 95
(47, 8)
(28, 8)
(45, 8)
[0.8999767  0.69590637 1.40411693]
Classification: 1.0 0.925 96
(47, 8)
(28, 8)
(45, 8)
[0.89342082 0.70845245 1.39812674]
Classification: 1.0 0.921875 97
(47, 8)
(28, 8)
(45, 8)
[0.86082869 0.68956343 1.44960788]
Classification: 1.0 0.925 98
(47, 8)
(28, 8)
(45, 8)
[0.87175813 0.708491   1.41975087]
Classification: 1.0 0.921875 99
(47, 8)
(28, 8)
(45, 8)
[0.81605048 0.69876519 1.48518433]
Classification: 1.0 0.921875 100
(47, 8)
(28, 8)
(45, 8)
[0.8567341 0.7271352 1.4161307]
Classification: 1.0 0.925 101
(47, 8)
(28, 8)
(45, 8)
[0.85467027 0.70017879 1.44515095]
Classification: 1.0 0.921875 102
(47, 8)
(28, 8)
(45, 8)
[0.82427552 0.68148941 1.49423506]
Classification: 1.0 0.925 103
(47, 8)
(28, 8)
(45, 8)
[0.83657764 0.66830807 1.49511429]
Classification: 1.0 0.921875 104
(47, 8)
(28, 8)
(45, 8)
[0.82807052 0.7374762  1.43445327]
Classification: 1.0 0.921875 105
(47, 8)
(28, 8)
(45, 8)
[0.88919904 0.6947293  1.41607166]
Classification: 1.0 0.925 106
(47, 8)
(28, 8)
(45, 8)
[0.89262654 0.69809022 1.40928324]
Classification: 1.0 0.921875 107
(47, 8)
(28, 8)
(45, 8)
[0.80108247 0.69791691 1.50100061]
Classification: 1.0 0.921875 108
(47, 8)
(28, 8)
(45, 8)
[0.87116848 0.66961279 1.45921873]
Classification: 1.0 0.925 109
(47, 8)
(28, 8)
(45, 8)
[0.83858129 0.70669451 1.45472421]
Classification: 1.0 0.921875 110
(47, 8)
(28, 8)
(45, 8)
[0.85994194 0.66297524 1.47708282]
Classification: 1.0 0.921875 111
(47, 8)
(28, 8)
(45, 8)
[0.83067813 0.66518168 1.50414019]
Classification: 1.0 0.925 112
(47, 8)
(28, 8)
(45, 8)
[0.80646633 0.67863356 1.51490011]
Classification: 1.0 0.925 113
(47, 8)
(28, 8)
(45, 8)
[0.82881828 0.70333458 1.46784714]
Classification: 1.0 0.921875 114
Traceback (most recent call last):
  File "FedCSL_All.py", line 318, in <module>
    train(dataset=args.dataset)
  File "FedCSL_All.py", line 247, in train
    losses = c.train(X_fed[idx], epochs=numEpoch, batch_size=batch_size, epoch_idx=-1,lr=lr)
  File "/mnt/data/user_liangzhiyu/lixiongfei/CSL-main/train.py", line 462, in train
    current_loss_ce, C_accu_q, c_normalising_factor_q, C_accu_k, c_normalising_factor_k = self.update_CL(x, C_accu_q, c_normalising_factor_q, C_accu_k, 
  File "/mnt/data/user_liangzhiyu/lixiongfei/CSL-main/train.py", line 183, in update_CL
    k = self.model(x_k, optimize=None, masking=False)
  File "/mnt/data/user_liangzhiyu/envs/fedcsl/lib/python3.8/site-packages/torch/nn/modules/module.py", line 1553, in _wrapped_call_impl
    return self._call_impl(*args, **kwargs)
  File "/mnt/data/user_liangzhiyu/envs/fedcsl/lib/python3.8/site-packages/torch/nn/modules/module.py", line 1562, in _call_impl
    return forward_call(*args, **kwargs)
  File "/mnt/data/user_liangzhiyu/lixiongfei/CSL-main/blocks.py", line 277, in forward
    x = self.shapelets_blocks(x, masking) # 
  File "/mnt/data/user_liangzhiyu/envs/fedcsl/lib/python3.8/site-packages/torch/nn/modules/module.py", line 1553, in _wrapped_call_impl
    return self._call_impl(*args, **kwargs)
  File "/mnt/data/user_liangzhiyu/envs/fedcsl/lib/python3.8/site-packages/torch/nn/modules/module.py", line 1562, in _call_impl
    return forward_call(*args, **kwargs)
  File "/mnt/data/user_liangzhiyu/lixiongfei/CSL-main/blocks.py", line 225, in forward
    out = torch.cat((out, block(x, masking)), dim=2)
  File "/mnt/data/user_liangzhiyu/envs/fedcsl/lib/python3.8/site-packages/torch/nn/modules/module.py", line 1553, in _wrapped_call_impl
    return self._call_impl(*args, **kwargs)
  File "/mnt/data/user_liangzhiyu/envs/fedcsl/lib/python3.8/site-packages/torch/nn/modules/module.py", line 1562, in _call_impl
    return forward_call(*args, **kwargs)
  File "/mnt/data/user_liangzhiyu/lixiongfei/CSL-main/blocks.py", line 135, in forward
    x = torch.sum(x, dim=1, keepdim=True).transpose(2, 3) / n_dims
  File "/mnt/data/user_liangzhiyu/envs/fedcsl/lib/python3.8/site-packages/torch/fx/traceback.py", line 72, in format_stack
    return traceback.format_list(traceback.extract_stack()[:-1])
  File "/mnt/data/user_liangzhiyu/envs/fedcsl/lib/python3.8/traceback.py", line 39, in format_list
    return StackSummary.from_list(extracted_list).format()
  File "/mnt/data/user_liangzhiyu/envs/fedcsl/lib/python3.8/traceback.py", line 381, in from_list
    if isinstance(frame, FrameSummary):
KeyboardInterrupt
Running experiment with dataset: UWaveGestureLibrary, config: ./result/ablation_study/config_UWaveGestureLibrary.yml
[0.09514033 0.10277917 0.11127909 0.12035814 0.12964186 0.13872091
 0.14722083 0.15485967]
120
<class 'pandas.core.frame.DataFrame'>
RangeIndex: 120 entries, 0 to 119
Data columns (total 4 columns):
 #   Column      Non-Null Count  Dtype 
---  ------      --------------  ----- 
 0   dim_0       120 non-null    object
 1   dim_1       120 non-null    object
 2   dim_2       120 non-null    object
 3   class_vals  120 non-null    object
dtypes: object(4)
memory usage: 3.9+ KB
None
{315}
<class 'pandas.core.frame.DataFrame'>
RangeIndex: 120 entries, 0 to 119
Data columns (total 4 columns):
 #   Column      Non-Null Count  Dtype 
---  ------      --------------  ----- 
 0   dim_0       120 non-null    object
 1   dim_1       120 non-null    object
 2   dim_2       120 non-null    object
 3   class_vals  120 non-null    object
dtypes: object(4)
memory usage: 3.9+ KB
None
[0 0 0 0 0 0 0 0 0 0 0 0 0 0 0 1 1 1 1 1 1 1 1 1 1 1 1 1 1 1 2 2 2 2 2 2 2
 2 2 2 2 2 2 2 2 3 3 3 3 3 3 3 3 3 3 3 3 3 3 3 4 4 4 4 4 4 4 4 4 4 4 4 4 4
 4 5 5 5 5 5 5 5 5 5 5 5 5 5 5 5 6 6 6 6 6 6 6 6 6 6 6 6 6 6 6 7 7 7 7 7 7
 7 7 7 7 7 7 7 7 7]
[  0  15  30  31  32  33  34  35  36  37  45  46  47  48  49  60  75  76
  77 105 106 107 108 109 110 111]
[0, 1, 2, 2, 2, 2, 2, 2, 2, 2, 3, 3, 3, 3, 3, 4, 5, 5, 5, 7, 7, 7, 7, 7, 7, 7]
[0, 0, 0, 0, 0, 0, 0, 0, 0, 0, 0, 0, 1, 1, 2, 2, 2, 2, 2, 2, 3, 3, 4, 5, 5, 5, 5, 5, 5, 5, 6, 6, 6, 6, 6, 6, 6, 7]
[0, 0, 1, 1, 1, 1, 1, 1, 1, 1, 1, 1, 1, 1, 2, 3, 3, 3, 3, 3, 3, 3, 3, 4, 4, 4, 4, 4, 4, 4, 4, 4, 4, 4, 4, 4, 5, 5, 5, 5, 5, 6, 6, 6, 6, 6, 6, 6, 6, 7, 7, 7, 7, 7, 7, 7]
shapelet initialized! 

All 3 clinet initialized! 

(26, 8)
(38, 8)
(56, 8)
[0.90684099 1.15952903 0.93362997]
Classification: 1.0 0.921875 0
(26, 8)
(38, 8)
(56, 8)
[0.91188391 1.13869676 0.94941933]
Classification: 1.0 0.921875 1
(26, 8)
(38, 8)
(56, 8)
[0.92059365 1.10735047 0.97205587]
Classification: 1.0 0.91875 2
(26, 8)
(38, 8)
(56, 8)
[0.91586917 1.04779911 1.03633172]
Classification: 1.0 0.91875 3
(26, 8)
(38, 8)
(56, 8)
[0.90731981 1.07396774 1.01871245]
Classification: 1.0 0.921875 4
(26, 8)
(38, 8)
(56, 8)
[0.83435384 1.13440537 1.03124079]
Classification: 1.0 0.91875 5
(26, 8)
(38, 8)
(56, 8)
[0.84265436 1.07353147 1.08381417]
Classification: 1.0 0.921875 6
(26, 8)
(38, 8)
(56, 8)
[0.85559609 1.11479836 1.02960555]
Classification: 1.0 0.921875 7
(26, 8)
(38, 8)
(56, 8)
[0.83819761 1.11051205 1.05129034]
Classification: 1.0 0.921875 8
(26, 8)
(38, 8)
(56, 8)
[0.8370745  1.1133186  1.04960691]
Classification: 1.0 0.91875 9
(26, 8)
(38, 8)
(56, 8)
[0.81194822 1.08660601 1.10144576]
Classification: 1.0 0.915625 10
(26, 8)
(38, 8)
(56, 8)
[0.81457799 1.12471244 1.06070957]
Classification: 1.0 0.91875 11
(26, 8)
(38, 8)
(56, 8)
[0.83568348 1.11046735 1.05384918]
Classification: 1.0 0.91875 12
(26, 8)
(38, 8)
(56, 8)
[0.88867719 1.11706388 0.99425894]
Classification: 1.0 0.91875 13
(26, 8)
(38, 8)
(56, 8)
[0.85781441 1.05495738 1.08722822]
Classification: 1.0 0.915625 14
(26, 8)
(38, 8)
(56, 8)
[0.81114586 1.10709634 1.0817578 ]
Classification: 1.0 0.915625 15
(26, 8)
(38, 8)
(56, 8)
[0.85219275 1.05772571 1.09008153]
Classification: 1.0 0.915625 16
(26, 8)
(38, 8)
(56, 8)
[0.88347814 1.04667838 1.06984348]
Classification: 1.0 0.915625 17
(26, 8)
(38, 8)
(56, 8)
[0.85316868 1.12490785 1.02192346]
Classification: 1.0 0.915625 18
(26, 8)
(38, 8)
(56, 8)
[0.89160588 1.08107695 1.02731716]
Classification: 1.0 0.915625 19
(26, 8)
(38, 8)
(56, 8)
[0.8541593 1.0544209 1.0914198]
Classification: 1.0 0.915625 20
(26, 8)
(38, 8)
(56, 8)
[0.92808743 1.01860851 1.05330407]
Classification: 1.0 0.915625 21
(26, 8)
(38, 8)
(56, 8)
[0.91250241 1.05932794 1.02816964]
Classification: 1.0 0.9125 22
(26, 8)
(38, 8)
(56, 8)
[0.91582939 1.0290207  1.05514991]
Classification: 1.0 0.9125 23
(26, 8)
(38, 8)
(56, 8)
[0.85505711 1.11019119 1.0347517 ]
Classification: 1.0 0.915625 24
(26, 8)
(38, 8)
(56, 8)
[0.81749986 1.1371318  1.04536834]
Classification: 1.0 0.9125 25
(26, 8)
(38, 8)
(56, 8)
[0.84348106 1.11068473 1.04583421]
Classification: 1.0 0.9125 26
(26, 8)
(38, 8)
(56, 8)
[0.90651443 1.02017059 1.07331498]
Classification: 1.0 0.915625 27
(26, 8)
(38, 8)
(56, 8)
[0.84013492 1.11495704 1.04490803]
Classification: 1.0 0.915625 28
(26, 8)
(38, 8)
(56, 8)
[0.82158633 1.05873786 1.11967581]
Classification: 1.0 0.915625 29
(26, 8)
(38, 8)
(56, 8)
[0.92302727 1.04962135 1.02735138]
Classification: 1.0 0.915625 30
(26, 8)
(38, 8)
(56, 8)
[0.93421963 1.06474386 1.0010365 ]
Classification: 1.0 0.915625 31
(26, 8)
(38, 8)
(56, 8)
[0.91385087 1.06834573 1.0178034 ]
Classification: 1.0 0.915625 32
(26, 8)
(38, 8)
(56, 8)
[0.93300546 1.04724345 1.01975109]
Classification: 1.0 0.9125 33
(26, 8)
(38, 8)
(56, 8)
[0.93311295 1.04090613 1.02598092]
Classification: 1.0 0.915625 34
(26, 8)
(38, 8)
(56, 8)
[0.92647669 1.05326337 1.02025994]
Classification: 1.0 0.915625 35
(26, 8)
(38, 8)
(56, 8)
[0.88648965 1.07861919 1.03489116]
Classification: 1.0 0.915625 36
(26, 8)
(38, 8)
(56, 8)
[0.90594146 1.03274287 1.06131566]
Classification: 1.0 0.915625 37
(26, 8)
(38, 8)
(56, 8)
[0.90153404 1.12497505 0.97349092]
Classification: 1.0 0.915625 38
(26, 8)
(38, 8)
(56, 8)
[0.94338443 0.98629936 1.0703162 ]
Classification: 1.0 0.91875 39
(26, 8)
(38, 8)
(56, 8)
[0.90583174 0.98302423 1.11114403]
Classification: 1.0 0.915625 40
(26, 8)
(38, 8)
(56, 8)
[0.90864733 1.02945821 1.06189446]
Classification: 1.0 0.915625 41
(26, 8)
(38, 8)
(56, 8)
[0.83976247 0.99859816 1.16163937]
Classification: 1.0 0.915625 42
(26, 8)
(38, 8)
(56, 8)
[0.96110889 1.06111814 0.97777297]
Classification: 1.0 0.9125 43
(26, 8)
(38, 8)
(56, 8)
[0.9007903  0.97526742 1.12394227]
Classification: 1.0 0.915625 44
(26, 8)
(38, 8)
(56, 8)
[0.92791008 0.9780487  1.09404122]
Classification: 1.0 0.915625 45
(26, 8)
(38, 8)
(56, 8)
[0.94333681 1.04800949 1.0086537 ]
Classification: 1.0 0.915625 46
(26, 8)
(38, 8)
(56, 8)
[0.98508482 0.99271394 1.02220124]
Classification: 1.0 0.915625 47
(26, 8)
(38, 8)
(56, 8)
[0.9717594  1.03615986 0.99208074]
Classification: 1.0 0.915625 48
(26, 8)
(38, 8)
(56, 8)
[0.9131233  1.05428512 1.03259158]
Classification: 1.0 0.91875 49
(26, 8)
(38, 8)
(56, 8)
[0.98917176 0.96831488 1.04251337]
Classification: 1.0 0.91875 50
(26, 8)
(38, 8)
(56, 8)
[0.92393866 1.02849941 1.04756193]
Classification: 1.0 0.91875 51
(26, 8)
(38, 8)
(56, 8)
[0.91269116 1.00714228 1.08016655]
Classification: 1.0 0.91875 52
(26, 8)
(38, 8)
(56, 8)
[0.93948451 1.01582345 1.04469204]
Classification: 1.0 0.91875 53
(26, 8)
(38, 8)
(56, 8)
[0.90523549 0.99977943 1.09498508]
Classification: 1.0 0.91875 54
(26, 8)
(38, 8)
(56, 8)
[0.88116748 1.01319896 1.10563356]
Classification: 1.0 0.915625 55
(26, 8)
(38, 8)
(56, 8)
[0.87146196 1.06331064 1.0652274 ]
Classification: 1.0 0.91875 56
(26, 8)
(38, 8)
(56, 8)
[0.94524883 0.98999637 1.0647548 ]
Classification: 1.0 0.91875 57
(26, 8)
(38, 8)
(56, 8)
[0.94526163 1.04164587 1.0130925 ]
Classification: 1.0 0.91875 58
(26, 8)
(38, 8)
(56, 8)
[0.978307   0.96383592 1.05785707]
Classification: 1.0 0.915625 59
(26, 8)
(38, 8)
(56, 8)
[0.9354983  1.04639187 1.01810982]
Classification: 1.0 0.915625 60
(26, 8)
(38, 8)
(56, 8)
[0.94110674 1.00360411 1.05528915]
Classification: 1.0 0.915625 61
(26, 8)
(38, 8)
(56, 8)
[0.91409617 0.99819027 1.08771356]
Classification: 1.0 0.91875 62
(26, 8)
(38, 8)
(56, 8)
[0.91772941 1.10909812 0.97317247]
Classification: 1.0 0.91875 63
(26, 8)
(38, 8)
(56, 8)
[0.9191159  1.0552381  1.02564601]
Classification: 1.0 0.915625 64
(26, 8)
(38, 8)
(56, 8)
[0.91080852 1.02239277 1.06679871]
Classification: 1.0 0.915625 65
(26, 8)
(38, 8)
(56, 8)
[0.89001653 0.99771549 1.11226797]
Classification: 1.0 0.91875 66
(26, 8)
(38, 8)
(56, 8)
[0.91314764 1.0565561  1.03029626]
Classification: 1.0 0.91875 67
(26, 8)
(38, 8)
(56, 8)
[0.95288479 0.99087922 1.05623599]
Classification: 1.0 0.915625 68
(26, 8)
(38, 8)
(56, 8)
[0.93747479 0.97363427 1.08889094]
Classification: 1.0 0.91875 69
(26, 8)
(38, 8)
(56, 8)
[0.95279879 1.03162704 1.01557416]
Classification: 1.0 0.915625 70
(26, 8)
(38, 8)
(56, 8)
[0.93192778 1.00633912 1.0617331 ]
Classification: 1.0 0.915625 71
(26, 8)
(38, 8)
(56, 8)
[0.89764291 1.04064533 1.06171176]
Classification: 1.0 0.915625 72
(26, 8)
(38, 8)
(56, 8)
[0.94371022 1.01637898 1.0399108 ]
Classification: 1.0 0.915625 73
(26, 8)
(38, 8)
(56, 8)
[0.89761683 0.96795123 1.13443194]
Classification: 1.0 0.915625 74
(26, 8)
(38, 8)
(56, 8)
[0.94571597 0.97239474 1.08188929]
Classification: 1.0 0.915625 75
(26, 8)
(38, 8)
(56, 8)
[0.91953058 0.96398723 1.11648218]
Classification: 1.0 0.915625 76
(26, 8)
(38, 8)
(56, 8)
[0.89144929 0.95276054 1.15579017]
Classification: 1.0 0.915625 77
(26, 8)
(38, 8)
(56, 8)
[0.96207633 0.97135911 1.06656456]
Classification: 1.0 0.915625 78
(26, 8)
(38, 8)
(56, 8)
[0.91650675 1.02521311 1.05828014]
Classification: 1.0 0.915625 79
(26, 8)
(38, 8)
(56, 8)
[0.91600921 0.97466303 1.10932777]
Classification: 1.0 0.915625 80
(26, 8)
(38, 8)
(56, 8)
[0.89984076 1.01257635 1.0875829 ]
Classification: 1.0 0.915625 81
(26, 8)
(38, 8)
(56, 8)
[0.91055629 1.03749647 1.05194724]
Classification: 1.0 0.915625 82
(26, 8)
(38, 8)
(56, 8)
[0.95200903 0.97816025 1.06983072]
Classification: 1.0 0.915625 83
(26, 8)
(38, 8)
(56, 8)
[0.89252616 1.03161707 1.07585677]
Classification: 1.0 0.915625 84
(26, 8)
(38, 8)
(56, 8)
[0.92667743 1.04304386 1.03027871]
Classification: 1.0 0.915625 85
(26, 8)
(38, 8)
(56, 8)
[0.87408073 1.00859441 1.11732487]
Classification: 1.0 0.91875 86
(26, 8)
(38, 8)
(56, 8)
[0.90596514 0.99311095 1.10092391]
Classification: 1.0 0.915625 87
(26, 8)
(38, 8)
(56, 8)
[0.9040124  1.00961227 1.08637533]
Classification: 1.0 0.91875 88
(26, 8)
(38, 8)
(56, 8)
[0.91406933 1.03375032 1.05218035]
Classification: 1.0 0.915625 89
(26, 8)
(38, 8)
(56, 8)
[0.94897244 0.99828337 1.05274419]
Classification: 1.0 0.91875 90
(26, 8)
(38, 8)
(56, 8)
[0.90174368 0.99201304 1.10624328]
Classification: 1.0 0.91875 91
(26, 8)
(38, 8)
(56, 8)
[0.92711309 1.02096278 1.05192413]
Classification: 1.0 0.91875 92
(26, 8)
(38, 8)
(56, 8)
[0.95020342 0.98518533 1.06461125]
Classification: 1.0 0.91875 93
(26, 8)
(38, 8)
(56, 8)
[0.86740215 1.01333045 1.1192674 ]
Classification: 1.0 0.91875 94
(26, 8)
(38, 8)
(56, 8)
[0.90805863 1.01703082 1.07491055]
Classification: 1.0 0.91875 95
(26, 8)
(38, 8)
(56, 8)
[0.91857896 1.05639377 1.02502727]
Classification: 1.0 0.915625 96
(26, 8)
(38, 8)
(56, 8)
[0.87426865 1.02300621 1.10272514]
Classification: 1.0 0.91875 97
(26, 8)
(38, 8)
(56, 8)
[0.96315312 1.02989554 1.00695134]
Classification: 1.0 0.91875 98
(26, 8)
(38, 8)
(56, 8)
[0.96497629 1.01109595 1.02392775]
Classification: 1.0 0.91875 99
(26, 8)
(38, 8)
(56, 8)
[0.93451292 1.01896843 1.04651865]
Classification: 1.0 0.91875 100
(26, 8)
(38, 8)
(56, 8)
[0.93963341 0.97690903 1.08345756]
Classification: 1.0 0.91875 101
(26, 8)
(38, 8)
(56, 8)
[0.88235428 0.95713653 1.16050918]
Classification: 1.0 0.91875 102
(26, 8)
(38, 8)
(56, 8)
[0.90921911 1.0235521  1.0672288 ]
Classification: 1.0 0.91875 103
(26, 8)
(38, 8)
(56, 8)
[0.95789851 0.92470275 1.11739874]
Classification: 1.0 0.91875 104
(26, 8)
(38, 8)
(56, 8)
[0.94219025 0.9736916  1.08411815]
Classification: 1.0 0.91875 105
(26, 8)
(38, 8)
(56, 8)
[0.98088696 0.96945253 1.04966051]
Classification: 1.0 0.91875 106
(26, 8)
(38, 8)
(56, 8)
[0.96897565 1.01892943 1.01209492]
Classification: 1.0 0.91875 107
(26, 8)
(38, 8)
(56, 8)
[0.93500187 0.91329487 1.15170326]
Classification: 1.0 0.91875 108
(26, 8)
(38, 8)
(56, 8)
[0.94056799 0.96025328 1.09917873]
Classification: 1.0 0.91875 109
(26, 8)
(38, 8)
(56, 8)
[0.9749195  0.91925359 1.10582691]
Classification: 1.0 0.915625 110
(26, 8)
(38, 8)
(56, 8)
[0.93558641 1.0418437  1.02256988]
Classification: 1.0 0.91875 111
(26, 8)
(38, 8)
(56, 8)
[0.96566188 0.91745197 1.11688616]
Classification: 1.0 0.91875 112
(26, 8)
(38, 8)
(56, 8)
[0.94081201 0.94881067 1.11037732]
Classification: 1.0 0.91875 113
(26, 8)
(38, 8)
(56, 8)
[0.97047541 0.92593253 1.10359206]
Classification: 1.0 0.91875 114
(26, 8)
(38, 8)
(56, 8)
[0.90355314 1.01739969 1.07904717]
Classification: 1.0 0.91875 115
(26, 8)
(38, 8)
(56, 8)
[0.93957973 1.01869328 1.04172699]
Classification: 1.0 0.91875 116
(26, 8)
(38, 8)
(56, 8)
[0.98597226 0.92029803 1.09372971]
Classification: 1.0 0.91875 117
(26, 8)
(38, 8)
(56, 8)
[1.05439912 0.94348018 1.0021207 ]
Classification: 1.0 0.91875 118
(26, 8)
(38, 8)
(56, 8)
[0.97751151 0.96506258 1.05742591]
Classification: 1.0 0.91875 119
(26, 8)
(38, 8)
(56, 8)
[0.93303343 0.977596   1.08937057]
Classification: 1.0 0.91875 120
(26, 8)
(38, 8)
(56, 8)
[1.00025105 0.91028734 1.08946161]
Classification: 1.0 0.91875 121
(26, 8)
(38, 8)
(56, 8)
[0.99721242 0.92671735 1.07607022]
Classification: 1.0 0.91875 122
(26, 8)
(38, 8)
(56, 8)
[0.93785499 0.99169321 1.07045181]
Classification: 1.0 0.91875 123
(26, 8)
(38, 8)
(56, 8)
[0.97196381 0.93214494 1.09589125]
Classification: 1.0 0.91875 124
(26, 8)
(38, 8)
(56, 8)
[0.99618812 1.0102758  0.99353609]
Classification: 1.0 0.91875 125
(26, 8)
(38, 8)
(56, 8)
[0.93242841 0.96766012 1.09991147]
Classification: 1.0 0.91875 126
(26, 8)
(38, 8)
(56, 8)
[0.93749798 0.9667112  1.09579082]
Classification: 1.0 0.91875 127
(26, 8)
(38, 8)
(56, 8)
[0.91458583 0.99239651 1.09301767]
Classification: 1.0 0.91875 128
(26, 8)
(38, 8)
(56, 8)
[0.95317967 0.94063619 1.10618415]
Classification: 1.0 0.91875 129
(26, 8)
(38, 8)
(56, 8)
[0.94110149 0.93493748 1.12396103]
Classification: 1.0 0.91875 130
(26, 8)
(38, 8)
(56, 8)
[0.99522201 0.94105606 1.06372193]
Classification: 1.0 0.91875 131
(26, 8)
(38, 8)
(56, 8)
[1.00039201 0.95401126 1.04559673]
Classification: 1.0 0.91875 132
(26, 8)
(38, 8)
(56, 8)
[0.96649746 0.95908336 1.07441918]
Classification: 1.0 0.91875 133
(26, 8)
(38, 8)
(56, 8)
[0.98788208 0.94837819 1.06373973]
Classification: 1.0 0.91875 134
(26, 8)
(38, 8)
(56, 8)
[0.95960902 0.98743807 1.05295291]
Classification: 1.0 0.91875 135
(26, 8)
(38, 8)
(56, 8)
[0.92483621 1.01415235 1.06101144]
Classification: 1.0 0.91875 136
(26, 8)
(38, 8)
(56, 8)
[0.94178399 0.94808925 1.11012676]
Classification: 1.0 0.91875 137
(26, 8)
(38, 8)
(56, 8)
[1.00170098 0.97051865 1.02778037]
Classification: 1.0 0.91875 138
(26, 8)
(38, 8)
(56, 8)
[0.9588521  0.95066689 1.09048101]
Classification: 1.0 0.91875 139
(26, 8)
(38, 8)
(56, 8)
[1.01067007 0.93952401 1.04980592]
Classification: 1.0 0.91875 140
(26, 8)
(38, 8)
(56, 8)
[0.94646839 0.96797784 1.08555377]
Classification: 1.0 0.91875 141
(26, 8)
(38, 8)
(56, 8)
[0.96918932 1.0116838  1.01912688]
Classification: 1.0 0.91875 142
(26, 8)
(38, 8)
(56, 8)
[0.95217503 0.99014904 1.05767593]
Classification: 1.0 0.91875 143
(26, 8)
(38, 8)
(56, 8)
[0.92846796 0.91452874 1.1570033 ]
Classification: 1.0 0.91875 144
(26, 8)
(38, 8)
(56, 8)
[1.01808086 0.92881585 1.05310329]
Classification: 1.0 0.91875 145
(26, 8)
(38, 8)
(56, 8)
[0.94709779 0.9610422  1.09186001]
Classification: 1.0 0.91875 146
(26, 8)
(38, 8)
(56, 8)
[1.02459307 0.9345986  1.04080833]
Classification: 1.0 0.91875 147
(26, 8)
(38, 8)
(56, 8)
[0.93954622 0.92894483 1.13150896]
Classification: 1.0 0.91875 148
(26, 8)
(38, 8)
(56, 8)
[0.9506927  1.01694012 1.03236717]
Classification: 1.0 0.91875 149
(26, 8)
(38, 8)
(56, 8)
[0.93157704 0.96344109 1.10498186]
Classification: 1.0 0.91875 150
(26, 8)
(38, 8)
(56, 8)
[0.96203014 0.9117684  1.12620146]
Classification: 1.0 0.91875 151
(26, 8)
(38, 8)
(56, 8)
[0.93561125 0.95935989 1.10502886]
Classification: 1.0 0.91875 152
(26, 8)
(38, 8)
(56, 8)
[0.89443965 0.96370849 1.14185186]
Classification: 1.0 0.91875 153
(26, 8)
(38, 8)
(56, 8)
[0.9923499  0.94512326 1.06252685]
Classification: 1.0 0.91875 154
(26, 8)
(38, 8)
(56, 8)
[0.96094981 0.97339265 1.06565754]
Classification: 1.0 0.91875 155
(26, 8)
(38, 8)
(56, 8)
[0.95745719 0.96209969 1.08044312]
Classification: 1.0 0.91875 156
(26, 8)
(38, 8)
(56, 8)
[0.93263928 1.00159823 1.06576249]
Classification: 1.0 0.91875 157
(26, 8)
(38, 8)
(56, 8)
[0.88946769 1.00123883 1.10929348]
Classification: 1.0 0.91875 158
(26, 8)
(38, 8)
(56, 8)
[0.9658563  0.93922385 1.09491985]
Classification: 1.0 0.91875 159
(26, 8)
(38, 8)
(56, 8)
[0.95367823 0.93443301 1.11188877]
Classification: 1.0 0.91875 160
(26, 8)
(38, 8)
(56, 8)
[0.98714089 0.85580944 1.15704967]
Classification: 1.0 0.91875 161
(26, 8)
(38, 8)
(56, 8)
[1.02809031 0.9874288  0.98448089]
Classification: 1.0 0.91875 162
(26, 8)
(38, 8)
(56, 8)
[0.97313854 0.93629582 1.09056564]
Classification: 1.0 0.91875 163
(26, 8)
(38, 8)
(56, 8)
[0.93069078 0.93631701 1.13299221]
Classification: 1.0 0.91875 164
(26, 8)
(38, 8)
(56, 8)
[0.95984994 0.92619949 1.11395057]
Classification: 1.0 0.91875 165
(26, 8)
(38, 8)
(56, 8)
[0.99065619 0.94564189 1.06370192]
Classification: 1.0 0.91875 166
(26, 8)
(38, 8)
(56, 8)
[0.98119467 0.92162655 1.09717878]
Classification: 1.0 0.91875 167
(26, 8)
(38, 8)
(56, 8)
[0.99343724 0.92282459 1.08373817]
Classification: 1.0 0.91875 168
(26, 8)
(38, 8)
(56, 8)
[0.99440775 0.99234996 1.01324229]
Classification: 1.0 0.91875 169
(26, 8)
(38, 8)
(56, 8)
[1.04774167 0.93126455 1.02099378]
Classification: 1.0 0.91875 170
(26, 8)
(38, 8)
(56, 8)
[0.98566378 0.90987467 1.10446155]
Classification: 1.0 0.91875 171
(26, 8)
(38, 8)
(56, 8)
[0.96908066 0.94235447 1.08856488]
Classification: 1.0 0.91875 172
(26, 8)
(38, 8)
(56, 8)
[1.01765386 0.93665346 1.04569268]
Classification: 1.0 0.91875 173
(26, 8)
(38, 8)
(56, 8)
[0.97542896 0.94175812 1.08281292]
Classification: 1.0 0.91875 174
(26, 8)
(38, 8)
(56, 8)
[0.91603283 0.94708105 1.13688613]
Classification: 1.0 0.91875 175
(26, 8)
(38, 8)
(56, 8)
[0.97522133 0.91440621 1.11037246]
Classification: 1.0 0.91875 176
(26, 8)
(38, 8)
(56, 8)
[0.96811601 0.88819061 1.14369338]
Classification: 1.0 0.91875 177
(26, 8)
(38, 8)
(56, 8)
[1.02294553 0.96788093 1.00917354]
Classification: 1.0 0.91875 178
(26, 8)
(38, 8)
(56, 8)
[0.95118083 0.91103283 1.13778634]
Classification: 1.0 0.91875 179
(26, 8)
(38, 8)
(56, 8)
[0.96583744 0.96560464 1.06855792]
Classification: 1.0 0.91875 180
(26, 8)
(38, 8)
(56, 8)
[0.95566965 0.96689797 1.07743238]
Classification: 1.0 0.91875 181
(26, 8)
(38, 8)
(56, 8)
[0.95013383 0.9708071  1.07905907]
Classification: 1.0 0.91875 182
(26, 8)
(38, 8)
(56, 8)
[0.95935909 0.96889981 1.0717411 ]
Classification: 1.0 0.91875 183
(26, 8)
(38, 8)
(56, 8)
[1.03578916 0.94191181 1.02229903]
Classification: 1.0 0.91875 184
(26, 8)
(38, 8)
(56, 8)
[0.97412934 0.91894138 1.10692928]
Classification: 1.0 0.91875 185
(26, 8)
(38, 8)
(56, 8)
[1.03684817 0.97758293 0.9855689 ]
Classification: 1.0 0.91875 186
(26, 8)
(38, 8)
(56, 8)
[0.98693679 0.90771482 1.10534838]
Classification: 1.0 0.91875 187
(26, 8)
(38, 8)
(56, 8)
[0.99259017 0.92724258 1.08016725]
Classification: 1.0 0.91875 188
(26, 8)
(38, 8)
(56, 8)
[1.04267568 0.91532042 1.0420039 ]
Classification: 1.0 0.91875 189
(26, 8)
(38, 8)
(56, 8)
[0.94514826 0.95055215 1.10429959]
Classification: 1.0 0.91875 190
(26, 8)
(38, 8)
(56, 8)
[0.95573061 0.936454   1.10781539]
Classification: 1.0 0.91875 191
(26, 8)
(38, 8)
(56, 8)
[0.97244691 0.94233006 1.08522303]
Classification: 1.0 0.91875 192
(26, 8)
(38, 8)
(56, 8)
[0.9816216  0.95002449 1.06835391]
Classification: 1.0 0.91875 193
(26, 8)
(38, 8)
(56, 8)
[0.95251062 0.91681047 1.13067892]
Classification: 1.0 0.91875 194
(26, 8)
(38, 8)
(56, 8)
[0.98028517 0.90517957 1.11453525]
Classification: 1.0 0.91875 195
(26, 8)
(38, 8)
(56, 8)
[1.00442202 0.92696294 1.06861504]
Classification: 1.0 0.91875 196
(26, 8)
(38, 8)
(56, 8)
[0.94524292 1.00709033 1.04766675]
Classification: 1.0 0.91875 197
(26, 8)
(38, 8)
(56, 8)
[0.93711585 0.95972997 1.10315418]
Classification: 1.0 0.91875 198
(26, 8)
(38, 8)
(56, 8)
[1.00953541 0.98525586 1.00520872]
Classification: 1.0 0.91875 199
(26, 8)
(38, 8)
(56, 8)
[1.03838634 1.02688392 0.93472974]
Classification: 1.0 0.91875 200
(26, 8)
(38, 8)
(56, 8)
[1.01211715 0.9622187  1.02566414]
Classification: 1.0 0.91875 201
(26, 8)
(38, 8)
(56, 8)
[1.05353413 0.90848977 1.0379761 ]
Classification: 1.0 0.91875 202
(26, 8)
(38, 8)
(56, 8)
[1.01771679 0.92308252 1.0592007 ]
Classification: 1.0 0.91875 203
(26, 8)
(38, 8)
(56, 8)
[0.99058882 0.95042922 1.05898196]
Classification: 1.0 0.91875 204
(26, 8)
(38, 8)
(56, 8)
[1.04256486 0.97450833 0.98292681]
Classification: 1.0 0.91875 205
(26, 8)
(38, 8)
(56, 8)
[0.97996869 0.97271354 1.04731777]
Classification: 1.0 0.91875 206
(26, 8)
(38, 8)
(56, 8)
[0.99252799 0.96247339 1.04499862]
Classification: 1.0 0.91875 207
(26, 8)
(38, 8)
(56, 8)
[0.98723943 0.99994627 1.0128143 ]
Classification: 1.0 0.921875 208
(26, 8)
(38, 8)
(56, 8)
[1.07819483 0.87204045 1.04976472]
Classification: 1.0 0.91875 209
(26, 8)
(38, 8)
(56, 8)
[0.97403442 0.8928192  1.13314637]
Classification: 1.0 0.91875 210
(26, 8)
(38, 8)
(56, 8)
[0.95294279 0.92716062 1.11989659]
Classification: 1.0 0.91875 211
(26, 8)
(38, 8)
(56, 8)
[1.00476248 0.97044581 1.02479171]
Classification: 1.0 0.91875 212
(26, 8)
(38, 8)
(56, 8)
[1.04662282 0.93903154 1.01434563]
Classification: 1.0 0.91875 213
(26, 8)
(38, 8)
(56, 8)
[1.0106676  0.93001634 1.05931605]
Classification: 1.0 0.91875 214
(26, 8)
(38, 8)
(56, 8)
[1.02536053 0.93498018 1.03965929]
Classification: 1.0 0.91875 215
(26, 8)
(38, 8)
(56, 8)
[0.95227903 0.94875731 1.09896366]
Classification: 1.0 0.91875 216
(26, 8)
(38, 8)
(56, 8)
[0.9791313  0.99007604 1.03079265]
Classification: 1.0 0.91875 217
(26, 8)
(38, 8)
(56, 8)
[0.96022443 0.9948214  1.04495417]
Classification: 1.0 0.91875 218
(26, 8)
(38, 8)
(56, 8)
[0.98840056 0.95901499 1.05258445]
Classification: 1.0 0.91875 219
(26, 8)
(38, 8)
(56, 8)
[0.97028847 0.92602563 1.1036859 ]
Classification: 1.0 0.91875 220
(26, 8)
(38, 8)
(56, 8)
[1.01054807 0.95568057 1.03377136]
Classification: 1.0 0.91875 221
(26, 8)
(38, 8)
(56, 8)
[1.00778328 0.92761696 1.06459975]
Classification: 1.0 0.91875 222
(26, 8)
(38, 8)
(56, 8)
[1.0329001  0.96055874 1.00654117]
Classification: 1.0 0.91875 223
(26, 8)
(38, 8)
(56, 8)
[0.99641449 0.96490044 1.03868507]
Classification: 1.0 0.91875 224
(26, 8)
(38, 8)
(56, 8)
[0.98979592 0.95050684 1.05969724]
Classification: 1.0 0.91875 225
(26, 8)
(38, 8)
(56, 8)
[0.98971764 0.94465079 1.06563157]
Classification: 1.0 0.91875 226
(26, 8)
(38, 8)
(56, 8)
[0.94000558 0.94876294 1.11123148]
Classification: 1.0 0.921875 227
(26, 8)
(38, 8)
(56, 8)
[0.99552229 0.9699325  1.03454521]
Classification: 1.0 0.91875 228
(26, 8)
(38, 8)
(56, 8)
[0.96721018 1.05489004 0.97789978]
Classification: 1.0 0.921875 229
(26, 8)
(38, 8)
(56, 8)
[1.02931977 0.99426275 0.97641749]
Classification: 1.0 0.921875 230
(26, 8)
(38, 8)
(56, 8)
[0.99320358 0.9407352  1.06606122]
Classification: 1.0 0.91875 231
(26, 8)
(38, 8)
(56, 8)
[0.98160679 0.93191055 1.08648265]
Classification: 1.0 0.91875 232
(26, 8)
(38, 8)
(56, 8)
[1.00372384 0.92085647 1.07541969]
Classification: 1.0 0.91875 233
(26, 8)
(38, 8)
(56, 8)
[1.03731386 0.94256365 1.02012249]
Classification: 1.0 0.91875 234
(26, 8)
(38, 8)
(56, 8)
[0.99135801 0.99426285 1.01437914]
Classification: 1.0 0.91875 235
(26, 8)
(38, 8)
(56, 8)
[0.97879326 0.95165652 1.06955021]
Classification: 1.0 0.91875 236
(26, 8)
(38, 8)
(56, 8)
[0.98575794 0.90824915 1.10599291]
Classification: 1.0 0.921875 237
(26, 8)
(38, 8)
(56, 8)
[0.99569119 0.92140404 1.08290476]
Classification: 1.0 0.921875 238
(26, 8)
(38, 8)
(56, 8)
[0.96956654 0.89893515 1.13149831]
Classification: 1.0 0.921875 239
(26, 8)
(38, 8)
(56, 8)
[1.01679958 0.91443384 1.06876658]
Classification: 1.0 0.91875 240
(26, 8)
(38, 8)
(56, 8)
[0.98541651 0.95604884 1.05853465]
Classification: 1.0 0.91875 241
(26, 8)
(38, 8)
(56, 8)
[0.96890495 0.95213377 1.07896128]
Classification: 1.0 0.91875 242
(26, 8)
(38, 8)
(56, 8)
[1.05815443 0.92331508 1.01853049]
Classification: 1.0 0.921875 243
(26, 8)
(38, 8)
(56, 8)
[0.90978423 0.96259972 1.12761605]
Classification: 1.0 0.921875 244
(26, 8)
(38, 8)
(56, 8)
[0.96603014 0.96966794 1.06430192]
Classification: 1.0 0.915625 245
(26, 8)
(38, 8)
(56, 8)
[0.93731647 0.93280858 1.12987495]
Classification: 1.0 0.921875 246
(26, 8)
(38, 8)
(56, 8)
[1.0257035  0.99865024 0.97564626]
Classification: 1.0 0.91875 247
(26, 8)
(38, 8)
(56, 8)
[0.91663731 0.98596293 1.09739976]
Classification: 1.0 0.921875 248
(26, 8)
(38, 8)
(56, 8)
[1.028907   0.96965452 1.00143848]
Classification: 1.0 0.921875 249
(26, 8)
(38, 8)
(56, 8)
[0.99203981 0.94441265 1.06354754]
Classification: 1.0 0.921875 250
(26, 8)
(38, 8)
(56, 8)
[1.02609928 0.97849662 0.9954041 ]
Classification: 1.0 0.915625 251
(26, 8)
(38, 8)
(56, 8)
[1.04630302 0.96078718 0.99290979]
Classification: 1.0 0.91875 252
(26, 8)
(38, 8)
(56, 8)
[0.94028999 0.98079707 1.07891294]
Classification: 1.0 0.91875 253
(26, 8)
(38, 8)
(56, 8)
[0.95406501 0.99221783 1.05371716]
Classification: 1.0 0.915625 254
(26, 8)
(38, 8)
(56, 8)
[1.01169532 0.97387456 1.01443012]
Classification: 1.0 0.921875 255
(26, 8)
(38, 8)
(56, 8)
[0.99012801 0.93990203 1.06996996]
Classification: 1.0 0.91875 256
(26, 8)
(38, 8)
(56, 8)
[1.01400521 0.92861911 1.05737568]
Classification: 1.0 0.921875 257
(26, 8)
(38, 8)
(56, 8)
[1.03457242 0.92901802 1.03640956]
Classification: 1.0 0.91875 258
(26, 8)
(38, 8)
(56, 8)
[0.93859031 0.99227305 1.06913663]
Classification: 1.0 0.921875 259
(26, 8)
(38, 8)
(56, 8)
[1.00725003 0.99234273 1.00040724]
Classification: 1.0 0.91875 260
(26, 8)
(38, 8)
(56, 8)
[0.98386616 1.01041999 1.00571385]
Classification: 1.0 0.921875 261
(26, 8)
(38, 8)
(56, 8)
[0.99173239 1.02719521 0.9810724 ]
Classification: 1.0 0.921875 262
(26, 8)
(38, 8)
(56, 8)
[1.05491286 0.98213402 0.96295312]
Classification: 1.0 0.921875 263
(26, 8)
(38, 8)
(56, 8)
[1.06326384 0.95758017 0.97915599]
Classification: 1.0 0.91875 264
(26, 8)
(38, 8)
(56, 8)
[0.98614489 1.00365219 1.01020291]
Classification: 1.0 0.915625 265
(26, 8)
(38, 8)
(56, 8)
[0.99626244 0.9842021  1.01953546]
Classification: 1.0 0.91875 266
(26, 8)
(38, 8)
(56, 8)
[0.98940755 0.92638395 1.08420849]
Classification: 1.0 0.91875 267
(26, 8)
(38, 8)
(56, 8)
[1.01592966 0.95055903 1.03351131]
Classification: 1.0 0.91875 268
(26, 8)
(38, 8)
(56, 8)
[1.04959824 0.97410786 0.9762939 ]
Classification: 1.0 0.91875 269
(26, 8)
(38, 8)
(56, 8)
[0.99732913 0.9523802  1.05029067]
Classification: 1.0 0.921875 270
(26, 8)
(38, 8)
(56, 8)
[0.96464233 0.95230954 1.08304813]
Classification: 1.0 0.91875 271
(26, 8)
(38, 8)
(56, 8)
[0.99782375 0.97056964 1.03160661]
Classification: 1.0 0.91875 272
(26, 8)
(38, 8)
(56, 8)
[1.00739823 0.90350264 1.08909913]
Classification: 1.0 0.921875 273
(26, 8)
(38, 8)
(56, 8)
[1.01226941 0.95198141 1.03574918]
Classification: 1.0 0.921875 274
(26, 8)
(38, 8)
(56, 8)
[1.06093655 0.95756224 0.98150121]
Classification: 1.0 0.921875 275
(26, 8)
(38, 8)
(56, 8)
[1.05220976 0.97169843 0.97609181]
Classification: 1.0 0.921875 276
(26, 8)
(38, 8)
(56, 8)
[1.05384023 0.96516939 0.98099037]
Classification: 1.0 0.921875 277
(26, 8)
(38, 8)
(56, 8)
[1.01777625 0.89362695 1.0885968 ]
Classification: 1.0 0.921875 278
(26, 8)
(38, 8)
(56, 8)
[1.07716118 0.97910156 0.94373726]
Classification: 1.0 0.921875 279
(26, 8)
(38, 8)
(56, 8)
[1.04331092 0.98713514 0.96955394]
Classification: 1.0 0.921875 280
(26, 8)
(38, 8)
(56, 8)
[1.04522057 0.90954959 1.04522985]
Classification: 1.0 0.921875 281
(26, 8)
(38, 8)
(56, 8)
[1.00405868 0.96574219 1.03019913]
Classification: 1.0 0.921875 282
(26, 8)
(38, 8)
(56, 8)
[0.95802088 1.00852978 1.03344934]
Classification: 1.0 0.921875 283
(26, 8)
(38, 8)
(56, 8)
[0.96821691 0.9496128  1.08217029]
Classification: 1.0 0.921875 284
(26, 8)
(38, 8)
(56, 8)
[0.96898973 0.9345171  1.09649317]
Classification: 1.0 0.921875 285
(26, 8)
(38, 8)
(56, 8)
[0.97553139 0.92762507 1.09684353]
Classification: 1.0 0.921875 286
(26, 8)
(38, 8)
(56, 8)
[1.00982235 0.96376546 1.02641219]
Classification: 1.0 0.921875 287
(26, 8)
(38, 8)
(56, 8)
[1.03535554 0.90398683 1.06065763]
Classification: 1.0 0.921875 288
(26, 8)
(38, 8)
(56, 8)
[1.01364226 0.90523745 1.08112029]
Classification: 1.0 0.921875 289
(26, 8)
(38, 8)
(56, 8)
[0.97704186 0.92901027 1.09394787]
Classification: 1.0 0.921875 290
(26, 8)
(38, 8)
(56, 8)
[1.0055788  0.99651659 0.99790461]
Classification: 1.0 0.921875 291
(26, 8)
(38, 8)
(56, 8)
[1.02528224 0.93882843 1.03588933]
Classification: 1.0 0.921875 292
(26, 8)
(38, 8)
(56, 8)
[1.02566781 0.92670247 1.04762972]
Classification: 1.0 0.921875 293
(26, 8)
(38, 8)
(56, 8)
[1.05470793 0.9126697  1.03262238]
Classification: 1.0 0.921875 294
(26, 8)
(38, 8)
(56, 8)
[0.99945298 0.93482638 1.06572065]
Classification: 1.0 0.921875 295
(26, 8)
(38, 8)
(56, 8)
[0.94046068 0.98448438 1.07505494]
Classification: 1.0 0.921875 296
(26, 8)
(38, 8)
(56, 8)
[0.94405061 0.97130737 1.08464201]
Classification: 1.0 0.921875 297
(26, 8)
(38, 8)
(56, 8)
[1.02383338 0.98427862 0.991888  ]
Classification: 1.0 0.921875 298
(26, 8)
(38, 8)
(56, 8)
[1.00470557 0.95661542 1.03867901]
Classification: 1.0 0.921875 299
(26, 8)
(38, 8)
(56, 8)
[1.03928894 0.96250175 0.99820931]
Classification: 1.0 0.921875 300
(26, 8)
(38, 8)
(56, 8)
[1.09529895 0.88496388 1.01973717]
Classification: 1.0 0.921875 301
(26, 8)
(38, 8)
(56, 8)
[1.02842391 1.01486147 0.95671462]
Classification: 1.0 0.921875 302
(26, 8)
(38, 8)
(56, 8)
[1.0116262  0.9299413  1.05843249]
Classification: 1.0 0.921875 303
(26, 8)
(38, 8)
(56, 8)
[0.9812276  0.97776047 1.04101194]
Classification: 1.0 0.91875 304
(26, 8)
(38, 8)
(56, 8)
[1.04807773 0.94461945 1.00730282]
Classification: 1.0 0.921875 305
(26, 8)
(38, 8)
(56, 8)
[0.98995242 0.96765379 1.04239379]
Classification: 1.0 0.921875 306
(26, 8)
(38, 8)
(56, 8)
[1.05494754 0.93373076 1.0113217 ]
Classification: 1.0 0.921875 307
(26, 8)
(38, 8)
(56, 8)
[1.01641052 0.93344939 1.05014009]
Classification: 1.0 0.921875 308
(26, 8)
(38, 8)
(56, 8)
[1.06822151 0.85339562 1.07838287]
Classification: 1.0 0.921875 309
(26, 8)
(38, 8)
(56, 8)
[1.01435263 0.92369178 1.06195559]
Classification: 1.0 0.921875 310
(26, 8)
(38, 8)
(56, 8)
[0.98701693 0.98140842 1.03157464]
Classification: 1.0 0.91875 311
(26, 8)
(38, 8)
(56, 8)
[1.00104771 0.95535118 1.04360111]
Classification: 1.0 0.915625 312
(26, 8)
(38, 8)
(56, 8)
[1.02165436 0.93362234 1.04472329]
Classification: 1.0 0.921875 313
(26, 8)
(38, 8)
(56, 8)
[1.06639043 0.91610902 1.01750055]
Classification: 1.0 0.921875 314
(26, 8)
(38, 8)
(56, 8)
[1.05835185 0.94032415 1.001324  ]
Classification: 1.0 0.921875 315
(26, 8)
(38, 8)
(56, 8)
[0.99262269 0.91299591 1.0943814 ]
Classification: 1.0 0.91875 316
(26, 8)
(38, 8)
(56, 8)
[1.05585197 0.94953815 0.99460988]
Classification: 1.0 0.921875 317
(26, 8)
(38, 8)
(56, 8)
[1.0151754  0.93043424 1.05439036]
Classification: 1.0 0.921875 318
(26, 8)
(38, 8)
(56, 8)
[1.05613576 0.94299387 1.00087038]
Classification: 1.0 0.9125 319
(26, 8)
(38, 8)
(56, 8)
[0.99943945 0.93201318 1.06854738]
Classification: 1.0 0.921875 320
(26, 8)
(38, 8)
(56, 8)
[1.00871393 0.90335089 1.08793518]
Classification: 1.0 0.921875 321
(26, 8)
(38, 8)
(56, 8)
[0.97831395 0.9889667  1.03271934]
Classification: 1.0 0.915625 322
(26, 8)
(38, 8)
(56, 8)
[1.06619671 0.96310713 0.97069616]
Classification: 1.0 0.91875 323
(26, 8)
(38, 8)
(56, 8)
[1.00437805 0.94112333 1.05449862]
Classification: 1.0 0.915625 324
(26, 8)
(38, 8)
(56, 8)
[1.08347358 0.93161025 0.98491617]
Classification: 1.0 0.91875 325
(26, 8)
(38, 8)
(56, 8)
[1.0674369  0.95414593 0.97841718]
Classification: 1.0 0.921875 326
(26, 8)
(38, 8)
(56, 8)
[1.07063849 0.91395811 1.0154034 ]
Classification: 1.0 0.91875 327
(26, 8)
(38, 8)
(56, 8)
[1.06466566 0.9613113  0.97402303]
Classification: 1.0 0.91875 328
(26, 8)
(38, 8)
(56, 8)
[1.03494751 0.91926028 1.04579222]
Classification: 1.0 0.921875 329
(26, 8)
(38, 8)
(56, 8)
[0.98684011 0.9765708  1.03658909]
Classification: 1.0 0.91875 330
(26, 8)
(38, 8)
(56, 8)
[1.04861636 0.9209168  1.03046684]
Classification: 1.0 0.91875 331
(26, 8)
(38, 8)
(56, 8)
[1.01516145 0.92577437 1.05906419]
Classification: 1.0 0.91875 332
(26, 8)
(38, 8)
(56, 8)
[0.971318   0.98227094 1.04641106]
Classification: 1.0 0.91875 333
(26, 8)
(38, 8)
(56, 8)
[0.98856485 0.94927774 1.06215741]
Classification: 1.0 0.921875 334
(26, 8)
(38, 8)
(56, 8)
[0.99521808 0.91081297 1.09396894]
Classification: 1.0 0.91875 335
(26, 8)
(38, 8)
(56, 8)
[1.07736066 0.93486005 0.9877793 ]
Classification: 1.0 0.91875 336
(26, 8)
(38, 8)
(56, 8)
[1.03995485 0.88289838 1.07714678]
Classification: 1.0 0.91875 337
(26, 8)
(38, 8)
(56, 8)
[0.97249921 0.93971761 1.08778319]
Classification: 1.0 0.91875 338
(26, 8)
(38, 8)
(56, 8)
[0.99746301 0.9403129  1.06222409]
Classification: 1.0 0.91875 339
(26, 8)
(38, 8)
(56, 8)
[1.01065961 1.06245154 0.92688885]
Classification: 1.0 0.915625 340
(26, 8)
(38, 8)
(56, 8)
[1.03539236 0.94260473 1.02200291]
Classification: 1.0 0.915625 341
(26, 8)
(38, 8)
(56, 8)
[0.99050657 0.89443385 1.11505958]
Classification: 1.0 0.91875 342
(26, 8)
(38, 8)
(56, 8)
[1.05463084 0.92355051 1.02181865]
Classification: 1.0 0.91875 343
(26, 8)
(38, 8)
(56, 8)
[1.06941603 0.90444984 1.02613413]
Classification: 1.0 0.91875 344
(26, 8)
(38, 8)
(56, 8)
[1.03557323 0.98083136 0.98359541]
Classification: 1.0 0.91875 345
(26, 8)
(38, 8)
(56, 8)
[0.97881548 0.91193069 1.10925383]
Classification: 1.0 0.91875 346
(26, 8)
(38, 8)
(56, 8)
[1.04824657 0.88014647 1.07160696]
Classification: 1.0 0.91875 347
(26, 8)
(38, 8)
(56, 8)
[1.03500534 0.96134242 1.00365224]
Classification: 1.0 0.91875 348
(26, 8)
(38, 8)
(56, 8)
[1.03071397 0.9015291  1.06775693]
Classification: 1.0 0.91875 349
(26, 8)
(38, 8)
(56, 8)
[0.96770816 0.951124   1.08116784]
Classification: 1.0 0.91875 350
(26, 8)
(38, 8)
(56, 8)
[0.99807223 0.91950989 1.08241788]
Classification: 1.0 0.91875 351
(26, 8)
(38, 8)
(56, 8)
[1.02012454 0.94528037 1.03459509]
Classification: 1.0 0.91875 352
(26, 8)
(38, 8)
(56, 8)
[0.99234719 0.90945671 1.0981961 ]
Classification: 1.0 0.91875 353
(26, 8)
(38, 8)
(56, 8)
[1.0954877  0.90998309 0.99452921]
Classification: 1.0 0.91875 354
(26, 8)
(38, 8)
(56, 8)
[0.9916325  0.93986491 1.0685026 ]
Classification: 1.0 0.91875 355
(26, 8)
(38, 8)
(56, 8)
[0.99197805 0.89938968 1.10863226]
Classification: 1.0 0.921875 356
(26, 8)
(38, 8)
(56, 8)
[1.02270458 0.99223126 0.98506416]
Classification: 1.0 0.91875 357
(26, 8)
(38, 8)
(56, 8)
[0.97819297 0.93774406 1.08406297]
Classification: 1.0 0.91875 358
(26, 8)
(38, 8)
(56, 8)
[0.96727371 1.01169824 1.02102805]
Classification: 1.0 0.921875 359
(26, 8)
(38, 8)
(56, 8)
[1.00971066 0.96038485 1.02990449]
Classification: 1.0 0.91875 360
(26, 8)
(38, 8)
(56, 8)
[1.07185244 0.8962023  1.03194526]
Classification: 1.0 0.91875 361
(26, 8)
(38, 8)
(56, 8)
[1.03088886 0.96106123 1.00804991]
Classification: 1.0 0.915625 362
(26, 8)
(38, 8)
(56, 8)
[1.06102377 0.92478501 1.01419122]
Classification: 1.0 0.91875 363
(26, 8)
(38, 8)
(56, 8)
[1.04037117 0.94485629 1.01477255]
Classification: 1.0 0.91875 364
(26, 8)
(38, 8)
(56, 8)
[1.0298821  0.94896291 1.021155  ]
Classification: 1.0 0.91875 365
(26, 8)
(38, 8)
(56, 8)
[0.97402325 0.93753138 1.08844537]
Classification: 1.0 0.91875 366
(26, 8)
(38, 8)
(56, 8)
[1.00282357 0.90725393 1.0899225 ]
Classification: 1.0 0.915625 367
(26, 8)
(38, 8)
(56, 8)
[1.00563863 0.93448116 1.05988021]
Classification: 1.0 0.91875 368
(26, 8)
(38, 8)
(56, 8)
[1.02775768 0.95019868 1.02204364]
Classification: 1.0 0.91875 369
(26, 8)
(38, 8)
(56, 8)
[1.03776417 0.96943615 0.99279968]
Classification: 1.0 0.91875 370
(26, 8)
(38, 8)
(56, 8)
[0.9921697  0.92007919 1.08775111]
Classification: 1.0 0.91875 371
(26, 8)
(38, 8)
(56, 8)
[0.98447554 0.99654773 1.01897673]
Classification: 1.0 0.91875 372
(26, 8)
(38, 8)
(56, 8)
[0.95194112 1.00910118 1.0389577 ]
Classification: 1.0 0.91875 373
(26, 8)
(38, 8)
(56, 8)
[1.00039907 0.97720103 1.0223999 ]
Classification: 1.0 0.91875 374
(26, 8)
(38, 8)
(56, 8)
[1.03708692 0.94388927 1.01902381]
Classification: 1.0 0.91875 375
(26, 8)
(38, 8)
(56, 8)
[1.02777207 0.88993138 1.08229654]
Classification: 1.0 0.91875 376
(26, 8)
(38, 8)
(56, 8)
[0.95177749 0.91732744 1.13089507]
Classification: 1.0 0.91875 377
(26, 8)
(38, 8)
(56, 8)
[1.03884911 0.9300003  1.0311506 ]
Classification: 1.0 0.91875 378
(26, 8)
(38, 8)
(56, 8)
[0.98185062 1.02267397 0.9954754 ]
Classification: 1.0 0.91875 379
(26, 8)
(38, 8)
(56, 8)
[1.0371913  1.01782053 0.94498817]
Classification: 1.0 0.915625 380
(26, 8)
(38, 8)
(56, 8)
[0.99097388 0.95613451 1.05289162]
Classification: 1.0 0.91875 381
(26, 8)
(38, 8)
(56, 8)
[1.00424882 0.94265714 1.05309404]
Classification: 1.0 0.915625 382
(26, 8)
(38, 8)
(56, 8)
[0.98371323 0.92157331 1.09471347]
Classification: 1.0 0.915625 383
(26, 8)
(38, 8)
(56, 8)
[1.00227615 0.97298103 1.02474282]
Classification: 1.0 0.915625 384
(26, 8)
(38, 8)
(56, 8)
[0.99656816 0.95402409 1.04940775]
Classification: 1.0 0.91875 385
(26, 8)
(38, 8)
(56, 8)
[1.02946491 0.93724568 1.03328941]
Classification: 1.0 0.91875 386
(26, 8)
(38, 8)
(56, 8)
[1.00341754 0.9598348  1.03674765]
Classification: 1.0 0.91875 387
(26, 8)
(38, 8)
(56, 8)
[0.9893305  0.91387621 1.09679329]
Classification: 1.0 0.91875 388
(26, 8)
(38, 8)
(56, 8)
[0.99918322 0.94823938 1.0525774 ]
Classification: 1.0 0.91875 389
(26, 8)
(38, 8)
(56, 8)
[1.00484644 0.91725535 1.07789822]
Classification: 1.0 0.915625 390
(26, 8)
(38, 8)
(56, 8)
[0.95000284 1.01325144 1.03674572]
Classification: 1.0 0.91875 391
(26, 8)
(38, 8)
(56, 8)
[1.0127538  1.00259747 0.98464873]
Classification: 1.0 0.91875 392
(26, 8)
(38, 8)
(56, 8)
[1.05204574 1.01831923 0.92963502]
Classification: 1.0 0.91875 393
(26, 8)
(38, 8)
(56, 8)
[0.9829786  0.93665132 1.08037008]
Classification: 1.0 0.915625 394
(26, 8)
(38, 8)
(56, 8)
[0.99444369 0.94230589 1.06325042]
Classification: 1.0 0.91875 395
(26, 8)
(38, 8)
(56, 8)
[0.93537915 1.01176459 1.05285626]
Classification: 1.0 0.91875 396
(26, 8)
(38, 8)
(56, 8)
[1.0028212  1.0057833  0.99139551]
Classification: 1.0 0.91875 397
(26, 8)
(38, 8)
(56, 8)
[1.00255639 0.98730857 1.01013503]
Classification: 1.0 0.915625 398
(26, 8)
(38, 8)
(56, 8)
[0.94721005 1.00591384 1.04687612]
Classification: 1.0 0.91875 399
(26, 8)
(38, 8)
(56, 8)
[0.95143922 1.02808979 1.02047099]
Classification: 1.0 0.915625 400
(26, 8)
(38, 8)
(56, 8)
[0.96389441 0.95380139 1.0823042 ]
Classification: 1.0 0.915625 401
(26, 8)
(38, 8)
(56, 8)
[0.91623277 0.96794741 1.11581982]
Classification: 1.0 0.915625 402
(26, 8)
(38, 8)
(56, 8)
[0.98525641 0.97921676 1.03552683]
Classification: 1.0 0.915625 403
(26, 8)
(38, 8)
(56, 8)
[1.0274817  1.01566283 0.95685547]
Classification: 1.0 0.915625 404
(26, 8)
(38, 8)
(56, 8)
[1.03662328 0.94989705 1.01347967]
Classification: 1.0 0.91875 405
(26, 8)
(38, 8)
(56, 8)
[0.960353   0.94834324 1.09130376]
Classification: 1.0 0.915625 406
(26, 8)
(38, 8)
(56, 8)
[1.03946163 0.96104329 0.99949508]
Classification: 1.0 0.915625 407
(26, 8)
(38, 8)
(56, 8)
[0.93957973 0.96343355 1.09698672]
Classification: 1.0 0.915625 408
(26, 8)
(38, 8)
(56, 8)
[0.99051981 0.98500812 1.02447207]
Classification: 1.0 0.915625 409
(26, 8)
(38, 8)
(56, 8)
[0.9644841  0.93796277 1.09755313]
Classification: 1.0 0.915625 410
(26, 8)
(38, 8)
(56, 8)
[1.02888145 1.08578697 0.88533158]
Classification: 1.0 0.915625 411
(26, 8)
(38, 8)
(56, 8)
[1.00170935 0.94389551 1.05439514]
Classification: 1.0 0.915625 412
(26, 8)
(38, 8)
(56, 8)
[0.99258431 0.93275177 1.07466392]
Classification: 1.0 0.915625 413
(26, 8)
(38, 8)
(56, 8)
[1.00201938 0.93913252 1.05884811]
Classification: 1.0 0.915625 414
(26, 8)
(38, 8)
(56, 8)
[0.99782231 0.97854136 1.02363633]
Classification: 1.0 0.91875 415
(26, 8)
(38, 8)
(56, 8)
[0.983337   0.97136501 1.045298  ]
Classification: 1.0 0.915625 416
(26, 8)
(38, 8)
(56, 8)
[0.9959814  0.96738226 1.03663634]
Classification: 1.0 0.915625 417
(26, 8)
(38, 8)
(56, 8)
[0.94055987 0.99195309 1.06748704]
Classification: 1.0 0.915625 418
(26, 8)
(38, 8)
(56, 8)
[1.00997183 0.93298585 1.05704232]
Classification: 1.0 0.915625 419
(26, 8)
(38, 8)
(56, 8)
[0.93793608 0.98260268 1.07946124]
Classification: 1.0 0.915625 420
(26, 8)
(38, 8)
(56, 8)
[0.96465549 0.93974007 1.09560443]
Classification: 1.0 0.915625 421
(26, 8)
(38, 8)
(56, 8)
[1.0295273 0.9105364 1.0599363]
Classification: 1.0 0.915625 422
(26, 8)
(38, 8)
(56, 8)
[0.96082885 0.94636408 1.09280707]
Classification: 1.0 0.915625 423
(26, 8)
(38, 8)
(56, 8)
[0.96817938 0.9508283  1.08099233]
Classification: 1.0 0.915625 424
(26, 8)
(38, 8)
(56, 8)
[0.95826538 0.95369792 1.0880367 ]
Classification: 1.0 0.915625 425
(26, 8)
(38, 8)
(56, 8)
[0.90349737 0.98161872 1.11488391]
Classification: 1.0 0.915625 426
(26, 8)
(38, 8)
(56, 8)
[0.95943458 0.96719675 1.07336867]
Classification: 1.0 0.915625 427
(26, 8)
(38, 8)
(56, 8)
[1.06543457 0.92605758 1.00850784]
Classification: 1.0 0.915625 428
(26, 8)
(38, 8)
(56, 8)
[0.96822898 0.95199482 1.0797762 ]
Classification: 1.0 0.915625 429
(26, 8)
(38, 8)
(56, 8)
[1.01280792 0.97939023 1.00780186]
Classification: 1.0 /mnt/data/user_liangzhiyu/envs/fedcsl/lib/python3.8/site-packages/scipy/__init__.py:146: UserWarning: A NumPy version >=1.16.5 and <1.23.0 is required for this version of SciPy (detected version 1.23.5
  warnings.warn(f"A NumPy version >={np_minversion} and <{np_maxversion}"
/mnt/data/user_liangzhiyu/envs/fedcsl/lib/python3.8/site-packages/tslearn/bases/bases.py:15: UserWarning: h5py not installed, hdf5 features will not be supported.
Install h5py to use hdf5 features: http://docs.h5py.org/
  warn(h5py_msg)
/mnt/data/user_liangzhiyu/lixiongfei/CSL-main/train.py:392: UserWarning: Creating a tensor from a list of numpy.ndarrays is extremely slow. Please consider converting the list to a single numpy.ndarray with numpy.array() before converting to a tensor. (Triggered internally at /opt/conda/conda-bld/pytorch_1724789259345/work/torch/csrc/utils/tensor_new.cpp:278.)
  X = torch.tensor(X, dtype=torch.float).contiguous()
0.915625 430
(26, 8)
(38, 8)
(56, 8)
[0.9640677  0.93165147 1.10428083]
Classification: 1.0 0.915625 431
(26, 8)
(38, 8)
(56, 8)
[0.98334478 0.94556534 1.07108988]
Classification: 1.0 0.91875 432
(26, 8)
(38, 8)
(56, 8)
[1.05219364 0.95180413 0.99600223]
Classification: 1.0 0.915625 433
(26, 8)
(38, 8)
(56, 8)
[0.96731655 0.97861242 1.05407103]
Classification: 1.0 0.915625 434
(26, 8)
(38, 8)
(56, 8)
[0.94176827 0.99859541 1.05963631]
Classification: 1.0 0.915625 435
(26, 8)
(38, 8)
(56, 8)
[0.9933905  0.94884592 1.05776359]
Classification: 1.0 0.915625 436
(26, 8)
(38, 8)
(56, 8)
[0.90940576 0.97353263 1.11706162]
Classification: 1.0 0.915625 437
(26, 8)
(38, 8)
(56, 8)
[1.01020031 0.95230887 1.03749081]
Classification: 1.0 0.915625 438
(26, 8)
(38, 8)
(56, 8)
[0.95330691 0.95975924 1.08693385]
Classification: 1.0 0.915625 439
(26, 8)
(38, 8)
(56, 8)
[1.04110213 0.94767758 1.01122029]
Classification: 1.0 0.915625 440
(26, 8)
(38, 8)
(56, 8)
[0.99860771 0.94380221 1.05759008]
Classification: 1.0 0.915625 441
(26, 8)
(38, 8)
(56, 8)
[1.02911403 0.93111947 1.0397665 ]
Classification: 1.0 0.915625 442
(26, 8)
(38, 8)
(56, 8)
[0.93819416 0.90366038 1.15814547]
Classification: 1.0 0.915625 443
(26, 8)
(38, 8)
(56, 8)
[0.92324648 0.98210689 1.09464663]
Classification: 1.0 0.915625 444
(26, 8)
(38, 8)
(56, 8)
[0.95938172 0.94923669 1.09138159]
Classification: 1.0 0.915625 445
(26, 8)
(38, 8)
(56, 8)
[0.8696508  1.00485125 1.12549795]
Classification: 1.0 0.915625 446
(26, 8)
(38, 8)
(56, 8)
[1.01687421 0.91040223 1.07272356]
Classification: 1.0 0.915625 447
(26, 8)
(38, 8)
(56, 8)
[0.97181809 0.94303723 1.08514469]
Classification: 1.0 0.915625 448
(26, 8)
(38, 8)
(56, 8)
[1.0131591  0.95069507 1.03614583]
Classification: 1.0 0.915625 449
(26, 8)
(38, 8)
(56, 8)
[0.95020212 0.97735106 1.07244682]
Classification: 1.0 0.91875 450
(26, 8)
(38, 8)
(56, 8)
[0.9624939  0.94617417 1.09133193]
Classification: 1.0 0.915625 451
(26, 8)
(38, 8)
(56, 8)
[0.9490043  0.96772888 1.08326682]
Classification: 1.0 0.915625 452
(26, 8)
(38, 8)
(56, 8)
[0.98159048 0.92573405 1.09267548]
Classification: 1.0 0.915625 453
(26, 8)
(38, 8)
(56, 8)
[0.96057542 0.97908028 1.0603443 ]
Classification: 1.0 0.915625 454
(26, 8)
(38, 8)
(56, 8)
[0.9356629  0.96061638 1.10372073]
Classification: 1.0 0.915625 455
(26, 8)
(38, 8)
(56, 8)
[0.98139662 0.92099314 1.09761024]
Classification: 1.0 0.915625 456
(26, 8)
(38, 8)
(56, 8)
[1.00260482 0.95157583 1.04581934]
Classification: 1.0 0.915625 457
(26, 8)
(38, 8)
(56, 8)
[0.95566029 0.92553541 1.1188043 ]
Classification: 1.0 0.915625 458
(26, 8)
(38, 8)
(56, 8)
[0.96522167 0.94221175 1.09256658]
Classification: 1.0 0.915625 459
(26, 8)
(38, 8)
(56, 8)
[1.00869493 0.98895569 1.00234938]
Classification: 1.0 0.915625 460
(26, 8)
(38, 8)
(56, 8)
[0.94759215 0.92450094 1.12790691]
Classification: 1.0 0.915625 461
(26, 8)
(38, 8)
(56, 8)
[0.93893292 1.00286301 1.05820407]
Classification: 1.0 0.915625 462
(26, 8)
(38, 8)
(56, 8)
[0.93666068 0.97255422 1.09078511]
Classification: 1.0 0.915625 463
(26, 8)
(38, 8)
(56, 8)
[0.91995171 1.03628245 1.04376585]
Classification: 1.0 0.915625 464
(26, 8)
(38, 8)
(56, 8)
[0.9501473  0.93055166 1.11930105]
Classification: 1.0 0.915625 465
(26, 8)
(38, 8)
(56, 8)
[0.89317779 0.92652093 1.18030128]
Classification: 1.0 0.915625 466
(26, 8)
(38, 8)
(56, 8)
[0.9637185  1.00475046 1.03153105]
Classification: 1.0 0.915625 467
(26, 8)
(38, 8)
(56, 8)
[0.91283647 1.04779966 1.03936387]
Classification: 1.0 0.915625 468
(26, 8)
(38, 8)
(56, 8)
[0.94465041 0.94101859 1.114331  ]
Classification: 1.0 0.915625 469
(26, 8)
(38, 8)
(56, 8)
[0.95827463 1.00809335 1.03363203]
Classification: 1.0 0.915625 470
(26, 8)
(38, 8)
(56, 8)
[0.87477641 1.0076101  1.11761348]
Classification: 1.0 0.915625 471
(26, 8)
(38, 8)
(56, 8)
[0.97600337 0.98128745 1.04270919]
Classification: 1.0 0.915625 472
(26, 8)
(38, 8)
(56, 8)
[0.91987368 0.97276517 1.10736115]
Classification: 1.0 0.915625 473
(26, 8)
(38, 8)
(56, 8)
[0.898523   0.99177957 1.10969743]
Classification: 1.0 0.915625 474
(26, 8)
(38, 8)
(56, 8)
[0.94113762 1.0045177  1.05434468]
Classification: 1.0 0.915625 475
(26, 8)
(38, 8)
(56, 8)
[0.95686572 0.99550095 1.04763332]
Classification: 1.0 0.915625 476
(26, 8)
(38, 8)
(56, 8)
[0.92355998 1.03276425 1.04367577]
Classification: 1.0 0.915625 477
(26, 8)
(38, 8)
(56, 8)
[0.93089581 1.03581971 1.03328448]
Classification: 1.0 0.915625 478
(26, 8)
(38, 8)
(56, 8)
[0.93986564 0.99004502 1.07008934]
Classification: 1.0 0.915625 479
(26, 8)
(38, 8)
(56, 8)
[0.8786025  0.97999323 1.14140428]
Classification: 1.0 0.915625 480
(26, 8)
(38, 8)
(56, 8)
[0.89628971 0.95837225 1.14533804]
Classification: 1.0 0.915625 481
(26, 8)
(38, 8)
(56, 8)
[0.89906538 0.95280837 1.14812625]
Classification: 1.0 0.915625 482
(26, 8)
(38, 8)
(56, 8)
[0.95521878 0.93730706 1.10747416]
Classification: 1.0 0.915625 483
(26, 8)
(38, 8)
(56, 8)
[0.95251123 0.92111966 1.12636911]
Classification: 1.0 0.915625 484
(26, 8)
(38, 8)
(56, 8)
[0.96801491 0.93662248 1.09536262]
Classification: 1.0 0.91875 485
(26, 8)
(38, 8)
(56, 8)
[0.87501967 1.01285284 1.11212749]
Classification: 1.0 0.915625 486
(26, 8)
(38, 8)
(56, 8)
[0.8532195  1.00272778 1.14405272]
Classification: 1.0 0.915625 487
(26, 8)
(38, 8)
(56, 8)
[0.92426377 0.95239999 1.12333624]
Classification: 1.0 0.915625 488
(26, 8)
(38, 8)
(56, 8)
[0.91346847 1.0227213  1.06381023]
Classification: 1.0 0.915625 489
(26, 8)
(38, 8)
(56, 8)
[0.87140371 0.96082531 1.16777097]
Classification: 1.0 0.915625 490
(26, 8)
(38, 8)
(56, 8)
[0.89348641 0.94478376 1.16172983]
Classification: 1.0 0.91875 491
(26, 8)
(38, 8)
(56, 8)
[0.98395435 0.99170854 1.02433711]
Classification: 1.0 0.915625 492
(26, 8)
(38, 8)
(56, 8)
[0.95307313 0.98539656 1.0615303 ]
Classification: 1.0 0.915625 493
(26, 8)
(38, 8)
(56, 8)
[0.86977344 0.97172487 1.15850169]
Classification: 1.0 0.915625 494
(26, 8)
(38, 8)
(56, 8)
[0.98612771 0.99266337 1.02120891]
Classification: 1.0 0.915625 495
(26, 8)
(38, 8)
(56, 8)
[0.92817748 0.99966344 1.07215907]
Classification: 1.0 0.915625 496
(26, 8)
(38, 8)
(56, 8)
[0.86467394 1.06499304 1.07033302]
Classification: 1.0 0.915625 497
(26, 8)
(38, 8)
(56, 8)
[0.98867492 0.92986705 1.08145803]
Classification: 1.0 0.915625 498
(26, 8)
(38, 8)
(56, 8)
[0.90554435 0.97923697 1.11521868]
Classification: 1.0 0.915625 499
best round is 0, acc is 0.921875
Model saved to ./checkpoint/UWaveGestureLibrary/2025-03-07-14_UWaveGestureLibrary_model.pt
Running experiment with dataset: UWaveGestureLibrary, config: ./result/ablation_study/config_UWaveGestureLibrary.yml
/mnt/data/user_liangzhiyu/envs/fedcsl/lib/python3.8/site-packages/scipy/__init__.py:146: UserWarning: A NumPy version >=1.16.5 and <1.23.0 is required for this version of SciPy (detected version 1.23.5
  warnings.warn(f"A NumPy version >={np_minversion} and <{np_maxversion}"
/mnt/data/user_liangzhiyu/envs/fedcsl/lib/python3.8/site-packages/tslearn/bases/bases.py:15: UserWarning: h5py not installed, hdf5 features will not be supported.
Install h5py to use hdf5 features: http://docs.h5py.org/
  warn(h5py_msg)
/mnt/data/user_liangzhiyu/lixiongfei/CSL-main/train.py:392: UserWarning: Creating a tensor from a list of numpy.ndarrays is extremely slow. Please consider converting the list to a single numpy.ndarray with numpy.array() before converting to a tensor. (Triggered internally at /opt/conda/conda-bld/pytorch_1724789259345/work/torch/csrc/utils/tensor_new.cpp:278.)
  X = torch.tensor(X, dtype=torch.float).contiguous()
[0.09514033 0.10277917 0.11127909 0.12035814 0.12964186 0.13872091
 0.14722083 0.15485967]
120
<class 'pandas.core.frame.DataFrame'>
RangeIndex: 120 entries, 0 to 119
Data columns (total 4 columns):
 #   Column      Non-Null Count  Dtype 
---  ------      --------------  ----- 
 0   dim_0       120 non-null    object
 1   dim_1       120 non-null    object
 2   dim_2       120 non-null    object
 3   class_vals  120 non-null    object
dtypes: object(4)
memory usage: 3.9+ KB
None
{315}
<class 'pandas.core.frame.DataFrame'>
RangeIndex: 120 entries, 0 to 119
Data columns (total 4 columns):
 #   Column      Non-Null Count  Dtype 
---  ------      --------------  ----- 
 0   dim_0       120 non-null    object
 1   dim_1       120 non-null    object
 2   dim_2       120 non-null    object
 3   class_vals  120 non-null    object
dtypes: object(4)
memory usage: 3.9+ KB
None
[0 0 0 0 0 0 0 0 0 0 0 0 0 0 0 1 1 1 1 1 1 1 1 1 1 1 1 1 1 1 2 2 2 2 2 2 2
 2 2 2 2 2 2 2 2 3 3 3 3 3 3 3 3 3 3 3 3 3 3 3 4 4 4 4 4 4 4 4 4 4 4 4 4 4
 4 5 5 5 5 5 5 5 5 5 5 5 5 5 5 5 6 6 6 6 6 6 6 6 6 6 6 6 6 6 6 7 7 7 7 7 7
 7 7 7 7 7 7 7 7 7]
[  0  15  30  31  32  33  34  35  36  37  45  46  47  48  49  60  75  76
  77 105 106 107 108 109 110 111]
[0, 1, 2, 2, 2, 2, 2, 2, 2, 2, 3, 3, 3, 3, 3, 4, 5, 5, 5, 7, 7, 7, 7, 7, 7, 7]
[0, 0, 0, 0, 0, 0, 0, 0, 0, 0, 0, 0, 1, 1, 2, 2, 2, 2, 2, 2, 3, 3, 4, 5, 5, 5, 5, 5, 5, 5, 6, 6, 6, 6, 6, 6, 6, 7]
[0, 0, 1, 1, 1, 1, 1, 1, 1, 1, 1, 1, 1, 1, 2, 3, 3, 3, 3, 3, 3, 3, 3, 4, 4, 4, 4, 4, 4, 4, 4, 4, 4, 4, 4, 4, 5, 5, 5, 5, 5, 6, 6, 6, 6, 6, 6, 6, 6, 7, 7, 7, 7, 7, 7, 7]
shapelet initialized! 

All 3 clinet initialized! 

(26, 8)
(38, 8)
(56, 8)
[0.90684099 1.15952903 0.93362997]
Classification: 1.0 0.921875 0
(26, 8)
(38, 8)
(56, 8)
[0.9488776  1.12594451 0.9251779 ]
Classification: 1.0 0.921875 1
Running experiment with dataset: UWaveGestureLibrary, config: ./result/ablation_study/config_UWaveGestureLibrary.yml
/mnt/data/user_liangzhiyu/envs/fedcsl/lib/python3.8/site-packages/scipy/__init__.py:146: UserWarning: A NumPy version >=1.16.5 and <1.23.0 is required for this version of SciPy (detected version 1.23.5
  warnings.warn(f"A NumPy version >={np_minversion} and <{np_maxversion}"
/mnt/data/user_liangzhiyu/envs/fedcsl/lib/python3.8/site-packages/tslearn/bases/bases.py:15: UserWarning: h5py not installed, hdf5 features will not be supported.
Install h5py to use hdf5 features: http://docs.h5py.org/
  warn(h5py_msg)
/mnt/data/user_liangzhiyu/lixiongfei/CSL-main/train.py:392: UserWarning: Creating a tensor from a list of numpy.ndarrays is extremely slow. Please consider converting the list to a single numpy.ndarray with numpy.array() before converting to a tensor. (Triggered internally at /opt/conda/conda-bld/pytorch_1724789259345/work/torch/csrc/utils/tensor_new.cpp:278.)
  X = torch.tensor(X, dtype=torch.float).contiguous()
/mnt/data/user_liangzhiyu/envs/fedcsl/lib/python3.8/site-packages/numpy/core/fromnumeric.py:3432: RuntimeWarning: Mean of empty slice.
  return _methods._mean(a, axis=axis, dtype=dtype,
/mnt/data/user_liangzhiyu/envs/fedcsl/lib/python3.8/site-packages/numpy/core/_methods.py:190: RuntimeWarning: invalid value encountered in double_scalars
  ret = ret.dtype.type(ret / rcount)
/mnt/data/user_liangzhiyu/envs/fedcsl/lib/python3.8/site-packages/numpy/core/fromnumeric.py:3432: RuntimeWarning: Mean of empty slice.
  return _methods._mean(a, axis=axis, dtype=dtype,
/mnt/data/user_liangzhiyu/envs/fedcsl/lib/python3.8/site-packages/numpy/core/_methods.py:190: RuntimeWarning: invalid value encountered in double_scalars
  ret = ret.dtype.type(ret / rcount)
/mnt/data/user_liangzhiyu/envs/fedcsl/lib/python3.8/site-packages/numpy/core/fromnumeric.py:3432: RuntimeWarning: Mean of empty slice.
  return _methods._mean(a, axis=axis, dtype=dtype,
/mnt/data/user_liangzhiyu/envs/fedcsl/lib/python3.8/site-packages/numpy/core/_methods.py:190: RuntimeWarning: invalid value encountered in double_scalars
  ret = ret.dtype.type(ret / rcount)
/mnt/data/user_liangzhiyu/envs/fedcsl/lib/python3.8/site-packages/numpy/core/fromnumeric.py:3432: RuntimeWarning: Mean of empty slice.
  return _methods._mean(a, axis=axis, dtype=dtype,
/mnt/data/user_liangzhiyu/envs/fedcsl/lib/python3.8/site-packages/numpy/core/_methods.py:190: RuntimeWarning: invalid value encountered in double_scalars
  ret = ret.dtype.type(ret / rcount)
/mnt/data/user_liangzhiyu/envs/fedcsl/lib/python3.8/site-packages/numpy/core/fromnumeric.py:3432: RuntimeWarning: Mean of empty slice.
  return _methods._mean(a, axis=axis, dtype=dtype,
/mnt/data/user_liangzhiyu/envs/fedcsl/lib/python3.8/site-packages/numpy/core/_methods.py:190: RuntimeWarning: invalid value encountered in double_scalars
  ret = ret.dtype.type(ret / rcount)
/mnt/data/user_liangzhiyu/envs/fedcsl/lib/python3.8/site-packages/numpy/core/fromnumeric.py:3432: RuntimeWarning: Mean of empty slice.
  return _methods._mean(a, axis=axis, dtype=dtype,
/mnt/data/user_liangzhiyu/envs/fedcsl/lib/python3.8/site-packages/numpy/core/_methods.py:190: RuntimeWarning: invalid value encountered in double_scalars
  ret = ret.dtype.type(ret / rcount)
/mnt/data/user_liangzhiyu/envs/fedcsl/lib/python3.8/site-packages/numpy/core/fromnumeric.py:3432: RuntimeWarning: Mean of empty slice.
  return _methods._mean(a, axis=axis, dtype=dtype,
/mnt/data/user_liangzhiyu/envs/fedcsl/lib/python3.8/site-packages/numpy/core/_methods.py:190: RuntimeWarning: invalid value encountered in double_scalars
  ret = ret.dtype.type(ret / rcount)
/mnt/data/user_liangzhiyu/envs/fedcsl/lib/python3.8/site-packages/numpy/core/fromnumeric.py:3432: RuntimeWarning: Mean of empty slice.
  return _methods._mean(a, axis=axis, dtype=dtype,
/mnt/data/user_liangzhiyu/envs/fedcsl/lib/python3.8/site-packages/numpy/core/_methods.py:190: RuntimeWarning: invalid value encountered in double_scalars
  ret = ret.dtype.type(ret / rcount)
/mnt/data/user_liangzhiyu/envs/fedcsl/lib/python3.8/site-packages/numpy/core/fromnumeric.py:3432: RuntimeWarning: Mean of empty slice.
  return _methods._mean(a, axis=axis, dtype=dtype,
/mnt/data/user_liangzhiyu/envs/fedcsl/lib/python3.8/site-packages/numpy/core/_methods.py:190: RuntimeWarning: invalid value encountered in double_scalars
  ret = ret.dtype.type(ret / rcount)
/mnt/data/user_liangzhiyu/envs/fedcsl/lib/python3.8/site-packages/numpy/core/fromnumeric.py:3432: RuntimeWarning: Mean of empty slice.
  return _methods._mean(a, axis=axis, dtype=dtype,
/mnt/data/user_liangzhiyu/envs/fedcsl/lib/python3.8/site-packages/numpy/core/_methods.py:190: RuntimeWarning: invalid value encountered in double_scalars
  ret = ret.dtype.type(ret / rcount)
/mnt/data/user_liangzhiyu/envs/fedcsl/lib/python3.8/site-packages/numpy/core/fromnumeric.py:3432: RuntimeWarning: Mean of empty slice.
  return _methods._mean(a, axis=axis, dtype=dtype,
/mnt/data/user_liangzhiyu/envs/fedcsl/lib/python3.8/site-packages/numpy/core/_methods.py:190: RuntimeWarning: invalid value encountered in double_scalars
  ret = ret.dtype.type(ret / rcount)
/mnt/data/user_liangzhiyu/envs/fedcsl/lib/python3.8/site-packages/numpy/core/fromnumeric.py:3432: RuntimeWarning: Mean of empty slice.
  return _methods._mean(a, axis=axis, dtype=dtype,
/mnt/data/user_liangzhiyu/envs/fedcsl/lib/python3.8/site-packages/numpy/core/_methods.py:190: RuntimeWarning: invalid value encountered in double_scalars
  ret = ret.dtype.type(ret / rcount)
/mnt/data/user_liangzhiyu/envs/fedcsl/lib/python3.8/site-packages/numpy/core/fromnumeric.py:3432: RuntimeWarning: Mean of empty slice.
  return _methods._mean(a, axis=axis, dtype=dtype,
/mnt/data/user_liangzhiyu/envs/fedcsl/lib/python3.8/site-packages/numpy/core/_methods.py:190: RuntimeWarning: invalid value encountered in double_scalars
  ret = ret.dtype.type(ret / rcount)
/mnt/data/user_liangzhiyu/envs/fedcsl/lib/python3.8/site-packages/numpy/core/fromnumeric.py:3432: RuntimeWarning: Mean of empty slice.
  return _methods._mean(a, axis=axis, dtype=dtype,
/mnt/data/user_liangzhiyu/envs/fedcsl/lib/python3.8/site-packages/numpy/core/_methods.py:190: RuntimeWarning: invalid value encountered in double_scalars
  ret = ret.dtype.type(ret / rcount)
/mnt/data/user_liangzhiyu/envs/fedcsl/lib/python3.8/site-packages/numpy/core/fromnumeric.py:3432: RuntimeWarning: Mean of empty slice.
  return _methods._mean(a, axis=axis, dtype=dtype,
/mnt/data/user_liangzhiyu/envs/fedcsl/lib/python3.8/site-packages/numpy/core/_methods.py:190: RuntimeWarning: invalid value encountered in double_scalars
  ret = ret.dtype.type(ret / rcount)
/mnt/data/user_liangzhiyu/envs/fedcsl/lib/python3.8/site-packages/numpy/core/fromnumeric.py:3432: RuntimeWarning: Mean of empty slice.
  return _methods._mean(a, axis=axis, dtype=dtype,
/mnt/data/user_liangzhiyu/envs/fedcsl/lib/python3.8/site-packages/numpy/core/_methods.py:190: RuntimeWarning: invalid value encountered in double_scalars
  ret = ret.dtype.type(ret / rcount)
/mnt/data/user_liangzhiyu/envs/fedcsl/lib/python3.8/site-packages/numpy/core/fromnumeric.py:3432: RuntimeWarning: Mean of empty slice.
  return _methods._mean(a, axis=axis, dtype=dtype,
/mnt/data/user_liangzhiyu/envs/fedcsl/lib/python3.8/site-packages/numpy/core/_methods.py:190: RuntimeWarning: invalid value encountered in double_scalars
  ret = ret.dtype.type(ret / rcount)
/mnt/data/user_liangzhiyu/envs/fedcsl/lib/python3.8/site-packages/numpy/core/fromnumeric.py:3432: RuntimeWarning: Mean of empty slice.
  return _methods._mean(a, axis=axis, dtype=dtype,
/mnt/data/user_liangzhiyu/envs/fedcsl/lib/python3.8/site-packages/numpy/core/_methods.py:190: RuntimeWarning: invalid value encountered in double_scalars
  ret = ret.dtype.type(ret / rcount)
/mnt/data/user_liangzhiyu/envs/fedcsl/lib/python3.8/site-packages/numpy/core/fromnumeric.py:3432: RuntimeWarning: Mean of empty slice.
  return _methods._mean(a, axis=axis, dtype=dtype,
/mnt/data/user_liangzhiyu/envs/fedcsl/lib/python3.8/site-packages/numpy/core/_methods.py:190: RuntimeWarning: invalid value encountered in double_scalars
  ret = ret.dtype.type(ret / rcount)
/mnt/data/user_liangzhiyu/envs/fedcsl/lib/python3.8/site-packages/numpy/core/fromnumeric.py:3432: RuntimeWarning: Mean of empty slice.
  return _methods._mean(a, axis=axis, dtype=dtype,
/mnt/data/user_liangzhiyu/envs/fedcsl/lib/python3.8/site-packages/numpy/core/_methods.py:190: RuntimeWarning: invalid value encountered in double_scalars
  ret = ret.dtype.type(ret / rcount)
/mnt/data/user_liangzhiyu/envs/fedcsl/lib/python3.8/site-packages/numpy/core/fromnumeric.py:3432: RuntimeWarning: Mean of empty slice.
  return _methods._mean(a, axis=axis, dtype=dtype,
/mnt/data/user_liangzhiyu/envs/fedcsl/lib/python3.8/site-packages/numpy/core/_methods.py:190: RuntimeWarning: invalid value encountered in double_scalars
  ret = ret.dtype.type(ret / rcount)
/mnt/data/user_liangzhiyu/envs/fedcsl/lib/python3.8/site-packages/numpy/core/fromnumeric.py:3432: RuntimeWarning: Mean of empty slice.
  return _methods._mean(a, axis=axis, dtype=dtype,
/mnt/data/user_liangzhiyu/envs/fedcsl/lib/python3.8/site-packages/numpy/core/_methods.py:190: RuntimeWarning: invalid value encountered in double_scalars
  ret = ret.dtype.type(ret / rcount)
/mnt/data/user_liangzhiyu/envs/fedcsl/lib/python3.8/site-packages/numpy/core/fromnumeric.py:3432: RuntimeWarning: Mean of empty slice.
  return _methods._mean(a, axis=axis, dtype=dtype,
/mnt/data/user_liangzhiyu/envs/fedcsl/lib/python3.8/site-packages/numpy/core/_methods.py:190: RuntimeWarning: invalid value encountered in double_scalars
  ret = ret.dtype.type(ret / rcount)
/mnt/data/user_liangzhiyu/envs/fedcsl/lib/python3.8/site-packages/numpy/core/fromnumeric.py:3432: RuntimeWarning: Mean of empty slice.
  return _methods._mean(a, axis=axis, dtype=dtype,
/mnt/data/user_liangzhiyu/envs/fedcsl/lib/python3.8/site-packages/numpy/core/_methods.py:190: RuntimeWarning: invalid value encountered in double_scalars
  ret = ret.dtype.type(ret / rcount)
/mnt/data/user_liangzhiyu/envs/fedcsl/lib/python3.8/site-packages/numpy/core/fromnumeric.py:3432: RuntimeWarning: Mean of empty slice.
  return _methods._mean(a, axis=axis, dtype=dtype,
/mnt/data/user_liangzhiyu/envs/fedcsl/lib/python3.8/site-packages/numpy/core/_methods.py:190: RuntimeWarning: invalid value encountered in double_scalars
  ret = ret.dtype.type(ret / rcount)
/mnt/data/user_liangzhiyu/envs/fedcsl/lib/python3.8/site-packages/numpy/core/fromnumeric.py:3432: RuntimeWarning: Mean of empty slice.
  return _methods._mean(a, axis=axis, dtype=dtype,
/mnt/data/user_liangzhiyu/envs/fedcsl/lib/python3.8/site-packages/numpy/core/_methods.py:190: RuntimeWarning: invalid value encountered in double_scalars
  ret = ret.dtype.type(ret / rcount)
/mnt/data/user_liangzhiyu/envs/fedcsl/lib/python3.8/site-packages/numpy/core/fromnumeric.py:3432: RuntimeWarning: Mean of empty slice.
  return _methods._mean(a, axis=axis, dtype=dtype,
/mnt/data/user_liangzhiyu/envs/fedcsl/lib/python3.8/site-packages/numpy/core/_methods.py:190: RuntimeWarning: invalid value encountered in double_scalars
  ret = ret.dtype.type(ret / rcount)
/mnt/data/user_liangzhiyu/envs/fedcsl/lib/python3.8/site-packages/numpy/core/fromnumeric.py:3432: RuntimeWarning: Mean of empty slice.
  return _methods._mean(a, axis=axis, dtype=dtype,
/mnt/data/user_liangzhiyu/envs/fedcsl/lib/python3.8/site-packages/numpy/core/_methods.py:190: RuntimeWarning: invalid value encountered in double_scalars
  ret = ret.dtype.type(ret / rcount)
/mnt/data/user_liangzhiyu/envs/fedcsl/lib/python3.8/site-packages/numpy/core/fromnumeric.py:3432: RuntimeWarning: Mean of empty slice.
  return _methods._mean(a, axis=axis, dtype=dtype,
/mnt/data/user_liangzhiyu/envs/fedcsl/lib/python3.8/site-packages/numpy/core/_methods.py:190: RuntimeWarning: invalid value encountered in double_scalars
  ret = ret.dtype.type(ret / rcount)
/mnt/data/user_liangzhiyu/envs/fedcsl/lib/python3.8/site-packages/numpy/core/fromnumeric.py:3432: RuntimeWarning: Mean of empty slice.
  return _methods._mean(a, axis=axis, dtype=dtype,
/mnt/data/user_liangzhiyu/envs/fedcsl/lib/python3.8/site-packages/numpy/core/_methods.py:190: RuntimeWarning: invalid value encountered in double_scalars
  ret = ret.dtype.type(ret / rcount)
/mnt/data/user_liangzhiyu/envs/fedcsl/lib/python3.8/site-packages/numpy/core/fromnumeric.py:3432: RuntimeWarning: Mean of empty slice.
  return _methods._mean(a, axis=axis, dtype=dtype,
/mnt/data/user_liangzhiyu/envs/fedcsl/lib/python3.8/site-packages/numpy/core/_methods.py:190: RuntimeWarning: invalid value encountered in double_scalars
  ret = ret.dtype.type(ret / rcount)
/mnt/data/user_liangzhiyu/envs/fedcsl/lib/python3.8/site-packages/numpy/core/fromnumeric.py:3432: RuntimeWarning: Mean of empty slice.
  return _methods._mean(a, axis=axis, dtype=dtype,
/mnt/data/user_liangzhiyu/envs/fedcsl/lib/python3.8/site-packages/numpy/core/_methods.py:190: RuntimeWarning: invalid value encountered in double_scalars
  ret = ret.dtype.type(ret / rcount)
/mnt/data/user_liangzhiyu/envs/fedcsl/lib/python3.8/site-packages/numpy/core/fromnumeric.py:3432: RuntimeWarning: Mean of empty slice.
  return _methods._mean(a, axis=axis, dtype=dtype,
/mnt/data/user_liangzhiyu/envs/fedcsl/lib/python3.8/site-packages/numpy/core/_methods.py:190: RuntimeWarning: invalid value encountered in double_scalars
  ret = ret.dtype.type(ret / rcount)
/mnt/data/user_liangzhiyu/envs/fedcsl/lib/python3.8/site-packages/numpy/core/fromnumeric.py:3432: RuntimeWarning: Mean of empty slice.
  return _methods._mean(a, axis=axis, dtype=dtype,
/mnt/data/user_liangzhiyu/envs/fedcsl/lib/python3.8/site-packages/numpy/core/_methods.py:190: RuntimeWarning: invalid value encountered in double_scalars
  ret = ret.dtype.type(ret / rcount)
/mnt/data/user_liangzhiyu/envs/fedcsl/lib/python3.8/site-packages/numpy/core/fromnumeric.py:3432: RuntimeWarning: Mean of empty slice.
  return _methods._mean(a, axis=axis, dtype=dtype,
/mnt/data/user_liangzhiyu/envs/fedcsl/lib/python3.8/site-packages/numpy/core/_methods.py:190: RuntimeWarning: invalid value encountered in double_scalars
  ret = ret.dtype.type(ret / rcount)
/mnt/data/user_liangzhiyu/envs/fedcsl/lib/python3.8/site-packages/numpy/core/fromnumeric.py:3432: RuntimeWarning: Mean of empty slice.
  return _methods._mean(a, axis=axis, dtype=dtype,
/mnt/data/user_liangzhiyu/envs/fedcsl/lib/python3.8/site-packages/numpy/core/_methods.py:190: RuntimeWarning: invalid value encountered in double_scalars
  ret = ret.dtype.type(ret / rcount)
/mnt/data/user_liangzhiyu/envs/fedcsl/lib/python3.8/site-packages/numpy/core/fromnumeric.py:3432: RuntimeWarning: Mean of empty slice.
  return _methods._mean(a, axis=axis, dtype=dtype,
/mnt/data/user_liangzhiyu/envs/fedcsl/lib/python3.8/site-packages/numpy/core/_methods.py:190: RuntimeWarning: invalid value encountered in double_scalars
  ret = ret.dtype.type(ret / rcount)
/mnt/data/user_liangzhiyu/envs/fedcsl/lib/python3.8/site-packages/numpy/core/fromnumeric.py:3432: RuntimeWarning: Mean of empty slice.
  return _methods._mean(a, axis=axis, dtype=dtype,
/mnt/data/user_liangzhiyu/envs/fedcsl/lib/python3.8/site-packages/numpy/core/_methods.py:190: RuntimeWarning: invalid value encountered in double_scalars
  ret = ret.dtype.type(ret / rcount)
/mnt/data/user_liangzhiyu/envs/fedcsl/lib/python3.8/site-packages/numpy/core/fromnumeric.py:3432: RuntimeWarning: Mean of empty slice.
  return _methods._mean(a, axis=axis, dtype=dtype,
/mnt/data/user_liangzhiyu/envs/fedcsl/lib/python3.8/site-packages/numpy/core/_methods.py:190: RuntimeWarning: invalid value encountered in double_scalars
  ret = ret.dtype.type(ret / rcount)
/mnt/data/user_liangzhiyu/envs/fedcsl/lib/python3.8/site-packages/numpy/core/fromnumeric.py:3432: RuntimeWarning: Mean of empty slice.
  return _methods._mean(a, axis=axis, dtype=dtype,
/mnt/data/user_liangzhiyu/envs/fedcsl/lib/python3.8/site-packages/numpy/core/_methods.py:190: RuntimeWarning: invalid value encountered in double_scalars
  ret = ret.dtype.type(ret / rcount)
/mnt/data/user_liangzhiyu/envs/fedcsl/lib/python3.8/site-packages/numpy/core/fromnumeric.py:3432: RuntimeWarning: Mean of empty slice.
  return _methods._mean(a, axis=axis, dtype=dtype,
/mnt/data/user_liangzhiyu/envs/fedcsl/lib/python3.8/site-packages/numpy/core/_methods.py:190: RuntimeWarning: invalid value encountered in double_scalars
  ret = ret.dtype.type(ret / rcount)
/mnt/data/user_liangzhiyu/envs/fedcsl/lib/python3.8/site-packages/numpy/core/fromnumeric.py:3432: RuntimeWarning: Mean of empty slice.
  return _methods._mean(a, axis=axis, dtype=dtype,
/mnt/data/user_liangzhiyu/envs/fedcsl/lib/python3.8/site-packages/numpy/core/_methods.py:190: RuntimeWarning: invalid value encountered in double_scalars
  ret = ret.dtype.type(ret / rcount)
/mnt/data/user_liangzhiyu/envs/fedcsl/lib/python3.8/site-packages/numpy/core/fromnumeric.py:3432: RuntimeWarning: Mean of empty slice.
  return _methods._mean(a, axis=axis, dtype=dtype,
/mnt/data/user_liangzhiyu/envs/fedcsl/lib/python3.8/site-packages/numpy/core/_methods.py:190: RuntimeWarning: invalid value encountered in double_scalars
  ret = ret.dtype.type(ret / rcount)
/mnt/data/user_liangzhiyu/envs/fedcsl/lib/python3.8/site-packages/numpy/core/fromnumeric.py:3432: RuntimeWarning: Mean of empty slice.
  return _methods._mean(a, axis=axis, dtype=dtype,
/mnt/data/user_liangzhiyu/envs/fedcsl/lib/python3.8/site-packages/numpy/core/_methods.py:190: RuntimeWarning: invalid value encountered in double_scalars
  ret = ret.dtype.type(ret / rcount)
/mnt/data/user_liangzhiyu/envs/fedcsl/lib/python3.8/site-packages/numpy/core/fromnumeric.py:3432: RuntimeWarning: Mean of empty slice.
  return _methods._mean(a, axis=axis, dtype=dtype,
/mnt/data/user_liangzhiyu/envs/fedcsl/lib/python3.8/site-packages/numpy/core/_methods.py:190: RuntimeWarning: invalid value encountered in double_scalars
  ret = ret.dtype.type(ret / rcount)
/mnt/data/user_liangzhiyu/envs/fedcsl/lib/python3.8/site-packages/numpy/core/fromnumeric.py:3432: RuntimeWarning: Mean of empty slice.
  return _methods._mean(a, axis=axis, dtype=dtype,
/mnt/data/user_liangzhiyu/envs/fedcsl/lib/python3.8/site-packages/numpy/core/_methods.py:190: RuntimeWarning: invalid value encountered in double_scalars
  ret = ret.dtype.type(ret / rcount)
/mnt/data/user_liangzhiyu/envs/fedcsl/lib/python3.8/site-packages/numpy/core/fromnumeric.py:3432: RuntimeWarning: Mean of empty slice.
  return _methods._mean(a, axis=axis, dtype=dtype,
/mnt/data/user_liangzhiyu/envs/fedcsl/lib/python3.8/site-packages/numpy/core/_methods.py:190: RuntimeWarning: invalid value encountered in double_scalars
  ret = ret.dtype.type(ret / rcount)
/mnt/data/user_liangzhiyu/envs/fedcsl/lib/python3.8/site-packages/numpy/core/fromnumeric.py:3432: RuntimeWarning: Mean of empty slice.
  return _methods._mean(a, axis=axis, dtype=dtype,
/mnt/data/user_liangzhiyu/envs/fedcsl/lib/python3.8/site-packages/numpy/core/_methods.py:190: RuntimeWarning: invalid value encountered in double_scalars
  ret = ret.dtype.type(ret / rcount)
/mnt/data/user_liangzhiyu/envs/fedcsl/lib/python3.8/site-packages/numpy/core/fromnumeric.py:3432: RuntimeWarning: Mean of empty slice.
  return _methods._mean(a, axis=axis, dtype=dtype,
/mnt/data/user_liangzhiyu/envs/fedcsl/lib/python3.8/site-packages/numpy/core/_methods.py:190: RuntimeWarning: invalid value encountered in double_scalars
  ret = ret.dtype.type(ret / rcount)
/mnt/data/user_liangzhiyu/envs/fedcsl/lib/python3.8/site-packages/numpy/core/fromnumeric.py:3432: RuntimeWarning: Mean of empty slice.
  return _methods._mean(a, axis=axis, dtype=dtype,
/mnt/data/user_liangzhiyu/envs/fedcsl/lib/python3.8/site-packages/numpy/core/_methods.py:190: RuntimeWarning: invalid value encountered in double_scalars
  ret = ret.dtype.type(ret / rcount)
/mnt/data/user_liangzhiyu/envs/fedcsl/lib/python3.8/site-packages/numpy/core/fromnumeric.py:3432: RuntimeWarning: Mean of empty slice.
  return _methods._mean(a, axis=axis, dtype=dtype,
/mnt/data/user_liangzhiyu/envs/fedcsl/lib/python3.8/site-packages/numpy/core/_methods.py:190: RuntimeWarning: invalid value encountered in double_scalars
  ret = ret.dtype.type(ret / rcount)
/mnt/data/user_liangzhiyu/envs/fedcsl/lib/python3.8/site-packages/numpy/core/fromnumeric.py:3432: RuntimeWarning: Mean of empty slice.
  return _methods._mean(a, axis=axis, dtype=dtype,
/mnt/data/user_liangzhiyu/envs/fedcsl/lib/python3.8/site-packages/numpy/core/_methods.py:190: RuntimeWarning: invalid value encountered in double_scalars
  ret = ret.dtype.type(ret / rcount)
/mnt/data/user_liangzhiyu/envs/fedcsl/lib/python3.8/site-packages/numpy/core/fromnumeric.py:3432: RuntimeWarning: Mean of empty slice.
  return _methods._mean(a, axis=axis, dtype=dtype,
/mnt/data/user_liangzhiyu/envs/fedcsl/lib/python3.8/site-packages/numpy/core/_methods.py:190: RuntimeWarning: invalid value encountered in double_scalars
  ret = ret.dtype.type(ret / rcount)
/mnt/data/user_liangzhiyu/envs/fedcsl/lib/python3.8/site-packages/numpy/core/fromnumeric.py:3432: RuntimeWarning: Mean of empty slice.
  return _methods._mean(a, axis=axis, dtype=dtype,
/mnt/data/user_liangzhiyu/envs/fedcsl/lib/python3.8/site-packages/numpy/core/_methods.py:190: RuntimeWarning: invalid value encountered in double_scalars
  ret = ret.dtype.type(ret / rcount)
/mnt/data/user_liangzhiyu/envs/fedcsl/lib/python3.8/site-packages/numpy/core/fromnumeric.py:3432: RuntimeWarning: Mean of empty slice.
  return _methods._mean(a, axis=axis, dtype=dtype,
/mnt/data/user_liangzhiyu/envs/fedcsl/lib/python3.8/site-packages/numpy/core/_methods.py:190: RuntimeWarning: invalid value encountered in double_scalars
  ret = ret.dtype.type(ret / rcount)
/mnt/data/user_liangzhiyu/envs/fedcsl/lib/python3.8/site-packages/numpy/core/fromnumeric.py:3432: RuntimeWarning: Mean of empty slice.
  return _methods._mean(a, axis=axis, dtype=dtype,
/mnt/data/user_liangzhiyu/envs/fedcsl/lib/python3.8/site-packages/numpy/core/_methods.py:190: RuntimeWarning: invalid value encountered in double_scalars
  ret = ret.dtype.type(ret / rcount)
/mnt/data/user_liangzhiyu/envs/fedcsl/lib/python3.8/site-packages/numpy/core/fromnumeric.py:3432: RuntimeWarning: Mean of empty slice.
  return _methods._mean(a, axis=axis, dtype=dtype,
/mnt/data/user_liangzhiyu/envs/fedcsl/lib/python3.8/site-packages/numpy/core/_methods.py:190: RuntimeWarning: invalid value encountered in double_scalars
  ret = ret.dtype.type(ret / rcount)
/mnt/data/user_liangzhiyu/envs/fedcsl/lib/python3.8/site-packages/numpy/core/fromnumeric.py:3432: RuntimeWarning: Mean of empty slice.
  return _methods._mean(a, axis=axis, dtype=dtype,
/mnt/data/user_liangzhiyu/envs/fedcsl/lib/python3.8/site-packages/numpy/core/_methods.py:190: RuntimeWarning: invalid value encountered in double_scalars
  ret = ret.dtype.type(ret / rcount)
/mnt/data/user_liangzhiyu/envs/fedcsl/lib/python3.8/site-packages/numpy/core/fromnumeric.py:3432: RuntimeWarning: Mean of empty slice.
  return _methods._mean(a, axis=axis, dtype=dtype,
/mnt/data/user_liangzhiyu/envs/fedcsl/lib/python3.8/site-packages/numpy/core/_methods.py:190: RuntimeWarning: invalid value encountered in double_scalars
  ret = ret.dtype.type(ret / rcount)
/mnt/data/user_liangzhiyu/envs/fedcsl/lib/python3.8/site-packages/numpy/core/fromnumeric.py:3432: RuntimeWarning: Mean of empty slice.
  return _methods._mean(a, axis=axis, dtype=dtype,
/mnt/data/user_liangzhiyu/envs/fedcsl/lib/python3.8/site-packages/numpy/core/_methods.py:190: RuntimeWarning: invalid value encountered in double_scalars
  ret = ret.dtype.type(ret / rcount)
/mnt/data/user_liangzhiyu/envs/fedcsl/lib/python3.8/site-packages/numpy/core/fromnumeric.py:3432: RuntimeWarning: Mean of empty slice.
  return _methods._mean(a, axis=axis, dtype=dtype,
/mnt/data/user_liangzhiyu/envs/fedcsl/lib/python3.8/site-packages/numpy/core/_methods.py:190: RuntimeWarning: invalid value encountered in double_scalars
  ret = ret.dtype.type(ret / rcount)
/mnt/data/user_liangzhiyu/envs/fedcsl/lib/python3.8/site-packages/numpy/core/fromnumeric.py:3432: RuntimeWarning: Mean of empty slice.
  return _methods._mean(a, axis=axis, dtype=dtype,
/mnt/data/user_liangzhiyu/envs/fedcsl/lib/python3.8/site-packages/numpy/core/_methods.py:190: RuntimeWarning: invalid value encountered in double_scalars
  ret = ret.dtype.type(ret / rcount)
[0.09514033 0.10277917 0.11127909 0.12035814 0.12964186 0.13872091
 0.14722083 0.15485967]
120
<class 'pandas.core.frame.DataFrame'>
RangeIndex: 120 entries, 0 to 119
Data columns (total 4 columns):
 #   Column      Non-Null Count  Dtype 
---  ------      --------------  ----- 
 0   dim_0       120 non-null    object
 1   dim_1       120 non-null    object
 2   dim_2       120 non-null    object
 3   class_vals  120 non-null    object
dtypes: object(4)
memory usage: 3.9+ KB
None
{315}
<class 'pandas.core.frame.DataFrame'>
RangeIndex: 120 entries, 0 to 119
Data columns (total 4 columns):
 #   Column      Non-Null Count  Dtype 
---  ------      --------------  ----- 
 0   dim_0       120 non-null    object
 1   dim_1       120 non-null    object
 2   dim_2       120 non-null    object
 3   class_vals  120 non-null    object
dtypes: object(4)
memory usage: 3.9+ KB
None
[0 0 0 0 0 0 0 0 0 0 0 0 0 0 0 1 1 1 1 1 1 1 1 1 1 1 1 1 1 1 2 2 2 2 2 2 2
 2 2 2 2 2 2 2 2 3 3 3 3 3 3 3 3 3 3 3 3 3 3 3 4 4 4 4 4 4 4 4 4 4 4 4 4 4
 4 5 5 5 5 5 5 5 5 5 5 5 5 5 5 5 6 6 6 6 6 6 6 6 6 6 6 6 6 6 6 7 7 7 7 7 7
 7 7 7 7 7 7 7 7 7]
[  0  15  30  31  32  33  34  35  36  37  45  46  47  48  49  60  75  76
  77 105 106 107 108 109 110 111]
[0, 1, 2, 2, 2, 2, 2, 2, 2, 2, 3, 3, 3, 3, 3, 4, 5, 5, 5, 7, 7, 7, 7, 7, 7, 7]
[0, 0, 0, 0, 0, 0, 0, 0, 0, 0, 0, 0, 1, 1, 2, 2, 2, 2, 2, 2, 3, 3, 4, 5, 5, 5, 5, 5, 5, 5, 6, 6, 6, 6, 6, 6, 6, 7]
[0, 0, 1, 1, 1, 1, 1, 1, 1, 1, 1, 1, 1, 1, 2, 3, 3, 3, 3, 3, 3, 3, 3, 4, 4, 4, 4, 4, 4, 4, 4, 4, 4, 4, 4, 4, 5, 5, 5, 5, 5, 6, 6, 6, 6, 6, 6, 6, 6, 7, 7, 7, 7, 7, 7, 7]
shapelet initialized! 

All 3 clinet initialized! 

(26, 8)
(38, 8)
(56, 8)
[0.8976135  1.15235904 0.95002746]
Classification: 1.0 0.94375 0
(26, 8)
(38, 8)
(56, 8)
[0.8976135  1.15235904 0.95002746]
Classification: 1.0 0.94375 1
(26, 8)
(38, 8)
(56, 8)
[0.8976135  1.15235904 0.95002746]
Classification: 1.0 0.94375 2
(26, 8)
(38, 8)
(56, 8)
[0.8976135  1.15235904 0.95002746]
Classification: 1.0 0.94375 3
(26, 8)
(38, 8)
(56, 8)
[0.8976135  1.15235904 0.95002746]
Classification: 1.0 0.94375 4
(26, 8)
(38, 8)
(56, 8)
[0.8976135  1.15235904 0.95002746]
Classification: 1.0 0.94375 5
(26, 8)
(38, 8)
(56, 8)
[0.8976135  1.15235904 0.95002746]
Classification: 1.0 0.94375 6
(26, 8)
(38, 8)
(56, 8)
[0.8976135  1.15235904 0.95002746]
Classification: 1.0 0.94375 7
(26, 8)
(38, 8)
(56, 8)
[0.8976135  1.15235904 0.95002746]
Classification: 1.0 0.94375 8
(26, 8)
(38, 8)
(56, 8)
[0.8976135  1.15235904 0.95002746]
Classification: 1.0 0.94375 9
(26, 8)
(38, 8)
(56, 8)
[0.8976135  1.15235904 0.95002746]
Classification: 1.0 0.94375 10
(26, 8)
(38, 8)
(56, 8)
[0.8976135  1.15235904 0.95002746]
Classification: 1.0 0.94375 11
(26, 8)
(38, 8)
(56, 8)
[0.8976135  1.15235904 0.95002746]
Classification: 1.0 0.94375 12
(26, 8)
(38, 8)
(56, 8)
[0.8976135  1.15235904 0.95002746]
Classification: 1.0 0.94375 13
(26, 8)
(38, 8)
(56, 8)
[0.8976135  1.15235904 0.95002746]
Classification: 1.0 0.94375 14
(26, 8)
(38, 8)
(56, 8)
[0.8976135  1.15235904 0.95002746]
Classification: 1.0 0.94375 15
(26, 8)
(38, 8)
(56, 8)
[0.8976135  1.15235904 0.95002746]
Classification: 1.0 0.94375 16
(26, 8)
(38, 8)
(56, 8)
[0.8976135  1.15235904 0.95002746]
Classification: 1.0 0.94375 17
(26, 8)
(38, 8)
(56, 8)
[0.8976135  1.15235904 0.95002746]
Classification: 1.0 0.94375 18
(26, 8)
(38, 8)
(56, 8)
[0.8976135  1.15235904 0.95002746]
Classification: 1.0 0.94375 19
(26, 8)
(38, 8)
(56, 8)
[0.8976135  1.15235904 0.95002746]
Classification: 1.0 0.94375 20
(26, 8)
(38, 8)
(56, 8)
[0.8976135  1.15235904 0.95002746]
Classification: 1.0 0.94375 21
(26, 8)
(38, 8)
(56, 8)
[0.8976135  1.15235904 0.95002746]
Classification: 1.0 0.94375 22
(26, 8)
(38, 8)
(56, 8)
[0.8976135  1.15235904 0.95002746]
Classification: 1.0 0.94375 23
(26, 8)
(38, 8)
(56, 8)
[0.8976135  1.15235904 0.95002746]
Classification: 1.0 0.94375 24
(26, 8)
(38, 8)
(56, 8)
[0.8976135  1.15235904 0.95002746]
Classification: 1.0 0.94375 25
(26, 8)
(38, 8)
(56, 8)
[0.8976135  1.15235904 0.95002746]
Classification: 1.0 0.94375 26
(26, 8)
(38, 8)
(56, 8)
[0.8976135  1.15235904 0.95002746]
Classification: 1.0 0.94375 27
(26, 8)
(38, 8)
(56, 8)
[0.8976135  1.15235904 0.95002746]
Classification: 1.0 0.94375 28
(26, 8)
(38, 8)
(56, 8)
[0.8976135  1.15235904 0.95002746]
Classification: 1.0 0.94375 29
(26, 8)
(38, 8)
(56, 8)
[0.8976135  1.15235904 0.95002746]
Classification: 1.0 0.94375 30
(26, 8)
(38, 8)
(56, 8)
[0.8976135  1.15235904 0.95002746]
Classification: 1.0 0.94375 31
(26, 8)
(38, 8)
(56, 8)
[0.8976135  1.15235904 0.95002746]
Classification: 1.0 0.94375 32
(26, 8)
(38, 8)
(56, 8)
[0.8976135  1.15235904 0.95002746]
Classification: 1.0 0.94375 33
(26, 8)
(38, 8)
(56, 8)
[0.8976135  1.15235904 0.95002746]
Classification: 1.0 0.94375 34
(26, 8)
(38, 8)
(56, 8)
[0.8976135  1.15235904 0.95002746]
Classification: 1.0 0.94375 35
(26, 8)
(38, 8)
(56, 8)
[0.8976135  1.15235904 0.95002746]
Classification: 1.0 0.94375 36
(26, 8)
(38, 8)
(56, 8)
[0.8976135  1.15235904 0.95002746]
Classification: 1.0 0.94375 37
(26, 8)
(38, 8)
(56, 8)
[0.8976135  1.15235904 0.95002746]
Classification: 1.0 0.94375 38
(26, 8)
(38, 8)
(56, 8)
[0.8976135  1.15235904 0.95002746]
Classification: 1.0 0.94375 39
(26, 8)
(38, 8)
(56, 8)
[0.8976135  1.15235904 0.95002746]
Classification: 1.0 0.94375 40
(26, 8)
(38, 8)
(56, 8)
[0.8976135  1.15235904 0.95002746]
Classification: 1.0 0.94375 41
(26, 8)
(38, 8)
(56, 8)
[0.8976135  1.15235904 0.95002746]
Classification: 1.0 0.94375 42
(26, 8)
(38, 8)
(56, 8)
[0.8976135  1.15235904 0.95002746]
Classification: 1.0 0.94375 43
(26, 8)
(38, 8)
(56, 8)
[0.8976135  1.15235904 0.95002746]
Classification: 1.0 0.94375 44
(26, 8)
(38, 8)
(56, 8)
[0.8976135  1.15235904 0.95002746]
Classification: 1.0 0.94375 45
(26, 8)
(38, 8)
(56, 8)
[0.8976135  1.15235904 0.95002746]
Classification: 1.0 0.94375 46
(26, 8)
(38, 8)
(56, 8)
[0.8976135  1.15235904 0.95002746]
Classification: 1.0 0.94375 47
(26, 8)
(38, 8)
(56, 8)
[0.8976135  1.15235904 0.95002746]
Classification: 1.0 0.94375 48
(26, 8)
(38, 8)
(56, 8)
[0.8976135  1.15235904 0.95002746]
Classification: 1.0 0.94375 49
(26, 8)
(38, 8)
(56, 8)
[0.8976135  1.15235904 0.95002746]
Classification: 1.0 0.94375 50
(26, 8)
(38, 8)
(56, 8)
[0.8976135  1.15235904 0.95002746]
Classification: 1.0 0.94375 51
(26, 8)
(38, 8)
(56, 8)
[0.8976135  1.15235904 0.95002746]
Classification: 1.0 0.94375 52
(26, 8)
(38, 8)
(56, 8)
[0.8976135  1.15235904 0.95002746]
Classification: 1.0 0.94375 53
(26, 8)
(38, 8)
(56, 8)
[0.8976135  1.15235904 0.95002746]
Classification: 1.0 0.94375 54
(26, 8)
(38, 8)
(56, 8)
[0.8976135  1.15235904 0.95002746]
Classification: 1.0 0.94375 55
(26, 8)
(38, 8)
(56, 8)
[0.8976135  1.15235904 0.95002746]
Classification: 1.0 0.94375 56
(26, 8)
(38, 8)
(56, 8)
[0.8976135  1.15235904 0.95002746]
Classification: 1.0 0.94375 57
(26, 8)
(38, 8)
(56, 8)
[0.8976135  1.15235904 0.95002746]
Classification: 1.0 0.94375 58
(26, 8)
(38, 8)
(56, 8)
[0.8976135  1.15235904 0.95002746]
Classification: 1.0 0.94375 59
(26, 8)
(38, 8)
(56, 8)
[0.8976135  1.15235904 0.95002746]
Classification: 1.0 0.94375 60
(26, 8)
(38, 8)
(56, 8)
[0.8976135  1.15235904 0.95002746]
Classification: 1.0 0.94375 61
(26, 8)
(38, 8)
(56, 8)
[0.8976135  1.15235904 0.95002746]
Classification: 1.0 0.94375 62
(26, 8)
(38, 8)
(56, 8)
[0.8976135  1.15235904 0.95002746]
Classification: 1.0 0.94375 63
(26, 8)
(38, 8)
(56, 8)
[0.8976135  1.15235904 0.95002746]
Classification: 1.0 0.94375 64
(26, 8)
(38, 8)
(56, 8)
[0.8976135  1.15235904 0.95002746]
Classification: 1.0 0.94375 65
(26, 8)
(38, 8)
(56, 8)
[0.8976135  1.15235904 0.95002746]
Classification: 1.0 0.94375 66
(26, 8)
(38, 8)
(56, 8)
[0.8976135  1.15235904 0.95002746]
Classification: 1.0 0.94375 67
(26, 8)
(38, 8)
(56, 8)
[0.8976135  1.15235904 0.95002746]
Classification: 1.0 0.94375 68
(26, 8)
(38, 8)
(56, 8)
[0.8976135  1.15235904 0.95002746]
Classification: 1.0 0.94375 69
(26, 8)
(38, 8)
(56, 8)
[0.8976135  1.15235904 0.95002746]
Classification: 1.0 0.94375 70
(26, 8)
(38, 8)
(56, 8)
[0.8976135  1.15235904 0.95002746]
Classification: 1.0 0.94375 71
(26, 8)
(38, 8)
(56, 8)
[0.8976135  1.15235904 0.95002746]
Classification: /mnt/data/user_liangzhiyu/envs/fedcsl/lib/python3.8/site-packages/numpy/core/fromnumeric.py:3432: RuntimeWarning: Mean of empty slice.
  return _methods._mean(a, axis=axis, dtype=dtype,
/mnt/data/user_liangzhiyu/envs/fedcsl/lib/python3.8/site-packages/numpy/core/_methods.py:190: RuntimeWarning: invalid value encountered in double_scalars
  ret = ret.dtype.type(ret / rcount)
/mnt/data/user_liangzhiyu/envs/fedcsl/lib/python3.8/site-packages/numpy/core/fromnumeric.py:3432: RuntimeWarning: Mean of empty slice.
  return _methods._mean(a, axis=axis, dtype=dtype,
/mnt/data/user_liangzhiyu/envs/fedcsl/lib/python3.8/site-packages/numpy/core/_methods.py:190: RuntimeWarning: invalid value encountered in double_scalars
  ret = ret.dtype.type(ret / rcount)
/mnt/data/user_liangzhiyu/envs/fedcsl/lib/python3.8/site-packages/numpy/core/fromnumeric.py:3432: RuntimeWarning: Mean of empty slice.
  return _methods._mean(a, axis=axis, dtype=dtype,
/mnt/data/user_liangzhiyu/envs/fedcsl/lib/python3.8/site-packages/numpy/core/_methods.py:190: RuntimeWarning: invalid value encountered in double_scalars
  ret = ret.dtype.type(ret / rcount)
/mnt/data/user_liangzhiyu/envs/fedcsl/lib/python3.8/site-packages/numpy/core/fromnumeric.py:3432: RuntimeWarning: Mean of empty slice.
  return _methods._mean(a, axis=axis, dtype=dtype,
/mnt/data/user_liangzhiyu/envs/fedcsl/lib/python3.8/site-packages/numpy/core/_methods.py:190: RuntimeWarning: invalid value encountered in double_scalars
  ret = ret.dtype.type(ret / rcount)
/mnt/data/user_liangzhiyu/envs/fedcsl/lib/python3.8/site-packages/numpy/core/fromnumeric.py:3432: RuntimeWarning: Mean of empty slice.
  return _methods._mean(a, axis=axis, dtype=dtype,
/mnt/data/user_liangzhiyu/envs/fedcsl/lib/python3.8/site-packages/numpy/core/_methods.py:190: RuntimeWarning: invalid value encountered in double_scalars
  ret = ret.dtype.type(ret / rcount)
/mnt/data/user_liangzhiyu/envs/fedcsl/lib/python3.8/site-packages/numpy/core/fromnumeric.py:3432: RuntimeWarning: Mean of empty slice.
  return _methods._mean(a, axis=axis, dtype=dtype,
/mnt/data/user_liangzhiyu/envs/fedcsl/lib/python3.8/site-packages/numpy/core/_methods.py:190: RuntimeWarning: invalid value encountered in double_scalars
  ret = ret.dtype.type(ret / rcount)
/mnt/data/user_liangzhiyu/envs/fedcsl/lib/python3.8/site-packages/numpy/core/fromnumeric.py:3432: RuntimeWarning: Mean of empty slice.
  return _methods._mean(a, axis=axis, dtype=dtype,
/mnt/data/user_liangzhiyu/envs/fedcsl/lib/python3.8/site-packages/numpy/core/_methods.py:190: RuntimeWarning: invalid value encountered in double_scalars
  ret = ret.dtype.type(ret / rcount)
/mnt/data/user_liangzhiyu/envs/fedcsl/lib/python3.8/site-packages/numpy/core/fromnumeric.py:3432: RuntimeWarning: Mean of empty slice.
  return _methods._mean(a, axis=axis, dtype=dtype,
/mnt/data/user_liangzhiyu/envs/fedcsl/lib/python3.8/site-packages/numpy/core/_methods.py:190: RuntimeWarning: invalid value encountered in double_scalars
  ret = ret.dtype.type(ret / rcount)
/mnt/data/user_liangzhiyu/envs/fedcsl/lib/python3.8/site-packages/numpy/core/fromnumeric.py:3432: RuntimeWarning: Mean of empty slice.
  return _methods._mean(a, axis=axis, dtype=dtype,
/mnt/data/user_liangzhiyu/envs/fedcsl/lib/python3.8/site-packages/numpy/core/_methods.py:190: RuntimeWarning: invalid value encountered in double_scalars
  ret = ret.dtype.type(ret / rcount)
/mnt/data/user_liangzhiyu/envs/fedcsl/lib/python3.8/site-packages/numpy/core/fromnumeric.py:3432: RuntimeWarning: Mean of empty slice.
  return _methods._mean(a, axis=axis, dtype=dtype,
/mnt/data/user_liangzhiyu/envs/fedcsl/lib/python3.8/site-packages/numpy/core/_methods.py:190: RuntimeWarning: invalid value encountered in double_scalars
  ret = ret.dtype.type(ret / rcount)
/mnt/data/user_liangzhiyu/envs/fedcsl/lib/python3.8/site-packages/numpy/core/fromnumeric.py:3432: RuntimeWarning: Mean of empty slice.
  return _methods._mean(a, axis=axis, dtype=dtype,
/mnt/data/user_liangzhiyu/envs/fedcsl/lib/python3.8/site-packages/numpy/core/_methods.py:190: RuntimeWarning: invalid value encountered in double_scalars
  ret = ret.dtype.type(ret / rcount)
/mnt/data/user_liangzhiyu/envs/fedcsl/lib/python3.8/site-packages/numpy/core/fromnumeric.py:3432: RuntimeWarning: Mean of empty slice.
  return _methods._mean(a, axis=axis, dtype=dtype,
/mnt/data/user_liangzhiyu/envs/fedcsl/lib/python3.8/site-packages/numpy/core/_methods.py:190: RuntimeWarning: invalid value encountered in double_scalars
  ret = ret.dtype.type(ret / rcount)
/mnt/data/user_liangzhiyu/envs/fedcsl/lib/python3.8/site-packages/numpy/core/fromnumeric.py:3432: RuntimeWarning: Mean of empty slice.
  return _methods._mean(a, axis=axis, dtype=dtype,
/mnt/data/user_liangzhiyu/envs/fedcsl/lib/python3.8/site-packages/numpy/core/_methods.py:190: RuntimeWarning: invalid value encountered in double_scalars
  ret = ret.dtype.type(ret / rcount)
/mnt/data/user_liangzhiyu/envs/fedcsl/lib/python3.8/site-packages/numpy/core/fromnumeric.py:3432: RuntimeWarning: Mean of empty slice.
  return _methods._mean(a, axis=axis, dtype=dtype,
/mnt/data/user_liangzhiyu/envs/fedcsl/lib/python3.8/site-packages/numpy/core/_methods.py:190: RuntimeWarning: invalid value encountered in double_scalars
  ret = ret.dtype.type(ret / rcount)
/mnt/data/user_liangzhiyu/envs/fedcsl/lib/python3.8/site-packages/numpy/core/fromnumeric.py:3432: RuntimeWarning: Mean of empty slice.
  return _methods._mean(a, axis=axis, dtype=dtype,
/mnt/data/user_liangzhiyu/envs/fedcsl/lib/python3.8/site-packages/numpy/core/_methods.py:190: RuntimeWarning: invalid value encountered in double_scalars
  ret = ret.dtype.type(ret / rcount)
/mnt/data/user_liangzhiyu/envs/fedcsl/lib/python3.8/site-packages/numpy/core/fromnumeric.py:3432: RuntimeWarning: Mean of empty slice.
  return _methods._mean(a, axis=axis, dtype=dtype,
/mnt/data/user_liangzhiyu/envs/fedcsl/lib/python3.8/site-packages/numpy/core/_methods.py:190: RuntimeWarning: invalid value encountered in double_scalars
  ret = ret.dtype.type(ret / rcount)
/mnt/data/user_liangzhiyu/envs/fedcsl/lib/python3.8/site-packages/numpy/core/fromnumeric.py:3432: RuntimeWarning: Mean of empty slice.
  return _methods._mean(a, axis=axis, dtype=dtype,
/mnt/data/user_liangzhiyu/envs/fedcsl/lib/python3.8/site-packages/numpy/core/_methods.py:190: RuntimeWarning: invalid value encountered in double_scalars
  ret = ret.dtype.type(ret / rcount)
/mnt/data/user_liangzhiyu/envs/fedcsl/lib/python3.8/site-packages/numpy/core/fromnumeric.py:3432: RuntimeWarning: Mean of empty slice.
  return _methods._mean(a, axis=axis, dtype=dtype,
/mnt/data/user_liangzhiyu/envs/fedcsl/lib/python3.8/site-packages/numpy/core/_methods.py:190: RuntimeWarning: invalid value encountered in double_scalars
  ret = ret.dtype.type(ret / rcount)
/mnt/data/user_liangzhiyu/envs/fedcsl/lib/python3.8/site-packages/numpy/core/fromnumeric.py:3432: RuntimeWarning: Mean of empty slice.
  return _methods._mean(a, axis=axis, dtype=dtype,
/mnt/data/user_liangzhiyu/envs/fedcsl/lib/python3.8/site-packages/numpy/core/_methods.py:190: RuntimeWarning: invalid value encountered in double_scalars
  ret = ret.dtype.type(ret / rcount)
/mnt/data/user_liangzhiyu/envs/fedcsl/lib/python3.8/site-packages/numpy/core/fromnumeric.py:3432: RuntimeWarning: Mean of empty slice.
  return _methods._mean(a, axis=axis, dtype=dtype,
/mnt/data/user_liangzhiyu/envs/fedcsl/lib/python3.8/site-packages/numpy/core/_methods.py:190: RuntimeWarning: invalid value encountered in double_scalars
  ret = ret.dtype.type(ret / rcount)
/mnt/data/user_liangzhiyu/envs/fedcsl/lib/python3.8/site-packages/numpy/core/fromnumeric.py:3432: RuntimeWarning: Mean of empty slice.
  return _methods._mean(a, axis=axis, dtype=dtype,
/mnt/data/user_liangzhiyu/envs/fedcsl/lib/python3.8/site-packages/numpy/core/_methods.py:190: RuntimeWarning: invalid value encountered in double_scalars
  ret = ret.dtype.type(ret / rcount)
/mnt/data/user_liangzhiyu/envs/fedcsl/lib/python3.8/site-packages/numpy/core/fromnumeric.py:3432: RuntimeWarning: Mean of empty slice.
  return _methods._mean(a, axis=axis, dtype=dtype,
/mnt/data/user_liangzhiyu/envs/fedcsl/lib/python3.8/site-packages/numpy/core/_methods.py:190: RuntimeWarning: invalid value encountered in double_scalars
  ret = ret.dtype.type(ret / rcount)
/mnt/data/user_liangzhiyu/envs/fedcsl/lib/python3.8/site-packages/numpy/core/fromnumeric.py:3432: RuntimeWarning: Mean of empty slice.
  return _methods._mean(a, axis=axis, dtype=dtype,
/mnt/data/user_liangzhiyu/envs/fedcsl/lib/python3.8/site-packages/numpy/core/_methods.py:190: RuntimeWarning: invalid value encountered in double_scalars
  ret = ret.dtype.type(ret / rcount)
/mnt/data/user_liangzhiyu/envs/fedcsl/lib/python3.8/site-packages/numpy/core/fromnumeric.py:3432: RuntimeWarning: Mean of empty slice.
  return _methods._mean(a, axis=axis, dtype=dtype,
/mnt/data/user_liangzhiyu/envs/fedcsl/lib/python3.8/site-packages/numpy/core/_methods.py:190: RuntimeWarning: invalid value encountered in double_scalars
  ret = ret.dtype.type(ret / rcount)
/mnt/data/user_liangzhiyu/envs/fedcsl/lib/python3.8/site-packages/numpy/core/fromnumeric.py:3432: RuntimeWarning: Mean of empty slice.
  return _methods._mean(a, axis=axis, dtype=dtype,
/mnt/data/user_liangzhiyu/envs/fedcsl/lib/python3.8/site-packages/numpy/core/_methods.py:190: RuntimeWarning: invalid value encountered in double_scalars
  ret = ret.dtype.type(ret / rcount)
/mnt/data/user_liangzhiyu/envs/fedcsl/lib/python3.8/site-packages/numpy/core/fromnumeric.py:3432: RuntimeWarning: Mean of empty slice.
  return _methods._mean(a, axis=axis, dtype=dtype,
/mnt/data/user_liangzhiyu/envs/fedcsl/lib/python3.8/site-packages/numpy/core/_methods.py:190: RuntimeWarning: invalid value encountered in double_scalars
  ret = ret.dtype.type(ret / rcount)
/mnt/data/user_liangzhiyu/envs/fedcsl/lib/python3.8/site-packages/numpy/core/fromnumeric.py:3432: RuntimeWarning: Mean of empty slice.
  return _methods._mean(a, axis=axis, dtype=dtype,
/mnt/data/user_liangzhiyu/envs/fedcsl/lib/python3.8/site-packages/numpy/core/_methods.py:190: RuntimeWarning: invalid value encountered in double_scalars
  ret = ret.dtype.type(ret / rcount)
/mnt/data/user_liangzhiyu/envs/fedcsl/lib/python3.8/site-packages/numpy/core/fromnumeric.py:3432: RuntimeWarning: Mean of empty slice.
  return _methods._mean(a, axis=axis, dtype=dtype,
/mnt/data/user_liangzhiyu/envs/fedcsl/lib/python3.8/site-packages/numpy/core/_methods.py:190: RuntimeWarning: invalid value encountered in double_scalars
  ret = ret.dtype.type(ret / rcount)
/mnt/data/user_liangzhiyu/envs/fedcsl/lib/python3.8/site-packages/numpy/core/fromnumeric.py:3432: RuntimeWarning: Mean of empty slice.
  return _methods._mean(a, axis=axis, dtype=dtype,
/mnt/data/user_liangzhiyu/envs/fedcsl/lib/python3.8/site-packages/numpy/core/_methods.py:190: RuntimeWarning: invalid value encountered in double_scalars
  ret = ret.dtype.type(ret / rcount)
/mnt/data/user_liangzhiyu/envs/fedcsl/lib/python3.8/site-packages/numpy/core/fromnumeric.py:3432: RuntimeWarning: Mean of empty slice.
  return _methods._mean(a, axis=axis, dtype=dtype,
/mnt/data/user_liangzhiyu/envs/fedcsl/lib/python3.8/site-packages/numpy/core/_methods.py:190: RuntimeWarning: invalid value encountered in double_scalars
  ret = ret.dtype.type(ret / rcount)
/mnt/data/user_liangzhiyu/envs/fedcsl/lib/python3.8/site-packages/numpy/core/fromnumeric.py:3432: RuntimeWarning: Mean of empty slice.
  return _methods._mean(a, axis=axis, dtype=dtype,
/mnt/data/user_liangzhiyu/envs/fedcsl/lib/python3.8/site-packages/numpy/core/_methods.py:190: RuntimeWarning: invalid value encountered in double_scalars
  ret = ret.dtype.type(ret / rcount)
/mnt/data/user_liangzhiyu/envs/fedcsl/lib/python3.8/site-packages/numpy/core/fromnumeric.py:3432: RuntimeWarning: Mean of empty slice.
  return _methods._mean(a, axis=axis, dtype=dtype,
/mnt/data/user_liangzhiyu/envs/fedcsl/lib/python3.8/site-packages/numpy/core/_methods.py:190: RuntimeWarning: invalid value encountered in double_scalars
  ret = ret.dtype.type(ret / rcount)
/mnt/data/user_liangzhiyu/envs/fedcsl/lib/python3.8/site-packages/numpy/core/fromnumeric.py:3432: RuntimeWarning: Mean of empty slice.
  return _methods._mean(a, axis=axis, dtype=dtype,
/mnt/data/user_liangzhiyu/envs/fedcsl/lib/python3.8/site-packages/numpy/core/_methods.py:190: RuntimeWarning: invalid value encountered in double_scalars
  ret = ret.dtype.type(ret / rcount)
/mnt/data/user_liangzhiyu/envs/fedcsl/lib/python3.8/site-packages/numpy/core/fromnumeric.py:3432: RuntimeWarning: Mean of empty slice.
  return _methods._mean(a, axis=axis, dtype=dtype,
/mnt/data/user_liangzhiyu/envs/fedcsl/lib/python3.8/site-packages/numpy/core/_methods.py:190: RuntimeWarning: invalid value encountered in double_scalars
  ret = ret.dtype.type(ret / rcount)
/mnt/data/user_liangzhiyu/envs/fedcsl/lib/python3.8/site-packages/numpy/core/fromnumeric.py:3432: RuntimeWarning: Mean of empty slice.
  return _methods._mean(a, axis=axis, dtype=dtype,
/mnt/data/user_liangzhiyu/envs/fedcsl/lib/python3.8/site-packages/numpy/core/_methods.py:190: RuntimeWarning: invalid value encountered in double_scalars
  ret = ret.dtype.type(ret / rcount)
/mnt/data/user_liangzhiyu/envs/fedcsl/lib/python3.8/site-packages/numpy/core/fromnumeric.py:3432: RuntimeWarning: Mean of empty slice.
  return _methods._mean(a, axis=axis, dtype=dtype,
/mnt/data/user_liangzhiyu/envs/fedcsl/lib/python3.8/site-packages/numpy/core/_methods.py:190: RuntimeWarning: invalid value encountered in double_scalars
  ret = ret.dtype.type(ret / rcount)
/mnt/data/user_liangzhiyu/envs/fedcsl/lib/python3.8/site-packages/numpy/core/fromnumeric.py:3432: RuntimeWarning: Mean of empty slice.
  return _methods._mean(a, axis=axis, dtype=dtype,
/mnt/data/user_liangzhiyu/envs/fedcsl/lib/python3.8/site-packages/numpy/core/_methods.py:190: RuntimeWarning: invalid value encountered in double_scalars
  ret = ret.dtype.type(ret / rcount)
/mnt/data/user_liangzhiyu/envs/fedcsl/lib/python3.8/site-packages/numpy/core/fromnumeric.py:3432: RuntimeWarning: Mean of empty slice.
  return _methods._mean(a, axis=axis, dtype=dtype,
/mnt/data/user_liangzhiyu/envs/fedcsl/lib/python3.8/site-packages/numpy/core/_methods.py:190: RuntimeWarning: invalid value encountered in double_scalars
  ret = ret.dtype.type(ret / rcount)
/mnt/data/user_liangzhiyu/envs/fedcsl/lib/python3.8/site-packages/numpy/core/fromnumeric.py:3432: RuntimeWarning: Mean of empty slice.
  return _methods._mean(a, axis=axis, dtype=dtype,
/mnt/data/user_liangzhiyu/envs/fedcsl/lib/python3.8/site-packages/numpy/core/_methods.py:190: RuntimeWarning: invalid value encountered in double_scalars
  ret = ret.dtype.type(ret / rcount)
/mnt/data/user_liangzhiyu/envs/fedcsl/lib/python3.8/site-packages/numpy/core/fromnumeric.py:3432: RuntimeWarning: Mean of empty slice.
  return _methods._mean(a, axis=axis, dtype=dtype,
/mnt/data/user_liangzhiyu/envs/fedcsl/lib/python3.8/site-packages/numpy/core/_methods.py:190: RuntimeWarning: invalid value encountered in double_scalars
  ret = ret.dtype.type(ret / rcount)
/mnt/data/user_liangzhiyu/envs/fedcsl/lib/python3.8/site-packages/numpy/core/fromnumeric.py:3432: RuntimeWarning: Mean of empty slice.
  return _methods._mean(a, axis=axis, dtype=dtype,
/mnt/data/user_liangzhiyu/envs/fedcsl/lib/python3.8/site-packages/numpy/core/_methods.py:190: RuntimeWarning: invalid value encountered in double_scalars
  ret = ret.dtype.type(ret / rcount)
/mnt/data/user_liangzhiyu/envs/fedcsl/lib/python3.8/site-packages/numpy/core/fromnumeric.py:3432: RuntimeWarning: Mean of empty slice.
  return _methods._mean(a, axis=axis, dtype=dtype,
/mnt/data/user_liangzhiyu/envs/fedcsl/lib/python3.8/site-packages/numpy/core/_methods.py:190: RuntimeWarning: invalid value encountered in double_scalars
  ret = ret.dtype.type(ret / rcount)
/mnt/data/user_liangzhiyu/envs/fedcsl/lib/python3.8/site-packages/numpy/core/fromnumeric.py:3432: RuntimeWarning: Mean of empty slice.
  return _methods._mean(a, axis=axis, dtype=dtype,
/mnt/data/user_liangzhiyu/envs/fedcsl/lib/python3.8/site-packages/numpy/core/_methods.py:190: RuntimeWarning: invalid value encountered in double_scalars
  ret = ret.dtype.type(ret / rcount)
/mnt/data/user_liangzhiyu/envs/fedcsl/lib/python3.8/site-packages/numpy/core/fromnumeric.py:3432: RuntimeWarning: Mean of empty slice.
  return _methods._mean(a, axis=axis, dtype=dtype,
/mnt/data/user_liangzhiyu/envs/fedcsl/lib/python3.8/site-packages/numpy/core/_methods.py:190: RuntimeWarning: invalid value encountered in double_scalars
  ret = ret.dtype.type(ret / rcount)
/mnt/data/user_liangzhiyu/envs/fedcsl/lib/python3.8/site-packages/numpy/core/fromnumeric.py:3432: RuntimeWarning: Mean of empty slice.
  return _methods._mean(a, axis=axis, dtype=dtype,
/mnt/data/user_liangzhiyu/envs/fedcsl/lib/python3.8/site-packages/numpy/core/_methods.py:190: RuntimeWarning: invalid value encountered in double_scalars
  ret = ret.dtype.type(ret / rcount)
/mnt/data/user_liangzhiyu/envs/fedcsl/lib/python3.8/site-packages/numpy/core/fromnumeric.py:3432: RuntimeWarning: Mean of empty slice.
  return _methods._mean(a, axis=axis, dtype=dtype,
/mnt/data/user_liangzhiyu/envs/fedcsl/lib/python3.8/site-packages/numpy/core/_methods.py:190: RuntimeWarning: invalid value encountered in double_scalars
  ret = ret.dtype.type(ret / rcount)
/mnt/data/user_liangzhiyu/envs/fedcsl/lib/python3.8/site-packages/numpy/core/fromnumeric.py:3432: RuntimeWarning: Mean of empty slice.
  return _methods._mean(a, axis=axis, dtype=dtype,
/mnt/data/user_liangzhiyu/envs/fedcsl/lib/python3.8/site-packages/numpy/core/_methods.py:190: RuntimeWarning: invalid value encountered in double_scalars
  ret = ret.dtype.type(ret / rcount)
/mnt/data/user_liangzhiyu/envs/fedcsl/lib/python3.8/site-packages/numpy/core/fromnumeric.py:3432: RuntimeWarning: Mean of empty slice.
  return _methods._mean(a, axis=axis, dtype=dtype,
/mnt/data/user_liangzhiyu/envs/fedcsl/lib/python3.8/site-packages/numpy/core/_methods.py:190: RuntimeWarning: invalid value encountered in double_scalars
  ret = ret.dtype.type(ret / rcount)
/mnt/data/user_liangzhiyu/envs/fedcsl/lib/python3.8/site-packages/numpy/core/fromnumeric.py:3432: RuntimeWarning: Mean of empty slice.
  return _methods._mean(a, axis=axis, dtype=dtype,
/mnt/data/user_liangzhiyu/envs/fedcsl/lib/python3.8/site-packages/numpy/core/_methods.py:190: RuntimeWarning: invalid value encountered in double_scalars
  ret = ret.dtype.type(ret / rcount)
/mnt/data/user_liangzhiyu/envs/fedcsl/lib/python3.8/site-packages/numpy/core/fromnumeric.py:3432: RuntimeWarning: Mean of empty slice.
  return _methods._mean(a, axis=axis, dtype=dtype,
/mnt/data/user_liangzhiyu/envs/fedcsl/lib/python3.8/site-packages/numpy/core/_methods.py:190: RuntimeWarning: invalid value encountered in double_scalars
  ret = ret.dtype.type(ret / rcount)
/mnt/data/user_liangzhiyu/envs/fedcsl/lib/python3.8/site-packages/numpy/core/fromnumeric.py:3432: RuntimeWarning: Mean of empty slice.
  return _methods._mean(a, axis=axis, dtype=dtype,
/mnt/data/user_liangzhiyu/envs/fedcsl/lib/python3.8/site-packages/numpy/core/_methods.py:190: RuntimeWarning: invalid value encountered in double_scalars
  ret = ret.dtype.type(ret / rcount)
/mnt/data/user_liangzhiyu/envs/fedcsl/lib/python3.8/site-packages/numpy/core/fromnumeric.py:3432: RuntimeWarning: Mean of empty slice.
  return _methods._mean(a, axis=axis, dtype=dtype,
/mnt/data/user_liangzhiyu/envs/fedcsl/lib/python3.8/site-packages/numpy/core/_methods.py:190: RuntimeWarning: invalid value encountered in double_scalars
  ret = ret.dtype.type(ret / rcount)
/mnt/data/user_liangzhiyu/envs/fedcsl/lib/python3.8/site-packages/numpy/core/fromnumeric.py:3432: RuntimeWarning: Mean of empty slice.
  return _methods._mean(a, axis=axis, dtype=dtype,
/mnt/data/user_liangzhiyu/envs/fedcsl/lib/python3.8/site-packages/numpy/core/_methods.py:190: RuntimeWarning: invalid value encountered in double_scalars
  ret = ret.dtype.type(ret / rcount)
/mnt/data/user_liangzhiyu/envs/fedcsl/lib/python3.8/site-packages/numpy/core/fromnumeric.py:3432: RuntimeWarning: Mean of empty slice.
  return _methods._mean(a, axis=axis, dtype=dtype,
/mnt/data/user_liangzhiyu/envs/fedcsl/lib/python3.8/site-packages/numpy/core/_methods.py:190: RuntimeWarning: invalid value encountered in double_scalars
  ret = ret.dtype.type(ret / rcount)
/mnt/data/user_liangzhiyu/envs/fedcsl/lib/python3.8/site-packages/numpy/core/fromnumeric.py:3432: RuntimeWarning: Mean of empty slice.
  return _methods._mean(a, axis=axis, dtype=dtype,
/mnt/data/user_liangzhiyu/envs/fedcsl/lib/python3.8/site-packages/numpy/core/_methods.py:190: RuntimeWarning: invalid value encountered in double_scalars
  ret = ret.dtype.type(ret / rcount)
/mnt/data/user_liangzhiyu/envs/fedcsl/lib/python3.8/site-packages/numpy/core/fromnumeric.py:3432: RuntimeWarning: Mean of empty slice.
  return _methods._mean(a, axis=axis, dtype=dtype,
/mnt/data/user_liangzhiyu/envs/fedcsl/lib/python3.8/site-packages/numpy/core/_methods.py:190: RuntimeWarning: invalid value encountered in double_scalars
  ret = ret.dtype.type(ret / rcount)
/mnt/data/user_liangzhiyu/envs/fedcsl/lib/python3.8/site-packages/numpy/core/fromnumeric.py:3432: RuntimeWarning: Mean of empty slice.
  return _methods._mean(a, axis=axis, dtype=dtype,
/mnt/data/user_liangzhiyu/envs/fedcsl/lib/python3.8/site-packages/numpy/core/_methods.py:190: RuntimeWarning: invalid value encountered in double_scalars
  ret = ret.dtype.type(ret / rcount)
/mnt/data/user_liangzhiyu/envs/fedcsl/lib/python3.8/site-packages/numpy/core/fromnumeric.py:3432: RuntimeWarning: Mean of empty slice.
  return _methods._mean(a, axis=axis, dtype=dtype,
/mnt/data/user_liangzhiyu/envs/fedcsl/lib/python3.8/site-packages/numpy/core/_methods.py:190: RuntimeWarning: invalid value encountered in double_scalars
  ret = ret.dtype.type(ret / rcount)
/mnt/data/user_liangzhiyu/envs/fedcsl/lib/python3.8/site-packages/numpy/core/fromnumeric.py:3432: RuntimeWarning: Mean of empty slice.
  return _methods._mean(a, axis=axis, dtype=dtype,
/mnt/data/user_liangzhiyu/envs/fedcsl/lib/python3.8/site-packages/numpy/core/_methods.py:190: RuntimeWarning: invalid value encountered in double_scalars
  ret = ret.dtype.type(ret / rcount)
/mnt/data/user_liangzhiyu/envs/fedcsl/lib/python3.8/site-packages/numpy/core/fromnumeric.py:3432: RuntimeWarning: Mean of empty slice.
  return _methods._mean(a, axis=axis, dtype=dtype,
/mnt/data/user_liangzhiyu/envs/fedcsl/lib/python3.8/site-packages/numpy/core/_methods.py:190: RuntimeWarning: invalid value encountered in double_scalars
  ret = ret.dtype.type(ret / rcount)
/mnt/data/user_liangzhiyu/envs/fedcsl/lib/python3.8/site-packages/numpy/core/fromnumeric.py:3432: RuntimeWarning: Mean of empty slice.
  return _methods._mean(a, axis=axis, dtype=dtype,
/mnt/data/user_liangzhiyu/envs/fedcsl/lib/python3.8/site-packages/numpy/core/_methods.py:190: RuntimeWarning: invalid value encountered in double_scalars
  ret = ret.dtype.type(ret / rcount)
/mnt/data/user_liangzhiyu/envs/fedcsl/lib/python3.8/site-packages/numpy/core/fromnumeric.py:3432: RuntimeWarning: Mean of empty slice.
  return _methods._mean(a, axis=axis, dtype=dtype,
/mnt/data/user_liangzhiyu/envs/fedcsl/lib/python3.8/site-packages/numpy/core/_methods.py:190: RuntimeWarning: invalid value encountered in double_scalars
  ret = ret.dtype.type(ret / rcount)
/mnt/data/user_liangzhiyu/envs/fedcsl/lib/python3.8/site-packages/numpy/core/fromnumeric.py:3432: RuntimeWarning: Mean of empty slice.
  return _methods._mean(a, axis=axis, dtype=dtype,
/mnt/data/user_liangzhiyu/envs/fedcsl/lib/python3.8/site-packages/numpy/core/_methods.py:190: RuntimeWarning: invalid value encountered in double_scalars
  ret = ret.dtype.type(ret / rcount)
/mnt/data/user_liangzhiyu/envs/fedcsl/lib/python3.8/site-packages/numpy/core/fromnumeric.py:3432: RuntimeWarning: Mean of empty slice.
  return _methods._mean(a, axis=axis, dtype=dtype,
/mnt/data/user_liangzhiyu/envs/fedcsl/lib/python3.8/site-packages/numpy/core/_methods.py:190: RuntimeWarning: invalid value encountered in double_scalars
  ret = ret.dtype.type(ret / rcount)
/mnt/data/user_liangzhiyu/envs/fedcsl/lib/python3.8/site-packages/numpy/core/fromnumeric.py:3432: RuntimeWarning: Mean of empty slice.
  return _methods._mean(a, axis=axis, dtype=dtype,
/mnt/data/user_liangzhiyu/envs/fedcsl/lib/python3.8/site-packages/numpy/core/_methods.py:190: RuntimeWarning: invalid value encountered in double_scalars
  ret = ret.dtype.type(ret / rcount)
/mnt/data/user_liangzhiyu/envs/fedcsl/lib/python3.8/site-packages/numpy/core/fromnumeric.py:3432: RuntimeWarning: Mean of empty slice.
  return _methods._mean(a, axis=axis, dtype=dtype,
/mnt/data/user_liangzhiyu/envs/fedcsl/lib/python3.8/site-packages/numpy/core/_methods.py:190: RuntimeWarning: invalid value encountered in double_scalars
  ret = ret.dtype.type(ret / rcount)
/mnt/data/user_liangzhiyu/envs/fedcsl/lib/python3.8/site-packages/numpy/core/fromnumeric.py:3432: RuntimeWarning: Mean of empty slice.
  return _methods._mean(a, axis=axis, dtype=dtype,
/mnt/data/user_liangzhiyu/envs/fedcsl/lib/python3.8/site-packages/numpy/core/_methods.py:190: RuntimeWarning: invalid value encountered in double_scalars
  ret = ret.dtype.type(ret / rcount)
/mnt/data/user_liangzhiyu/envs/fedcsl/lib/python3.8/site-packages/numpy/core/fromnumeric.py:3432: RuntimeWarning: Mean of empty slice.
  return _methods._mean(a, axis=axis, dtype=dtype,
/mnt/data/user_liangzhiyu/envs/fedcsl/lib/python3.8/site-packages/numpy/core/_methods.py:190: RuntimeWarning: invalid value encountered in double_scalars
  ret = ret.dtype.type(ret / rcount)
/mnt/data/user_liangzhiyu/envs/fedcsl/lib/python3.8/site-packages/numpy/core/fromnumeric.py:3432: RuntimeWarning: Mean of empty slice.
  return _methods._mean(a, axis=axis, dtype=dtype,
/mnt/data/user_liangzhiyu/envs/fedcsl/lib/python3.8/site-packages/numpy/core/_methods.py:190: RuntimeWarning: invalid value encountered in double_scalars
  ret = ret.dtype.type(ret / rcount)
/mnt/data/user_liangzhiyu/envs/fedcsl/lib/python3.8/site-packages/numpy/core/fromnumeric.py:3432: RuntimeWarning: Mean of empty slice.
  return _methods._mean(a, axis=axis, dtype=dtype,
/mnt/data/user_liangzhiyu/envs/fedcsl/lib/python3.8/site-packages/numpy/core/_methods.py:190: RuntimeWarning: invalid value encountered in double_scalars
  ret = ret.dtype.type(ret / rcount)
/mnt/data/user_liangzhiyu/envs/fedcsl/lib/python3.8/site-packages/numpy/core/fromnumeric.py:3432: RuntimeWarning: Mean of empty slice.
  return _methods._mean(a, axis=axis, dtype=dtype,
/mnt/data/user_liangzhiyu/envs/fedcsl/lib/python3.8/site-packages/numpy/core/_methods.py:190: RuntimeWarning: invalid value encountered in double_scalars
  ret = ret.dtype.type(ret / rcount)
/mnt/data/user_liangzhiyu/envs/fedcsl/lib/python3.8/site-packages/numpy/core/fromnumeric.py:3432: RuntimeWarning: Mean of empty slice.
  return _methods._mean(a, axis=axis, dtype=dtype,
/mnt/data/user_liangzhiyu/envs/fedcsl/lib/python3.8/site-packages/numpy/core/_methods.py:190: RuntimeWarning: invalid value encountered in double_scalars
  ret = ret.dtype.type(ret / rcount)
/mnt/data/user_liangzhiyu/envs/fedcsl/lib/python3.8/site-packages/numpy/core/fromnumeric.py:3432: RuntimeWarning: Mean of empty slice.
  return _methods._mean(a, axis=axis, dtype=dtype,
/mnt/data/user_liangzhiyu/envs/fedcsl/lib/python3.8/site-packages/numpy/core/_methods.py:190: RuntimeWarning: invalid value encountered in double_scalars
  ret = ret.dtype.type(ret / rcount)
/mnt/data/user_liangzhiyu/envs/fedcsl/lib/python3.8/site-packages/numpy/core/fromnumeric.py:3432: RuntimeWarning: Mean of empty slice.
  return _methods._mean(a, axis=axis, dtype=dtype,
/mnt/data/user_liangzhiyu/envs/fedcsl/lib/python3.8/site-packages/numpy/core/_methods.py:190: RuntimeWarning: invalid value encountered in double_scalars
  ret = ret.dtype.type(ret / rcount)
/mnt/data/user_liangzhiyu/envs/fedcsl/lib/python3.8/site-packages/numpy/core/fromnumeric.py:3432: RuntimeWarning: Mean of empty slice.
  return _methods._mean(a, axis=axis, dtype=dtype,
/mnt/data/user_liangzhiyu/envs/fedcsl/lib/python3.8/site-packages/numpy/core/_methods.py:190: RuntimeWarning: invalid value encountered in double_scalars
  ret = ret.dtype.type(ret / rcount)
/mnt/data/user_liangzhiyu/envs/fedcsl/lib/python3.8/site-packages/numpy/core/fromnumeric.py:3432: RuntimeWarning: Mean of empty slice.
  return _methods._mean(a, axis=axis, dtype=dtype,
/mnt/data/user_liangzhiyu/envs/fedcsl/lib/python3.8/site-packages/numpy/core/_methods.py:190: RuntimeWarning: invalid value encountered in double_scalars
  ret = ret.dtype.type(ret / rcount)
/mnt/data/user_liangzhiyu/envs/fedcsl/lib/python3.8/site-packages/numpy/core/fromnumeric.py:3432: RuntimeWarning: Mean of empty slice.
  return _methods._mean(a, axis=axis, dtype=dtype,
/mnt/data/user_liangzhiyu/envs/fedcsl/lib/python3.8/site-packages/numpy/core/_methods.py:190: RuntimeWarning: invalid value encountered in double_scalars
  ret = ret.dtype.type(ret / rcount)
/mnt/data/user_liangzhiyu/envs/fedcsl/lib/python3.8/site-packages/numpy/core/fromnumeric.py:3432: RuntimeWarning: Mean of empty slice.
  return _methods._mean(a, axis=axis, dtype=dtype,
/mnt/data/user_liangzhiyu/envs/fedcsl/lib/python3.8/site-packages/numpy/core/_methods.py:190: RuntimeWarning: invalid value encountered in double_scalars
  ret = ret.dtype.type(ret / rcount)
/mnt/data/user_liangzhiyu/envs/fedcsl/lib/python3.8/site-packages/numpy/core/fromnumeric.py:3432: RuntimeWarning: Mean of empty slice.
  return _methods._mean(a, axis=axis, dtype=dtype,
/mnt/data/user_liangzhiyu/envs/fedcsl/lib/python3.8/site-packages/numpy/core/_methods.py:190: RuntimeWarning: invalid value encountered in double_scalars
  ret = ret.dtype.type(ret / rcount)
/mnt/data/user_liangzhiyu/envs/fedcsl/lib/python3.8/site-packages/numpy/core/fromnumeric.py:3432: RuntimeWarning: Mean of empty slice.
  return _methods._mean(a, axis=axis, dtype=dtype,
/mnt/data/user_liangzhiyu/envs/fedcsl/lib/python3.8/site-packages/numpy/core/_methods.py:190: RuntimeWarning: invalid value encountered in double_scalars
  ret = ret.dtype.type(ret / rcount)
/mnt/data/user_liangzhiyu/envs/fedcsl/lib/python3.8/site-packages/numpy/core/fromnumeric.py:3432: RuntimeWarning: Mean of empty slice.
  return _methods._mean(a, axis=axis, dtype=dtype,
/mnt/data/user_liangzhiyu/envs/fedcsl/lib/python3.8/site-packages/numpy/core/_methods.py:190: RuntimeWarning: invalid value encountered in double_scalars
  ret = ret.dtype.type(ret / rcount)
/mnt/data/user_liangzhiyu/envs/fedcsl/lib/python3.8/site-packages/numpy/core/fromnumeric.py:3432: RuntimeWarning: Mean of empty slice.
  return _methods._mean(a, axis=axis, dtype=dtype,
/mnt/data/user_liangzhiyu/envs/fedcsl/lib/python3.8/site-packages/numpy/core/_methods.py:190: RuntimeWarning: invalid value encountered in double_scalars
  ret = ret.dtype.type(ret / rcount)
/mnt/data/user_liangzhiyu/envs/fedcsl/lib/python3.8/site-packages/numpy/core/fromnumeric.py:3432: RuntimeWarning: Mean of empty slice.
  return _methods._mean(a, axis=axis, dtype=dtype,
/mnt/data/user_liangzhiyu/envs/fedcsl/lib/python3.8/site-packages/numpy/core/_methods.py:190: RuntimeWarning: invalid value encountered in double_scalars
  ret = ret.dtype.type(ret / rcount)
/mnt/data/user_liangzhiyu/envs/fedcsl/lib/python3.8/site-packages/numpy/core/fromnumeric.py:3432: RuntimeWarning: Mean of empty slice.
  return _methods._mean(a, axis=axis, dtype=dtype,
/mnt/data/user_liangzhiyu/envs/fedcsl/lib/python3.8/site-packages/numpy/core/_methods.py:190: RuntimeWarning: invalid value encountered in double_scalars
  ret = ret.dtype.type(ret / rcount)
/mnt/data/user_liangzhiyu/envs/fedcsl/lib/python3.8/site-packages/numpy/core/fromnumeric.py:3432: RuntimeWarning: Mean of empty slice.
  return _methods._mean(a, axis=axis, dtype=dtype,
/mnt/data/user_liangzhiyu/envs/fedcsl/lib/python3.8/site-packages/numpy/core/_methods.py:190: RuntimeWarning: invalid value encountered in double_scalars
  ret = ret.dtype.type(ret / rcount)
/mnt/data/user_liangzhiyu/envs/fedcsl/lib/python3.8/site-packages/numpy/core/fromnumeric.py:3432: RuntimeWarning: Mean of empty slice.
  return _methods._mean(a, axis=axis, dtype=dtype,
/mnt/data/user_liangzhiyu/envs/fedcsl/lib/python3.8/site-packages/numpy/core/_methods.py:190: RuntimeWarning: invalid value encountered in double_scalars
  ret = ret.dtype.type(ret / rcount)
1.0 0.94375 72
(26, 8)
(38, 8)
(56, 8)
[0.8976135  1.15235904 0.95002746]
Classification: 1.0 0.94375 73
(26, 8)
(38, 8)
(56, 8)
[0.8976135  1.15235904 0.95002746]
Classification: 1.0 0.94375 74
(26, 8)
(38, 8)
(56, 8)
[0.8976135  1.15235904 0.95002746]
Classification: 1.0 0.94375 75
(26, 8)
(38, 8)
(56, 8)
[0.8976135  1.15235904 0.95002746]
Classification: 1.0 0.94375 76
(26, 8)
(38, 8)
(56, 8)
[0.8976135  1.15235904 0.95002746]
Classification: 1.0 0.94375 77
(26, 8)
(38, 8)
(56, 8)
[0.8976135  1.15235904 0.95002746]
Classification: 1.0 0.94375 78
(26, 8)
(38, 8)
(56, 8)
[0.8976135  1.15235904 0.95002746]
Classification: 1.0 0.94375 79
(26, 8)
(38, 8)
(56, 8)
[0.8976135  1.15235904 0.95002746]
Classification: 1.0 0.94375 80
(26, 8)
(38, 8)
(56, 8)
[0.8976135  1.15235904 0.95002746]
Classification: 1.0 0.94375 81
(26, 8)
(38, 8)
(56, 8)
[0.8976135  1.15235904 0.95002746]
Classification: 1.0 0.94375 82
(26, 8)
(38, 8)
(56, 8)
[0.8976135  1.15235904 0.95002746]
Classification: 1.0 0.94375 83
(26, 8)
(38, 8)
(56, 8)
[0.8976135  1.15235904 0.95002746]
Classification: 1.0 0.94375 84
(26, 8)
(38, 8)
(56, 8)
[0.8976135  1.15235904 0.95002746]
Classification: 1.0 0.94375 85
(26, 8)
(38, 8)
(56, 8)
[0.8976135  1.15235904 0.95002746]
Classification: 1.0 0.94375 86
(26, 8)
(38, 8)
(56, 8)
[0.8976135  1.15235904 0.95002746]
Classification: 1.0 0.94375 87
(26, 8)
(38, 8)
(56, 8)
[0.8976135  1.15235904 0.95002746]
Classification: 1.0 0.94375 88
(26, 8)
(38, 8)
(56, 8)
[0.8976135  1.15235904 0.95002746]
Classification: 1.0 0.94375 89
(26, 8)
(38, 8)
(56, 8)
[0.8976135  1.15235904 0.95002746]
Classification: 1.0 0.94375 90
(26, 8)
(38, 8)
(56, 8)
[0.8976135  1.15235904 0.95002746]
Classification: 1.0 0.94375 91
(26, 8)
(38, 8)
(56, 8)
[0.8976135  1.15235904 0.95002746]
Classification: 1.0 0.94375 92
(26, 8)
(38, 8)
(56, 8)
[0.8976135  1.15235904 0.95002746]
Classification: 1.0 0.94375 93
(26, 8)
(38, 8)
(56, 8)
[0.8976135  1.15235904 0.95002746]
Classification: 1.0 0.94375 94
(26, 8)
(38, 8)
(56, 8)
[0.8976135  1.15235904 0.95002746]
Classification: 1.0 0.94375 95
(26, 8)
(38, 8)
(56, 8)
[0.8976135  1.15235904 0.95002746]
Classification: 1.0 0.94375 96
(26, 8)
(38, 8)
(56, 8)
[0.8976135  1.15235904 0.95002746]
Classification: 1.0 0.94375 97
(26, 8)
(38, 8)
(56, 8)
[0.8976135  1.15235904 0.95002746]
Classification: 1.0 0.94375 98
(26, 8)
(38, 8)
(56, 8)
[0.8976135  1.15235904 0.95002746]
Classification: 1.0 0.94375 99
(26, 8)
(38, 8)
(56, 8)
[0.8976135  1.15235904 0.95002746]
Classification: 1.0 0.94375 100
(26, 8)
(38, 8)
(56, 8)
[0.8976135  1.15235904 0.95002746]
Classification: 1.0 0.94375 101
(26, 8)
(38, 8)
(56, 8)
[0.8976135  1.15235904 0.95002746]
Classification: 1.0 0.94375 102
(26, 8)
(38, 8)
(56, 8)
[0.8976135  1.15235904 0.95002746]
Classification: 1.0 0.94375 103
(26, 8)
(38, 8)
(56, 8)
[0.8976135  1.15235904 0.95002746]
Classification: 1.0 0.94375 104
(26, 8)
(38, 8)
(56, 8)
[0.8976135  1.15235904 0.95002746]
Classification: 1.0 0.94375 105
(26, 8)
(38, 8)
(56, 8)
[0.8976135  1.15235904 0.95002746]
Classification: 1.0 0.94375 106
(26, 8)
(38, 8)
(56, 8)
[0.8976135  1.15235904 0.95002746]
Classification: 1.0 0.94375 107
(26, 8)
(38, 8)
(56, 8)
[0.8976135  1.15235904 0.95002746]
Classification: 1.0 0.94375 108
(26, 8)
(38, 8)
(56, 8)
[0.8976135  1.15235904 0.95002746]
Classification: 1.0 0.94375 109
(26, 8)
(38, 8)
(56, 8)
[0.8976135  1.15235904 0.95002746]
Classification: 1.0 0.94375 110
(26, 8)
(38, 8)
(56, 8)
[0.8976135  1.15235904 0.95002746]
Classification: 1.0 0.94375 111
(26, 8)
(38, 8)
(56, 8)
[0.8976135  1.15235904 0.95002746]
Classification: 1.0 0.94375 112
(26, 8)
(38, 8)
(56, 8)
[0.8976135  1.15235904 0.95002746]
Classification: 1.0 0.94375 113
(26, 8)
(38, 8)
(56, 8)
[0.8976135  1.15235904 0.95002746]
Classification: 1.0 0.94375 114
(26, 8)
(38, 8)
(56, 8)
[0.8976135  1.15235904 0.95002746]
Classification: 1.0 0.94375 115
(26, 8)
(38, 8)
(56, 8)
[0.8976135  1.15235904 0.95002746]
Classification: 1.0 0.94375 116
(26, 8)
(38, 8)
(56, 8)
[0.8976135  1.15235904 0.95002746]
Classification: 1.0 0.94375 117
(26, 8)
(38, 8)
(56, 8)
[0.8976135  1.15235904 0.95002746]
Classification: 1.0 0.94375 118
(26, 8)
(38, 8)
(56, 8)
[0.8976135  1.15235904 0.95002746]
Classification: 1.0 0.94375 119
(26, 8)
(38, 8)
(56, 8)
[0.8976135  1.15235904 0.95002746]
Classification: 1.0 0.94375 120
(26, 8)
(38, 8)
(56, 8)
[0.8976135  1.15235904 0.95002746]
Classification: 1.0 0.94375 121
(26, 8)
(38, 8)
(56, 8)
[0.8976135  1.15235904 0.95002746]
Classification: 1.0 0.94375 122
(26, 8)
(38, 8)
(56, 8)
[0.8976135  1.15235904 0.95002746]
Classification: 1.0 0.94375 123
(26, 8)
(38, 8)
(56, 8)
[0.8976135  1.15235904 0.95002746]
Classification: 1.0 0.94375 124
(26, 8)
(38, 8)
(56, 8)
[0.8976135  1.15235904 0.95002746]
Classification: 1.0 0.94375 125
(26, 8)
(38, 8)
(56, 8)
[0.8976135  1.15235904 0.95002746]
Classification: 1.0 0.94375 126
(26, 8)
(38, 8)
(56, 8)
[0.8976135  1.15235904 0.95002746]
Classification: 1.0 0.94375 127
(26, 8)
(38, 8)
(56, 8)
[0.8976135  1.15235904 0.95002746]
Classification: 1.0 0.94375 128
(26, 8)
(38, 8)
(56, 8)
[0.8976135  1.15235904 0.95002746]
Classification: 1.0 0.94375 129
(26, 8)
(38, 8)
(56, 8)
[0.8976135  1.15235904 0.95002746]
Classification: 1.0 0.94375 130
(26, 8)
(38, 8)
(56, 8)
[0.8976135  1.15235904 0.95002746]
Classification: 1.0 0.94375 131
(26, 8)
(38, 8)
(56, 8)
[0.8976135  1.15235904 0.95002746]
Classification: 1.0 0.94375 132
(26, 8)
(38, 8)
(56, 8)
[0.8976135  1.15235904 0.95002746]
Classification: 1.0 0.94375 133
(26, 8)
(38, 8)
(56, 8)
[0.8976135  1.15235904 0.95002746]
Classification: 1.0 0.94375 134
(26, 8)
(38, 8)
(56, 8)
[0.8976135  1.15235904 0.95002746]
Classification: 1.0 0.94375 135
(26, 8)
(38, 8)
(56, 8)
[0.8976135  1.15235904 0.95002746]
Classification: 1.0 0.94375 136
(26, 8)
(38, 8)
(56, 8)
[0.8976135  1.15235904 0.95002746]
Classification: 1.0 0.94375 137
(26, 8)
(38, 8)
(56, 8)
[0.8976135  1.15235904 0.95002746]
Classification: 1.0 0.94375 138
(26, 8)
(38, 8)
(56, 8)
[0.8976135  1.15235904 0.95002746]
Classification: 1.0 0.94375 139
(26, 8)
(38, 8)
(56, 8)
[0.8976135  1.15235904 0.95002746]
Classification: 1.0 0.94375 140
(26, 8)
(38, 8)
(56, 8)
[0.8976135  1.15235904 0.95002746]
Classification: 1.0 0.94375 141
(26, 8)
(38, 8)
(56, 8)
[0.8976135  1.15235904 0.95002746]
Classification: 1.0 0.94375 142
(26, 8)
(38, 8)
(56, 8)
[0.8976135  1.15235904 0.95002746]
Classification: 1.0 0.94375 143
(26, 8)
(38, 8)
(56, 8)
[0.8976135  1.15235904 0.95002746]
Classification: 1.0 0.94375 144
(26, 8)
(38, 8)
(56, 8)
[0.8976135  1.15235904 0.95002746]
Classification: 1.0 0.94375 145
(26, 8)
(38, 8)
(56, 8)
[0.8976135  1.15235904 0.95002746]
Classification: 1.0 0.94375 146
(26, 8)
(38, 8)
(56, 8)
[0.8976135  1.15235904 0.95002746]
Classification: 1.0 0.94375 147
(26, 8)
(38, 8)
(56, 8)
[0.8976135  1.15235904 0.95002746]
Classification: 1.0 0.94375 148
(26, 8)
(38, 8)
(56, 8)
[0.8976135  1.15235904 0.95002746]
Classification: 1.0 0.94375 149
(26, 8)
(38, 8)
(56, 8)
[0.8976135  1.15235904 0.95002746]
Classification: 1.0 0.94375 150
(26, 8)
(38, 8)
(56, 8)
[0.8976135  1.15235904 0.95002746]
Classification: 1.0 0.94375 151
(26, 8)
(38, 8)
(56, 8)
[0.8976135  1.15235904 0.95002746]
Classification: 1.0 0.94375 152
(26, 8)
(38, 8)
(56, 8)
[0.8976135  1.15235904 0.95002746]
Classification: 1.0 0.94375 153
(26, 8)
(38, 8)
(56, 8)
[0.8976135  1.15235904 0.95002746]
Classification: 1.0 0.94375 154
(26, 8)
(38, 8)
(56, 8)
[0.8976135  1.15235904 0.95002746]
Classification: 1.0 0.94375 155
(26, 8)
(38, 8)
(56, 8)
[0.8976135  1.15235904 0.95002746]
Classification: 1.0 0.94375 156
(26, 8)
(38, 8)
(56, 8)
[0.8976135  1.15235904 0.95002746]
Classification: 1.0 0.94375 157
(26, 8)
(38, 8)
(56, 8)
[0.8976135  1.15235904 0.95002746]
Classification: 1.0 0.94375 158
(26, 8)
(38, 8)
(56, 8)
[0.8976135  1.15235904 0.95002746]
Classification: 1.0 0.94375 159
(26, 8)
(38, 8)
(56, 8)
[0.8976135  1.15235904 0.95002746]
Classification: 1.0 0.94375 160
(26, 8)
(38, 8)
(56, 8)
[0.8976135  1.15235904 0.95002746]
Classification: 1.0 0.94375 161
(26, 8)
(38, 8)
(56, 8)
[0.8976135  1.15235904 0.95002746]
Classification: 1.0 0.94375 162
(26, 8)
/mnt/data/user_liangzhiyu/envs/fedcsl/lib/python3.8/site-packages/numpy/core/fromnumeric.py:3432: RuntimeWarning: Mean of empty slice.
  return _methods._mean(a, axis=axis, dtype=dtype,
/mnt/data/user_liangzhiyu/envs/fedcsl/lib/python3.8/site-packages/numpy/core/_methods.py:190: RuntimeWarning: invalid value encountered in double_scalars
  ret = ret.dtype.type(ret / rcount)
/mnt/data/user_liangzhiyu/envs/fedcsl/lib/python3.8/site-packages/numpy/core/fromnumeric.py:3432: RuntimeWarning: Mean of empty slice.
  return _methods._mean(a, axis=axis, dtype=dtype,
/mnt/data/user_liangzhiyu/envs/fedcsl/lib/python3.8/site-packages/numpy/core/_methods.py:190: RuntimeWarning: invalid value encountered in double_scalars
  ret = ret.dtype.type(ret / rcount)
/mnt/data/user_liangzhiyu/envs/fedcsl/lib/python3.8/site-packages/numpy/core/fromnumeric.py:3432: RuntimeWarning: Mean of empty slice.
  return _methods._mean(a, axis=axis, dtype=dtype,
/mnt/data/user_liangzhiyu/envs/fedcsl/lib/python3.8/site-packages/numpy/core/_methods.py:190: RuntimeWarning: invalid value encountered in double_scalars
  ret = ret.dtype.type(ret / rcount)
/mnt/data/user_liangzhiyu/envs/fedcsl/lib/python3.8/site-packages/numpy/core/fromnumeric.py:3432: RuntimeWarning: Mean of empty slice.
  return _methods._mean(a, axis=axis, dtype=dtype,
/mnt/data/user_liangzhiyu/envs/fedcsl/lib/python3.8/site-packages/numpy/core/_methods.py:190: RuntimeWarning: invalid value encountered in double_scalars
  ret = ret.dtype.type(ret / rcount)
/mnt/data/user_liangzhiyu/envs/fedcsl/lib/python3.8/site-packages/numpy/core/fromnumeric.py:3432: RuntimeWarning: Mean of empty slice.
  return _methods._mean(a, axis=axis, dtype=dtype,
/mnt/data/user_liangzhiyu/envs/fedcsl/lib/python3.8/site-packages/numpy/core/_methods.py:190: RuntimeWarning: invalid value encountered in double_scalars
  ret = ret.dtype.type(ret / rcount)
/mnt/data/user_liangzhiyu/envs/fedcsl/lib/python3.8/site-packages/numpy/core/fromnumeric.py:3432: RuntimeWarning: Mean of empty slice.
  return _methods._mean(a, axis=axis, dtype=dtype,
/mnt/data/user_liangzhiyu/envs/fedcsl/lib/python3.8/site-packages/numpy/core/_methods.py:190: RuntimeWarning: invalid value encountered in double_scalars
  ret = ret.dtype.type(ret / rcount)
/mnt/data/user_liangzhiyu/envs/fedcsl/lib/python3.8/site-packages/numpy/core/fromnumeric.py:3432: RuntimeWarning: Mean of empty slice.
  return _methods._mean(a, axis=axis, dtype=dtype,
/mnt/data/user_liangzhiyu/envs/fedcsl/lib/python3.8/site-packages/numpy/core/_methods.py:190: RuntimeWarning: invalid value encountered in double_scalars
  ret = ret.dtype.type(ret / rcount)
/mnt/data/user_liangzhiyu/envs/fedcsl/lib/python3.8/site-packages/numpy/core/fromnumeric.py:3432: RuntimeWarning: Mean of empty slice.
  return _methods._mean(a, axis=axis, dtype=dtype,
/mnt/data/user_liangzhiyu/envs/fedcsl/lib/python3.8/site-packages/numpy/core/_methods.py:190: RuntimeWarning: invalid value encountered in double_scalars
  ret = ret.dtype.type(ret / rcount)
/mnt/data/user_liangzhiyu/envs/fedcsl/lib/python3.8/site-packages/numpy/core/fromnumeric.py:3432: RuntimeWarning: Mean of empty slice.
  return _methods._mean(a, axis=axis, dtype=dtype,
/mnt/data/user_liangzhiyu/envs/fedcsl/lib/python3.8/site-packages/numpy/core/_methods.py:190: RuntimeWarning: invalid value encountered in double_scalars
  ret = ret.dtype.type(ret / rcount)
/mnt/data/user_liangzhiyu/envs/fedcsl/lib/python3.8/site-packages/numpy/core/fromnumeric.py:3432: RuntimeWarning: Mean of empty slice.
  return _methods._mean(a, axis=axis, dtype=dtype,
/mnt/data/user_liangzhiyu/envs/fedcsl/lib/python3.8/site-packages/numpy/core/_methods.py:190: RuntimeWarning: invalid value encountered in double_scalars
  ret = ret.dtype.type(ret / rcount)
/mnt/data/user_liangzhiyu/envs/fedcsl/lib/python3.8/site-packages/numpy/core/fromnumeric.py:3432: RuntimeWarning: Mean of empty slice.
  return _methods._mean(a, axis=axis, dtype=dtype,
/mnt/data/user_liangzhiyu/envs/fedcsl/lib/python3.8/site-packages/numpy/core/_methods.py:190: RuntimeWarning: invalid value encountered in double_scalars
  ret = ret.dtype.type(ret / rcount)
/mnt/data/user_liangzhiyu/envs/fedcsl/lib/python3.8/site-packages/numpy/core/fromnumeric.py:3432: RuntimeWarning: Mean of empty slice.
  return _methods._mean(a, axis=axis, dtype=dtype,
/mnt/data/user_liangzhiyu/envs/fedcsl/lib/python3.8/site-packages/numpy/core/_methods.py:190: RuntimeWarning: invalid value encountered in double_scalars
  ret = ret.dtype.type(ret / rcount)
/mnt/data/user_liangzhiyu/envs/fedcsl/lib/python3.8/site-packages/numpy/core/fromnumeric.py:3432: RuntimeWarning: Mean of empty slice.
  return _methods._mean(a, axis=axis, dtype=dtype,
/mnt/data/user_liangzhiyu/envs/fedcsl/lib/python3.8/site-packages/numpy/core/_methods.py:190: RuntimeWarning: invalid value encountered in double_scalars
  ret = ret.dtype.type(ret / rcount)
/mnt/data/user_liangzhiyu/envs/fedcsl/lib/python3.8/site-packages/numpy/core/fromnumeric.py:3432: RuntimeWarning: Mean of empty slice.
  return _methods._mean(a, axis=axis, dtype=dtype,
/mnt/data/user_liangzhiyu/envs/fedcsl/lib/python3.8/site-packages/numpy/core/_methods.py:190: RuntimeWarning: invalid value encountered in double_scalars
  ret = ret.dtype.type(ret / rcount)
/mnt/data/user_liangzhiyu/envs/fedcsl/lib/python3.8/site-packages/numpy/core/fromnumeric.py:3432: RuntimeWarning: Mean of empty slice.
  return _methods._mean(a, axis=axis, dtype=dtype,
/mnt/data/user_liangzhiyu/envs/fedcsl/lib/python3.8/site-packages/numpy/core/_methods.py:190: RuntimeWarning: invalid value encountered in double_scalars
  ret = ret.dtype.type(ret / rcount)
/mnt/data/user_liangzhiyu/envs/fedcsl/lib/python3.8/site-packages/numpy/core/fromnumeric.py:3432: RuntimeWarning: Mean of empty slice.
  return _methods._mean(a, axis=axis, dtype=dtype,
/mnt/data/user_liangzhiyu/envs/fedcsl/lib/python3.8/site-packages/numpy/core/_methods.py:190: RuntimeWarning: invalid value encountered in double_scalars
  ret = ret.dtype.type(ret / rcount)
/mnt/data/user_liangzhiyu/envs/fedcsl/lib/python3.8/site-packages/numpy/core/fromnumeric.py:3432: RuntimeWarning: Mean of empty slice.
  return _methods._mean(a, axis=axis, dtype=dtype,
/mnt/data/user_liangzhiyu/envs/fedcsl/lib/python3.8/site-packages/numpy/core/_methods.py:190: RuntimeWarning: invalid value encountered in double_scalars
  ret = ret.dtype.type(ret / rcount)
/mnt/data/user_liangzhiyu/envs/fedcsl/lib/python3.8/site-packages/numpy/core/fromnumeric.py:3432: RuntimeWarning: Mean of empty slice.
  return _methods._mean(a, axis=axis, dtype=dtype,
/mnt/data/user_liangzhiyu/envs/fedcsl/lib/python3.8/site-packages/numpy/core/_methods.py:190: RuntimeWarning: invalid value encountered in double_scalars
  ret = ret.dtype.type(ret / rcount)
/mnt/data/user_liangzhiyu/envs/fedcsl/lib/python3.8/site-packages/numpy/core/fromnumeric.py:3432: RuntimeWarning: Mean of empty slice.
  return _methods._mean(a, axis=axis, dtype=dtype,
/mnt/data/user_liangzhiyu/envs/fedcsl/lib/python3.8/site-packages/numpy/core/_methods.py:190: RuntimeWarning: invalid value encountered in double_scalars
  ret = ret.dtype.type(ret / rcount)
/mnt/data/user_liangzhiyu/envs/fedcsl/lib/python3.8/site-packages/numpy/core/fromnumeric.py:3432: RuntimeWarning: Mean of empty slice.
  return _methods._mean(a, axis=axis, dtype=dtype,
/mnt/data/user_liangzhiyu/envs/fedcsl/lib/python3.8/site-packages/numpy/core/_methods.py:190: RuntimeWarning: invalid value encountered in double_scalars
  ret = ret.dtype.type(ret / rcount)
/mnt/data/user_liangzhiyu/envs/fedcsl/lib/python3.8/site-packages/numpy/core/fromnumeric.py:3432: RuntimeWarning: Mean of empty slice.
  return _methods._mean(a, axis=axis, dtype=dtype,
/mnt/data/user_liangzhiyu/envs/fedcsl/lib/python3.8/site-packages/numpy/core/_methods.py:190: RuntimeWarning: invalid value encountered in double_scalars
  ret = ret.dtype.type(ret / rcount)
/mnt/data/user_liangzhiyu/envs/fedcsl/lib/python3.8/site-packages/numpy/core/fromnumeric.py:3432: RuntimeWarning: Mean of empty slice.
  return _methods._mean(a, axis=axis, dtype=dtype,
/mnt/data/user_liangzhiyu/envs/fedcsl/lib/python3.8/site-packages/numpy/core/_methods.py:190: RuntimeWarning: invalid value encountered in double_scalars
  ret = ret.dtype.type(ret / rcount)
/mnt/data/user_liangzhiyu/envs/fedcsl/lib/python3.8/site-packages/numpy/core/fromnumeric.py:3432: RuntimeWarning: Mean of empty slice.
  return _methods._mean(a, axis=axis, dtype=dtype,
/mnt/data/user_liangzhiyu/envs/fedcsl/lib/python3.8/site-packages/numpy/core/_methods.py:190: RuntimeWarning: invalid value encountered in double_scalars
  ret = ret.dtype.type(ret / rcount)
/mnt/data/user_liangzhiyu/envs/fedcsl/lib/python3.8/site-packages/numpy/core/fromnumeric.py:3432: RuntimeWarning: Mean of empty slice.
  return _methods._mean(a, axis=axis, dtype=dtype,
/mnt/data/user_liangzhiyu/envs/fedcsl/lib/python3.8/site-packages/numpy/core/_methods.py:190: RuntimeWarning: invalid value encountered in double_scalars
  ret = ret.dtype.type(ret / rcount)
/mnt/data/user_liangzhiyu/envs/fedcsl/lib/python3.8/site-packages/numpy/core/fromnumeric.py:3432: RuntimeWarning: Mean of empty slice.
  return _methods._mean(a, axis=axis, dtype=dtype,
/mnt/data/user_liangzhiyu/envs/fedcsl/lib/python3.8/site-packages/numpy/core/_methods.py:190: RuntimeWarning: invalid value encountered in double_scalars
  ret = ret.dtype.type(ret / rcount)
/mnt/data/user_liangzhiyu/envs/fedcsl/lib/python3.8/site-packages/numpy/core/fromnumeric.py:3432: RuntimeWarning: Mean of empty slice.
  return _methods._mean(a, axis=axis, dtype=dtype,
/mnt/data/user_liangzhiyu/envs/fedcsl/lib/python3.8/site-packages/numpy/core/_methods.py:190: RuntimeWarning: invalid value encountered in double_scalars
  ret = ret.dtype.type(ret / rcount)
/mnt/data/user_liangzhiyu/envs/fedcsl/lib/python3.8/site-packages/numpy/core/fromnumeric.py:3432: RuntimeWarning: Mean of empty slice.
  return _methods._mean(a, axis=axis, dtype=dtype,
/mnt/data/user_liangzhiyu/envs/fedcsl/lib/python3.8/site-packages/numpy/core/_methods.py:190: RuntimeWarning: invalid value encountered in double_scalars
  ret = ret.dtype.type(ret / rcount)
/mnt/data/user_liangzhiyu/envs/fedcsl/lib/python3.8/site-packages/numpy/core/fromnumeric.py:3432: RuntimeWarning: Mean of empty slice.
  return _methods._mean(a, axis=axis, dtype=dtype,
/mnt/data/user_liangzhiyu/envs/fedcsl/lib/python3.8/site-packages/numpy/core/_methods.py:190: RuntimeWarning: invalid value encountered in double_scalars
  ret = ret.dtype.type(ret / rcount)
/mnt/data/user_liangzhiyu/envs/fedcsl/lib/python3.8/site-packages/numpy/core/fromnumeric.py:3432: RuntimeWarning: Mean of empty slice.
  return _methods._mean(a, axis=axis, dtype=dtype,
/mnt/data/user_liangzhiyu/envs/fedcsl/lib/python3.8/site-packages/numpy/core/_methods.py:190: RuntimeWarning: invalid value encountered in double_scalars
  ret = ret.dtype.type(ret / rcount)
/mnt/data/user_liangzhiyu/envs/fedcsl/lib/python3.8/site-packages/numpy/core/fromnumeric.py:3432: RuntimeWarning: Mean of empty slice.
  return _methods._mean(a, axis=axis, dtype=dtype,
/mnt/data/user_liangzhiyu/envs/fedcsl/lib/python3.8/site-packages/numpy/core/_methods.py:190: RuntimeWarning: invalid value encountered in double_scalars
  ret = ret.dtype.type(ret / rcount)
/mnt/data/user_liangzhiyu/envs/fedcsl/lib/python3.8/site-packages/numpy/core/fromnumeric.py:3432: RuntimeWarning: Mean of empty slice.
  return _methods._mean(a, axis=axis, dtype=dtype,
/mnt/data/user_liangzhiyu/envs/fedcsl/lib/python3.8/site-packages/numpy/core/_methods.py:190: RuntimeWarning: invalid value encountered in double_scalars
  ret = ret.dtype.type(ret / rcount)
/mnt/data/user_liangzhiyu/envs/fedcsl/lib/python3.8/site-packages/numpy/core/fromnumeric.py:3432: RuntimeWarning: Mean of empty slice.
  return _methods._mean(a, axis=axis, dtype=dtype,
/mnt/data/user_liangzhiyu/envs/fedcsl/lib/python3.8/site-packages/numpy/core/_methods.py:190: RuntimeWarning: invalid value encountered in double_scalars
  ret = ret.dtype.type(ret / rcount)
/mnt/data/user_liangzhiyu/envs/fedcsl/lib/python3.8/site-packages/numpy/core/fromnumeric.py:3432: RuntimeWarning: Mean of empty slice.
  return _methods._mean(a, axis=axis, dtype=dtype,
/mnt/data/user_liangzhiyu/envs/fedcsl/lib/python3.8/site-packages/numpy/core/_methods.py:190: RuntimeWarning: invalid value encountered in double_scalars
  ret = ret.dtype.type(ret / rcount)
/mnt/data/user_liangzhiyu/envs/fedcsl/lib/python3.8/site-packages/numpy/core/fromnumeric.py:3432: RuntimeWarning: Mean of empty slice.
  return _methods._mean(a, axis=axis, dtype=dtype,
/mnt/data/user_liangzhiyu/envs/fedcsl/lib/python3.8/site-packages/numpy/core/_methods.py:190: RuntimeWarning: invalid value encountered in double_scalars
  ret = ret.dtype.type(ret / rcount)
/mnt/data/user_liangzhiyu/envs/fedcsl/lib/python3.8/site-packages/numpy/core/fromnumeric.py:3432: RuntimeWarning: Mean of empty slice.
  return _methods._mean(a, axis=axis, dtype=dtype,
/mnt/data/user_liangzhiyu/envs/fedcsl/lib/python3.8/site-packages/numpy/core/_methods.py:190: RuntimeWarning: invalid value encountered in double_scalars
  ret = ret.dtype.type(ret / rcount)
/mnt/data/user_liangzhiyu/envs/fedcsl/lib/python3.8/site-packages/numpy/core/fromnumeric.py:3432: RuntimeWarning: Mean of empty slice.
  return _methods._mean(a, axis=axis, dtype=dtype,
/mnt/data/user_liangzhiyu/envs/fedcsl/lib/python3.8/site-packages/numpy/core/_methods.py:190: RuntimeWarning: invalid value encountered in double_scalars
  ret = ret.dtype.type(ret / rcount)
/mnt/data/user_liangzhiyu/envs/fedcsl/lib/python3.8/site-packages/numpy/core/fromnumeric.py:3432: RuntimeWarning: Mean of empty slice.
  return _methods._mean(a, axis=axis, dtype=dtype,
/mnt/data/user_liangzhiyu/envs/fedcsl/lib/python3.8/site-packages/numpy/core/_methods.py:190: RuntimeWarning: invalid value encountered in double_scalars
  ret = ret.dtype.type(ret / rcount)
/mnt/data/user_liangzhiyu/envs/fedcsl/lib/python3.8/site-packages/numpy/core/fromnumeric.py:3432: RuntimeWarning: Mean of empty slice.
  return _methods._mean(a, axis=axis, dtype=dtype,
/mnt/data/user_liangzhiyu/envs/fedcsl/lib/python3.8/site-packages/numpy/core/_methods.py:190: RuntimeWarning: invalid value encountered in double_scalars
  ret = ret.dtype.type(ret / rcount)
/mnt/data/user_liangzhiyu/envs/fedcsl/lib/python3.8/site-packages/numpy/core/fromnumeric.py:3432: RuntimeWarning: Mean of empty slice.
  return _methods._mean(a, axis=axis, dtype=dtype,
/mnt/data/user_liangzhiyu/envs/fedcsl/lib/python3.8/site-packages/numpy/core/_methods.py:190: RuntimeWarning: invalid value encountered in double_scalars
  ret = ret.dtype.type(ret / rcount)
/mnt/data/user_liangzhiyu/envs/fedcsl/lib/python3.8/site-packages/numpy/core/fromnumeric.py:3432: RuntimeWarning: Mean of empty slice.
  return _methods._mean(a, axis=axis, dtype=dtype,
/mnt/data/user_liangzhiyu/envs/fedcsl/lib/python3.8/site-packages/numpy/core/_methods.py:190: RuntimeWarning: invalid value encountered in double_scalars
  ret = ret.dtype.type(ret / rcount)
/mnt/data/user_liangzhiyu/envs/fedcsl/lib/python3.8/site-packages/numpy/core/fromnumeric.py:3432: RuntimeWarning: Mean of empty slice.
  return _methods._mean(a, axis=axis, dtype=dtype,
/mnt/data/user_liangzhiyu/envs/fedcsl/lib/python3.8/site-packages/numpy/core/_methods.py:190: RuntimeWarning: invalid value encountered in double_scalars
  ret = ret.dtype.type(ret / rcount)
/mnt/data/user_liangzhiyu/envs/fedcsl/lib/python3.8/site-packages/numpy/core/fromnumeric.py:3432: RuntimeWarning: Mean of empty slice.
  return _methods._mean(a, axis=axis, dtype=dtype,
/mnt/data/user_liangzhiyu/envs/fedcsl/lib/python3.8/site-packages/numpy/core/_methods.py:190: RuntimeWarning: invalid value encountered in double_scalars
  ret = ret.dtype.type(ret / rcount)
/mnt/data/user_liangzhiyu/envs/fedcsl/lib/python3.8/site-packages/numpy/core/fromnumeric.py:3432: RuntimeWarning: Mean of empty slice.
  return _methods._mean(a, axis=axis, dtype=dtype,
/mnt/data/user_liangzhiyu/envs/fedcsl/lib/python3.8/site-packages/numpy/core/_methods.py:190: RuntimeWarning: invalid value encountered in double_scalars
  ret = ret.dtype.type(ret / rcount)
/mnt/data/user_liangzhiyu/envs/fedcsl/lib/python3.8/site-packages/numpy/core/fromnumeric.py:3432: RuntimeWarning: Mean of empty slice.
  return _methods._mean(a, axis=axis, dtype=dtype,
/mnt/data/user_liangzhiyu/envs/fedcsl/lib/python3.8/site-packages/numpy/core/_methods.py:190: RuntimeWarning: invalid value encountered in double_scalars
  ret = ret.dtype.type(ret / rcount)
/mnt/data/user_liangzhiyu/envs/fedcsl/lib/python3.8/site-packages/numpy/core/fromnumeric.py:3432: RuntimeWarning: Mean of empty slice.
  return _methods._mean(a, axis=axis, dtype=dtype,
/mnt/data/user_liangzhiyu/envs/fedcsl/lib/python3.8/site-packages/numpy/core/_methods.py:190: RuntimeWarning: invalid value encountered in double_scalars
  ret = ret.dtype.type(ret / rcount)
/mnt/data/user_liangzhiyu/envs/fedcsl/lib/python3.8/site-packages/numpy/core/fromnumeric.py:3432: RuntimeWarning: Mean of empty slice.
  return _methods._mean(a, axis=axis, dtype=dtype,
/mnt/data/user_liangzhiyu/envs/fedcsl/lib/python3.8/site-packages/numpy/core/_methods.py:190: RuntimeWarning: invalid value encountered in double_scalars
  ret = ret.dtype.type(ret / rcount)
/mnt/data/user_liangzhiyu/envs/fedcsl/lib/python3.8/site-packages/numpy/core/fromnumeric.py:3432: RuntimeWarning: Mean of empty slice.
  return _methods._mean(a, axis=axis, dtype=dtype,
/mnt/data/user_liangzhiyu/envs/fedcsl/lib/python3.8/site-packages/numpy/core/_methods.py:190: RuntimeWarning: invalid value encountered in double_scalars
  ret = ret.dtype.type(ret / rcount)
/mnt/data/user_liangzhiyu/envs/fedcsl/lib/python3.8/site-packages/numpy/core/fromnumeric.py:3432: RuntimeWarning: Mean of empty slice.
  return _methods._mean(a, axis=axis, dtype=dtype,
/mnt/data/user_liangzhiyu/envs/fedcsl/lib/python3.8/site-packages/numpy/core/_methods.py:190: RuntimeWarning: invalid value encountered in double_scalars
  ret = ret.dtype.type(ret / rcount)
/mnt/data/user_liangzhiyu/envs/fedcsl/lib/python3.8/site-packages/numpy/core/fromnumeric.py:3432: RuntimeWarning: Mean of empty slice.
  return _methods._mean(a, axis=axis, dtype=dtype,
/mnt/data/user_liangzhiyu/envs/fedcsl/lib/python3.8/site-packages/numpy/core/_methods.py:190: RuntimeWarning: invalid value encountered in double_scalars
  ret = ret.dtype.type(ret / rcount)
/mnt/data/user_liangzhiyu/envs/fedcsl/lib/python3.8/site-packages/numpy/core/fromnumeric.py:3432: RuntimeWarning: Mean of empty slice.
  return _methods._mean(a, axis=axis, dtype=dtype,
/mnt/data/user_liangzhiyu/envs/fedcsl/lib/python3.8/site-packages/numpy/core/_methods.py:190: RuntimeWarning: invalid value encountered in double_scalars
  ret = ret.dtype.type(ret / rcount)
/mnt/data/user_liangzhiyu/envs/fedcsl/lib/python3.8/site-packages/numpy/core/fromnumeric.py:3432: RuntimeWarning: Mean of empty slice.
  return _methods._mean(a, axis=axis, dtype=dtype,
/mnt/data/user_liangzhiyu/envs/fedcsl/lib/python3.8/site-packages/numpy/core/_methods.py:190: RuntimeWarning: invalid value encountered in double_scalars
  ret = ret.dtype.type(ret / rcount)
/mnt/data/user_liangzhiyu/envs/fedcsl/lib/python3.8/site-packages/numpy/core/fromnumeric.py:3432: RuntimeWarning: Mean of empty slice.
  return _methods._mean(a, axis=axis, dtype=dtype,
/mnt/data/user_liangzhiyu/envs/fedcsl/lib/python3.8/site-packages/numpy/core/_methods.py:190: RuntimeWarning: invalid value encountered in double_scalars
  ret = ret.dtype.type(ret / rcount)
/mnt/data/user_liangzhiyu/envs/fedcsl/lib/python3.8/site-packages/numpy/core/fromnumeric.py:3432: RuntimeWarning: Mean of empty slice.
  return _methods._mean(a, axis=axis, dtype=dtype,
/mnt/data/user_liangzhiyu/envs/fedcsl/lib/python3.8/site-packages/numpy/core/_methods.py:190: RuntimeWarning: invalid value encountered in double_scalars
  ret = ret.dtype.type(ret / rcount)
/mnt/data/user_liangzhiyu/envs/fedcsl/lib/python3.8/site-packages/numpy/core/fromnumeric.py:3432: RuntimeWarning: Mean of empty slice.
  return _methods._mean(a, axis=axis, dtype=dtype,
/mnt/data/user_liangzhiyu/envs/fedcsl/lib/python3.8/site-packages/numpy/core/_methods.py:190: RuntimeWarning: invalid value encountered in double_scalars
  ret = ret.dtype.type(ret / rcount)
/mnt/data/user_liangzhiyu/envs/fedcsl/lib/python3.8/site-packages/numpy/core/fromnumeric.py:3432: RuntimeWarning: Mean of empty slice.
  return _methods._mean(a, axis=axis, dtype=dtype,
/mnt/data/user_liangzhiyu/envs/fedcsl/lib/python3.8/site-packages/numpy/core/_methods.py:190: RuntimeWarning: invalid value encountered in double_scalars
  ret = ret.dtype.type(ret / rcount)
/mnt/data/user_liangzhiyu/envs/fedcsl/lib/python3.8/site-packages/numpy/core/fromnumeric.py:3432: RuntimeWarning: Mean of empty slice.
  return _methods._mean(a, axis=axis, dtype=dtype,
/mnt/data/user_liangzhiyu/envs/fedcsl/lib/python3.8/site-packages/numpy/core/_methods.py:190: RuntimeWarning: invalid value encountered in double_scalars
  ret = ret.dtype.type(ret / rcount)
/mnt/data/user_liangzhiyu/envs/fedcsl/lib/python3.8/site-packages/numpy/core/fromnumeric.py:3432: RuntimeWarning: Mean of empty slice.
  return _methods._mean(a, axis=axis, dtype=dtype,
/mnt/data/user_liangzhiyu/envs/fedcsl/lib/python3.8/site-packages/numpy/core/_methods.py:190: RuntimeWarning: invalid value encountered in double_scalars
  ret = ret.dtype.type(ret / rcount)
/mnt/data/user_liangzhiyu/envs/fedcsl/lib/python3.8/site-packages/numpy/core/fromnumeric.py:3432: RuntimeWarning: Mean of empty slice.
  return _methods._mean(a, axis=axis, dtype=dtype,
/mnt/data/user_liangzhiyu/envs/fedcsl/lib/python3.8/site-packages/numpy/core/_methods.py:190: RuntimeWarning: invalid value encountered in double_scalars
  ret = ret.dtype.type(ret / rcount)
/mnt/data/user_liangzhiyu/envs/fedcsl/lib/python3.8/site-packages/numpy/core/fromnumeric.py:3432: RuntimeWarning: Mean of empty slice.
  return _methods._mean(a, axis=axis, dtype=dtype,
/mnt/data/user_liangzhiyu/envs/fedcsl/lib/python3.8/site-packages/numpy/core/_methods.py:190: RuntimeWarning: invalid value encountered in double_scalars
  ret = ret.dtype.type(ret / rcount)
/mnt/data/user_liangzhiyu/envs/fedcsl/lib/python3.8/site-packages/numpy/core/fromnumeric.py:3432: RuntimeWarning: Mean of empty slice.
  return _methods._mean(a, axis=axis, dtype=dtype,
/mnt/data/user_liangzhiyu/envs/fedcsl/lib/python3.8/site-packages/numpy/core/_methods.py:190: RuntimeWarning: invalid value encountered in double_scalars
  ret = ret.dtype.type(ret / rcount)
/mnt/data/user_liangzhiyu/envs/fedcsl/lib/python3.8/site-packages/numpy/core/fromnumeric.py:3432: RuntimeWarning: Mean of empty slice.
  return _methods._mean(a, axis=axis, dtype=dtype,
/mnt/data/user_liangzhiyu/envs/fedcsl/lib/python3.8/site-packages/numpy/core/_methods.py:190: RuntimeWarning: invalid value encountered in double_scalars
  ret = ret.dtype.type(ret / rcount)
/mnt/data/user_liangzhiyu/envs/fedcsl/lib/python3.8/site-packages/numpy/core/fromnumeric.py:3432: RuntimeWarning: Mean of empty slice.
  return _methods._mean(a, axis=axis, dtype=dtype,
/mnt/data/user_liangzhiyu/envs/fedcsl/lib/python3.8/site-packages/numpy/core/_methods.py:190: RuntimeWarning: invalid value encountered in double_scalars
  ret = ret.dtype.type(ret / rcount)
/mnt/data/user_liangzhiyu/envs/fedcsl/lib/python3.8/site-packages/numpy/core/fromnumeric.py:3432: RuntimeWarning: Mean of empty slice.
  return _methods._mean(a, axis=axis, dtype=dtype,
/mnt/data/user_liangzhiyu/envs/fedcsl/lib/python3.8/site-packages/numpy/core/_methods.py:190: RuntimeWarning: invalid value encountered in double_scalars
  ret = ret.dtype.type(ret / rcount)
/mnt/data/user_liangzhiyu/envs/fedcsl/lib/python3.8/site-packages/numpy/core/fromnumeric.py:3432: RuntimeWarning: Mean of empty slice.
  return _methods._mean(a, axis=axis, dtype=dtype,
/mnt/data/user_liangzhiyu/envs/fedcsl/lib/python3.8/site-packages/numpy/core/_methods.py:190: RuntimeWarning: invalid value encountered in double_scalars
  ret = ret.dtype.type(ret / rcount)
/mnt/data/user_liangzhiyu/envs/fedcsl/lib/python3.8/site-packages/numpy/core/fromnumeric.py:3432: RuntimeWarning: Mean of empty slice.
  return _methods._mean(a, axis=axis, dtype=dtype,
/mnt/data/user_liangzhiyu/envs/fedcsl/lib/python3.8/site-packages/numpy/core/_methods.py:190: RuntimeWarning: invalid value encountered in double_scalars
  ret = ret.dtype.type(ret / rcount)
/mnt/data/user_liangzhiyu/envs/fedcsl/lib/python3.8/site-packages/numpy/core/fromnumeric.py:3432: RuntimeWarning: Mean of empty slice.
  return _methods._mean(a, axis=axis, dtype=dtype,
/mnt/data/user_liangzhiyu/envs/fedcsl/lib/python3.8/site-packages/numpy/core/_methods.py:190: RuntimeWarning: invalid value encountered in double_scalars
  ret = ret.dtype.type(ret / rcount)
/mnt/data/user_liangzhiyu/envs/fedcsl/lib/python3.8/site-packages/numpy/core/fromnumeric.py:3432: RuntimeWarning: Mean of empty slice.
  return _methods._mean(a, axis=axis, dtype=dtype,
/mnt/data/user_liangzhiyu/envs/fedcsl/lib/python3.8/site-packages/numpy/core/_methods.py:190: RuntimeWarning: invalid value encountered in double_scalars
  ret = ret.dtype.type(ret / rcount)
/mnt/data/user_liangzhiyu/envs/fedcsl/lib/python3.8/site-packages/numpy/core/fromnumeric.py:3432: RuntimeWarning: Mean of empty slice.
  return _methods._mean(a, axis=axis, dtype=dtype,
/mnt/data/user_liangzhiyu/envs/fedcsl/lib/python3.8/site-packages/numpy/core/_methods.py:190: RuntimeWarning: invalid value encountered in double_scalars
  ret = ret.dtype.type(ret / rcount)
/mnt/data/user_liangzhiyu/envs/fedcsl/lib/python3.8/site-packages/numpy/core/fromnumeric.py:3432: RuntimeWarning: Mean of empty slice.
  return _methods._mean(a, axis=axis, dtype=dtype,
/mnt/data/user_liangzhiyu/envs/fedcsl/lib/python3.8/site-packages/numpy/core/_methods.py:190: RuntimeWarning: invalid value encountered in double_scalars
  ret = ret.dtype.type(ret / rcount)
/mnt/data/user_liangzhiyu/envs/fedcsl/lib/python3.8/site-packages/numpy/core/fromnumeric.py:3432: RuntimeWarning: Mean of empty slice.
  return _methods._mean(a, axis=axis, dtype=dtype,
/mnt/data/user_liangzhiyu/envs/fedcsl/lib/python3.8/site-packages/numpy/core/_methods.py:190: RuntimeWarning: invalid value encountered in double_scalars
  ret = ret.dtype.type(ret / rcount)
/mnt/data/user_liangzhiyu/envs/fedcsl/lib/python3.8/site-packages/numpy/core/fromnumeric.py:3432: RuntimeWarning: Mean of empty slice.
  return _methods._mean(a, axis=axis, dtype=dtype,
/mnt/data/user_liangzhiyu/envs/fedcsl/lib/python3.8/site-packages/numpy/core/_methods.py:190: RuntimeWarning: invalid value encountered in double_scalars
  ret = ret.dtype.type(ret / rcount)
/mnt/data/user_liangzhiyu/envs/fedcsl/lib/python3.8/site-packages/numpy/core/fromnumeric.py:3432: RuntimeWarning: Mean of empty slice.
  return _methods._mean(a, axis=axis, dtype=dtype,
/mnt/data/user_liangzhiyu/envs/fedcsl/lib/python3.8/site-packages/numpy/core/_methods.py:190: RuntimeWarning: invalid value encountered in double_scalars
  ret = ret.dtype.type(ret / rcount)
/mnt/data/user_liangzhiyu/envs/fedcsl/lib/python3.8/site-packages/numpy/core/fromnumeric.py:3432: RuntimeWarning: Mean of empty slice.
  return _methods._mean(a, axis=axis, dtype=dtype,
/mnt/data/user_liangzhiyu/envs/fedcsl/lib/python3.8/site-packages/numpy/core/_methods.py:190: RuntimeWarning: invalid value encountered in double_scalars
  ret = ret.dtype.type(ret / rcount)
/mnt/data/user_liangzhiyu/envs/fedcsl/lib/python3.8/site-packages/numpy/core/fromnumeric.py:3432: RuntimeWarning: Mean of empty slice.
  return _methods._mean(a, axis=axis, dtype=dtype,
/mnt/data/user_liangzhiyu/envs/fedcsl/lib/python3.8/site-packages/numpy/core/_methods.py:190: RuntimeWarning: invalid value encountered in double_scalars
  ret = ret.dtype.type(ret / rcount)
/mnt/data/user_liangzhiyu/envs/fedcsl/lib/python3.8/site-packages/numpy/core/fromnumeric.py:3432: RuntimeWarning: Mean of empty slice.
  return _methods._mean(a, axis=axis, dtype=dtype,
/mnt/data/user_liangzhiyu/envs/fedcsl/lib/python3.8/site-packages/numpy/core/_methods.py:190: RuntimeWarning: invalid value encountered in double_scalars
  ret = ret.dtype.type(ret / rcount)
/mnt/data/user_liangzhiyu/envs/fedcsl/lib/python3.8/site-packages/numpy/core/fromnumeric.py:3432: RuntimeWarning: Mean of empty slice.
  return _methods._mean(a, axis=axis, dtype=dtype,
/mnt/data/user_liangzhiyu/envs/fedcsl/lib/python3.8/site-packages/numpy/core/_methods.py:190: RuntimeWarning: invalid value encountered in double_scalars
  ret = ret.dtype.type(ret / rcount)
/mnt/data/user_liangzhiyu/envs/fedcsl/lib/python3.8/site-packages/numpy/core/fromnumeric.py:3432: RuntimeWarning: Mean of empty slice.
  return _methods._mean(a, axis=axis, dtype=dtype,
/mnt/data/user_liangzhiyu/envs/fedcsl/lib/python3.8/site-packages/numpy/core/_methods.py:190: RuntimeWarning: invalid value encountered in double_scalars
  ret = ret.dtype.type(ret / rcount)
/mnt/data/user_liangzhiyu/envs/fedcsl/lib/python3.8/site-packages/numpy/core/fromnumeric.py:3432: RuntimeWarning: Mean of empty slice.
  return _methods._mean(a, axis=axis, dtype=dtype,
/mnt/data/user_liangzhiyu/envs/fedcsl/lib/python3.8/site-packages/numpy/core/_methods.py:190: RuntimeWarning: invalid value encountered in double_scalars
  ret = ret.dtype.type(ret / rcount)
/mnt/data/user_liangzhiyu/envs/fedcsl/lib/python3.8/site-packages/numpy/core/fromnumeric.py:3432: RuntimeWarning: Mean of empty slice.
  return _methods._mean(a, axis=axis, dtype=dtype,
/mnt/data/user_liangzhiyu/envs/fedcsl/lib/python3.8/site-packages/numpy/core/_methods.py:190: RuntimeWarning: invalid value encountered in double_scalars
  ret = ret.dtype.type(ret / rcount)
/mnt/data/user_liangzhiyu/envs/fedcsl/lib/python3.8/site-packages/numpy/core/fromnumeric.py:3432: RuntimeWarning: Mean of empty slice.
  return _methods._mean(a, axis=axis, dtype=dtype,
/mnt/data/user_liangzhiyu/envs/fedcsl/lib/python3.8/site-packages/numpy/core/_methods.py:190: RuntimeWarning: invalid value encountered in double_scalars
  ret = ret.dtype.type(ret / rcount)
/mnt/data/user_liangzhiyu/envs/fedcsl/lib/python3.8/site-packages/numpy/core/fromnumeric.py:3432: RuntimeWarning: Mean of empty slice.
  return _methods._mean(a, axis=axis, dtype=dtype,
/mnt/data/user_liangzhiyu/envs/fedcsl/lib/python3.8/site-packages/numpy/core/_methods.py:190: RuntimeWarning: invalid value encountered in double_scalars
  ret = ret.dtype.type(ret / rcount)
/mnt/data/user_liangzhiyu/envs/fedcsl/lib/python3.8/site-packages/numpy/core/fromnumeric.py:3432: RuntimeWarning: Mean of empty slice.
  return _methods._mean(a, axis=axis, dtype=dtype,
/mnt/data/user_liangzhiyu/envs/fedcsl/lib/python3.8/site-packages/numpy/core/_methods.py:190: RuntimeWarning: invalid value encountered in double_scalars
  ret = ret.dtype.type(ret / rcount)
/mnt/data/user_liangzhiyu/envs/fedcsl/lib/python3.8/site-packages/numpy/core/fromnumeric.py:3432: RuntimeWarning: Mean of empty slice.
  return _methods._mean(a, axis=axis, dtype=dtype,
/mnt/data/user_liangzhiyu/envs/fedcsl/lib/python3.8/site-packages/numpy/core/_methods.py:190: RuntimeWarning: invalid value encountered in double_scalars
  ret = ret.dtype.type(ret / rcount)
/mnt/data/user_liangzhiyu/envs/fedcsl/lib/python3.8/site-packages/numpy/core/fromnumeric.py:3432: RuntimeWarning: Mean of empty slice.
  return _methods._mean(a, axis=axis, dtype=dtype,
/mnt/data/user_liangzhiyu/envs/fedcsl/lib/python3.8/site-packages/numpy/core/_methods.py:190: RuntimeWarning: invalid value encountered in double_scalars
  ret = ret.dtype.type(ret / rcount)
/mnt/data/user_liangzhiyu/envs/fedcsl/lib/python3.8/site-packages/numpy/core/fromnumeric.py:3432: RuntimeWarning: Mean of empty slice.
  return _methods._mean(a, axis=axis, dtype=dtype,
/mnt/data/user_liangzhiyu/envs/fedcsl/lib/python3.8/site-packages/numpy/core/_methods.py:190: RuntimeWarning: invalid value encountered in double_scalars
  ret = ret.dtype.type(ret / rcount)
/mnt/data/user_liangzhiyu/envs/fedcsl/lib/python3.8/site-packages/numpy/core/fromnumeric.py:3432: RuntimeWarning: Mean of empty slice.
  return _methods._mean(a, axis=axis, dtype=dtype,
/mnt/data/user_liangzhiyu/envs/fedcsl/lib/python3.8/site-packages/numpy/core/_methods.py:190: RuntimeWarning: invalid value encountered in double_scalars
  ret = ret.dtype.type(ret / rcount)
(38, 8)
(56, 8)
[0.8976135  1.15235904 0.95002746]
Classification: 1.0 0.94375 163
(26, 8)
(38, 8)
(56, 8)
[0.8976135  1.15235904 0.95002746]
Classification: 1.0 0.94375 164
(26, 8)
(38, 8)
(56, 8)
[0.8976135  1.15235904 0.95002746]
Classification: 1.0 0.94375 165
(26, 8)
(38, 8)
(56, 8)
[0.8976135  1.15235904 0.95002746]
Classification: 1.0 0.94375 166
(26, 8)
(38, 8)
(56, 8)
[0.8976135  1.15235904 0.95002746]
Classification: 1.0 0.94375 167
(26, 8)
(38, 8)
(56, 8)
[0.8976135  1.15235904 0.95002746]
Classification: 1.0 0.94375 168
(26, 8)
(38, 8)
(56, 8)
[0.8976135  1.15235904 0.95002746]
Classification: 1.0 0.94375 169
(26, 8)
(38, 8)
(56, 8)
[0.8976135  1.15235904 0.95002746]
Classification: 1.0 0.94375 170
(26, 8)
(38, 8)
(56, 8)
[0.8976135  1.15235904 0.95002746]
Classification: 1.0 0.94375 171
(26, 8)
(38, 8)
(56, 8)
[0.8976135  1.15235904 0.95002746]
Classification: 1.0 0.94375 172
(26, 8)
(38, 8)
(56, 8)
[0.8976135  1.15235904 0.95002746]
Classification: 1.0 0.94375 173
(26, 8)
(38, 8)
(56, 8)
[0.8976135  1.15235904 0.95002746]
Classification: 1.0 0.94375 174
(26, 8)
(38, 8)
(56, 8)
[0.8976135  1.15235904 0.95002746]
Classification: 1.0 0.94375 175
(26, 8)
(38, 8)
(56, 8)
[0.8976135  1.15235904 0.95002746]
Classification: 1.0 0.94375 176
(26, 8)
(38, 8)
(56, 8)
[0.8976135  1.15235904 0.95002746]
Classification: 1.0 0.94375 177
(26, 8)
(38, 8)
(56, 8)
[0.8976135  1.15235904 0.95002746]
Classification: 1.0 0.94375 178
(26, 8)
(38, 8)
(56, 8)
[0.8976135  1.15235904 0.95002746]
Classification: 1.0 0.94375 179
(26, 8)
(38, 8)
(56, 8)
[0.8976135  1.15235904 0.95002746]
Classification: 1.0 0.94375 180
(26, 8)
(38, 8)
(56, 8)
[0.8976135  1.15235904 0.95002746]
Classification: 1.0 0.94375 181
(26, 8)
(38, 8)
(56, 8)
[0.8976135  1.15235904 0.95002746]
Classification: 1.0 0.94375 182
(26, 8)
(38, 8)
(56, 8)
[0.8976135  1.15235904 0.95002746]
Classification: 1.0 0.94375 183
(26, 8)
(38, 8)
(56, 8)
[0.8976135  1.15235904 0.95002746]
Classification: 1.0 0.94375 184
(26, 8)
(38, 8)
(56, 8)
[0.8976135  1.15235904 0.95002746]
Classification: 1.0 0.94375 185
(26, 8)
(38, 8)
(56, 8)
[0.8976135  1.15235904 0.95002746]
Classification: 1.0 0.94375 186
(26, 8)
(38, 8)
(56, 8)
[0.8976135  1.15235904 0.95002746]
Classification: 1.0 0.94375 187
(26, 8)
(38, 8)
(56, 8)
[0.8976135  1.15235904 0.95002746]
Classification: 1.0 0.94375 188
(26, 8)
(38, 8)
(56, 8)
[0.8976135  1.15235904 0.95002746]
Classification: 1.0 0.94375 189
(26, 8)
(38, 8)
(56, 8)
[0.8976135  1.15235904 0.95002746]
Classification: 1.0 0.94375 190
(26, 8)
(38, 8)
(56, 8)
[0.8976135  1.15235904 0.95002746]
Classification: 1.0 0.94375 191
(26, 8)
(38, 8)
(56, 8)
[0.8976135  1.15235904 0.95002746]
Classification: 1.0 0.94375 192
(26, 8)
(38, 8)
(56, 8)
[0.8976135  1.15235904 0.95002746]
Classification: 1.0 0.94375 193
(26, 8)
(38, 8)
(56, 8)
[0.8976135  1.15235904 0.95002746]
Classification: 1.0 0.94375 194
(26, 8)
(38, 8)
(56, 8)
[0.8976135  1.15235904 0.95002746]
Classification: 1.0 0.94375 195
(26, 8)
(38, 8)
(56, 8)
[0.8976135  1.15235904 0.95002746]
Classification: 1.0 0.94375 196
(26, 8)
(38, 8)
(56, 8)
[0.8976135  1.15235904 0.95002746]
Classification: 1.0 0.94375 197
(26, 8)
(38, 8)
(56, 8)
[0.8976135  1.15235904 0.95002746]
Classification: 1.0 0.94375 198
(26, 8)
(38, 8)
(56, 8)
[0.8976135  1.15235904 0.95002746]
Classification: 1.0 0.94375 199
(26, 8)
(38, 8)
(56, 8)
[0.8976135  1.15235904 0.95002746]
Classification: 1.0 0.94375 200
(26, 8)
(38, 8)
(56, 8)
[0.8976135  1.15235904 0.95002746]
Classification: 1.0 0.94375 201
(26, 8)
(38, 8)
(56, 8)
[0.8976135  1.15235904 0.95002746]
Classification: 1.0 0.94375 202
(26, 8)
(38, 8)
(56, 8)
[0.8976135  1.15235904 0.95002746]
Classification: 1.0 0.94375 203
(26, 8)
(38, 8)
(56, 8)
[0.8976135  1.15235904 0.95002746]
Classification: 1.0 0.94375 204
(26, 8)
(38, 8)
(56, 8)
[0.8976135  1.15235904 0.95002746]
Classification: 1.0 0.94375 205
(26, 8)
(38, 8)
(56, 8)
[0.8976135  1.15235904 0.95002746]
Classification: 1.0 0.94375 206
(26, 8)
(38, 8)
(56, 8)
[0.8976135  1.15235904 0.95002746]
Classification: 1.0 0.94375 207
(26, 8)
(38, 8)
(56, 8)
[0.8976135  1.15235904 0.95002746]
Classification: 1.0 0.94375 208
(26, 8)
(38, 8)
(56, 8)
[0.8976135  1.15235904 0.95002746]
Classification: 1.0 0.94375 209
(26, 8)
(38, 8)
(56, 8)
[0.8976135  1.15235904 0.95002746]
Classification: 1.0 0.94375 210
(26, 8)
(38, 8)
(56, 8)
[0.8976135  1.15235904 0.95002746]
Classification: 1.0 0.94375 211
(26, 8)
(38, 8)
(56, 8)
[0.8976135  1.15235904 0.95002746]
Classification: 1.0 0.94375 212
(26, 8)
(38, 8)
(56, 8)
[0.8976135  1.15235904 0.95002746]
Classification: 1.0 0.94375 213
(26, 8)
(38, 8)
(56, 8)
[0.8976135  1.15235904 0.95002746]
Classification: 1.0 0.94375 214
(26, 8)
(38, 8)
(56, 8)
[0.8976135  1.15235904 0.95002746]
Classification: 1.0 0.94375 215
(26, 8)
(38, 8)
(56, 8)
[0.8976135  1.15235904 0.95002746]
Classification: 1.0 0.94375 216
(26, 8)
(38, 8)
(56, 8)
[0.8976135  1.15235904 0.95002746]
Classification: 1.0 0.94375 217
(26, 8)
(38, 8)
(56, 8)
[0.8976135  1.15235904 0.95002746]
Classification: 1.0 0.94375 218
(26, 8)
(38, 8)
(56, 8)
[0.8976135  1.15235904 0.95002746]
Classification: 1.0 0.94375 219
(26, 8)
(38, 8)
(56, 8)
[0.8976135  1.15235904 0.95002746]
Classification: 1.0 0.94375 220
(26, 8)
(38, 8)
(56, 8)
[0.8976135  1.15235904 0.95002746]
Classification: 1.0 0.94375 221
(26, 8)
(38, 8)
(56, 8)
[0.8976135  1.15235904 0.95002746]
Classification: 1.0 0.94375 222
(26, 8)
(38, 8)
(56, 8)
[0.8976135  1.15235904 0.95002746]
Classification: 1.0 0.94375 223
(26, 8)
(38, 8)
(56, 8)
[0.8976135  1.15235904 0.95002746]
Classification: 1.0 0.94375 224
(26, 8)
(38, 8)
(56, 8)
[0.8976135  1.15235904 0.95002746]
Classification: 1.0 0.94375 225
(26, 8)
(38, 8)
(56, 8)
[0.8976135  1.15235904 0.95002746]
Classification: 1.0 0.94375 226
(26, 8)
(38, 8)
(56, 8)
[0.8976135  1.15235904 0.95002746]
Classification: 1.0 0.94375 227
(26, 8)
(38, 8)
(56, 8)
[0.8976135  1.15235904 0.95002746]
Classification: 1.0 0.94375 228
(26, 8)
(38, 8)
(56, 8)
[0.8976135  1.15235904 0.95002746]
Classification: 1.0 0.94375 229
(26, 8)
(38, 8)
(56, 8)
[0.8976135  1.15235904 0.95002746]
Classification: 1.0 0.94375 230
(26, 8)
(38, 8)
(56, 8)
[0.8976135  1.15235904 0.95002746]
Classification: 1.0 0.94375 231
(26, 8)
(38, 8)
(56, 8)
[0.8976135  1.15235904 0.95002746]
Classification: 1.0 0.94375 232
(26, 8)
(38, 8)
(56, 8)
[0.8976135  1.15235904 0.95002746]
Classification: 1.0 0.94375 233
(26, 8)
(38, 8)
(56, 8)
[0.8976135  1.15235904 0.95002746]
Classification: 1.0 0.94375 234
(26, 8)
(38, 8)
(56, 8)
[0.8976135  1.15235904 0.95002746]
Classification: 1.0 0.94375 235
(26, 8)
(38, 8)
(56, 8)
[0.8976135  1.15235904 0.95002746]
Classification: 1.0 0.94375 236
(26, 8)
(38, 8)
(56, 8)
[0.8976135  1.15235904 0.95002746]
Classification: 1.0 0.94375 237
(26, 8)
(38, 8)
(56, 8)
[0.8976135  1.15235904 0.95002746]
Classification: 1.0 0.94375 238
(26, 8)
(38, 8)
(56, 8)
[0.8976135  1.15235904 0.95002746]
Classification: 1.0 0.94375 239
(26, 8)
(38, 8)
(56, 8)
[0.8976135  1.15235904 0.95002746]
Classification: 1.0 0.94375 240
(26, 8)
(38, 8)
(56, 8)
[0.8976135  1.15235904 0.95002746]
Classification: 1.0 0.94375 241
(26, 8)
(38, 8)
(56, 8)
[0.8976135  1.15235904 0.95002746]
Classification: 1.0 0.94375 242
(26, 8)
(38, 8)
(56, 8)
[0.8976135  1.15235904 0.95002746]
Classification: 1.0 0.94375 243
(26, 8)
(38, 8)
(56, 8)
[0.8976135  1.15235904 0.95002746]
Classification: 1.0 0.94375 244
(26, 8)
(38, 8)
(56, 8)
[0.8976135  1.15235904 0.95002746]
Classification: 1.0 0.94375 245
(26, 8)
(38, 8)
(56, 8)
[0.8976135  1.15235904 0.95002746]
Classification: 1.0 0.94375 246
(26, 8)
(38, 8)
(56, 8)
[0.8976135  1.15235904 0.95002746]
Classification: 1.0 0.94375 247
(26, 8)
(38, 8)
(56, 8)
[0.8976135  1.15235904 0.95002746]
Classification: 1.0 0.94375 248
(26, 8)
(38, 8)
(56, 8)
[0.8976135  1.15235904 0.95002746]
Classification: 1.0 0.94375 249
(26, 8)
(38, 8)
(56, 8)
[0.8976135  1.15235904 0.95002746]
Classification: 1.0 0.94375 250
(26, 8)
(38, 8)
(56, 8)
[0.8976135  1.15235904 0.95002746]
Classification: 1.0 0.94375 251
(26, 8)
(38, 8)
(56, 8)
[0.8976135  1.15235904 0.95002746]
Classification: 1.0 0.94375 252
(26, 8)
/mnt/data/user_liangzhiyu/envs/fedcsl/lib/python3.8/site-packages/numpy/core/fromnumeric.py:3432: RuntimeWarning: Mean of empty slice.
  return _methods._mean(a, axis=axis, dtype=dtype,
/mnt/data/user_liangzhiyu/envs/fedcsl/lib/python3.8/site-packages/numpy/core/_methods.py:190: RuntimeWarning: invalid value encountered in double_scalars
  ret = ret.dtype.type(ret / rcount)
/mnt/data/user_liangzhiyu/envs/fedcsl/lib/python3.8/site-packages/numpy/core/fromnumeric.py:3432: RuntimeWarning: Mean of empty slice.
  return _methods._mean(a, axis=axis, dtype=dtype,
/mnt/data/user_liangzhiyu/envs/fedcsl/lib/python3.8/site-packages/numpy/core/_methods.py:190: RuntimeWarning: invalid value encountered in double_scalars
  ret = ret.dtype.type(ret / rcount)
/mnt/data/user_liangzhiyu/envs/fedcsl/lib/python3.8/site-packages/numpy/core/fromnumeric.py:3432: RuntimeWarning: Mean of empty slice.
  return _methods._mean(a, axis=axis, dtype=dtype,
/mnt/data/user_liangzhiyu/envs/fedcsl/lib/python3.8/site-packages/numpy/core/_methods.py:190: RuntimeWarning: invalid value encountered in double_scalars
  ret = ret.dtype.type(ret / rcount)
/mnt/data/user_liangzhiyu/envs/fedcsl/lib/python3.8/site-packages/numpy/core/fromnumeric.py:3432: RuntimeWarning: Mean of empty slice.
  return _methods._mean(a, axis=axis, dtype=dtype,
/mnt/data/user_liangzhiyu/envs/fedcsl/lib/python3.8/site-packages/numpy/core/_methods.py:190: RuntimeWarning: invalid value encountered in double_scalars
  ret = ret.dtype.type(ret / rcount)
/mnt/data/user_liangzhiyu/envs/fedcsl/lib/python3.8/site-packages/numpy/core/fromnumeric.py:3432: RuntimeWarning: Mean of empty slice.
  return _methods._mean(a, axis=axis, dtype=dtype,
/mnt/data/user_liangzhiyu/envs/fedcsl/lib/python3.8/site-packages/numpy/core/_methods.py:190: RuntimeWarning: invalid value encountered in double_scalars
  ret = ret.dtype.type(ret / rcount)
/mnt/data/user_liangzhiyu/envs/fedcsl/lib/python3.8/site-packages/numpy/core/fromnumeric.py:3432: RuntimeWarning: Mean of empty slice.
  return _methods._mean(a, axis=axis, dtype=dtype,
/mnt/data/user_liangzhiyu/envs/fedcsl/lib/python3.8/site-packages/numpy/core/_methods.py:190: RuntimeWarning: invalid value encountered in double_scalars
  ret = ret.dtype.type(ret / rcount)
/mnt/data/user_liangzhiyu/envs/fedcsl/lib/python3.8/site-packages/numpy/core/fromnumeric.py:3432: RuntimeWarning: Mean of empty slice.
  return _methods._mean(a, axis=axis, dtype=dtype,
/mnt/data/user_liangzhiyu/envs/fedcsl/lib/python3.8/site-packages/numpy/core/_methods.py:190: RuntimeWarning: invalid value encountered in double_scalars
  ret = ret.dtype.type(ret / rcount)
/mnt/data/user_liangzhiyu/envs/fedcsl/lib/python3.8/site-packages/numpy/core/fromnumeric.py:3432: RuntimeWarning: Mean of empty slice.
  return _methods._mean(a, axis=axis, dtype=dtype,
/mnt/data/user_liangzhiyu/envs/fedcsl/lib/python3.8/site-packages/numpy/core/_methods.py:190: RuntimeWarning: invalid value encountered in double_scalars
  ret = ret.dtype.type(ret / rcount)
/mnt/data/user_liangzhiyu/envs/fedcsl/lib/python3.8/site-packages/numpy/core/fromnumeric.py:3432: RuntimeWarning: Mean of empty slice.
  return _methods._mean(a, axis=axis, dtype=dtype,
/mnt/data/user_liangzhiyu/envs/fedcsl/lib/python3.8/site-packages/numpy/core/_methods.py:190: RuntimeWarning: invalid value encountered in double_scalars
  ret = ret.dtype.type(ret / rcount)
/mnt/data/user_liangzhiyu/envs/fedcsl/lib/python3.8/site-packages/numpy/core/fromnumeric.py:3432: RuntimeWarning: Mean of empty slice.
  return _methods._mean(a, axis=axis, dtype=dtype,
/mnt/data/user_liangzhiyu/envs/fedcsl/lib/python3.8/site-packages/numpy/core/_methods.py:190: RuntimeWarning: invalid value encountered in double_scalars
  ret = ret.dtype.type(ret / rcount)
/mnt/data/user_liangzhiyu/envs/fedcsl/lib/python3.8/site-packages/numpy/core/fromnumeric.py:3432: RuntimeWarning: Mean of empty slice.
  return _methods._mean(a, axis=axis, dtype=dtype,
/mnt/data/user_liangzhiyu/envs/fedcsl/lib/python3.8/site-packages/numpy/core/_methods.py:190: RuntimeWarning: invalid value encountered in double_scalars
  ret = ret.dtype.type(ret / rcount)
/mnt/data/user_liangzhiyu/envs/fedcsl/lib/python3.8/site-packages/numpy/core/fromnumeric.py:3432: RuntimeWarning: Mean of empty slice.
  return _methods._mean(a, axis=axis, dtype=dtype,
/mnt/data/user_liangzhiyu/envs/fedcsl/lib/python3.8/site-packages/numpy/core/_methods.py:190: RuntimeWarning: invalid value encountered in double_scalars
  ret = ret.dtype.type(ret / rcount)
/mnt/data/user_liangzhiyu/envs/fedcsl/lib/python3.8/site-packages/numpy/core/fromnumeric.py:3432: RuntimeWarning: Mean of empty slice.
  return _methods._mean(a, axis=axis, dtype=dtype,
/mnt/data/user_liangzhiyu/envs/fedcsl/lib/python3.8/site-packages/numpy/core/_methods.py:190: RuntimeWarning: invalid value encountered in double_scalars
  ret = ret.dtype.type(ret / rcount)
/mnt/data/user_liangzhiyu/envs/fedcsl/lib/python3.8/site-packages/numpy/core/fromnumeric.py:3432: RuntimeWarning: Mean of empty slice.
  return _methods._mean(a, axis=axis, dtype=dtype,
/mnt/data/user_liangzhiyu/envs/fedcsl/lib/python3.8/site-packages/numpy/core/_methods.py:190: RuntimeWarning: invalid value encountered in double_scalars
  ret = ret.dtype.type(ret / rcount)
/mnt/data/user_liangzhiyu/envs/fedcsl/lib/python3.8/site-packages/numpy/core/fromnumeric.py:3432: RuntimeWarning: Mean of empty slice.
  return _methods._mean(a, axis=axis, dtype=dtype,
/mnt/data/user_liangzhiyu/envs/fedcsl/lib/python3.8/site-packages/numpy/core/_methods.py:190: RuntimeWarning: invalid value encountered in double_scalars
  ret = ret.dtype.type(ret / rcount)
/mnt/data/user_liangzhiyu/envs/fedcsl/lib/python3.8/site-packages/numpy/core/fromnumeric.py:3432: RuntimeWarning: Mean of empty slice.
  return _methods._mean(a, axis=axis, dtype=dtype,
/mnt/data/user_liangzhiyu/envs/fedcsl/lib/python3.8/site-packages/numpy/core/_methods.py:190: RuntimeWarning: invalid value encountered in double_scalars
  ret = ret.dtype.type(ret / rcount)
/mnt/data/user_liangzhiyu/envs/fedcsl/lib/python3.8/site-packages/numpy/core/fromnumeric.py:3432: RuntimeWarning: Mean of empty slice.
  return _methods._mean(a, axis=axis, dtype=dtype,
/mnt/data/user_liangzhiyu/envs/fedcsl/lib/python3.8/site-packages/numpy/core/_methods.py:190: RuntimeWarning: invalid value encountered in double_scalars
  ret = ret.dtype.type(ret / rcount)
/mnt/data/user_liangzhiyu/envs/fedcsl/lib/python3.8/site-packages/numpy/core/fromnumeric.py:3432: RuntimeWarning: Mean of empty slice.
  return _methods._mean(a, axis=axis, dtype=dtype,
/mnt/data/user_liangzhiyu/envs/fedcsl/lib/python3.8/site-packages/numpy/core/_methods.py:190: RuntimeWarning: invalid value encountered in double_scalars
  ret = ret.dtype.type(ret / rcount)
/mnt/data/user_liangzhiyu/envs/fedcsl/lib/python3.8/site-packages/numpy/core/fromnumeric.py:3432: RuntimeWarning: Mean of empty slice.
  return _methods._mean(a, axis=axis, dtype=dtype,
/mnt/data/user_liangzhiyu/envs/fedcsl/lib/python3.8/site-packages/numpy/core/_methods.py:190: RuntimeWarning: invalid value encountered in double_scalars
  ret = ret.dtype.type(ret / rcount)
/mnt/data/user_liangzhiyu/envs/fedcsl/lib/python3.8/site-packages/numpy/core/fromnumeric.py:3432: RuntimeWarning: Mean of empty slice.
  return _methods._mean(a, axis=axis, dtype=dtype,
/mnt/data/user_liangzhiyu/envs/fedcsl/lib/python3.8/site-packages/numpy/core/_methods.py:190: RuntimeWarning: invalid value encountered in double_scalars
  ret = ret.dtype.type(ret / rcount)
/mnt/data/user_liangzhiyu/envs/fedcsl/lib/python3.8/site-packages/numpy/core/fromnumeric.py:3432: RuntimeWarning: Mean of empty slice.
  return _methods._mean(a, axis=axis, dtype=dtype,
/mnt/data/user_liangzhiyu/envs/fedcsl/lib/python3.8/site-packages/numpy/core/_methods.py:190: RuntimeWarning: invalid value encountered in double_scalars
  ret = ret.dtype.type(ret / rcount)
/mnt/data/user_liangzhiyu/envs/fedcsl/lib/python3.8/site-packages/numpy/core/fromnumeric.py:3432: RuntimeWarning: Mean of empty slice.
  return _methods._mean(a, axis=axis, dtype=dtype,
/mnt/data/user_liangzhiyu/envs/fedcsl/lib/python3.8/site-packages/numpy/core/_methods.py:190: RuntimeWarning: invalid value encountered in double_scalars
  ret = ret.dtype.type(ret / rcount)
/mnt/data/user_liangzhiyu/envs/fedcsl/lib/python3.8/site-packages/numpy/core/fromnumeric.py:3432: RuntimeWarning: Mean of empty slice.
  return _methods._mean(a, axis=axis, dtype=dtype,
/mnt/data/user_liangzhiyu/envs/fedcsl/lib/python3.8/site-packages/numpy/core/_methods.py:190: RuntimeWarning: invalid value encountered in double_scalars
  ret = ret.dtype.type(ret / rcount)
/mnt/data/user_liangzhiyu/envs/fedcsl/lib/python3.8/site-packages/numpy/core/fromnumeric.py:3432: RuntimeWarning: Mean of empty slice.
  return _methods._mean(a, axis=axis, dtype=dtype,
/mnt/data/user_liangzhiyu/envs/fedcsl/lib/python3.8/site-packages/numpy/core/_methods.py:190: RuntimeWarning: invalid value encountered in double_scalars
  ret = ret.dtype.type(ret / rcount)
/mnt/data/user_liangzhiyu/envs/fedcsl/lib/python3.8/site-packages/numpy/core/fromnumeric.py:3432: RuntimeWarning: Mean of empty slice.
  return _methods._mean(a, axis=axis, dtype=dtype,
/mnt/data/user_liangzhiyu/envs/fedcsl/lib/python3.8/site-packages/numpy/core/_methods.py:190: RuntimeWarning: invalid value encountered in double_scalars
  ret = ret.dtype.type(ret / rcount)
/mnt/data/user_liangzhiyu/envs/fedcsl/lib/python3.8/site-packages/numpy/core/fromnumeric.py:3432: RuntimeWarning: Mean of empty slice.
  return _methods._mean(a, axis=axis, dtype=dtype,
/mnt/data/user_liangzhiyu/envs/fedcsl/lib/python3.8/site-packages/numpy/core/_methods.py:190: RuntimeWarning: invalid value encountered in double_scalars
  ret = ret.dtype.type(ret / rcount)
/mnt/data/user_liangzhiyu/envs/fedcsl/lib/python3.8/site-packages/numpy/core/fromnumeric.py:3432: RuntimeWarning: Mean of empty slice.
  return _methods._mean(a, axis=axis, dtype=dtype,
/mnt/data/user_liangzhiyu/envs/fedcsl/lib/python3.8/site-packages/numpy/core/_methods.py:190: RuntimeWarning: invalid value encountered in double_scalars
  ret = ret.dtype.type(ret / rcount)
/mnt/data/user_liangzhiyu/envs/fedcsl/lib/python3.8/site-packages/numpy/core/fromnumeric.py:3432: RuntimeWarning: Mean of empty slice.
  return _methods._mean(a, axis=axis, dtype=dtype,
/mnt/data/user_liangzhiyu/envs/fedcsl/lib/python3.8/site-packages/numpy/core/_methods.py:190: RuntimeWarning: invalid value encountered in double_scalars
  ret = ret.dtype.type(ret / rcount)
/mnt/data/user_liangzhiyu/envs/fedcsl/lib/python3.8/site-packages/numpy/core/fromnumeric.py:3432: RuntimeWarning: Mean of empty slice.
  return _methods._mean(a, axis=axis, dtype=dtype,
/mnt/data/user_liangzhiyu/envs/fedcsl/lib/python3.8/site-packages/numpy/core/_methods.py:190: RuntimeWarning: invalid value encountered in double_scalars
  ret = ret.dtype.type(ret / rcount)
/mnt/data/user_liangzhiyu/envs/fedcsl/lib/python3.8/site-packages/numpy/core/fromnumeric.py:3432: RuntimeWarning: Mean of empty slice.
  return _methods._mean(a, axis=axis, dtype=dtype,
/mnt/data/user_liangzhiyu/envs/fedcsl/lib/python3.8/site-packages/numpy/core/_methods.py:190: RuntimeWarning: invalid value encountered in double_scalars
  ret = ret.dtype.type(ret / rcount)
/mnt/data/user_liangzhiyu/envs/fedcsl/lib/python3.8/site-packages/numpy/core/fromnumeric.py:3432: RuntimeWarning: Mean of empty slice.
  return _methods._mean(a, axis=axis, dtype=dtype,
/mnt/data/user_liangzhiyu/envs/fedcsl/lib/python3.8/site-packages/numpy/core/_methods.py:190: RuntimeWarning: invalid value encountered in double_scalars
  ret = ret.dtype.type(ret / rcount)
/mnt/data/user_liangzhiyu/envs/fedcsl/lib/python3.8/site-packages/numpy/core/fromnumeric.py:3432: RuntimeWarning: Mean of empty slice.
  return _methods._mean(a, axis=axis, dtype=dtype,
/mnt/data/user_liangzhiyu/envs/fedcsl/lib/python3.8/site-packages/numpy/core/_methods.py:190: RuntimeWarning: invalid value encountered in double_scalars
  ret = ret.dtype.type(ret / rcount)
/mnt/data/user_liangzhiyu/envs/fedcsl/lib/python3.8/site-packages/numpy/core/fromnumeric.py:3432: RuntimeWarning: Mean of empty slice.
  return _methods._mean(a, axis=axis, dtype=dtype,
/mnt/data/user_liangzhiyu/envs/fedcsl/lib/python3.8/site-packages/numpy/core/_methods.py:190: RuntimeWarning: invalid value encountered in double_scalars
  ret = ret.dtype.type(ret / rcount)
/mnt/data/user_liangzhiyu/envs/fedcsl/lib/python3.8/site-packages/numpy/core/fromnumeric.py:3432: RuntimeWarning: Mean of empty slice.
  return _methods._mean(a, axis=axis, dtype=dtype,
/mnt/data/user_liangzhiyu/envs/fedcsl/lib/python3.8/site-packages/numpy/core/_methods.py:190: RuntimeWarning: invalid value encountered in double_scalars
  ret = ret.dtype.type(ret / rcount)
/mnt/data/user_liangzhiyu/envs/fedcsl/lib/python3.8/site-packages/numpy/core/fromnumeric.py:3432: RuntimeWarning: Mean of empty slice.
  return _methods._mean(a, axis=axis, dtype=dtype,
/mnt/data/user_liangzhiyu/envs/fedcsl/lib/python3.8/site-packages/numpy/core/_methods.py:190: RuntimeWarning: invalid value encountered in double_scalars
  ret = ret.dtype.type(ret / rcount)
/mnt/data/user_liangzhiyu/envs/fedcsl/lib/python3.8/site-packages/numpy/core/fromnumeric.py:3432: RuntimeWarning: Mean of empty slice.
  return _methods._mean(a, axis=axis, dtype=dtype,
/mnt/data/user_liangzhiyu/envs/fedcsl/lib/python3.8/site-packages/numpy/core/_methods.py:190: RuntimeWarning: invalid value encountered in double_scalars
  ret = ret.dtype.type(ret / rcount)
/mnt/data/user_liangzhiyu/envs/fedcsl/lib/python3.8/site-packages/numpy/core/fromnumeric.py:3432: RuntimeWarning: Mean of empty slice.
  return _methods._mean(a, axis=axis, dtype=dtype,
/mnt/data/user_liangzhiyu/envs/fedcsl/lib/python3.8/site-packages/numpy/core/_methods.py:190: RuntimeWarning: invalid value encountered in double_scalars
  ret = ret.dtype.type(ret / rcount)
/mnt/data/user_liangzhiyu/envs/fedcsl/lib/python3.8/site-packages/numpy/core/fromnumeric.py:3432: RuntimeWarning: Mean of empty slice.
  return _methods._mean(a, axis=axis, dtype=dtype,
/mnt/data/user_liangzhiyu/envs/fedcsl/lib/python3.8/site-packages/numpy/core/_methods.py:190: RuntimeWarning: invalid value encountered in double_scalars
  ret = ret.dtype.type(ret / rcount)
/mnt/data/user_liangzhiyu/envs/fedcsl/lib/python3.8/site-packages/numpy/core/fromnumeric.py:3432: RuntimeWarning: Mean of empty slice.
  return _methods._mean(a, axis=axis, dtype=dtype,
/mnt/data/user_liangzhiyu/envs/fedcsl/lib/python3.8/site-packages/numpy/core/_methods.py:190: RuntimeWarning: invalid value encountered in double_scalars
  ret = ret.dtype.type(ret / rcount)
/mnt/data/user_liangzhiyu/envs/fedcsl/lib/python3.8/site-packages/numpy/core/fromnumeric.py:3432: RuntimeWarning: Mean of empty slice.
  return _methods._mean(a, axis=axis, dtype=dtype,
/mnt/data/user_liangzhiyu/envs/fedcsl/lib/python3.8/site-packages/numpy/core/_methods.py:190: RuntimeWarning: invalid value encountered in double_scalars
  ret = ret.dtype.type(ret / rcount)
/mnt/data/user_liangzhiyu/envs/fedcsl/lib/python3.8/site-packages/numpy/core/fromnumeric.py:3432: RuntimeWarning: Mean of empty slice.
  return _methods._mean(a, axis=axis, dtype=dtype,
/mnt/data/user_liangzhiyu/envs/fedcsl/lib/python3.8/site-packages/numpy/core/_methods.py:190: RuntimeWarning: invalid value encountered in double_scalars
  ret = ret.dtype.type(ret / rcount)
/mnt/data/user_liangzhiyu/envs/fedcsl/lib/python3.8/site-packages/numpy/core/fromnumeric.py:3432: RuntimeWarning: Mean of empty slice.
  return _methods._mean(a, axis=axis, dtype=dtype,
/mnt/data/user_liangzhiyu/envs/fedcsl/lib/python3.8/site-packages/numpy/core/_methods.py:190: RuntimeWarning: invalid value encountered in double_scalars
  ret = ret.dtype.type(ret / rcount)
/mnt/data/user_liangzhiyu/envs/fedcsl/lib/python3.8/site-packages/numpy/core/fromnumeric.py:3432: RuntimeWarning: Mean of empty slice.
  return _methods._mean(a, axis=axis, dtype=dtype,
/mnt/data/user_liangzhiyu/envs/fedcsl/lib/python3.8/site-packages/numpy/core/_methods.py:190: RuntimeWarning: invalid value encountered in double_scalars
  ret = ret.dtype.type(ret / rcount)
/mnt/data/user_liangzhiyu/envs/fedcsl/lib/python3.8/site-packages/numpy/core/fromnumeric.py:3432: RuntimeWarning: Mean of empty slice.
  return _methods._mean(a, axis=axis, dtype=dtype,
/mnt/data/user_liangzhiyu/envs/fedcsl/lib/python3.8/site-packages/numpy/core/_methods.py:190: RuntimeWarning: invalid value encountered in double_scalars
  ret = ret.dtype.type(ret / rcount)
/mnt/data/user_liangzhiyu/envs/fedcsl/lib/python3.8/site-packages/numpy/core/fromnumeric.py:3432: RuntimeWarning: Mean of empty slice.
  return _methods._mean(a, axis=axis, dtype=dtype,
/mnt/data/user_liangzhiyu/envs/fedcsl/lib/python3.8/site-packages/numpy/core/_methods.py:190: RuntimeWarning: invalid value encountered in double_scalars
  ret = ret.dtype.type(ret / rcount)
/mnt/data/user_liangzhiyu/envs/fedcsl/lib/python3.8/site-packages/numpy/core/fromnumeric.py:3432: RuntimeWarning: Mean of empty slice.
  return _methods._mean(a, axis=axis, dtype=dtype,
/mnt/data/user_liangzhiyu/envs/fedcsl/lib/python3.8/site-packages/numpy/core/_methods.py:190: RuntimeWarning: invalid value encountered in double_scalars
  ret = ret.dtype.type(ret / rcount)
/mnt/data/user_liangzhiyu/envs/fedcsl/lib/python3.8/site-packages/numpy/core/fromnumeric.py:3432: RuntimeWarning: Mean of empty slice.
  return _methods._mean(a, axis=axis, dtype=dtype,
/mnt/data/user_liangzhiyu/envs/fedcsl/lib/python3.8/site-packages/numpy/core/_methods.py:190: RuntimeWarning: invalid value encountered in double_scalars
  ret = ret.dtype.type(ret / rcount)
/mnt/data/user_liangzhiyu/envs/fedcsl/lib/python3.8/site-packages/numpy/core/fromnumeric.py:3432: RuntimeWarning: Mean of empty slice.
  return _methods._mean(a, axis=axis, dtype=dtype,
/mnt/data/user_liangzhiyu/envs/fedcsl/lib/python3.8/site-packages/numpy/core/_methods.py:190: RuntimeWarning: invalid value encountered in double_scalars
  ret = ret.dtype.type(ret / rcount)
/mnt/data/user_liangzhiyu/envs/fedcsl/lib/python3.8/site-packages/numpy/core/fromnumeric.py:3432: RuntimeWarning: Mean of empty slice.
  return _methods._mean(a, axis=axis, dtype=dtype,
/mnt/data/user_liangzhiyu/envs/fedcsl/lib/python3.8/site-packages/numpy/core/_methods.py:190: RuntimeWarning: invalid value encountered in double_scalars
  ret = ret.dtype.type(ret / rcount)
/mnt/data/user_liangzhiyu/envs/fedcsl/lib/python3.8/site-packages/numpy/core/fromnumeric.py:3432: RuntimeWarning: Mean of empty slice.
  return _methods._mean(a, axis=axis, dtype=dtype,
/mnt/data/user_liangzhiyu/envs/fedcsl/lib/python3.8/site-packages/numpy/core/_methods.py:190: RuntimeWarning: invalid value encountered in double_scalars
  ret = ret.dtype.type(ret / rcount)
/mnt/data/user_liangzhiyu/envs/fedcsl/lib/python3.8/site-packages/numpy/core/fromnumeric.py:3432: RuntimeWarning: Mean of empty slice.
  return _methods._mean(a, axis=axis, dtype=dtype,
/mnt/data/user_liangzhiyu/envs/fedcsl/lib/python3.8/site-packages/numpy/core/_methods.py:190: RuntimeWarning: invalid value encountered in double_scalars
  ret = ret.dtype.type(ret / rcount)
/mnt/data/user_liangzhiyu/envs/fedcsl/lib/python3.8/site-packages/numpy/core/fromnumeric.py:3432: RuntimeWarning: Mean of empty slice.
  return _methods._mean(a, axis=axis, dtype=dtype,
/mnt/data/user_liangzhiyu/envs/fedcsl/lib/python3.8/site-packages/numpy/core/_methods.py:190: RuntimeWarning: invalid value encountered in double_scalars
  ret = ret.dtype.type(ret / rcount)
/mnt/data/user_liangzhiyu/envs/fedcsl/lib/python3.8/site-packages/numpy/core/fromnumeric.py:3432: RuntimeWarning: Mean of empty slice.
  return _methods._mean(a, axis=axis, dtype=dtype,
/mnt/data/user_liangzhiyu/envs/fedcsl/lib/python3.8/site-packages/numpy/core/_methods.py:190: RuntimeWarning: invalid value encountered in double_scalars
  ret = ret.dtype.type(ret / rcount)
/mnt/data/user_liangzhiyu/envs/fedcsl/lib/python3.8/site-packages/numpy/core/fromnumeric.py:3432: RuntimeWarning: Mean of empty slice.
  return _methods._mean(a, axis=axis, dtype=dtype,
/mnt/data/user_liangzhiyu/envs/fedcsl/lib/python3.8/site-packages/numpy/core/_methods.py:190: RuntimeWarning: invalid value encountered in double_scalars
  ret = ret.dtype.type(ret / rcount)
/mnt/data/user_liangzhiyu/envs/fedcsl/lib/python3.8/site-packages/numpy/core/fromnumeric.py:3432: RuntimeWarning: Mean of empty slice.
  return _methods._mean(a, axis=axis, dtype=dtype,
/mnt/data/user_liangzhiyu/envs/fedcsl/lib/python3.8/site-packages/numpy/core/_methods.py:190: RuntimeWarning: invalid value encountered in double_scalars
  ret = ret.dtype.type(ret / rcount)
/mnt/data/user_liangzhiyu/envs/fedcsl/lib/python3.8/site-packages/numpy/core/fromnumeric.py:3432: RuntimeWarning: Mean of empty slice.
  return _methods._mean(a, axis=axis, dtype=dtype,
/mnt/data/user_liangzhiyu/envs/fedcsl/lib/python3.8/site-packages/numpy/core/_methods.py:190: RuntimeWarning: invalid value encountered in double_scalars
  ret = ret.dtype.type(ret / rcount)
/mnt/data/user_liangzhiyu/envs/fedcsl/lib/python3.8/site-packages/numpy/core/fromnumeric.py:3432: RuntimeWarning: Mean of empty slice.
  return _methods._mean(a, axis=axis, dtype=dtype,
/mnt/data/user_liangzhiyu/envs/fedcsl/lib/python3.8/site-packages/numpy/core/_methods.py:190: RuntimeWarning: invalid value encountered in double_scalars
  ret = ret.dtype.type(ret / rcount)
/mnt/data/user_liangzhiyu/envs/fedcsl/lib/python3.8/site-packages/numpy/core/fromnumeric.py:3432: RuntimeWarning: Mean of empty slice.
  return _methods._mean(a, axis=axis, dtype=dtype,
/mnt/data/user_liangzhiyu/envs/fedcsl/lib/python3.8/site-packages/numpy/core/_methods.py:190: RuntimeWarning: invalid value encountered in double_scalars
  ret = ret.dtype.type(ret / rcount)
/mnt/data/user_liangzhiyu/envs/fedcsl/lib/python3.8/site-packages/numpy/core/fromnumeric.py:3432: RuntimeWarning: Mean of empty slice.
  return _methods._mean(a, axis=axis, dtype=dtype,
/mnt/data/user_liangzhiyu/envs/fedcsl/lib/python3.8/site-packages/numpy/core/_methods.py:190: RuntimeWarning: invalid value encountered in double_scalars
  ret = ret.dtype.type(ret / rcount)
/mnt/data/user_liangzhiyu/envs/fedcsl/lib/python3.8/site-packages/numpy/core/fromnumeric.py:3432: RuntimeWarning: Mean of empty slice.
  return _methods._mean(a, axis=axis, dtype=dtype,
/mnt/data/user_liangzhiyu/envs/fedcsl/lib/python3.8/site-packages/numpy/core/_methods.py:190: RuntimeWarning: invalid value encountered in double_scalars
  ret = ret.dtype.type(ret / rcount)
/mnt/data/user_liangzhiyu/envs/fedcsl/lib/python3.8/site-packages/numpy/core/fromnumeric.py:3432: RuntimeWarning: Mean of empty slice.
  return _methods._mean(a, axis=axis, dtype=dtype,
/mnt/data/user_liangzhiyu/envs/fedcsl/lib/python3.8/site-packages/numpy/core/_methods.py:190: RuntimeWarning: invalid value encountered in double_scalars
  ret = ret.dtype.type(ret / rcount)
/mnt/data/user_liangzhiyu/envs/fedcsl/lib/python3.8/site-packages/numpy/core/fromnumeric.py:3432: RuntimeWarning: Mean of empty slice.
  return _methods._mean(a, axis=axis, dtype=dtype,
/mnt/data/user_liangzhiyu/envs/fedcsl/lib/python3.8/site-packages/numpy/core/_methods.py:190: RuntimeWarning: invalid value encountered in double_scalars
  ret = ret.dtype.type(ret / rcount)
/mnt/data/user_liangzhiyu/envs/fedcsl/lib/python3.8/site-packages/numpy/core/fromnumeric.py:3432: RuntimeWarning: Mean of empty slice.
  return _methods._mean(a, axis=axis, dtype=dtype,
/mnt/data/user_liangzhiyu/envs/fedcsl/lib/python3.8/site-packages/numpy/core/_methods.py:190: RuntimeWarning: invalid value encountered in double_scalars
  ret = ret.dtype.type(ret / rcount)
/mnt/data/user_liangzhiyu/envs/fedcsl/lib/python3.8/site-packages/numpy/core/fromnumeric.py:3432: RuntimeWarning: Mean of empty slice.
  return _methods._mean(a, axis=axis, dtype=dtype,
/mnt/data/user_liangzhiyu/envs/fedcsl/lib/python3.8/site-packages/numpy/core/_methods.py:190: RuntimeWarning: invalid value encountered in double_scalars
  ret = ret.dtype.type(ret / rcount)
/mnt/data/user_liangzhiyu/envs/fedcsl/lib/python3.8/site-packages/numpy/core/fromnumeric.py:3432: RuntimeWarning: Mean of empty slice.
  return _methods._mean(a, axis=axis, dtype=dtype,
/mnt/data/user_liangzhiyu/envs/fedcsl/lib/python3.8/site-packages/numpy/core/_methods.py:190: RuntimeWarning: invalid value encountered in double_scalars
  ret = ret.dtype.type(ret / rcount)
/mnt/data/user_liangzhiyu/envs/fedcsl/lib/python3.8/site-packages/numpy/core/fromnumeric.py:3432: RuntimeWarning: Mean of empty slice.
  return _methods._mean(a, axis=axis, dtype=dtype,
/mnt/data/user_liangzhiyu/envs/fedcsl/lib/python3.8/site-packages/numpy/core/_methods.py:190: RuntimeWarning: invalid value encountered in double_scalars
  ret = ret.dtype.type(ret / rcount)
/mnt/data/user_liangzhiyu/envs/fedcsl/lib/python3.8/site-packages/numpy/core/fromnumeric.py:3432: RuntimeWarning: Mean of empty slice.
  return _methods._mean(a, axis=axis, dtype=dtype,
/mnt/data/user_liangzhiyu/envs/fedcsl/lib/python3.8/site-packages/numpy/core/_methods.py:190: RuntimeWarning: invalid value encountered in double_scalars
  ret = ret.dtype.type(ret / rcount)
/mnt/data/user_liangzhiyu/envs/fedcsl/lib/python3.8/site-packages/numpy/core/fromnumeric.py:3432: RuntimeWarning: Mean of empty slice.
  return _methods._mean(a, axis=axis, dtype=dtype,
/mnt/data/user_liangzhiyu/envs/fedcsl/lib/python3.8/site-packages/numpy/core/_methods.py:190: RuntimeWarning: invalid value encountered in double_scalars
  ret = ret.dtype.type(ret / rcount)
/mnt/data/user_liangzhiyu/envs/fedcsl/lib/python3.8/site-packages/numpy/core/fromnumeric.py:3432: RuntimeWarning: Mean of empty slice.
  return _methods._mean(a, axis=axis, dtype=dtype,
/mnt/data/user_liangzhiyu/envs/fedcsl/lib/python3.8/site-packages/numpy/core/_methods.py:190: RuntimeWarning: invalid value encountered in double_scalars
  ret = ret.dtype.type(ret / rcount)
/mnt/data/user_liangzhiyu/envs/fedcsl/lib/python3.8/site-packages/numpy/core/fromnumeric.py:3432: RuntimeWarning: Mean of empty slice.
  return _methods._mean(a, axis=axis, dtype=dtype,
/mnt/data/user_liangzhiyu/envs/fedcsl/lib/python3.8/site-packages/numpy/core/_methods.py:190: RuntimeWarning: invalid value encountered in double_scalars
  ret = ret.dtype.type(ret / rcount)
/mnt/data/user_liangzhiyu/envs/fedcsl/lib/python3.8/site-packages/numpy/core/fromnumeric.py:3432: RuntimeWarning: Mean of empty slice.
  return _methods._mean(a, axis=axis, dtype=dtype,
/mnt/data/user_liangzhiyu/envs/fedcsl/lib/python3.8/site-packages/numpy/core/_methods.py:190: RuntimeWarning: invalid value encountered in double_scalars
  ret = ret.dtype.type(ret / rcount)
/mnt/data/user_liangzhiyu/envs/fedcsl/lib/python3.8/site-packages/numpy/core/fromnumeric.py:3432: RuntimeWarning: Mean of empty slice.
  return _methods._mean(a, axis=axis, dtype=dtype,
/mnt/data/user_liangzhiyu/envs/fedcsl/lib/python3.8/site-packages/numpy/core/_methods.py:190: RuntimeWarning: invalid value encountered in double_scalars
  ret = ret.dtype.type(ret / rcount)
/mnt/data/user_liangzhiyu/envs/fedcsl/lib/python3.8/site-packages/numpy/core/fromnumeric.py:3432: RuntimeWarning: Mean of empty slice.
  return _methods._mean(a, axis=axis, dtype=dtype,
/mnt/data/user_liangzhiyu/envs/fedcsl/lib/python3.8/site-packages/numpy/core/_methods.py:190: RuntimeWarning: invalid value encountered in double_scalars
  ret = ret.dtype.type(ret / rcount)
/mnt/data/user_liangzhiyu/envs/fedcsl/lib/python3.8/site-packages/numpy/core/fromnumeric.py:3432: RuntimeWarning: Mean of empty slice.
  return _methods._mean(a, axis=axis, dtype=dtype,
/mnt/data/user_liangzhiyu/envs/fedcsl/lib/python3.8/site-packages/numpy/core/_methods.py:190: RuntimeWarning: invalid value encountered in double_scalars
  ret = ret.dtype.type(ret / rcount)
/mnt/data/user_liangzhiyu/envs/fedcsl/lib/python3.8/site-packages/numpy/core/fromnumeric.py:3432: RuntimeWarning: Mean of empty slice.
  return _methods._mean(a, axis=axis, dtype=dtype,
/mnt/data/user_liangzhiyu/envs/fedcsl/lib/python3.8/site-packages/numpy/core/_methods.py:190: RuntimeWarning: invalid value encountered in double_scalars
  ret = ret.dtype.type(ret / rcount)
/mnt/data/user_liangzhiyu/envs/fedcsl/lib/python3.8/site-packages/numpy/core/fromnumeric.py:3432: RuntimeWarning: Mean of empty slice.
  return _methods._mean(a, axis=axis, dtype=dtype,
/mnt/data/user_liangzhiyu/envs/fedcsl/lib/python3.8/site-packages/numpy/core/_methods.py:190: RuntimeWarning: invalid value encountered in double_scalars
  ret = ret.dtype.type(ret / rcount)
/mnt/data/user_liangzhiyu/envs/fedcsl/lib/python3.8/site-packages/numpy/core/fromnumeric.py:3432: RuntimeWarning: Mean of empty slice.
  return _methods._mean(a, axis=axis, dtype=dtype,
/mnt/data/user_liangzhiyu/envs/fedcsl/lib/python3.8/site-packages/numpy/core/_methods.py:190: RuntimeWarning: invalid value encountered in double_scalars
  ret = ret.dtype.type(ret / rcount)
/mnt/data/user_liangzhiyu/envs/fedcsl/lib/python3.8/site-packages/numpy/core/fromnumeric.py:3432: RuntimeWarning: Mean of empty slice.
  return _methods._mean(a, axis=axis, dtype=dtype,
/mnt/data/user_liangzhiyu/envs/fedcsl/lib/python3.8/site-packages/numpy/core/_methods.py:190: RuntimeWarning: invalid value encountered in double_scalars
  ret = ret.dtype.type(ret / rcount)
/mnt/data/user_liangzhiyu/envs/fedcsl/lib/python3.8/site-packages/numpy/core/fromnumeric.py:3432: RuntimeWarning: Mean of empty slice.
  return _methods._mean(a, axis=axis, dtype=dtype,
/mnt/data/user_liangzhiyu/envs/fedcsl/lib/python3.8/site-packages/numpy/core/_methods.py:190: RuntimeWarning: invalid value encountered in double_scalars
  ret = ret.dtype.type(ret / rcount)
/mnt/data/user_liangzhiyu/envs/fedcsl/lib/python3.8/site-packages/numpy/core/fromnumeric.py:3432: RuntimeWarning: Mean of empty slice.
  return _methods._mean(a, axis=axis, dtype=dtype,
/mnt/data/user_liangzhiyu/envs/fedcsl/lib/python3.8/site-packages/numpy/core/_methods.py:190: RuntimeWarning: invalid value encountered in double_scalars
  ret = ret.dtype.type(ret / rcount)
/mnt/data/user_liangzhiyu/envs/fedcsl/lib/python3.8/site-packages/numpy/core/fromnumeric.py:3432: RuntimeWarning: Mean of empty slice.
  return _methods._mean(a, axis=axis, dtype=dtype,
/mnt/data/user_liangzhiyu/envs/fedcsl/lib/python3.8/site-packages/numpy/core/_methods.py:190: RuntimeWarning: invalid value encountered in double_scalars
  ret = ret.dtype.type(ret / rcount)
/mnt/data/user_liangzhiyu/envs/fedcsl/lib/python3.8/site-packages/numpy/core/fromnumeric.py:3432: RuntimeWarning: Mean of empty slice.
  return _methods._mean(a, axis=axis, dtype=dtype,
/mnt/data/user_liangzhiyu/envs/fedcsl/lib/python3.8/site-packages/numpy/core/_methods.py:190: RuntimeWarning: invalid value encountered in double_scalars
  ret = ret.dtype.type(ret / rcount)
/mnt/data/user_liangzhiyu/envs/fedcsl/lib/python3.8/site-packages/numpy/core/fromnumeric.py:3432: RuntimeWarning: Mean of empty slice.
  return _methods._mean(a, axis=axis, dtype=dtype,
/mnt/data/user_liangzhiyu/envs/fedcsl/lib/python3.8/site-packages/numpy/core/_methods.py:190: RuntimeWarning: invalid value encountered in double_scalars
  ret = ret.dtype.type(ret / rcount)
/mnt/data/user_liangzhiyu/envs/fedcsl/lib/python3.8/site-packages/numpy/core/fromnumeric.py:3432: RuntimeWarning: Mean of empty slice.
  return _methods._mean(a, axis=axis, dtype=dtype,
/mnt/data/user_liangzhiyu/envs/fedcsl/lib/python3.8/site-packages/numpy/core/_methods.py:190: RuntimeWarning: invalid value encountered in double_scalars
  ret = ret.dtype.type(ret / rcount)
/mnt/data/user_liangzhiyu/envs/fedcsl/lib/python3.8/site-packages/numpy/core/fromnumeric.py:3432: RuntimeWarning: Mean of empty slice.
  return _methods._mean(a, axis=axis, dtype=dtype,
/mnt/data/user_liangzhiyu/envs/fedcsl/lib/python3.8/site-packages/numpy/core/_methods.py:190: RuntimeWarning: invalid value encountered in double_scalars
  ret = ret.dtype.type(ret / rcount)
/mnt/data/user_liangzhiyu/envs/fedcsl/lib/python3.8/site-packages/numpy/core/fromnumeric.py:3432: RuntimeWarning: Mean of empty slice.
  return _methods._mean(a, axis=axis, dtype=dtype,
/mnt/data/user_liangzhiyu/envs/fedcsl/lib/python3.8/site-packages/numpy/core/_methods.py:190: RuntimeWarning: invalid value encountered in double_scalars
  ret = ret.dtype.type(ret / rcount)
/mnt/data/user_liangzhiyu/envs/fedcsl/lib/python3.8/site-packages/numpy/core/fromnumeric.py:3432: RuntimeWarning: Mean of empty slice.
  return _methods._mean(a, axis=axis, dtype=dtype,
/mnt/data/user_liangzhiyu/envs/fedcsl/lib/python3.8/site-packages/numpy/core/_methods.py:190: RuntimeWarning: invalid value encountered in double_scalars
  ret = ret.dtype.type(ret / rcount)
/mnt/data/user_liangzhiyu/envs/fedcsl/lib/python3.8/site-packages/numpy/core/fromnumeric.py:3432: RuntimeWarning: Mean of empty slice.
  return _methods._mean(a, axis=axis, dtype=dtype,
/mnt/data/user_liangzhiyu/envs/fedcsl/lib/python3.8/site-packages/numpy/core/_methods.py:190: RuntimeWarning: invalid value encountered in double_scalars
  ret = ret.dtype.type(ret / rcount)
/mnt/data/user_liangzhiyu/envs/fedcsl/lib/python3.8/site-packages/numpy/core/fromnumeric.py:3432: RuntimeWarning: Mean of empty slice.
  return _methods._mean(a, axis=axis, dtype=dtype,
/mnt/data/user_liangzhiyu/envs/fedcsl/lib/python3.8/site-packages/numpy/core/_methods.py:190: RuntimeWarning: invalid value encountered in double_scalars
  ret = ret.dtype.type(ret / rcount)
/mnt/data/user_liangzhiyu/envs/fedcsl/lib/python3.8/site-packages/numpy/core/fromnumeric.py:3432: RuntimeWarning: Mean of empty slice.
  return _methods._mean(a, axis=axis, dtype=dtype,
/mnt/data/user_liangzhiyu/envs/fedcsl/lib/python3.8/site-packages/numpy/core/_methods.py:190: RuntimeWarning: invalid value encountered in double_scalars
  ret = ret.dtype.type(ret / rcount)
/mnt/data/user_liangzhiyu/envs/fedcsl/lib/python3.8/site-packages/numpy/core/fromnumeric.py:3432: RuntimeWarning: Mean of empty slice.
  return _methods._mean(a, axis=axis, dtype=dtype,
/mnt/data/user_liangzhiyu/envs/fedcsl/lib/python3.8/site-packages/numpy/core/_methods.py:190: RuntimeWarning: invalid value encountered in double_scalars
  ret = ret.dtype.type(ret / rcount)
/mnt/data/user_liangzhiyu/envs/fedcsl/lib/python3.8/site-packages/numpy/core/fromnumeric.py:3432: RuntimeWarning: Mean of empty slice.
  return _methods._mean(a, axis=axis, dtype=dtype,
/mnt/data/user_liangzhiyu/envs/fedcsl/lib/python3.8/site-packages/numpy/core/_methods.py:190: RuntimeWarning: invalid value encountered in double_scalars
  ret = ret.dtype.type(ret / rcount)
/mnt/data/user_liangzhiyu/envs/fedcsl/lib/python3.8/site-packages/numpy/core/fromnumeric.py:3432: RuntimeWarning: Mean of empty slice.
  return _methods._mean(a, axis=axis, dtype=dtype,
/mnt/data/user_liangzhiyu/envs/fedcsl/lib/python3.8/site-packages/numpy/core/_methods.py:190: RuntimeWarning: invalid value encountered in double_scalars
  ret = ret.dtype.type(ret / rcount)
/mnt/data/user_liangzhiyu/envs/fedcsl/lib/python3.8/site-packages/numpy/core/fromnumeric.py:3432: RuntimeWarning: Mean of empty slice.
  return _methods._mean(a, axis=axis, dtype=dtype,
/mnt/data/user_liangzhiyu/envs/fedcsl/lib/python3.8/site-packages/numpy/core/_methods.py:190: RuntimeWarning: invalid value encountered in double_scalars
  ret = ret.dtype.type(ret / rcount)
/mnt/data/user_liangzhiyu/envs/fedcsl/lib/python3.8/site-packages/numpy/core/fromnumeric.py:3432: RuntimeWarning: Mean of empty slice.
  return _methods._mean(a, axis=axis, dtype=dtype,
/mnt/data/user_liangzhiyu/envs/fedcsl/lib/python3.8/site-packages/numpy/core/_methods.py:190: RuntimeWarning: invalid value encountered in double_scalars
  ret = ret.dtype.type(ret / rcount)
/mnt/data/user_liangzhiyu/envs/fedcsl/lib/python3.8/site-packages/numpy/core/fromnumeric.py:3432: RuntimeWarning: Mean of empty slice.
  return _methods._mean(a, axis=axis, dtype=dtype,
/mnt/data/user_liangzhiyu/envs/fedcsl/lib/python3.8/site-packages/numpy/core/_methods.py:190: RuntimeWarning: invalid value encountered in double_scalars
  ret = ret.dtype.type(ret / rcount)
/mnt/data/user_liangzhiyu/envs/fedcsl/lib/python3.8/site-packages/numpy/core/fromnumeric.py:3432: RuntimeWarning: Mean of empty slice.
  return _methods._mean(a, axis=axis, dtype=dtype,
/mnt/data/user_liangzhiyu/envs/fedcsl/lib/python3.8/site-packages/numpy/core/_methods.py:190: RuntimeWarning: invalid value encountered in double_scalars
  ret = ret.dtype.type(ret / rcount)
/mnt/data/user_liangzhiyu/envs/fedcsl/lib/python3.8/site-packages/numpy/core/fromnumeric.py:3432: RuntimeWarning: Mean of empty slice.
  return _methods._mean(a, axis=axis, dtype=dtype,
/mnt/data/user_liangzhiyu/envs/fedcsl/lib/python3.8/site-packages/numpy/core/_methods.py:190: RuntimeWarning: invalid value encountered in double_scalars
  ret = ret.dtype.type(ret / rcount)
/mnt/data/user_liangzhiyu/envs/fedcsl/lib/python3.8/site-packages/numpy/core/fromnumeric.py:3432: RuntimeWarning: Mean of empty slice.
  return _methods._mean(a, axis=axis, dtype=dtype,
/mnt/data/user_liangzhiyu/envs/fedcsl/lib/python3.8/site-packages/numpy/core/_methods.py:190: RuntimeWarning: invalid value encountered in double_scalars
  ret = ret.dtype.type(ret / rcount)
/mnt/data/user_liangzhiyu/envs/fedcsl/lib/python3.8/site-packages/numpy/core/fromnumeric.py:3432: RuntimeWarning: Mean of empty slice.
  return _methods._mean(a, axis=axis, dtype=dtype,
/mnt/data/user_liangzhiyu/envs/fedcsl/lib/python3.8/site-packages/numpy/core/_methods.py:190: RuntimeWarning: invalid value encountered in double_scalars
  ret = ret.dtype.type(ret / rcount)
/mnt/data/user_liangzhiyu/envs/fedcsl/lib/python3.8/site-packages/numpy/core/fromnumeric.py:3432: RuntimeWarning: Mean of empty slice.
  return _methods._mean(a, axis=axis, dtype=dtype,
/mnt/data/user_liangzhiyu/envs/fedcsl/lib/python3.8/site-packages/numpy/core/_methods.py:190: RuntimeWarning: invalid value encountered in double_scalars
  ret = ret.dtype.type(ret / rcount)
/mnt/data/user_liangzhiyu/envs/fedcsl/lib/python3.8/site-packages/numpy/core/fromnumeric.py:3432: RuntimeWarning: Mean of empty slice.
  return _methods._mean(a, axis=axis, dtype=dtype,
/mnt/data/user_liangzhiyu/envs/fedcsl/lib/python3.8/site-packages/numpy/core/_methods.py:190: RuntimeWarning: invalid value encountered in double_scalars
  ret = ret.dtype.type(ret / rcount)
/mnt/data/user_liangzhiyu/envs/fedcsl/lib/python3.8/site-packages/numpy/core/fromnumeric.py:3432: RuntimeWarning: Mean of empty slice.
  return _methods._mean(a, axis=axis, dtype=dtype,
/mnt/data/user_liangzhiyu/envs/fedcsl/lib/python3.8/site-packages/numpy/core/_methods.py:190: RuntimeWarning: invalid value encountered in double_scalars
  ret = ret.dtype.type(ret / rcount)
/mnt/data/user_liangzhiyu/envs/fedcsl/lib/python3.8/site-packages/numpy/core/fromnumeric.py:3432: RuntimeWarning: Mean of empty slice.
  return _methods._mean(a, axis=axis, dtype=dtype,
/mnt/data/user_liangzhiyu/envs/fedcsl/lib/python3.8/site-packages/numpy/core/_methods.py:190: RuntimeWarning: invalid value encountered in double_scalars
  ret = ret.dtype.type(ret / rcount)
/mnt/data/user_liangzhiyu/envs/fedcsl/lib/python3.8/site-packages/numpy/core/fromnumeric.py:3432: RuntimeWarning: Mean of empty slice.
  return _methods._mean(a, axis=axis, dtype=dtype,
/mnt/data/user_liangzhiyu/envs/fedcsl/lib/python3.8/site-packages/numpy/core/_methods.py:190: RuntimeWarning: invalid value encountered in double_scalars
  ret = ret.dtype.type(ret / rcount)
/mnt/data/user_liangzhiyu/envs/fedcsl/lib/python3.8/site-packages/numpy/core/fromnumeric.py:3432: RuntimeWarning: Mean of empty slice.
  return _methods._mean(a, axis=axis, dtype=dtype,
/mnt/data/user_liangzhiyu/envs/fedcsl/lib/python3.8/site-packages/numpy/core/_methods.py:190: RuntimeWarning: invalid value encountered in double_scalars
  ret = ret.dtype.type(ret / rcount)
/mnt/data/user_liangzhiyu/envs/fedcsl/lib/python3.8/site-packages/numpy/core/fromnumeric.py:3432: RuntimeWarning: Mean of empty slice.
  return _methods._mean(a, axis=axis, dtype=dtype,
/mnt/data/user_liangzhiyu/envs/fedcsl/lib/python3.8/site-packages/numpy/core/_methods.py:190: RuntimeWarning: invalid value encountered in double_scalars
  ret = ret.dtype.type(ret / rcount)
/mnt/data/user_liangzhiyu/envs/fedcsl/lib/python3.8/site-packages/numpy/core/fromnumeric.py:3432: RuntimeWarning: Mean of empty slice.
  return _methods._mean(a, axis=axis, dtype=dtype,
(38, 8)
(56, 8)
[0.8976135  1.15235904 0.95002746]
Classification: 1.0 0.94375 253
(26, 8)
(38, 8)
(56, 8)
[0.8976135  1.15235904 0.95002746]
Classification: 1.0 0.94375 254
(26, 8)
(38, 8)
(56, 8)
[0.8976135  1.15235904 0.95002746]
Classification: 1.0 0.94375 255
(26, 8)
(38, 8)
(56, 8)
[0.8976135  1.15235904 0.95002746]
Classification: 1.0 0.94375 256
(26, 8)
(38, 8)
(56, 8)
[0.8976135  1.15235904 0.95002746]
Classification: 1.0 0.94375 257
(26, 8)
(38, 8)
(56, 8)
[0.8976135  1.15235904 0.95002746]
Classification: 1.0 0.94375 258
(26, 8)
(38, 8)
(56, 8)
[0.8976135  1.15235904 0.95002746]
Classification: 1.0 0.94375 259
(26, 8)
(38, 8)
(56, 8)
[0.8976135  1.15235904 0.95002746]
Classification: 1.0 0.94375 260
(26, 8)
(38, 8)
(56, 8)
[0.8976135  1.15235904 0.95002746]
Classification: 1.0 0.94375 261
(26, 8)
(38, 8)
(56, 8)
[0.8976135  1.15235904 0.95002746]
Classification: 1.0 0.94375 262
(26, 8)
(38, 8)
(56, 8)
[0.8976135  1.15235904 0.95002746]
Classification: 1.0 0.94375 263
(26, 8)
(38, 8)
(56, 8)
[0.8976135  1.15235904 0.95002746]
Classification: 1.0 0.94375 264
(26, 8)
(38, 8)
(56, 8)
[0.8976135  1.15235904 0.95002746]
Classification: 1.0 0.94375 265
(26, 8)
(38, 8)
(56, 8)
[0.8976135  1.15235904 0.95002746]
Classification: 1.0 0.94375 266
(26, 8)
(38, 8)
(56, 8)
[0.8976135  1.15235904 0.95002746]
Classification: 1.0 0.94375 267
(26, 8)
(38, 8)
(56, 8)
[0.8976135  1.15235904 0.95002746]
Classification: 1.0 0.94375 268
(26, 8)
(38, 8)
(56, 8)
[0.8976135  1.15235904 0.95002746]
Classification: 1.0 0.94375 269
(26, 8)
(38, 8)
(56, 8)
[0.8976135  1.15235904 0.95002746]
Classification: 1.0 0.94375 270
(26, 8)
(38, 8)
(56, 8)
[0.8976135  1.15235904 0.95002746]
Classification: 1.0 0.94375 271
(26, 8)
(38, 8)
(56, 8)
[0.8976135  1.15235904 0.95002746]
Classification: 1.0 0.94375 272
(26, 8)
(38, 8)
(56, 8)
[0.8976135  1.15235904 0.95002746]
Classification: 1.0 0.94375 273
(26, 8)
(38, 8)
(56, 8)
[0.8976135  1.15235904 0.95002746]
Classification: 1.0 0.94375 274
(26, 8)
(38, 8)
(56, 8)
[0.8976135  1.15235904 0.95002746]
Classification: 1.0 0.94375 275
(26, 8)
(38, 8)
(56, 8)
[0.8976135  1.15235904 0.95002746]
Classification: 1.0 0.94375 276
(26, 8)
(38, 8)
(56, 8)
[0.8976135  1.15235904 0.95002746]
Classification: 1.0 0.94375 277
(26, 8)
(38, 8)
(56, 8)
[0.8976135  1.15235904 0.95002746]
Classification: 1.0 0.94375 278
(26, 8)
(38, 8)
(56, 8)
[0.8976135  1.15235904 0.95002746]
Classification: 1.0 0.94375 279
(26, 8)
(38, 8)
(56, 8)
[0.8976135  1.15235904 0.95002746]
Classification: 1.0 0.94375 280
(26, 8)
(38, 8)
(56, 8)
[0.8976135  1.15235904 0.95002746]
Classification: 1.0 0.94375 281
(26, 8)
(38, 8)
(56, 8)
[0.8976135  1.15235904 0.95002746]
Classification: 1.0 0.94375 282
(26, 8)
(38, 8)
(56, 8)
[0.8976135  1.15235904 0.95002746]
Classification: 1.0 0.94375 283
(26, 8)
(38, 8)
(56, 8)
[0.8976135  1.15235904 0.95002746]
Classification: 1.0 0.94375 284
(26, 8)
(38, 8)
(56, 8)
[0.8976135  1.15235904 0.95002746]
Classification: 1.0 0.94375 285
(26, 8)
(38, 8)
(56, 8)
[0.8976135  1.15235904 0.95002746]
Classification: 1.0 0.94375 286
(26, 8)
(38, 8)
(56, 8)
[0.8976135  1.15235904 0.95002746]
Classification: 1.0 0.94375 287
(26, 8)
(38, 8)
(56, 8)
[0.8976135  1.15235904 0.95002746]
Classification: 1.0 0.94375 288
(26, 8)
(38, 8)
(56, 8)
[0.8976135  1.15235904 0.95002746]
Classification: 1.0 0.94375 289
(26, 8)
(38, 8)
(56, 8)
[0.8976135  1.15235904 0.95002746]
Classification: 1.0 0.94375 290
(26, 8)
(38, 8)
(56, 8)
[0.8976135  1.15235904 0.95002746]
Classification: 1.0 0.94375 291
(26, 8)
(38, 8)
(56, 8)
[0.8976135  1.15235904 0.95002746]
Classification: 1.0 0.94375 292
(26, 8)
(38, 8)
(56, 8)
[0.8976135  1.15235904 0.95002746]
Classification: 1.0 0.94375 293
(26, 8)
(38, 8)
(56, 8)
[0.8976135  1.15235904 0.95002746]
Classification: 1.0 0.94375 294
(26, 8)
(38, 8)
(56, 8)
[0.8976135  1.15235904 0.95002746]
Classification: 1.0 0.94375 295
(26, 8)
(38, 8)
(56, 8)
[0.8976135  1.15235904 0.95002746]
Classification: 1.0 0.94375 296
(26, 8)
(38, 8)
(56, 8)
[0.8976135  1.15235904 0.95002746]
Classification: 1.0 0.94375 297
(26, 8)
(38, 8)
(56, 8)
[0.8976135  1.15235904 0.95002746]
Classification: 1.0 0.94375 298
(26, 8)
(38, 8)
(56, 8)
[0.8976135  1.15235904 0.95002746]
Classification: 1.0 0.94375 299
(26, 8)
(38, 8)
(56, 8)
[0.8976135  1.15235904 0.95002746]
Classification: 1.0 0.94375 300
(26, 8)
(38, 8)
(56, 8)
[0.8976135  1.15235904 0.95002746]
Classification: 1.0 0.94375 301
(26, 8)
(38, 8)
(56, 8)
[0.8976135  1.15235904 0.95002746]
Classification: 1.0 0.94375 302
(26, 8)
(38, 8)
(56, 8)
[0.8976135  1.15235904 0.95002746]
Classification: 1.0 0.94375 303
(26, 8)
(38, 8)
(56, 8)
[0.8976135  1.15235904 0.95002746]
Classification: 1.0 0.94375 304
(26, 8)
(38, 8)
(56, 8)
[0.8976135  1.15235904 0.95002746]
Classification: 1.0 0.94375 305
(26, 8)
(38, 8)
(56, 8)
[0.8976135  1.15235904 0.95002746]
Classification: 1.0 0.94375 306
(26, 8)
(38, 8)
(56, 8)
[0.8976135  1.15235904 0.95002746]
Classification: 1.0 0.94375 307
(26, 8)
(38, 8)
(56, 8)
[0.8976135  1.15235904 0.95002746]
Classification: 1.0 0.94375 308
(26, 8)
(38, 8)
(56, 8)
[0.8976135  1.15235904 0.95002746]
Classification: 1.0 0.94375 309
(26, 8)
(38, 8)
(56, 8)
[0.8976135  1.15235904 0.95002746]
Classification: 1.0 0.94375 310
(26, 8)
(38, 8)
(56, 8)
[0.8976135  1.15235904 0.95002746]
Classification: 1.0 0.94375 311
(26, 8)
(38, 8)
(56, 8)
[0.8976135  1.15235904 0.95002746]
Classification: 1.0 0.94375 312
(26, 8)
(38, 8)
(56, 8)
[0.8976135  1.15235904 0.95002746]
Classification: 1.0 0.94375 313
(26, 8)
(38, 8)
(56, 8)
[0.8976135  1.15235904 0.95002746]
Classification: 1.0 0.94375 314
(26, 8)
(38, 8)
(56, 8)
[0.8976135  1.15235904 0.95002746]
Classification: 1.0 0.94375 315
(26, 8)
(38, 8)
(56, 8)
[0.8976135  1.15235904 0.95002746]
Classification: 1.0 0.94375 316
(26, 8)
(38, 8)
(56, 8)
[0.8976135  1.15235904 0.95002746]
Classification: 1.0 0.94375 317
(26, 8)
(38, 8)
(56, 8)
[0.8976135  1.15235904 0.95002746]
Classification: 1.0 0.94375 318
(26, 8)
(38, 8)
(56, 8)
[0.8976135  1.15235904 0.95002746]
Classification: 1.0 0.94375 319
(26, 8)
(38, 8)
(56, 8)
[0.8976135  1.15235904 0.95002746]
Classification: 1.0 0.94375 320
(26, 8)
(38, 8)
(56, 8)
[0.8976135  1.15235904 0.95002746]
Classification: 1.0 0.94375 321
(26, 8)
(38, 8)
(56, 8)
[0.8976135  1.15235904 0.95002746]
Classification: 1.0 0.94375 322
(26, 8)
(38, 8)
(56, 8)
[0.8976135  1.15235904 0.95002746]
Classification: 1.0 0.94375 323
(26, 8)
(38, 8)
(56, 8)
[0.8976135  1.15235904 0.95002746]
Classification: 1.0 0.94375 324
(26, 8)
(38, 8)
(56, 8)
[0.8976135  1.15235904 0.95002746]
Classification: 1.0 0.94375 325
(26, 8)
(38, 8)
(56, 8)
[0.8976135  1.15235904 0.95002746]
Classification: 1.0 0.94375 326
(26, 8)
(38, 8)
(56, 8)
[0.8976135  1.15235904 0.95002746]
Classification: 1.0 0.94375 327
(26, 8)
(38, 8)
(56, 8)
[0.8976135  1.15235904 0.95002746]
Classification: 1.0 0.94375 328
(26, 8)
(38, 8)
(56, 8)
[0.8976135  1.15235904 0.95002746]
Classification: 1.0 0.94375 329
(26, 8)
(38, 8)
(56, 8)
[0.8976135  1.15235904 0.95002746]
Classification: 1.0 0.94375 330
(26, 8)
(38, 8)
(56, 8)
[0.8976135  1.15235904 0.95002746]
Classification: 1.0 0.94375 331
(26, 8)
(38, 8)
(56, 8)
[0.8976135  1.15235904 0.95002746]
Classification: 1.0 0.94375 332
(26, 8)
(38, 8)
(56, 8)
[0.8976135  1.15235904 0.95002746]
Classification: 1.0 0.94375 333
(26, 8)
(38, 8)
(56, 8)
[0.8976135  1.15235904 0.95002746]
Classification: 1.0 0.94375 334
(26, 8)
(38, 8)
(56, 8)
[0.8976135  1.15235904 0.95002746]
Classification: 1.0 0.94375 335
(26, 8)
(38, 8)
(56, 8)
[0.8976135  1.15235904 0.95002746]
Classification: 1.0 0.94375 336
(26, 8)
(38, 8)
(56, 8)
[0.8976135  1.15235904 0.95002746]
Classification: 1.0 0.94375 337
(26, 8)
(38, 8)
(56, 8)
[0.8976135  1.15235904 0.95002746]
Classification: 1.0 0.94375 338
(26, 8)
(38, 8)
(56, 8)
[0.8976135  1.15235904 0.95002746]
Classification: 1.0 0.94375 339
(26, 8)
(38, 8)
(56, 8)
[0.8976135  1.15235904 0.95002746]
Classification: 1.0 0.94375 340
(26, 8)
(38, 8)
(56, 8)
[0.8976135  1.15235904 0.95002746]
Classification: 1.0 0.94375 341
(26, 8)
(38, 8)
(56, 8)
[0.8976135  1.15235904 0.95002746]
Classification: 1.0 0.94375 342
(26, 8)
/mnt/data/user_liangzhiyu/envs/fedcsl/lib/python3.8/site-packages/numpy/core/_methods.py:190: RuntimeWarning: invalid value encountered in double_scalars
  ret = ret.dtype.type(ret / rcount)
/mnt/data/user_liangzhiyu/envs/fedcsl/lib/python3.8/site-packages/numpy/core/fromnumeric.py:3432: RuntimeWarning: Mean of empty slice.
  return _methods._mean(a, axis=axis, dtype=dtype,
/mnt/data/user_liangzhiyu/envs/fedcsl/lib/python3.8/site-packages/numpy/core/_methods.py:190: RuntimeWarning: invalid value encountered in double_scalars
  ret = ret.dtype.type(ret / rcount)
/mnt/data/user_liangzhiyu/envs/fedcsl/lib/python3.8/site-packages/numpy/core/fromnumeric.py:3432: RuntimeWarning: Mean of empty slice.
  return _methods._mean(a, axis=axis, dtype=dtype,
/mnt/data/user_liangzhiyu/envs/fedcsl/lib/python3.8/site-packages/numpy/core/_methods.py:190: RuntimeWarning: invalid value encountered in double_scalars
  ret = ret.dtype.type(ret / rcount)
/mnt/data/user_liangzhiyu/envs/fedcsl/lib/python3.8/site-packages/numpy/core/fromnumeric.py:3432: RuntimeWarning: Mean of empty slice.
  return _methods._mean(a, axis=axis, dtype=dtype,
/mnt/data/user_liangzhiyu/envs/fedcsl/lib/python3.8/site-packages/numpy/core/_methods.py:190: RuntimeWarning: invalid value encountered in double_scalars
  ret = ret.dtype.type(ret / rcount)
/mnt/data/user_liangzhiyu/envs/fedcsl/lib/python3.8/site-packages/numpy/core/fromnumeric.py:3432: RuntimeWarning: Mean of empty slice.
  return _methods._mean(a, axis=axis, dtype=dtype,
/mnt/data/user_liangzhiyu/envs/fedcsl/lib/python3.8/site-packages/numpy/core/_methods.py:190: RuntimeWarning: invalid value encountered in double_scalars
  ret = ret.dtype.type(ret / rcount)
/mnt/data/user_liangzhiyu/envs/fedcsl/lib/python3.8/site-packages/numpy/core/fromnumeric.py:3432: RuntimeWarning: Mean of empty slice.
  return _methods._mean(a, axis=axis, dtype=dtype,
/mnt/data/user_liangzhiyu/envs/fedcsl/lib/python3.8/site-packages/numpy/core/_methods.py:190: RuntimeWarning: invalid value encountered in double_scalars
  ret = ret.dtype.type(ret / rcount)
/mnt/data/user_liangzhiyu/envs/fedcsl/lib/python3.8/site-packages/numpy/core/fromnumeric.py:3432: RuntimeWarning: Mean of empty slice.
  return _methods._mean(a, axis=axis, dtype=dtype,
/mnt/data/user_liangzhiyu/envs/fedcsl/lib/python3.8/site-packages/numpy/core/_methods.py:190: RuntimeWarning: invalid value encountered in double_scalars
  ret = ret.dtype.type(ret / rcount)
/mnt/data/user_liangzhiyu/envs/fedcsl/lib/python3.8/site-packages/numpy/core/fromnumeric.py:3432: RuntimeWarning: Mean of empty slice.
  return _methods._mean(a, axis=axis, dtype=dtype,
/mnt/data/user_liangzhiyu/envs/fedcsl/lib/python3.8/site-packages/numpy/core/_methods.py:190: RuntimeWarning: invalid value encountered in double_scalars
  ret = ret.dtype.type(ret / rcount)
/mnt/data/user_liangzhiyu/envs/fedcsl/lib/python3.8/site-packages/numpy/core/fromnumeric.py:3432: RuntimeWarning: Mean of empty slice.
  return _methods._mean(a, axis=axis, dtype=dtype,
/mnt/data/user_liangzhiyu/envs/fedcsl/lib/python3.8/site-packages/numpy/core/_methods.py:190: RuntimeWarning: invalid value encountered in double_scalars
  ret = ret.dtype.type(ret / rcount)
/mnt/data/user_liangzhiyu/envs/fedcsl/lib/python3.8/site-packages/numpy/core/fromnumeric.py:3432: RuntimeWarning: Mean of empty slice.
  return _methods._mean(a, axis=axis, dtype=dtype,
/mnt/data/user_liangzhiyu/envs/fedcsl/lib/python3.8/site-packages/numpy/core/_methods.py:190: RuntimeWarning: invalid value encountered in double_scalars
  ret = ret.dtype.type(ret / rcount)
/mnt/data/user_liangzhiyu/envs/fedcsl/lib/python3.8/site-packages/numpy/core/fromnumeric.py:3432: RuntimeWarning: Mean of empty slice.
  return _methods._mean(a, axis=axis, dtype=dtype,
/mnt/data/user_liangzhiyu/envs/fedcsl/lib/python3.8/site-packages/numpy/core/_methods.py:190: RuntimeWarning: invalid value encountered in double_scalars
  ret = ret.dtype.type(ret / rcount)
/mnt/data/user_liangzhiyu/envs/fedcsl/lib/python3.8/site-packages/numpy/core/fromnumeric.py:3432: RuntimeWarning: Mean of empty slice.
  return _methods._mean(a, axis=axis, dtype=dtype,
/mnt/data/user_liangzhiyu/envs/fedcsl/lib/python3.8/site-packages/numpy/core/_methods.py:190: RuntimeWarning: invalid value encountered in double_scalars
  ret = ret.dtype.type(ret / rcount)
/mnt/data/user_liangzhiyu/envs/fedcsl/lib/python3.8/site-packages/numpy/core/fromnumeric.py:3432: RuntimeWarning: Mean of empty slice.
  return _methods._mean(a, axis=axis, dtype=dtype,
/mnt/data/user_liangzhiyu/envs/fedcsl/lib/python3.8/site-packages/numpy/core/_methods.py:190: RuntimeWarning: invalid value encountered in double_scalars
  ret = ret.dtype.type(ret / rcount)
/mnt/data/user_liangzhiyu/envs/fedcsl/lib/python3.8/site-packages/numpy/core/fromnumeric.py:3432: RuntimeWarning: Mean of empty slice.
  return _methods._mean(a, axis=axis, dtype=dtype,
/mnt/data/user_liangzhiyu/envs/fedcsl/lib/python3.8/site-packages/numpy/core/_methods.py:190: RuntimeWarning: invalid value encountered in double_scalars
  ret = ret.dtype.type(ret / rcount)
/mnt/data/user_liangzhiyu/envs/fedcsl/lib/python3.8/site-packages/numpy/core/fromnumeric.py:3432: RuntimeWarning: Mean of empty slice.
  return _methods._mean(a, axis=axis, dtype=dtype,
/mnt/data/user_liangzhiyu/envs/fedcsl/lib/python3.8/site-packages/numpy/core/_methods.py:190: RuntimeWarning: invalid value encountered in double_scalars
  ret = ret.dtype.type(ret / rcount)
/mnt/data/user_liangzhiyu/envs/fedcsl/lib/python3.8/site-packages/numpy/core/fromnumeric.py:3432: RuntimeWarning: Mean of empty slice.
  return _methods._mean(a, axis=axis, dtype=dtype,
/mnt/data/user_liangzhiyu/envs/fedcsl/lib/python3.8/site-packages/numpy/core/_methods.py:190: RuntimeWarning: invalid value encountered in double_scalars
  ret = ret.dtype.type(ret / rcount)
/mnt/data/user_liangzhiyu/envs/fedcsl/lib/python3.8/site-packages/numpy/core/fromnumeric.py:3432: RuntimeWarning: Mean of empty slice.
  return _methods._mean(a, axis=axis, dtype=dtype,
/mnt/data/user_liangzhiyu/envs/fedcsl/lib/python3.8/site-packages/numpy/core/_methods.py:190: RuntimeWarning: invalid value encountered in double_scalars
  ret = ret.dtype.type(ret / rcount)
/mnt/data/user_liangzhiyu/envs/fedcsl/lib/python3.8/site-packages/numpy/core/fromnumeric.py:3432: RuntimeWarning: Mean of empty slice.
  return _methods._mean(a, axis=axis, dtype=dtype,
/mnt/data/user_liangzhiyu/envs/fedcsl/lib/python3.8/site-packages/numpy/core/_methods.py:190: RuntimeWarning: invalid value encountered in double_scalars
  ret = ret.dtype.type(ret / rcount)
/mnt/data/user_liangzhiyu/envs/fedcsl/lib/python3.8/site-packages/numpy/core/fromnumeric.py:3432: RuntimeWarning: Mean of empty slice.
  return _methods._mean(a, axis=axis, dtype=dtype,
/mnt/data/user_liangzhiyu/envs/fedcsl/lib/python3.8/site-packages/numpy/core/_methods.py:190: RuntimeWarning: invalid value encountered in double_scalars
  ret = ret.dtype.type(ret / rcount)
/mnt/data/user_liangzhiyu/envs/fedcsl/lib/python3.8/site-packages/numpy/core/fromnumeric.py:3432: RuntimeWarning: Mean of empty slice.
  return _methods._mean(a, axis=axis, dtype=dtype,
/mnt/data/user_liangzhiyu/envs/fedcsl/lib/python3.8/site-packages/numpy/core/_methods.py:190: RuntimeWarning: invalid value encountered in double_scalars
  ret = ret.dtype.type(ret / rcount)
/mnt/data/user_liangzhiyu/envs/fedcsl/lib/python3.8/site-packages/numpy/core/fromnumeric.py:3432: RuntimeWarning: Mean of empty slice.
  return _methods._mean(a, axis=axis, dtype=dtype,
/mnt/data/user_liangzhiyu/envs/fedcsl/lib/python3.8/site-packages/numpy/core/_methods.py:190: RuntimeWarning: invalid value encountered in double_scalars
  ret = ret.dtype.type(ret / rcount)
/mnt/data/user_liangzhiyu/envs/fedcsl/lib/python3.8/site-packages/numpy/core/fromnumeric.py:3432: RuntimeWarning: Mean of empty slice.
  return _methods._mean(a, axis=axis, dtype=dtype,
/mnt/data/user_liangzhiyu/envs/fedcsl/lib/python3.8/site-packages/numpy/core/_methods.py:190: RuntimeWarning: invalid value encountered in double_scalars
  ret = ret.dtype.type(ret / rcount)
/mnt/data/user_liangzhiyu/envs/fedcsl/lib/python3.8/site-packages/numpy/core/fromnumeric.py:3432: RuntimeWarning: Mean of empty slice.
  return _methods._mean(a, axis=axis, dtype=dtype,
/mnt/data/user_liangzhiyu/envs/fedcsl/lib/python3.8/site-packages/numpy/core/_methods.py:190: RuntimeWarning: invalid value encountered in double_scalars
  ret = ret.dtype.type(ret / rcount)
/mnt/data/user_liangzhiyu/envs/fedcsl/lib/python3.8/site-packages/numpy/core/fromnumeric.py:3432: RuntimeWarning: Mean of empty slice.
  return _methods._mean(a, axis=axis, dtype=dtype,
/mnt/data/user_liangzhiyu/envs/fedcsl/lib/python3.8/site-packages/numpy/core/_methods.py:190: RuntimeWarning: invalid value encountered in double_scalars
  ret = ret.dtype.type(ret / rcount)
/mnt/data/user_liangzhiyu/envs/fedcsl/lib/python3.8/site-packages/numpy/core/fromnumeric.py:3432: RuntimeWarning: Mean of empty slice.
  return _methods._mean(a, axis=axis, dtype=dtype,
/mnt/data/user_liangzhiyu/envs/fedcsl/lib/python3.8/site-packages/numpy/core/_methods.py:190: RuntimeWarning: invalid value encountered in double_scalars
  ret = ret.dtype.type(ret / rcount)
/mnt/data/user_liangzhiyu/envs/fedcsl/lib/python3.8/site-packages/numpy/core/fromnumeric.py:3432: RuntimeWarning: Mean of empty slice.
  return _methods._mean(a, axis=axis, dtype=dtype,
/mnt/data/user_liangzhiyu/envs/fedcsl/lib/python3.8/site-packages/numpy/core/_methods.py:190: RuntimeWarning: invalid value encountered in double_scalars
  ret = ret.dtype.type(ret / rcount)
/mnt/data/user_liangzhiyu/envs/fedcsl/lib/python3.8/site-packages/numpy/core/fromnumeric.py:3432: RuntimeWarning: Mean of empty slice.
  return _methods._mean(a, axis=axis, dtype=dtype,
/mnt/data/user_liangzhiyu/envs/fedcsl/lib/python3.8/site-packages/numpy/core/_methods.py:190: RuntimeWarning: invalid value encountered in double_scalars
  ret = ret.dtype.type(ret / rcount)
/mnt/data/user_liangzhiyu/envs/fedcsl/lib/python3.8/site-packages/numpy/core/fromnumeric.py:3432: RuntimeWarning: Mean of empty slice.
  return _methods._mean(a, axis=axis, dtype=dtype,
/mnt/data/user_liangzhiyu/envs/fedcsl/lib/python3.8/site-packages/numpy/core/_methods.py:190: RuntimeWarning: invalid value encountered in double_scalars
  ret = ret.dtype.type(ret / rcount)
/mnt/data/user_liangzhiyu/envs/fedcsl/lib/python3.8/site-packages/numpy/core/fromnumeric.py:3432: RuntimeWarning: Mean of empty slice.
  return _methods._mean(a, axis=axis, dtype=dtype,
/mnt/data/user_liangzhiyu/envs/fedcsl/lib/python3.8/site-packages/numpy/core/_methods.py:190: RuntimeWarning: invalid value encountered in double_scalars
  ret = ret.dtype.type(ret / rcount)
/mnt/data/user_liangzhiyu/envs/fedcsl/lib/python3.8/site-packages/numpy/core/fromnumeric.py:3432: RuntimeWarning: Mean of empty slice.
  return _methods._mean(a, axis=axis, dtype=dtype,
/mnt/data/user_liangzhiyu/envs/fedcsl/lib/python3.8/site-packages/numpy/core/_methods.py:190: RuntimeWarning: invalid value encountered in double_scalars
  ret = ret.dtype.type(ret / rcount)
/mnt/data/user_liangzhiyu/envs/fedcsl/lib/python3.8/site-packages/numpy/core/fromnumeric.py:3432: RuntimeWarning: Mean of empty slice.
  return _methods._mean(a, axis=axis, dtype=dtype,
/mnt/data/user_liangzhiyu/envs/fedcsl/lib/python3.8/site-packages/numpy/core/_methods.py:190: RuntimeWarning: invalid value encountered in double_scalars
  ret = ret.dtype.type(ret / rcount)
/mnt/data/user_liangzhiyu/envs/fedcsl/lib/python3.8/site-packages/numpy/core/fromnumeric.py:3432: RuntimeWarning: Mean of empty slice.
  return _methods._mean(a, axis=axis, dtype=dtype,
/mnt/data/user_liangzhiyu/envs/fedcsl/lib/python3.8/site-packages/numpy/core/_methods.py:190: RuntimeWarning: invalid value encountered in double_scalars
  ret = ret.dtype.type(ret / rcount)
/mnt/data/user_liangzhiyu/envs/fedcsl/lib/python3.8/site-packages/numpy/core/fromnumeric.py:3432: RuntimeWarning: Mean of empty slice.
  return _methods._mean(a, axis=axis, dtype=dtype,
/mnt/data/user_liangzhiyu/envs/fedcsl/lib/python3.8/site-packages/numpy/core/_methods.py:190: RuntimeWarning: invalid value encountered in double_scalars
  ret = ret.dtype.type(ret / rcount)
/mnt/data/user_liangzhiyu/envs/fedcsl/lib/python3.8/site-packages/numpy/core/fromnumeric.py:3432: RuntimeWarning: Mean of empty slice.
  return _methods._mean(a, axis=axis, dtype=dtype,
/mnt/data/user_liangzhiyu/envs/fedcsl/lib/python3.8/site-packages/numpy/core/_methods.py:190: RuntimeWarning: invalid value encountered in double_scalars
  ret = ret.dtype.type(ret / rcount)
/mnt/data/user_liangzhiyu/envs/fedcsl/lib/python3.8/site-packages/numpy/core/fromnumeric.py:3432: RuntimeWarning: Mean of empty slice.
  return _methods._mean(a, axis=axis, dtype=dtype,
/mnt/data/user_liangzhiyu/envs/fedcsl/lib/python3.8/site-packages/numpy/core/_methods.py:190: RuntimeWarning: invalid value encountered in double_scalars
  ret = ret.dtype.type(ret / rcount)
/mnt/data/user_liangzhiyu/envs/fedcsl/lib/python3.8/site-packages/numpy/core/fromnumeric.py:3432: RuntimeWarning: Mean of empty slice.
  return _methods._mean(a, axis=axis, dtype=dtype,
/mnt/data/user_liangzhiyu/envs/fedcsl/lib/python3.8/site-packages/numpy/core/_methods.py:190: RuntimeWarning: invalid value encountered in double_scalars
  ret = ret.dtype.type(ret / rcount)
/mnt/data/user_liangzhiyu/envs/fedcsl/lib/python3.8/site-packages/numpy/core/fromnumeric.py:3432: RuntimeWarning: Mean of empty slice.
  return _methods._mean(a, axis=axis, dtype=dtype,
/mnt/data/user_liangzhiyu/envs/fedcsl/lib/python3.8/site-packages/numpy/core/_methods.py:190: RuntimeWarning: invalid value encountered in double_scalars
  ret = ret.dtype.type(ret / rcount)
/mnt/data/user_liangzhiyu/envs/fedcsl/lib/python3.8/site-packages/numpy/core/fromnumeric.py:3432: RuntimeWarning: Mean of empty slice.
  return _methods._mean(a, axis=axis, dtype=dtype,
/mnt/data/user_liangzhiyu/envs/fedcsl/lib/python3.8/site-packages/numpy/core/_methods.py:190: RuntimeWarning: invalid value encountered in double_scalars
  ret = ret.dtype.type(ret / rcount)
/mnt/data/user_liangzhiyu/envs/fedcsl/lib/python3.8/site-packages/numpy/core/fromnumeric.py:3432: RuntimeWarning: Mean of empty slice.
  return _methods._mean(a, axis=axis, dtype=dtype,
/mnt/data/user_liangzhiyu/envs/fedcsl/lib/python3.8/site-packages/numpy/core/_methods.py:190: RuntimeWarning: invalid value encountered in double_scalars
  ret = ret.dtype.type(ret / rcount)
/mnt/data/user_liangzhiyu/envs/fedcsl/lib/python3.8/site-packages/numpy/core/fromnumeric.py:3432: RuntimeWarning: Mean of empty slice.
  return _methods._mean(a, axis=axis, dtype=dtype,
/mnt/data/user_liangzhiyu/envs/fedcsl/lib/python3.8/site-packages/numpy/core/_methods.py:190: RuntimeWarning: invalid value encountered in double_scalars
  ret = ret.dtype.type(ret / rcount)
/mnt/data/user_liangzhiyu/envs/fedcsl/lib/python3.8/site-packages/numpy/core/fromnumeric.py:3432: RuntimeWarning: Mean of empty slice.
  return _methods._mean(a, axis=axis, dtype=dtype,
/mnt/data/user_liangzhiyu/envs/fedcsl/lib/python3.8/site-packages/numpy/core/_methods.py:190: RuntimeWarning: invalid value encountered in double_scalars
  ret = ret.dtype.type(ret / rcount)
/mnt/data/user_liangzhiyu/envs/fedcsl/lib/python3.8/site-packages/numpy/core/fromnumeric.py:3432: RuntimeWarning: Mean of empty slice.
  return _methods._mean(a, axis=axis, dtype=dtype,
/mnt/data/user_liangzhiyu/envs/fedcsl/lib/python3.8/site-packages/numpy/core/_methods.py:190: RuntimeWarning: invalid value encountered in double_scalars
  ret = ret.dtype.type(ret / rcount)
/mnt/data/user_liangzhiyu/envs/fedcsl/lib/python3.8/site-packages/numpy/core/fromnumeric.py:3432: RuntimeWarning: Mean of empty slice.
  return _methods._mean(a, axis=axis, dtype=dtype,
/mnt/data/user_liangzhiyu/envs/fedcsl/lib/python3.8/site-packages/numpy/core/_methods.py:190: RuntimeWarning: invalid value encountered in double_scalars
  ret = ret.dtype.type(ret / rcount)
/mnt/data/user_liangzhiyu/envs/fedcsl/lib/python3.8/site-packages/numpy/core/fromnumeric.py:3432: RuntimeWarning: Mean of empty slice.
  return _methods._mean(a, axis=axis, dtype=dtype,
/mnt/data/user_liangzhiyu/envs/fedcsl/lib/python3.8/site-packages/numpy/core/_methods.py:190: RuntimeWarning: invalid value encountered in double_scalars
  ret = ret.dtype.type(ret / rcount)
/mnt/data/user_liangzhiyu/envs/fedcsl/lib/python3.8/site-packages/numpy/core/fromnumeric.py:3432: RuntimeWarning: Mean of empty slice.
  return _methods._mean(a, axis=axis, dtype=dtype,
/mnt/data/user_liangzhiyu/envs/fedcsl/lib/python3.8/site-packages/numpy/core/_methods.py:190: RuntimeWarning: invalid value encountered in double_scalars
  ret = ret.dtype.type(ret / rcount)
/mnt/data/user_liangzhiyu/envs/fedcsl/lib/python3.8/site-packages/numpy/core/fromnumeric.py:3432: RuntimeWarning: Mean of empty slice.
  return _methods._mean(a, axis=axis, dtype=dtype,
/mnt/data/user_liangzhiyu/envs/fedcsl/lib/python3.8/site-packages/numpy/core/_methods.py:190: RuntimeWarning: invalid value encountered in double_scalars
  ret = ret.dtype.type(ret / rcount)
/mnt/data/user_liangzhiyu/envs/fedcsl/lib/python3.8/site-packages/numpy/core/fromnumeric.py:3432: RuntimeWarning: Mean of empty slice.
  return _methods._mean(a, axis=axis, dtype=dtype,
/mnt/data/user_liangzhiyu/envs/fedcsl/lib/python3.8/site-packages/numpy/core/_methods.py:190: RuntimeWarning: invalid value encountered in double_scalars
  ret = ret.dtype.type(ret / rcount)
/mnt/data/user_liangzhiyu/envs/fedcsl/lib/python3.8/site-packages/numpy/core/fromnumeric.py:3432: RuntimeWarning: Mean of empty slice.
  return _methods._mean(a, axis=axis, dtype=dtype,
/mnt/data/user_liangzhiyu/envs/fedcsl/lib/python3.8/site-packages/numpy/core/_methods.py:190: RuntimeWarning: invalid value encountered in double_scalars
  ret = ret.dtype.type(ret / rcount)
/mnt/data/user_liangzhiyu/envs/fedcsl/lib/python3.8/site-packages/numpy/core/fromnumeric.py:3432: RuntimeWarning: Mean of empty slice.
  return _methods._mean(a, axis=axis, dtype=dtype,
/mnt/data/user_liangzhiyu/envs/fedcsl/lib/python3.8/site-packages/numpy/core/_methods.py:190: RuntimeWarning: invalid value encountered in double_scalars
  ret = ret.dtype.type(ret / rcount)
/mnt/data/user_liangzhiyu/envs/fedcsl/lib/python3.8/site-packages/numpy/core/fromnumeric.py:3432: RuntimeWarning: Mean of empty slice.
  return _methods._mean(a, axis=axis, dtype=dtype,
/mnt/data/user_liangzhiyu/envs/fedcsl/lib/python3.8/site-packages/numpy/core/_methods.py:190: RuntimeWarning: invalid value encountered in double_scalars
  ret = ret.dtype.type(ret / rcount)
/mnt/data/user_liangzhiyu/envs/fedcsl/lib/python3.8/site-packages/numpy/core/fromnumeric.py:3432: RuntimeWarning: Mean of empty slice.
  return _methods._mean(a, axis=axis, dtype=dtype,
/mnt/data/user_liangzhiyu/envs/fedcsl/lib/python3.8/site-packages/numpy/core/_methods.py:190: RuntimeWarning: invalid value encountered in double_scalars
  ret = ret.dtype.type(ret / rcount)
/mnt/data/user_liangzhiyu/envs/fedcsl/lib/python3.8/site-packages/numpy/core/fromnumeric.py:3432: RuntimeWarning: Mean of empty slice.
  return _methods._mean(a, axis=axis, dtype=dtype,
/mnt/data/user_liangzhiyu/envs/fedcsl/lib/python3.8/site-packages/numpy/core/_methods.py:190: RuntimeWarning: invalid value encountered in double_scalars
  ret = ret.dtype.type(ret / rcount)
/mnt/data/user_liangzhiyu/envs/fedcsl/lib/python3.8/site-packages/numpy/core/fromnumeric.py:3432: RuntimeWarning: Mean of empty slice.
  return _methods._mean(a, axis=axis, dtype=dtype,
/mnt/data/user_liangzhiyu/envs/fedcsl/lib/python3.8/site-packages/numpy/core/_methods.py:190: RuntimeWarning: invalid value encountered in double_scalars
  ret = ret.dtype.type(ret / rcount)
/mnt/data/user_liangzhiyu/envs/fedcsl/lib/python3.8/site-packages/numpy/core/fromnumeric.py:3432: RuntimeWarning: Mean of empty slice.
  return _methods._mean(a, axis=axis, dtype=dtype,
/mnt/data/user_liangzhiyu/envs/fedcsl/lib/python3.8/site-packages/numpy/core/_methods.py:190: RuntimeWarning: invalid value encountered in double_scalars
  ret = ret.dtype.type(ret / rcount)
/mnt/data/user_liangzhiyu/envs/fedcsl/lib/python3.8/site-packages/numpy/core/fromnumeric.py:3432: RuntimeWarning: Mean of empty slice.
  return _methods._mean(a, axis=axis, dtype=dtype,
/mnt/data/user_liangzhiyu/envs/fedcsl/lib/python3.8/site-packages/numpy/core/_methods.py:190: RuntimeWarning: invalid value encountered in double_scalars
  ret = ret.dtype.type(ret / rcount)
/mnt/data/user_liangzhiyu/envs/fedcsl/lib/python3.8/site-packages/numpy/core/fromnumeric.py:3432: RuntimeWarning: Mean of empty slice.
  return _methods._mean(a, axis=axis, dtype=dtype,
/mnt/data/user_liangzhiyu/envs/fedcsl/lib/python3.8/site-packages/numpy/core/_methods.py:190: RuntimeWarning: invalid value encountered in double_scalars
  ret = ret.dtype.type(ret / rcount)
/mnt/data/user_liangzhiyu/envs/fedcsl/lib/python3.8/site-packages/numpy/core/fromnumeric.py:3432: RuntimeWarning: Mean of empty slice.
  return _methods._mean(a, axis=axis, dtype=dtype,
/mnt/data/user_liangzhiyu/envs/fedcsl/lib/python3.8/site-packages/numpy/core/_methods.py:190: RuntimeWarning: invalid value encountered in double_scalars
  ret = ret.dtype.type(ret / rcount)
/mnt/data/user_liangzhiyu/envs/fedcsl/lib/python3.8/site-packages/numpy/core/fromnumeric.py:3432: RuntimeWarning: Mean of empty slice.
  return _methods._mean(a, axis=axis, dtype=dtype,
/mnt/data/user_liangzhiyu/envs/fedcsl/lib/python3.8/site-packages/numpy/core/_methods.py:190: RuntimeWarning: invalid value encountered in double_scalars
  ret = ret.dtype.type(ret / rcount)
/mnt/data/user_liangzhiyu/envs/fedcsl/lib/python3.8/site-packages/numpy/core/fromnumeric.py:3432: RuntimeWarning: Mean of empty slice.
  return _methods._mean(a, axis=axis, dtype=dtype,
/mnt/data/user_liangzhiyu/envs/fedcsl/lib/python3.8/site-packages/numpy/core/_methods.py:190: RuntimeWarning: invalid value encountered in double_scalars
  ret = ret.dtype.type(ret / rcount)
/mnt/data/user_liangzhiyu/envs/fedcsl/lib/python3.8/site-packages/numpy/core/fromnumeric.py:3432: RuntimeWarning: Mean of empty slice.
  return _methods._mean(a, axis=axis, dtype=dtype,
/mnt/data/user_liangzhiyu/envs/fedcsl/lib/python3.8/site-packages/numpy/core/_methods.py:190: RuntimeWarning: invalid value encountered in double_scalars
  ret = ret.dtype.type(ret / rcount)
/mnt/data/user_liangzhiyu/envs/fedcsl/lib/python3.8/site-packages/numpy/core/fromnumeric.py:3432: RuntimeWarning: Mean of empty slice.
  return _methods._mean(a, axis=axis, dtype=dtype,
/mnt/data/user_liangzhiyu/envs/fedcsl/lib/python3.8/site-packages/numpy/core/_methods.py:190: RuntimeWarning: invalid value encountered in double_scalars
  ret = ret.dtype.type(ret / rcount)
/mnt/data/user_liangzhiyu/envs/fedcsl/lib/python3.8/site-packages/numpy/core/fromnumeric.py:3432: RuntimeWarning: Mean of empty slice.
  return _methods._mean(a, axis=axis, dtype=dtype,
/mnt/data/user_liangzhiyu/envs/fedcsl/lib/python3.8/site-packages/numpy/core/_methods.py:190: RuntimeWarning: invalid value encountered in double_scalars
  ret = ret.dtype.type(ret / rcount)
/mnt/data/user_liangzhiyu/envs/fedcsl/lib/python3.8/site-packages/numpy/core/fromnumeric.py:3432: RuntimeWarning: Mean of empty slice.
  return _methods._mean(a, axis=axis, dtype=dtype,
/mnt/data/user_liangzhiyu/envs/fedcsl/lib/python3.8/site-packages/numpy/core/_methods.py:190: RuntimeWarning: invalid value encountered in double_scalars
  ret = ret.dtype.type(ret / rcount)
/mnt/data/user_liangzhiyu/envs/fedcsl/lib/python3.8/site-packages/numpy/core/fromnumeric.py:3432: RuntimeWarning: Mean of empty slice.
  return _methods._mean(a, axis=axis, dtype=dtype,
/mnt/data/user_liangzhiyu/envs/fedcsl/lib/python3.8/site-packages/numpy/core/_methods.py:190: RuntimeWarning: invalid value encountered in double_scalars
  ret = ret.dtype.type(ret / rcount)
/mnt/data/user_liangzhiyu/envs/fedcsl/lib/python3.8/site-packages/numpy/core/fromnumeric.py:3432: RuntimeWarning: Mean of empty slice.
  return _methods._mean(a, axis=axis, dtype=dtype,
/mnt/data/user_liangzhiyu/envs/fedcsl/lib/python3.8/site-packages/numpy/core/_methods.py:190: RuntimeWarning: invalid value encountered in double_scalars
  ret = ret.dtype.type(ret / rcount)
/mnt/data/user_liangzhiyu/envs/fedcsl/lib/python3.8/site-packages/numpy/core/fromnumeric.py:3432: RuntimeWarning: Mean of empty slice.
  return _methods._mean(a, axis=axis, dtype=dtype,
/mnt/data/user_liangzhiyu/envs/fedcsl/lib/python3.8/site-packages/numpy/core/_methods.py:190: RuntimeWarning: invalid value encountered in double_scalars
  ret = ret.dtype.type(ret / rcount)
/mnt/data/user_liangzhiyu/envs/fedcsl/lib/python3.8/site-packages/numpy/core/fromnumeric.py:3432: RuntimeWarning: Mean of empty slice.
  return _methods._mean(a, axis=axis, dtype=dtype,
/mnt/data/user_liangzhiyu/envs/fedcsl/lib/python3.8/site-packages/numpy/core/_methods.py:190: RuntimeWarning: invalid value encountered in double_scalars
  ret = ret.dtype.type(ret / rcount)
/mnt/data/user_liangzhiyu/envs/fedcsl/lib/python3.8/site-packages/numpy/core/fromnumeric.py:3432: RuntimeWarning: Mean of empty slice.
  return _methods._mean(a, axis=axis, dtype=dtype,
/mnt/data/user_liangzhiyu/envs/fedcsl/lib/python3.8/site-packages/numpy/core/_methods.py:190: RuntimeWarning: invalid value encountered in double_scalars
  ret = ret.dtype.type(ret / rcount)
/mnt/data/user_liangzhiyu/envs/fedcsl/lib/python3.8/site-packages/numpy/core/fromnumeric.py:3432: RuntimeWarning: Mean of empty slice.
  return _methods._mean(a, axis=axis, dtype=dtype,
/mnt/data/user_liangzhiyu/envs/fedcsl/lib/python3.8/site-packages/numpy/core/_methods.py:190: RuntimeWarning: invalid value encountered in double_scalars
  ret = ret.dtype.type(ret / rcount)
/mnt/data/user_liangzhiyu/envs/fedcsl/lib/python3.8/site-packages/numpy/core/fromnumeric.py:3432: RuntimeWarning: Mean of empty slice.
  return _methods._mean(a, axis=axis, dtype=dtype,
/mnt/data/user_liangzhiyu/envs/fedcsl/lib/python3.8/site-packages/numpy/core/_methods.py:190: RuntimeWarning: invalid value encountered in double_scalars
  ret = ret.dtype.type(ret / rcount)
/mnt/data/user_liangzhiyu/envs/fedcsl/lib/python3.8/site-packages/numpy/core/fromnumeric.py:3432: RuntimeWarning: Mean of empty slice.
  return _methods._mean(a, axis=axis, dtype=dtype,
/mnt/data/user_liangzhiyu/envs/fedcsl/lib/python3.8/site-packages/numpy/core/_methods.py:190: RuntimeWarning: invalid value encountered in double_scalars
  ret = ret.dtype.type(ret / rcount)
/mnt/data/user_liangzhiyu/envs/fedcsl/lib/python3.8/site-packages/numpy/core/fromnumeric.py:3432: RuntimeWarning: Mean of empty slice.
  return _methods._mean(a, axis=axis, dtype=dtype,
/mnt/data/user_liangzhiyu/envs/fedcsl/lib/python3.8/site-packages/numpy/core/_methods.py:190: RuntimeWarning: invalid value encountered in double_scalars
  ret = ret.dtype.type(ret / rcount)
/mnt/data/user_liangzhiyu/envs/fedcsl/lib/python3.8/site-packages/numpy/core/fromnumeric.py:3432: RuntimeWarning: Mean of empty slice.
  return _methods._mean(a, axis=axis, dtype=dtype,
/mnt/data/user_liangzhiyu/envs/fedcsl/lib/python3.8/site-packages/numpy/core/_methods.py:190: RuntimeWarning: invalid value encountered in double_scalars
  ret = ret.dtype.type(ret / rcount)
/mnt/data/user_liangzhiyu/envs/fedcsl/lib/python3.8/site-packages/numpy/core/fromnumeric.py:3432: RuntimeWarning: Mean of empty slice.
  return _methods._mean(a, axis=axis, dtype=dtype,
/mnt/data/user_liangzhiyu/envs/fedcsl/lib/python3.8/site-packages/numpy/core/_methods.py:190: RuntimeWarning: invalid value encountered in double_scalars
  ret = ret.dtype.type(ret / rcount)
/mnt/data/user_liangzhiyu/envs/fedcsl/lib/python3.8/site-packages/numpy/core/fromnumeric.py:3432: RuntimeWarning: Mean of empty slice.
  return _methods._mean(a, axis=axis, dtype=dtype,
/mnt/data/user_liangzhiyu/envs/fedcsl/lib/python3.8/site-packages/numpy/core/_methods.py:190: RuntimeWarning: invalid value encountered in double_scalars
  ret = ret.dtype.type(ret / rcount)
/mnt/data/user_liangzhiyu/envs/fedcsl/lib/python3.8/site-packages/numpy/core/fromnumeric.py:3432: RuntimeWarning: Mean of empty slice.
  return _methods._mean(a, axis=axis, dtype=dtype,
/mnt/data/user_liangzhiyu/envs/fedcsl/lib/python3.8/site-packages/numpy/core/_methods.py:190: RuntimeWarning: invalid value encountered in double_scalars
  ret = ret.dtype.type(ret / rcount)
/mnt/data/user_liangzhiyu/envs/fedcsl/lib/python3.8/site-packages/numpy/core/fromnumeric.py:3432: RuntimeWarning: Mean of empty slice.
  return _methods._mean(a, axis=axis, dtype=dtype,
/mnt/data/user_liangzhiyu/envs/fedcsl/lib/python3.8/site-packages/numpy/core/_methods.py:190: RuntimeWarning: invalid value encountered in double_scalars
  ret = ret.dtype.type(ret / rcount)
/mnt/data/user_liangzhiyu/envs/fedcsl/lib/python3.8/site-packages/numpy/core/fromnumeric.py:3432: RuntimeWarning: Mean of empty slice.
  return _methods._mean(a, axis=axis, dtype=dtype,
/mnt/data/user_liangzhiyu/envs/fedcsl/lib/python3.8/site-packages/numpy/core/_methods.py:190: RuntimeWarning: invalid value encountered in double_scalars
  ret = ret.dtype.type(ret / rcount)
/mnt/data/user_liangzhiyu/envs/fedcsl/lib/python3.8/site-packages/numpy/core/fromnumeric.py:3432: RuntimeWarning: Mean of empty slice.
  return _methods._mean(a, axis=axis, dtype=dtype,
/mnt/data/user_liangzhiyu/envs/fedcsl/lib/python3.8/site-packages/numpy/core/_methods.py:190: RuntimeWarning: invalid value encountered in double_scalars
  ret = ret.dtype.type(ret / rcount)
/mnt/data/user_liangzhiyu/envs/fedcsl/lib/python3.8/site-packages/numpy/core/fromnumeric.py:3432: RuntimeWarning: Mean of empty slice.
  return _methods._mean(a, axis=axis, dtype=dtype,
/mnt/data/user_liangzhiyu/envs/fedcsl/lib/python3.8/site-packages/numpy/core/_methods.py:190: RuntimeWarning: invalid value encountered in double_scalars
  ret = ret.dtype.type(ret / rcount)
/mnt/data/user_liangzhiyu/envs/fedcsl/lib/python3.8/site-packages/numpy/core/fromnumeric.py:3432: RuntimeWarning: Mean of empty slice.
  return _methods._mean(a, axis=axis, dtype=dtype,
/mnt/data/user_liangzhiyu/envs/fedcsl/lib/python3.8/site-packages/numpy/core/_methods.py:190: RuntimeWarning: invalid value encountered in double_scalars
  ret = ret.dtype.type(ret / rcount)
/mnt/data/user_liangzhiyu/envs/fedcsl/lib/python3.8/site-packages/numpy/core/fromnumeric.py:3432: RuntimeWarning: Mean of empty slice.
  return _methods._mean(a, axis=axis, dtype=dtype,
/mnt/data/user_liangzhiyu/envs/fedcsl/lib/python3.8/site-packages/numpy/core/_methods.py:190: RuntimeWarning: invalid value encountered in double_scalars
  ret = ret.dtype.type(ret / rcount)
/mnt/data/user_liangzhiyu/envs/fedcsl/lib/python3.8/site-packages/numpy/core/fromnumeric.py:3432: RuntimeWarning: Mean of empty slice.
  return _methods._mean(a, axis=axis, dtype=dtype,
/mnt/data/user_liangzhiyu/envs/fedcsl/lib/python3.8/site-packages/numpy/core/_methods.py:190: RuntimeWarning: invalid value encountered in double_scalars
  ret = ret.dtype.type(ret / rcount)
/mnt/data/user_liangzhiyu/envs/fedcsl/lib/python3.8/site-packages/numpy/core/fromnumeric.py:3432: RuntimeWarning: Mean of empty slice.
  return _methods._mean(a, axis=axis, dtype=dtype,
/mnt/data/user_liangzhiyu/envs/fedcsl/lib/python3.8/site-packages/numpy/core/_methods.py:190: RuntimeWarning: invalid value encountered in double_scalars
  ret = ret.dtype.type(ret / rcount)
/mnt/data/user_liangzhiyu/envs/fedcsl/lib/python3.8/site-packages/numpy/core/fromnumeric.py:3432: RuntimeWarning: Mean of empty slice.
  return _methods._mean(a, axis=axis, dtype=dtype,
/mnt/data/user_liangzhiyu/envs/fedcsl/lib/python3.8/site-packages/numpy/core/_methods.py:190: RuntimeWarning: invalid value encountered in double_scalars
  ret = ret.dtype.type(ret / rcount)
/mnt/data/user_liangzhiyu/envs/fedcsl/lib/python3.8/site-packages/numpy/core/fromnumeric.py:3432: RuntimeWarning: Mean of empty slice.
  return _methods._mean(a, axis=axis, dtype=dtype,
/mnt/data/user_liangzhiyu/envs/fedcsl/lib/python3.8/site-packages/numpy/core/_methods.py:190: RuntimeWarning: invalid value encountered in double_scalars
  ret = ret.dtype.type(ret / rcount)
/mnt/data/user_liangzhiyu/envs/fedcsl/lib/python3.8/site-packages/numpy/core/fromnumeric.py:3432: RuntimeWarning: Mean of empty slice.
  return _methods._mean(a, axis=axis, dtype=dtype,
(38, 8)
(56, 8)
[0.8976135  1.15235904 0.95002746]
Classification: 1.0 0.94375 343
(26, 8)
(38, 8)
(56, 8)
[0.8976135  1.15235904 0.95002746]
Classification: 1.0 0.94375 344
(26, 8)
(38, 8)
(56, 8)
[0.8976135  1.15235904 0.95002746]
Classification: 1.0 0.94375 345
(26, 8)
(38, 8)
(56, 8)
[0.8976135  1.15235904 0.95002746]
Classification: 1.0 0.94375 346
(26, 8)
(38, 8)
(56, 8)
[0.8976135  1.15235904 0.95002746]
Classification: 1.0 0.94375 347
(26, 8)
(38, 8)
(56, 8)
[0.8976135  1.15235904 0.95002746]
Classification: 1.0 0.94375 348
(26, 8)
(38, 8)
(56, 8)
[0.8976135  1.15235904 0.95002746]
Classification: 1.0 0.94375 349
(26, 8)
(38, 8)
(56, 8)
[0.8976135  1.15235904 0.95002746]
Classification: 1.0 0.94375 350
(26, 8)
(38, 8)
(56, 8)
[0.8976135  1.15235904 0.95002746]
Classification: 1.0 0.94375 351
(26, 8)
(38, 8)
(56, 8)
[0.8976135  1.15235904 0.95002746]
Classification: 1.0 0.94375 352
(26, 8)
(38, 8)
(56, 8)
[0.8976135  1.15235904 0.95002746]
Classification: 1.0 0.94375 353
(26, 8)
(38, 8)
(56, 8)
[0.8976135  1.15235904 0.95002746]
Classification: 1.0 0.94375 354
(26, 8)
(38, 8)
(56, 8)
[0.8976135  1.15235904 0.95002746]
Classification: 1.0 0.94375 355
(26, 8)
(38, 8)
(56, 8)
[0.8976135  1.15235904 0.95002746]
Classification: 1.0 0.94375 356
(26, 8)
(38, 8)
(56, 8)
[0.8976135  1.15235904 0.95002746]
Classification: 1.0 0.94375 357
(26, 8)
(38, 8)
(56, 8)
[0.8976135  1.15235904 0.95002746]
Classification: 1.0 0.94375 358
(26, 8)
(38, 8)
(56, 8)
[0.8976135  1.15235904 0.95002746]
Classification: 1.0 0.94375 359
(26, 8)
(38, 8)
(56, 8)
[0.8976135  1.15235904 0.95002746]
Classification: 1.0 0.94375 360
(26, 8)
(38, 8)
(56, 8)
[0.8976135  1.15235904 0.95002746]
Classification: 1.0 0.94375 361
(26, 8)
(38, 8)
(56, 8)
[0.8976135  1.15235904 0.95002746]
Classification: 1.0 0.94375 362
(26, 8)
(38, 8)
(56, 8)
[0.8976135  1.15235904 0.95002746]
Classification: 1.0 0.94375 363
(26, 8)
(38, 8)
(56, 8)
[0.8976135  1.15235904 0.95002746]
Classification: 1.0 0.94375 364
(26, 8)
(38, 8)
(56, 8)
[0.8976135  1.15235904 0.95002746]
Classification: 1.0 0.94375 365
(26, 8)
(38, 8)
(56, 8)
[0.8976135  1.15235904 0.95002746]
Classification: 1.0 0.94375 366
(26, 8)
(38, 8)
(56, 8)
[0.8976135  1.15235904 0.95002746]
Classification: 1.0 0.94375 367
(26, 8)
(38, 8)
(56, 8)
[0.8976135  1.15235904 0.95002746]
Classification: 1.0 0.94375 368
(26, 8)
(38, 8)
(56, 8)
[0.8976135  1.15235904 0.95002746]
Classification: 1.0 0.94375 369
(26, 8)
(38, 8)
(56, 8)
[0.8976135  1.15235904 0.95002746]
Classification: 1.0 0.94375 370
(26, 8)
(38, 8)
(56, 8)
[0.8976135  1.15235904 0.95002746]
Classification: 1.0 0.94375 371
(26, 8)
(38, 8)
(56, 8)
[0.8976135  1.15235904 0.95002746]
Classification: 1.0 0.94375 372
(26, 8)
(38, 8)
(56, 8)
[0.8976135  1.15235904 0.95002746]
Classification: 1.0 0.94375 373
(26, 8)
(38, 8)
(56, 8)
[0.8976135  1.15235904 0.95002746]
Classification: 1.0 0.94375 374
(26, 8)
(38, 8)
(56, 8)
[0.8976135  1.15235904 0.95002746]
Classification: 1.0 0.94375 375
(26, 8)
(38, 8)
(56, 8)
[0.8976135  1.15235904 0.95002746]
Classification: 1.0 0.94375 376
(26, 8)
(38, 8)
(56, 8)
[0.8976135  1.15235904 0.95002746]
Classification: 1.0 0.94375 377
(26, 8)
(38, 8)
(56, 8)
[0.8976135  1.15235904 0.95002746]
Classification: 1.0 0.94375 378
(26, 8)
(38, 8)
(56, 8)
[0.8976135  1.15235904 0.95002746]
Classification: 1.0 0.94375 379
(26, 8)
(38, 8)
(56, 8)
[0.8976135  1.15235904 0.95002746]
Classification: 1.0 0.94375 380
(26, 8)
(38, 8)
(56, 8)
[0.8976135  1.15235904 0.95002746]
Classification: 1.0 0.94375 381
(26, 8)
(38, 8)
(56, 8)
[0.8976135  1.15235904 0.95002746]
Classification: 1.0 0.94375 382
(26, 8)
(38, 8)
(56, 8)
[0.8976135  1.15235904 0.95002746]
Classification: 1.0 0.94375 383
(26, 8)
(38, 8)
(56, 8)
[0.8976135  1.15235904 0.95002746]
Classification: 1.0 0.94375 384
(26, 8)
(38, 8)
(56, 8)
[0.8976135  1.15235904 0.95002746]
Classification: 1.0 0.94375 385
(26, 8)
(38, 8)
(56, 8)
[0.8976135  1.15235904 0.95002746]
Classification: 1.0 0.94375 386
(26, 8)
(38, 8)
(56, 8)
[0.8976135  1.15235904 0.95002746]
Classification: 1.0 0.94375 387
(26, 8)
(38, 8)
(56, 8)
[0.8976135  1.15235904 0.95002746]
Classification: 1.0 0.94375 388
(26, 8)
(38, 8)
(56, 8)
[0.8976135  1.15235904 0.95002746]
Classification: 1.0 0.94375 389
(26, 8)
(38, 8)
(56, 8)
[0.8976135  1.15235904 0.95002746]
Classification: 1.0 0.94375 390
(26, 8)
(38, 8)
(56, 8)
[0.8976135  1.15235904 0.95002746]
Classification: 1.0 0.94375 391
(26, 8)
(38, 8)
(56, 8)
[0.8976135  1.15235904 0.95002746]
Classification: 1.0 0.94375 392
(26, 8)
(38, 8)
(56, 8)
[0.8976135  1.15235904 0.95002746]
Classification: 1.0 0.94375 393
(26, 8)
(38, 8)
(56, 8)
[0.8976135  1.15235904 0.95002746]
Classification: 1.0 0.94375 394
(26, 8)
(38, 8)
(56, 8)
[0.8976135  1.15235904 0.95002746]
Classification: 1.0 0.94375 395
(26, 8)
(38, 8)
(56, 8)
[0.8976135  1.15235904 0.95002746]
Classification: 1.0 0.94375 396
(26, 8)
(38, 8)
(56, 8)
[0.8976135  1.15235904 0.95002746]
Classification: 1.0 0.94375 397
(26, 8)
(38, 8)
(56, 8)
[0.8976135  1.15235904 0.95002746]
Classification: 1.0 0.94375 398
(26, 8)
(38, 8)
(56, 8)
[0.8976135  1.15235904 0.95002746]
Classification: 1.0 0.94375 399
(26, 8)
(38, 8)
(56, 8)
[0.8976135  1.15235904 0.95002746]
Classification: 1.0 0.94375 400
(26, 8)
(38, 8)
(56, 8)
[0.8976135  1.15235904 0.95002746]
Classification: 1.0 0.94375 401
(26, 8)
(38, 8)
(56, 8)
[0.8976135  1.15235904 0.95002746]
Classification: 1.0 0.94375 402
(26, 8)
(38, 8)
(56, 8)
[0.8976135  1.15235904 0.95002746]
Classification: 1.0 0.94375 403
(26, 8)
(38, 8)
(56, 8)
[0.8976135  1.15235904 0.95002746]
Classification: 1.0 0.94375 404
(26, 8)
(38, 8)
(56, 8)
[0.8976135  1.15235904 0.95002746]
Classification: 1.0 0.94375 405
(26, 8)
(38, 8)
(56, 8)
[0.8976135  1.15235904 0.95002746]
Classification: 1.0 0.94375 406
(26, 8)
(38, 8)
(56, 8)
[0.8976135  1.15235904 0.95002746]
Classification: 1.0 0.94375 407
(26, 8)
(38, 8)
(56, 8)
[0.8976135  1.15235904 0.95002746]
Classification: 1.0 0.94375 408
(26, 8)
(38, 8)
(56, 8)
[0.8976135  1.15235904 0.95002746]
Classification: 1.0 0.94375 409
(26, 8)
(38, 8)
(56, 8)
[0.8976135  1.15235904 0.95002746]
Classification: 1.0 0.94375 410
(26, 8)
(38, 8)
(56, 8)
[0.8976135  1.15235904 0.95002746]
Classification: 1.0 0.94375 411
(26, 8)
(38, 8)
(56, 8)
[0.8976135  1.15235904 0.95002746]
Classification: 1.0 0.94375 412
(26, 8)
(38, 8)
(56, 8)
[0.8976135  1.15235904 0.95002746]
Classification: 1.0 0.94375 413
(26, 8)
(38, 8)
(56, 8)
[0.8976135  1.15235904 0.95002746]
Classification: 1.0 0.94375 414
(26, 8)
(38, 8)
(56, 8)
[0.8976135  1.15235904 0.95002746]
Classification: 1.0 0.94375 415
(26, 8)
(38, 8)
(56, 8)
[0.8976135  1.15235904 0.95002746]
Classification: 1.0 0.94375 416
(26, 8)
(38, 8)
(56, 8)
[0.8976135  1.15235904 0.95002746]
Classification: 1.0 0.94375 417
(26, 8)
(38, 8)
(56, 8)
[0.8976135  1.15235904 0.95002746]
Classification: 1.0 0.94375 418
(26, 8)
(38, 8)
(56, 8)
[0.8976135  1.15235904 0.95002746]
Classification: 1.0 0.94375 419
(26, 8)
(38, 8)
(56, 8)
[0.8976135  1.15235904 0.95002746]
Classification: 1.0 0.94375 420
(26, 8)
(38, 8)
(56, 8)
[0.8976135  1.15235904 0.95002746]
Classification: 1.0 0.94375 421
(26, 8)
(38, 8)
(56, 8)
[0.8976135  1.15235904 0.95002746]
Classification: 1.0 0.94375 422
(26, 8)
(38, 8)
(56, 8)
[0.8976135  1.15235904 0.95002746]
Classification: 1.0 0.94375 423
(26, 8)
(38, 8)
(56, 8)
[0.8976135  1.15235904 0.95002746]
Classification: 1.0 0.94375 424
(26, 8)
(38, 8)
(56, 8)
[0.8976135  1.15235904 0.95002746]
Classification: 1.0 0.94375 425
(26, 8)
(38, 8)
(56, 8)
[0.8976135  1.15235904 0.95002746]
Classification: 1.0 0.94375 426
(26, 8)
(38, 8)
(56, 8)
[0.8976135  1.15235904 0.95002746]
Classification: 1.0 0.94375 427
(26, 8)
(38, 8)
(56, 8)
[0.8976135  1.15235904 0.95002746]
Classification: 1.0 0.94375 428
(26, 8)
(38, 8)
(56, 8)
[0.8976135  1.15235904 0.95002746]
Classification: 1.0 0.94375 429
(26, 8)
(38, 8)
(56, 8)
[0.8976135  1.15235904 0.95002746]
Classification: 1.0 0.94375 430
(26, 8)
(38, 8)
(56, 8)
[0.8976135  1.15235904 0.95002746]
Classification: 1.0 0.94375 431
(26, 8)
(38, 8)
(56, 8)
[0.8976135  1.15235904 0.95002746]
Classification: 1.0 0.94375 432
(26, 8)
/mnt/data/user_liangzhiyu/envs/fedcsl/lib/python3.8/site-packages/numpy/core/_methods.py:190: RuntimeWarning: invalid value encountered in double_scalars
  ret = ret.dtype.type(ret / rcount)
/mnt/data/user_liangzhiyu/envs/fedcsl/lib/python3.8/site-packages/numpy/core/fromnumeric.py:3432: RuntimeWarning: Mean of empty slice.
  return _methods._mean(a, axis=axis, dtype=dtype,
/mnt/data/user_liangzhiyu/envs/fedcsl/lib/python3.8/site-packages/numpy/core/_methods.py:190: RuntimeWarning: invalid value encountered in double_scalars
  ret = ret.dtype.type(ret / rcount)
/mnt/data/user_liangzhiyu/envs/fedcsl/lib/python3.8/site-packages/numpy/core/fromnumeric.py:3432: RuntimeWarning: Mean of empty slice.
  return _methods._mean(a, axis=axis, dtype=dtype,
/mnt/data/user_liangzhiyu/envs/fedcsl/lib/python3.8/site-packages/numpy/core/_methods.py:190: RuntimeWarning: invalid value encountered in double_scalars
  ret = ret.dtype.type(ret / rcount)
/mnt/data/user_liangzhiyu/envs/fedcsl/lib/python3.8/site-packages/numpy/core/fromnumeric.py:3432: RuntimeWarning: Mean of empty slice.
  return _methods._mean(a, axis=axis, dtype=dtype,
/mnt/data/user_liangzhiyu/envs/fedcsl/lib/python3.8/site-packages/numpy/core/_methods.py:190: RuntimeWarning: invalid value encountered in double_scalars
  ret = ret.dtype.type(ret / rcount)
/mnt/data/user_liangzhiyu/envs/fedcsl/lib/python3.8/site-packages/numpy/core/fromnumeric.py:3432: RuntimeWarning: Mean of empty slice.
  return _methods._mean(a, axis=axis, dtype=dtype,
/mnt/data/user_liangzhiyu/envs/fedcsl/lib/python3.8/site-packages/numpy/core/_methods.py:190: RuntimeWarning: invalid value encountered in double_scalars
  ret = ret.dtype.type(ret / rcount)
/mnt/data/user_liangzhiyu/envs/fedcsl/lib/python3.8/site-packages/numpy/core/fromnumeric.py:3432: RuntimeWarning: Mean of empty slice.
  return _methods._mean(a, axis=axis, dtype=dtype,
/mnt/data/user_liangzhiyu/envs/fedcsl/lib/python3.8/site-packages/numpy/core/_methods.py:190: RuntimeWarning: invalid value encountered in double_scalars
  ret = ret.dtype.type(ret / rcount)
/mnt/data/user_liangzhiyu/envs/fedcsl/lib/python3.8/site-packages/numpy/core/fromnumeric.py:3432: RuntimeWarning: Mean of empty slice.
  return _methods._mean(a, axis=axis, dtype=dtype,
/mnt/data/user_liangzhiyu/envs/fedcsl/lib/python3.8/site-packages/numpy/core/_methods.py:190: RuntimeWarning: invalid value encountered in double_scalars
  ret = ret.dtype.type(ret / rcount)
/mnt/data/user_liangzhiyu/envs/fedcsl/lib/python3.8/site-packages/numpy/core/fromnumeric.py:3432: RuntimeWarning: Mean of empty slice.
  return _methods._mean(a, axis=axis, dtype=dtype,
/mnt/data/user_liangzhiyu/envs/fedcsl/lib/python3.8/site-packages/numpy/core/_methods.py:190: RuntimeWarning: invalid value encountered in double_scalars
  ret = ret.dtype.type(ret / rcount)
/mnt/data/user_liangzhiyu/envs/fedcsl/lib/python3.8/site-packages/numpy/core/fromnumeric.py:3432: RuntimeWarning: Mean of empty slice.
  return _methods._mean(a, axis=axis, dtype=dtype,
/mnt/data/user_liangzhiyu/envs/fedcsl/lib/python3.8/site-packages/numpy/core/_methods.py:190: RuntimeWarning: invalid value encountered in double_scalars
  ret = ret.dtype.type(ret / rcount)
/mnt/data/user_liangzhiyu/envs/fedcsl/lib/python3.8/site-packages/numpy/core/fromnumeric.py:3432: RuntimeWarning: Mean of empty slice.
  return _methods._mean(a, axis=axis, dtype=dtype,
/mnt/data/user_liangzhiyu/envs/fedcsl/lib/python3.8/site-packages/numpy/core/_methods.py:190: RuntimeWarning: invalid value encountered in double_scalars
  ret = ret.dtype.type(ret / rcount)
/mnt/data/user_liangzhiyu/envs/fedcsl/lib/python3.8/site-packages/numpy/core/fromnumeric.py:3432: RuntimeWarning: Mean of empty slice.
  return _methods._mean(a, axis=axis, dtype=dtype,
/mnt/data/user_liangzhiyu/envs/fedcsl/lib/python3.8/site-packages/numpy/core/_methods.py:190: RuntimeWarning: invalid value encountered in double_scalars
  ret = ret.dtype.type(ret / rcount)
/mnt/data/user_liangzhiyu/envs/fedcsl/lib/python3.8/site-packages/numpy/core/fromnumeric.py:3432: RuntimeWarning: Mean of empty slice.
  return _methods._mean(a, axis=axis, dtype=dtype,
/mnt/data/user_liangzhiyu/envs/fedcsl/lib/python3.8/site-packages/numpy/core/_methods.py:190: RuntimeWarning: invalid value encountered in double_scalars
  ret = ret.dtype.type(ret / rcount)
/mnt/data/user_liangzhiyu/envs/fedcsl/lib/python3.8/site-packages/numpy/core/fromnumeric.py:3432: RuntimeWarning: Mean of empty slice.
  return _methods._mean(a, axis=axis, dtype=dtype,
/mnt/data/user_liangzhiyu/envs/fedcsl/lib/python3.8/site-packages/numpy/core/_methods.py:190: RuntimeWarning: invalid value encountered in double_scalars
  ret = ret.dtype.type(ret / rcount)
/mnt/data/user_liangzhiyu/envs/fedcsl/lib/python3.8/site-packages/numpy/core/fromnumeric.py:3432: RuntimeWarning: Mean of empty slice.
  return _methods._mean(a, axis=axis, dtype=dtype,
/mnt/data/user_liangzhiyu/envs/fedcsl/lib/python3.8/site-packages/numpy/core/_methods.py:190: RuntimeWarning: invalid value encountered in double_scalars
  ret = ret.dtype.type(ret / rcount)
/mnt/data/user_liangzhiyu/envs/fedcsl/lib/python3.8/site-packages/numpy/core/fromnumeric.py:3432: RuntimeWarning: Mean of empty slice.
  return _methods._mean(a, axis=axis, dtype=dtype,
/mnt/data/user_liangzhiyu/envs/fedcsl/lib/python3.8/site-packages/numpy/core/_methods.py:190: RuntimeWarning: invalid value encountered in double_scalars
  ret = ret.dtype.type(ret / rcount)
/mnt/data/user_liangzhiyu/envs/fedcsl/lib/python3.8/site-packages/numpy/core/fromnumeric.py:3432: RuntimeWarning: Mean of empty slice.
  return _methods._mean(a, axis=axis, dtype=dtype,
/mnt/data/user_liangzhiyu/envs/fedcsl/lib/python3.8/site-packages/numpy/core/_methods.py:190: RuntimeWarning: invalid value encountered in double_scalars
  ret = ret.dtype.type(ret / rcount)
/mnt/data/user_liangzhiyu/envs/fedcsl/lib/python3.8/site-packages/numpy/core/fromnumeric.py:3432: RuntimeWarning: Mean of empty slice.
  return _methods._mean(a, axis=axis, dtype=dtype,
/mnt/data/user_liangzhiyu/envs/fedcsl/lib/python3.8/site-packages/numpy/core/_methods.py:190: RuntimeWarning: invalid value encountered in double_scalars
  ret = ret.dtype.type(ret / rcount)
/mnt/data/user_liangzhiyu/envs/fedcsl/lib/python3.8/site-packages/numpy/core/fromnumeric.py:3432: RuntimeWarning: Mean of empty slice.
  return _methods._mean(a, axis=axis, dtype=dtype,
/mnt/data/user_liangzhiyu/envs/fedcsl/lib/python3.8/site-packages/numpy/core/_methods.py:190: RuntimeWarning: invalid value encountered in double_scalars
  ret = ret.dtype.type(ret / rcount)
/mnt/data/user_liangzhiyu/envs/fedcsl/lib/python3.8/site-packages/numpy/core/fromnumeric.py:3432: RuntimeWarning: Mean of empty slice.
  return _methods._mean(a, axis=axis, dtype=dtype,
/mnt/data/user_liangzhiyu/envs/fedcsl/lib/python3.8/site-packages/numpy/core/_methods.py:190: RuntimeWarning: invalid value encountered in double_scalars
  ret = ret.dtype.type(ret / rcount)
/mnt/data/user_liangzhiyu/envs/fedcsl/lib/python3.8/site-packages/numpy/core/fromnumeric.py:3432: RuntimeWarning: Mean of empty slice.
  return _methods._mean(a, axis=axis, dtype=dtype,
/mnt/data/user_liangzhiyu/envs/fedcsl/lib/python3.8/site-packages/numpy/core/_methods.py:190: RuntimeWarning: invalid value encountered in double_scalars
  ret = ret.dtype.type(ret / rcount)
/mnt/data/user_liangzhiyu/envs/fedcsl/lib/python3.8/site-packages/numpy/core/fromnumeric.py:3432: RuntimeWarning: Mean of empty slice.
  return _methods._mean(a, axis=axis, dtype=dtype,
/mnt/data/user_liangzhiyu/envs/fedcsl/lib/python3.8/site-packages/numpy/core/_methods.py:190: RuntimeWarning: invalid value encountered in double_scalars
  ret = ret.dtype.type(ret / rcount)
/mnt/data/user_liangzhiyu/envs/fedcsl/lib/python3.8/site-packages/numpy/core/fromnumeric.py:3432: RuntimeWarning: Mean of empty slice.
  return _methods._mean(a, axis=axis, dtype=dtype,
/mnt/data/user_liangzhiyu/envs/fedcsl/lib/python3.8/site-packages/numpy/core/_methods.py:190: RuntimeWarning: invalid value encountered in double_scalars
  ret = ret.dtype.type(ret / rcount)
/mnt/data/user_liangzhiyu/envs/fedcsl/lib/python3.8/site-packages/numpy/core/fromnumeric.py:3432: RuntimeWarning: Mean of empty slice.
  return _methods._mean(a, axis=axis, dtype=dtype,
/mnt/data/user_liangzhiyu/envs/fedcsl/lib/python3.8/site-packages/numpy/core/_methods.py:190: RuntimeWarning: invalid value encountered in double_scalars
  ret = ret.dtype.type(ret / rcount)
/mnt/data/user_liangzhiyu/envs/fedcsl/lib/python3.8/site-packages/numpy/core/fromnumeric.py:3432: RuntimeWarning: Mean of empty slice.
  return _methods._mean(a, axis=axis, dtype=dtype,
/mnt/data/user_liangzhiyu/envs/fedcsl/lib/python3.8/site-packages/numpy/core/_methods.py:190: RuntimeWarning: invalid value encountered in double_scalars
  ret = ret.dtype.type(ret / rcount)
/mnt/data/user_liangzhiyu/envs/fedcsl/lib/python3.8/site-packages/numpy/core/fromnumeric.py:3432: RuntimeWarning: Mean of empty slice.
  return _methods._mean(a, axis=axis, dtype=dtype,
/mnt/data/user_liangzhiyu/envs/fedcsl/lib/python3.8/site-packages/numpy/core/_methods.py:190: RuntimeWarning: invalid value encountered in double_scalars
  ret = ret.dtype.type(ret / rcount)
/mnt/data/user_liangzhiyu/envs/fedcsl/lib/python3.8/site-packages/numpy/core/fromnumeric.py:3432: RuntimeWarning: Mean of empty slice.
  return _methods._mean(a, axis=axis, dtype=dtype,
/mnt/data/user_liangzhiyu/envs/fedcsl/lib/python3.8/site-packages/numpy/core/_methods.py:190: RuntimeWarning: invalid value encountered in double_scalars
  ret = ret.dtype.type(ret / rcount)
/mnt/data/user_liangzhiyu/envs/fedcsl/lib/python3.8/site-packages/numpy/core/fromnumeric.py:3432: RuntimeWarning: Mean of empty slice.
  return _methods._mean(a, axis=axis, dtype=dtype,
/mnt/data/user_liangzhiyu/envs/fedcsl/lib/python3.8/site-packages/numpy/core/_methods.py:190: RuntimeWarning: invalid value encountered in double_scalars
  ret = ret.dtype.type(ret / rcount)
/mnt/data/user_liangzhiyu/envs/fedcsl/lib/python3.8/site-packages/numpy/core/fromnumeric.py:3432: RuntimeWarning: Mean of empty slice.
  return _methods._mean(a, axis=axis, dtype=dtype,
/mnt/data/user_liangzhiyu/envs/fedcsl/lib/python3.8/site-packages/numpy/core/_methods.py:190: RuntimeWarning: invalid value encountered in double_scalars
  ret = ret.dtype.type(ret / rcount)
/mnt/data/user_liangzhiyu/envs/fedcsl/lib/python3.8/site-packages/numpy/core/fromnumeric.py:3432: RuntimeWarning: Mean of empty slice.
  return _methods._mean(a, axis=axis, dtype=dtype,
/mnt/data/user_liangzhiyu/envs/fedcsl/lib/python3.8/site-packages/numpy/core/_methods.py:190: RuntimeWarning: invalid value encountered in double_scalars
  ret = ret.dtype.type(ret / rcount)
/mnt/data/user_liangzhiyu/envs/fedcsl/lib/python3.8/site-packages/numpy/core/fromnumeric.py:3432: RuntimeWarning: Mean of empty slice.
  return _methods._mean(a, axis=axis, dtype=dtype,
/mnt/data/user_liangzhiyu/envs/fedcsl/lib/python3.8/site-packages/numpy/core/_methods.py:190: RuntimeWarning: invalid value encountered in double_scalars
  ret = ret.dtype.type(ret / rcount)
/mnt/data/user_liangzhiyu/envs/fedcsl/lib/python3.8/site-packages/numpy/core/fromnumeric.py:3432: RuntimeWarning: Mean of empty slice.
  return _methods._mean(a, axis=axis, dtype=dtype,
/mnt/data/user_liangzhiyu/envs/fedcsl/lib/python3.8/site-packages/numpy/core/_methods.py:190: RuntimeWarning: invalid value encountered in double_scalars
  ret = ret.dtype.type(ret / rcount)
/mnt/data/user_liangzhiyu/envs/fedcsl/lib/python3.8/site-packages/numpy/core/fromnumeric.py:3432: RuntimeWarning: Mean of empty slice.
  return _methods._mean(a, axis=axis, dtype=dtype,
/mnt/data/user_liangzhiyu/envs/fedcsl/lib/python3.8/site-packages/numpy/core/_methods.py:190: RuntimeWarning: invalid value encountered in double_scalars
  ret = ret.dtype.type(ret / rcount)
/mnt/data/user_liangzhiyu/envs/fedcsl/lib/python3.8/site-packages/numpy/core/fromnumeric.py:3432: RuntimeWarning: Mean of empty slice.
  return _methods._mean(a, axis=axis, dtype=dtype,
/mnt/data/user_liangzhiyu/envs/fedcsl/lib/python3.8/site-packages/numpy/core/_methods.py:190: RuntimeWarning: invalid value encountered in double_scalars
  ret = ret.dtype.type(ret / rcount)
/mnt/data/user_liangzhiyu/envs/fedcsl/lib/python3.8/site-packages/numpy/core/fromnumeric.py:3432: RuntimeWarning: Mean of empty slice.
  return _methods._mean(a, axis=axis, dtype=dtype,
/mnt/data/user_liangzhiyu/envs/fedcsl/lib/python3.8/site-packages/numpy/core/_methods.py:190: RuntimeWarning: invalid value encountered in double_scalars
  ret = ret.dtype.type(ret / rcount)
/mnt/data/user_liangzhiyu/envs/fedcsl/lib/python3.8/site-packages/numpy/core/fromnumeric.py:3432: RuntimeWarning: Mean of empty slice.
  return _methods._mean(a, axis=axis, dtype=dtype,
/mnt/data/user_liangzhiyu/envs/fedcsl/lib/python3.8/site-packages/numpy/core/_methods.py:190: RuntimeWarning: invalid value encountered in double_scalars
  ret = ret.dtype.type(ret / rcount)
/mnt/data/user_liangzhiyu/envs/fedcsl/lib/python3.8/site-packages/numpy/core/fromnumeric.py:3432: RuntimeWarning: Mean of empty slice.
  return _methods._mean(a, axis=axis, dtype=dtype,
/mnt/data/user_liangzhiyu/envs/fedcsl/lib/python3.8/site-packages/numpy/core/_methods.py:190: RuntimeWarning: invalid value encountered in double_scalars
  ret = ret.dtype.type(ret / rcount)
/mnt/data/user_liangzhiyu/envs/fedcsl/lib/python3.8/site-packages/numpy/core/fromnumeric.py:3432: RuntimeWarning: Mean of empty slice.
  return _methods._mean(a, axis=axis, dtype=dtype,
/mnt/data/user_liangzhiyu/envs/fedcsl/lib/python3.8/site-packages/numpy/core/_methods.py:190: RuntimeWarning: invalid value encountered in double_scalars
  ret = ret.dtype.type(ret / rcount)
/mnt/data/user_liangzhiyu/envs/fedcsl/lib/python3.8/site-packages/numpy/core/fromnumeric.py:3432: RuntimeWarning: Mean of empty slice.
  return _methods._mean(a, axis=axis, dtype=dtype,
/mnt/data/user_liangzhiyu/envs/fedcsl/lib/python3.8/site-packages/numpy/core/_methods.py:190: RuntimeWarning: invalid value encountered in double_scalars
  ret = ret.dtype.type(ret / rcount)
/mnt/data/user_liangzhiyu/envs/fedcsl/lib/python3.8/site-packages/numpy/core/fromnumeric.py:3432: RuntimeWarning: Mean of empty slice.
  return _methods._mean(a, axis=axis, dtype=dtype,
/mnt/data/user_liangzhiyu/envs/fedcsl/lib/python3.8/site-packages/numpy/core/_methods.py:190: RuntimeWarning: invalid value encountered in double_scalars
  ret = ret.dtype.type(ret / rcount)
/mnt/data/user_liangzhiyu/envs/fedcsl/lib/python3.8/site-packages/numpy/core/fromnumeric.py:3432: RuntimeWarning: Mean of empty slice.
  return _methods._mean(a, axis=axis, dtype=dtype,
/mnt/data/user_liangzhiyu/envs/fedcsl/lib/python3.8/site-packages/numpy/core/_methods.py:190: RuntimeWarning: invalid value encountered in double_scalars
  ret = ret.dtype.type(ret / rcount)
/mnt/data/user_liangzhiyu/envs/fedcsl/lib/python3.8/site-packages/numpy/core/fromnumeric.py:3432: RuntimeWarning: Mean of empty slice.
  return _methods._mean(a, axis=axis, dtype=dtype,
/mnt/data/user_liangzhiyu/envs/fedcsl/lib/python3.8/site-packages/numpy/core/_methods.py:190: RuntimeWarning: invalid value encountered in double_scalars
  ret = ret.dtype.type(ret / rcount)
/mnt/data/user_liangzhiyu/envs/fedcsl/lib/python3.8/site-packages/numpy/core/fromnumeric.py:3432: RuntimeWarning: Mean of empty slice.
  return _methods._mean(a, axis=axis, dtype=dtype,
/mnt/data/user_liangzhiyu/envs/fedcsl/lib/python3.8/site-packages/numpy/core/_methods.py:190: RuntimeWarning: invalid value encountered in double_scalars
  ret = ret.dtype.type(ret / rcount)
/mnt/data/user_liangzhiyu/envs/fedcsl/lib/python3.8/site-packages/numpy/core/fromnumeric.py:3432: RuntimeWarning: Mean of empty slice.
  return _methods._mean(a, axis=axis, dtype=dtype,
/mnt/data/user_liangzhiyu/envs/fedcsl/lib/python3.8/site-packages/numpy/core/_methods.py:190: RuntimeWarning: invalid value encountered in double_scalars
  ret = ret.dtype.type(ret / rcount)
/mnt/data/user_liangzhiyu/envs/fedcsl/lib/python3.8/site-packages/numpy/core/fromnumeric.py:3432: RuntimeWarning: Mean of empty slice.
  return _methods._mean(a, axis=axis, dtype=dtype,
/mnt/data/user_liangzhiyu/envs/fedcsl/lib/python3.8/site-packages/numpy/core/_methods.py:190: RuntimeWarning: invalid value encountered in double_scalars
  ret = ret.dtype.type(ret / rcount)
/mnt/data/user_liangzhiyu/envs/fedcsl/lib/python3.8/site-packages/numpy/core/fromnumeric.py:3432: RuntimeWarning: Mean of empty slice.
  return _methods._mean(a, axis=axis, dtype=dtype,
/mnt/data/user_liangzhiyu/envs/fedcsl/lib/python3.8/site-packages/numpy/core/_methods.py:190: RuntimeWarning: invalid value encountered in double_scalars
  ret = ret.dtype.type(ret / rcount)
/mnt/data/user_liangzhiyu/envs/fedcsl/lib/python3.8/site-packages/numpy/core/fromnumeric.py:3432: RuntimeWarning: Mean of empty slice.
  return _methods._mean(a, axis=axis, dtype=dtype,
/mnt/data/user_liangzhiyu/envs/fedcsl/lib/python3.8/site-packages/numpy/core/_methods.py:190: RuntimeWarning: invalid value encountered in double_scalars
  ret = ret.dtype.type(ret / rcount)
/mnt/data/user_liangzhiyu/envs/fedcsl/lib/python3.8/site-packages/numpy/core/fromnumeric.py:3432: RuntimeWarning: Mean of empty slice.
  return _methods._mean(a, axis=axis, dtype=dtype,
/mnt/data/user_liangzhiyu/envs/fedcsl/lib/python3.8/site-packages/numpy/core/_methods.py:190: RuntimeWarning: invalid value encountered in double_scalars
  ret = ret.dtype.type(ret / rcount)
/mnt/data/user_liangzhiyu/envs/fedcsl/lib/python3.8/site-packages/numpy/core/fromnumeric.py:3432: RuntimeWarning: Mean of empty slice.
  return _methods._mean(a, axis=axis, dtype=dtype,
/mnt/data/user_liangzhiyu/envs/fedcsl/lib/python3.8/site-packages/numpy/core/_methods.py:190: RuntimeWarning: invalid value encountered in double_scalars
  ret = ret.dtype.type(ret / rcount)
/mnt/data/user_liangzhiyu/envs/fedcsl/lib/python3.8/site-packages/numpy/core/fromnumeric.py:3432: RuntimeWarning: Mean of empty slice.
  return _methods._mean(a, axis=axis, dtype=dtype,
/mnt/data/user_liangzhiyu/envs/fedcsl/lib/python3.8/site-packages/numpy/core/_methods.py:190: RuntimeWarning: invalid value encountered in double_scalars
  ret = ret.dtype.type(ret / rcount)
/mnt/data/user_liangzhiyu/envs/fedcsl/lib/python3.8/site-packages/numpy/core/fromnumeric.py:3432: RuntimeWarning: Mean of empty slice.
  return _methods._mean(a, axis=axis, dtype=dtype,
/mnt/data/user_liangzhiyu/envs/fedcsl/lib/python3.8/site-packages/numpy/core/_methods.py:190: RuntimeWarning: invalid value encountered in double_scalars
  ret = ret.dtype.type(ret / rcount)
/mnt/data/user_liangzhiyu/envs/fedcsl/lib/python3.8/site-packages/numpy/core/fromnumeric.py:3432: RuntimeWarning: Mean of empty slice.
  return _methods._mean(a, axis=axis, dtype=dtype,
/mnt/data/user_liangzhiyu/envs/fedcsl/lib/python3.8/site-packages/numpy/core/_methods.py:190: RuntimeWarning: invalid value encountered in double_scalars
  ret = ret.dtype.type(ret / rcount)
/mnt/data/user_liangzhiyu/envs/fedcsl/lib/python3.8/site-packages/numpy/core/fromnumeric.py:3432: RuntimeWarning: Mean of empty slice.
  return _methods._mean(a, axis=axis, dtype=dtype,
/mnt/data/user_liangzhiyu/envs/fedcsl/lib/python3.8/site-packages/numpy/core/_methods.py:190: RuntimeWarning: invalid value encountered in double_scalars
  ret = ret.dtype.type(ret / rcount)
/mnt/data/user_liangzhiyu/envs/fedcsl/lib/python3.8/site-packages/numpy/core/fromnumeric.py:3432: RuntimeWarning: Mean of empty slice.
  return _methods._mean(a, axis=axis, dtype=dtype,
/mnt/data/user_liangzhiyu/envs/fedcsl/lib/python3.8/site-packages/numpy/core/_methods.py:190: RuntimeWarning: invalid value encountered in double_scalars
  ret = ret.dtype.type(ret / rcount)
/mnt/data/user_liangzhiyu/envs/fedcsl/lib/python3.8/site-packages/numpy/core/fromnumeric.py:3432: RuntimeWarning: Mean of empty slice.
  return _methods._mean(a, axis=axis, dtype=dtype,
/mnt/data/user_liangzhiyu/envs/fedcsl/lib/python3.8/site-packages/numpy/core/_methods.py:190: RuntimeWarning: invalid value encountered in double_scalars
  ret = ret.dtype.type(ret / rcount)
/mnt/data/user_liangzhiyu/envs/fedcsl/lib/python3.8/site-packages/numpy/core/fromnumeric.py:3432: RuntimeWarning: Mean of empty slice.
  return _methods._mean(a, axis=axis, dtype=dtype,
/mnt/data/user_liangzhiyu/envs/fedcsl/lib/python3.8/site-packages/numpy/core/_methods.py:190: RuntimeWarning: invalid value encountered in double_scalars
  ret = ret.dtype.type(ret / rcount)
/mnt/data/user_liangzhiyu/envs/fedcsl/lib/python3.8/site-packages/numpy/core/fromnumeric.py:3432: RuntimeWarning: Mean of empty slice.
  return _methods._mean(a, axis=axis, dtype=dtype,
/mnt/data/user_liangzhiyu/envs/fedcsl/lib/python3.8/site-packages/numpy/core/_methods.py:190: RuntimeWarning: invalid value encountered in double_scalars
  ret = ret.dtype.type(ret / rcount)
/mnt/data/user_liangzhiyu/envs/fedcsl/lib/python3.8/site-packages/numpy/core/fromnumeric.py:3432: RuntimeWarning: Mean of empty slice.
  return _methods._mean(a, axis=axis, dtype=dtype,
/mnt/data/user_liangzhiyu/envs/fedcsl/lib/python3.8/site-packages/numpy/core/_methods.py:190: RuntimeWarning: invalid value encountered in double_scalars
  ret = ret.dtype.type(ret / rcount)
/mnt/data/user_liangzhiyu/envs/fedcsl/lib/python3.8/site-packages/numpy/core/fromnumeric.py:3432: RuntimeWarning: Mean of empty slice.
  return _methods._mean(a, axis=axis, dtype=dtype,
/mnt/data/user_liangzhiyu/envs/fedcsl/lib/python3.8/site-packages/numpy/core/_methods.py:190: RuntimeWarning: invalid value encountered in double_scalars
  ret = ret.dtype.type(ret / rcount)
/mnt/data/user_liangzhiyu/envs/fedcsl/lib/python3.8/site-packages/numpy/core/fromnumeric.py:3432: RuntimeWarning: Mean of empty slice.
  return _methods._mean(a, axis=axis, dtype=dtype,
/mnt/data/user_liangzhiyu/envs/fedcsl/lib/python3.8/site-packages/numpy/core/_methods.py:190: RuntimeWarning: invalid value encountered in double_scalars
  ret = ret.dtype.type(ret / rcount)
/mnt/data/user_liangzhiyu/envs/fedcsl/lib/python3.8/site-packages/numpy/core/fromnumeric.py:3432: RuntimeWarning: Mean of empty slice.
  return _methods._mean(a, axis=axis, dtype=dtype,
/mnt/data/user_liangzhiyu/envs/fedcsl/lib/python3.8/site-packages/numpy/core/_methods.py:190: RuntimeWarning: invalid value encountered in double_scalars
  ret = ret.dtype.type(ret / rcount)
/mnt/data/user_liangzhiyu/envs/fedcsl/lib/python3.8/site-packages/numpy/core/fromnumeric.py:3432: RuntimeWarning: Mean of empty slice.
  return _methods._mean(a, axis=axis, dtype=dtype,
/mnt/data/user_liangzhiyu/envs/fedcsl/lib/python3.8/site-packages/numpy/core/_methods.py:190: RuntimeWarning: invalid value encountered in double_scalars
  ret = ret.dtype.type(ret / rcount)
/mnt/data/user_liangzhiyu/envs/fedcsl/lib/python3.8/site-packages/numpy/core/fromnumeric.py:3432: RuntimeWarning: Mean of empty slice.
  return _methods._mean(a, axis=axis, dtype=dtype,
/mnt/data/user_liangzhiyu/envs/fedcsl/lib/python3.8/site-packages/numpy/core/_methods.py:190: RuntimeWarning: invalid value encountered in double_scalars
  ret = ret.dtype.type(ret / rcount)
/mnt/data/user_liangzhiyu/envs/fedcsl/lib/python3.8/site-packages/numpy/core/fromnumeric.py:3432: RuntimeWarning: Mean of empty slice.
  return _methods._mean(a, axis=axis, dtype=dtype,
/mnt/data/user_liangzhiyu/envs/fedcsl/lib/python3.8/site-packages/numpy/core/_methods.py:190: RuntimeWarning: invalid value encountered in double_scalars
  ret = ret.dtype.type(ret / rcount)
/mnt/data/user_liangzhiyu/envs/fedcsl/lib/python3.8/site-packages/numpy/core/fromnumeric.py:3432: RuntimeWarning: Mean of empty slice.
  return _methods._mean(a, axis=axis, dtype=dtype,
/mnt/data/user_liangzhiyu/envs/fedcsl/lib/python3.8/site-packages/numpy/core/_methods.py:190: RuntimeWarning: invalid value encountered in double_scalars
  ret = ret.dtype.type(ret / rcount)
/mnt/data/user_liangzhiyu/envs/fedcsl/lib/python3.8/site-packages/numpy/core/fromnumeric.py:3432: RuntimeWarning: Mean of empty slice.
  return _methods._mean(a, axis=axis, dtype=dtype,
/mnt/data/user_liangzhiyu/envs/fedcsl/lib/python3.8/site-packages/numpy/core/_methods.py:190: RuntimeWarning: invalid value encountered in double_scalars
  ret = ret.dtype.type(ret / rcount)
/mnt/data/user_liangzhiyu/envs/fedcsl/lib/python3.8/site-packages/numpy/core/fromnumeric.py:3432: RuntimeWarning: Mean of empty slice.
  return _methods._mean(a, axis=axis, dtype=dtype,
/mnt/data/user_liangzhiyu/envs/fedcsl/lib/python3.8/site-packages/numpy/core/_methods.py:190: RuntimeWarning: invalid value encountered in double_scalars
  ret = ret.dtype.type(ret / rcount)
/mnt/data/user_liangzhiyu/envs/fedcsl/lib/python3.8/site-packages/numpy/core/fromnumeric.py:3432: RuntimeWarning: Mean of empty slice.
  return _methods._mean(a, axis=axis, dtype=dtype,
/mnt/data/user_liangzhiyu/envs/fedcsl/lib/python3.8/site-packages/numpy/core/_methods.py:190: RuntimeWarning: invalid value encountered in double_scalars
  ret = ret.dtype.type(ret / rcount)
/mnt/data/user_liangzhiyu/envs/fedcsl/lib/python3.8/site-packages/numpy/core/fromnumeric.py:3432: RuntimeWarning: Mean of empty slice.
  return _methods._mean(a, axis=axis, dtype=dtype,
/mnt/data/user_liangzhiyu/envs/fedcsl/lib/python3.8/site-packages/numpy/core/_methods.py:190: RuntimeWarning: invalid value encountered in double_scalars
  ret = ret.dtype.type(ret / rcount)
/mnt/data/user_liangzhiyu/envs/fedcsl/lib/python3.8/site-packages/numpy/core/fromnumeric.py:3432: RuntimeWarning: Mean of empty slice.
  return _methods._mean(a, axis=axis, dtype=dtype,
/mnt/data/user_liangzhiyu/envs/fedcsl/lib/python3.8/site-packages/numpy/core/_methods.py:190: RuntimeWarning: invalid value encountered in double_scalars
  ret = ret.dtype.type(ret / rcount)
/mnt/data/user_liangzhiyu/envs/fedcsl/lib/python3.8/site-packages/numpy/core/fromnumeric.py:3432: RuntimeWarning: Mean of empty slice.
  return _methods._mean(a, axis=axis, dtype=dtype,
/mnt/data/user_liangzhiyu/envs/fedcsl/lib/python3.8/site-packages/numpy/core/_methods.py:190: RuntimeWarning: invalid value encountered in double_scalars
  ret = ret.dtype.type(ret / rcount)
/mnt/data/user_liangzhiyu/envs/fedcsl/lib/python3.8/site-packages/numpy/core/fromnumeric.py:3432: RuntimeWarning: Mean of empty slice.
  return _methods._mean(a, axis=axis, dtype=dtype,
/mnt/data/user_liangzhiyu/envs/fedcsl/lib/python3.8/site-packages/numpy/core/_methods.py:190: RuntimeWarning: invalid value encountered in double_scalars
  ret = ret.dtype.type(ret / rcount)
/mnt/data/user_liangzhiyu/envs/fedcsl/lib/python3.8/site-packages/numpy/core/fromnumeric.py:3432: RuntimeWarning: Mean of empty slice.
  return _methods._mean(a, axis=axis, dtype=dtype,
/mnt/data/user_liangzhiyu/envs/fedcsl/lib/python3.8/site-packages/numpy/core/_methods.py:190: RuntimeWarning: invalid value encountered in double_scalars
  ret = ret.dtype.type(ret / rcount)
/mnt/data/user_liangzhiyu/envs/fedcsl/lib/python3.8/site-packages/numpy/core/fromnumeric.py:3432: RuntimeWarning: Mean of empty slice.
  return _methods._mean(a, axis=axis, dtype=dtype,
/mnt/data/user_liangzhiyu/envs/fedcsl/lib/python3.8/site-packages/numpy/core/_methods.py:190: RuntimeWarning: invalid value encountered in double_scalars
  ret = ret.dtype.type(ret / rcount)
(38, 8)
(56, 8)
[0.8976135  1.15235904 0.95002746]
Classification: 1.0 0.94375 433
(26, 8)
(38, 8)
(56, 8)
[0.8976135  1.15235904 0.95002746]
Classification: 1.0 0.94375 434
(26, 8)
(38, 8)
(56, 8)
[0.8976135  1.15235904 0.95002746]
Classification: 1.0 0.94375 435
(26, 8)
(38, 8)
(56, 8)
[0.8976135  1.15235904 0.95002746]
Classification: 1.0 0.94375 436
(26, 8)
(38, 8)
(56, 8)
[0.8976135  1.15235904 0.95002746]
Classification: 1.0 0.94375 437
(26, 8)
(38, 8)
(56, 8)
[0.8976135  1.15235904 0.95002746]
Classification: 1.0 0.94375 438
(26, 8)
(38, 8)
(56, 8)
[0.8976135  1.15235904 0.95002746]
Classification: 1.0 0.94375 439
(26, 8)
(38, 8)
(56, 8)
[0.8976135  1.15235904 0.95002746]
Classification: 1.0 0.94375 440
(26, 8)
(38, 8)
(56, 8)
[0.8976135  1.15235904 0.95002746]
Classification: 1.0 0.94375 441
(26, 8)
(38, 8)
(56, 8)
[0.8976135  1.15235904 0.95002746]
Classification: 1.0 0.94375 442
(26, 8)
(38, 8)
(56, 8)
[0.8976135  1.15235904 0.95002746]
Classification: 1.0 0.94375 443
(26, 8)
(38, 8)
(56, 8)
[0.8976135  1.15235904 0.95002746]
Classification: 1.0 0.94375 444
(26, 8)
(38, 8)
(56, 8)
[0.8976135  1.15235904 0.95002746]
Classification: 1.0 0.94375 445
(26, 8)
(38, 8)
(56, 8)
[0.8976135  1.15235904 0.95002746]
Classification: 1.0 0.94375 446
(26, 8)
(38, 8)
(56, 8)
[0.8976135  1.15235904 0.95002746]
Classification: 1.0 0.94375 447
(26, 8)
(38, 8)
(56, 8)
[0.8976135  1.15235904 0.95002746]
Classification: 1.0 0.94375 448
(26, 8)
(38, 8)
(56, 8)
[0.8976135  1.15235904 0.95002746]
Classification: 1.0 0.94375 449
(26, 8)
(38, 8)
(56, 8)
[0.8976135  1.15235904 0.95002746]
Classification: 1.0 0.94375 450
(26, 8)
(38, 8)
(56, 8)
[0.8976135  1.15235904 0.95002746]
Classification: 1.0 0.94375 451
(26, 8)
(38, 8)
(56, 8)
[0.8976135  1.15235904 0.95002746]
Classification: 1.0 0.94375 452
(26, 8)
(38, 8)
(56, 8)
[0.8976135  1.15235904 0.95002746]
Classification: 1.0 0.94375 453
(26, 8)
(38, 8)
(56, 8)
[0.8976135  1.15235904 0.95002746]
Classification: 1.0 0.94375 454
(26, 8)
(38, 8)
(56, 8)
[0.8976135  1.15235904 0.95002746]
Classification: 1.0 0.94375 455
(26, 8)
(38, 8)
(56, 8)
[0.8976135  1.15235904 0.95002746]
Classification: 1.0 0.94375 456
(26, 8)
(38, 8)
(56, 8)
[0.8976135  1.15235904 0.95002746]
Classification: 1.0 0.94375 457
(26, 8)
(38, 8)
(56, 8)
[0.8976135  1.15235904 0.95002746]
Classification: 1.0 0.94375 458
(26, 8)
(38, 8)
(56, 8)
[0.8976135  1.15235904 0.95002746]
Classification: 1.0 0.94375 459
(26, 8)
(38, 8)
(56, 8)
[0.8976135  1.15235904 0.95002746]
Classification: 1.0 0.94375 460
(26, 8)
(38, 8)
(56, 8)
[0.8976135  1.15235904 0.95002746]
Classification: 1.0 0.94375 461
(26, 8)
(38, 8)
(56, 8)
[0.8976135  1.15235904 0.95002746]
Classification: 1.0 0.94375 462
(26, 8)
(38, 8)
(56, 8)
[0.8976135  1.15235904 0.95002746]
Classification: 1.0 0.94375 463
(26, 8)
(38, 8)
(56, 8)
[0.8976135  1.15235904 0.95002746]
Classification: 1.0 0.94375 464
(26, 8)
(38, 8)
(56, 8)
[0.8976135  1.15235904 0.95002746]
Classification: 1.0 0.94375 465
(26, 8)
(38, 8)
(56, 8)
[0.8976135  1.15235904 0.95002746]
Classification: 1.0 0.94375 466
(26, 8)
(38, 8)
(56, 8)
[0.8976135  1.15235904 0.95002746]
Classification: 1.0 0.94375 467
(26, 8)
(38, 8)
(56, 8)
[0.8976135  1.15235904 0.95002746]
Classification: 1.0 0.94375 468
(26, 8)
(38, 8)
(56, 8)
[0.8976135  1.15235904 0.95002746]
Classification: 1.0 0.94375 469
(26, 8)
(38, 8)
(56, 8)
[0.8976135  1.15235904 0.95002746]
Classification: 1.0 0.94375 470
(26, 8)
(38, 8)
(56, 8)
[0.8976135  1.15235904 0.95002746]
Classification: 1.0 0.94375 471
(26, 8)
(38, 8)
(56, 8)
[0.8976135  1.15235904 0.95002746]
Classification: 1.0 0.94375 472
(26, 8)
(38, 8)
(56, 8)
[0.8976135  1.15235904 0.95002746]
Classification: 1.0 0.94375 473
(26, 8)
(38, 8)
(56, 8)
[0.8976135  1.15235904 0.95002746]
Classification: 1.0 0.94375 474
(26, 8)
(38, 8)
(56, 8)
[0.8976135  1.15235904 0.95002746]
Classification: 1.0 0.94375 475
(26, 8)
(38, 8)
(56, 8)
[0.8976135  1.15235904 0.95002746]
Classification: 1.0 0.94375 476
(26, 8)
(38, 8)
(56, 8)
[0.8976135  1.15235904 0.95002746]
Classification: 1.0 0.94375 477
(26, 8)
(38, 8)
(56, 8)
[0.8976135  1.15235904 0.95002746]
Classification: 1.0 0.94375 478
(26, 8)
(38, 8)
(56, 8)
[0.8976135  1.15235904 0.95002746]
Classification: 1.0 0.94375 479
(26, 8)
(38, 8)
(56, 8)
[0.8976135  1.15235904 0.95002746]
Classification: 1.0 0.94375 480
(26, 8)
(38, 8)
(56, 8)
[0.8976135  1.15235904 0.95002746]
Classification: 1.0 0.94375 481
(26, 8)
(38, 8)
(56, 8)
[0.8976135  1.15235904 0.95002746]
Classification: 1.0 0.94375 482
(26, 8)
(38, 8)
(56, 8)
[0.8976135  1.15235904 0.95002746]
Classification: 1.0 0.94375 483
(26, 8)
(38, 8)
(56, 8)
[0.8976135  1.15235904 0.95002746]
Classification: 1.0 0.94375 484
(26, 8)
(38, 8)
(56, 8)
[0.8976135  1.15235904 0.95002746]
Classification: 1.0 0.94375 485
(26, 8)
(38, 8)
(56, 8)
[0.8976135  1.15235904 0.95002746]
Classification: 1.0 0.94375 486
(26, 8)
(38, 8)
(56, 8)
[0.8976135  1.15235904 0.95002746]
Classification: 1.0 0.94375 487
(26, 8)
(38, 8)
(56, 8)
[0.8976135  1.15235904 0.95002746]
Classification: 1.0 0.94375 488
(26, 8)
(38, 8)
(56, 8)
[0.8976135  1.15235904 0.95002746]
Classification: 1.0 0.94375 489
(26, 8)
(38, 8)
(56, 8)
[0.8976135  1.15235904 0.95002746]
Classification: 1.0 0.94375 490
(26, 8)
(38, 8)
(56, 8)
[0.8976135  1.15235904 0.95002746]
Classification: 1.0 0.94375 491
(26, 8)
(38, 8)
(56, 8)
[0.8976135  1.15235904 0.95002746]
Classification: 1.0 0.94375 492
(26, 8)
(38, 8)
(56, 8)
[0.8976135  1.15235904 0.95002746]
Classification: 1.0 0.94375 493
(26, 8)
(38, 8)
(56, 8)
[0.8976135  1.15235904 0.95002746]
Classification: 1.0 0.94375 494
(26, 8)
(38, 8)
(56, 8)
[0.8976135  1.15235904 0.95002746]
Classification: 1.0 0.94375 495
(26, 8)
(38, 8)
(56, 8)
[0.8976135  1.15235904 0.95002746]
Classification: 1.0 0.94375 496
(26, 8)
(38, 8)
(56, 8)
[0.8976135  1.15235904 0.95002746]
Classification: 1.0 0.94375 497
(26, 8)
(38, 8)
(56, 8)
[0.8976135  1.15235904 0.95002746]
Classification: 1.0 0.94375 498
(26, 8)
(38, 8)
(56, 8)
[0.8976135  1.15235904 0.95002746]
Classification: 1.0 0.94375 499
best round is 0, acc is 0.943750
Model saved to ./checkpoint/UWaveGestureLibrary/2025-03-11-13_UWaveGestureLibrary_model.pt
Running experiment with dataset: UWaveGestureLibrary, config: ./result/ablation_study/config_UWaveGestureLibrary.yml
[0.09514033 0.10277917 0.11127909 0.12035814 0.12964186 0.13872091
 0.14722083 0.15485967]
120
<class 'pandas.core.frame.DataFrame'>
RangeIndex: 120 entries, 0 to 119
Data columns (total 4 columns):
 #   Column      Non-Null Count  Dtype 
---  ------      --------------  ----- 
 0   dim_0       120 non-null    object
 1   dim_1       120 non-null    object
 2   dim_2       120 non-null    object
 3   class_vals  120 non-null    object
dtypes: object(4)
memory usage: 3.9+ KB
None
{315}
<class 'pandas.core.frame.DataFrame'>
RangeIndex: 120 entries, 0 to 119
Data columns (total 4 columns):
 #   Column      Non-Null Count  Dtype 
---  ------      --------------  ----- 
 0   dim_0       120 non-null    object
 1   dim_1       120 non-null    object
 2   dim_2       120 non-null    object
 3   class_vals  120 non-null    object
dtypes: object(4)
memory usage: 3.9+ KB
None
[0 0 0 0 0 0 0 0 0 0 0 0 0 0 0 1 1 1 1 1 1 1 1 1 1 1 1 1 1 1 2 2 2 2 2 2 2
 2 2 2 2 2 2 2 2 3 3 3 3 3 3 3 3 3 3 3 3 3 3 3 4 4 4 4 4 4 4 4 4 4 4 4 4 4
 4 5 5 5 5 5 5 5 5 5 5 5 5 5 5 5 6 6 6 6 6 6 6 6 6 6 6 6 6 6 6 7 7 7 7 7 7
 7 7 7 7 7 7 7 7 7]
[  0  15  30  31  32  33  34  35  36  37  45  46  47  48  49  60  75  76
  77 105 106 107 108 109 110 111]
[0, 1, 2, 2, 2, 2, 2, 2, 2, 2, 3, 3, 3, 3, 3, 4, 5, 5, 5, 7, 7, 7, 7, 7, 7, 7]
[0, 0, 0, 0, 0, 0, 0, 0, 0, 0, 0, 0, 1, 1, 2, 2, 2, 2, 2, 2, 3, 3, 4, 5, 5, 5, 5, 5, 5, 5, 6, 6, 6, 6, 6, 6, 6, 7]
[0, 0, 1, 1, 1, 1, 1, 1, 1, 1, 1, 1, 1, 1, 2, 3, 3, 3, 3, 3, 3, 3, 3, 4, 4, 4, 4, 4, 4, 4, 4, 4, 4, 4, 4, 4, 5, 5, 5, 5, 5, 6, 6, 6, 6, 6, 6, 6, 6, 7, 7, 7, 7, 7, 7, 7]
shapelet initialized! 

All 3 clinet initialized! 

(26, 8)
(38, 8)
(56, 8)
[0.89850875 1.14832363 0.95316762]
Classification: 1.0 0.921875 0
(26, 8)
(38, 8)
(56, 8)
[1.07802523 0.98394082 0.93803395]
Classification: 1.0 0.921875 1
(26, 8)
(38, 8)
(56, 8)
[1.09384484 0.97698215 0.92917301]
Classification: 1.0 0.925 2
(26, 8)
(38, 8)
(56, 8)
[1.07344732 1.01953847 0.90701421]
Classification: 1.0 0.925 3
(26, 8)
(38, 8)
(56, 8)
[0.99549326 1.04920281 0.95530393]
Classification: 1.0 0.925 4
(26, 8)
(38, 8)
(56, 8)
[0.97158769 1.0921768  0.93623552]
Classification: 1.0 0.925 5
(26, 8)
(38, 8)
(56, 8)
[1.04016365 0.96388226 0.9959541 ]
Classification: 1.0 0.925 6
(26, 8)
(38, 8)
(56, 8)
[1.01436756 1.01824637 0.96738607]
Classification: 1.0 0.928125 7
(26, 8)
(38, 8)
(56, 8)
[0.96758025 1.05103792 0.98138183]
Classification: 1.0 0.928125 8
(26, 8)
(38, 8)
(56, 8)
[0.92281863 1.06703911 1.01014226]
Classification: 1.0 0.928125 9
(26, 8)
(38, 8)
(56, 8)
[0.94809193 1.05440465 0.99750342]
Classification: 1.0 0.928125 10
(26, 8)
(38, 8)
(56, 8)
[0.86751244 1.18142567 0.9510619 ]
Classification: 1.0 0.928125 11
(26, 8)
(38, 8)
(56, 8)
[0.84469808 1.18326705 0.97203487]
Classification: 1.0 0.928125 12
(26, 8)
(38, 8)
(56, 8)
[0.99881414 1.15486769 0.84631817]
Classification: 1.0 0.93125 13
(26, 8)
(38, 8)
(56, 8)
[1.00117352 1.11962687 0.87919962]
Classification: 1.0 0.93125 14
(26, 8)
(38, 8)
(56, 8)
[0.91390543 1.12039996 0.96569461]
Classification: 1.0 0.93125 15
(26, 8)
(38, 8)
(56, 8)
[0.92854917 1.12773269 0.94371813]
Classification: 1.0 0.93125 16
(26, 8)
(38, 8)
(56, 8)
[0.90487669 1.12642609 0.96869723]
Classification: 1.0 0.928125 17
(26, 8)
(38, 8)
(56, 8)
[0.87074504 1.21551297 0.91374198]
Classification: 1.0 0.928125 18
(26, 8)
(38, 8)
(56, 8)
[0.93944862 1.16310556 0.89744583]
Classification: 1.0 0.93125 19
(26, 8)
(38, 8)
(56, 8)
[0.88082379 1.22239722 0.89677899]
Classification: 1.0 0.93125 20
(26, 8)
(38, 8)
(56, 8)
[0.90243346 1.20952117 0.88804536]
Classification: 1.0 0.928125 21
(26, 8)
(38, 8)
(56, 8)
[0.94738169 1.16292998 0.88968833]
Classification: 1.0 0.928125 22
(26, 8)
(38, 8)
(56, 8)
[0.97016183 1.11375199 0.91608618]
Classification: 1.0 0.928125 23
(26, 8)
(38, 8)
(56, 8)
[0.93311884 1.11938914 0.94749203]
Classification: 1.0 0.928125 24
(26, 8)
(38, 8)
(56, 8)
[0.98008853 1.08238145 0.93753002]
Classification: 1.0 0.928125 25
(26, 8)
(38, 8)
(56, 8)
[0.96069937 1.08161434 0.95768629]
Classification: 1.0 0.928125 26
(26, 8)
(38, 8)
(56, 8)
[0.89392714 1.15584095 0.95023191]
Classification: 1.0 0.928125 27
(26, 8)
(38, 8)
(56, 8)
[0.84312555 1.19769094 0.95918351]
Classification: 1.0 0.928125 28
(26, 8)
(38, 8)
(56, 8)
[0.8051897  1.1890636  1.00574671]
Classification: 1.0 0.928125 29
(26, 8)
(38, 8)
(56, 8)
[0.86146285 1.0710918  1.06744535]
Classification: 1.0 0.925 30
(26, 8)
(38, 8)
(56, 8)
[0.89904079 1.05400298 1.04695622]
Classification: 1.0 0.925 31
(26, 8)
(38, 8)
(56, 8)
[0.9579316  1.06062423 0.98144417]
Classification: 1.0 0.928125 32
(26, 8)
(38, 8)
(56, 8)
[0.81825153 1.09438482 1.08736365]
Classification: 1.0 0.93125 33
(26, 8)
(38, 8)
(56, 8)
[0.79199823 1.11581961 1.09218216]
Classification: 1.0 0.928125 34
(26, 8)
(38, 8)
(56, 8)
[0.82965693 1.05011376 1.12022931]
Classification: 1.0 0.928125 35
(26, 8)
(38, 8)
(56, 8)
[0.7256931  1.09815902 1.17614788]
Classification: 1.0 0.93125 36
(26, 8)
(38, 8)
(56, 8)
[0.71226609 1.11110195 1.17663195]
Classification: 1.0 0.928125 37
(26, 8)
(38, 8)
(56, 8)
[0.77994943 1.10609113 1.11395945]
Classification: 1.0 0.93125 38
(26, 8)
(38, 8)
(56, 8)
[0.83371254 1.01700756 1.1492799 ]
Classification: 1.0 0.93125 39
(26, 8)
(38, 8)
(56, 8)
[0.75866735 1.15349001 1.08784264]
Classification: 1.0 0.93125 40
(26, 8)
(38, 8)
(56, 8)
[0.71475812 1.11803333 1.16720856]
Classification: 1.0 0.93125 41
(26, 8)
(38, 8)
(56, 8)
[0.76068545 1.10855745 1.1307571 ]
Classification: 1.0 0.934375 42
(26, 8)
(38, 8)
(56, 8)
[0.80722568 1.06042426 1.13235006]
Classification: 1.0 0.93125 43
(26, 8)
(38, 8)
(56, 8)
[0.81069606 0.98704983 1.20225411]
Classification: 1.0 0.9375 44
(26, 8)
(38, 8)
(56, 8)
[0.78722156 1.05809789 1.15468055]
Classification: 1.0 0.928125 45
(26, 8)
(38, 8)
(56, 8)
[0.85725356 1.02810263 1.11464381]
Classification: 1.0 0.93125 46
(26, 8)
(38, 8)
(56, 8)
[0.87570521 1.05061149 1.0736833 ]
Classification: 1.0 0.934375 47
(26, 8)
(38, 8)
(56, 8)
[0.81102289 1.07585541 1.1131217 ]
Classification: 1.0 0.93125 48
(26, 8)
(38, 8)
(56, 8)
[0.76551411 1.10499445 1.12949144]
Classification: 1.0 0.934375 49
(26, 8)
(38, 8)
(56, 8)
[0.74218011 1.04450992 1.21330997]
Classification: 1.0 0.934375 50
(26, 8)
(38, 8)
(56, 8)
[0.69329465 1.08316869 1.22353667]
Classification: 1.0 0.934375 51
(26, 8)
(38, 8)
(56, 8)
[0.77834761 1.03519851 1.18645387]
Classification: 1.0 0.934375 52
(26, 8)
(38, 8)
(56, 8)
[0.71712389 1.03840509 1.24447102]
Classification: 1.0 0.934375 53
(26, 8)
(38, 8)
(56, 8)
[0.70012894 1.0478531  1.25201796]
Classification: 1.0 0.934375 54
(26, 8)
(38, 8)
(56, 8)
[0.72619374 1.02956163 1.24424463]
Classification: 1.0 0.93125 55
(26, 8)
(38, 8)
(56, 8)
[0.69378453 1.1032802  1.20293528]
Classification: 1.0 0.934375 56
(26, 8)
(38, 8)
(56, 8)
[0.72297925 1.06319677 1.21382398]
Classification: 1.0 0.934375 57
(26, 8)
(38, 8)
(56, 8)
[0.78661362 1.04841242 1.16497396]
Classification: 1.0 0.934375 58
(26, 8)
(38, 8)
(56, 8)
[0.75314329 1.06116067 1.18569604]
Classification: 1.0 0.9375 59
(26, 8)
(38, 8)
(56, 8)
[0.72291795 1.10290441 1.17417764]
Classification: 1.0 0.934375 60
(26, 8)
(38, 8)
(56, 8)
[0.75580485 1.08219638 1.16199876]
Classification: 1.0 0.9375 61
(26, 8)
(38, 8)
(56, 8)
[0.70341783 1.01508343 1.28149874]
Classification: 1.0 0.934375 62
(26, 8)
(38, 8)
(56, 8)
[0.73645076 0.94301266 1.32053658]
Classification: 1.0 0.9375 63
(26, 8)
(38, 8)
(56, 8)
[0.76567647 0.90559776 1.32872577]
Classification: 1.0 0.9375 64
(26, 8)
(38, 8)
(56, 8)
[0.76243487 0.95668089 1.28088424]
Classification: 1.0 0.934375 65
(26, 8)
(38, 8)
(56, 8)
[0.75711606 0.99437401 1.24850993]
Classification: 1.0 0.9375 66
(26, 8)
(38, 8)
(56, 8)
[0.73208652 1.04641933 1.22149415]
Classification: 1.0 0.934375 67
(26, 8)
(38, 8)
(56, 8)
[0.71439457 1.07793538 1.20767005]
Classification: 1.0 0.934375 68
(26, 8)
(38, 8)
(56, 8)
[0.72983613 1.03751302 1.23265086]
Classification: 1.0 0.934375 69
(26, 8)
(38, 8)
(56, 8)
[0.7742929  1.09887939 1.12682771]
Classification: 1.0 0.934375 70
(26, 8)
(38, 8)
(56, 8)
[0.79835295 1.08689875 1.1147483 ]
Classification: 1.0 0.934375 71
(26, 8)
(38, 8)
(56, 8)
[0.88912718 0.99919523 1.11167759]
Classification: 1.0 0.934375 72
(26, 8)
(38, 8)
(56, 8)
[0.88430743 0.9519622  1.16373037]
Classification: 1.0 0.9375 73
(26, 8)
(38, 8)
(56, 8)
[0.8673342  0.99778825 1.13487755]
Classification: 1.0 0.9375 74
(26, 8)
(38, 8)
(56, 8)
[0.86102147 0.98834968 1.15062884]
Classification: 1.0 0.9375 75
(26, 8)
(38, 8)
(56, 8)
[0.85939788 1.01925702 1.1213451 ]
Classification: 1.0 0.934375 76
(26, 8)
(38, 8)
(56, 8)
[0.85376455 1.00703346 1.13920199]
Classification: 1.0 0.934375 77
(26, 8)
(38, 8)
(56, 8)
[0.81897063 1.0365222  1.14450717]
Classification: 1.0 0.934375 78
(26, 8)
(38, 8)
(56, 8)
[0.80537677 1.03867622 1.15594701]
Classification: 1.0 0.934375 79
(26, 8)
(38, 8)
(56, 8)
[0.86464348 1.01675293 1.11860359]
Classification: 1.0 0.934375 80
(26, 8)
(38, 8)
(56, 8)
[0.82139727 1.01326376 1.16533897]
Classification: 1.0 0.934375 81
(26, 8)
(38, 8)
(56, 8)
[0.80046956 0.95483277 1.24469767]
Classification: 1.0 0.934375 82
(26, 8)
(38, 8)
(56, 8)
[0.8384996  0.95943833 1.20206207]
Classification: 1.0 0.934375 83
(26, 8)
(38, 8)
(56, 8)
[0.80416444 1.0093711  1.18646446]
Classification: 1.0 0.934375 84
(26, 8)
(38, 8)
(56, 8)
[0.82069044 1.00257312 1.17673645]
Classification: 1.0 0.934375 85
(26, 8)
(38, 8)
(56, 8)
[0.76175574 1.06481134 1.17343292]
Classification: 1.0 0.9375 86
(26, 8)
(38, 8)
(56, 8)
[0.78630482 1.06822314 1.14547204]
Classification: 1.0 0.9375 87
(26, 8)
(38, 8)
(56, 8)
[0.83820867 1.02014251 1.14164882]
Classification: 1.0 0.9375 88
(26, 8)
(38, 8)
(56, 8)
[0.84604998 1.04712982 1.1068202 ]
Classification: 1.0 0.9375 89
(26, 8)
(38, 8)
(56, 8)
[0.88281794 1.00038417 1.11679789]
Classification: 1.0 0.934375 90
(26, 8)
(38, 8)
(56, 8)
[0.84352278 1.03789275 1.11858446]
Classification: 1.0 0.9375 91
(26, 8)
(38, 8)
(56, 8)
[0.81330117 0.97050076 1.21619807]
Classification: 1.0 0.934375 92
(26, 8)
(38, 8)
(56, 8)
[0.85646481 0.98980598 1.15372921]
Classification: 1.0 0.934375 93
(26, 8)
(38, 8)
(56, 8)
[0.84529867 0.97263279 1.18206854]
Classification: 1.0 0.934375 94
(26, 8)
(38, 8)
(56, 8)
[0.88561196 0.95619525 1.15819279]
Classification: 1.0 0.934375 95
(26, 8)
(38, 8)
(56, 8)
[0.75492776 1.06660289 1.17846936]
Classification: 1.0 0.934375 96
(26, 8)
(38, 8)
(56, 8)
[0.88887162 0.94975759 1.16137079]
Classification: 1.0 0.934375 97
(26, 8)
(38, 8)
(56, 8)
[0.90609415 0.97570735 1.1181985 ]
Classification: 1.0 0.934375 98
(26, 8)
(38, 8)
(56, 8)
[0.898253   0.99545521 1.10629178]
Classification: 1.0 0.93125 99
(26, 8)
(38, 8)
(56, 8)
[0.95201328 1.01445469 1.03353203]
Classification: 1.0 0.934375 100
(26, 8)
(38, 8)
(56, 8)
[0.92155327 1.06159386 1.01685287]
Classification: 1.0 0.934375 101
(26, 8)
(38, 8)
(56, 8)
[1.00034262 0.93464052 1.06501686]
Classification: 1.0 0.934375 102
(26, 8)
(38, 8)
(56, 8)
[0.87982241 1.06026568 1.0599119 ]
Classification: 1.0 0.93125 103
(26, 8)
(38, 8)
(56, 8)
[0.91075491 1.05348781 1.03575728]
Classification: 1.0 0.934375 104
(26, 8)
(38, 8)
(56, 8)
[0.93054859 1.01444069 1.05501072]
Classification: 1.0 0.934375 105
(26, 8)
(38, 8)
(56, 8)
[0.9520238  1.00323749 1.04473871]
Classification: 1.0 0.934375 106
(26, 8)
(38, 8)
(56, 8)
[0.96822145 1.01463003 1.01714852]
Classification: 1.0 0.934375 107
(26, 8)
(38, 8)
(56, 8)
[0.9198218  0.98669259 1.0934856 ]
Classification: 1.0 0.934375 108
(26, 8)
(38, 8)
(56, 8)
[0.90626631 1.06609605 1.02763765]
Classification: 1.0 0.934375 109
(26, 8)
(38, 8)
(56, 8)
[0.90730764 1.0814385  1.01125386]
Classification: 1.0 0.93125 110
(26, 8)
(38, 8)
(56, 8)
[0.85969555 1.13093292 1.00937153]
Classification: 1.0 0.934375 111
(26, 8)
(38, 8)
(56, 8)
[0.91246219 1.06845429 1.01908353]
Classification: 1.0 0.93125 112
(26, 8)
(38, 8)
(56, 8)
[0.8949222  1.05959517 1.04548263]
Classification: 1.0 0.934375 113
(26, 8)
(38, 8)
(56, 8)
[0.89777133 1.10121327 1.0010154 ]
Classification: 1.0 0.93125 114
(26, 8)
(38, 8)
(56, 8)
[0.92012163 1.10859122 0.97128715]
Classification: 1.0 0.93125 115
(26, 8)
(38, 8)
(56, 8)
[0.9015129  1.12425695 0.97423015]
Classification: 1.0 0.934375 116
(26, 8)
(38, 8)
(56, 8)
[0.91618511 1.14144686 0.94236803]
Classification: 1.0 0.93125 117
(26, 8)
(38, 8)
(56, 8)
[0.94297036 1.0807389  0.97629074]
Classification: 1.0 0.934375 118
(26, 8)
(38, 8)
(56, 8)
[0.92687589 1.10126039 0.97186372]
Classification: 1.0 0.93125 119
(26, 8)
(38, 8)
(56, 8)
[0.99244431 1.01610828 0.99144741]
Classification: 1.0 0.93125 120
(26, 8)
(38, 8)
(56, 8)
[0.94847949 1.00085784 1.05066266]
Classification: 1.0 0.93125 121
(26, 8)
(38, 8)
(56, 8)
[0.95075622 1.02345514 1.02578864]
Classification: 1.0 0.93125 122
(26, 8)
(38, 8)
(56, 8)
[0.91941832 1.05660038 1.02398129]
Classification: 1.0 0.93125 123
(26, 8)
(38, 8)
(56, 8)
[1.01870234 0.93851041 1.04278725]
Classification: 1.0 0.93125 124
(26, 8)
(38, 8)
(56, 8)
[1.00201613 0.97603645 1.02194742]
Classification: 1.0 0.93125 125
(26, 8)
(38, 8)
(56, 8)
[0.99062362 0.99076286 1.01861352]
Classification: 1.0 0.93125 126
(26, 8)
(38, 8)
(56, 8)
[0.97947521 0.97500651 1.04551828]
Classification: 1.0 0.93125 127
(26, 8)
(38, 8)
(56, 8)
[1.01018049 0.92928479 1.06053472]
Classification: 1.0 0.921875 128
(26, 8)
(38, 8)
(56, 8)
[0.99006803 0.98788287 1.0220491 ]
Classification: 1.0 0.93125 129
(26, 8)
(38, 8)
(56, 8)
[1.04623827 0.9127073  1.04105444]
Classification: 1.0 0.921875 130
(26, 8)
(38, 8)
(56, 8)
[1.08005939 0.89240097 1.02753964]
Classification: 1.0 0.93125 131
(26, 8)
(38, 8)
(56, 8)
[1.06200685 0.90190061 1.03609254]
Classification: 1.0 0.93125 132
(26, 8)
(38, 8)
(56, 8)
[1.04038841 0.92706821 1.03254338]
Classification: 1.0 0.921875 133
(26, 8)
(38, 8)
(56, 8)
[1.08171218 0.88458723 1.03370059]
Classification: 1.0 0.925 134
(26, 8)
(38, 8)
(56, 8)
[1.02234598 0.95718932 1.0204647 ]
Classification: 1.0 0.93125 135
(26, 8)
(38, 8)
(56, 8)
[1.04481991 0.91192443 1.04325566]
Classification: 1.0 0.925 136
(26, 8)
(38, 8)
(56, 8)
[0.96941816 0.99036448 1.04021737]
Classification: 1.0 0.925 137
(26, 8)
(38, 8)
(56, 8)
[1.05079429 0.96483054 0.98437517]
Classification: 1.0 0.921875 138
(26, 8)
(38, 8)
(56, 8)
[1.08650466 0.91966629 0.99382905]
Classification: 1.0 0.921875 139
(26, 8)
(38, 8)
(56, 8)
[1.10575852 0.94386483 0.95037665]
Classification: 1.0 0.921875 140
(26, 8)
(38, 8)
(56, 8)
[1.08812883 0.93734701 0.97452416]
Classification: 1.0 0.921875 141
(26, 8)
(38, 8)
(56, 8)
[0.97582156 1.01247369 1.01170475]
Classification: 1.0 0.925 142
(26, 8)
(38, 8)
(56, 8)
[1.02917807 0.97437444 0.99644749]
Classification: 1.0 0.925 143
(26, 8)
(38, 8)
(56, 8)
[1.08047834 0.92888242 0.99063923]
Classification: 1.0 0.921875 144
(26, 8)
(38, 8)
(56, 8)
[1.04901049 0.95136397 0.99962554]
Classification: 1.0 0.921875 145
(26, 8)
(38, 8)
(56, 8)
[1.10182493 0.94522179 0.95295329]
Classification: 1.0 0.921875 146
(26, 8)
(38, 8)
(56, 8)
[1.08742043 0.98180377 0.9307758 ]
Classification: 1.0 0.921875 147
(26, 8)
(38, 8)
(56, 8)
[1.06312752 0.98472729 0.9521452 ]
Classification: 1.0 0.921875 148
(26, 8)
(38, 8)
(56, 8)
[1.1393804  0.92063296 0.93998664]
Classification: 1.0 0.921875 149
(26, 8)
(38, 8)
(56, 8)
[1.15839204 0.90545256 0.93615539]
Classification: 1.0 0.921875 150
(26, 8)
(38, 8)
(56, 8)
[1.20145235 0.88983035 0.9087173 ]
Classification: 1.0 0.921875 151
(26, 8)
(38, 8)
(56, 8)
[1.15288564 0.932713   0.91440136]
Classification: 1.0 0.921875 152
(26, 8)
(38, 8)
(56, 8)
[1.14669795 0.91866621 0.93463584]
Classification: 1.0 0.921875 153
(26, 8)
(38, 8)
(56, 8)
[1.11188723 0.91029033 0.97782245]
Classification: 1.0 0.921875 154
(26, 8)
(38, 8)
(56, 8)
[1.19305578 0.87943932 0.9275049 ]
Classification: 1.0 0.921875 155
(26, 8)
(38, 8)
(56, 8)
[1.19498051 0.85798325 0.94703624]
Classification: 1.0 0.921875 156
(26, 8)
(38, 8)
(56, 8)
[1.18098671 0.85272835 0.96628494]
Classification: 1.0 0.921875 157
(26, 8)
(38, 8)
(56, 8)
[1.2470681  0.81680422 0.93612768]
Classification: 1.0 0.921875 158
(26, 8)
(38, 8)
(56, 8)
[1.19803318 0.82414216 0.97782466]
Classification: 1.0 0.921875 159
(26, 8)
(38, 8)
(56, 8)
[1.23210528 0.82880825 0.93908648]
Classification: 1.0 0.921875 160
(26, 8)
(38, 8)
(56, 8)
[1.19449655 0.87166879 0.93383465]
Classification: 1.0 0.93125 161
(26, 8)
(38, 8)
(56, 8)
[1.16122411 0.9240337  0.91474219]
Classification: 1.0 0.93125 162
(26, 8)
(38, 8)
(56, 8)
[1.0975058  0.91518328 0.98731092]
Classification: 1.0 0.93125 163
(26, 8)
(38, 8)
(56, 8)
[1.19869759 0.85104099 0.95026142]
Classification: 1.0 0.921875 164
(26, 8)
(38, 8)
(56, 8)
[1.14283712 0.84145277 1.0157101 ]
Classification: 1.0 0.93125 165
(26, 8)
(38, 8)
(56, 8)
[1.17121399 0.88550828 0.94327773]
Classification: 1.0 0.921875 166
(26, 8)
(38, 8)
(56, 8)
[1.17209169 0.77619789 1.05171042]
Classification: 1.0 0.928125 167
(26, 8)
(38, 8)
(56, 8)
[1.15508842 0.85016476 0.99474681]
Classification: 1.0 0.921875 168
(26, 8)
(38, 8)
(56, 8)
[1.10526004 0.84709479 1.04764516]
Classification: 1.0 0.921875 169
(26, 8)
(38, 8)
(56, 8)
[1.21030195 0.80701176 0.98268628]
Classification: 1.0 0.921875 170
(26, 8)
(38, 8)
(56, 8)
[1.21628967 0.81614162 0.96756871]
Classification: 1.0 0.928125 171
(26, 8)
(38, 8)
(56, 8)
[1.22358983 0.79634092 0.98006925]
Classification: 1.0 0.93125 172
(26, 8)
(38, 8)
(56, 8)
[1.16051636 0.83494821 1.00453543]
Classification: 1.0 0.921875 173
(26, 8)
(38, 8)
(56, 8)
[1.17328471 0.82687207 0.99984322]
Classification: 1.0 0.93125 174
(26, 8)
(38, 8)
(56, 8)
[1.07180835 0.81710348 1.11108817]
Classification: 1.0 0.921875 175
(26, 8)
(38, 8)
(56, 8)
[1.18217871 0.81308478 1.00473651]
Classification: 1.0 0.921875 176
(26, 8)
(38, 8)
(56, 8)
[1.2005131  0.76316594 1.03632096]
Classification: 1.0 0.921875 177
(26, 8)
(38, 8)
(56, 8)
[1.15575531 0.84810892 0.99613578]
Classification: 1.0 0.921875 178
(26, 8)
(38, 8)
(56, 8)
[1.11345289 0.84866739 1.03787972]
Classification: 1.0 0.921875 179
(26, 8)
(38, 8)
(56, 8)
[1.14892915 0.84168909 1.00938176]
Classification: 1.0 0.921875 180
(26, 8)
(38, 8)
(56, 8)
[1.14339081 0.9107339  0.94587529]
Classification: 1.0 0.921875 181
(26, 8)
(38, 8)
(56, 8)
[1.15557306 0.88468549 0.95974145]
Classification: 1.0 0.921875 182
(26, 8)
(38, 8)
(56, 8)
[1.16095672 0.88215109 0.95689219]
Classification: 1.0 0.921875 183
(26, 8)
(38, 8)
(56, 8)
[1.23529058 0.81750177 0.94720764]
Classification: 1.0 0.921875 184
(26, 8)
(38, 8)
(56, 8)
[1.25819732 0.78167003 0.96013265]
Classification: 1.0 0.921875 185
(26, 8)
(38, 8)
(56, 8)
[1.22680035 0.8033141  0.96988555]
Classification: 1.0 0.921875 186
(26, 8)
(38, 8)
(56, 8)
[1.21899208 0.78446631 0.99654162]
Classification: 1.0 0.921875 187
(26, 8)
(38, 8)
(56, 8)
[1.25943511 0.80790617 0.93265872]
Classification: 1.0 0.921875 188
(26, 8)
(38, 8)
(56, 8)
[1.25628683 0.79336039 0.95035278]
Classification: 1.0 0.921875 189
(26, 8)
(38, 8)
(56, 8)
[1.21057882 0.77944905 1.00997213]
Classification: 1.0 0.928125 190
(26, 8)
(38, 8)
(56, 8)
[1.26643104 0.77949251 0.95407645]
Classification: 1.0 0.921875 191
(26, 8)
(38, 8)
(56, 8)
[1.22534636 0.77240775 1.00224589]
Classification: 1.0 0.921875 192
(26, 8)
(38, 8)
(56, 8)
[1.22317546 0.82205884 0.95476569]
Classification: 1.0 0.921875 193
(26, 8)
(38, 8)
(56, 8)
[1.269697   0.82399292 0.90631008]
Classification: 1.0 0.921875 194
(26, 8)
(38, 8)
(56, 8)
[1.27405177 0.80002475 0.92592348]
Classification: 1.0 0.928125 195
(26, 8)
(38, 8)
(56, 8)
[1.32341418 0.77048238 0.90610344]
Classification: 1.0 0.921875 196
(26, 8)
(38, 8)
(56, 8)
[1.22953449 0.82338717 0.94707833]
Classification: 1.0 0.921875 197
(26, 8)
(38, 8)
(56, 8)
[1.2306624  0.81676495 0.95257265]
Classification: 1.0 0.921875 198
(26, 8)
(38, 8)
(56, 8)
[1.24259954 0.82029357 0.93710689]
Classification: 1.0 0.921875 199
(26, 8)
(38, 8)
(56, 8)
[1.16588252 0.82417637 1.00994111]
Classification: 1.0 0.921875 200
(26, 8)
(38, 8)
(56, 8)
[1.23527747 0.74116583 1.0235567 ]
Classification: 1.0 0.921875 201
(26, 8)
(38, 8)
(56, 8)
[1.24083707 0.78873353 0.9704294 ]
Classification: 1.0 0.921875 202
(26, 8)
(38, 8)
(56, 8)
[1.21099983 0.81279952 0.97620065]
Classification: 1.0 0.921875 203
(26, 8)
(38, 8)
(56, 8)
[1.21078711 0.83224224 0.95697065]
Classification: 1.0 0.928125 204
(26, 8)
(38, 8)
(56, 8)
[1.23045057 0.80267097 0.96687846]
Classification: 1.0 0.921875 205
(26, 8)
(38, 8)
(56, 8)
[1.19295404 0.83968593 0.96736003]
Classification: 1.0 0.921875 206
(26, 8)
(38, 8)
(56, 8)
[1.19857158 0.78828936 1.01313906]
Classification: 1.0 0.921875 207
(26, 8)
(38, 8)
(56, 8)
[1.20565984 0.77923115 1.01510902]
Classification: 1.0 0.921875 208
(26, 8)
(38, 8)
(56, 8)
[1.19113624 0.77919052 1.02967325]
Classification: 1.0 0.921875 209
(26, 8)
(38, 8)
(56, 8)
[1.19090943 0.79843621 1.01065436]
Classification: 1.0 0.921875 210
(26, 8)
(38, 8)
(56, 8)
[1.18676216 0.87834741 0.93489043]
Classification: 1.0 0.921875 211
(26, 8)
(38, 8)
(56, 8)
[1.23202269 0.82121481 0.9467625 ]
Classification: 1.0 0.921875 212
(26, 8)
(38, 8)
(56, 8)
[1.232139  0.8134557 0.9544053]
Classification: 1.0 0.921875 213
(26, 8)
(38, 8)
(56, 8)
[1.17055956 0.7793028  1.05013764]
Classification: 1.0 0.921875 214
(26, 8)
(38, 8)
(56, 8)
[1.20367454 0.77416754 1.02215792]
Classification: 1.0 0.921875 215
(26, 8)
(38, 8)
(56, 8)
[1.17150528 0.79043009 1.03806463]
Classification: 1.0 0.921875 216
(26, 8)
(38, 8)
(56, 8)
[1.13544615 0.78938297 1.07517088]
Classification: 1.0 0.921875 217
(26, 8)
(38, 8)
(56, 8)
[1.25172903 0.75661821 0.99165276]
Classification: 1.0 0.921875 218
(26, 8)
(38, 8)
(56, 8)
[1.26568344 0.8319683  0.90234826]
Classification: 1.0 0.921875 219
(26, 8)
(38, 8)
(56, 8)
[1.24758693 0.78524528 0.96716779]
Classification: 1.0 0.921875 220
(26, 8)
(38, 8)
(56, 8)
[1.22749211 0.79832302 0.97418487]
Classification: 1.0 0.921875 221
(26, 8)
(38, 8)
(56, 8)
[1.20958609 0.72684219 1.06357172]
Classification: 1.0 0.921875 222
(26, 8)
(38, 8)
(56, 8)
[1.29227431 0.72870377 0.97902191]
Classification: 1.0 0.921875 223
(26, 8)
(38, 8)
(56, 8)
[1.30008817 0.73979671 0.96011512]
Classification: 1.0 0.921875 224
(26, 8)
(38, 8)
(56, 8)
[1.35016781 0.75295559 0.89687659]
Classification: 1.0 0.921875 225
(26, 8)
(38, 8)
(56, 8)
[1.30372347 0.74486115 0.95141538]
Classification: 1.0 0.921875 226
(26, 8)
(38, 8)
(56, 8)
[1.19386479 0.82035264 0.98578256]
Classification: 1.0 0.921875 227
(26, 8)
(38, 8)
(56, 8)
[1.25409304 0.78923155 0.95667541]
Classification: 1.0 0.921875 228
(26, 8)
(38, 8)
(56, 8)
[1.2409412  0.77217215 0.98688665]
Classification: 1.0 0.921875 229
(26, 8)
(38, 8)
(56, 8)
[1.20986638 0.81343915 0.97669447]
Classification: 1.0 0.921875 230
(26, 8)
(38, 8)
(56, 8)
[1.29536082 0.81179437 0.89284482]
Classification: 1.0 0.921875 231
(26, 8)
(38, 8)
(56, 8)
[1.33065232 0.75256274 0.91678494]
Classification: 1.0 0.921875 232
(26, 8)
(38, 8)
(56, 8)
[1.28556463 0.81338541 0.90104997]
Classification: 1.0 0.921875 233
(26, 8)
(38, 8)
(56, 8)
[1.29493147 0.79349451 0.91157401]
Classification: 1.0 0.921875 234
(26, 8)
(38, 8)
(56, 8)
[1.29873534 0.74993288 0.95133178]
Classification: 1.0 0.921875 235
(26, 8)
(38, 8)
(56, 8)
[1.23523609 0.76919431 0.99556961]
Classification: 1.0 0.921875 236
(26, 8)
(38, 8)
(56, 8)
[1.29031026 0.74283373 0.96685601]
Classification: 1.0 0.921875 237
(26, 8)
(38, 8)
(56, 8)
[1.28325863 0.72889944 0.98784193]
Classification: 1.0 0.921875 238
(26, 8)
(38, 8)
(56, 8)
[1.30890073 0.73772761 0.95337166]
Classification: 1.0 0.921875 239
(26, 8)
(38, 8)
(56, 8)
[1.34684096 0.75627105 0.89688798]
Classification: 1.0 0.921875 240
(26, 8)
(38, 8)
(56, 8)
[1.35513414 0.78468348 0.86018238]
Classification: 1.0 0.921875 241
(26, 8)
(38, 8)
(56, 8)
[1.29458646 0.81300877 0.89240477]
Classification: 1.0 0.921875 242
(26, 8)
(38, 8)
(56, 8)
[1.28398421 0.82651524 0.88950055]
Classification: 1.0 0.921875 243
(26, 8)
(38, 8)
(56, 8)
[1.25821117 0.85168495 0.89010388]
Classification: 1.0 0.921875 244
(26, 8)
(38, 8)
(56, 8)
[1.27476578 0.80861931 0.91661491]
Classification: 1.0 0.921875 245
(26, 8)
(38, 8)
(56, 8)
[1.3113904  0.80976379 0.87884581]
Classification: 1.0 0.921875 246
(26, 8)
(38, 8)
(56, 8)
[1.22077066 0.89761146 0.88161789]
Classification: 1.0 0.921875 247
(26, 8)
(38, 8)
(56, 8)
[1.26329631 0.80872833 0.92797537]
Classification: 1.0 0.921875 248
(26, 8)
(38, 8)
(56, 8)
[1.29382336 0.83619614 0.8699805 ]
Classification: 1.0 0.921875 249
(26, 8)
(38, 8)
(56, 8)
[1.29676001 0.87656064 0.82667936]
Classification: 1.0 0.921875 250
(26, 8)
(38, 8)
(56, 8)
[1.33810834 0.81979158 0.84210007]
Classification: 1.0 0.921875 251
(26, 8)
(38, 8)
(56, 8)
[1.31928545 0.8515587  0.82915585]
Classification: 1.0 0.921875 252
(26, 8)
(38, 8)
(56, 8)
[1.27177825 0.85886772 0.86935403]
Classification: 1.0 0.921875 253
(26, 8)
(38, 8)
(56, 8)
[1.30273559 0.85415983 0.84310458]
Classification: 1.0 0.921875 254
(26, 8)
(38, 8)
(56, 8)
[1.2976377  0.77760342 0.92475888]
Classification: 1.0 0.921875 255
(26, 8)
(38, 8)
(56, 8)
[1.20673506 0.89485612 0.89840882]
Classification: 1.0 0.921875 256
(26, 8)
(38, 8)
(56, 8)
[1.26310306 0.85842715 0.87846979]
Classification: 1.0 0.921875 257
(26, 8)
(38, 8)
(56, 8)
[1.1958637  0.85201154 0.95212475]
Classification: 1.0 0.921875 258
(26, 8)
(38, 8)
(56, 8)
[1.17910276 0.84093727 0.97995997]
Classification: 1.0 0.921875 259
(26, 8)
(38, 8)
(56, 8)
[1.23189998 0.85005156 0.91804846]
Classification: 1.0 0.921875 260
(26, 8)
(38, 8)
(56, 8)
[1.25470779 0.83218395 0.91310827]
Classification: 1.0 0.921875 261
(26, 8)
(38, 8)
(56, 8)
[1.20910158 0.78988514 1.00101328]
Classification: 1.0 0.921875 262
(26, 8)
(38, 8)
(56, 8)
[1.2402163  0.83194459 0.92783912]
Classification: 1.0 0.921875 263
(26, 8)
(38, 8)
(56, 8)
[1.31119787 0.75680195 0.93200018]
Classification: 1.0 0.921875 264
(26, 8)
(38, 8)
(56, 8)
[1.28744435 0.75767849 0.95487716]
Classification: 1.0 0.921875 265
(26, 8)
(38, 8)
(56, 8)
[1.3242522  0.78905496 0.88669284]
Classification: 1.0 0.921875 266
(26, 8)
(38, 8)
(56, 8)
[1.35514008 0.73514806 0.90971187]
Classification: 1.0 0.921875 267
(26, 8)
(38, 8)
(56, 8)
[1.32885068 0.7239095  0.94723981]
Classification: 1.0 0.921875 268
(26, 8)
(38, 8)
(56, 8)
[1.30670987 0.76994102 0.92334912]
Classification: 1.0 0.921875 269
(26, 8)
(38, 8)
(56, 8)
[1.26656928 0.77744519 0.95598553]
Classification: 1.0 0.921875 270
(26, 8)
(38, 8)
(56, 8)
[1.30421043 0.71205627 0.98373331]
Classification: 1.0 0.921875 271
(26, 8)
(38, 8)
(56, 8)
[1.34623009 0.72153453 0.93223538]
Classification: 1.0 0.921875 272
(26, 8)
(38, 8)
(56, 8)
[1.35842014 0.71999046 0.9215894 ]
Classification: 1.0 0.921875 273
(26, 8)
(38, 8)
(56, 8)
[1.33414835 0.76981569 0.89603595]
Classification: 1.0 0.921875 274
(26, 8)
(38, 8)
(56, 8)
[1.29654707 0.72749076 0.97596216]
Classification: 1.0 0.921875 275
(26, 8)
(38, 8)
(56, 8)
[1.33567542 0.72724679 0.93707779]
Classification: 1.0 0.921875 276
(26, 8)
(38, 8)
(56, 8)
[1.35355988 0.72615155 0.92028857]
Classification: 1.0 0.921875 277
(26, 8)
(38, 8)
(56, 8)
[1.33624517 0.72071786 0.94303697]
Classification: 1.0 0.921875 278
(26, 8)
(38, 8)
(56, 8)
[1.30855807 0.69863832 0.9928036 ]
Classification: 1.0 0.921875 279
(26, 8)
(38, 8)
(56, 8)
[1.27413577 0.70510822 1.02075601]
Classification: 1.0 0.921875 280
(26, 8)
(38, 8)
(56, 8)
[1.25039549 0.75108698 0.99851753]
Classification: 1.0 0.921875 281
(26, 8)
(38, 8)
(56, 8)
[1.28747205 0.75446185 0.9580661 ]
Classification: 1.0 0.921875 282
(26, 8)
(38, 8)
(56, 8)
[1.27206484 0.78313393 0.94480123]
Classification: 1.0 0.921875 283
(26, 8)
(38, 8)
(56, 8)
[1.30182989 0.69403657 1.00413354]
Classification: 1.0 0.921875 284
(26, 8)
(38, 8)
(56, 8)
[1.29384614 0.75956631 0.94658755]
Classification: 1.0 0.921875 285
(26, 8)
(38, 8)
(56, 8)
[1.31624021 0.74452729 0.9392325 ]
Classification: 1.0 0.921875 286
(26, 8)
(38, 8)
(56, 8)
[1.27454846 0.72828908 0.99716246]
Classification: 1.0 0.921875 287
(26, 8)
(38, 8)
(56, 8)
[1.26992065 0.70026178 1.02981757]
Classification: 1.0 0.921875 288
(26, 8)
(38, 8)
(56, 8)
[1.29194385 0.73349729 0.97455886]
Classification: 1.0 0.921875 289
(26, 8)
(38, 8)
(56, 8)
[1.25199562 0.74191883 1.00608555]
Classification: 1.0 0.921875 290
(26, 8)
(38, 8)
(56, 8)
[1.26231298 0.74300841 0.9946786 ]
Classification: 1.0 0.921875 291
(26, 8)
(38, 8)
(56, 8)
[1.30588654 0.70427418 0.98983929]
Classification: 1.0 0.921875 292
(26, 8)
(38, 8)
(56, 8)
[1.26083376 0.67664189 1.06252436]
Classification: 1.0 0.921875 293
(26, 8)
(38, 8)
(56, 8)
[1.31707476 0.73813545 0.94478979]
Classification: 1.0 0.921875 294
(26, 8)
(38, 8)
(56, 8)
[1.28830982 0.71901378 0.9926764 ]
Classification: 1.0 0.921875 295
(26, 8)
(38, 8)
(56, 8)
[1.26059334 0.72635863 1.01304803]
Classification: 1.0 0.921875 296
(26, 8)
(38, 8)
(56, 8)
[1.28642509 0.71709489 0.99648002]
Classification: 1.0 0.921875 297
(26, 8)
(38, 8)
(56, 8)
[1.23776472 0.70143853 1.06079675]
Classification: 1.0 0.921875 298
(26, 8)
(38, 8)
(56, 8)
[1.28921237 0.73377786 0.97700978]
Classification: 1.0 0.921875 299
(26, 8)
(38, 8)
(56, 8)
[1.2799279  0.69015048 1.02992163]
Classification: 1.0 0.921875 300
(26, 8)
(38, 8)
(56, 8)
[1.32683725 0.67557972 0.99758303]
Classification: 1.0 0.921875 301
(26, 8)
(38, 8)
(56, 8)
[1.28343517 0.65028057 1.06628426]
Classification: 1.0 0.921875 302
(26, 8)
(38, 8)
(56, 8)
[1.35392625 0.6970022  0.94907155]
Classification: 1.0 0.921875 303
(26, 8)
(38, 8)
(56, 8)
[1.30645489 0.68724779 1.00629732]
Classification: 1.0 0.921875 304
(26, 8)
(38, 8)
(56, 8)
[1.37973944 0.66812638 0.95213418]
Classification: 1.0 0.921875 305
(26, 8)
(38, 8)
(56, 8)
[1.32422414 0.70484437 0.97093149]
Classification: 1.0 0.921875 306
(26, 8)
(38, 8)
(56, 8)
[1.34145992 0.7188651  0.93967498]
Classification: 1.0 0.921875 307
(26, 8)
(38, 8)
(56, 8)
[1.2945648  0.71817973 0.98725546]
Classification: 1.0 0.921875 308
(26, 8)
(38, 8)
(56, 8)
[1.34164951 0.72454544 0.93380506]
Classification: 1.0 0.921875 309
(26, 8)
(38, 8)
(56, 8)
[1.38932356 0.66802369 0.94265275]
Classification: 1.0 0.921875 310
(26, 8)
(38, 8)
(56, 8)
[1.31994958 0.71573737 0.96431305]
Classification: 1.0 0.921875 311
(26, 8)
(38, 8)
(56, 8)
[1.31034172 0.71145141 0.97820687]
Classification: 1.0 0.921875 312
(26, 8)
(38, 8)
(56, 8)
[1.3087009  0.69145772 0.99984138]
Classification: 1.0 0.921875 313
(26, 8)
(38, 8)
(56, 8)
[1.31225233 0.68965861 0.99808906]
Classification: 1.0 0.921875 314
(26, 8)
(38, 8)
(56, 8)
[1.32609736 0.69919847 0.97470418]
Classification: 1.0 0.921875 315
(26, 8)
(38, 8)
(56, 8)
[1.35595547 0.7347741  0.90927043]
Classification: 1.0 0.921875 316
(26, 8)
(38, 8)
(56, 8)
[1.31709702 0.72735665 0.95554633]
Classification: 1.0 0.921875 317
(26, 8)
(38, 8)
(56, 8)
[1.28743645 0.76909188 0.94347167]
Classification: 1.0 0.921875 318
(26, 8)
(38, 8)
(56, 8)
[1.28336845 0.74398535 0.9726462 ]
Classification: 1.0 0.921875 319
(26, 8)
(38, 8)
(56, 8)
[1.37679413 0.73228185 0.89092402]
Classification: 1.0 0.921875 320
(26, 8)
(38, 8)
(56, 8)
[1.34143573 0.71702628 0.94153799]
Classification: 1.0 0.921875 321
(26, 8)
(38, 8)
(56, 8)
[1.36535947 0.68482351 0.94981702]
Classification: 1.0 0.921875 322
(26, 8)
(38, 8)
(56, 8)
[1.35909119 0.67559534 0.96531347]
Classification: 1.0 0.921875 323
(26, 8)
(38, 8)
(56, 8)
[1.34968231 0.70709275 0.94322494]
Classification: 1.0 0.921875 324
(26, 8)
(38, 8)
(56, 8)
[1.40004966 0.66375347 0.93619687]
Classification: 1.0 0.921875 325
(26, 8)
(38, 8)
(56, 8)
[1.30988913 0.76797531 0.92213556]
Classification: 1.0 0.921875 326
(26, 8)
(38, 8)
(56, 8)
[1.37626726 0.70195435 0.92177838]
Classification: 1.0 0.921875 327
(26, 8)
(38, 8)
(56, 8)
[1.35561616 0.69090417 0.95347967]
Classification: 1.0 0.921875 328
(26, 8)
(38, 8)
(56, 8)
[1.35296001 0.72717113 0.91986885]
Classification: 1.0 0.921875 329
(26, 8)
(38, 8)
(56, 8)
[1.41471786 0.66492681 0.92035533]
Classification: 1.0 0.921875 330
(26, 8)
(38, 8)
(56, 8)
[1.4616959  0.67679773 0.86150636]
Classification: 1.0 0.921875 331
(26, 8)
(38, 8)
(56, 8)
[1.45198261 0.65990893 0.88810846]
Classification: 1.0 0.921875 332
(26, 8)
(38, 8)
(56, 8)
[1.42268963 0.64887634 0.92843403]
Classification: 1.0 0.921875 333
(26, 8)
(38, 8)
(56, 8)
[1.38594456 0.71922976 0.89482568]
Classification: 1.0 0.921875 334
(26, 8)
(38, 8)
(56, 8)
[1.44174239 0.67197384 0.88628377]
Classification: 1.0 0.921875 335
(26, 8)
(38, 8)
(56, 8)
[1.37550899 0.67085755 0.95363346]
Classification: 1.0 0.921875 336
(26, 8)
(38, 8)
(56, 8)
[1.38106832 0.68122693 0.93770475]
Classification: 1.0 0.921875 337
(26, 8)
(38, 8)
(56, 8)
[1.38426927 0.6783532  0.93737753]
Classification: 1.0 0.921875 338
(26, 8)
(38, 8)
(56, 8)
[1.32871064 0.7022767  0.96901266]
Classification: 1.0 0.921875 339
(26, 8)
(38, 8)
(56, 8)
[1.38190187 0.6833883  0.93470983]
Classification: 1.0 0.921875 340
(26, 8)
(38, 8)
(56, 8)
[1.35619419 0.71015504 0.93365076]
Classification: 1.0 0.921875 341
(26, 8)
(38, 8)
(56, 8)
[1.25973318 0.80435173 0.93591509]
Classification: 1.0 0.921875 342
(26, 8)
(38, 8)
(56, 8)
[1.29096407 0.77189185 0.93714408]
Classification: 1.0 0.921875 343
(26, 8)
(38, 8)
(56, 8)
[1.33063873 0.79168312 0.87767815]
Classification: 1.0 0.921875 344
(26, 8)
(38, 8)
(56, 8)
[1.25015182 0.8087587  0.94108948]
Classification: 1.0 0.921875 345
(26, 8)
(38, 8)
(56, 8)
[1.27724846 0.71532221 1.00742932]
Classification: 1.0 0.921875 346
(26, 8)
(38, 8)
(56, 8)
[1.30148231 0.71382347 0.98469422]
Classification: 1.0 0.921875 347
(26, 8)
(38, 8)
(56, 8)
[1.31843234 0.73438542 0.94718225]
Classification: 1.0 0.921875 348
(26, 8)
(38, 8)
(56, 8)
[1.27545417 0.75790256 0.96664327]
Classification: 1.0 0.921875 349
(26, 8)
(38, 8)
(56, 8)
[1.36350077 0.72353648 0.91296275]
Classification: 1.0 0.921875 350
(26, 8)
(38, 8)
(56, 8)
[1.30157157 0.76673703 0.9316914 ]
Classification: 1.0 0.921875 351
(26, 8)
(38, 8)
(56, 8)
[1.31448043 0.72238346 0.96313611]
Classification: 1.0 0.921875 352
(26, 8)
(38, 8)
(56, 8)
[1.3638805  0.73027961 0.90583989]
Classification: 1.0 0.921875 353
(26, 8)
(38, 8)
(56, 8)
[1.2886086  0.72928729 0.98210411]
Classification: 1.0 0.921875 354
(26, 8)
(38, 8)
(56, 8)
[1.28880547 0.71944719 0.99174734]
Classification: 1.0 0.921875 355
(26, 8)
(38, 8)
(56, 8)
[1.26232449 0.78250441 0.9551711 ]
Classification: 1.0 0.921875 356
(26, 8)
(38, 8)
(56, 8)
[1.31503277 0.70255487 0.98241236]
Classification: 1.0 0.921875 357
(26, 8)
(38, 8)
(56, 8)
[1.35456144 0.69351925 0.95191931]
Classification: 1.0 0.921875 358
(26, 8)
(38, 8)
(56, 8)
[1.37297107 0.71178334 0.91524559]
Classification: 1.0 0.921875 359
(26, 8)
(38, 8)
(56, 8)
[1.3593902  0.73328482 0.90732498]
Classification: 1.0 0.921875 360
(26, 8)
(38, 8)
(56, 8)
[1.34962797 0.73642861 0.91394342]
Classification: 1.0 0.921875 361
(26, 8)
(38, 8)
(56, 8)
[1.32039006 0.76780027 0.91180967]
Classification: 1.0 0.921875 362
(26, 8)
(38, 8)
(56, 8)
[1.30219868 0.72181922 0.9759821 ]
Classification: 1.0 0.921875 363
(26, 8)
(38, 8)
(56, 8)
[1.20458694 0.77216014 1.02325292]
Classification: 1.0 0.921875 364
(26, 8)
(38, 8)
(56, 8)
[1.28081101 0.67391311 1.04527588]
Classification: 1.0 0.921875 365
(26, 8)
(38, 8)
(56, 8)
[1.28963155 0.71738639 0.99298206]
Classification: 1.0 0.921875 366
(26, 8)
(38, 8)
(56, 8)
[1.33114086 0.71429523 0.95456391]
Classification: 1.0 0.921875 367
(26, 8)
(38, 8)
(56, 8)
[1.32595073 0.66845035 1.00559892]
Classification: 1.0 0.921875 368
(26, 8)
(38, 8)
(56, 8)
[1.33102683 0.67763615 0.99133702]
Classification: 1.0 0.921875 369
(26, 8)
(38, 8)
(56, 8)
[1.22254214 0.7233936  1.05406426]
Classification: 1.0 0.91875 370
(26, 8)
(38, 8)
(56, 8)
[1.21033804 0.7775884  1.01207356]
Classification: 1.0 0.921875 371
(26, 8)
(38, 8)
(56, 8)
[1.25598229 0.70864526 1.03537245]
Classification: 1.0 0.921875 372
(26, 8)
(38, 8)
(56, 8)
[1.19578595 0.73943092 1.06478313]
Classification: 1.0 0.921875 373
(26, 8)
(38, 8)
(56, 8)
[1.25921684 0.77397689 0.96680627]
Classification: 1.0 0.921875 374
(26, 8)
(38, 8)
(56, 8)
[1.27531381 0.73515514 0.98953104]
Classification: 1.0 0.921875 375
(26, 8)
(38, 8)
(56, 8)
[1.34862604 0.75325664 0.89811732]
Classification: 1.0 0.921875 376
(26, 8)
(38, 8)
(56, 8)
[1.21867626 0.78964739 0.99167635]
Classification: 1.0 0.921875 377
(26, 8)
(38, 8)
(56, 8)
[1.29252016 0.76686688 0.94061296]
Classification: 1.0 0.921875 378
(26, 8)
(38, 8)
(56, 8)
[1.34201141 0.71451501 0.94347357]
Classification: 1.0 0.921875 379
(26, 8)
(38, 8)
(56, 8)
[1.25601986 0.803726   0.94025414]
Classification: 1.0 0.921875 380
(26, 8)
(38, 8)
(56, 8)
[1.29966521 0.75517319 0.9451616 ]
Classification: 1.0 0.921875 381
(26, 8)
(38, 8)
(56, 8)
[1.30783724 0.74884318 0.94331957]
Classification: 1.0 0.921875 382
(26, 8)
(38, 8)
(56, 8)
[1.28067242 0.7702935  0.94903407]
Classification: 1.0 0.921875 383
(26, 8)
(38, 8)
(56, 8)
[1.31091784 0.74716947 0.94191269]
Classification: 1.0 0.921875 384
(26, 8)
(38, 8)
(56, 8)
[1.30758561 0.70112244 0.99129195]
Classification: 1.0 0.921875 385
(26, 8)
(38, 8)
(56, 8)
[1.27001769 0.70565591 1.0243264 ]
Classification: 1.0 0.921875 386
(26, 8)
(38, 8)
(56, 8)
[1.25712115 0.74400147 0.99887737]
Classification: 1.0 0.921875 387
(26, 8)
(38, 8)
(56, 8)
[1.27025592 0.76880745 0.96093663]
Classification: 1.0 0.91875 388
(26, 8)
(38, 8)
(56, 8)
[1.25633281 0.77155526 0.97211193]
Classification: 1.0 0.921875 389
(26, 8)
(38, 8)
(56, 8)
[1.29881288 0.71122971 0.98995741]
Classification: 1.0 0.921875 390
(26, 8)
(38, 8)
(56, 8)
[1.19816344 0.73985097 1.06198559]
Classification: 1.0 0.921875 391
(26, 8)
(38, 8)
(56, 8)
[1.25876949 0.72105465 1.02017586]
Classification: 1.0 0.921875 392
(26, 8)
(38, 8)
(56, 8)
[1.23696614 0.74533086 1.017703  ]
Classification: 1.0 0.921875 393
(26, 8)
(38, 8)
(56, 8)
[1.27066686 0.74377141 0.98556173]
Classification: 1.0 0.921875 394
(26, 8)
(38, 8)
(56, 8)
[1.197445   0.72125036 1.08130464]
Classification: 1.0 0.921875 395
(26, 8)
(38, 8)
(56, 8)
[1.15327238 0.8101638  1.03656382]
Classification: 1.0 0.921875 396
(26, 8)
(38, 8)
(56, 8)
[1.1894866  0.78644536 1.02406804]
Classification: 1.0 0.91875 397
(26, 8)
(38, 8)
(56, 8)
[1.18199822 0.78055689 1.0374449 ]
Classification: 1.0 0.91875 398
(26, 8)
(38, 8)
(56, 8)
[1.16847506 0.82548848 1.00603647]
Classification: 1.0 0.921875 399
(26, 8)
(38, 8)
(56, 8)
[1.21675425 0.83883823 0.94440752]
Classification: 1.0 0.921875 400
(26, 8)
(38, 8)
(56, 8)
[1.13510591 0.85687878 1.00801531]
Classification: 1.0 0.91875 401
(26, 8)
(38, 8)
(56, 8)
[1.20443334 0.85351889 0.94204777]
Classification: 1.0 0.921875 402
(26, 8)
(38, 8)
(56, 8)
[1.20551096 0.8325046  0.96198444]
Classification: 1.0 0.91875 403
(26, 8)
(38, 8)
(56, 8)
[1.19188575 0.85424511 0.95386914]
Classification: 1.0 0.91875 404
(26, 8)
(38, 8)
(56, 8)
[1.20352282 0.84173343 0.95474375]
Classification: 1.0 0.921875 405
(26, 8)
(38, 8)
(56, 8)
[1.22436576 0.79640127 0.97923297]
Classification: 1.0 0.91875 406
(26, 8)
(38, 8)
(56, 8)
[1.30857421 0.76822861 0.92319718]
Classification: 1.0 0.921875 407
(26, 8)
(38, 8)
(56, 8)
[1.24091249 0.80466494 0.95442258]
Classification: 1.0 0.91875 408
(26, 8)
(38, 8)
(56, 8)
[1.22869532 0.79060762 0.98069706]
Classification: 1.0 0.921875 409
(26, 8)
(38, 8)
(56, 8)
[1.22655789 0.7973772  0.97606492]
Classification: 1.0 0.921875 410
(26, 8)
(38, 8)
(56, 8)
[1.20200199 0.81140489 0.98659312]
Classification: 1.0 0.921875 411
(26, 8)
(38, 8)
(56, 8)
[1.25483719 0.79518175 0.94998106]
Classification: 1.0 0.921875 412
(26, 8)
(38, 8)
(56, 8)
[1.21417951 0.83442072 0.95139977]
Classification: 1.0 0.921875 413
(26, 8)
(38, 8)
(56, 8)
[1.2494776  0.82720422 0.92331818]
Classification: 1.0 0.921875 414
(26, 8)
(38, 8)
(56, 8)
[1.19173853 0.83488778 0.97337368]
Classification: 1.0 0.91875 415
(26, 8)
(38, 8)
(56, 8)
[1.21789499 0.82514965 0.95695536]
Classification: 1.0 0.921875 416
(26, 8)
(38, 8)
(56, 8)
[1.22519448 0.81974726 0.95505825]
Classification: 1.0 0.921875 417
(26, 8)
(38, 8)
(56, 8)
[1.22359841 0.80242535 0.97397624]
Classification: 1.0 0.91875 418
(26, 8)
(38, 8)
(56, 8)
[1.17021821 0.86700253 0.96277926]
Classification: 1.0 0.91875 419
(26, 8)
(38, 8)
(56, 8)
[1.17800791 0.82288896 0.99910313]
Classification: 1.0 0.921875 420
(26, 8)
(38, 8)
(56, 8)
[1.2348168  0.84523079 0.91995242]
Classification: 1.0 0.91875 421
(26, 8)
(38, 8)
(56, 8)
[1.24320746 0.81097368 0.94581886]
Classification: 1.0 0.921875 422
(26, 8)
(38, 8)
(56, 8)
[1.21026597 0.86169335 0.92804068]
Classification: 1.0 0.921875 423
(26, 8)
(38, 8)
(56, 8)
[1.26268672 0.79998844 0.93732484]
Classification: 1.0 0.91875 424
(26, 8)
(38, 8)
(56, 8)
[1.2481038  0.80986181 0.94203438]
Classification: 1.0 0.91875 425
(26, 8)
(38, 8)
(56, 8)
[1.21938266 0.80167548 0.97894186]
Classification: 1.0 0.91875 426
(26, 8)
(38, 8)
(56, 8)
[1.1921759  0.85006447 0.95775963]
Classification: 1.0 0.915625 427
(26, 8)
(38, 8)
(56, 8)
[1.22036553 0.77455822 1.00507624]
Classification: 1.0 0.91875 428
(26, 8)
(38, 8)
(56, 8)
/mnt/data/user_liangzhiyu/envs/fedcsl/lib/python3.8/site-packages/scipy/__init__.py:146: UserWarning: A NumPy version >=1.16.5 and <1.23.0 is required for this version of SciPy (detected version 1.23.5
  warnings.warn(f"A NumPy version >={np_minversion} and <{np_maxversion}"
/mnt/data/user_liangzhiyu/envs/fedcsl/lib/python3.8/site-packages/tslearn/bases/bases.py:15: UserWarning: h5py not installed, hdf5 features will not be supported.
Install h5py to use hdf5 features: http://docs.h5py.org/
  warn(h5py_msg)
/mnt/data/user_liangzhiyu/lixiongfei/CSL-main/train.py:392: UserWarning: Creating a tensor from a list of numpy.ndarrays is extremely slow. Please consider converting the list to a single numpy.ndarray with numpy.array() before converting to a tensor. (Triggered internally at /opt/conda/conda-bld/pytorch_1724789259345/work/torch/csrc/utils/tensor_new.cpp:278.)
  X = torch.tensor(X, dtype=torch.float).contiguous()
[1.20493239 0.84984129 0.94522632]
Classification: 1.0 0.91875 429
(26, 8)
(38, 8)
(56, 8)
[1.25103838 0.86028555 0.88867607]
Classification: 1.0 0.921875 430
(26, 8)
(38, 8)
(56, 8)
[1.24843304 0.85163984 0.89992712]
Classification: 1.0 0.91875 431
(26, 8)
(38, 8)
(56, 8)
[1.2049157  0.82645189 0.96863241]
Classification: 1.0 0.91875 432
(26, 8)
(38, 8)
(56, 8)
[1.20811173 0.78126393 1.01062434]
Classification: 1.0 0.921875 433
(26, 8)
(38, 8)
(56, 8)
[1.2811072  0.78794101 0.93095179]
Classification: 1.0 0.91875 434
(26, 8)
(38, 8)
(56, 8)
[1.21285497 0.79610423 0.99104081]
Classification: 1.0 0.915625 435
(26, 8)
(38, 8)
(56, 8)
[1.22807921 0.78893486 0.98298593]
Classification: 1.0 0.91875 436
(26, 8)
(38, 8)
(56, 8)
[1.1851126  0.82098974 0.99389765]
Classification: 1.0 0.91875 437
(26, 8)
(38, 8)
(56, 8)
[1.21156134 0.83350711 0.95493155]
Classification: 1.0 0.921875 438
(26, 8)
(38, 8)
(56, 8)
[1.16559256 0.87079731 0.96361013]
Classification: 1.0 0.921875 439
(26, 8)
(38, 8)
(56, 8)
[1.1478687 0.8636501 0.9884812]
Classification: 1.0 0.921875 440
(26, 8)
(38, 8)
(56, 8)
[1.14709743 0.85026609 1.00263648]
Classification: 1.0 0.921875 441
(26, 8)
(38, 8)
(56, 8)
[1.21699939 0.82001323 0.96298739]
Classification: 1.0 0.921875 442
(26, 8)
(38, 8)
(56, 8)
[1.22524325 0.83070379 0.94405297]
Classification: 1.0 0.921875 443
(26, 8)
(38, 8)
(56, 8)
[1.20728054 0.84574002 0.94697943]
Classification: 1.0 0.915625 444
(26, 8)
(38, 8)
(56, 8)
[1.14528342 0.86847444 0.98624214]
Classification: 1.0 0.921875 445
(26, 8)
(38, 8)
(56, 8)
[1.13323377 0.88301952 0.98374671]
Classification: 1.0 0.921875 446
(26, 8)
(38, 8)
(56, 8)
[1.12893257 0.89194031 0.97912712]
Classification: 1.0 0.91875 447
(26, 8)
(38, 8)
(56, 8)
[1.10638739 0.84086418 1.05274842]
Classification: 1.0 0.921875 448
(26, 8)
(38, 8)
(56, 8)
[1.1734553  0.86971649 0.95682821]
Classification: 1.0 0.921875 449
(26, 8)
(38, 8)
(56, 8)
[1.10549733 0.94024777 0.9542549 ]
Classification: 1.0 0.921875 450
(26, 8)
(38, 8)
(56, 8)
[1.15615792 0.87722631 0.96661577]
Classification: 1.0 0.91875 451
(26, 8)
(38, 8)
(56, 8)
[1.19016261 0.89303535 0.91680204]
Classification: 1.0 0.91875 452
(26, 8)
(38, 8)
(56, 8)
[1.21787179 0.81584875 0.96627946]
Classification: 1.0 0.921875 453
(26, 8)
(38, 8)
(56, 8)
[1.19130607 0.88358077 0.92511316]
Classification: 1.0 0.915625 454
(26, 8)
(38, 8)
(56, 8)
[1.19006346 0.88898169 0.92095485]
Classification: 1.0 0.91875 455
(26, 8)
(38, 8)
(56, 8)
[1.19587181 0.85880156 0.94532663]
Classification: 1.0 0.915625 456
(26, 8)
(38, 8)
(56, 8)
[1.14075084 0.87326759 0.98598157]
Classification: 1.0 0.915625 457
(26, 8)
(38, 8)
(56, 8)
[1.09383775 0.92382584 0.98233641]
Classification: 1.0 0.915625 458
(26, 8)
(38, 8)
(56, 8)
[1.10159043 0.92874678 0.96966279]
Classification: 1.0 0.915625 459
(26, 8)
(38, 8)
(56, 8)
[1.12771737 0.86771645 1.00456618]
Classification: 1.0 0.91875 460
(26, 8)
(38, 8)
(56, 8)
[1.17656926 0.92125816 0.90217259]
Classification: 1.0 0.921875 461
(26, 8)
(38, 8)
(56, 8)
[1.14289995 0.91817995 0.9389201 ]
Classification: 1.0 0.91875 462
(26, 8)
(38, 8)
(56, 8)
[1.17495899 0.87886374 0.94617727]
Classification: 1.0 0.91875 463
(26, 8)
(38, 8)
(56, 8)
[1.10690213 0.91913257 0.9739653 ]
Classification: 1.0 0.91875 464
(26, 8)
(38, 8)
(56, 8)
[1.1264537  0.90201159 0.97153471]
Classification: 1.0 0.91875 465
(26, 8)
(38, 8)
(56, 8)
[1.12385225 0.90006139 0.97608636]
Classification: 1.0 0.91875 466
(26, 8)
(38, 8)
(56, 8)
[1.16236685 0.86875802 0.96887513]
Classification: 1.0 0.91875 467
(26, 8)
(38, 8)
(56, 8)
[1.18132643 0.86284184 0.95583173]
Classification: 1.0 0.91875 468
(26, 8)
(38, 8)
(56, 8)
[1.20501666 0.87299579 0.92198756]
Classification: 1.0 0.921875 469
(26, 8)
(38, 8)
(56, 8)
[1.20134831 0.84811887 0.95053282]
Classification: 1.0 0.921875 470
(26, 8)
(38, 8)
(56, 8)
[1.15927333 0.88345856 0.95726811]
Classification: 1.0 0.915625 471
(26, 8)
(38, 8)
(56, 8)
[1.16709284 0.90497492 0.92793224]
Classification: 1.0 0.921875 472
(26, 8)
(38, 8)
(56, 8)
[1.17706824 0.84492351 0.97800824]
Classification: 1.0 0.91875 473
(26, 8)
(38, 8)
(56, 8)
[1.19628787 0.86979765 0.93391447]
Classification: 1.0 0.91875 474
(26, 8)
(38, 8)
(56, 8)
[1.12591624 0.8837326  0.99035117]
Classification: 1.0 0.91875 475
(26, 8)
(38, 8)
(56, 8)
[1.14016052 0.88614662 0.97369286]
Classification: 1.0 0.921875 476
(26, 8)
(38, 8)
(56, 8)
[1.20121845 0.87054809 0.92823346]
Classification: 1.0 0.921875 477
(26, 8)
(38, 8)
(56, 8)
[1.20248449 0.82809074 0.96942477]
Classification: 1.0 0.91875 478
(26, 8)
(38, 8)
(56, 8)
[1.18864312 0.80642324 1.00493364]
Classification: 1.0 0.91875 479
(26, 8)
(38, 8)
(56, 8)
[1.12629337 0.88820913 0.9854975 ]
Classification: 1.0 0.91875 480
(26, 8)
(38, 8)
(56, 8)
[1.19850052 0.82038351 0.98111597]
Classification: 1.0 0.91875 481
(26, 8)
(38, 8)
(56, 8)
[1.23860523 0.80021519 0.96117958]
Classification: 1.0 0.91875 482
(26, 8)
(38, 8)
(56, 8)
[1.1851636  0.82094758 0.99388882]
Classification: 1.0 0.921875 483
(26, 8)
(38, 8)
(56, 8)
[1.22085113 0.7873444  0.99180447]
Classification: 1.0 0.921875 484
(26, 8)
(38, 8)
(56, 8)
[1.17659403 0.81431911 1.00908687]
Classification: 1.0 0.915625 485
(26, 8)
(38, 8)
(56, 8)
[1.18433814 0.84286773 0.97279413]
Classification: 1.0 0.91875 486
(26, 8)
(38, 8)
(56, 8)
[1.18466496 0.86470188 0.95063316]
Classification: 1.0 0.91875 487
(26, 8)
(38, 8)
(56, 8)
[1.18888641 0.87469261 0.93642098]
Classification: 1.0 0.91875 488
(26, 8)
(38, 8)
(56, 8)
[1.28111319 0.82847261 0.8904142 ]
Classification: 1.0 0.91875 489
(26, 8)
(38, 8)
(56, 8)
[1.19004509 0.9125253  0.89742961]
Classification: 1.0 0.91875 490
(26, 8)
(38, 8)
(56, 8)
[1.17572264 0.87950707 0.9447703 ]
Classification: 1.0 0.915625 491
(26, 8)
(38, 8)
(56, 8)
[1.23187334 0.83467026 0.9334564 ]
Classification: 1.0 0.91875 492
(26, 8)
(38, 8)
(56, 8)
[1.1911925  0.86824008 0.94056742]
Classification: 1.0 0.91875 493
(26, 8)
(38, 8)
(56, 8)
[1.17941641 0.908302   0.91228159]
Classification: 1.0 0.91875 494
(26, 8)
(38, 8)
(56, 8)
[1.17112366 0.85769191 0.97118443]
Classification: 1.0 0.915625 495
(26, 8)
(38, 8)
(56, 8)
[1.19954044 0.85239597 0.94806359]
Classification: 1.0 0.91875 496
(26, 8)
(38, 8)
(56, 8)
[1.22401002 0.85073699 0.92525298]
Classification: 1.0 0.91875 497
(26, 8)
(38, 8)
(56, 8)
[1.17081612 0.88692025 0.94226363]
Classification: 1.0 0.91875 498
(26, 8)
(38, 8)
(56, 8)
[1.24250619 0.85063281 0.906861  ]
Classification: 1.0 0.91875 499
best round is 44, acc is 0.937500
Model saved to ./checkpoint/UWaveGestureLibrary/2025-03-11-18_UWaveGestureLibrary_model.pt
